9.565620124340057373e-02,-1.486734002828598022e-01,-2.426650002598762512e-02,1.058980897068977356e-01,5.746036022901535034e-02,-2.033082395792007446e-02,8.446564525365829468e-02,-9.225576370954513550e-02,1.312108486890792847e-01,1.152998581528663635e-02,-5.635631829500198364e-02,1.178550198674201965e-01,-3.156136348843574524e-02,-2.985950373113155365e-02,1.541976928710937500e-01,1.794295734725892544e-03,-1.038779132068157196e-02,-6.846060603857040405e-02,-1.380420383065938950e-02,3.180788829922676086e-02,1.187473535537719727e-01,1.286001689732074738e-02,-1.795958578586578369e-01,-2.469395101070404053e-02,1.248262301087379456e-01,-1.147451922297477722e-01,-3.445893153548240662e-02,-7.941696047782897949e-02,-1.170443296432495117e-01,1.455441466532647610e-03,-5.061093345284461975e-02,2.623416669666767120e-02,-2.299805283546447754e-01,-7.577010989189147949e-02,1.871196180582046509e-01,1.809094659984111786e-02,6.831889622844755650e-04,-9.025809168815612793e-02,-7.914753258228302002e-02,3.193210065364837646e-02,-3.569236397743225098e-02,-4.309217259287834167e-02,-1.817634515464305878e-02,3.933373838663101196e-03,-4.596098139882087708e-02,1.287116110324859619e-01,-5.662363395094871521e-02,-2.594018820673227310e-03,9.390939027070999146e-02,-6.187019869685173035e-02,-1.041698306798934937e-01,2.692799456417560577e-02,-3.675232455134391785e-02,-7.008007913827896118e-02,-7.251878827810287476e-02,1.507329493761062622e-01,6.267516408115625381e-03,6.028798595070838928e-02,-1.266133338212966919e-01,5.095099285244941711e-02,5.505418777465820312e-02,1.087158620357513428e-01,4.310827329754829407e-02,9.980021975934505463e-03,7.883596234023571014e-03,1.099077835679054260e-01,2.983716083690524101e-03,-7.235442101955413818e-02,9.302654117345809937e-02,4.634506627917289734e-02,2.024362981319427490e-01,-6.935650855302810669e-02,-6.329447031021118164e-02,-3.822521120309829712e-02,1.023782491683959961e-01,7.500845938920974731e-02,1.483766455203294754e-02,-1.289818286895751953e-01,1.223655864596366882e-01,-7.123696058988571167e-02,3.860933007672429085e-03,1.575826108455657959e-01,2.513022162020206451e-02,-1.797854453325271606e-01,-3.362526744604110718e-02,1.269288212060928345e-01,5.307833664119243622e-03,1.404086011461913586e-03,1.145491749048233032e-01,-4.025049880146980286e-02,3.513440862298011780e-02,-1.334774401038885117e-02,1.432646345347166061e-02,1.481159776449203491e-01,5.571952555328607559e-03,-7.223170995712280273e-02,-3.005791641771793365e-02,-4.401989653706550598e-02,9.233864396810531616e-02,-8.327666670083999634e-03,-1.245092600584030151e-01,-1.656307280063629150e-01,1.569962203502655029e-01,5.069817882031202316e-03,4.285589978098869324e-02,5.623716488480567932e-02,-1.648284122347831726e-02,3.725929930806159973e-02,6.478157639503479004e-02,2.192469835281372070e-01,-6.731672585010528564e-02,3.065350465476512909e-02,-3.366555646061897278e-02,1.462269127368927002e-01,-1.181218847632408142e-01,9.459803253412246704e-02,1.625803671777248383e-02,-1.099232770502567291e-02,-1.345382928848266602e-01,1.433754861354827881e-01,8.154122531414031982e-02,-1.356416195631027222e-01,5.170253664255142212e-02,6.390843540430068970e-02,1.343916654586791992e-01,3.331204131245613098e-02,-7.352681457996368408e-02,5.890162289142608643e-02
8.526445925235748291e-02,-1.360719650983810425e-01,-4.448012635111808777e-02,8.249375969171524048e-02,5.799512565135955811e-02,-4.519049078226089478e-02,5.272212252020835876e-02,-1.256978809833526611e-01,1.605092287063598633e-01,-7.069934159517288208e-03,-6.034305691719055176e-02,9.968256205320358276e-02,-5.101273208856582642e-02,4.309039213694632053e-04,1.651178151369094849e-01,-5.349600687623023987e-02,-1.305869896896183491e-03,-7.305508852005004883e-02,-2.006742730736732483e-02,2.517980523407459259e-02,8.056543767452239990e-02,2.766984049230813980e-03,-1.694467812776565552e-01,-6.156239286065101624e-02,1.146340295672416687e-01,-1.070305183529853821e-01,-7.020095735788345337e-02,-5.954197049140930176e-02,-1.425169408321380615e-01,-7.565892883576452732e-04,-4.918490350246429443e-02,1.625092700123786926e-02,-2.042328864336013794e-01,-5.484107881784439087e-02,1.728540807962417603e-01,-1.065293420106172562e-02,2.810818143188953400e-02,-8.573136478662490845e-02,-5.188683420419692993e-02,8.360366919077932835e-04,-5.767446383833885193e-02,-9.164944291114807129e-02,-5.911745876073837280e-02,5.996454507112503052e-03,-1.454798411577939987e-02,9.506525844335556030e-02,-3.805515170097351074e-02,1.271695923060178757e-02,9.407728910446166992e-02,-7.195562869310379028e-02,-5.217875167727470398e-02,5.303724482655525208e-02,-7.180173695087432861e-02,-4.802167415618896484e-02,-6.989654898643493652e-02,2.053740322589874268e-01,1.902532391250133514e-02,1.039043068885803223e-01,-7.092203199863433838e-02,2.834854833781719208e-02,4.902465641498565674e-02,7.821436971426010132e-02,5.839597433805465698e-02,3.232484310865402222e-02,-1.739198155701160431e-02,9.674628078937530518e-02,6.715512834489345551e-03,-6.602095812559127808e-02,7.817506790161132812e-02,1.422644499689340591e-02,1.729314029216766357e-01,-3.077864274382591248e-02,-6.591622531414031982e-02,1.365356054157018661e-02,1.050572469830513000e-01,5.219084396958351135e-02,2.333839423954486847e-02,-8.901356905698776245e-02,1.526223868131637573e-01,-1.371822208166122437e-01,-1.453420519828796387e-02,1.934747248888015747e-01,-3.648241108749061823e-04,-1.642081439495086670e-01,-2.081650123000144958e-02,1.431319564580917358e-01,6.483899895101785660e-03,1.025986578315496445e-02,1.046093702316284180e-01,-1.799844391644001007e-02,-1.286121318116784096e-03,2.256436459720134735e-02,-1.900961622595787048e-03,1.615562289953231812e-01,8.483411744236946106e-03,-3.755553811788558960e-02,-5.547927320003509521e-02,-2.777340449392795563e-02,9.022045880556106567e-02,-6.218338385224342346e-03,-1.392175853252410889e-01,-1.131850704550743103e-01,1.749078184366226196e-01,4.803230054676532745e-03,4.984384775161743164e-02,5.385964363813400269e-02,-1.950166560709476471e-02,6.711793597787618637e-03,9.891025722026824951e-02,2.122636884450912476e-01,-9.134765714406967163e-02,2.406943775713443756e-02,-3.745630383491516113e-02,1.872974485158920288e-01,-9.478707611560821533e-02,7.245256751775741577e-02,1.626138761639595032e-02,-5.097680538892745972e-02,-1.125534623861312866e-01,1.736407876014709473e-01,4.915500432252883911e-02,-1.461901515722274780e-01,3.740349039435386658e-02,1.035806685686111450e-01,1.459998935461044312e-01,7.640687376260757446e-02,-5.607784166932106018e-02,-5.404895055107772350e-04
7.458604127168655396e-02,-1.931439638137817383e-01,1.042870525270700455e-02,1.013588532805442810e-01,4.318582266569137573e-02,-7.759626209735870361e-02,6.676921248435974121e-02,-5.146591737866401672e-02,1.778051108121871948e-01,-4.723256081342697144e-02,-6.429435312747955322e-02,5.966074392199516296e-02,-2.110965177416801453e-02,2.894530771300196648e-03,1.630691587924957275e-01,4.577034711837768555e-02,-2.197735942900180817e-02,-5.166011676192283630e-02,-4.845088114961981773e-04,-1.063666120171546936e-02,7.692670822143554688e-02,4.902833141386508942e-03,-1.794476807117462158e-01,-1.831816136837005615e-02,1.221873611211776733e-01,-1.220759376883506775e-01,-1.205396503210067749e-01,-3.840107470750808716e-02,-1.630114614963531494e-01,-3.300459682941436768e-02,-2.086033672094345093e-02,-4.616576805710792542e-02,-2.019509971141815186e-01,-8.297979086637496948e-02,2.108642905950546265e-01,-1.399561390280723572e-02,3.056989423930644989e-02,-1.042971536517143250e-01,-9.243267029523849487e-02,5.052771419286727905e-02,3.510088101029396057e-02,-2.485094964504241943e-02,-5.931577086448669434e-02,2.403348870575428009e-02,-2.986293658614158630e-02,8.503723889589309692e-02,-6.608508527278900146e-02,1.687651313841342926e-02,6.435006856918334961e-02,-3.925072029232978821e-02,-1.137803271412849426e-01,6.293805688619613647e-02,-2.802345901727676392e-02,-5.294418707489967346e-02,-5.560380965471267700e-02,2.157934308052062988e-01,-1.831341162323951721e-02,3.432949632406234741e-02,-1.052769944071769714e-01,1.765469089150428772e-02,4.797642678022384644e-02,1.159069687128067017e-01,3.442542627453804016e-02,-1.679233647882938385e-02,-8.645539171993732452e-03,1.259215474128723145e-01,-5.956075154244899750e-03,-4.267462342977523804e-02,7.180463522672653198e-02,-3.648554440587759018e-03,2.145348787307739258e-01,-1.399367954581975937e-02,-5.763147771358489990e-02,6.810978986322879791e-03,7.733888924121856689e-02,5.907165631651878357e-02,5.948347970843315125e-02,-1.268112957477569580e-01,9.983847290277481079e-02,-9.747961908578872681e-02,-3.021561075001955032e-03,1.755776107311248779e-01,-1.406627241522073746e-02,-1.541160494089126587e-01,-5.215028673410415649e-02,7.630489766597747803e-02,5.471270158886909485e-02,-5.089589953422546387e-02,9.941513091325759888e-02,-6.390977650880813599e-03,-2.022517472505569458e-02,1.079892506822943687e-03,-1.174554228782653809e-02,1.361056119203567505e-01,1.535393483936786652e-02,-5.880032479763031006e-02,-4.202713072299957275e-02,-4.627401474863290787e-03,8.923954516649246216e-02,-1.182389532914385200e-04,-9.513542801141738892e-02,-1.308761835098266602e-01,1.673946529626846313e-01,-1.431542821228504181e-02,5.844254791736602783e-02,7.201535999774932861e-02,-1.116873323917388916e-02,1.019304841756820679e-01,8.968631923198699951e-02,2.145868241786956787e-01,-7.849977910518646240e-02,4.301228001713752747e-02,-3.853217139840126038e-02,1.259885579347610474e-01,-1.110576093196868896e-01,4.360815510153770447e-02,1.948822289705276489e-02,-2.112753689289093018e-02,-1.369773000478744507e-01,1.342531591653823853e-01,6.882327049970626831e-02,-1.681001931428909302e-01,1.027510967105627060e-02,3.512415662407875061e-02,1.341603696346282959e-01,5.647103115916252136e-02,-9.728804975748062134e-02,3.292117267847061157e-02
6.384322047233581543e-02,-2.036351859569549561e-01,1.956475153565406799e-02,1.225809007883071899e-01,2.669896185398101807e-02,-5.437255650758743286e-02,5.014011263847351074e-02,-4.872560873627662659e-02,1.749347001314163208e-01,-1.296403259038925171e-02,-4.970959946513175964e-02,9.458953887224197388e-02,-3.001661039888858795e-02,-1.708213426172733307e-02,1.610751450061798096e-01,5.283009633421897888e-02,-4.472054913640022278e-02,-7.790937274694442749e-02,-2.682863920927047729e-02,-1.764123514294624329e-02,3.407689183950424194e-02,6.106644123792648315e-02,-1.665618568658828735e-01,-4.811226204037666321e-02,1.363414973020553589e-01,-8.322785049676895142e-02,-7.498734444379806519e-02,-3.006831556558609009e-02,-1.574772298336029053e-01,-1.850663102231919765e-03,-3.969701752066612244e-02,-2.808189950883388519e-02,-2.076653093099594116e-01,-2.123809978365898132e-02,2.240629047155380249e-01,-2.944302745163440704e-02,2.708357572555541992e-02,-1.275020390748977661e-01,-3.980904817581176758e-02,5.242971819825470448e-04,3.640806302428245544e-02,-3.738288208842277527e-02,-1.146137639880180359e-01,-2.634067088365554810e-03,-9.664541482925415039e-02,8.126772940158843994e-02,-7.731001079082489014e-02,2.899731975048780441e-03,7.420830428600311279e-02,1.336974557489156723e-02,-1.142592057585716248e-01,1.605935022234916687e-02,-4.450155794620513916e-02,-7.921516150236129761e-02,-5.908013507723808289e-02,1.663831174373626709e-01,-2.900465019047260284e-02,4.181282222270965576e-02,-1.016964837908744812e-01,3.703441098332405090e-02,1.621039398014545441e-02,1.067029610276222229e-01,7.569317519664764404e-02,1.595850661396980286e-02,-1.687785983085632324e-02,1.358696818351745605e-01,3.027801169082522392e-03,-2.577298879623413086e-02,1.083689853549003601e-01,-2.908444404602050781e-02,1.983354240655899048e-01,-3.900488093495368958e-02,-1.055947914719581604e-01,-3.506292402744293213e-02,5.327567458152770996e-02,4.443646967411041260e-02,3.763291984796524048e-03,-1.376398205757141113e-01,7.590796053409576416e-02,-4.626380279660224915e-02,4.175555333495140076e-02,1.570544093847274780e-01,1.548443455249071121e-02,-1.628069579601287842e-01,-7.329718023538589478e-02,8.424019813537597656e-02,3.535813838243484497e-02,-5.711334757506847382e-03,1.130944192409515381e-01,-5.462151393294334412e-02,-1.894393353722989559e-03,1.324243843555450439e-02,6.341627985239028931e-02,9.170751273632049561e-02,7.809843868017196655e-03,-8.129042387008666992e-02,2.253841812489554286e-04,-5.082000419497489929e-02,7.652343064546585083e-02,-3.350413218140602112e-02,-1.226667389273643494e-01,-1.550225168466567993e-01,1.558784544467926025e-01,-7.780142128467559814e-03,2.522156387567520142e-02,7.249274104833602905e-02,-2.920329198241233826e-02,1.256820559501647949e-01,6.276544183492660522e-02,1.947348713874816895e-01,-8.111963421106338501e-02,4.447145760059356689e-02,-4.105542227625846863e-02,1.354985088109970093e-01,-1.127226427197456360e-01,1.289001572877168655e-02,-5.637967959046363831e-03,2.612057700753211975e-02,-1.846074610948562622e-01,1.084284782409667969e-01,9.804851561784744263e-02,-1.249422878026962280e-01,2.553912810981273651e-02,5.472903326153755188e-02,1.838576495647430420e-01,-3.334888070821762085e-02,-5.195885524153709412e-02,-5.418761819601058960e-02
6.255612522363662720e-02,-2.106747925281524658e-01,5.447306111454963684e-02,1.374412626028060913e-01,1.693916879594326019e-02,-4.119737073779106140e-02,7.441966980695724487e-02,-4.489246383309364319e-02,1.489111185073852539e-01,-3.654680028557777405e-02,-3.747984394431114197e-02,8.044045418500900269e-02,3.165048360824584961e-02,-3.104932606220245361e-02,1.398487240076065063e-01,2.436987496912479401e-02,-3.695634752511978149e-02,-4.456765204668045044e-02,-4.950972646474838257e-02,1.402572356164455414e-02,3.022847324609756470e-02,5.789086595177650452e-02,-1.776552051305770874e-01,-2.637517824769020081e-02,1.146825626492500305e-01,-2.364679798483848572e-02,-1.134775429964065552e-01,-1.165967900305986404e-02,-1.250588297843933105e-01,-9.581908583641052246e-03,-1.585495658218860626e-02,-6.763490289449691772e-02,-1.769324243068695068e-01,-1.705355010926723480e-02,2.203706651926040649e-01,-4.975532647222280502e-04,-1.429003942757844925e-02,-6.811459362506866455e-02,-5.683045834302902222e-02,-2.378438785672187805e-02,9.275065362453460693e-02,-8.493360877037048340e-02,-8.284711092710494995e-02,-2.258494123816490173e-02,-8.269500732421875000e-02,1.032822504639625549e-01,-6.989029794931411743e-02,4.092110320925712585e-02,1.112549751996994019e-01,3.277163952589035034e-02,-1.472657024860382080e-01,2.237395197153091431e-02,6.613522768020629883e-03,-3.310022503137588501e-02,-8.149989694356918335e-02,1.954663395881652832e-01,-4.621917009353637695e-02,2.031674981117248535e-02,-1.020214930176734924e-01,-1.655729301273822784e-02,7.629593461751937866e-02,9.669652581214904785e-02,-3.202512487769126892e-02,9.356958791613578796e-03,-1.405320968478918076e-02,1.403846442699432373e-01,-1.158233825117349625e-02,-7.952401041984558105e-02,4.692807793617248535e-02,-4.252018034458160400e-02,2.047311067581176758e-01,-5.519324541091918945e-02,-3.520999476313591003e-02,-1.741713099181652069e-02,6.715314835309982300e-02,7.047514617443084717e-02,4.446469992399215698e-02,-1.015180125832557678e-01,6.006337329745292664e-02,-4.522209241986274719e-02,-2.306736260652542114e-02,2.072459161281585693e-01,-1.465970277786254883e-02,-1.365904211997985840e-01,-1.158754155039787292e-01,6.016799062490463257e-02,2.166904695332050323e-02,-3.680358454585075378e-02,8.155429363250732422e-02,-8.991570025682449341e-02,-4.136506840586662292e-02,-5.491240415722131729e-03,-1.299913227558135986e-02,1.217124015092849731e-01,1.085177250206470490e-02,-2.845875918865203857e-02,-1.654478348791599274e-02,1.344811078161001205e-02,6.023717299103736877e-02,-3.487569093704223633e-02,-4.054816067218780518e-02,-1.047913804650306702e-01,2.225836515426635742e-01,-2.715879492461681366e-02,4.373402521014213562e-02,6.529974192380905151e-02,-2.409027144312858582e-02,1.140324249863624573e-01,7.577386498451232910e-02,1.922376453876495361e-01,-2.369477972388267517e-02,5.078722164034843445e-02,-2.773945964872837067e-02,1.332748681306838989e-01,-1.078762486577033997e-01,4.232901707291603088e-02,-3.180045401677489281e-03,3.430490940809249878e-02,-2.143332511186599731e-01,1.252029687166213989e-01,1.307310014963150024e-01,-7.744612544775009155e-02,-4.595752432942390442e-02,8.641094714403152466e-02,1.911638081073760986e-01,-1.496208272874355316e-02,-1.150829941034317017e-01,-2.557128667831420898e-02
8.570850640535354614e-02,-2.634843885898590088e-01,3.944318369030952454e-02,9.764966368675231934e-02,4.284323379397392273e-02,-3.447973355650901794e-02,4.878474771976470947e-02,-4.428067803382873535e-02,1.109715476632118225e-01,-5.875061079859733582e-02,-2.694978006184101105e-02,9.485294669866561890e-02,-1.292844675481319427e-02,-1.864079199731349945e-02,1.385868489742279053e-01,1.412351280450820923e-01,-6.321795284748077393e-02,-5.701294541358947754e-02,-4.118425305932760239e-03,-7.146080955862998962e-03,1.853740960359573364e-02,2.729721367359161377e-02,-2.178610712289810181e-01,-3.392058610916137695e-02,9.445636719465255737e-02,-6.883132457733154297e-02,-8.145980536937713623e-02,-1.495089940726757050e-02,-9.771709144115447998e-02,-3.217846527695655823e-02,-5.657649785280227661e-02,-7.453988492488861084e-02,-1.263974606990814209e-01,-3.888531029224395752e-02,1.634897440671920776e-01,4.338786005973815918e-02,-2.838595025241374969e-02,-4.808228835463523865e-02,-8.600791543722152710e-02,-5.894921720027923584e-03,7.000160217285156250e-02,-8.248803764581680298e-02,-6.695703417062759399e-02,-1.717691682279109955e-02,-6.250108033418655396e-02,1.122395619750022888e-01,-6.329385191202163696e-02,-2.668510563671588898e-02,1.324377954006195068e-01,1.492859888821840286e-02,-1.277202665805816650e-01,4.073907434940338135e-02,1.965327747166156769e-02,-4.253588989377021790e-02,-1.105208471417427063e-01,2.063003331422805786e-01,1.530092023313045502e-02,1.690859906375408173e-02,-1.050638929009437561e-01,-1.161850802600383759e-02,3.025064431130886078e-02,7.588484138250350952e-02,4.888662602752447128e-03,6.453505158424377441e-02,-2.624540217220783234e-02,9.461563080549240112e-02,1.719382405281066895e-02,-6.446826457977294922e-02,2.688241750001907349e-02,-3.647742420434951782e-02,1.596659421920776367e-01,-3.000325337052345276e-02,-5.440634116530418396e-02,6.225093733519315720e-03,3.360842168331146240e-02,8.745124191045761108e-02,7.080585695803165436e-03,-9.686878323554992676e-02,1.038793548941612244e-01,-7.832886278629302979e-02,-1.212958712130784988e-02,1.627686619758605957e-01,-9.461926296353340149e-03,-1.799136102199554443e-01,-1.040664166212081909e-01,2.744683064520359039e-02,5.164583399891853333e-02,-5.278092250227928162e-02,4.960055276751518250e-02,-9.906417876482009888e-02,-3.263618052005767822e-02,-1.841989345848560333e-03,2.852317318320274353e-02,1.908726692199707031e-01,-2.588139660656452179e-02,-2.902224101126194000e-02,-2.347435057163238525e-02,-8.432420901954174042e-03,1.028450950980186462e-01,-1.659342646598815918e-02,-1.095133349299430847e-01,-1.304143220186233521e-01,1.696445643901824951e-01,-3.480919077992439270e-02,2.704195491969585419e-02,2.205446176230907440e-02,-2.504199184477329254e-02,1.228858530521392822e-01,6.320925801992416382e-02,2.307816445827484131e-01,-3.584479168057441711e-02,3.681438788771629333e-02,-2.213312312960624695e-02,7.467951625585556030e-02,-1.534242331981658936e-01,-3.148038312792778015e-02,2.964112721383571625e-02,4.709824174642562866e-02,-1.477534621953964233e-01,1.462015658617019653e-01,1.222216784954071045e-01,-1.279076486825942993e-01,-3.141189739108085632e-02,9.116076678037643433e-02,1.955879032611846924e-01,-2.723472379148006439e-02,-1.428088843822479248e-01,4.099681507796049118e-03
2.765912562608718872e-02,-2.277440726757049561e-01,-4.796688631176948547e-02,1.400185674428939819e-01,1.067848876118659973e-01,-6.804919987916946411e-02,6.382594257593154907e-02,-5.720634013414382935e-02,7.558443397283554077e-02,2.772354707121849060e-02,-1.792918145656585693e-02,1.135625988245010376e-01,-5.183363333344459534e-02,-5.020493268966674805e-02,1.009294018149375916e-01,7.921005040407180786e-02,-8.677960932254791260e-02,-9.437902271747589111e-02,-1.291468087583780289e-02,-1.361345220357179642e-02,-6.377169489860534668e-02,5.292651057243347168e-02,-1.650511175394058228e-01,-8.595436811447143555e-02,1.260572224855422974e-01,-6.341926753520965576e-02,-1.272729337215423584e-01,3.782271966338157654e-02,-8.952949196100234985e-02,-3.520464152097702026e-02,-5.156387761235237122e-02,-1.028585582971572876e-01,-1.500777602195739746e-01,-1.784111745655536652e-02,1.765961349010467529e-01,-7.745329290628433228e-02,-4.907905310392379761e-02,-8.774813264608383179e-02,-7.007003575563430786e-02,-3.493500873446464539e-02,-4.261381924152374268e-02,-1.160640567541122437e-01,-4.676952585577964783e-02,-4.037092998623847961e-02,-3.459459915757179260e-02,7.649138569831848145e-02,1.244393922388553619e-02,-2.105490071699023247e-03,9.905160963535308838e-02,-1.948338118381798267e-03,-1.327233761548995972e-01,4.033644869923591614e-02,-4.095267876982688904e-02,-3.839403018355369568e-02,-1.063985228538513184e-01,2.036977559328079224e-01,-2.288256026804447174e-02,9.648044407367706299e-02,-8.972655236721038818e-02,2.685598842799663544e-02,-1.013103779405355453e-02,9.956867992877960205e-02,-2.364678774029016495e-03,-9.148378856480121613e-03,-2.803285978734493256e-02,8.634227514266967773e-02,1.081405393779277802e-02,-3.499157726764678955e-02,5.200548470020294189e-02,-7.702736556529998779e-02,1.345747709274291992e-01,-1.187016293406486511e-01,-9.396723657846450806e-02,-7.176963984966278076e-02,4.555742070078849792e-02,2.743336837738752365e-03,6.441858410835266113e-02,-4.733056947588920593e-02,1.149521693587303162e-01,-7.873409241437911987e-02,1.719355583190917969e-02,1.733551770448684692e-01,3.914023190736770630e-02,-7.911773771047592163e-02,-1.069055199623107910e-01,-5.294527858495712280e-03,2.411027811467647552e-02,3.668752033263444901e-03,4.121908172965049744e-02,-4.967704415321350098e-02,-9.358705580234527588e-02,2.963044680655002594e-02,1.686549745500087738e-02,1.877633035182952881e-01,-2.964567020535469055e-02,-3.295493498444557190e-02,-1.062316447496414185e-02,-1.362864021211862564e-02,1.100243553519248962e-01,-5.880050733685493469e-02,-8.398039638996124268e-02,-1.765123605728149414e-01,2.040692716836929321e-01,-9.298673248849809170e-04,9.287280030548572540e-03,4.647284001111984253e-02,-2.979709953069686890e-02,6.855624169111251831e-02,1.075811237096786499e-01,2.266541570425033569e-01,-2.817193511873483658e-03,-1.262997835874557495e-02,7.087336480617523193e-02,1.537276357412338257e-01,-1.275557875633239746e-01,-1.636404916644096375e-02,6.560865044593811035e-02,-2.259574271738529205e-02,-1.676724702119827271e-01,1.916002631187438965e-01,3.084179759025573730e-02,-1.011402085423469543e-01,-4.143733531236648560e-02,7.032799720764160156e-02,1.516497433185577393e-01,1.596643403172492981e-02,-9.819260984659194946e-02,-7.862512022256851196e-03
1.967230439186096191e-02,-1.823205500841140747e-01,-2.414809307083487511e-03,1.470824331045150757e-01,1.065244898200035095e-01,-2.352713420987129211e-02,8.362638950347900391e-02,-1.187954023480415344e-01,6.737539172172546387e-02,3.453040868043899536e-02,-5.965389311313629150e-02,1.309660375118255615e-01,-6.747321784496307373e-02,1.980279758572578430e-02,1.567899435758590698e-01,1.019224151968955994e-01,-8.324865996837615967e-02,-8.602023869752883911e-02,-5.494618788361549377e-02,-2.666494995355606079e-02,-5.155615136027336121e-02,8.089330792427062988e-02,-1.807009279727935791e-01,-1.018424183130264282e-01,1.177326962351799011e-01,-1.288101822137832642e-01,-8.939492702484130859e-02,4.810586571693420410e-02,-8.939544111490249634e-02,-2.270046621561050415e-02,-5.692574381828308105e-02,-1.162328049540519714e-01,-1.633518934249877930e-01,-4.784326627850532532e-02,1.745585352182388306e-01,-1.127116605639457703e-01,-1.575958169996738434e-02,-7.645637542009353638e-02,-1.177118420600891113e-01,1.685771718621253967e-02,-3.671758621931076050e-02,-1.298334151506423950e-01,1.424583978950977325e-02,6.937121972441673279e-03,1.029235403984785080e-02,6.685675680637359619e-02,3.703612461686134338e-02,-3.304119408130645752e-02,5.402698740363121033e-02,6.882332265377044678e-03,-1.051638722419738770e-01,2.212443388998508453e-02,1.905209384858608246e-02,7.761823013424873352e-03,-1.439627110958099365e-01,1.450025290250778198e-01,-6.107164546847343445e-02,3.092237561941146851e-02,-9.890807420015335083e-02,-1.021276507526636124e-02,8.574455231428146362e-02,1.108132079243659973e-01,-5.504706501960754395e-02,-3.047329373657703400e-03,-1.102805510163307190e-02,2.172111161053180695e-02,-4.102731496095657349e-02,-6.729921698570251465e-02,1.300077140331268311e-01,-3.193632140755653381e-02,1.062192171812057495e-01,-1.258110404014587402e-01,-9.508057683706283569e-02,-8.991486579179763794e-02,1.679558074101805687e-03,-6.490069441497325897e-03,1.404882967472076416e-01,-7.639151811599731445e-02,1.078027933835983276e-01,-1.179222390055656433e-02,4.203941673040390015e-02,1.721375286579132080e-01,3.972890973091125488e-02,-5.529342591762542725e-02,-1.046027764678001404e-01,3.829285129904747009e-02,2.018249221146106720e-02,-5.502946674823760986e-03,1.144667714834213257e-01,-1.155587285757064819e-01,-9.702227264642715454e-02,2.460312657058238983e-02,-1.542059984058141708e-02,1.719642579555511475e-01,-6.324380170553922653e-03,-1.088452804833650589e-02,-1.720658270642161369e-03,-5.262976884841918945e-02,6.848257780075073242e-02,-7.950847595930099487e-02,-1.247627213597297668e-01,-1.106733977794647217e-01,1.299373507499694824e-01,-1.701873913407325745e-02,2.011197991669178009e-02,6.416209787130355835e-02,-6.226582452654838562e-02,3.477099910378456116e-02,1.214307025074958801e-01,2.095298320055007935e-01,-7.974234223365783691e-02,-2.293221419677138329e-03,6.462414562702178955e-02,1.231567710638046265e-01,-1.026762276887893677e-01,7.335984706878662109e-02,5.896012112498283386e-02,-2.266569063067436218e-02,-1.627784967422485352e-01,1.482153832912445068e-01,3.726831823587417603e-02,-8.099626749753952026e-02,3.539577499032020569e-02,8.615969121456146240e-02,1.727122664451599121e-01,4.819208011031150818e-02,-5.328353121876716614e-02,5.347029492259025574e-02
8.298337459564208984e-02,-1.525684297084808350e-01,-4.379438981413841248e-02,1.903422921895980835e-01,8.852967619895935059e-02,4.170783236622810364e-02,1.015285551548004150e-01,-7.214293628931045532e-02,8.004194498062133789e-02,7.666686177253723145e-02,-1.125043481588363647e-01,1.315858364105224609e-01,-4.511209577322006226e-02,4.652882367372512817e-02,1.039294376969337463e-01,6.731941550970077515e-02,-9.313959628343582153e-02,-1.097677797079086304e-01,-6.432688981294631958e-02,-1.693959906697273254e-02,-1.580937393009662628e-02,7.773371785879135132e-02,-1.995272189378738403e-01,-1.302990019321441650e-01,1.189746931195259094e-01,-1.478440761566162109e-01,-6.716339290142059326e-02,2.272765232191886753e-05,-1.239959448575973511e-01,5.637387186288833618e-02,-7.265892624855041504e-02,-9.703112393617630005e-02,-1.228767707943916321e-01,-6.273338943719863892e-02,1.305659711360931396e-01,-6.519833207130432129e-02,2.641720697283744812e-02,2.003067173063755035e-02,-5.289416015148162842e-02,-2.239290159195661545e-03,-7.122374325990676880e-02,-1.388645172119140625e-01,7.338850200176239014e-02,-3.100569732487201691e-02,-6.378993391990661621e-02,5.588184297084808350e-02,7.111540436744689941e-02,-1.055837608873844147e-02,2.029567025601863861e-02,-4.599746316671371460e-02,-1.057297363877296448e-01,9.056553244590759277e-03,5.620218813419342041e-02,-7.551887072622776031e-03,-1.165034025907516479e-01,2.010418176651000977e-01,-6.006562709808349609e-02,5.003613978624343872e-02,-1.221279129385948181e-01,1.555026625283062458e-03,1.227760985493659973e-01,1.258403956890106201e-01,-1.110825240612030029e-01,-2.500656619668006897e-02,-1.221129577606916428e-02,2.520040608942508698e-03,-5.792627483606338501e-02,-4.731645435094833374e-02,1.199925169348716736e-01,2.791381254792213440e-02,7.399678230285644531e-02,-9.325526654720306396e-02,-9.841946512460708618e-02,-6.466898322105407715e-02,5.829127877950668335e-02,-1.257215626537799835e-02,9.489246457815170288e-02,-7.300668954849243164e-02,1.162671074271202087e-01,2.918177284300327301e-02,3.918662667274475098e-02,1.723313331604003906e-01,4.543162137269973755e-02,-7.180435955524444580e-02,-1.227608770132064819e-01,-9.712204337120056152e-03,4.301324114203453064e-02,1.077816542237997055e-02,7.578442990779876709e-02,-1.136211827397346497e-01,-1.107373759150505066e-01,-2.480651997029781342e-02,-2.949154749512672424e-02,1.702856719493865967e-01,-3.470868617296218872e-02,2.976493351161479950e-02,1.194340270012617111e-02,-1.078983489423990250e-02,6.082678213715553284e-02,-6.328955292701721191e-02,-8.113310486078262329e-02,-1.501168608665466309e-01,9.897991269826889038e-02,-3.049570135772228241e-02,1.482599228620529175e-02,7.632666826248168945e-02,-5.965025722980499268e-02,1.617911830544471741e-02,1.352280974388122559e-01,7.712334394454956055e-02,-1.017173230648040771e-01,8.297905325889587402e-02,6.750881671905517578e-02,7.840533554553985596e-02,-1.346839964389801025e-01,8.498308062553405762e-02,6.645018607378005981e-02,1.758974976837635040e-03,-1.527596265077590942e-01,1.680236905813217163e-01,4.745766054838895798e-03,-1.302602887153625488e-01,6.530676037073135376e-02,7.816767692565917969e-02,1.622438728809356689e-01,1.018896847963333130e-01,-2.700265124440193176e-02,5.758361145853996277e-02
8.692952990531921387e-02,-1.783795356750488281e-01,-3.368880972266197205e-02,1.393812149763107300e-01,7.107117772102355957e-02,-1.647875271737575531e-02,5.931631848216056824e-02,-4.037192836403846741e-02,7.029478251934051514e-02,9.797407686710357666e-02,-1.057454720139503479e-01,1.435675919055938721e-01,-2.173913083970546722e-02,-2.088724263012409210e-02,1.052941158413887024e-01,1.280929446220397949e-01,-4.987290874123573303e-02,-1.004777327179908752e-01,2.751894528046250343e-03,-4.407237097620964050e-02,-1.558907702565193176e-02,5.336169898509979248e-02,-1.846665143966674805e-01,-1.380599290132522583e-01,1.182787865400314331e-01,-1.546977609395980835e-01,-1.354346275329589844e-01,-3.024762496352195740e-03,-1.160097122192382812e-01,9.946319274604320526e-03,-3.561493381857872009e-02,-3.925843909382820129e-02,-1.413083523511886597e-01,-6.971968710422515869e-02,1.164609268307685852e-01,-5.816981196403503418e-02,3.700155019760131836e-02,3.784074797295033932e-04,-4.839663580060005188e-02,1.674103178083896637e-02,-7.628190517425537109e-02,-9.130100160837173462e-02,2.070744708180427551e-02,-7.961436174809932709e-03,-5.677333101630210876e-02,7.751327939331531525e-03,4.511053860187530518e-02,-4.070538282394409180e-02,8.248776197433471680e-02,-3.894129395484924316e-02,-1.463717520236968994e-01,7.097315974533557892e-03,1.969497278332710266e-02,3.321942640468478203e-03,-1.342419385910034180e-01,1.851354688405990601e-01,-5.097361654043197632e-02,9.151362627744674683e-02,-5.290799960494041443e-02,8.269964717328548431e-03,3.913124278187751770e-02,3.339410573244094849e-02,-9.288279712200164795e-02,-1.786495000123977661e-02,5.259019881486892700e-02,7.983253896236419678e-02,-4.107060655951499939e-02,-3.100727684795856476e-02,4.192249476909637451e-02,-1.991038396954536438e-02,1.481443047523498535e-01,-8.348464965820312500e-02,-1.057842969894409180e-01,-9.649648517370223999e-02,3.624537587165832520e-02,-9.201483428478240967e-02,8.900161832571029663e-02,-1.193094700574874878e-01,1.113091260194778442e-01,-5.134564638137817383e-02,4.101790115237236023e-02,1.832340955734252930e-01,2.213483490049839020e-02,-1.050970405340194702e-01,-1.257115006446838379e-01,-2.156013995409011841e-02,-4.779759794473648071e-03,1.561783812940120697e-02,8.074162900447845459e-02,-7.076568156480789185e-02,-1.014129891991615295e-01,-1.471495628356933594e-02,-2.452806010842323303e-02,1.831864863634109497e-01,-4.116516187787055969e-02,-7.172825746238231659e-03,3.414792940020561218e-02,-4.936136305332183838e-02,7.603470236063003540e-02,-1.005046665668487549e-01,-4.964843019843101501e-02,-1.291307210922241211e-01,2.112801820039749146e-01,-2.179116010665893555e-02,4.147963225841522217e-02,9.571505337953567505e-02,-6.324805319309234619e-02,7.378543913364410400e-02,1.309140771627426147e-01,1.314007639884948730e-01,-5.386653915047645569e-02,6.172263249754905701e-02,4.048043489456176758e-02,1.105019450187683105e-01,-1.101673841476440430e-01,5.258407816290855408e-02,5.658844113349914551e-02,3.693294525146484375e-02,-1.576088666915893555e-01,2.006658911705017090e-01,8.527642115950584412e-03,-1.323781907558441162e-01,6.069270521402359009e-02,1.322478055953979492e-02,1.562720388174057007e-01,7.659164071083068848e-02,-6.574978679418563843e-02,6.971076875925064087e-02
8.576608449220657349e-02,-1.649048775434494019e-01,2.334574609994888306e-02,1.596066951751708984e-01,1.012159436941146851e-01,-5.441477894783020020e-02,8.007463067770004272e-02,-1.981526240706443787e-02,3.397027775645256042e-02,1.202857643365859985e-01,-9.400166571140289307e-02,1.441223174333572388e-01,-4.955521598458290100e-02,-5.944444239139556885e-02,1.306212544441223145e-01,1.305468678474426270e-01,-3.981249034404754639e-02,-9.633101522922515869e-02,1.389386877417564392e-02,-7.381618022918701172e-02,-5.120227485895156860e-02,8.702772855758666992e-02,-2.414952814579010010e-01,-1.138029769062995911e-01,5.690119042992591858e-02,-1.190433129668235779e-01,-1.108961850404739380e-01,5.200272426009178162e-02,-9.582684189081192017e-02,-2.405465813353657722e-03,2.513888059183955193e-03,-3.952550515532493591e-02,-1.758325248956680298e-01,-5.950183421373367310e-02,1.193979755043983459e-01,-5.852229893207550049e-02,5.269935727119445801e-02,-5.543498322367668152e-02,-5.820251256227493286e-02,1.264542434364557266e-02,-3.452217951416969299e-02,-1.332366913557052612e-01,-5.147335585206747055e-03,-2.468184195458889008e-02,-7.325439900159835815e-02,-6.657606363296508789e-02,8.836766704916954041e-03,-7.539699971675872803e-02,2.248649112880229950e-02,-2.093442343175411224e-02,-1.589814871549606323e-01,4.055445268750190735e-02,-5.407868884503841400e-04,-6.460544466972351074e-02,-1.310061812400817871e-01,1.645573675632476807e-01,-1.406507100909948349e-02,6.753774732351303101e-02,-1.026236116886138916e-01,3.363863006234169006e-02,6.310301274061203003e-02,6.406739354133605957e-02,-5.762390792369842529e-02,2.569286152720451355e-02,5.099415034055709839e-02,8.393213152885437012e-02,-5.844005197286605835e-02,-2.727253362536430359e-02,4.624935612082481384e-02,5.393178202211856842e-03,1.575704663991928101e-01,-6.673101335763931274e-02,-7.866678386926651001e-02,-6.089133024215698242e-02,-2.873951336368918419e-03,-3.163788840174674988e-02,9.387497603893280029e-02,-9.049927443265914917e-02,8.114472031593322754e-02,1.800809055566787720e-02,4.385301843285560608e-02,1.757964342832565308e-01,-1.883925311267375946e-02,-1.523919701576232910e-01,-1.317119598388671875e-01,-5.824953783303499222e-03,1.709209755063056946e-03,3.308700397610664368e-02,4.134866222739219666e-02,-6.560634076595306396e-02,-2.705050073564052582e-02,-1.561131980270147324e-02,1.464331150054931641e-02,1.513631343841552734e-01,-2.602236159145832062e-02,6.406892091035842896e-02,1.280392054468393326e-02,-4.019708558917045593e-02,8.671914041042327881e-02,-1.314264535903930664e-01,-2.528201788663864136e-02,-4.329648613929748535e-02,1.788412630558013916e-01,-4.426489770412445068e-02,2.429233305156230927e-02,1.070815622806549072e-01,-8.068525046110153198e-02,3.379228711128234863e-02,5.714899674057960510e-02,1.709494292736053467e-01,-3.396007698029279709e-03,4.544172435998916626e-02,2.314163371920585632e-02,1.302219480276107788e-01,-1.148076131939888000e-01,5.574970692396163940e-02,1.010240390896797180e-01,5.922661349177360535e-02,-1.358737200498580933e-01,2.004802972078323364e-01,4.979207739233970642e-02,-1.448777019977569580e-01,1.475898455828428268e-02,4.187113791704177856e-02,1.283501088619232178e-01,8.452902734279632568e-02,-1.410610973834991455e-01,9.615267068147659302e-02
3.733394667506217957e-02,-1.993032842874526978e-01,-1.186684984713792801e-02,1.535957306623458862e-01,3.130112215876579285e-02,-2.332695014774799347e-02,8.179543912410736084e-02,-4.639808088541030884e-02,1.872520893812179565e-02,7.687002420425415039e-02,-8.482196182012557983e-02,1.170513331890106201e-01,-5.336514115333557129e-02,-9.315632283687591553e-02,9.825349599123001099e-02,1.039664223790168762e-01,-1.015667766332626343e-01,-8.876693993806838989e-02,-6.540218740701675415e-02,-6.138888746500015259e-02,4.776753112673759460e-02,6.512587517499923706e-02,-1.619590818881988525e-01,-1.184043660759925842e-01,9.319525957107543945e-02,-1.612901985645294189e-01,-1.100129187107086182e-01,5.480700358748435974e-02,-9.599969536066055298e-02,-5.702832341194152832e-02,-2.723247744143009186e-02,-3.151383996009826660e-02,-1.804659217596054077e-01,-5.744126811623573303e-02,9.213005751371383667e-02,-3.154320642352104187e-02,3.626613691449165344e-02,-3.538519889116287231e-02,-8.917164057493209839e-02,3.525673598051071167e-02,-7.618510723114013672e-02,-8.402242511510848999e-02,-2.260646782815456390e-02,1.395784504711627960e-02,-8.154176920652389526e-02,1.532408967614173889e-02,3.831586241722106934e-02,-2.617444656789302826e-02,7.356430590152740479e-02,6.910374388098716736e-03,-1.854447722434997559e-01,2.179093845188617706e-02,4.112687706947326660e-02,-4.760605469346046448e-02,-7.080998271703720093e-02,1.530325412750244141e-01,-1.380685437470674515e-02,8.976969867944717407e-02,-7.435193657875061035e-02,-2.938519790768623352e-02,4.506498202681541443e-02,3.952780365943908691e-02,-4.669022932648658752e-02,7.379171904176473618e-03,8.394820243120193481e-02,9.092678874731063843e-02,-3.035700181499123573e-03,-3.739613294601440430e-02,8.273527771234512329e-02,-8.530652150511741638e-03,2.139627933502197266e-01,-1.161639168858528137e-01,-1.334439218044281006e-01,-1.011992469429969788e-01,2.842921239789575338e-04,-2.496017841622233391e-03,6.281065940856933594e-02,-4.482916742563247681e-02,1.273235678672790527e-01,-4.619450122117996216e-02,4.224405065178871155e-02,1.761799901723861694e-01,-3.406297415494918823e-02,-9.183526039123535156e-02,-1.367685198783874512e-01,-6.322626955807209015e-03,-1.430791802704334259e-03,4.891677945852279663e-02,8.909308910369873047e-02,-6.549465656280517578e-02,-7.013234496116638184e-02,-4.611819609999656677e-02,-5.584220960736274719e-02,1.909364610910415649e-01,-4.905213415622711182e-02,6.544764339923858643e-02,-7.885708659887313843e-02,1.232930575497448444e-03,2.701240219175815582e-02,-9.985802322626113892e-02,-5.905137211084365845e-02,-6.740389764308929443e-02,1.808960735797882080e-01,-1.745790615677833557e-02,4.813653230667114258e-02,1.305401474237442017e-01,-4.648349061608314514e-02,2.497327700257301331e-02,5.419737845659255981e-02,1.792839318513870239e-01,-3.677520155906677246e-02,8.237425982952117920e-02,1.459956821054220200e-02,1.209301277995109558e-01,-9.191758185625076294e-02,9.028846770524978638e-02,5.401816964149475098e-02,-5.602223332971334457e-03,-1.817058324813842773e-01,1.904655694961547852e-01,-2.506037242710590363e-02,-8.899310231208801270e-02,2.407493814826011658e-02,4.378743842244148254e-02,1.920763850212097168e-01,7.949241250753402710e-02,-5.735953152179718018e-02,8.233784139156341553e-02
4.123355820775032043e-02,-1.412259489297866821e-01,-1.405336544848978519e-03,1.401727497577667236e-01,8.487109839916229248e-02,-3.044613823294639587e-02,1.203611418604850769e-01,-6.778240948915481567e-02,7.356725633144378662e-02,1.390375383198261261e-02,-7.328877598047256470e-02,1.117953062057495117e-01,-4.873958975076675415e-02,-7.689581811428070068e-02,1.339916735887527466e-01,9.268832206726074219e-02,-6.978379189968109131e-02,-3.282011672854423523e-02,-1.004339605569839478e-01,-7.382570207118988037e-02,6.671090424060821533e-02,7.267090678215026855e-02,-1.362567245960235596e-01,-9.675209969282150269e-02,1.209259480237960815e-01,-1.803094297647476196e-01,-1.383153498172760010e-01,6.293798214755952358e-04,-9.554038196802139282e-02,-3.070387989282608032e-02,-6.187621876597404480e-02,-2.708225883543491364e-02,-1.730732172727584839e-01,-5.078508704900741577e-02,1.388438791036605835e-01,-5.177412182092666626e-02,3.735103458166122437e-02,-7.391225546598434448e-02,-7.734161615371704102e-02,5.728679522871971130e-02,-3.822490572929382324e-02,-1.656798124313354492e-01,2.621938101947307587e-02,1.550246961414813995e-03,-6.115230917930603027e-02,-1.089034415781497955e-02,3.700254112482070923e-02,1.028339378535747528e-03,9.445318579673767090e-02,-7.883746922016143799e-02,-1.546275615692138672e-01,2.690844051539897919e-02,2.939627319574356079e-02,-6.591334193944931030e-02,-1.221392378211021423e-01,1.344526410102844238e-01,-9.274098090827465057e-03,4.413018748164176941e-02,-9.800074994564056396e-02,-6.392257288098335266e-03,5.503041669726371765e-02,8.324087411165237427e-02,-4.802540689706802368e-02,-1.164897903800010681e-02,1.005419716238975525e-01,1.039023324847221375e-01,-1.510244235396385193e-02,-8.832346647977828979e-03,9.752164781093597412e-02,-1.254379749298095703e-02,1.920532137155532837e-01,-1.135580167174339294e-01,-9.307521581649780273e-02,-2.827998623251914978e-02,1.199835096485912800e-03,-2.267694566398859024e-03,1.095218583941459656e-01,-6.063739210367202759e-02,1.012361496686935425e-01,-2.373690903186798096e-02,4.807464778423309326e-03,1.997867077589035034e-01,-8.872857317328453064e-03,-7.927332818508148193e-02,-1.267554163932800293e-01,3.842225298285484314e-02,2.306652814149856567e-02,4.190520558040589094e-04,7.153301686048507690e-02,-8.082845062017440796e-02,-8.382513374090194702e-02,-1.398489903658628464e-02,-5.349949002265930176e-02,1.900871545076370239e-01,-7.695347815752029419e-02,5.618490651249885559e-02,-1.998803764581680298e-02,-7.677651941776275635e-03,3.075818531215190887e-02,-6.016525626182556152e-02,-9.244596213102340698e-02,-9.028302133083343506e-02,1.851623207330703735e-01,-9.068157523870468140e-03,6.821609288454055786e-02,9.255457669496536255e-02,-8.583433181047439575e-02,3.323177248239517212e-02,1.150504350662231445e-01,1.358240395784378052e-01,-4.307447746396064758e-02,5.139394477009773254e-02,2.903293259441852570e-02,9.087701141834259033e-02,-4.727686569094657898e-02,1.195193156599998474e-01,3.016898408532142639e-02,4.648430272936820984e-03,-1.941029578447341919e-01,1.705295741558074951e-01,5.198326427489519119e-03,-5.765060707926750183e-02,7.227765768766403198e-02,5.995375290513038635e-02,2.126102745532989502e-01,4.744257777929306030e-02,-7.894585281610488892e-02,6.772681325674057007e-02
3.031838871538639069e-02,-2.421071529388427734e-01,-8.954445831477642059e-03,1.088443100452423096e-01,1.535936594009399414e-01,-8.680315688252449036e-03,1.293896585702896118e-01,-3.268704935908317566e-02,1.567029803991317749e-01,-2.830566093325614929e-02,-4.798801243305206299e-02,1.188862994313240051e-01,-1.029283404350280762e-01,-3.125017881393432617e-02,2.221287637948989868e-01,5.541931465268135071e-02,-1.065988913178443909e-01,-3.175357729196548462e-02,1.117548719048500061e-02,-2.382584288716316223e-02,1.662331633269786835e-02,1.006613299250602722e-01,-1.446822434663772583e-01,-5.989148840308189392e-02,9.688843041658401489e-02,-1.384449750185012817e-01,-1.039398238062858582e-01,2.985400380566716194e-03,-7.864230126142501831e-02,-4.193092137575149536e-02,-3.882495313882827759e-02,-3.806230425834655762e-02,-2.340678274631500244e-01,-3.092311508953571320e-02,1.661318540573120117e-01,-3.056647069752216339e-02,-1.781784370541572571e-02,-1.969397254288196564e-02,-3.053854778409004211e-02,6.535973399877548218e-03,-2.582364715635776520e-02,-8.547401428222656250e-02,-2.959894575178623199e-02,2.710774913430213928e-02,-4.881730303168296814e-02,5.502104759216308594e-02,9.261344559490680695e-03,1.722703315317630768e-02,8.793481439352035522e-02,5.364437028765678406e-02,-1.362117975950241089e-01,3.060220554471015930e-02,4.484445229172706604e-02,-3.218523412942886353e-02,-5.627674981951713562e-02,8.379969745874404907e-02,-9.118743240833282471e-02,1.079319566488265991e-01,-4.779735580086708069e-02,2.432907000184059143e-02,4.137602820992469788e-02,1.272597461938858032e-01,-1.919329911470413208e-02,-8.452781476080417633e-03,5.021856352686882019e-02,9.971144795417785645e-02,-1.503366325050592422e-02,3.867723420262336731e-02,6.636866182088851929e-02,-2.153833629563450813e-03,2.179139405488967896e-01,-6.793901324272155762e-02,-1.253846585750579834e-01,-9.616242349147796631e-02,2.409070916473865509e-02,7.576309144496917725e-02,1.211592778563499451e-01,-1.439945250749588013e-01,1.605288535356521606e-01,3.892395272850990295e-02,6.345506012439727783e-02,1.212331280112266541e-01,8.175868541002273560e-02,-3.162091225385665894e-02,-3.596659377217292786e-02,6.413399428129196167e-02,6.479073315858840942e-02,-6.827507168054580688e-03,1.231341660022735596e-01,-4.297128692269325256e-02,6.104139611124992371e-02,-5.728123337030410767e-02,-3.719997778534889221e-02,2.095756679773330688e-02,-2.062990143895149231e-02,-9.357055276632308960e-02,-4.632863402366638184e-02,-4.275869205594062805e-02,4.157433286309242249e-02,-5.265605449676513672e-02,-6.801770627498626709e-02,-1.012155041098594666e-01,2.026325166225433350e-01,-2.695143595337867737e-02,7.025224715471267700e-02,1.918261870741844177e-02,-4.671430215239524841e-02,8.917913585901260376e-02,8.195563405752182007e-02,1.144904717803001404e-01,-1.107150912284851074e-01,1.009223833680152893e-01,2.815356105566024780e-02,8.016972988843917847e-02,-8.757402002811431885e-02,5.260616913437843323e-02,7.996851950883865356e-02,-1.091595441102981567e-01,-1.485071033239364624e-01,7.027033716440200806e-02,2.723495103418827057e-02,-1.382737159729003906e-01,8.380559831857681274e-02,-3.704965487122535706e-02,1.999051719903945923e-01,-3.356930334120988846e-03,-8.171072602272033691e-02,2.634725905954837799e-02
4.638591781258583069e-02,-1.997760981321334839e-01,2.367191202938556671e-02,1.297971755266189575e-01,1.250142008066177368e-01,-2.365160733461380005e-02,7.980164140462875366e-02,-3.013227134943008423e-02,1.586339026689529419e-01,-7.542891055345535278e-02,-7.407533377408981323e-02,1.161288321018218994e-01,-9.631267189979553223e-02,-6.769643723964691162e-02,1.536212861537933350e-01,8.409676700830459595e-02,-1.166333481669425964e-01,-1.033440884202718735e-02,-2.967630885541439056e-02,5.527995061129331589e-03,4.505775496363639832e-02,8.045125752687454224e-02,-9.837030619382858276e-02,-2.467434108257293701e-02,1.448481380939483643e-01,-1.808384507894515991e-01,-5.147774145007133484e-02,9.373258799314498901e-03,-7.182344049215316772e-02,-4.956035315990447998e-02,-8.718822896480560303e-02,-5.962023884057998657e-02,-2.109318673610687256e-01,-2.024404890835285187e-02,1.328797936439514160e-01,-5.298858135938644409e-02,-5.254359915852546692e-03,-8.869594335556030273e-02,-7.761272042989730835e-02,6.875848863273859024e-03,2.566368493717163801e-04,-4.861136153340339661e-02,-6.335087865591049194e-02,6.202418822795152664e-03,-7.561225444078445435e-02,8.870849013328552246e-02,-5.151544138789176941e-02,3.934417665004730225e-02,1.470746248960494995e-01,2.934085205197334290e-02,-1.708133518695831299e-01,2.572369948029518127e-02,8.421761915087699890e-03,-9.177463501691818237e-02,-9.951756149530410767e-02,6.964558362960815430e-02,-2.723070047795772552e-02,7.041678577661514282e-02,-1.007394120097160339e-01,-4.875099752098321915e-03,4.038129001855850220e-03,9.991943091154098511e-02,4.850689321756362915e-02,2.667489089071750641e-02,2.297078073024749756e-02,1.195828020572662354e-01,6.218564882874488831e-02,-3.709745779633522034e-02,8.680237084627151489e-02,1.959765329957008362e-03,1.760195195674896240e-01,-7.595796138048171997e-02,-7.796984165906906128e-02,-4.696277529001235962e-02,2.980284206569194794e-02,6.759335845708847046e-02,6.880660355091094971e-02,-1.311997324228286743e-01,1.533663570880889893e-01,-6.013916060328483582e-02,3.207596763968467712e-02,1.255927830934524536e-01,1.806836761534214020e-02,-7.809507846832275391e-02,-6.248674169182777405e-02,8.387476205825805664e-02,8.039914071559906006e-02,-4.844712838530540466e-02,1.403285413980484009e-01,-7.926142215728759766e-02,-3.466760367155075073e-02,-7.589052617549896240e-02,-1.179065555334091187e-02,8.168213814496994019e-02,-2.578413859009742737e-02,-5.788609758019447327e-02,-1.628318242728710175e-02,-2.402356453239917755e-02,5.469909682869911194e-02,2.062803134322166443e-03,-1.112856417894363403e-01,-8.608932048082351685e-02,1.651770770549774170e-01,-2.055404894053936005e-02,7.778287678956985474e-02,-4.847916588187217712e-02,-3.113156743347644806e-02,1.320791989564895630e-01,6.753180176019668579e-02,1.582306623458862305e-01,-7.620508223772048950e-02,7.370933145284652710e-02,-1.159399654716253281e-02,9.041757881641387939e-02,-7.696366310119628906e-02,1.125055253505706787e-01,8.916375786066055298e-02,-5.198757350444793701e-02,-1.707491874694824219e-01,8.829531818628311157e-02,9.390241652727127075e-02,-1.293315142393112183e-01,9.421936422586441040e-02,8.919852972030639648e-02,2.225959002971649170e-01,-4.210559278726577759e-02,-6.995152682065963745e-02,-6.642387714236974716e-03
4.316457360982894897e-02,-2.045164257287979126e-01,5.242642387747764587e-02,1.331021636724472046e-01,1.289860308170318604e-01,-1.436432916671037674e-02,9.772507101297378540e-02,-1.026519574224948883e-02,1.358902454376220703e-01,-2.829886972904205322e-02,-6.848357617855072021e-02,1.035114228725433350e-01,-6.531244516372680664e-02,-6.578778475522994995e-02,1.752138882875442505e-01,1.113594770431518555e-01,-9.763473272323608398e-02,-3.123866021633148193e-02,-3.516889363527297974e-02,-6.391701172105967999e-04,9.318456053733825684e-02,9.787029772996902466e-02,-1.152953356504440308e-01,-7.175072282552719116e-02,1.292744576930999756e-01,-1.700714975595474243e-01,-5.137905478477478027e-02,-3.139429911971092224e-02,-4.492538049817085266e-02,-6.486575305461883545e-02,-6.766466796398162842e-02,-6.549736112356185913e-02,-2.397247105836868286e-01,-2.358437329530715942e-02,1.287230849266052246e-01,-5.059339851140975952e-02,2.017380110919475555e-02,-1.213587000966072083e-01,-6.132026389241218567e-02,1.722010783851146698e-02,3.115045279264450073e-02,-3.458698838949203491e-02,-4.865222796797752380e-02,4.630732908844947815e-02,-8.055052906274795532e-02,7.842585444450378418e-02,-7.860204577445983887e-02,-7.855287753045558929e-03,1.343428641557693481e-01,2.615021541714668274e-02,-1.375468671321868896e-01,1.395535655319690704e-02,-1.047027856111526489e-02,-9.744326025247573853e-02,-9.529171884059906006e-02,6.652755290269851685e-02,-1.316704321652650833e-02,4.354580119252204895e-02,-8.358664065599441528e-02,1.043752487748861313e-02,-2.130218595266342163e-02,1.280212551355361938e-01,6.543643772602081299e-02,3.464039042592048645e-02,3.298972547054290771e-02,1.042611077427864075e-01,4.405090957880020142e-02,-4.914791136980056763e-02,1.009167805314064026e-01,2.580530568957328796e-02,1.929126381874084473e-01,-7.607961446046829224e-02,-8.364541083574295044e-02,-5.649768188595771790e-02,1.046001259237527847e-02,9.268989413976669312e-02,9.200222790241241455e-02,-1.545404046773910522e-01,1.571597456932067871e-01,-3.376695141196250916e-02,4.904318973422050476e-02,1.336363703012466431e-01,8.527113124728202820e-03,-1.067655161023139954e-01,-3.843794390559196472e-02,8.285470306873321533e-02,9.209630638360977173e-02,-6.637518107891082764e-02,1.372565925121307373e-01,-6.682199984788894653e-02,-7.391653489321470261e-03,-5.182553082704544067e-02,-2.261606045067310333e-02,7.184103876352310181e-02,-3.769830614328384399e-02,-3.982099518179893494e-02,-3.723557293415069580e-02,-4.187440872192382812e-02,5.392620712518692017e-02,1.033436134457588196e-02,-1.217848211526870728e-01,-7.692988961935043335e-02,1.375935822725296021e-01,-6.322769820690155029e-02,6.941913068294525146e-02,-4.065388068556785583e-02,-6.119569391012191772e-02,1.199993416666984558e-01,9.812992066144943237e-02,1.463392525911331177e-01,-8.440086990594863892e-02,4.921543598175048828e-02,-1.524611492641270161e-03,6.379504501819610596e-02,-7.958609610795974731e-02,1.070954948663711548e-01,9.544754028320312500e-02,-5.475397035479545593e-02,-1.728915572166442871e-01,5.660730600357055664e-02,6.823574751615524292e-02,-1.309705674648284912e-01,1.106988191604614258e-01,4.929859563708305359e-02,1.903635263442993164e-01,-2.571792155504226685e-02,-7.321624457836151123e-02,-4.076924640685319901e-03
3.100771270692348480e-02,-2.209912091493606567e-01,5.857063084840774536e-02,1.086853146553039551e-01,1.309091895818710327e-01,-5.056498199701309204e-02,1.108790338039398193e-01,-4.678752273321151733e-02,1.503954380750656128e-01,-7.474720478057861328e-02,-6.219913810491561890e-02,8.331447839736938477e-02,-6.555672734975814819e-02,-4.417540132999420166e-02,1.591764837503433228e-01,1.082808747887611389e-01,-1.029159426689147949e-01,-1.959212124347686768e-02,-1.407344173640012741e-02,-3.324768319725990295e-02,4.813940078020095825e-02,8.004893362522125244e-02,-8.893173933029174805e-02,4.248030600138008595e-04,1.390050053596496582e-01,-1.742398291826248169e-01,-4.176291823387145996e-02,-2.549613639712333679e-02,-8.641111850738525391e-02,-6.072284653782844543e-02,-6.656228005886077881e-02,-8.386115729808807373e-02,-2.101738303899765015e-01,-5.005209520459175110e-02,1.424550861120223999e-01,-3.349809721112251282e-02,-6.957825273275375366e-03,-8.414081484079360962e-02,-7.241472601890563965e-02,3.466088324785232544e-02,2.679903618991374969e-02,-5.934204906225204468e-02,-5.135803669691085815e-02,-6.803539115935564041e-03,-1.170200556516647339e-01,8.364267647266387939e-02,-6.780694425106048584e-02,1.610780507326126099e-02,1.101099252700805664e-01,-9.299538098275661469e-03,-1.302309334278106689e-01,3.078639879822731018e-02,1.846010424196720123e-02,-6.881080567836761475e-02,-8.759225159883499146e-02,9.594644606113433838e-02,3.998139407485723495e-03,6.124853715300559998e-02,-1.117316856980323792e-01,3.659088537096977234e-02,-5.378735437989234924e-02,1.103868857026100159e-01,1.043367683887481689e-01,3.092828579246997833e-02,1.635865494608879089e-02,1.027255281805992126e-01,2.190051227807998657e-02,-6.412035971879959106e-02,6.973848491907119751e-02,-1.244941260665655136e-02,1.914755403995513916e-01,-9.223458915948867798e-02,-5.815166607499122620e-02,-4.672646895051002502e-02,3.505823016166687012e-02,7.590623199939727783e-02,9.478782117366790771e-02,-1.489986777305603027e-01,1.539129912853240967e-01,-6.418287754058837891e-02,4.466384649276733398e-02,1.347736269235610962e-01,3.761465102434158325e-02,-9.144983440637588501e-02,-4.854681342840194702e-02,4.098957031965255737e-02,7.735510915517807007e-02,-7.512988895177841187e-02,1.175268962979316711e-01,-3.576255217194557190e-02,-4.869784694164991379e-03,-7.722827792167663574e-02,1.126921852119266987e-03,9.932735562324523926e-02,-6.487712264060974121e-02,-5.519236624240875244e-02,1.453990582376718521e-02,-4.817458987236022949e-02,5.010246112942695618e-02,1.904997974634170532e-02,-9.157666563987731934e-02,-8.010642975568771362e-02,1.524743735790252686e-01,-3.119345381855964661e-02,5.893239378929138184e-02,-3.135751932859420776e-02,-4.199426248669624329e-02,1.356672793626785278e-01,6.789600849151611328e-02,1.612509787082672119e-01,-6.961156427860260010e-02,6.843657046556472778e-02,-1.460393308661878109e-03,7.500034570693969727e-02,-9.067497402429580688e-02,8.913424611091613770e-02,1.114972382783889771e-01,-1.455878280103206635e-02,-2.177693545818328857e-01,5.749572813510894775e-02,1.084137186408042908e-01,-1.299698948860168457e-01,1.039667502045631409e-01,7.550641149282455444e-02,1.907313466072082520e-01,3.472392680123448372e-03,-8.407245576381683350e-02,1.392979081720113754e-02
2.187298983335494995e-02,-2.128602266311645508e-01,6.187834218144416809e-02,1.139101237058639526e-01,1.365348398685455322e-01,-2.401298843324184418e-02,9.793217480182647705e-02,-1.450270507484674454e-02,1.594841033220291138e-01,-5.508321896195411682e-02,-5.014973133802413940e-02,1.134376302361488342e-01,-8.367390185594558716e-02,-8.774464577436447144e-02,1.599361598491668701e-01,7.308018207550048828e-02,-5.730060115456581116e-02,-1.820998825132846832e-02,-2.078318037092685699e-02,1.194130256772041321e-02,8.047873526811599731e-02,9.287891536951065063e-02,-7.355803996324539185e-02,-2.245431765913963318e-02,1.211990267038345337e-01,-1.413815468549728394e-01,-3.903948143124580383e-02,-3.277723491191864014e-02,-4.951681941747665405e-02,-5.997930467128753662e-02,-2.945337817072868347e-02,-7.704317569732666016e-02,-2.040508240461349487e-01,-1.015849784016609192e-02,1.721143573522567749e-01,-2.541138231754302979e-02,6.099234335124492645e-03,-6.119995564222335815e-02,-5.776717141270637512e-02,-2.365372376516461372e-03,9.548336267471313477e-03,-9.358612447977066040e-02,-5.496231094002723694e-02,6.664644926786422729e-03,-1.489592045545578003e-01,1.224476769566535950e-01,-6.922879070043563843e-02,7.298190891742706299e-02,7.950405776500701904e-02,-4.932527616620063782e-02,-1.454252153635025024e-01,-2.382337301969528198e-02,1.881105080246925354e-02,-1.010309159755706787e-01,-1.231738775968551636e-01,8.387834578752517700e-02,-1.631080172955989838e-02,8.074818551540374756e-02,-1.140547022223472595e-01,2.772443741559982300e-02,-3.348154947161674500e-02,6.817039102315902710e-02,8.960886299610137939e-02,4.400059208273887634e-02,5.268897488713264465e-02,1.111732274293899536e-01,6.533449888229370117e-02,-5.285012349486351013e-02,3.985207155346870422e-02,2.374096540734171867e-03,2.123376727104187012e-01,-9.387991577386856079e-02,-9.029120951890945435e-02,-2.889007702469825745e-02,7.219785824418067932e-03,8.480000495910644531e-02,6.463850289583206177e-02,-1.510324478149414062e-01,1.286434531211853027e-01,-5.686965584754943848e-02,2.734881639480590820e-02,1.489380300045013428e-01,7.411063183099031448e-03,-1.274532526731491089e-01,-3.174254298210144043e-02,2.337329089641571045e-02,5.322100967168807983e-02,-4.214356839656829834e-02,1.005570665001869202e-01,-5.454565957188606262e-02,2.328576333820819855e-02,-5.530259385704994202e-02,2.705975249409675598e-02,7.645218819379806519e-02,-5.475698783993721008e-02,-4.413107037544250488e-02,-1.308191474527120590e-02,-5.261627957224845886e-02,5.957293882966041565e-02,-5.614384426735341549e-04,-1.167919710278511047e-01,-8.984461426734924316e-02,1.262004375457763672e-01,-2.065918780863285065e-02,1.007181927561759949e-01,-2.141229249536991119e-02,-7.130882143974304199e-02,1.317755132913589478e-01,1.088972315192222595e-01,1.517472714185714722e-01,-6.491109728813171387e-02,2.817508578300476074e-02,1.885864301584661007e-03,1.089394912123680115e-01,-1.105849072337150574e-01,1.107584238052368164e-01,9.600386023521423340e-02,-2.390079759061336517e-02,-1.706873923540115356e-01,7.526741921901702881e-02,1.257856637239456177e-01,-1.522414833307266235e-01,8.276063948869705200e-02,9.850765019655227661e-02,1.764227449893951416e-01,-1.345901843160390854e-02,-7.581135630607604980e-02,1.825873553752899170e-02
-7.920011878013610840e-03,-1.720765978097915649e-01,6.578485667705535889e-02,1.383054554462432861e-01,9.715686738491058350e-02,-4.282607883214950562e-02,1.114936545491218567e-01,-6.745115388184785843e-03,1.375433504581451416e-01,-4.694152995944023132e-02,-8.571105450391769409e-02,1.184666156768798828e-01,-9.291251748800277710e-02,-9.026277810335159302e-02,1.469877958297729492e-01,8.839292824268341064e-02,-9.694290161132812500e-02,-3.119696117937564850e-02,-8.038711734116077423e-03,-3.295211493968963623e-02,6.317892670631408691e-02,8.967323601245880127e-02,-1.082384958863258362e-01,-2.175503596663475037e-02,1.296103149652481079e-01,-1.349989473819732666e-01,-7.561100274324417114e-02,2.602414414286613464e-02,-4.270320758223533630e-02,-2.683421038091182709e-02,-4.317475110292434692e-02,-9.127972275018692017e-02,-2.238788604736328125e-01,-2.966168709099292755e-02,2.185313403606414795e-01,-1.399095356464385986e-02,3.012254275381565094e-02,-4.127079620957374573e-02,-3.635641187429428101e-03,1.491165626794099808e-02,4.570529609918594360e-02,-5.586265400052070618e-02,-5.270739644765853882e-02,-6.530112773180007935e-02,-1.520593166351318359e-01,6.726542115211486816e-02,-2.411731705069541931e-02,1.099095270037651062e-01,7.345433533191680908e-02,-1.976127363741397858e-02,-1.391157060861587524e-01,5.373191460967063904e-02,-1.263148244470357895e-02,-6.639157235622406006e-02,-8.860862255096435547e-02,1.159680411219596863e-01,-3.670685365796089172e-02,9.049703925848007202e-02,-1.396454125642776489e-01,7.725310325622558594e-02,-4.714181646704673767e-02,4.734969139099121094e-02,9.618204087018966675e-02,2.125467360019683838e-02,4.093594104051589966e-02,1.124359369277954102e-01,1.827988028526306152e-02,-3.470522910356521606e-02,5.980243533849716187e-02,-4.439988639205694199e-03,1.916982531547546387e-01,-1.405587196350097656e-01,-5.052283406257629395e-02,-1.842249184846878052e-02,3.579501435160636902e-02,9.492348879575729370e-02,1.147062480449676514e-01,-1.262759715318679810e-01,1.042088717222213745e-01,-8.971340022981166840e-03,-2.389549091458320618e-02,1.646485775709152222e-01,2.866687951609492302e-03,-7.930393517017364502e-02,-1.773769780993461609e-02,3.211547434329986572e-02,7.436451315879821777e-02,-7.141336053609848022e-02,1.433223187923431396e-01,-1.718232780694961548e-02,-3.070359583944082260e-03,-6.864430755376815796e-02,-2.994855120778083801e-02,4.451507329940795898e-02,-3.118058852851390839e-02,-2.931874990463256836e-02,-3.680613636970520020e-02,-5.989397317171096802e-02,2.261077798902988434e-02,-6.974239647388458252e-02,-4.763313382863998413e-02,-7.288286834955215454e-02,1.244293376803398132e-01,-4.428438097238540649e-02,5.201357975602149963e-02,1.940304227173328400e-02,-1.944451406598091125e-02,6.415388733148574829e-02,1.448445171117782593e-01,1.701728552579879761e-01,-3.223385661840438843e-02,4.142195358872413635e-02,-1.032179407775402069e-02,1.336640715599060059e-01,-1.399385333061218262e-01,1.474790275096893311e-01,1.330152451992034912e-01,-4.672131501138210297e-03,-1.781719475984573364e-01,6.766416877508163452e-02,1.431376188993453979e-01,-1.016731411218643188e-01,3.680207580327987671e-02,5.471407994627952576e-02,1.838175207376480103e-01,4.185770079493522644e-02,-4.371401667594909668e-02,1.027871109545230865e-02
-3.141781082376837730e-03,-1.534395813941955566e-01,3.850654512643814087e-02,7.244700938463211060e-02,1.832700073719024658e-01,-3.913873061537742615e-02,1.156405732035636902e-01,-6.200929731130599976e-02,1.132249608635902405e-01,-3.863065689802169800e-02,-2.082760445773601532e-02,8.906767517328262329e-02,-1.373827308416366577e-01,-5.417918786406517029e-02,1.233884766697883606e-01,5.468380823731422424e-02,-1.298756897449493408e-01,-9.170126169919967651e-03,-4.480215162038803101e-02,-3.093416616320610046e-02,2.867303043603897095e-02,5.103174969553947449e-02,-9.234853833913803101e-02,-1.570913195610046387e-02,8.475484699010848999e-02,-9.521846473217010498e-02,-9.980838000774383545e-02,5.793644487857818604e-02,-4.252143204212188721e-02,-8.865280449390411377e-02,-4.483807459473609924e-02,-6.459572166204452515e-02,-2.584725916385650635e-01,-9.314707666635513306e-02,1.485892534255981445e-01,2.032588981091976166e-02,5.123182386159896851e-02,1.524714846163988113e-02,-5.515227839350700378e-02,3.856876865029335022e-02,9.786671958863735199e-03,-9.442501515150070190e-02,-2.942342683672904968e-02,2.693702001124620438e-03,-1.741670370101928711e-01,4.795195907354354858e-02,-7.769048959016799927e-02,1.272741258144378662e-01,2.047647722065448761e-02,-5.454478785395622253e-02,-1.124290153384208679e-01,2.912782318890094757e-02,5.432980880141258240e-02,-3.650610521435737610e-02,-1.139213517308235168e-01,1.206116527318954468e-01,-4.672469571232795715e-02,1.107742637395858765e-01,-1.687489748001098633e-01,9.766559116542339325e-03,-4.646899551153182983e-02,3.001964837312698364e-02,7.077575474977493286e-02,3.342641517519950867e-02,4.461490362882614136e-02,6.271903216838836670e-02,3.969449922442436218e-02,-3.668555617332458496e-02,6.348145194351673126e-03,-3.492932021617889404e-02,1.911763548851013184e-01,-1.087953299283981323e-01,-1.377636939287185669e-01,-2.082948107272386551e-03,-6.057495716959238052e-03,8.181324601173400879e-02,7.655427604913711548e-02,-1.261854916810989380e-01,9.541644155979156494e-02,7.956925034523010254e-02,5.589942634105682373e-02,1.669145077466964722e-01,4.416463524103164673e-02,-6.249095499515533447e-02,-1.744326390326023102e-02,6.243368145078420639e-03,5.725130066275596619e-02,-3.192109987139701843e-02,1.528461277484893799e-01,-1.119310967624187469e-02,3.803602606058120728e-02,-1.975266635417938232e-02,8.281235583126544952e-03,4.540918394923210144e-02,-2.210847847163677216e-02,-5.047561973333358765e-02,5.239293724298477173e-02,-4.934391006827354431e-02,7.390419393777847290e-02,-5.360379442572593689e-02,-7.811155915260314941e-02,-7.028897106647491455e-02,1.190119981765747070e-01,2.042076922953128815e-02,3.755465149879455566e-02,1.568586565554141998e-02,7.322930730879306793e-03,1.307046562433242798e-01,1.075556054711341858e-01,1.147794723510742188e-01,-3.140438348054885864e-02,7.155086845159530640e-03,-1.183508057147264481e-02,1.786003410816192627e-01,-9.981926530599594116e-02,1.044669970870018005e-01,1.166708841919898987e-01,2.463982068002223969e-02,-2.033871412277221680e-01,1.090080291032791138e-01,1.361257731914520264e-01,-1.671425998210906982e-01,-2.055553905665874481e-02,6.536050885915756226e-02,1.885219216346740723e-01,1.578275859355926514e-02,-1.204750239849090576e-01,8.462213724851608276e-02
5.147134140133857727e-02,-1.528611630201339722e-01,1.235534716397523880e-02,8.427109569311141968e-02,1.848654448986053467e-01,-4.789387807250022888e-02,1.411141157150268555e-01,-5.448666587471961975e-02,1.304626017808914185e-01,2.516417065635323524e-03,-5.740870535373687744e-02,1.379592567682266235e-01,-1.166274249553680420e-01,-1.033743936568498611e-02,1.498473882675170898e-01,3.983126953244209290e-02,-6.168736144900321960e-02,-2.334858849644660950e-02,-3.554126620292663574e-02,-3.019341453909873962e-02,-1.803079806268215179e-02,7.010490447282791138e-02,-1.295279413461685181e-01,3.774091228842735291e-02,1.198793351650238037e-01,-9.170617908239364624e-02,-5.640412494540214539e-02,2.109993435442447662e-02,-4.697248339653015137e-02,-3.728079050779342651e-02,-6.029350683093070984e-02,-3.871660307049751282e-02,-3.011093139648437500e-01,-5.428985878825187683e-02,1.403542906045913696e-01,2.279227040708065033e-02,9.926000609993934631e-03,-1.124129537492990494e-02,-6.276655942201614380e-02,6.415941566228866577e-02,3.321050107479095459e-02,-9.991478174924850464e-02,1.670258864760398865e-02,-6.249160692095756531e-02,-1.421564668416976929e-01,6.921620666980743408e-02,-6.653690338134765625e-02,8.982926607131958008e-02,-1.712211780250072479e-02,-4.542166367173194885e-02,-1.209213733673095703e-01,4.565523564815521240e-02,1.486976817250251770e-02,-6.752964854240417480e-02,-8.230638504028320312e-02,9.967988729476928711e-02,-9.306448698043823242e-02,7.137493789196014404e-02,-1.850634515285491943e-01,-2.950889989733695984e-03,-1.240525674074888229e-02,4.993105679750442505e-02,4.799997806549072266e-02,1.687103137373924255e-02,4.678654670715332031e-02,5.975889787077903748e-02,1.162915956228971481e-02,-1.631806418299674988e-02,1.927081495523452759e-02,-4.557868465781211853e-03,1.749386787414550781e-01,-1.016467213630676270e-01,-1.078197956085205078e-01,-1.647878438234329224e-02,3.005318902432918549e-02,8.072286844253540039e-02,1.009525060653686523e-01,-1.434433460235595703e-01,9.398501366376876831e-02,1.351490467786788940e-01,3.061133436858654022e-02,1.735170036554336548e-01,5.341274663805961609e-02,1.642789691686630249e-02,2.189255133271217346e-02,5.949613824486732483e-02,5.977537855505943298e-02,-7.982940226793289185e-02,1.261620670557022095e-01,-3.148953616619110107e-02,8.603814244270324707e-02,-2.724309451878070831e-02,8.879507891833782196e-03,1.897963322699069977e-02,-7.179867010563611984e-03,-7.042810320854187012e-02,3.140524774789810181e-02,-3.375241532921791077e-02,5.755554512143135071e-02,-3.017804399132728577e-02,1.202635583467781544e-03,-2.676826342940330505e-02,1.848405897617340088e-01,-1.784901879727840424e-02,2.576194889843463898e-02,1.701508089900016785e-02,2.535524964332580566e-02,7.069189846515655518e-02,6.495833396911621094e-02,9.551160782575607300e-02,-9.517175704240798950e-02,2.057598158717155457e-02,-5.194820463657379150e-02,1.318341940641403198e-01,-1.236549392342567444e-01,8.685979992151260376e-02,1.047288775444030762e-01,-4.102044552564620972e-02,-1.976506859064102173e-01,1.419558376073837280e-01,1.439443081617355347e-01,-1.860950291156768799e-01,2.189179416745901108e-03,9.422772563993930817e-03,1.927706450223922729e-01,7.605540752410888672e-02,-7.645377516746520996e-02,5.650534108281135559e-02
8.368894457817077637e-02,-1.939383149147033691e-01,4.817334003746509552e-03,1.771485358476638794e-01,6.249878555536270142e-02,-3.850641846656799316e-02,8.896716684103012085e-02,-5.700531974434852600e-02,2.392149344086647034e-02,4.492740333080291748e-02,-1.616293787956237793e-01,7.023655623197555542e-02,-7.866202294826507568e-02,3.269673138856887817e-02,1.397912949323654175e-01,8.482433110475540161e-02,-8.092788606882095337e-02,-1.309313178062438965e-01,-7.380476593971252441e-02,2.168121188879013062e-02,2.481908537447452545e-02,5.381632596254348755e-02,-1.757632195949554443e-01,-1.436744779348373413e-01,1.101224273443222046e-01,-1.288330703973770142e-01,-6.916715204715728760e-02,5.587314721196889877e-03,-1.120664849877357483e-01,-2.973156236112117767e-02,-4.077295958995819092e-02,-1.521936245262622833e-02,-1.440689265727996826e-01,-8.243775367736816406e-02,1.698526144027709961e-01,-6.636346876621246338e-02,5.113681405782699585e-02,-5.885160714387893677e-02,-9.484647959470748901e-02,-4.670490045100450516e-03,-1.221175026148557663e-02,-9.509402513504028320e-02,4.562842659652233124e-03,4.462050646543502808e-02,-6.415055692195892334e-02,8.161598443984985352e-02,3.527349978685379028e-02,-2.176181599497795105e-02,7.399095594882965088e-02,-1.454803254455327988e-02,-1.760204434394836426e-01,3.014492243528366089e-02,3.690708801150321960e-02,-3.220797050744295120e-03,-1.197194457054138184e-01,1.668386459350585938e-01,-1.608128286898136139e-02,1.008994784206151962e-02,-8.218552917242050171e-02,-1.482945960015058517e-02,5.598263442516326904e-02,1.140935719013214111e-01,-2.832997031509876251e-02,-2.072072587907314301e-02,-1.512242481112480164e-02,6.662395596504211426e-02,-1.179607398808002472e-02,-9.216556698083877563e-02,6.888107955455780029e-02,-3.007109835743904114e-02,9.225417673587799072e-02,-3.955200687050819397e-02,-1.208823844790458679e-01,-1.006013751029968262e-01,-1.708951406180858612e-02,5.047231167554855347e-02,6.425309926271438599e-02,-8.195522427558898926e-02,1.533505469560623169e-01,-3.195648267865180969e-02,2.416221238672733307e-02,2.128639221191406250e-01,-4.542800784111022949e-02,-8.501535654067993164e-02,-8.049245178699493408e-02,4.881387948989868164e-02,4.005204141139984131e-02,3.724624961614608765e-02,9.651061892509460449e-02,-9.021285176277160645e-02,-2.730156295001506805e-02,-4.909204691648483276e-02,-2.691960521042346954e-02,1.724984049797058105e-01,-3.528944402933120728e-02,-3.909056261181831360e-02,-4.307644814252853394e-02,-4.604069888591766357e-02,6.624383479356765747e-02,-7.479371130466461182e-02,-5.384589359164237976e-02,-7.150907069444656372e-02,1.787354350090026855e-01,-1.224355325102806091e-01,7.659395039081573486e-02,5.558324232697486877e-02,-1.048450171947479248e-01,6.911342591047286987e-02,7.437624037265777588e-02,1.481962949037551880e-01,-9.713861346244812012e-02,2.247392013669013977e-02,4.622533172369003296e-02,1.470596641302108765e-01,-5.261144042015075684e-02,5.958783626556396484e-02,3.055855259299278259e-02,-9.530597925186157227e-02,-1.612400412559509277e-01,2.049118727445602417e-01,-9.805807843804359436e-03,-6.070243567228317261e-02,6.890822201967239380e-02,1.964610442519187927e-02,1.720563620328903198e-01,1.103962399065494537e-02,-8.698987960815429688e-02,5.069500580430030823e-02
1.844919845461845398e-02,-2.368980795145034790e-01,1.639034599065780640e-02,1.401524990797042847e-01,1.054888591170310974e-01,3.886250546202063560e-03,1.321876794099807739e-01,-2.065651305019855499e-02,8.081628382205963135e-02,1.101409737020730972e-02,-1.133641451597213745e-01,1.282831728458404541e-01,-8.505570888519287109e-02,-8.448982983827590942e-02,1.530731320381164551e-01,6.599918752908706665e-02,-7.168162614107131958e-02,-5.030094087123870850e-02,-4.569425806403160095e-02,-7.182882167398929596e-03,5.672650784254074097e-02,5.734068527817726135e-02,-1.673494130373001099e-01,-6.734284758567810059e-02,1.034757643938064575e-01,-1.535491943359375000e-01,-1.021770834922790527e-01,3.779565542936325073e-02,-1.067728325724601746e-01,-8.018966764211654663e-02,-4.281755536794662476e-02,-5.652439221739768982e-02,-2.124864608049392700e-01,-4.703961312770843506e-02,1.496193110942840576e-01,-5.399234592914581299e-02,6.111625116318464279e-03,-8.255173265933990479e-02,-1.292678415775299072e-01,-3.244898747652769089e-03,2.328392863273620605e-02,-1.073658838868141174e-01,-3.797850385308265686e-02,1.141260415315628052e-01,-8.113754540681838989e-02,5.975945293903350830e-02,-1.995276100933551788e-02,-3.927808254957199097e-02,6.476031988859176636e-02,-2.689694985747337341e-02,-1.642850637435913086e-01,-8.952802047133445740e-03,7.854015566408634186e-03,-2.623171918094158173e-02,-6.137818098068237305e-02,1.361643522977828979e-01,8.512899279594421387e-03,4.997101426124572754e-02,-8.764688670635223389e-02,-4.147768393158912659e-02,5.381059274077415466e-02,1.022050678730010986e-01,-1.506411470472812653e-02,-6.551355868577957153e-02,6.820435076951980591e-02,1.152980327606201172e-01,3.309270832687616348e-03,8.641678723506629467e-04,1.221786066889762878e-01,3.124302951619029045e-03,1.936960667371749878e-01,-9.514258801937103271e-02,-1.858697831630706787e-01,-7.169710844755172729e-02,-3.871182724833488464e-02,6.148498505353927612e-02,2.464382350444793701e-02,-9.016549587249755859e-02,1.050327569246292114e-01,-2.032413333654403687e-02,4.666607826948165894e-02,1.500632166862487793e-01,-2.702663652598857880e-02,-1.072188913822174072e-01,-8.954332023859024048e-02,7.590587437152862549e-02,4.326684772968292236e-02,3.155070170760154724e-02,1.176733374595642090e-01,-1.222599670290946960e-01,-6.881681084632873535e-02,-1.123476121574640274e-02,-2.037334814667701721e-02,1.577980220317840576e-01,-1.270756777375936508e-02,1.732853055000305176e-02,-4.242493212223052979e-02,3.656558692455291748e-02,6.907938420772552490e-02,-2.994969300925731659e-02,-8.828859031200408936e-02,-1.270686537027359009e-01,1.308141201734542847e-01,-4.657575488090515137e-02,7.045829296112060547e-02,8.508191443979740143e-03,-1.122767105698585510e-01,1.290122717618942261e-01,1.028889939188957214e-01,1.350416988134384155e-01,-4.855742678046226501e-02,3.548445180058479309e-02,2.803098782896995544e-02,4.469761997461318970e-02,-5.615051463246345520e-02,8.582661300897598267e-02,2.111335843801498413e-02,-3.330520540475845337e-02,-1.481543481349945068e-01,1.568043828010559082e-01,3.883305191993713379e-02,-1.010498553514480591e-01,6.245870143175125122e-02,2.671791240572929382e-02,1.384935975074768066e-01,-1.492374576628208160e-02,-6.829556077718734741e-02,2.608487568795681000e-02
3.910502791404724121e-02,-2.020684480667114258e-01,-4.686473309993743896e-02,1.192133426666259766e-01,7.028707116842269897e-02,1.534607727080583572e-02,8.279666304588317871e-02,-6.046367436647415161e-02,1.162621602416038513e-01,1.283192355185747147e-02,-5.380035191774368286e-02,9.691441059112548828e-02,-1.022287160158157349e-01,-5.307159386575222015e-03,1.552263498306274414e-01,8.007577806711196899e-02,-6.128367036581039429e-02,-9.409662336111068726e-02,-5.057697370648384094e-02,-4.763121902942657471e-02,4.916052892804145813e-02,8.207471668720245361e-02,-1.963220238685607910e-01,-8.261431008577346802e-02,8.107165992259979248e-02,-1.677304357290267944e-01,-8.602026104927062988e-02,2.030413597822189331e-03,-1.094080209732055664e-01,-6.934742629528045654e-02,-4.794513434171676636e-02,-2.576795406639575958e-02,-2.093675732612609863e-01,-6.309513002634048462e-02,1.895864009857177734e-01,-4.294670000672340393e-02,6.827723234891891479e-02,-8.407904952764511108e-02,-5.305647477507591248e-02,5.300252512097358704e-02,-3.265835717320442200e-02,-1.012094840407371521e-01,3.475605696439743042e-02,7.764697074890136719e-02,-9.126406162977218628e-02,4.274088889360427856e-02,-1.164240576326847076e-02,9.578453376889228821e-03,7.760927081108093262e-02,-5.071317031979560852e-02,-1.201988831162452698e-01,-1.367007382214069366e-02,3.970680013298988342e-02,7.555370219051837921e-03,-1.271236389875411987e-01,1.235534027218818665e-01,6.521217292174696922e-04,1.053922995924949646e-02,-9.468225389719009399e-02,-4.687829688191413879e-02,5.762055888772010803e-02,9.467660635709762573e-02,3.258139593526721001e-03,2.061257511377334595e-02,7.078190147876739502e-02,6.490512192249298096e-02,-2.652313001453876495e-02,-6.314191967248916626e-02,1.109330803155899048e-01,-2.097086422145366669e-02,1.596988737583160400e-01,-8.219798654317855835e-02,-1.737240403890609741e-01,-1.042701527476310730e-01,-1.182357035577297211e-02,1.521970424801111221e-02,1.029748320579528809e-01,-8.183616399765014648e-02,1.622268557548522949e-01,-3.297952935099601746e-03,4.884330928325653076e-02,1.880318522453308105e-01,8.485725149512290955e-03,-4.606286808848381042e-02,-8.791184425354003906e-02,4.043533280491828918e-02,2.030549198389053345e-02,1.794093661010265350e-02,1.067472249269485474e-01,-1.021527200937271118e-01,-8.906344324350357056e-02,-2.301852218806743622e-02,-3.138325735926628113e-02,1.220754534006118774e-01,-1.555034052580595016e-02,-1.265261135995388031e-02,-8.359770290553569794e-03,-1.271590031683444977e-02,3.998496383428573608e-02,-6.905736029148101807e-02,-1.286766827106475830e-01,-1.257387250661849976e-01,1.429376900196075439e-01,-7.607460487633943558e-03,7.829897105693817139e-02,6.110018491744995117e-02,-6.699064373970031738e-02,1.210310533642768860e-01,1.221901625394821167e-01,1.145097762346267700e-01,-9.621560573577880859e-02,4.303629323840141296e-02,5.462186411023139954e-02,6.037122383713722229e-02,-5.008041858673095703e-02,1.015709340572357178e-01,1.452221162617206573e-02,-5.741118639707565308e-02,-2.144945114850997925e-01,1.180523261427879333e-01,3.974941372871398926e-02,-5.683420971035957336e-02,1.072998717427253723e-01,5.502441152930259705e-02,1.791831254959106445e-01,2.941693551838397980e-02,-7.857600599527359009e-02,5.488384887576103210e-02
7.076111435890197754e-02,-2.317967861890792847e-01,-2.769610099494457245e-02,1.400758326053619385e-01,8.563612401485443115e-02,-1.705562346614897251e-03,1.690471768379211426e-01,-3.161408752202987671e-02,4.595772549510002136e-02,6.431190669536590576e-02,-6.660107523202896118e-02,1.404788494110107422e-01,-7.399309426546096802e-02,-3.805088996887207031e-02,7.856016606092453003e-02,8.063072711229324341e-02,-6.162463128566741943e-02,-2.330707199871540070e-02,-7.160451263189315796e-02,-7.406237721443176270e-02,9.053102135658264160e-02,5.637858808040618896e-02,-2.151825129985809326e-01,-6.572460383176803589e-02,6.349092721939086914e-02,-1.680816859006881714e-01,-6.206335499882698059e-02,5.009770765900611877e-02,-1.234672740101814270e-01,-2.437998726963996887e-02,-7.396680861711502075e-02,-9.000940248370170593e-03,-1.523451656103134155e-01,-6.287550181150436401e-02,9.662989526987075806e-02,-4.524645209312438965e-02,3.271191194653511047e-02,-7.249911874532699585e-02,-1.032604947686195374e-01,4.940921440720558167e-02,1.791721768677234650e-02,-5.701711028814315796e-02,3.415550291538238525e-02,8.065134286880493164e-02,-2.208885364234447479e-02,-3.450001031160354614e-02,1.196975819766521454e-02,-5.060673877596855164e-02,8.093652129173278809e-02,1.355861220508813858e-02,-1.333412230014801025e-01,-3.142612427473068237e-02,6.650678813457489014e-03,-3.465626388788223267e-02,-1.334752887487411499e-01,1.327430903911590576e-01,3.774746088311076164e-03,-3.566759824752807617e-02,-7.486439496278762817e-02,-9.518538415431976318e-02,7.938551157712936401e-02,1.366224586963653564e-01,-5.716416984796524048e-02,-5.522867664694786072e-03,1.961910352110862732e-02,6.493970006704330444e-02,-4.090293124318122864e-02,-3.395601361989974976e-02,1.814168393611907959e-01,3.028578869998455048e-02,2.060540467500686646e-01,-1.096605733036994934e-01,-1.355393975973129272e-01,-1.400580704212188721e-01,-8.713313378393650055e-03,6.192154809832572937e-02,9.437594562768936157e-02,-1.065051257610321045e-01,8.741478621959686279e-02,2.927144430577754974e-02,3.956178203225135803e-02,2.033718526363372803e-01,1.094555389136075974e-02,-3.719757124781608582e-02,-1.143801808357238770e-01,5.104493722319602966e-02,4.601110517978668213e-02,7.884405553340911865e-03,1.370403617620468140e-01,-6.752759218215942383e-02,-3.187077119946479797e-02,-1.459736283868551254e-02,-5.796024948358535767e-02,1.578821092844009399e-01,2.418830292299389839e-03,-1.132285408675670624e-02,-7.542058080434799194e-02,4.378549754619598389e-02,9.658166207373142242e-03,-6.409297138452529907e-02,-1.379704773426055908e-01,-4.986375570297241211e-02,8.282024413347244263e-02,-5.129278078675270081e-02,2.113370783627033234e-02,9.397479891777038574e-02,-7.952643185853958130e-02,6.779797375202178955e-02,8.367569744586944580e-02,1.377011388540267944e-01,-9.872701019048690796e-02,5.108112469315528870e-02,1.724593713879585266e-02,2.250625379383563995e-02,-1.260782182216644287e-01,7.697520405054092407e-02,1.229660399258136749e-02,-6.275106966495513916e-02,-1.707419455051422119e-01,1.045258864760398865e-01,9.153740853071212769e-02,-9.431671351194381714e-02,7.743004709482192993e-02,2.378748357295989990e-02,1.623701006174087524e-01,4.522557836025953293e-03,-9.625304490327835083e-02,8.758604526519775391e-02
5.017245560884475708e-02,-2.543238699436187744e-01,-3.465086966753005981e-02,1.668747961521148682e-01,1.332160830497741699e-01,-3.211370483040809631e-02,9.739898890256881714e-02,-3.729857876896858215e-02,3.952883183956146240e-02,6.654800474643707275e-02,-6.772132217884063721e-02,5.595214292407035828e-02,-9.815951436758041382e-02,-7.003892213106155396e-02,1.471795737743377686e-01,6.105418503284454346e-02,-7.941299676895141602e-02,-5.730791762471199036e-02,-5.716976523399353027e-02,-2.278721332550048828e-02,7.925826311111450195e-02,3.203831240534782410e-02,-1.712174564599990845e-01,-9.868576377630233765e-02,4.746731370687484741e-02,-1.573508977890014648e-01,-5.468447878956794739e-02,2.052865549921989441e-02,-1.017309501767158508e-01,-6.292018294334411621e-02,-6.736088544130325317e-02,-6.289987266063690186e-02,-1.447229385375976562e-01,-3.370607271790504456e-02,9.121079742908477783e-02,-8.286736160516738892e-02,3.268154338002204895e-02,-1.607822254300117493e-02,-8.925188332796096802e-02,1.828050054609775543e-02,-4.474245477467775345e-03,-1.213750764727592468e-01,-3.302422817796468735e-03,6.742627918720245361e-02,-5.584236234426498413e-02,-1.914242784550879151e-05,3.278968855738639832e-02,7.394239306449890137e-03,1.056670472025871277e-01,4.251182824373245239e-02,-1.553185433149337769e-01,-1.549657434225082397e-02,9.416736662387847900e-03,-1.131128054112195969e-02,-1.291437745094299316e-01,1.114398539066314697e-01,-4.876745864748954773e-02,-1.099629420787096024e-02,-6.197790056467056274e-02,-5.911282077431678772e-02,1.156513988971710205e-01,1.143252626061439514e-01,-7.173127681016921997e-02,1.923420093953609467e-02,1.549510192126035690e-02,7.217420637607574463e-02,-1.472881343215703964e-02,-3.686078637838363647e-02,1.625438928604125977e-01,4.817661643028259277e-02,2.007834315299987793e-01,-8.312094956636428833e-02,-1.231810227036476135e-01,-8.343911170959472656e-02,4.491377156227827072e-03,9.631206840276718140e-02,1.455002725124359131e-01,-1.131879016757011414e-01,1.545935124158859253e-01,3.829211741685867310e-02,2.432353049516677856e-02,1.993100047111511230e-01,3.848852217197418213e-02,-1.007728930562734604e-02,-1.218850761651992798e-01,2.984912879765033722e-02,6.798209249973297119e-02,2.660620724782347679e-03,1.049021407961845398e-01,-1.079573184251785278e-01,-5.290427803993225098e-02,-2.998874150216579437e-02,-9.025020897388458252e-02,1.303989738225936890e-01,-8.957684971392154694e-03,5.960271228104829788e-03,-4.125121608376502991e-02,6.292976322583854198e-04,4.098051786422729492e-02,-6.333110481500625610e-02,-1.212095171213150024e-01,-1.115257386118173599e-02,1.054078415036201477e-01,-4.141695052385330200e-02,5.239791423082351685e-02,4.068894311785697937e-02,-9.690554440021514893e-02,9.868489205837249756e-02,1.037883237004280090e-01,1.404665112495422363e-01,-9.500969201326370239e-02,6.745363771915435791e-02,2.401147782802581787e-02,6.976849585771560669e-02,-8.641112595796585083e-02,1.088176816701889038e-01,2.740734070539474487e-02,-8.663477003574371338e-02,-1.590649038553237915e-01,1.093931421637535095e-01,3.033278882503509521e-02,-9.578010439872741699e-02,9.450607001781463623e-02,5.299817025661468506e-02,1.906861662864685059e-01,1.997776562348008156e-03,-9.566758573055267334e-02,2.562576159834861755e-02
3.707027807831764221e-02,-1.729460507631301880e-01,3.351428732275962830e-02,1.288884729146957397e-01,6.797081232070922852e-02,-7.828874886035919189e-02,1.007967218756675720e-01,-8.124593645334243774e-03,4.198149219155311584e-02,9.615086764097213745e-02,-7.618065923452377319e-02,9.703969955444335938e-02,-5.523834004998207092e-02,-6.794713437557220459e-02,1.097358018159866333e-01,9.916096180677413940e-02,-6.442523747682571411e-02,-7.131901383399963379e-02,-6.846682727336883545e-02,-5.221429467201232910e-02,1.262765079736709595e-01,1.566754654049873352e-02,-2.047343403100967407e-01,-3.872305527329444885e-02,7.087878137826919556e-02,-1.149142906069755554e-01,-7.399547100067138672e-02,2.090523391962051392e-02,-1.165239140391349792e-01,-5.297960713505744934e-02,-3.338871523737907410e-02,-2.363226003944873810e-02,-1.962030231952667236e-01,-5.947115644812583923e-02,1.362463533878326416e-01,-4.724422469735145569e-02,4.008192569017410278e-02,-7.961209118366241455e-02,-1.051148474216461182e-01,7.589274644851684570e-02,3.247836604714393616e-02,-1.071875765919685364e-01,-1.121004112064838409e-02,4.634153470396995544e-02,-6.605413556098937988e-02,5.130466073751449585e-02,-3.455980122089385986e-02,-3.469236567616462708e-02,7.392293214797973633e-02,-5.417430028319358826e-02,-1.705323308706283569e-01,-6.047775503247976303e-03,5.135030299425125122e-02,-5.801388248801231384e-02,-8.306588232517242432e-02,1.230509430170059204e-01,-3.662969917058944702e-02,6.961266510188579559e-03,-4.116545245051383972e-02,-8.724164217710494995e-02,6.872165948152542114e-02,9.468669444322586060e-02,-3.459974378347396851e-02,-1.893000444397330284e-03,5.395404621958732605e-02,7.270655781030654907e-02,-2.626931108534336090e-02,-9.343501925468444824e-02,9.909132122993469238e-02,7.295132428407669067e-02,2.294897884130477905e-01,-7.189638167619705200e-02,-9.203273802995681763e-02,-8.757089823484420776e-02,-2.264904230833053589e-02,6.366595625877380371e-02,1.212864592671394348e-01,-9.080357104539871216e-02,1.144147440791130066e-01,5.799031257629394531e-02,4.166116937994956970e-02,1.961079835891723633e-01,-1.942941732704639435e-02,-8.139257133007049561e-02,-1.093379184603691101e-01,2.054922282695770264e-02,7.525247521698474884e-03,-6.311003863811492920e-02,1.052126660943031311e-01,-1.085800454020500183e-01,2.258345857262611389e-02,-2.358016744256019592e-02,-2.537666447460651398e-02,1.573655903339385986e-01,-4.280954599380493164e-02,-1.348758395761251450e-02,1.464201021008193493e-03,1.023114938288927078e-02,4.288079962134361267e-02,-9.480997920036315918e-02,-1.104910299181938171e-01,-1.413958054035902023e-02,1.668344885110855103e-01,-6.064947694540023804e-02,5.130746588110923767e-02,9.278453141450881958e-02,-7.424793392419815063e-02,7.346433401107788086e-02,8.111826330423355103e-02,1.412570774555206299e-01,-1.031199768185615540e-01,3.481264412403106689e-02,4.424112662672996521e-02,5.921440944075584412e-02,-6.412405520677566528e-02,1.102569550275802612e-01,-4.327095579355955124e-03,-4.999791830778121948e-02,-2.085697054862976074e-01,1.176999211311340332e-01,8.028299361467361450e-02,-1.268955767154693604e-01,4.479975253343582153e-02,5.031076818704605103e-02,2.048961520195007324e-01,-1.446472760289907455e-02,-8.536419272422790527e-02,1.166877672076225281e-01
3.620487079024314880e-02,-2.439746111631393433e-01,-1.408516149967908859e-02,1.106803044676780701e-01,6.008740514516830444e-02,-5.813287943601608276e-02,1.035621240735054016e-01,-2.332026883959770203e-02,5.337326228618621826e-02,2.652014605700969696e-02,-3.872165828943252563e-02,9.629178792238235474e-02,-9.261561930179595947e-02,-9.821811318397521973e-02,1.231467127799987793e-01,6.584595888853073120e-02,-5.612996965646743774e-02,-5.981227010488510132e-02,-2.250372618436813354e-02,-3.478465601801872253e-02,6.799024343490600586e-02,6.990712136030197144e-02,-1.930566579103469849e-01,-6.037624925374984741e-02,5.773551017045974731e-02,-1.394230574369430542e-01,-8.985264599323272705e-02,3.801073506474494934e-02,-9.241348505020141602e-02,-1.015328913927078247e-01,-6.790438294410705566e-02,-4.374421760439872742e-02,-1.636124104261398315e-01,-6.271841377019882202e-02,1.491706073284149170e-01,-3.947909921407699585e-02,4.618652537465095520e-02,-6.482259184122085571e-02,-9.613413363695144653e-02,3.642851859331130981e-02,-2.050449699163436890e-02,-9.980365633964538574e-02,3.066636249423027039e-02,1.099229604005813599e-01,-6.277694553136825562e-02,-4.445695783942937851e-03,-2.837188355624675751e-02,-2.811595425009727478e-02,9.143599867820739746e-02,-7.403548806905746460e-03,-1.599280983209609985e-01,6.716187112033367157e-03,1.658609881997108459e-02,-6.047060713171958923e-02,-1.363677829504013062e-01,1.439752876758575439e-01,-7.541701663285493851e-03,-1.032383181154727936e-02,-9.358127415180206299e-02,-8.849021792411804199e-02,6.528360396623611450e-02,6.508757174015045166e-02,-4.612125828862190247e-02,4.108037333935499191e-03,2.979302592575550079e-02,9.629495441913604736e-02,-3.430851548910140991e-02,-4.084751754999160767e-02,8.753350377082824707e-02,2.024660818278789520e-02,2.256661504507064819e-01,-8.101748675107955933e-02,-1.430335640907287598e-01,-7.090412080287933350e-02,5.361788906157016754e-03,3.116011805832386017e-02,8.110231161117553711e-02,-1.133717149496078491e-01,1.111123710870742798e-01,-2.117659524083137512e-02,3.116513602435588837e-02,1.547202914953231812e-01,-1.637922413647174835e-02,-6.918042153120040894e-02,-1.065976917743682861e-01,6.393128633499145508e-02,5.631283670663833618e-02,4.553563892841339111e-02,1.251108199357986450e-01,-1.399026513099670410e-01,-5.189266428351402283e-02,-2.333432435989379883e-02,-3.869862109422683716e-02,1.849924474954605103e-01,-3.385618701577186584e-02,-1.717185787856578827e-02,-6.365448236465454102e-02,2.067969553172588348e-02,2.626283653080463409e-02,-6.688673049211502075e-02,-1.137743517756462097e-01,-9.871987253427505493e-02,1.614073961973190308e-01,-1.216358039528131485e-02,3.863286226987838745e-02,8.079823851585388184e-02,-9.133764356374740601e-02,9.836232662200927734e-02,7.261432707309722900e-02,1.344460099935531616e-01,-6.828424334526062012e-02,7.635633647441864014e-02,3.544722124934196472e-02,8.270545303821563721e-02,-8.050312846899032593e-02,1.179156452417373657e-01,5.522102117538452148e-03,-4.322896152734756470e-02,-1.887132078409194946e-01,1.608787477016448975e-01,3.098484501242637634e-02,-1.014883294701576233e-01,3.959961608052253723e-02,8.240395784378051758e-02,1.720980852842330933e-01,-1.068444922566413879e-02,-7.797718793153762817e-02,7.435370981693267822e-02
6.355568021535873413e-02,-2.390152364969253540e-01,-5.699893087148666382e-02,1.310855895280838013e-01,3.159592300653457642e-02,1.851138100028038025e-02,1.350909769535064697e-01,-5.488142743706703186e-02,1.646582968533039093e-02,6.033278256654739380e-02,-7.252255082130432129e-02,1.039378643035888672e-01,-2.664427831768989563e-02,-4.000383988022804260e-02,9.859851747751235962e-02,1.377262473106384277e-01,-5.039900541305541992e-02,-7.150903344154357910e-02,1.058960240334272385e-02,-5.037114024162292480e-02,1.801918260753154755e-02,2.775605209171772003e-02,-2.034434229135513306e-01,-9.284069389104843140e-02,1.151563674211502075e-01,-1.560155749320983887e-01,-1.365906894207000732e-01,7.510419189929962158e-02,-6.220566853880882263e-02,-3.942032530903816223e-02,-2.201293595135211945e-02,-8.881025016307830811e-02,-8.452729880809783936e-02,-1.075083762407302856e-01,9.631846100091934204e-02,-6.699953973293304443e-02,3.465411067008972168e-02,1.596695557236671448e-02,-9.605792909860610962e-02,3.238664194941520691e-02,-7.325520366430282593e-02,-1.122805103659629822e-01,2.555820532143115997e-02,8.950565755367279053e-02,-5.120622925460338593e-03,3.186599537730216980e-02,8.020322024822235107e-02,-7.886976748704910278e-02,8.752958476543426514e-02,3.460365161299705505e-02,-1.782466322183609009e-01,4.612743109464645386e-02,-1.379837654531002045e-02,1.044911425560712814e-02,-1.692105680704116821e-01,2.269945740699768066e-01,9.176808409392833710e-03,6.125838309526443481e-02,-4.701255634427070618e-02,-4.049961641430854797e-02,4.714108258485794067e-02,6.976467370986938477e-02,-7.501841336488723755e-02,1.550114061683416367e-02,5.622813105583190918e-02,8.028305321931838989e-02,-3.531205654144287109e-02,-7.204245030879974365e-02,3.389153257012367249e-02,-7.047736085951328278e-03,1.600460708141326904e-01,-6.504675000905990601e-02,-1.074254140257835388e-01,-8.580975979566574097e-02,-1.794678531587123871e-02,3.827052935957908630e-02,5.173105001449584961e-02,-7.492252439260482788e-02,8.614482730627059937e-02,-9.576840698719024658e-02,-5.910248961299657822e-03,1.822062730789184570e-01,3.019614145159721375e-02,-2.434172295033931732e-02,-9.036783128976821899e-02,4.854972288012504578e-02,3.921675682067871094e-02,1.301879715174436569e-02,1.162426993250846863e-01,-7.221219688653945923e-02,-5.440246686339378357e-02,1.065149437636137009e-02,-8.947702124714851379e-03,2.292838394641876221e-01,-5.006014183163642883e-02,-3.330890461802482605e-02,-6.748624145984649658e-02,-2.843086235225200653e-02,1.937131024897098541e-02,-5.804497376084327698e-02,-6.478404253721237183e-02,-5.337364599108695984e-02,2.339401394128799438e-01,-6.270251423120498657e-02,1.818905351683497429e-03,6.584511697292327881e-02,4.465765785425901413e-03,8.008135110139846802e-02,4.601498320698738098e-02,1.166764795780181885e-01,-6.207435578107833862e-02,-3.043144010007381439e-02,2.069177478551864624e-02,1.376501023769378662e-01,-1.372161954641342163e-01,4.254789277911186218e-02,2.342526242136955261e-02,-8.664406090974807739e-02,-1.340445131063461304e-01,1.814387440681457520e-01,2.701436728239059448e-02,-8.883652836084365845e-02,9.167152456939220428e-03,-2.587737888097763062e-02,1.941616535186767578e-01,2.432574704289436340e-02,-6.826089322566986084e-02,6.521233916282653809e-02
3.368065133690834045e-02,-2.163691073656082153e-01,-4.747184365987777710e-02,1.395617127418518066e-01,1.237541809678077698e-02,-2.475380897521972656e-02,1.622110009193420410e-01,-3.761020675301551819e-02,2.031351067125797272e-02,8.210270665585994720e-03,-9.765253961086273193e-02,9.796539694070816040e-02,1.088838442228734493e-03,-3.827608376741409302e-02,8.903330564498901367e-02,8.603226393461227417e-02,-1.675669662654399872e-02,-7.472003251314163208e-02,-1.370305661112070084e-02,-3.380293026566505432e-02,4.960234835743904114e-02,1.187053788453340530e-02,-1.816685795783996582e-01,-7.611233741044998169e-02,1.161420941352844238e-01,-1.563150733709335327e-01,-1.562749147415161133e-01,8.325619995594024658e-02,-7.837212830781936646e-02,-2.265856787562370300e-02,4.112152848392724991e-03,-9.310577809810638428e-02,-1.154158264398574829e-01,-7.671943306922912598e-02,9.966605901718139648e-02,-6.462123245000839233e-02,1.433642674237489700e-02,-2.105469070374965668e-02,-8.683484047651290894e-02,3.204793669283390045e-03,-2.101459354162216187e-02,-9.376481175422668457e-02,5.229525268077850342e-03,5.458919331431388855e-02,-2.373697794973850250e-02,2.743644081056118011e-02,4.508868604898452759e-02,-6.108522787690162659e-02,1.024676561355590820e-01,1.682480797171592712e-02,-1.483600139617919922e-01,2.352045383304357529e-03,-2.725667506456375122e-02,1.277606189250946045e-02,-1.673259735107421875e-01,2.110306918621063232e-01,1.201055129058659077e-03,1.033696681261062622e-01,-5.598245188593864441e-02,-2.186066284775733948e-02,7.766018062829971313e-02,6.166083738207817078e-02,-3.603423386812210083e-02,1.033950783312320709e-02,8.200255781412124634e-02,9.127949178218841553e-02,4.736480768769979477e-03,-3.938613831996917725e-02,9.333194792270660400e-02,-1.722902245819568634e-02,2.078799456357955933e-01,-9.959509968757629395e-02,-1.003298088908195496e-01,-4.058478772640228271e-02,-1.625068858265876770e-02,1.575079932808876038e-02,5.115251615643501282e-02,-7.634380459785461426e-02,5.109826847910881042e-02,-9.002567082643508911e-02,3.924135863780975342e-02,2.173863947391510010e-01,3.507513552904129028e-02,-4.259197786450386047e-02,-1.003674790263175964e-01,2.941775321960449219e-02,3.186577558517456055e-02,-4.429396241903305054e-02,1.036480814218521118e-01,-5.291013792157173157e-02,-8.403981477022171021e-02,-1.480695791542530060e-02,-1.519923005253076553e-02,2.235489338636398315e-01,-1.310877781361341476e-02,-4.723273590207099915e-02,-1.483205799013376236e-02,-2.174076065421104431e-02,2.209910564124584198e-02,-6.548234820365905762e-02,-8.661784231662750244e-02,-9.547267854213714600e-02,2.041833102703094482e-01,-4.546309635043144226e-02,2.884384058415889740e-02,6.555190682411193848e-02,-2.258005738258361816e-02,7.254384458065032959e-02,5.730984359979629517e-02,1.745088398456573486e-01,-5.193105712532997131e-02,-4.455543588846921921e-03,1.632584817707538605e-02,1.204991415143013000e-01,-1.264807879924774170e-01,9.121527522802352905e-02,5.165760964155197144e-02,-4.842926561832427979e-02,-1.478454321622848511e-01,2.050675749778747559e-01,-1.511731650680303574e-02,-8.778391778469085693e-02,2.270927466452121735e-02,-1.959612779319286346e-02,2.232326269149780273e-01,2.664461731910705566e-02,-5.978694558143615723e-02,7.790669053792953491e-02
4.052987694740295410e-02,-1.630689650774002075e-01,-4.818208049982786179e-03,1.370943337678909302e-01,-1.377050299197435379e-02,-2.649023197591304779e-02,1.564671397209167480e-01,-3.384333476424217224e-02,4.153648391366004944e-02,1.042403280735015869e-02,-1.135913282632827759e-01,9.822272509336471558e-02,4.539630375802516937e-03,-2.282571792602539062e-02,5.303486809134483337e-02,4.907067492604255676e-02,-6.018238142132759094e-02,-7.197538763284683228e-02,-1.087091304361820221e-02,-4.766488447785377502e-02,3.239312395453453064e-02,6.235305219888687134e-02,-2.281399220228195190e-01,-5.019034817814826965e-02,1.010989993810653687e-01,-1.146996766328811646e-01,-1.519167125225067139e-01,1.365097016096115112e-01,-1.096305251121520996e-01,-1.860460266470909119e-02,1.282494701445102692e-02,-4.801423475146293640e-02,-1.464586108922958374e-01,-9.831964969635009766e-02,1.040802970528602600e-01,-6.127687916159629822e-02,-1.068543735891580582e-02,-4.621933400630950928e-02,-1.281336098909378052e-01,4.927378520369529724e-02,-6.482725590467453003e-02,-1.041392907500267029e-01,-2.402228489518165588e-02,7.097539026290178299e-03,-2.136487700045108795e-02,2.117146179080009460e-02,1.090924348682165146e-02,-1.419997811317443848e-01,1.054832115769386292e-01,7.689225673675537109e-02,-1.699174642562866211e-01,3.468326851725578308e-02,-2.933015488088130951e-02,2.079271897673606873e-02,-9.164288640022277832e-02,2.209936082363128662e-01,-2.962903305888175964e-02,3.110069967806339264e-02,-2.147706225514411926e-02,-1.082136947661638260e-02,8.903427422046661377e-02,6.898605823516845703e-02,-4.718070477247238159e-02,1.148260198533535004e-02,2.280802838504314423e-02,1.564308553934097290e-01,-3.212900087237358093e-02,-8.484534174203872681e-02,8.601853996515274048e-02,-1.425134390592575073e-02,2.041782289743423462e-01,-6.744606792926788330e-02,-8.392816036939620972e-02,-3.007392212748527527e-02,-6.985299289226531982e-02,6.401406228542327881e-02,1.786522194743156433e-02,-5.225637182593345642e-02,9.579411149024963379e-02,-9.824981540441513062e-02,-2.877243421971797943e-02,1.333081871271133423e-01,-1.029629912227392197e-02,-9.527539461851119995e-02,-6.558544188737869263e-02,5.708726495504379272e-02,7.590824365615844727e-02,-3.566289693117141724e-02,1.098038479685783386e-01,3.128613578155636787e-03,-2.649950608611106873e-02,-2.839661901816725731e-03,-3.373641148209571838e-02,2.233189493417739868e-01,5.648372229188680649e-03,-7.087026722729206085e-03,-2.865509130060672760e-02,-3.424147889018058777e-02,5.135736986994743347e-02,-4.978519305586814880e-02,-4.717617854475975037e-02,-9.234654903411865234e-02,2.313552498817443848e-01,-7.958056032657623291e-02,3.227352350950241089e-02,1.089361831545829773e-01,-3.784387558698654175e-02,1.046988666057586670e-01,-3.611831739544868469e-02,1.554248183965682983e-01,-4.388446360826492310e-02,8.988738991320133209e-03,4.364744201302528381e-02,1.517551094293594360e-01,-1.157135143876075745e-01,3.339007869362831116e-02,3.819358348846435547e-02,-4.901528824120759964e-03,-1.326558589935302734e-01,2.046682536602020264e-01,-2.985213138163089752e-02,-8.615943789482116699e-02,3.624744340777397156e-02,-1.301508676260709763e-02,1.891865730285644531e-01,1.457688212394714355e-02,-7.070672512054443359e-02,7.121405750513076782e-02
4.399349167943000793e-02,-2.362797111272811890e-01,-3.888115659356117249e-02,1.812166869640350342e-01,3.098409436643123627e-02,-1.798465102910995483e-02,8.930427581071853638e-02,4.702858161181211472e-03,2.975248917937278748e-02,1.553616393357515335e-02,-1.156303510069847107e-01,5.345531553030014038e-02,-2.200735546648502350e-02,-5.018007010221481323e-02,1.020634844899177551e-01,7.995843887329101562e-02,-6.489342451095581055e-02,-8.235588669776916504e-02,-2.549259550869464874e-02,-1.897513307631015778e-02,1.187828555703163147e-01,-2.674515126273036003e-03,-1.923643350601196289e-01,-8.662467449903488159e-02,1.310067325830459595e-01,-1.226344555616378784e-01,-1.708064973354339600e-01,8.958221226930618286e-02,-7.580109685659408569e-02,-4.932907596230506897e-02,-1.279088854789733887e-02,-4.127467423677444458e-02,-1.135245189070701599e-01,-7.209675759077072144e-02,9.857705235481262207e-02,-5.521837621927261353e-02,-1.549412589520215988e-02,-6.510531529784202576e-03,-1.571593582630157471e-01,5.000722594559192657e-03,-3.113920986652374268e-02,-9.549865871667861938e-02,7.883045822381973267e-03,1.051596403121948242e-01,-5.476367846131324768e-02,5.809145048260688782e-02,8.036674931645393372e-03,-8.104990422725677490e-02,9.425425529479980469e-02,6.555508077144622803e-02,-1.826966702938079834e-01,-4.051408171653747559e-02,-4.422209784388542175e-02,-7.988972589373588562e-03,-8.607432991266250610e-02,1.910887956619262695e-01,-1.281022210605442524e-03,6.064449250698089600e-02,-5.475262925028800964e-02,-5.955563485622406006e-02,8.761698752641677856e-02,5.342758446931838989e-02,-6.224001571536064148e-02,-8.249149657785892487e-03,1.815655827522277832e-02,1.325299739837646484e-01,3.539456520229578018e-03,-1.020797044038772583e-01,5.796605721116065979e-02,-1.515730563551187515e-02,2.071295529603958130e-01,-5.996088683605194092e-02,-1.017675623297691345e-01,-4.286494106054306030e-02,-7.270956039428710938e-02,5.992192775011062622e-02,2.355188317596912384e-02,-9.921395778656005859e-02,9.185435622930526733e-02,-1.058384850621223450e-01,2.930535376071929932e-02,1.644110381603240967e-01,-2.578639611601829529e-02,-9.101516753435134888e-02,-5.340585112571716309e-02,7.104775309562683105e-02,-1.019452814944088459e-03,-5.827946588397026062e-02,1.048630625009536743e-01,-1.164219807833433151e-02,-5.956259369850158691e-02,2.003229223191738129e-02,-5.897586047649383545e-02,2.463750988245010376e-01,-2.132489345967769623e-02,-3.892884775996208191e-02,-4.391315206885337830e-02,2.010462991893291473e-02,3.585693612694740295e-02,4.175096750259399414e-03,-5.327737331390380859e-02,-1.064044460654258728e-01,2.434962391853332520e-01,1.744072884321212769e-02,6.440158188343048096e-02,3.534147888422012329e-02,-1.386938057839870453e-02,7.933540642261505127e-02,4.295446351170539856e-02,1.301615834236145020e-01,-7.537464797496795654e-02,-3.947606310248374939e-02,1.683209463953971863e-02,1.460169106721878052e-01,-1.089476495981216431e-01,3.969468548893928528e-02,4.123335704207420349e-02,-6.706693768501281738e-02,-9.806169569492340088e-02,1.557130962610244751e-01,-2.010488696396350861e-02,-5.331371724605560303e-02,2.787204831838607788e-02,-1.087808981537818909e-02,1.860936135053634644e-01,-6.788549944758415222e-03,-7.052095979452133179e-02,9.670511633157730103e-02
1.940174959599971771e-02,-1.953450590372085571e-01,4.055736213922500610e-02,1.821513921022415161e-01,2.912939339876174927e-02,-4.839896410703659058e-02,1.208069771528244019e-01,-4.874050617218017578e-03,-4.632354248315095901e-03,2.454556897282600403e-02,-9.029480814933776855e-02,9.241092950105667114e-02,-3.834692994132637978e-03,-5.631347373127937317e-02,6.875595450401306152e-02,6.857798993587493896e-02,-6.384515017271041870e-02,-6.297778338193893433e-02,-4.820847883820533752e-02,-6.092315539717674255e-02,7.445176690816879272e-02,6.202554330229759216e-02,-1.819156557321548462e-01,-1.056365221738815308e-01,1.311917752027511597e-01,-1.427092850208282471e-01,-1.334249824285507202e-01,7.987332344055175781e-02,-8.260122686624526978e-02,-2.645579352974891663e-02,-4.159675538539886475e-02,-3.380557894706726074e-02,-1.029121503233909607e-01,-6.099043413996696472e-02,1.132237538695335388e-01,-7.572350651025772095e-02,1.167038735002279282e-02,-4.749127104878425598e-02,-1.405814737081527710e-01,2.258452214300632477e-02,-5.647016689181327820e-02,-9.364204853773117065e-02,1.881492137908935547e-02,4.577143117785453796e-02,-3.643810376524925232e-02,-1.009506871923804283e-03,1.275823544710874557e-02,-7.335671037435531616e-02,1.132759004831314087e-01,4.090998694300651550e-02,-1.714682877063751221e-01,-3.709909319877624512e-02,-8.694275468587875366e-02,-1.221914589405059814e-02,-9.819224476814270020e-02,1.752385646104812622e-01,-3.852011635899543762e-02,6.066874787211418152e-02,-5.374869331717491150e-02,-2.922027558088302612e-02,7.902684062719345093e-02,8.060395717620849609e-02,-6.975392252206802368e-02,-2.664895541965961456e-02,4.634609073400497437e-02,1.343359798192977905e-01,-1.293321512639522552e-02,-6.166271120309829712e-02,6.839739531278610229e-02,8.388170041143894196e-03,2.208217084407806396e-01,-1.275385767221450806e-01,-1.220847740769386292e-01,-9.162761270999908447e-02,-2.371042780578136444e-02,1.098970975726842880e-02,3.668937832117080688e-02,-5.407544970512390137e-02,8.908077329397201538e-02,-1.030845716595649719e-01,-7.248275214806199074e-04,1.646319031715393066e-01,-2.562455832958221436e-03,-8.763892203569412231e-02,-1.048620268702507019e-01,4.557707160711288452e-02,1.701564155519008636e-02,-3.422342240810394287e-02,1.311696022748947144e-01,-6.262061744928359985e-02,-9.794732183218002319e-02,4.312558565288782120e-03,-5.713213607668876648e-02,2.368801832199096680e-01,-2.414601296186447144e-02,-1.350513380020856857e-02,-5.318737030029296875e-02,2.420771401375532150e-03,2.385261841118335724e-02,-4.655251279473304749e-02,-4.103890806436538696e-02,-1.006299257278442383e-01,2.267616838216781616e-01,-6.290782988071441650e-02,6.661103665828704834e-02,8.274403214454650879e-02,-8.235817402601242065e-02,6.894947588443756104e-02,9.639450907707214355e-02,1.520797610282897949e-01,-4.171733185648918152e-02,1.841328665614128113e-02,4.278632253408432007e-02,1.122443005442619324e-01,-1.085228919982910156e-01,3.082872182130813599e-02,5.321954935789108276e-02,-5.294243991374969482e-02,-1.441574394702911377e-01,1.549838334321975708e-01,3.981650515925139189e-04,-4.903317987918853760e-02,4.152864962816238403e-02,-1.437011454254388809e-02,2.056227028369903564e-01,1.457471866160631180e-02,-6.276241689920425415e-02,4.736265167593955994e-02
4.220609739422798157e-02,-2.324737459421157837e-01,-2.141550369560718536e-02,1.566515266895294189e-01,5.057040229439735413e-02,-6.540031637996435165e-03,1.106745675206184387e-01,-3.226982429623603821e-02,1.624586060643196106e-02,-8.372574113309383392e-03,-6.097798794507980347e-02,5.948727950453758240e-02,-5.538193043321371078e-03,-6.333467364311218262e-02,1.443782746791839600e-01,9.612856060266494751e-02,-1.177115738391876221e-01,-1.258577406406402588e-01,-2.357583865523338318e-02,-2.020479738712310791e-02,6.528066843748092651e-02,4.829562082886695862e-02,-1.436176598072052002e-01,-1.152346208691596985e-01,1.168620139360427856e-01,-1.518076509237289429e-01,-1.100641414523124695e-01,5.037776380777359009e-02,-2.323431521654129028e-02,-6.496336311101913452e-02,-5.437350645661354065e-02,-5.099105462431907654e-02,-7.172840833663940430e-02,-5.923177301883697510e-02,1.312203556299209595e-01,-3.761259838938713074e-02,2.325639687478542328e-02,1.087483484297990799e-02,-1.297529488801956177e-01,3.699155151844024658e-02,-2.780404873192310333e-02,-1.194992735981941223e-01,-1.959175802767276764e-03,5.089864507317543030e-02,-4.797810688614845276e-02,5.730523914098739624e-02,4.286516085267066956e-02,-6.962359696626663208e-02,9.967218339443206787e-02,-9.823810309171676636e-03,-1.850902438163757324e-01,-4.547718539834022522e-02,-1.720828004181385040e-02,-5.226437933743000031e-03,-1.247162893414497375e-01,1.484180986881256104e-01,-4.291436169296503067e-03,9.435293823480606079e-02,-7.771912217140197754e-02,-5.558698624372482300e-02,6.096810102462768555e-02,6.918681412935256958e-02,-6.166752800345420837e-02,-1.064561586827039719e-02,6.092694588005542755e-03,1.098459586501121521e-01,-3.479215502738952637e-02,-1.029048636555671692e-01,3.803796693682670593e-02,1.963398419320583344e-02,1.589090079069137573e-01,-8.758985996246337891e-02,-1.106092631816864014e-01,-8.338945358991622925e-02,-1.107253693044185638e-02,3.350571915507316589e-02,2.133623696863651276e-02,-4.927378892898559570e-02,1.423554569482803345e-01,-1.205990985035896301e-01,1.233060192316770554e-02,1.691373884677886963e-01,-2.859049243852496147e-03,-1.051505431532859802e-01,-8.356641232967376709e-02,4.532903060317039490e-02,3.074358217418193817e-02,-1.713449321687221527e-02,6.176152825355529785e-02,-6.547366827726364136e-02,-1.010082289576530457e-01,1.696046441793441772e-02,-4.633317515254020691e-02,2.645976245403289795e-01,-7.567623257637023926e-02,1.105848513543605804e-02,-3.734082728624343872e-02,2.391922473907470703e-02,8.651109039783477783e-02,6.319037172943353653e-03,-7.012739777565002441e-02,-8.126286417245864868e-02,2.214849740266799927e-01,-4.458836093544960022e-02,6.663563847541809082e-02,6.119734421372413635e-02,-9.628643840551376343e-02,5.069354549050331116e-02,8.848971873521804810e-02,1.370665132999420166e-01,-7.543322443962097168e-02,9.232351440005004406e-04,4.296751692891120911e-02,1.286570429801940918e-01,-9.966754168272018433e-02,8.864548802375793457e-02,4.504840448498725891e-02,-6.166197359561920166e-02,-1.583072394132614136e-01,1.397950947284698486e-01,2.797366492450237274e-02,-7.058799266815185547e-02,5.314953252673149109e-02,3.775227069854736328e-02,2.021481543779373169e-01,3.767700865864753723e-02,-7.078607380390167236e-02,7.824307680130004883e-02
3.278929367661476135e-02,-2.652480602264404297e-01,-1.141853514127433300e-03,1.501501947641372681e-01,4.711320996284484863e-02,-4.473947733640670776e-02,8.074422925710678101e-02,-5.211609974503517151e-02,2.574863098561763763e-02,7.343465089797973633e-02,-1.237653717398643494e-01,1.168681979179382324e-01,-7.738446444272994995e-02,-3.909617289900779724e-02,1.123833954334259033e-01,1.302824318408966064e-01,-8.523897826671600342e-02,-9.323360770940780640e-02,-4.694858193397521973e-02,-5.362459272146224976e-02,4.218772426247596741e-02,3.364914655685424805e-02,-2.000277787446975708e-01,-9.497709572315216064e-02,1.434380561113357544e-01,-1.338108628988265991e-01,-1.176684945821762085e-01,2.364133484661579132e-02,-1.002687141299247742e-01,-7.136783562600612640e-03,-1.820543967187404633e-02,-5.967371538281440735e-02,-1.148316636681556702e-01,-3.612228855490684509e-02,8.952662348747253418e-02,-3.917403146624565125e-02,-1.525015477091073990e-02,-2.345841377973556519e-02,-1.178929954767227173e-01,2.505979500710964203e-02,5.989522673189640045e-03,-8.271522074937820435e-02,-3.636722452938556671e-03,2.480271831154823303e-02,-6.665703654289245605e-02,1.194715574383735657e-01,-2.318129874765872955e-02,-3.443318977952003479e-02,3.308367729187011719e-02,-1.773606799542903900e-02,-1.278369426727294922e-01,6.434842944145202637e-03,-4.398164525628089905e-02,1.501390361227095127e-03,-7.142228633165359497e-02,1.705423891544342041e-01,-3.008631244301795959e-02,1.075650304555892944e-01,-7.877174019813537598e-02,-3.455154225230216980e-02,3.053863346576690674e-02,7.086762785911560059e-02,-1.705216988921165466e-02,-4.101535677909851074e-02,5.178008228540420532e-03,4.315969347953796387e-02,-5.069737881422042847e-02,-8.468535542488098145e-02,4.185174778103828430e-02,-1.932215318083763123e-02,1.700421720743179321e-01,-8.804569393396377563e-02,-1.115539520978927612e-01,-6.325026601552963257e-02,-4.552674666047096252e-02,-3.807910159230232239e-02,9.647227823734283447e-03,-5.519538372755050659e-02,9.699199348688125610e-02,-4.955477640032768250e-02,1.032218802720308304e-02,1.723880767822265625e-01,1.102094352245330811e-02,-1.548787653446197510e-01,-7.891260832548141479e-02,1.947076991200447083e-02,1.101704314351081848e-02,-2.229896374046802521e-02,1.595688760280609131e-01,-4.696025326848030090e-02,-6.904150545597076416e-02,-2.642648294568061829e-02,3.279939759522676468e-03,2.361543178558349609e-01,-8.225554600358009338e-03,-2.926274575293064117e-02,-3.518466278910636902e-02,-3.165424615144729614e-02,8.276799321174621582e-02,-9.711987525224685669e-02,-3.876944631338119507e-02,-1.173326969146728516e-01,1.797410398721694946e-01,2.840604400262236595e-03,2.392117679119110107e-02,4.126019403338432312e-02,-5.459380149841308594e-02,6.337948888540267944e-02,1.103444322943687439e-01,1.897554099559783936e-01,-4.893404990434646606e-02,6.456734612584114075e-03,3.064819052815437317e-02,1.138311102986335754e-01,-1.100727170705795288e-01,3.097115829586982727e-02,8.820275962352752686e-02,-4.958838596940040588e-02,-1.632488071918487549e-01,1.876235455274581909e-01,-9.983134455978870392e-03,-1.548280715942382812e-01,3.306552395224571228e-02,1.148340944200754166e-02,1.836998611688613892e-01,3.729641810059547424e-02,-9.573208540678024292e-02,2.209493890404701233e-02
4.310604184865951538e-02,-1.641614735126495361e-01,-2.297825552523136139e-02,1.397399008274078369e-01,6.516434997320175171e-02,-5.624574422836303711e-02,4.060970246791839600e-02,-4.084075614809989929e-02,4.420509189367294312e-02,5.223868787288665771e-02,-1.393097043037414551e-01,1.028150990605354309e-01,-6.017452478408813477e-02,-4.602513089776039124e-02,1.092015728354454041e-01,1.620337069034576416e-01,-7.282630354166030884e-02,-1.008970290422439575e-01,-3.192443773150444031e-02,-4.416617378592491150e-02,3.030791133642196655e-02,3.222818300127983093e-02,-1.400731056928634644e-01,-1.208299994468688965e-01,1.325120478868484497e-01,-1.385874003171920776e-01,-1.375194191932678223e-01,2.776204980909824371e-02,-5.889586359262466431e-02,-3.928222134709358215e-02,-5.329192057251930237e-02,-7.259035110473632812e-02,-1.724045872688293457e-01,-5.406795814633369446e-02,8.384872972965240479e-02,-7.407768815755844116e-02,4.536901041865348816e-02,-4.965389613062143326e-03,-6.427167356014251709e-02,8.121144026517868042e-03,-2.706009708344936371e-02,-1.515793353319168091e-01,-2.840026840567588806e-02,7.992009818553924561e-02,-4.832945764064788818e-02,4.251410439610481262e-02,-2.874058857560157776e-02,-5.440461635589599609e-02,8.992431312799453735e-02,-4.812997207045555115e-02,-1.651254445314407349e-01,2.670840173959732056e-02,2.989663928747177124e-02,1.893439097329974174e-03,-1.196441948413848877e-01,1.457452178001403809e-01,-1.090001314878463745e-02,8.436796069145202637e-02,-1.289887540042400360e-02,-6.673628836870193481e-02,8.635603822767734528e-03,5.241602286696434021e-02,-6.032457202672958374e-02,-1.288809720426797867e-02,4.171348363161087036e-02,8.624867349863052368e-02,3.973301500082015991e-05,-9.012404084205627441e-02,3.239946067333221436e-02,1.381394173949956894e-02,1.753932386636734009e-01,-5.827078968286514282e-02,-1.404445916414260864e-01,-6.048991903662681580e-02,2.107573486864566803e-02,-4.172268323600292206e-03,6.551019102334976196e-02,-5.031460896134376526e-02,1.495186835527420044e-01,-8.716222643852233887e-02,3.711537271738052368e-02,1.661312133073806763e-01,-3.864551195874810219e-03,-1.017064079642295837e-01,-1.246845051646232605e-01,3.219616366550326347e-03,6.774204969406127930e-02,-9.540244005620479584e-03,1.262194961309432983e-01,-4.176728427410125732e-02,-8.094566315412521362e-02,-1.918157748878002167e-02,6.254573911428451538e-02,1.896828114986419678e-01,-9.861975908279418945e-02,1.150214392691850662e-02,-6.458757072687149048e-02,-5.019231140613555908e-02,1.131591498851776123e-01,-7.187899202108383179e-02,-1.035699844360351562e-01,-1.072410643100738525e-01,1.686736941337585449e-01,-7.059063762426376343e-02,4.683137312531471252e-02,7.046041637659072876e-02,-4.552444815635681152e-02,7.201034575700759888e-02,8.988322317600250244e-02,1.621049940586090088e-01,-3.359482809901237488e-02,1.304180361330509186e-02,2.280334569513797760e-02,1.011275053024291992e-01,-6.960409134626388550e-02,7.125235348939895630e-02,8.300245553255081177e-02,-2.846546657383441925e-02,-1.553580015897750854e-01,2.207825630903244019e-01,-3.003936493769288063e-03,-1.619513481855392456e-01,5.633532255887985229e-02,5.953583866357803345e-02,1.583214998245239258e-01,6.700030714273452759e-02,-9.280751645565032959e-02,6.344596296548843384e-02
2.020735666155815125e-02,-2.443180978298187256e-01,-1.819221116602420807e-02,6.170206144452095032e-02,1.571873202919960022e-02,-6.632020324468612671e-02,3.330472111701965332e-02,-4.283681139349937439e-02,5.493667721748352051e-02,1.240136288106441498e-02,-6.751267611980438232e-02,1.170688644051551819e-01,-8.160680532455444336e-02,-3.583335503935813904e-02,8.759857714176177979e-02,8.343151956796646118e-02,-4.107702523469924927e-02,-5.952430143952369690e-02,-3.797129541635513306e-02,-2.916947379708290100e-02,5.701326951384544373e-02,1.677843369543552399e-02,-1.342883259057998657e-01,-6.976404041051864624e-02,1.080734431743621826e-01,-1.013837754726409912e-01,-1.023136824369430542e-01,3.991275653243064880e-02,-7.469484210014343262e-02,-2.109030634164810181e-02,-3.933851793408393860e-02,-1.691005937755107880e-02,-2.256367504596710205e-01,-9.735354036092758179e-02,1.153094172477722168e-01,-4.190241545438766479e-02,6.505818665027618408e-02,-3.541193157434463501e-02,-7.402131706476211548e-02,-4.000671207904815674e-02,-2.053562924265861511e-02,-8.360377699136734009e-02,-3.815372288227081299e-02,1.239462494850158691e-01,-7.134275883436203003e-02,2.746255509555339813e-02,-3.980670124292373657e-02,-3.129919990897178650e-03,8.531683683395385742e-02,-6.205720081925392151e-02,-1.804146468639373779e-01,8.489586412906646729e-03,1.244078390300273895e-03,-1.186492759734392166e-02,-9.674651920795440674e-02,2.070061713457107544e-01,2.527732774615287781e-02,5.350132659077644348e-02,-7.903120666742324829e-02,-5.815121158957481384e-02,-2.766170725226402283e-02,4.248328879475593567e-02,-2.239025570452213287e-02,3.075191006064414978e-02,4.663671925663948059e-02,8.653081953525543213e-02,4.689369723200798035e-02,-9.793421626091003418e-02,7.850370369851589203e-03,-2.738638035953044891e-02,1.703609675168991089e-01,-6.206883117556571960e-02,-1.096400097012519836e-01,-9.816294908523559570e-02,3.678889200091362000e-02,-3.047192655503749847e-02,-8.721413090825080872e-03,-4.210112616419792175e-02,1.618977785110473633e-01,-6.818333268165588379e-02,5.404838919639587402e-02,1.612705290317535400e-01,-4.509687796235084534e-02,-1.742030829191207886e-01,-1.129082068800926208e-01,3.254375606775283813e-02,2.588438056409358978e-02,4.378687590360641479e-02,8.903825283050537109e-02,-6.603175401687622070e-02,-3.907144814729690552e-02,-2.379606477916240692e-02,-2.176824025809764862e-02,1.799912005662918091e-01,-1.447019539773464203e-02,1.499713584780693054e-02,-7.950896769762039185e-02,3.285375609993934631e-02,1.386440359055995941e-02,-3.408929565921425819e-03,-1.106153875589370728e-01,-1.111853495240211487e-01,1.907088607549667358e-01,-1.733531244099140167e-02,5.949999019503593445e-02,5.582697317004203796e-02,-7.118488848209381104e-02,8.249590545892715454e-02,4.401387646794319153e-02,1.525236070156097412e-01,-1.894193992484360933e-04,3.274793177843093872e-02,1.669891364872455597e-02,1.434860229492187500e-01,-1.163720712065696716e-01,7.660903036594390869e-02,2.772638760507106781e-02,-2.320825308561325073e-02,-1.773249655961990356e-01,2.687189579010009766e-01,8.735179901123046875e-02,-1.030991896986961365e-01,2.754555828869342804e-02,1.228021830320358276e-01,1.650992929935455322e-01,3.302194550633430481e-02,-1.291994303464889526e-01,1.290435064584016800e-02
3.174518793821334839e-02,-2.005801051855087280e-01,-4.119282960891723633e-02,7.448421418666839600e-02,4.937649890780448914e-02,-5.113641545176506042e-02,6.490707397460937500e-02,1.512267626821994781e-03,1.129529699683189392e-01,-3.937087953090667725e-03,-6.466850638389587402e-02,7.976461201906204224e-02,-8.331463485956192017e-02,-1.201814785599708557e-02,8.440037816762924194e-02,1.023737564682960510e-01,1.431234925985336304e-02,-3.922390192747116089e-02,-5.534915998578071594e-02,-2.643042802810668945e-02,8.771666884422302246e-02,2.286328375339508057e-02,-1.326762288808822632e-01,-8.607878535985946655e-02,1.050400286912918091e-01,-1.104138046503067017e-01,-1.179666593670845032e-01,6.699905544519424438e-02,-1.285694688558578491e-01,-2.983026206493377686e-02,-6.052409484982490540e-02,-1.543260086327791214e-02,-1.885538101196289062e-01,-7.708314061164855957e-02,1.410304307937622070e-01,-2.267047949135303497e-02,6.914456933736801147e-02,-4.634725674986839294e-02,-5.469295755028724670e-02,-6.042531877756118774e-02,-2.567260339856147766e-02,-1.158144176006317139e-01,5.038844887167215347e-03,1.312178969383239746e-01,-9.808273613452911377e-02,1.104969531297683716e-02,-1.955353841185569763e-02,2.582925138995051384e-03,8.617265522480010986e-02,-2.641063556075096130e-02,-1.667900532484054565e-01,1.245085243135690689e-02,-1.323155872523784637e-02,-9.138532914221286774e-03,-1.310947090387344360e-01,1.930958032608032227e-01,-6.617433577775955200e-02,1.211747340857982635e-02,-1.247539594769477844e-01,-1.748280040919780731e-02,3.133294358849525452e-02,2.260624058544635773e-02,-2.657322771847248077e-02,2.082990109920501709e-02,9.199240803718566895e-02,1.146310269832611084e-01,5.541313439607620239e-02,-3.970177844166755676e-02,7.672174274921417236e-02,-4.554768558591604233e-03,1.965548098087310791e-01,-9.428258985280990601e-02,-1.358523517847061157e-01,-4.775726795196533203e-02,2.124097757041454315e-02,1.704998128116130829e-02,4.096057265996932983e-02,-9.130393713712692261e-02,1.510611176490783691e-01,-5.391573160886764526e-02,1.046544965356588364e-02,1.798980236053466797e-01,-4.381073638796806335e-02,-1.043873876333236694e-01,-1.335968375205993652e-01,3.167912364006042480e-02,6.630481034517288208e-02,1.134723518043756485e-02,2.305267192423343658e-02,-5.117280408740043640e-02,-1.012592539191246033e-01,-9.677171707153320312e-03,-3.089393861591815948e-02,1.720292419195175171e-01,-3.216607123613357544e-02,1.417044643312692642e-02,-9.908127784729003906e-02,5.951096117496490479e-02,2.083709463477134705e-02,1.570805907249450684e-02,-1.139530092477798462e-01,-9.863401949405670166e-02,2.112653851509094238e-01,-3.020589426159858704e-02,8.814249932765960693e-02,6.452769041061401367e-02,-7.105102390050888062e-02,1.108981445431709290e-01,3.825588151812553406e-02,1.185611635446548462e-01,-3.016602620482444763e-02,3.015934489667415619e-02,4.541496746242046356e-03,1.243586093187332153e-01,-9.824443608522415161e-02,7.672376930713653564e-02,3.808091580867767334e-02,-7.313002832233905792e-03,-1.565564870834350586e-01,2.167424261569976807e-01,5.634254589676856995e-02,-8.796445280313491821e-02,4.390667006373405457e-02,1.183347702026367188e-01,1.879849582910537720e-01,6.081128120422363281e-02,-1.074815690517425537e-01,2.388416975736618042e-02
3.861029073596000671e-02,-1.702493429183959961e-01,-4.561023041605949402e-02,4.838034883141517639e-02,3.945346921682357788e-02,-6.998945027589797974e-02,1.006387993693351746e-01,-7.063508033752441406e-02,1.290236413478851318e-01,-4.308671131730079651e-02,-2.736214175820350647e-02,1.059240922331809998e-01,-3.066554851830005646e-02,1.631683483719825745e-02,9.831085056066513062e-02,7.358106970787048340e-02,1.671305857598781586e-02,-5.038469657301902771e-02,-6.301368027925491333e-02,-2.020552381873130798e-02,8.210346102714538574e-02,5.337623506784439087e-02,-1.043547317385673523e-01,-5.875345319509506226e-02,1.202868744730949402e-01,-1.014256030321121216e-01,-7.566341012716293335e-02,6.120932847261428833e-02,-1.470897048711776733e-01,-9.666089899837970734e-03,-7.531933486461639404e-02,-4.526291042566299438e-02,-2.190081179141998291e-01,-1.019202172756195068e-01,1.699653714895248413e-01,1.672186143696308136e-02,7.629220932722091675e-02,-9.107447415590286255e-02,-6.446106731891632080e-02,-2.664023451507091522e-02,-7.483468949794769287e-02,-8.563240617513656616e-02,-2.691279537975788116e-02,1.109744235873222351e-01,-2.638569474220275879e-02,4.410497471690177917e-02,-1.444881409406661987e-02,-5.052775144577026367e-02,9.105674922466278076e-02,-1.137628685683012009e-02,-1.184950917959213257e-01,-5.285181570798158646e-03,-4.246219247579574585e-02,7.192100863903760910e-03,-8.696668595075607300e-02,1.906608045101165771e-01,-6.635452806949615479e-02,-2.307629445567727089e-03,-6.262494623661041260e-02,6.498506758362054825e-03,5.526047199964523315e-03,5.889174342155456543e-02,5.917968694120645523e-03,2.666002884507179260e-02,1.106126606464385986e-01,1.639291197061538696e-01,3.451032936573028564e-02,-2.506816573441028595e-02,7.799284905195236206e-02,1.856745104305446148e-03,1.977133750915527344e-01,-1.275649517774581909e-01,-1.435733437538146973e-01,-4.843990877270698547e-02,1.564437896013259888e-02,2.243047766387462616e-02,4.985901713371276855e-02,-7.370115816593170166e-02,1.256815195083618164e-01,-6.282550096511840820e-02,-1.465430762618780136e-02,1.936476975679397583e-01,-3.914062981493771076e-04,-1.324971467256546021e-01,-9.371455013751983643e-02,9.453121572732925415e-02,6.818069517612457275e-02,-9.489307180047035217e-03,6.422585994005203247e-02,-2.707133814692497253e-02,-6.864767521619796753e-02,9.715311462059617043e-04,4.058963153511285782e-03,1.591320335865020752e-01,-4.902420565485954285e-02,-9.178101085126399994e-03,-8.141401410102844238e-02,1.344767771661281586e-02,-2.819574810564517975e-02,-3.167109936475753784e-02,-9.652015566825866699e-02,-8.754469454288482666e-02,2.267538160085678101e-01,-4.339417070150375366e-02,8.164585381746292114e-02,1.082283481955528259e-01,-7.069049775600433350e-02,6.494834274053573608e-02,6.558936089277267456e-02,1.536693423986434937e-01,-7.288567721843719482e-02,2.276568301022052765e-02,-1.185833849012851715e-02,1.006703078746795654e-01,-8.892662823200225830e-02,7.491791248321533203e-02,3.477324172854423523e-02,-3.276749327778816223e-02,-1.836016327142715454e-01,2.021747380495071411e-01,4.948506131768226624e-02,-5.246193706989288330e-02,7.140042632818222046e-02,1.118348613381385803e-01,1.808546185493469238e-01,1.712957583367824554e-02,-1.328174620866775513e-01,-1.466480083763599396e-03
3.494192659854888916e-02,-2.153967171907424927e-01,-2.389396354556083679e-02,7.052120566368103027e-02,8.738141506910324097e-02,-5.358906090259552002e-02,1.305169612169265747e-01,-2.820650674402713776e-02,1.560686677694320679e-01,-4.619860649108886719e-02,-2.384371869266033173e-02,1.213441342115402222e-01,-6.279217451810836792e-02,-2.261353097856044769e-02,1.670437753200531006e-01,3.360538929700851440e-02,-5.630683526396751404e-02,-4.097673669457435608e-02,2.016701269894838333e-03,1.544477045536041260e-02,2.404780872166156769e-02,5.372459441423416138e-02,-1.427483260631561279e-01,-2.220721915364265442e-02,1.537905037403106689e-01,-1.143493205308914185e-01,-1.025925353169441223e-01,6.619720160961151123e-02,-8.615546673536300659e-02,-6.891096383333206177e-02,-3.146532177925109863e-02,-5.678641051054000854e-02,-2.337981760501861572e-01,-5.642505735158920288e-02,1.718272715806961060e-01,-3.156208992004394531e-02,4.799624159932136536e-02,-7.125896215438842773e-02,-6.696648895740509033e-02,-4.574034363031387329e-02,-2.477853372693061829e-02,-5.219323560595512390e-02,-4.942906647920608521e-02,4.783248901367187500e-02,-8.588267117738723755e-02,1.307690143585205078e-01,-7.810395956039428711e-02,2.374681644141674042e-02,2.863006480038166046e-02,-1.186013128608465195e-02,-1.476052403450012207e-01,1.499414909631013870e-02,-8.957406505942344666e-03,8.777150884270668030e-03,-8.262899518013000488e-02,1.615005433559417725e-01,-7.013294380158185959e-03,1.188841387629508972e-01,-6.938274949789047241e-02,-2.500281669199466705e-02,2.780626900494098663e-02,9.636741876602172852e-02,4.657677561044692993e-02,2.804759191349148750e-03,3.482087329030036926e-02,8.632533252239227295e-02,6.465342640876770020e-02,-4.281076416373252869e-02,8.257578313350677490e-02,-8.575136959552764893e-02,1.926291137933731079e-01,-7.390341907739639282e-02,-1.781930178403854370e-01,-6.862539052963256836e-02,-5.016017821617424488e-04,4.651317745447158813e-02,3.953450918197631836e-02,-9.302491694688796997e-02,8.976868540048599243e-02,-4.454774409532546997e-02,6.398422271013259888e-02,1.844415664672851562e-01,2.671316964551806450e-03,-5.114640668034553528e-02,-2.720417641103267670e-02,7.448585331439971924e-02,5.945996567606925964e-02,-2.896446734666824341e-02,1.167326569557189941e-01,-3.772373124957084656e-02,-3.776468336582183838e-02,8.664026856422424316e-03,6.062395870685577393e-02,9.698232263326644897e-02,4.994415119290351868e-02,-7.435338944196701050e-02,-3.742250427603721619e-02,-1.207772083580493927e-02,4.775988310575485229e-02,-3.826602548360824585e-02,-1.008832082152366638e-01,-8.919408172369003296e-02,2.338974624872207642e-01,-3.093923255801200867e-02,3.862658143043518066e-02,1.168903056532144547e-02,-3.188031911849975586e-02,8.323335647583007812e-02,7.083462178707122803e-02,1.211834251880645752e-01,-7.599427551031112671e-02,3.797158226370811462e-02,2.578323893249034882e-02,1.606581062078475952e-01,-7.859271019697189331e-02,6.265513598918914795e-02,1.196256950497627258e-01,-5.744849145412445068e-02,-1.675527542829513550e-01,1.215120628476142883e-01,7.137949764728546143e-02,-1.401109248399734497e-01,7.485441863536834717e-02,5.822276696562767029e-02,1.967470347881317139e-01,-1.188332494348287582e-02,-1.084612235426902771e-01,-7.035069167613983154e-03
7.682594656944274902e-02,-2.436453104019165039e-01,1.697597093880176544e-03,6.337726861238479614e-02,6.294777244329452515e-02,-7.078069448471069336e-02,9.333153069019317627e-02,-1.821674033999443054e-02,1.462357789278030396e-01,-7.317709922790527344e-02,1.493904646486043930e-02,1.267173737287521362e-01,-5.453589558601379395e-02,-4.476568847894668579e-02,1.453920453786849976e-01,6.602874398231506348e-02,-5.893382430076599121e-02,-2.060384023934602737e-03,1.006034854799509048e-02,-5.345215555280447006e-03,5.884669721126556396e-02,5.463372170925140381e-02,-1.134617403149604797e-01,-9.601669444236904383e-05,1.233448237180709839e-01,-6.144799292087554932e-02,-4.879390448331832886e-02,3.838685154914855957e-02,-1.152281537652015686e-01,-4.485996440052986145e-02,-9.144135564565658569e-02,-4.168906062841415405e-02,-2.153799533843994141e-01,-4.009008780121803284e-02,2.031796425580978394e-01,-1.076346728950738907e-02,-1.237559691071510315e-02,-7.097703218460083008e-02,-7.797282189130783081e-02,3.172385320067405701e-02,3.715459490194916725e-03,-2.566143125295639038e-02,-6.658476591110229492e-02,6.239220872521400452e-02,-1.071979478001594543e-01,3.432260453701019287e-02,-8.639413118362426758e-02,4.527672659605741501e-03,6.637572497129440308e-02,-3.017050400376319885e-02,-1.370811611413955688e-01,1.249702880159020424e-03,-3.641346842050552368e-02,-4.359091818332672119e-02,-6.189322471618652344e-02,1.462853103876113892e-01,-2.307593077421188354e-02,7.123891264200210571e-02,-7.801079750061035156e-02,-2.011374570429325104e-02,1.426753401756286621e-02,9.546222537755966187e-02,6.465573608875274658e-02,5.153422430157661438e-02,6.271126121282577515e-02,1.141513064503669739e-01,7.797006517648696899e-02,-3.894669562578201294e-02,6.183333322405815125e-02,-6.102730333805084229e-02,2.233830392360687256e-01,-7.270950078964233398e-02,-1.602724939584732056e-01,-2.403151616454124451e-02,3.436599625274538994e-03,3.420673683285713196e-02,6.347268074750900269e-02,-5.819560214877128601e-02,1.065037623047828674e-01,-3.799137845635414124e-02,-2.352610975503921509e-02,1.877846717834472656e-01,-1.418125070631504059e-02,-1.394620686769485474e-01,-8.208072185516357422e-02,1.121421977877616882e-01,1.016378998756408691e-01,-4.098293837159872055e-03,1.391070038080215454e-01,-6.944821029901504517e-02,-4.267427325248718262e-02,-7.521316874772310257e-03,-9.208097122609615326e-03,8.171438425779342651e-02,-2.517142798751592636e-03,-5.345106497406959534e-02,-9.622234106063842773e-02,1.200334448367357254e-02,-2.386786974966526031e-03,1.096054445952177048e-02,-9.327310323715209961e-02,-4.424714669585227966e-02,2.164825946092605591e-01,-2.781269140541553497e-03,4.486041888594627380e-02,3.286588191986083984e-02,-2.687231637537479401e-02,1.062019020318984985e-01,5.316372960805892944e-02,1.257985532283782959e-01,-6.845361739397048950e-02,7.278194278478622437e-02,1.667929068207740784e-02,1.320636868476867676e-01,-9.480398893356323242e-02,6.532494723796844482e-02,8.666346967220306396e-02,-3.842335939407348633e-02,-1.955721229314804077e-01,1.312006860971450806e-01,1.318509429693222046e-01,-1.374934762716293335e-01,8.406670391559600830e-02,1.043511480093002319e-01,1.753504872322082520e-01,-9.795732330530881882e-04,-9.355109184980392456e-02,-2.644281648099422455e-02
5.286299809813499451e-02,-1.552485525608062744e-01,-1.419271249324083328e-02,8.488619327545166016e-02,6.907024979591369629e-02,-6.513133645057678223e-02,7.986285537481307983e-02,-1.940580643713474274e-02,1.490848511457443237e-01,-5.539386719465255737e-02,-2.510219812393188477e-02,1.360260844230651855e-01,-7.197918742895126343e-02,-3.654634952545166016e-02,1.564440727233886719e-01,6.517880409955978394e-02,-4.505393654108047485e-02,-1.358233578503131866e-02,-3.614461049437522888e-03,-2.897816710174083710e-03,6.663842499256134033e-02,5.796977877616882324e-02,-1.225686594843864441e-01,8.875582367181777954e-03,1.322486549615859985e-01,-8.927410840988159180e-02,-5.597760900855064392e-02,3.563198074698448181e-02,-1.214606687426567078e-01,-3.768113628029823303e-02,-5.716177448630332947e-02,-3.076699748635292053e-02,-2.295839637517929077e-01,-8.390923589468002319e-02,1.815358996391296387e-01,-1.371687278151512146e-02,3.104038536548614502e-02,-5.495868250727653503e-02,-5.665516853332519531e-02,3.190715238451957703e-02,-1.265882141888141632e-02,-7.686833292245864868e-02,-5.886944010853767395e-02,2.291788533329963684e-02,-1.161781474947929382e-01,6.793017685413360596e-02,-3.995566815137863159e-02,-2.377683995291590691e-03,6.797921657562255859e-02,-1.971209608018398285e-02,-1.439002901315689087e-01,3.112736716866493225e-02,7.158313877880573273e-03,-7.231432199478149414e-02,-9.329111874103546143e-02,1.378335505723953247e-01,-3.452813997864723206e-02,4.636332765221595764e-02,-1.281269639730453491e-01,-1.320687960833311081e-02,-1.817654073238372803e-02,1.079704836010932922e-01,6.013550981879234314e-02,2.588903158903121948e-02,1.044844463467597961e-01,1.056983694434165955e-01,6.556083261966705322e-02,-3.354524821043014526e-02,9.415932744741439819e-02,-2.049281261861324310e-02,1.995558291673660278e-01,-9.384506940841674805e-02,-1.568024009466171265e-01,-1.994545571506023407e-02,1.894346438348293304e-02,4.098788648843765259e-02,4.977906122803688049e-02,-8.843404799699783325e-02,1.739302724599838257e-01,-8.922196179628372192e-02,-1.189268194139003754e-02,1.974937021732330322e-01,-4.458060953766107559e-03,-1.287589073181152344e-01,-8.076874166727066040e-02,8.605061471462249756e-02,9.984853863716125488e-02,-8.920419029891490936e-03,1.417051106691360474e-01,-2.928147837519645691e-02,-3.299642354249954224e-02,-2.778676804155111313e-03,1.870907656848430634e-02,7.973886281251907349e-02,-3.212203457951545715e-02,-5.511439964175224304e-02,-7.416397333145141602e-02,3.162273904308676720e-03,2.307376824319362640e-02,3.797584399580955505e-02,-9.523756057024002075e-02,-8.876951038837432861e-02,1.927659362554550171e-01,-1.405864208936691284e-02,4.621349647641181946e-02,1.682874932885169983e-02,-3.843891248106956482e-02,9.854888170957565308e-02,1.211016252636909485e-02,1.402006745338439941e-01,-4.953266307711601257e-02,6.479715555906295776e-02,2.566353604197502136e-02,1.567964851856231689e-01,-7.394901663064956665e-02,9.289910644292831421e-02,9.949651360511779785e-02,-3.661959245800971985e-02,-1.778413653373718262e-01,1.421030312776565552e-01,1.248028576374053955e-01,-1.177549660205841064e-01,7.133180648088455200e-02,1.119348853826522827e-01,1.828456372022628784e-01,-2.392451465129852295e-02,-9.271827340126037598e-02,-2.651925571262836456e-02
6.055545061826705933e-02,-2.040595263242721558e-01,3.204831853508949280e-02,1.060920283198356628e-01,9.085943549871444702e-02,-8.259166777133941650e-02,7.201898843050003052e-02,-2.729882113635540009e-02,1.283363103866577148e-01,-9.450923651456832886e-02,-1.215422526001930237e-03,1.143761873245239258e-01,-9.862479567527770996e-02,-9.256864339113235474e-02,1.566922962665557861e-01,7.949565351009368896e-02,-4.941358789801597595e-02,-2.330462820827960968e-02,2.072305791079998016e-02,-9.670962579548358917e-03,4.629054293036460876e-02,7.076839357614517212e-02,-1.015041843056678772e-01,9.325021877884864807e-03,1.356341838836669922e-01,-9.436045587062835693e-02,-4.721923545002937317e-02,3.013572655618190765e-02,-1.050567254424095154e-01,-3.569073230028152466e-02,-1.127596125006675720e-01,-5.624597147107124329e-02,-2.206044793128967285e-01,-5.870552361011505127e-02,1.531169861555099487e-01,-1.122701354324817657e-02,2.734269946813583374e-02,-4.692787677049636841e-02,-5.139161273837089539e-02,2.779073640704154968e-02,7.075258996337652206e-03,-4.690408706665039062e-02,-5.209389701485633850e-02,-2.465841174125671387e-02,-1.183882281184196472e-01,9.478104114532470703e-02,-3.412545472383499146e-02,4.309401288628578186e-02,5.861629545688629150e-02,-6.612977012991905212e-03,-1.580511778593063354e-01,-1.003313227556645870e-03,-1.548636611551046371e-02,-8.362980931997299194e-02,-8.853931725025177002e-02,1.136296838521957397e-01,-1.201900653541088104e-02,3.725892305374145508e-02,-1.091578751802444458e-01,1.827048137784004211e-02,-2.470628730952739716e-02,9.120336174964904785e-02,8.459803462028503418e-02,7.108459621667861938e-02,6.738213449716567993e-02,9.073180705308914185e-02,1.146283149719238281e-01,-6.709721684455871582e-02,7.019492238759994507e-02,-4.026666283607482910e-02,1.788484454154968262e-01,-8.960050344467163086e-02,-1.191100254654884338e-01,7.446060772053897381e-04,3.173078643158078194e-03,7.975389063358306885e-02,5.443171784281730652e-02,-8.185637742280960083e-02,1.188102662563323975e-01,-5.180867388844490051e-02,-1.541167125105857849e-02,1.804866492748260498e-01,-1.151536405086517334e-02,-1.442855894565582275e-01,-5.939387157559394836e-02,4.484553635120391846e-02,9.739893674850463867e-02,-5.685593187808990479e-02,1.177890300750732422e-01,-5.657223612070083618e-02,-3.772550262510776520e-03,-3.343063965439796448e-02,-2.109119482338428497e-02,1.075689345598220825e-01,-3.134490549564361572e-02,-6.533167511224746704e-02,-1.118394955992698669e-01,-3.370705619454383850e-02,-1.993175782263278961e-02,-4.491930361837148666e-03,-1.027429029345512390e-01,-4.014261811971664429e-02,1.779197305440902710e-01,-5.054973065853118896e-03,5.148060247302055359e-02,-3.529592882841825485e-03,-3.861679881811141968e-02,7.290358096361160278e-02,5.805376544594764709e-02,1.643289178609848022e-01,-2.442144975066184998e-02,3.299465775489807129e-02,-1.725465431809425354e-02,1.482647657394409180e-01,-1.092397272586822510e-01,1.022560149431228638e-01,1.355588138103485107e-01,-3.959252312779426575e-02,-1.977802962064743042e-01,8.587419986724853516e-02,1.596075296401977539e-01,-1.122229471802711487e-01,5.652031302452087402e-02,1.112840846180915833e-01,2.059821486473083496e-01,1.991864107549190521e-02,-9.991679340600967407e-02,-2.392411045730113983e-02
8.114151656627655029e-02,-1.989785581827163696e-01,4.277938231825828552e-02,9.433913230895996094e-02,1.059880033135414124e-01,-4.061730578541755676e-02,1.133649945259094238e-01,-4.411299899220466614e-02,1.580229252576828003e-01,-1.108808889985084534e-01,3.348104422912001610e-03,1.402990520000457764e-01,-5.258110538125038147e-02,-6.867935508489608765e-02,1.397952884435653687e-01,3.173648566007614136e-02,-7.982987165451049805e-02,-4.122476652264595032e-02,8.638137369416654110e-04,1.322365179657936096e-02,2.729788236320018768e-02,6.273619085550308228e-02,-9.548592567443847656e-02,1.212979186675511301e-04,1.158890426158905029e-01,-1.014538183808326721e-01,-6.965244561433792114e-02,3.477080492302775383e-03,-9.749457240104675293e-02,-2.766638435423374176e-02,-1.294022500514984131e-01,-8.182014524936676025e-02,-1.971595883369445801e-01,-5.420263484120368958e-02,2.000732421875000000e-01,1.829570531845092773e-02,3.143597766757011414e-02,-5.781974643468856812e-02,-1.428715512156486511e-02,7.923864759504795074e-03,6.635360885411500931e-03,-4.589107632637023926e-02,-4.912192374467849731e-02,-2.419326640665531158e-02,-1.061045527458190918e-01,5.270364880561828613e-02,-1.574303209781646729e-02,5.215744301676750183e-02,7.702433317899703979e-02,-2.514583803713321686e-02,-1.231385096907615662e-01,3.890096396207809448e-02,-5.418692156672477722e-02,-5.537568405270576477e-02,-9.614372253417968750e-02,1.190517693758010864e-01,-2.707033790647983551e-02,6.874296814203262329e-02,-1.217814162373542786e-01,4.057509824633598328e-02,1.895383559167385101e-02,1.206113025546073914e-01,8.514074981212615967e-02,5.202284082770347595e-02,6.841871142387390137e-02,1.287049353122711182e-01,5.605851113796234131e-02,-4.012212157249450684e-02,6.240887194871902466e-02,-2.699296735227108002e-02,1.795792579650878906e-01,-1.152065545320510864e-01,-9.918364137411117554e-02,-2.844425663352012634e-02,4.629924520850181580e-02,4.541228339076042175e-02,1.133163794875144958e-01,-1.055626422166824341e-01,8.501838892698287964e-02,-2.865799702703952789e-02,-4.438346251845359802e-03,1.929544955492019653e-01,3.633933886885643005e-02,-1.447831243276596069e-01,-5.124503374099731445e-02,1.026141792535781860e-01,9.486223012208938599e-02,-6.777840107679367065e-02,7.797159254550933838e-02,-7.312826812267303467e-02,-2.954587899148464203e-02,-5.167204141616821289e-02,-2.214369922876358032e-02,8.850636333227157593e-02,6.561962421983480453e-03,-6.861338019371032715e-02,-5.991199985146522522e-02,-2.738141641020774841e-02,-2.796299196779727936e-02,-3.840126562863588333e-03,-9.554214775562286377e-02,-4.709708318114280701e-02,1.842787414789199829e-01,-2.394765801727771759e-02,5.612407624721527100e-02,1.994774676859378815e-02,-3.188073635101318359e-02,7.349421083927154541e-02,9.706341475248336792e-02,1.540652066469192505e-01,-4.074788093566894531e-02,5.617078393697738647e-02,-2.798184286803007126e-03,1.322917491197586060e-01,-8.986081182956695557e-02,1.218217164278030396e-01,9.703312069177627563e-02,-2.457149326801300049e-02,-2.037917971611022949e-01,9.258216619491577148e-02,1.489466130733489990e-01,-9.913054108619689941e-02,6.536851823329925537e-02,9.992172569036483765e-02,2.079071402549743652e-01,-2.110286295646801591e-04,-1.061003953218460083e-01,-9.337641298770904541e-03
1.006436944007873535e-01,-2.103764563798904419e-01,2.438057772815227509e-02,4.880031198263168335e-02,1.080501228570938110e-01,-8.615703135728836060e-02,1.060027256608009338e-01,-2.333584986627101898e-02,8.045198768377304077e-02,-1.030273661017417908e-01,-2.819710597395896912e-02,1.213616356253623962e-01,-9.841241687536239624e-02,-1.200973615050315857e-01,1.220971941947937012e-01,5.355933681130409241e-02,-8.088429272174835205e-02,-6.973662227392196655e-02,7.174206525087356567e-02,2.220100956037640572e-03,6.314601749181747437e-02,5.459587275981903076e-02,-8.637481927871704102e-02,-5.542627070099115372e-03,9.452693164348602295e-02,-1.202057749032974243e-01,-5.677085369825363159e-02,1.762185804545879364e-02,-1.266248077154159546e-01,-2.050294773653149605e-03,-1.087099239230155945e-01,-9.613861143589019775e-02,-1.847715377807617188e-01,-7.996927946805953979e-02,1.697956323623657227e-01,2.529369667172431946e-02,4.523222520947456360e-02,-4.703821614384651184e-02,-7.957166060805320740e-03,1.129346340894699097e-02,-3.046342544257640839e-02,-6.013933196663856506e-02,-3.257523849606513977e-02,-5.358462035655975342e-02,-1.520050615072250366e-01,5.878731608390808105e-02,3.203149884939193726e-02,4.463511705398559570e-02,5.131480470299720764e-02,3.601478040218353271e-02,-1.249891892075538635e-01,4.357926547527313232e-02,-3.310547769069671631e-02,-7.186619937419891357e-02,-1.269623190164566040e-01,1.046133786439895630e-01,6.565951276570558548e-03,7.194405049085617065e-02,-1.421956419944763184e-01,2.257798798382282257e-02,2.342286892235279083e-02,1.048997193574905396e-01,5.596702173352241516e-02,8.973722904920578003e-02,6.038033589720726013e-02,7.573574781417846680e-02,4.983394220471382141e-02,-4.388295859098434448e-02,7.535328716039657593e-02,-4.068863391876220703e-02,1.572318524122238159e-01,-1.310878694057464600e-01,-1.236529275774955750e-01,-1.004147622734308243e-02,5.108172819018363953e-02,4.458790645003318787e-02,8.012162894010543823e-02,-6.819508969783782959e-02,1.343661546707153320e-01,-4.480336979031562805e-02,-4.431929904967546463e-03,1.930364668369293213e-01,6.994829326868057251e-02,-9.889697283506393433e-02,-6.156808510422706604e-02,5.371629446744918823e-02,6.767610460519790649e-02,-3.504516184329986572e-02,8.840671181678771973e-02,-6.148838996887207031e-02,-2.887945622205734253e-02,-5.919557809829711914e-02,1.950921863317489624e-02,9.605655819177627563e-02,-2.154869772493839264e-02,-6.741161644458770752e-02,-4.513661935925483704e-02,-6.096882000565528870e-02,-1.163768302649259567e-02,-2.977535314857959747e-02,-8.038618415594100952e-02,-4.096398875117301941e-02,1.646876335144042969e-01,9.309695102274417877e-03,-7.955585606396198273e-03,5.105637945234775543e-03,-2.513573318719863892e-02,4.985246434807777405e-02,8.988535404205322266e-02,1.579677313566207886e-01,-5.516964197158813477e-02,5.282932519912719727e-02,-1.325274538248777390e-02,1.038893982768058777e-01,-8.408620953559875488e-02,1.534832864999771118e-01,1.638894081115722656e-01,-6.661212537437677383e-03,-2.048075795173645020e-01,8.198516070842742920e-02,1.297957897186279297e-01,-1.241460666060447693e-01,8.546668291091918945e-02,1.168822497129440308e-01,2.032167911529541016e-01,-2.354852668941020966e-02,-1.398611068725585938e-01,-3.327609226107597351e-02
2.113342285156250000e-02,-2.261831909418106079e-01,4.013434052467346191e-02,3.437543287873268127e-02,1.106724441051483154e-01,-5.031318962574005127e-02,8.207485824823379517e-02,-2.952545508742332458e-02,1.237305179238319397e-01,-8.372579514980316162e-02,6.889741867780685425e-03,1.218501105904579163e-01,-1.086009815335273743e-01,-9.769260883331298828e-02,1.369734108448028564e-01,3.421729430556297302e-02,-9.565407782793045044e-02,-7.066693156957626343e-02,4.690790176391601562e-02,7.902176119387149811e-03,2.445160876959562302e-03,2.972099930047988892e-02,-9.165894985198974609e-02,5.271466914564371109e-03,1.278795897960662842e-01,-1.142868697643280029e-01,-1.134067326784133911e-01,5.058385059237480164e-02,-8.142245560884475708e-02,-6.497430801391601562e-02,-5.655211955308914185e-02,-1.164254546165466309e-01,-2.158436179161071777e-01,-6.613876670598983765e-02,1.816207468509674072e-01,-6.981895770877599716e-03,2.632600814104080200e-02,-3.334671631455421448e-02,-7.735003530979156494e-02,-6.307750009000301361e-03,-4.546371847391128540e-02,-7.425401359796524048e-02,-2.828328683972358704e-02,6.425220984965562820e-03,-1.574880331754684448e-01,8.444552123546600342e-02,-4.004460293799638748e-03,4.507036879658699036e-02,2.932214923202991486e-02,-1.191666931845247746e-03,-1.601160615682601929e-01,3.181122243404388428e-02,-4.863301292061805725e-02,-5.664272233843803406e-03,-7.125677168369293213e-02,1.305303871631622314e-01,-6.841322779655456543e-02,1.192168667912483215e-01,-1.069418415427207947e-01,3.206655010581016541e-02,2.865250222384929657e-02,2.872766181826591492e-02,5.569653958082199097e-02,2.151955477893352509e-02,1.055156439542770386e-01,1.003250256180763245e-01,4.868829995393753052e-02,-1.967924833297729492e-02,1.999997347593307495e-02,-4.394805803894996643e-02,2.081357687711715698e-01,-1.277974545955657959e-01,-1.666256338357925415e-01,-2.345193922519683838e-02,-3.875981643795967102e-02,2.648943103849887848e-02,7.546250522136688232e-02,-7.801545411348342896e-02,1.271458566188812256e-01,-5.205450579524040222e-02,2.988845482468605042e-02,1.376687437295913696e-01,3.060123510658740997e-02,-8.984270691871643066e-02,-2.937635965645313263e-02,4.424867406487464905e-02,5.399895086884498596e-02,-7.101945579051971436e-02,7.017091661691665649e-02,-8.657822012901306152e-02,-4.261799901723861694e-02,-1.582809910178184509e-02,1.413803733885288239e-02,8.590178936719894409e-02,1.999410614371299744e-02,-5.734324082732200623e-02,-7.000235840678215027e-03,-3.317415341734886169e-02,4.330578446388244629e-02,-4.424590989947319031e-02,-5.201961845159530640e-02,-8.842406421899795532e-02,1.984854191541671753e-01,5.514944344758987427e-02,9.345852583646774292e-02,1.482023485004901886e-02,-7.049901410937309265e-03,1.233301684260368347e-01,8.847740292549133301e-02,1.417489051818847656e-01,-6.519175320863723755e-02,3.399528190493583679e-02,1.972720772027969360e-02,1.444789618253707886e-01,-6.414230912923812866e-02,9.960228204727172852e-02,1.150748580694198608e-01,-3.537240624427795410e-02,-1.876262575387954712e-01,9.573271125555038452e-02,1.292342096567153931e-01,-1.380339413881301880e-01,3.814957290887832642e-02,5.925235524773597717e-02,2.033988833427429199e-01,-3.580573946237564087e-02,-1.349848955869674683e-01,-2.319567429367452860e-04
4.444132745265960693e-02,-2.430368065834045410e-01,5.983344838023185730e-02,2.972362749278545380e-02,6.611151993274688721e-02,-6.692859530448913574e-02,7.776696979999542236e-02,-7.332747336477041245e-03,1.433221399784088135e-01,-4.954950883984565735e-02,-2.969640679657459259e-02,1.685818284749984741e-01,-1.180472597479820251e-01,-6.603844463825225830e-02,1.071760132908821106e-01,3.939502313733100891e-02,-3.646563366055488586e-02,-1.266359090805053711e-01,2.864023298025131226e-02,5.476246122270822525e-03,1.040899474173784256e-02,5.511707440018653870e-02,-1.175738051533699036e-01,9.917930699884891510e-03,9.765953570604324341e-02,-1.304444521665573120e-01,-9.998219460248947144e-02,2.947937510907649994e-02,-1.330295354127883911e-01,-7.331967353820800781e-02,-3.348197042942047119e-02,-7.750562578439712524e-02,-2.425154000520706177e-01,-8.635839819908142090e-02,1.809755414724349976e-01,-3.405452147126197815e-02,6.726894527673721313e-02,-8.377034217119216919e-02,-6.112696230411529541e-02,-4.305483400821685791e-02,-5.353480949997901917e-02,-5.154685303568840027e-02,-4.083244130015373230e-02,7.676082849502563477e-02,-1.113589853048324585e-01,1.115312576293945312e-01,1.946925744414329529e-02,1.766748353838920593e-02,3.565459046512842178e-03,-6.625873036682605743e-03,-1.427932083606719971e-01,9.190937504172325134e-03,-5.528611689805984497e-02,-2.719522686675190926e-03,-6.646021455526351929e-02,1.216870322823524475e-01,-7.780785858631134033e-02,8.390090614557266235e-02,-8.122137933969497681e-02,7.876797579228878021e-03,-7.755930535495281219e-03,4.200949892401695251e-02,2.734534442424774170e-02,1.901944866403937340e-03,6.805786490440368652e-02,9.441639482975006104e-02,-5.794600001536309719e-04,-1.882637664675712585e-02,6.472137570381164551e-02,-1.482873689383268356e-02,1.959739178419113159e-01,-1.424005031585693359e-01,-1.552512049674987793e-01,-1.163649410009384155e-01,-3.274517878890037537e-02,-1.888528116978704929e-03,4.240160435438156128e-02,-1.171552538871765137e-01,1.339779496192932129e-01,-6.757727265357971191e-02,4.533543437719345093e-02,1.421515345573425293e-01,2.732036076486110687e-02,-1.426410824060440063e-01,-1.892437785863876343e-02,8.019734919071197510e-02,1.716647855937480927e-02,-1.948853954672813416e-02,7.976062595844268799e-02,-6.834461539983749390e-02,2.040519937872886658e-02,-2.350240014493465424e-02,3.342003747820854187e-02,1.014029979705810547e-01,2.994965761899948120e-03,-5.216491222381591797e-02,-3.771090507507324219e-02,-3.461675345897674561e-02,4.071985557675361633e-02,1.650550030171871185e-02,-9.442210197448730469e-02,-1.142196804285049438e-01,1.644875705242156982e-01,-1.936445385217666626e-02,8.141673356294631958e-02,4.447423666715621948e-02,-6.187052652239799500e-02,7.587338984012603760e-02,7.194900512695312500e-02,1.489759385585784912e-01,-9.085731208324432373e-02,2.765904366970062256e-02,4.824608191847801208e-02,1.475856155157089233e-01,-1.038394421339035034e-01,8.273110538721084595e-02,8.862839639186859131e-02,-4.018675908446311951e-02,-1.756945401430130005e-01,1.621143221855163574e-01,9.277030825614929199e-02,-1.282180100679397583e-01,6.682737171649932861e-02,8.230587095022201538e-02,1.262381076812744141e-01,-4.166896268725395203e-02,-1.015425547957420349e-01,-8.511283434927463531e-03
1.732573844492435455e-02,-2.027405500411987305e-01,5.671177804470062256e-02,7.329594343900680542e-02,6.069162115454673767e-02,-5.767193436622619629e-02,8.086409419775009155e-02,4.032073542475700378e-02,1.266268640756607056e-01,7.613888010382652283e-03,-5.081124231219291687e-02,1.317006796598434448e-01,-7.430341839790344238e-02,-4.672938585281372070e-02,1.071164309978485107e-01,3.731043264269828796e-02,-1.227255258709192276e-02,-4.171663150191307068e-02,-4.020702466368675232e-02,-3.021756187081336975e-02,4.140518978238105774e-02,3.748375177383422852e-02,-1.774143725633621216e-01,-6.096761208027601242e-03,7.977771013975143433e-02,-1.029483377933502197e-01,-1.112832129001617432e-01,4.675328359007835388e-02,-1.120131090283393860e-01,-5.709654092788696289e-02,-1.250805519521236420e-02,-6.958589702844619751e-02,-2.449371963739395142e-01,-9.458339214324951172e-02,1.868402361869812012e-01,-5.998885631561279297e-02,6.569640338420867920e-02,-8.262749016284942627e-02,-1.080728247761726379e-01,-1.123467553406953812e-02,-1.132709532976150513e-02,-6.523940712213516235e-02,-3.863751888275146484e-02,7.670154422521591187e-02,-1.096354499459266663e-01,1.008125618100166321e-01,-3.244266286492347717e-02,-3.793108090758323669e-02,1.460980717092752457e-02,6.332845892757177353e-03,-1.557378023862838745e-01,-1.714177988469600677e-02,-6.238924339413642883e-02,-1.220372784882783890e-02,-1.131324246525764465e-01,1.903809159994125366e-01,-5.415055528283119202e-02,3.862216323614120483e-02,-1.482556313276290894e-01,-2.294139005243778229e-02,2.100186236202716827e-02,3.753489628434181213e-02,-1.288463477976620197e-03,2.716773748397827148e-02,7.300291210412979126e-02,1.266243308782577515e-01,5.132332816720008850e-02,1.528939791023731232e-02,5.618266388773918152e-02,-2.094787359237670898e-02,2.134743779897689819e-01,-1.012915968894958496e-01,-1.544533818960189819e-01,-8.731611073017120361e-02,-2.911408990621566772e-02,4.757912829518318176e-02,2.132530137896537781e-02,-1.323178112506866455e-01,9.253013879060745239e-02,-4.087207466363906860e-02,9.735552221536636353e-02,1.788498312234878540e-01,5.417691078037023544e-03,-1.333544105291366577e-01,-5.614171922206878662e-02,3.065771237015724182e-02,3.249593824148178101e-02,-4.438755661249160767e-02,1.208023577928543091e-01,-8.013936132192611694e-02,-2.772611379623413086e-02,6.306298822164535522e-02,2.123152092099189758e-02,1.001381725072860718e-01,2.695873565971851349e-02,-2.547100558876991272e-02,-2.228737808763980865e-02,2.404383569955825806e-02,8.235979825258255005e-02,-5.291872099041938782e-02,-9.505759924650192261e-02,-1.067255586385726929e-01,1.470921486616134644e-01,-4.146134480834007263e-02,7.019203156232833862e-02,4.881880804896354675e-02,-9.038426727056503296e-02,1.239658743143081665e-01,5.301775783300399780e-02,1.267164349555969238e-01,-9.409337490797042847e-02,6.144054234027862549e-03,-4.044786840677261353e-02,9.898662567138671875e-02,-1.523238569498062134e-01,2.570782229304313660e-02,4.936779662966728210e-02,5.443282425403594971e-04,-1.688572913408279419e-01,1.655566245317459106e-01,7.216383516788482666e-02,-1.560469716787338257e-01,-6.658481433987617493e-03,1.332315336912870407e-02,1.341329365968704224e-01,-1.703443005681037903e-02,-8.551967144012451172e-02,8.908433839678764343e-03
3.497530892491340637e-02,-2.150016278028488159e-01,1.131036318838596344e-02,7.899257540702819824e-02,4.858962446451187134e-02,-6.642434746026992798e-02,2.751396596431732178e-02,-1.729831285774707794e-02,9.815562516450881958e-03,3.955888748168945312e-02,-8.533347398042678833e-02,1.057696789503097534e-01,-8.473282307386398315e-02,-3.224505484104156494e-02,9.654042869806289673e-02,6.665208935737609863e-02,-3.716307133436203003e-02,-8.605653792619705200e-02,-7.635077834129333496e-02,-5.183048546314239502e-02,1.008657366037368774e-01,-5.306574981659650803e-03,-1.157660037279129028e-01,-1.138363629579544067e-01,8.153350651264190674e-02,-1.291228383779525757e-01,-9.162595123052597046e-02,4.181871935725212097e-02,-1.208125129342079163e-01,-2.003501728177070618e-02,-5.525164306163787842e-02,1.132567785680294037e-02,-2.311267554759979248e-01,-7.002320140600204468e-02,8.293589204549789429e-02,-6.812424957752227783e-02,2.752725407481193542e-02,-9.567829966545104980e-02,-1.411056220531463623e-01,-1.051273196935653687e-02,-1.885724067687988281e-02,-6.273992359638214111e-02,-1.926684752106666565e-02,9.672086685895919800e-02,-6.352175027132034302e-02,8.648011088371276855e-02,-1.119668479077517986e-03,-1.428468059748411179e-02,3.540384117513895035e-03,5.363137647509574890e-02,-1.712008416652679443e-01,-3.665063297376036644e-03,-1.255867350846529007e-02,1.363226957619190216e-02,-1.370256543159484863e-01,1.522810310125350952e-01,-1.855013146996498108e-02,3.205064311623573303e-02,-8.514033257961273193e-02,-6.507018208503723145e-02,4.929870739579200745e-02,5.101308226585388184e-02,-1.259254291653633118e-02,-7.527115754783153534e-03,6.516849994659423828e-02,9.241939336061477661e-02,3.951021283864974976e-02,-5.053217336535453796e-02,8.862636238336563110e-02,-3.560796612873673439e-03,1.500599384307861328e-01,-6.582991033792495728e-02,-1.749373823404312134e-01,-1.105043888092041016e-01,1.792078092694282532e-02,-2.115576341748237610e-02,-1.211867388337850571e-02,-8.775128424167633057e-02,1.553879827260971069e-01,-3.068937174975872040e-02,8.741696923971176147e-02,1.337389945983886719e-01,-5.020900815725326538e-02,-1.028856337070465088e-01,-8.914420753717422485e-02,4.854087904095649719e-02,-8.638092316687107086e-03,-7.142070680856704712e-03,1.271510124206542969e-01,-5.747616663575172424e-02,-7.253085076808929443e-02,-6.430063396692276001e-02,-1.131709478795528412e-02,2.349078059196472168e-01,-2.717899903655052185e-02,-1.783182844519615173e-02,-6.738059222698211670e-02,-1.141187734901905060e-03,1.490291114896535873e-02,-2.365610189735889435e-02,-7.957392930984497070e-02,-7.924289256334304810e-02,1.929794549942016602e-01,-4.822778329253196716e-02,6.312264502048492432e-02,7.713235914707183838e-02,-1.361958980560302734e-01,3.491371870040893555e-02,1.712270081043243408e-02,1.568147987127304077e-01,-4.315178841352462769e-02,7.792112417519092560e-03,1.430229842662811279e-02,1.551167368888854980e-01,-2.982490509748458862e-02,8.006208389997482300e-02,3.058025799691677094e-02,-8.295422047376632690e-02,-1.787433028221130371e-01,2.552000284194946289e-01,-8.701975457370281219e-03,-7.024298608303070068e-02,3.195561096072196960e-02,6.756786257028579712e-02,1.930879503488540649e-01,-1.650997065007686615e-02,-1.071112900972366333e-01,8.352734148502349854e-03
2.329138107597827911e-02,-1.945652365684509277e-01,1.413915958255529404e-02,1.130525618791580200e-01,3.329376503825187683e-02,-5.593208223581314087e-02,3.717740252614021301e-02,2.741348743438720703e-02,-2.609958406537771225e-03,5.913172662258148193e-02,-6.048630177974700928e-02,1.201673820614814758e-01,-8.929993957281112671e-02,-5.311814695596694946e-02,1.232444420456886292e-01,1.133094877004623413e-01,-7.576473802328109741e-02,-7.714183628559112549e-02,-6.929305940866470337e-02,-5.577371269464492798e-02,5.764076858758926392e-02,1.915632747113704681e-02,-1.713351905345916748e-01,-1.187209933996200562e-01,1.047116592526435852e-01,-1.021493524312973022e-01,-1.504168808460235596e-01,4.120358452200889587e-02,-1.134936362504959106e-01,-5.184268206357955933e-02,-1.939153298735618591e-02,1.429443620145320892e-02,-2.440175563097000122e-01,-4.074306413531303406e-02,1.141182407736778259e-01,-6.667316704988479614e-02,1.578362658619880676e-02,-7.725942134857177734e-02,-1.416818350553512573e-01,-4.583615809679031372e-04,-3.776087984442710876e-02,-8.563404530286788940e-02,3.472498618066310883e-03,2.174804359674453735e-02,-8.974431455135345459e-02,3.182795271277427673e-02,-3.597628325223922729e-02,-4.066914319992065430e-02,1.461815834045410156e-02,5.920334253460168839e-03,-1.804076284170150757e-01,1.694083213806152344e-02,1.049830019474029541e-02,3.348901635035872459e-03,-7.240058481693267822e-02,1.736266911029815674e-01,-2.167822234332561493e-02,6.026661396026611328e-02,-6.116841733455657959e-02,-5.658937990665435791e-02,6.314330268651247025e-03,3.926555439829826355e-02,-3.137827292084693909e-02,-9.729840792715549469e-03,8.125157654285430908e-02,8.263266086578369141e-02,1.619276218116283417e-02,-3.293026611208915710e-02,8.516716212034225464e-02,-2.127581089735031128e-02,1.783400177955627441e-01,-1.088349670171737671e-01,-1.917180418968200684e-01,-8.367298543453216553e-02,-4.407626762986183167e-02,2.938584610819816589e-02,9.879861027002334595e-03,-2.192979119718074799e-02,1.348696798086166382e-01,-8.440132252871990204e-03,5.729877203702926636e-02,1.311243325471878052e-01,-4.193321987986564636e-02,-1.086355075240135193e-01,-1.258195787668228149e-01,4.414190538227558136e-03,-8.798112161457538605e-03,-1.844153390266001225e-03,1.194729730486869812e-01,-5.509084090590476990e-02,-8.253781497478485107e-02,2.058454975485801697e-02,-2.930763736367225647e-02,1.915047764778137207e-01,-3.979305550456047058e-02,2.344811893999576569e-02,-6.569816917181015015e-02,1.796118356287479401e-02,7.263792306184768677e-02,-6.448633223772048950e-02,-2.980035915970802307e-02,-1.177077293395996094e-01,2.169207036495208740e-01,-1.270769257098436356e-02,7.954437285661697388e-02,8.615306764841079712e-02,-1.001782640814781189e-01,8.367551863193511963e-02,5.389933660626411438e-02,1.704976558685302734e-01,-3.104933165013790131e-02,2.778578549623489380e-02,9.142364561557769775e-02,1.024051308631896973e-01,-6.631496548652648926e-02,7.018095999956130981e-02,5.028748139739036560e-02,-4.161550849676132202e-02,-1.799110174179077148e-01,2.192348241806030273e-01,2.854095026850700378e-02,-6.854573637247085571e-02,2.258536219596862793e-02,5.545138940215110779e-02,1.573062390089035034e-01,3.074248880147933960e-02,-1.037309542298316956e-01,-5.684613250195980072e-03
5.329897999763488770e-02,-1.775559484958648682e-01,3.362628817558288574e-02,1.165128201246261597e-01,1.005570366978645325e-01,-8.559609204530715942e-02,1.142530962824821472e-01,-1.615723595023155212e-02,1.388069521635770798e-02,3.126940503716468811e-02,-4.310179501771926880e-02,1.282083839178085327e-01,-5.267249792814254761e-02,-3.352481126785278320e-02,1.138496547937393188e-01,3.344301879405975342e-02,-7.192064821720123291e-02,-5.889690667390823364e-02,-2.445575222373008728e-02,-2.837151754647493362e-03,3.872810304164886475e-02,3.631463507190346718e-03,-1.708523482084274292e-01,-7.316897809505462646e-02,1.224823221564292908e-01,-6.605614721775054932e-02,-1.115487217903137207e-01,7.128679007291793823e-02,-1.035379394888877869e-01,-7.307143509387969971e-02,-6.543515622615814209e-02,-2.510642074048519135e-02,-2.321792691946029663e-01,-4.795869067311286926e-02,1.224778816103935242e-01,-1.083094626665115356e-01,2.830024994909763336e-02,-8.064746856689453125e-02,-1.329751908779144287e-01,-5.601210519671440125e-03,-4.010883346199989319e-02,-5.202126875519752502e-02,-1.565557159483432770e-02,3.419284522533416748e-02,-2.847804501652717590e-02,7.020273059606552124e-02,-4.921517334878444672e-03,-3.174001350998878479e-02,3.815174102783203125e-02,1.243215799331665039e-02,-1.875397413969039917e-01,1.861711591482162476e-02,-2.719875797629356384e-02,-5.759277381002902985e-03,-1.142165064811706543e-01,1.442915797233581543e-01,-1.696853525936603546e-02,6.670632958412170410e-02,-6.002450361847877502e-02,-5.173224955797195435e-02,1.678110100328922272e-02,6.290622055530548096e-02,-1.011289097368717194e-02,-2.264601923525333405e-02,1.557375211268663406e-02,8.486405014991760254e-02,6.114431098103523254e-02,-3.663407638669013977e-02,8.955827355384826660e-02,-6.841211766004562378e-02,1.379638910293579102e-01,-1.316648423671722412e-01,-1.861664652824401855e-01,-9.078200161457061768e-02,2.954245731234550476e-02,1.621670089662075043e-02,-2.244886010885238647e-02,-5.313982069492340088e-02,1.254216432571411133e-01,-4.219418391585350037e-02,3.739326074719429016e-02,1.732901483774185181e-01,-2.656491659581661224e-02,-8.154227584600448608e-02,-1.281718909740447998e-01,1.636660657823085785e-02,-1.658251625485718250e-03,-4.005466587841510773e-03,1.349173784255981445e-01,-7.356892526149749756e-02,-1.047388091683387756e-01,7.757370360195636749e-03,-2.307526953518390656e-02,1.934528499841690063e-01,2.432523109018802643e-02,-6.470675766468048096e-02,-6.465911865234375000e-02,4.346188902854919434e-02,4.788851737976074219e-02,-2.732208184897899628e-02,-2.509104833006858826e-02,-1.095173805952072144e-01,2.059764713048934937e-01,-3.579895570874214172e-02,1.961526647210121155e-02,4.718742892146110535e-02,-8.931824564933776855e-02,6.577208638191223145e-02,2.850888110697269440e-02,1.635534614324569702e-01,1.147512253373861313e-02,-1.751165278255939484e-02,1.002573221921920776e-01,1.363566517829895020e-01,-6.901754438877105713e-02,8.246541768312454224e-02,7.231437414884567261e-02,-3.017136454582214355e-02,-1.712888032197952271e-01,2.230074852705001831e-01,8.369912207126617432e-02,-7.716313004493713379e-02,-2.895930549129843712e-03,7.557105273008346558e-02,1.924783885478973389e-01,3.576393425464630127e-02,-1.460501700639724731e-01,2.551916288211941719e-03
3.458293154835700989e-03,-2.090578526258468628e-01,-5.662185139954090118e-03,6.703855842351913452e-02,7.427917420864105225e-02,-5.998906865715980530e-02,8.018194884061813354e-02,-1.578383147716522217e-02,7.856463640928268433e-02,2.464310498908162117e-03,3.664880990982055664e-03,1.328917294740676880e-01,-4.247467219829559326e-02,-6.210120022296905518e-02,1.220969408750534058e-01,2.228079549968242645e-02,-2.765235677361488342e-02,-4.543544352054595947e-02,1.312173251062631607e-02,-3.653786331415176392e-02,3.420706465840339661e-02,1.452591037377715111e-03,-1.701850891113281250e-01,-2.949799969792366028e-02,1.155899316072463989e-01,-1.289380788803100586e-01,-1.312346011400222778e-01,4.190055280923843384e-02,-1.148577928543090820e-01,-1.103428658097982407e-02,-1.061220318078994751e-01,-5.471486598253250122e-02,-1.924068629741668701e-01,-7.366915047168731689e-02,1.230695843696594238e-01,-3.387247025966644287e-02,-8.793199434876441956e-03,-4.485659301280975342e-02,-1.321797221899032593e-01,1.739166676998138428e-02,-2.269514463841915131e-02,-4.008375480771064758e-02,-3.522186307236552238e-03,4.466010257601737976e-02,-5.625345185399055481e-02,1.414507627487182617e-01,-4.684718698263168335e-02,-4.205169901251792908e-02,5.811098963022232056e-02,8.847005665302276611e-03,-2.008596658706665039e-01,3.714838251471519470e-02,-4.670474678277969360e-02,-6.881490349769592285e-03,-1.070377379655838013e-01,1.762340366840362549e-01,2.824070490896701813e-02,8.062805980443954468e-02,-1.402593702077865601e-01,-2.439003251492977142e-02,4.893228039145469666e-02,5.977520719170570374e-02,3.993769362568855286e-02,1.369875390082597733e-02,1.395082334056496620e-03,1.257044076919555664e-01,7.710251212120056152e-02,-4.563677683472633362e-02,6.439090520143508911e-02,-7.450558245182037354e-02,1.884600967168807983e-01,-9.393400698900222778e-02,-1.598538756370544434e-01,-3.173595666885375977e-02,-2.208307571709156036e-02,-3.502998501062393188e-02,-1.102363131940364838e-02,-4.426435008645057678e-02,1.413243860006332397e-01,-1.107829883694648743e-01,4.616645164787769318e-03,1.327908039093017578e-01,-4.009807016700506210e-03,-1.050114855170249939e-01,-3.204630687832832336e-02,2.456856891512870789e-02,7.890011183917522430e-03,2.288118936121463776e-03,9.114427864551544189e-02,-3.930852189660072327e-02,-1.149613931775093079e-01,-4.500443115830421448e-02,3.247373178601264954e-02,1.791739612817764282e-01,-8.701365441083908081e-02,-5.531134083867073059e-02,-6.309583038091659546e-02,1.023164018988609314e-02,8.069548755884170532e-02,-1.369424723088741302e-02,-8.094512671232223511e-02,-1.387004256248474121e-01,2.061344385147094727e-01,-1.116516999900341034e-02,4.076869413256645203e-02,6.141242757439613342e-02,-7.599140703678131104e-02,1.168657988309860229e-01,6.945224851369857788e-02,1.770769059658050537e-01,-1.502189692109823227e-02,-4.245535470545291901e-03,-1.314247120171785355e-02,1.270726323127746582e-01,-7.573992013931274414e-02,5.925855413079261780e-02,1.407711356878280640e-01,-5.447845533490180969e-02,-1.460472941398620605e-01,1.714452356100082397e-01,2.438356727361679077e-02,-1.036191582679748535e-01,-4.025722667574882507e-02,3.958865627646446228e-02,1.704037934541702271e-01,4.592726007103919983e-02,-1.351210772991180420e-01,2.882966212928295135e-02
6.476521492004394531e-02,-1.763716191053390503e-01,2.668446116149425507e-02,7.780490815639495850e-02,5.625094473361968994e-02,-1.162155568599700928e-01,9.604956209659576416e-02,-2.001175098121166229e-02,1.055294051766395569e-01,2.896391414105892181e-02,-2.399400249123573303e-02,1.250206381082534790e-01,-2.703232131898403168e-02,-3.796070441603660583e-02,8.708681911230087280e-02,6.275664418353699148e-06,-3.460332006216049194e-02,1.232797466218471527e-02,1.254054997116327286e-02,-3.298618271946907043e-02,2.278682775795459747e-02,-1.409345585852861404e-02,-1.894038021564483643e-01,-3.167277574539184570e-02,1.033974215388298035e-01,-7.178130000829696655e-02,-1.003792807459831238e-01,6.916021555662155151e-02,-1.532033532857894897e-01,-2.423916570842266083e-02,-9.448205679655075073e-02,-6.633917242288589478e-02,-2.329068928956985474e-01,-9.692122042179107666e-02,1.248916462063789368e-01,-4.268397018313407898e-02,-3.415492392377927899e-05,-5.240252241492271423e-02,-1.068731993436813354e-01,4.587612301111221313e-02,-4.968125000596046448e-02,-5.970398429781198502e-03,-3.451764583587646484e-02,3.881987184286117554e-02,-4.489133879542350769e-02,1.106848865747451782e-01,-6.205605342984199524e-02,-4.920110106468200684e-02,6.152636185288429260e-02,-5.019467324018478394e-03,-1.799116134643554688e-01,3.937364369630813599e-02,-6.102428957819938660e-02,-1.501301396638154984e-02,-1.047216504812240601e-01,2.078386396169662476e-01,2.322105225175619125e-03,4.237572476267814636e-02,-1.162164658308029175e-01,-5.583889409899711609e-02,5.791508778929710388e-02,8.340419828891754150e-02,-9.854503907263278961e-03,1.779979839920997620e-02,-1.106700766831636429e-02,7.580702751874923706e-02,1.075603738427162170e-01,-4.996490478515625000e-02,9.896338731050491333e-02,-6.516842544078826904e-02,2.001301050186157227e-01,-9.507368505001068115e-02,-1.842264235019683838e-01,-4.261496663093566895e-02,-3.970460966229438782e-04,-2.576491609215736389e-02,2.981628663837909698e-02,-1.039391458034515381e-01,1.077478304505348206e-01,-4.646954685449600220e-02,-4.151824116706848145e-02,1.517918556928634644e-01,-1.529986131936311722e-02,-1.134275272488594055e-01,-7.773014158010482788e-02,7.016604393720626831e-02,5.660969018936157227e-02,2.254119608551263809e-03,1.462879031896591187e-01,-8.411625772714614868e-02,-1.041099280118942261e-01,-8.024555630981922150e-03,2.629366703331470490e-03,1.439742445945739746e-01,2.259128354489803314e-02,-1.546101924031972885e-02,-9.058815240859985352e-02,1.091894973069429398e-02,6.969947367906570435e-02,5.291947163641452789e-03,-1.001576706767082214e-01,-1.112636476755142212e-01,1.717946529388427734e-01,-5.685899779200553894e-02,-2.916054986417293549e-02,5.950210988521575928e-02,-5.292363837361335754e-02,1.043510809540748596e-01,4.741571098566055298e-02,1.632481366395950317e-01,-3.831567987799644470e-02,-2.481945324689149857e-03,-2.359416708350181580e-02,1.474070250988006592e-01,-1.165177673101425171e-01,5.715136975049972534e-02,1.294288933277130127e-01,-3.226182237267494202e-02,-1.226984187960624695e-01,1.681180745363235474e-01,3.252620622515678406e-02,-1.052709594368934631e-01,-1.974560506641864777e-02,8.446019887924194336e-02,1.624609082937240601e-01,2.484657056629657745e-02,-1.254526078701019287e-01,5.636327899992465973e-03
1.210738089866936207e-03,-1.655126363039016724e-01,-2.231508726254105568e-03,5.755939334630966187e-02,4.389580711722373962e-02,-5.780996754765510559e-02,7.947227358818054199e-02,-4.196116328239440918e-02,1.034127920866012573e-01,3.552715480327606201e-02,-5.968875065445899963e-02,1.182950586080551147e-01,3.344557248055934906e-03,-2.055415324866771698e-02,9.983538836240768433e-02,2.811610326170921326e-02,-1.561064323141181376e-06,1.409167982637882233e-02,-6.823124736547470093e-02,-3.306921944022178650e-02,8.315755426883697510e-02,1.169194933027029037e-03,-1.932402849197387695e-01,1.942608156241476536e-03,1.172553971409797668e-01,-1.298820227384567261e-01,-8.726415783166885376e-02,9.506166912615299225e-03,-1.310251057147979736e-01,5.464755930006504059e-03,-9.199727326631546021e-02,-6.523215770721435547e-02,-2.257495373487472534e-01,-1.267379820346832275e-01,9.787897020578384399e-02,1.814799569547176361e-02,-2.202904038131237030e-02,-1.186439022421836853e-01,-1.341839432716369629e-01,4.518151283264160156e-02,3.502975404262542725e-02,-2.772408723831176758e-02,6.161378696560859680e-04,-6.408576853573322296e-03,-7.182230055332183838e-02,1.051962673664093018e-01,-9.234832972288131714e-02,-6.363204866647720337e-02,5.197980627417564392e-02,-6.215394940227270126e-03,-1.608365029096603394e-01,6.724443286657333374e-02,-9.399368427693843842e-03,-5.706817284226417542e-02,-9.873321652412414551e-02,2.366332411766052246e-01,-5.865949206054210663e-03,-5.862681195139884949e-03,-1.517895907163619995e-01,-5.711477133445441723e-04,6.795661151409149170e-02,8.473941683769226074e-02,-9.803353808820247650e-03,-1.551778987050056458e-02,1.029923744499683380e-02,8.054094016551971436e-02,2.224547415971755981e-02,-1.531389914453029633e-02,7.969922572374343872e-02,-2.653004974126815796e-02,2.416358292102813721e-01,-9.303384274244308472e-02,-9.566754847764968872e-02,-1.662458479404449463e-02,4.055340588092803955e-02,-2.413854561746120453e-02,2.506002783775329590e-02,-1.096018701791763306e-01,9.122781455516815186e-02,1.596130663529038429e-03,-3.106220439076423645e-02,1.146473661065101624e-01,-2.032166346907615662e-02,-1.256148368120193481e-01,-5.211127176880836487e-02,1.002264469861984253e-01,6.153457984328269958e-02,-7.534688804298639297e-03,1.229077503085136414e-01,-9.790316224098205566e-02,-4.112311825156211853e-02,-3.138354420661926270e-02,-4.175228998064994812e-02,1.525435745716094971e-01,-4.280846193432807922e-02,5.795964226126670837e-02,-1.217175349593162537e-01,7.860543206334114075e-03,3.398163244128227234e-02,2.865511178970336914e-02,-9.413605928421020508e-02,-1.361010819673538208e-01,1.609874367713928223e-01,-8.205904066562652588e-02,-5.386298988014459610e-03,7.648663967847824097e-02,-9.756016731262207031e-02,6.119641661643981934e-02,9.898216277360916138e-02,2.120217978954315186e-01,-2.688697353005409241e-02,6.021047383546829224e-02,-1.098010614514350891e-01,1.219626814126968384e-01,-1.360096335411071777e-01,4.899974912405014038e-02,9.391926974058151245e-02,2.563056908547878265e-02,-1.447428017854690552e-01,1.399134099483489990e-01,-8.412091061472892761e-03,-1.127514019608497620e-01,-5.107678100466728210e-02,4.898590594530105591e-02,1.247318238019943237e-01,7.130534946918487549e-02,-7.348374277353286743e-02,4.026240110397338867e-02
7.132601737976074219e-02,-7.801152765750885010e-02,-4.086022824048995972e-02,5.197394639253616333e-02,8.139691501855850220e-02,-8.617568761110305786e-02,4.185575619339942932e-02,2.264282479882240295e-02,1.045892387628555298e-01,1.184494644403457642e-01,-1.015790626406669617e-01,1.408074945211410522e-01,-9.252476692199707031e-02,-3.726999089121818542e-02,1.003551632165908813e-01,-2.383297495543956757e-02,1.340939849615097046e-02,-2.748211473226547241e-02,-6.179098039865493774e-02,-1.546722929924726486e-02,1.166201606392860413e-01,-6.570570170879364014e-02,-1.932988166809082031e-01,-1.845750585198402405e-02,7.826944440603256226e-02,-1.044199094176292419e-01,-6.922245025634765625e-02,-2.614114433526992798e-02,-1.333817243576049805e-01,-1.009092852473258972e-02,-5.153390020132064819e-02,1.808422058820724487e-02,-2.860869765281677246e-01,-5.592019110918045044e-02,8.313514292240142822e-02,-4.644824191927909851e-03,-4.460810869932174683e-02,-7.904449850320816040e-02,-1.232088357210159302e-01,1.020334661006927490e-02,-2.267202734947204590e-02,-3.659092634916305542e-02,-2.973400242626667023e-02,3.029966913163661957e-02,-8.278521150350570679e-02,7.421106100082397461e-02,-8.550915867090225220e-02,1.504677254706621170e-02,2.879731170833110809e-02,-7.748035341501235962e-02,-1.475707739591598511e-01,6.954950094223022461e-02,8.316942304372787476e-02,-1.365823894739151001e-01,-9.613013267517089844e-02,2.252349406480789185e-01,4.948883131146430969e-02,3.454475477337837219e-02,-1.005138233304023743e-01,-8.159343153238296509e-02,7.617727667093276978e-02,1.245658993721008301e-01,-5.239422898739576340e-03,-3.345216810703277588e-02,4.441718012094497681e-02,4.878689348697662354e-02,4.063448682427406311e-02,-5.530598014593124390e-02,1.159140095114707947e-01,3.809414431452751160e-02,1.973631680011749268e-01,-4.044863954186439514e-02,-1.057952791452407837e-01,1.776192151010036469e-02,8.850803971290588379e-02,3.117265738546848297e-02,3.300673142075538635e-02,-1.035751923918724060e-01,1.276279836893081665e-01,1.138661708682775497e-02,-1.424911711364984512e-02,1.502610594034194946e-01,-3.376894816756248474e-02,-8.723896741867065430e-02,-5.734729394316673279e-02,6.390023976564407349e-02,1.837609149515628815e-02,-3.619666770100593567e-02,1.263179630041122437e-01,-5.906696617603302002e-02,3.560135886073112488e-02,-7.140674162656068802e-03,-4.825513437390327454e-02,1.327595561742782593e-01,-6.496427208185195923e-02,4.584491625428199768e-02,-1.289410144090652466e-01,3.733345121145248413e-02,2.802822925150394440e-02,-1.238233037292957306e-02,-1.258054375648498535e-01,-6.691710650920867920e-02,1.381297707557678223e-01,-2.941216900944709778e-02,1.304606348276138306e-02,-2.892273012548685074e-03,-6.993479281663894653e-02,1.379028800874948502e-02,1.075341776013374329e-01,1.739924550056457520e-01,-4.815230891108512878e-02,7.631700485944747925e-02,-1.607807166874408722e-02,8.035223186016082764e-02,-6.031650304794311523e-02,9.724733978509902954e-02,6.228055059909820557e-02,2.485843189060688019e-02,-1.470402628183364868e-01,1.983643770217895508e-01,4.685190320014953613e-02,-1.980577409267425537e-01,1.174379326403141022e-02,9.725682437419891357e-02,1.127527952194213867e-01,1.264459341764450073e-01,-7.538725435733795166e-02,4.233367368578910828e-02
6.215113028883934021e-02,-1.327997148036956787e-01,-2.605989016592502594e-02,8.735205233097076416e-02,6.392309069633483887e-02,-4.438767582178115845e-02,9.711613506078720093e-02,-3.433527797460556030e-02,1.240474656224250793e-01,-1.178956404328346252e-02,-4.005908966064453125e-02,1.117880716919898987e-01,-7.776819169521331787e-02,-7.640575990080833435e-03,8.485356718301773071e-02,-2.694950811564922333e-02,-7.274378836154937744e-02,-4.049697145819664001e-02,-8.071455359458923340e-02,-1.369909383356571198e-02,4.275619238615036011e-02,1.616642624139785767e-02,-1.629200428724288940e-01,-3.608349338173866272e-02,1.052877232432365417e-01,-9.854664653539657593e-02,-9.611547738313674927e-02,-1.406814623624086380e-02,-1.289549171924591064e-01,-1.275311410427093506e-02,-6.055127084255218506e-02,-8.233530074357986450e-02,-2.485536038875579834e-01,-5.566675588488578796e-02,1.828778982162475586e-01,-1.494146231561899185e-02,9.385110810399055481e-03,-7.363856583833694458e-02,-9.589556604623794556e-02,1.382226962596178055e-02,-8.399763464694842696e-05,-4.720108211040496826e-02,-5.088813975453376770e-02,8.628985844552516937e-03,-6.344974040985107422e-02,1.258897930383682251e-01,-4.534947872161865234e-02,6.265591830015182495e-02,5.701150372624397278e-02,-7.886623591184616089e-02,-1.522089242935180664e-01,4.944904893636703491e-02,2.035222575068473816e-02,-6.798515468835830688e-02,-1.149505153298377991e-01,2.367466390132904053e-01,3.105527721345424652e-02,4.429282993078231812e-02,-9.857013821601867676e-02,-4.974990710616111755e-02,4.614305496215820312e-02,1.492355614900588989e-01,3.363030031323432922e-02,-5.519184749573469162e-03,7.965669967234134674e-03,9.922027587890625000e-02,6.597319990396499634e-02,-3.838511928915977478e-02,9.633891284465789795e-02,-1.700329477898776531e-03,1.935977339744567871e-01,-4.655011370778083801e-02,-1.086463481187820435e-01,2.572119608521461487e-02,8.147560805082321167e-02,7.949099689722061157e-02,3.641838952898979187e-02,-1.138154193758964539e-01,1.119579821825027466e-01,-2.250605076551437378e-02,-1.575807668268680573e-02,1.825302392244338989e-01,-1.391448359936475754e-02,-8.507274836301803589e-02,-6.902001053094863892e-02,5.731751769781112671e-02,4.000720754265785217e-02,-5.849692970514297485e-02,1.414496302604675293e-01,-7.746145874261856079e-02,-1.641589961946010590e-02,4.556189849972724915e-02,-5.438289418816566467e-02,1.526772528886795044e-01,-6.337410211563110352e-02,-1.897822134196758270e-03,-8.354629576206207275e-02,3.218161687254905701e-02,5.970391631126403809e-02,1.565986545756459236e-03,-1.402367204427719116e-01,-6.730632483959197998e-02,1.457915306091308594e-01,-1.828413084149360657e-02,2.175387740135192871e-02,2.141792140901088715e-02,-3.372393175959587097e-02,7.032708823680877686e-02,1.178995072841644287e-01,1.691506356000900269e-01,-6.601416319608688354e-02,1.453282684087753296e-02,4.143566824495792389e-03,1.108753532171249390e-01,-1.236475184559822083e-01,7.706388086080551147e-02,2.233958430588245392e-02,-5.112001206725835800e-03,-1.870546489953994751e-01,1.592713594436645508e-01,7.880452275276184082e-02,-1.730849444866180420e-01,4.162241145968437195e-02,9.877441078424453735e-02,1.497308611869812012e-01,7.528236508369445801e-02,-5.225927010178565979e-02,9.676490910351276398e-03
9.810272604227066040e-02,-1.362313777208328247e-01,4.899388179183006287e-03,1.348311156034469604e-01,5.313305556774139404e-02,-5.637514218688011169e-02,7.515379041433334351e-02,-3.696634620428085327e-02,1.566544622182846069e-01,3.212264925241470337e-02,-7.858593761920928955e-02,1.099444478750228882e-01,-3.072585351765155792e-02,2.600442431867122650e-02,8.090894669294357300e-02,1.826712745241820812e-03,-5.080795660614967346e-02,-4.199201613664627075e-02,-8.440789580345153809e-02,3.191619366407394409e-02,3.820239752531051636e-02,-1.078110840171575546e-02,-1.776110827922821045e-01,-6.726116687059402466e-02,1.081976369023323059e-01,-1.174063831567764282e-01,-1.132112294435501099e-01,-4.114546626806259155e-02,-1.517201960086822510e-01,-2.623082883656024933e-02,-6.345773488283157349e-02,-3.425867110490798950e-02,-2.204567492008209229e-01,-4.351010173559188843e-02,1.766865253448486328e-01,-4.146431107074022293e-03,-5.627673119306564331e-02,-1.111294850707054138e-01,-1.164747402071952820e-01,1.720874011516571045e-02,2.152394503355026245e-02,-8.326332271099090576e-02,-6.193657964468002319e-02,-4.025197774171829224e-02,-6.556057929992675781e-02,1.154284328222274780e-01,-2.991131320595741272e-02,2.184363268315792084e-02,6.922730058431625366e-02,-2.722723782062530518e-02,-1.294670403003692627e-01,3.045892715454101562e-02,3.923065587878227234e-02,-1.119701415300369263e-01,-8.977413922548294067e-02,1.876997798681259155e-01,5.172463506460189819e-02,4.111164435744285583e-02,-1.148393675684928894e-01,4.687414504587650299e-03,4.581999778747558594e-02,2.068977355957031250e-01,-1.675793551839888096e-03,7.385697215795516968e-03,1.848164945840835571e-02,1.080351918935775757e-01,2.202264778316020966e-02,-8.184825628995895386e-02,8.649938553571701050e-02,9.000293910503387451e-03,1.847270429134368896e-01,-2.551660314202308655e-02,-2.767947129905223846e-02,2.014303021132946014e-02,8.626653254032135010e-02,5.537023022770881653e-02,3.371327742934226990e-02,-1.178486421704292297e-01,6.525380164384841919e-02,-3.390700742602348328e-02,-3.180924057960510254e-02,1.533855944871902466e-01,-3.698693215847015381e-02,-1.854719072580337524e-01,-8.998846262693405151e-02,7.274909317493438721e-02,1.808220893144607544e-02,-4.854356870055198669e-02,1.067807674407958984e-01,-5.961433798074722290e-02,-3.001884929835796356e-02,6.356084346771240234e-02,-3.213178738951683044e-02,1.754590272903442383e-01,-3.990099579095840454e-02,-2.419527247548103333e-02,-6.570351868867874146e-02,8.242349140346050262e-03,7.117916643619537354e-02,4.308047238737344742e-03,-9.329157322645187378e-02,-8.472397178411483765e-02,1.930216550827026367e-01,-4.358927253633737564e-03,5.920277326367795467e-04,3.844330087304115295e-02,-5.179318413138389587e-02,8.640316873788833618e-02,8.855942636728286743e-02,2.040402591228485107e-01,-6.432201713323593140e-02,4.514509811997413635e-02,2.222802676260471344e-02,1.137198135256767273e-01,-1.023213565349578857e-01,1.632307469844818115e-02,4.061719775199890137e-02,6.339207291603088379e-02,-1.591418534517288208e-01,1.494818627834320068e-01,6.876696646213531494e-02,-1.265307366847991943e-01,4.840382898692041636e-04,1.093423813581466675e-01,1.154124736785888672e-01,3.797656670212745667e-02,-6.799573451280593872e-02,7.549103349447250366e-03
5.578369647264480591e-02,-2.063231170177459717e-01,3.575745597481727600e-02,1.395945549011230469e-01,7.050058338791131973e-03,-1.810636185109615326e-02,9.726942330598831177e-02,-2.687188237905502319e-02,9.257325530052185059e-02,-6.122590508311986923e-03,-4.040377587080001831e-02,7.348431646823883057e-02,2.718723937869071960e-02,-3.517094010021537542e-04,1.324740350246429443e-01,4.109867662191390991e-02,-6.829089671373367310e-02,-3.091893531382083893e-02,-1.580788195133209229e-02,-2.943611703813076019e-03,-2.910827472805976868e-02,1.116393581032752991e-01,-1.960007697343826294e-01,-2.244557067751884460e-02,1.111244559288024902e-01,-8.519172668457031250e-02,-1.195903420448303223e-01,1.819754764437675476e-02,-1.042973548173904419e-01,-4.054003208875656128e-02,-5.037385597825050354e-02,-1.096292510628700256e-01,-1.578671336174011230e-01,-5.848032608628273010e-02,2.400765568017959595e-01,-1.241727964952588081e-03,-2.999152429401874542e-02,-5.323007330298423767e-02,-7.646723836660385132e-02,-8.655871264636516571e-03,2.100922167301177979e-02,-6.193362176418304443e-02,-5.265269055962562561e-02,4.434959962964057922e-03,-6.152297183871269226e-02,1.062115356326103210e-01,-4.548673704266548157e-02,-1.492161676287651062e-02,1.027865931391716003e-01,6.011489033699035645e-02,-1.694496124982833862e-01,1.599864289164543152e-02,1.499481219798326492e-02,-1.296531222760677338e-02,-7.329218089580535889e-02,2.197269797325134277e-01,-2.624637633562088013e-02,3.795800497755408287e-03,-1.103512048721313477e-01,-2.507338672876358032e-02,6.959273666143417358e-02,1.334075927734375000e-01,8.991971611976623535e-03,3.524140268564224243e-02,-3.597797825932502747e-02,1.712183654308319092e-01,6.196571048349142075e-03,-9.895171970129013062e-02,4.696217924356460571e-02,-2.248970419168472290e-02,1.878405511379241943e-01,-6.018101796507835388e-02,-8.211449533700942993e-02,-8.111768215894699097e-02,4.078258201479911804e-02,6.509458273649215698e-02,3.069062344729900360e-02,-1.045388281345367432e-01,9.421664476394653320e-02,-7.645823806524276733e-02,-2.138966694474220276e-02,1.565548926591873169e-01,-3.463571518659591675e-02,-1.412919610738754272e-01,-9.840974956750869751e-02,2.964754588901996613e-02,3.977185860276222229e-02,-3.633349388837814331e-02,6.749711930751800537e-02,-1.442238241434097290e-01,-7.963591814041137695e-02,1.977837644517421722e-03,2.506271563470363617e-02,1.766483485698699951e-01,-2.591440640389919281e-02,-3.189809620380401611e-02,-3.136393800377845764e-02,-1.376945804804563522e-02,6.597697734832763672e-02,-4.340005293488502502e-02,-3.332165256142616272e-02,-9.816578775644302368e-02,2.186221331357955933e-01,-6.457144767045974731e-02,3.949920088052749634e-02,7.598491013050079346e-02,-6.004400551319122314e-02,1.147613450884819031e-01,6.834001839160919189e-02,1.764756590127944946e-01,-1.212511211633682251e-02,3.181384876370429993e-02,1.479282323271036148e-02,1.045030876994132996e-01,-9.862201660871505737e-02,3.798926994204521179e-02,3.075778298079967499e-02,2.282945811748504639e-02,-1.921167522668838501e-01,1.430628001689910889e-01,7.406618446111679077e-02,-6.751488149166107178e-02,-2.454326255246996880e-03,6.169845908880233765e-02,1.585933119058609009e-01,1.072864420711994171e-02,-9.426952153444290161e-02,-1.273346971720457077e-02
6.143124774098396301e-02,-2.170182317495346069e-01,-9.673766791820526123e-03,1.658100336790084839e-01,9.794614464044570923e-02,-3.669858723878860474e-02,3.830609843134880066e-02,-1.174959167838096619e-01,6.456264108419418335e-02,3.224591491743922234e-03,-6.212696805596351624e-02,1.205055937170982361e-01,-6.143678352236747742e-02,-3.860373795032501221e-02,1.319083422422409058e-01,5.976434051990509033e-02,-1.111180558800697327e-01,-1.055013984441757202e-01,-5.217817425727844238e-02,-2.807309292256832123e-02,-5.609357357025146484e-02,8.752260357141494751e-02,-1.475175470113754272e-01,-1.124877035617828369e-01,1.118191778659820557e-01,-1.372169703245162964e-01,-1.197336688637733459e-01,-9.527724236249923706e-03,-6.205762177705764771e-02,1.699485816061496735e-02,-4.204950109124183655e-02,-9.380426257848739624e-02,-1.239832863211631775e-01,-1.031616777181625366e-01,1.286927461624145508e-01,-9.207526594400405884e-02,-2.342762798070907593e-02,-3.022075071930885315e-02,-6.343162059783935547e-02,-1.401133928447961807e-02,2.068388508632779121e-03,-1.534913927316665649e-01,-3.607688471674919128e-02,-1.293054129928350449e-02,-2.906535519286990166e-03,9.469170868396759033e-02,1.725356653332710266e-02,6.632003467530012131e-03,1.196714341640472412e-01,2.758680656552314758e-02,-1.047544553875923157e-01,1.618151552975177765e-02,-3.376430831849575043e-03,-3.365306183695793152e-02,-1.877972036600112915e-01,1.840358227491378784e-01,-1.567232236266136169e-02,2.399310842156410217e-02,-1.035263910889625549e-01,-1.597415539436042309e-03,3.273883089423179626e-02,1.210320368409156799e-01,-5.178387090563774109e-02,2.445875294506549835e-02,-5.815812945365905762e-02,1.342895254492759705e-02,-5.581546947360038757e-02,-7.435010373592376709e-02,1.028752848505973816e-01,-5.070913210511207581e-02,5.834627524018287659e-02,-4.694398865103721619e-02,-4.558192566037178040e-02,-2.768613584339618683e-02,4.430838394910097122e-03,-2.464869432151317596e-02,1.815476827323436737e-02,-5.002298578619956970e-02,1.092973276972770691e-01,-6.427616626024246216e-02,-2.359250746667385101e-02,1.271588206291198730e-01,2.250915765762329102e-02,-9.490121155977249146e-02,-7.556350529193878174e-02,3.515097126364707947e-02,6.803718209266662598e-02,9.883506223559379578e-03,1.466741114854812622e-01,-4.440646618604660034e-02,-5.483203008770942688e-02,1.477515511214733124e-02,9.738072752952575684e-03,2.084732949733734131e-01,-6.512948870658874512e-02,-6.601636111736297607e-02,-3.846627473831176758e-02,-9.113867580890655518e-02,1.150776371359825134e-01,-2.660152502357959747e-02,-1.205901354551315308e-01,-1.484493166208267212e-01,1.701270043849945068e-01,-8.227108418941497803e-02,3.283583745360374451e-02,3.677337244153022766e-02,-7.107999175786972046e-02,8.455688506364822388e-02,5.253075435757637024e-02,2.300156652927398682e-01,-7.338895648717880249e-02,1.617786660790443420e-02,2.137222699820995331e-02,1.263312697410583496e-01,-8.901359140872955322e-02,4.769520461559295654e-02,6.770365685224533081e-02,-1.491953898221254349e-02,-1.847799271345138550e-01,1.999067813158035278e-01,5.699546635150909424e-02,-1.034311875700950623e-01,3.195786848664283752e-02,7.646834105253219604e-02,1.490335911512374878e-01,4.290340095758438110e-02,-5.067209899425506592e-02,-2.384600788354873657e-02
3.061303682625293732e-02,-2.195130735635757446e-01,-3.865204378962516785e-02,1.141235753893852234e-01,7.911405712366104126e-02,5.944718047976493835e-02,7.338062673807144165e-02,-4.808294400572776794e-02,7.474009692668914795e-02,4.567955620586872101e-04,-2.415434829890727997e-02,1.184140890836715698e-01,-5.190521851181983948e-02,-2.389881573617458344e-02,1.269891262054443359e-01,1.161170899868011475e-01,-6.087119877338409424e-02,-5.586060136556625366e-02,-5.489885807037353516e-02,-5.384968966245651245e-02,-5.078171193599700928e-02,6.664833426475524902e-02,-2.228462547063827515e-01,-9.262514859437942505e-02,1.307867020368576050e-01,-1.446326822042465210e-01,-1.221176013350486755e-01,1.688129967078566551e-03,-7.827582210302352905e-02,-3.317068889737129211e-02,-4.479990899562835693e-02,-6.493767350912094116e-02,-1.067560836672782898e-01,-1.617879979312419891e-02,8.029975742101669312e-02,-1.229786723852157593e-01,3.144207177683711052e-03,-5.448599904775619507e-02,-9.556168317794799805e-02,-4.589015617966651917e-02,-4.879480600357055664e-02,-1.637226790189743042e-01,5.085839703679084778e-02,1.204149238765239716e-02,1.408845465630292892e-02,5.718201398849487305e-02,3.454745933413505554e-02,-4.888353124260902405e-02,1.264289319515228271e-01,9.350038133561611176e-03,-1.212190240621566772e-01,1.231416035443544388e-02,-1.303097326308488846e-02,8.933332283049821854e-04,-1.359250098466873169e-01,1.784649044275283813e-01,-5.519324913620948792e-03,2.605446428060531616e-02,-4.623752832412719727e-02,-2.644906938076019287e-02,4.310252144932746887e-02,8.981397002935409546e-02,-7.287813723087310791e-02,-1.648994721472263336e-02,-1.994528062641620636e-02,6.749951094388961792e-02,-1.154902279376983643e-01,-7.577587664127349854e-02,5.016414076089859009e-02,3.323632336105220020e-05,1.199914813041687012e-01,-1.261710226535797119e-01,-1.276773214340209961e-01,-1.558499932289123535e-01,5.206178501248359680e-02,5.859763547778129578e-02,1.270427107810974121e-01,-7.676325738430023193e-02,8.701995760202407837e-02,-9.689282625913619995e-02,1.636981405317783356e-02,1.566917896270751953e-01,4.887474700808525085e-02,-1.079830005764961243e-01,-1.301978528499603271e-01,-7.808219175785779953e-03,2.602054551243782043e-02,-2.048473432660102844e-02,2.158060297369956970e-02,-6.063644215464591980e-02,-8.393200486898422241e-02,3.032447025179862976e-02,3.032399527728557587e-02,2.459826022386550903e-01,-4.127337038516998291e-02,1.765877008438110352e-02,-5.100076273083686829e-02,6.758668925613164902e-03,7.632645964622497559e-02,-3.619160503149032593e-02,-1.202433034777641296e-01,-1.276412308216094971e-01,1.828085929155349731e-01,-2.742190845310688019e-02,4.833918809890747070e-02,2.341310493648052216e-02,-5.217576399445533752e-02,3.975003212690353394e-02,1.317005306482315063e-01,1.645695567131042480e-01,-2.608912251889705658e-02,-1.033767405897378922e-02,6.414619833230972290e-02,1.113393604755401611e-01,-1.254937499761581421e-01,-1.047862786799669266e-02,6.362141668796539307e-02,-1.291260216385126114e-02,-1.229433268308639526e-01,1.449822038412094116e-01,2.589430660009384155e-03,-5.830880627036094666e-02,9.738775901496410370e-03,1.494016945362091064e-01,1.502604633569717407e-01,-1.105578150600194931e-02,-1.027954667806625366e-01,2.213052287697792053e-02
1.366425752639770508e-01,-2.000373154878616333e-01,-1.730897277593612671e-02,1.757060587406158447e-01,7.958085834980010986e-02,6.851449608802795410e-02,1.107157841324806213e-01,-3.178355097770690918e-02,8.379106968641281128e-02,2.446441166102886200e-02,-4.626502841711044312e-02,1.521091461181640625e-01,-5.429834872484207153e-02,-4.028328228741884232e-03,1.129755973815917969e-01,5.529857054352760315e-02,-8.571075648069381714e-02,-8.666537702083587646e-02,2.961155958473682404e-02,-5.217919498682022095e-02,2.597031183540821075e-02,1.026821807026863098e-01,-2.358206361532211304e-01,-7.913228124380111694e-02,1.019008234143257141e-01,-2.005481719970703125e-01,-7.430662214756011963e-02,-6.600634660571813583e-03,-7.065878808498382568e-02,1.223415788263082504e-02,-2.158447355031967163e-02,-7.495434582233428955e-02,-8.287986367940902710e-02,-7.483099400997161865e-02,6.764323264360427856e-02,-1.268519759178161621e-01,1.430706214159727097e-02,6.339907180517911911e-03,-8.458267152309417725e-02,-1.749939471483230591e-02,-8.677182346582412720e-02,-1.333263069391250610e-01,7.755791395902633667e-02,-6.498920265585184097e-04,-3.111127763986587524e-02,-2.232162980362772942e-03,3.553955629467964172e-02,-9.854448959231376648e-03,1.128418818116188049e-01,-3.414128720760345459e-02,-1.325736939907073975e-01,-2.283205278217792511e-02,-3.903047880157828331e-03,-3.719470649957656860e-02,-1.400779336690902710e-01,1.775048822164535522e-01,-1.836897246539592743e-02,2.184173464775085449e-02,-8.486322313547134399e-02,2.314697951078414917e-03,1.328831613063812256e-01,1.208816766738891602e-01,-9.003952890634536743e-02,1.353290397673845291e-02,-1.229232177138328552e-02,2.896472066640853882e-02,-5.912789702415466309e-02,-7.420161366462707520e-02,1.063887253403663635e-01,3.788742795586585999e-02,1.377330422401428223e-01,-1.092832311987876892e-01,-9.008067101240158081e-02,-9.191600978374481201e-02,3.664760664105415344e-02,-2.896006591618061066e-02,9.379281103610992432e-02,-8.639389276504516602e-02,8.922512084245681763e-02,-6.405749171972274780e-02,6.181984394788742065e-02,1.916880011558532715e-01,6.742674112319946289e-02,-1.154228523373603821e-01,-6.879884004592895508e-02,-1.457871962338685989e-02,1.217608340084552765e-02,1.583647727966308594e-02,5.932502821087837219e-02,-5.302862077951431274e-02,-2.516330406069755554e-02,-1.439805957488715649e-03,2.713258145377039909e-04,2.002313733100891113e-01,-1.558157149702310562e-03,-5.755972117185592651e-03,1.396647468209266663e-02,-2.554399706423282623e-02,7.831692695617675781e-02,-2.749657258391380310e-02,-1.039160564541816711e-01,-1.641411483287811279e-01,1.158611476421356201e-01,-1.651400700211524963e-02,7.033792883157730103e-02,-3.175836289301514626e-03,-4.542077705264091492e-02,3.621038421988487244e-02,1.424603164196014404e-01,7.450430840253829956e-02,-8.030832558870315552e-02,2.733553946018218994e-02,4.780935123562812805e-02,6.652012467384338379e-02,-1.495238393545150757e-01,6.800846755504608154e-02,1.001365110278129578e-01,1.016923692077398300e-02,-1.461022049188613892e-01,1.556829214096069336e-01,4.911664873361587524e-02,-1.092716231942176819e-01,5.276932194828987122e-02,8.286360651254653931e-02,1.712576150894165039e-01,2.674425765872001648e-02,-6.727207452058792114e-02,8.651460707187652588e-02
7.914105802774429321e-02,-1.901222765445709229e-01,1.531246118247509003e-02,2.013868093490600586e-01,9.163976460695266724e-02,2.130797319114208221e-02,9.467058628797531128e-02,-5.928943306207656860e-02,1.031708344817161560e-01,6.852283328771591187e-02,-9.508240222930908203e-02,1.575253456830978394e-01,-9.280394017696380615e-02,-2.813183329999446869e-02,1.017811372876167297e-01,6.470034271478652954e-02,-9.539105743169784546e-02,-1.116782501339912415e-01,-4.980487748980522156e-02,-3.384380042552947998e-02,-2.332837693393230438e-02,1.073303520679473877e-01,-2.256521284580230713e-01,-9.493684768676757812e-02,9.811735153198242188e-02,-1.719530522823333740e-01,-8.039914071559906006e-02,1.270593958906829357e-03,-1.000242084264755249e-01,-4.721105564385652542e-03,-5.726693943142890930e-02,-8.803954720497131348e-02,-1.495688408613204956e-01,-3.335899859666824341e-02,1.237478926777839661e-01,-9.536354243755340576e-02,-5.932446569204330444e-02,-2.390597946941852570e-02,-6.682787090539932251e-02,4.422127734869718552e-03,-4.191553592681884766e-02,-1.321514844894409180e-01,3.809158876538276672e-02,7.661825045943260193e-03,-4.412151128053665161e-02,1.645045727491378784e-02,4.457946494221687317e-02,-6.468695937655866146e-05,9.108325839042663574e-02,1.882864907383918762e-02,-1.463156789541244507e-01,-3.623582422733306885e-02,-2.141699753701686859e-02,-4.995740577578544617e-02,-1.739578545093536377e-01,1.785487830638885498e-01,-3.557699546217918396e-02,3.864505887031555176e-02,-1.109031587839126587e-01,1.147242635488510132e-02,1.149167120456695557e-01,1.276524960994720459e-01,-9.166844189167022705e-02,-1.749389991164207458e-02,1.579644531011581421e-02,4.376741498708724976e-02,-2.311016805469989777e-02,-3.395206108689308167e-02,1.363892853260040283e-01,1.544023212045431137e-02,1.597952991724014282e-01,-8.871718496084213257e-02,-8.257798105478286743e-02,-6.886803358793258667e-02,-2.391618303954601288e-02,1.003382378257811069e-03,5.791541561484336853e-02,-7.813110947608947754e-02,9.777089208364486694e-02,5.840839818120002747e-03,-3.238457953557372093e-03,1.443811208009719849e-01,3.599202260375022888e-02,-1.142244786024093628e-01,-1.119290143251419067e-01,1.752765476703643799e-02,3.054934926331043243e-02,8.287181146442890167e-03,7.206401973962783813e-02,-1.051173657178878784e-01,-1.957841962575912476e-02,3.877943009138107300e-02,2.252960018813610077e-02,1.385653614997863770e-01,3.705441020429134369e-03,-1.796219614334404469e-03,-8.362503722310066223e-03,-1.243402063846588135e-02,7.129397243261337280e-02,-8.001727610826492310e-02,-1.060348525643348694e-01,-1.412083655595779419e-01,1.093815863132476807e-01,-3.151598945260047913e-02,4.212744906544685364e-02,2.099541388452053070e-02,-7.715534418821334839e-02,7.409473508596420288e-02,8.423697948455810547e-02,1.583575755357742310e-01,-5.309522897005081177e-02,7.477276027202606201e-02,2.418053895235061646e-02,9.046477824449539185e-02,-1.296334862709045410e-01,8.831502497196197510e-02,6.699141860008239746e-02,4.783084150403738022e-03,-1.402532607316970825e-01,1.524032056331634521e-01,3.375161811709403992e-02,-1.231998056173324585e-01,6.077275797724723816e-02,3.199333325028419495e-02,1.717704683542251587e-01,3.995906934142112732e-02,-7.896149903535842896e-02,6.101172044873237610e-02
7.383956015110015869e-02,-2.008779942989349365e-01,-3.704562038183212280e-02,1.935816258192062378e-01,6.227044388651847839e-02,-5.131486803293228149e-03,3.105142340064048767e-02,-8.634156733751296997e-02,1.806527562439441681e-02,1.308933049440383911e-01,-8.901444077491760254e-02,1.154399812221527100e-01,-7.875707000494003296e-02,4.829971119761466980e-02,1.594070792198181152e-01,6.364464014768600464e-02,-9.403970837593078613e-02,-1.954943388700485229e-01,-4.198200628161430359e-02,-3.455531597137451172e-02,3.215771168470382690e-03,6.815715879201889038e-02,-2.380927056074142456e-01,-1.593580842018127441e-01,5.174922570586204529e-02,-1.406640410423278809e-01,-4.280496761202812195e-02,-1.404064241796731949e-02,-1.117695048451423645e-01,-9.255858138203620911e-03,-6.454320996999740601e-02,-8.951297402381896973e-02,-1.412188708782196045e-01,-2.844144590198993683e-02,1.006889790296554565e-01,-8.521204441785812378e-02,1.986745558679103851e-02,1.692109927535057068e-02,-9.068955481052398682e-02,3.475695848464965820e-03,-2.074898686259984970e-03,-1.193904876708984375e-01,6.231659278273582458e-02,2.649763226509094238e-02,-8.480697870254516602e-02,7.434781640768051147e-02,7.682964950799942017e-02,6.656515412032604218e-03,1.421748194843530655e-02,-4.166702926158905029e-02,-1.223897635936737061e-01,5.744389723986387253e-03,6.182850152254104614e-02,-1.458665914833545685e-02,-1.070513054728507996e-01,1.652635782957077026e-01,-2.587716281414031982e-02,2.750821970403194427e-02,-8.939701318740844727e-02,-2.079555392265319824e-02,1.402975618839263916e-01,1.107005476951599121e-01,-6.800197809934616089e-02,-1.150315441191196442e-02,1.443034596741199493e-02,-2.999040856957435608e-02,-4.671656340360641479e-02,-1.189590524882078171e-02,9.220498055219650269e-02,3.023129142820835114e-02,7.478096336126327515e-02,-2.379869297146797180e-02,-1.169508546590805054e-01,-1.076581422239542007e-02,2.572073228657245636e-02,-3.254862874746322632e-02,4.832191765308380127e-02,-5.563514307141304016e-02,1.419144272804260254e-01,6.296740472316741943e-02,4.273254051804542542e-02,1.564681082963943481e-01,-4.850990138947963715e-03,-8.197727799415588379e-02,-1.228821277618408203e-01,-4.950270429253578186e-02,-9.546562097966670990e-03,1.768529415130615234e-02,9.767955541610717773e-02,-1.461603641510009766e-01,-9.732383489608764648e-02,-1.714608818292617798e-02,-2.667346782982349396e-02,1.759013533592224121e-01,-4.553611204028129578e-02,3.190980479121208191e-02,5.454115197062492371e-02,-2.718610339798033237e-04,2.956673502922058105e-02,-7.357849180698394775e-02,-6.123411655426025391e-02,-1.106398701667785645e-01,1.151122972369194031e-01,4.080767929553985596e-02,2.835713513195514679e-02,5.991034209728240967e-02,-7.501209527254104614e-02,2.758684568107128143e-02,1.233177930116653442e-01,1.336613148450851440e-01,-6.455036997795104980e-02,5.164195224642753601e-02,8.005458116531372070e-02,9.528940171003341675e-02,-9.294798225164413452e-02,4.746261239051818848e-02,6.175919622182846069e-02,3.762236097827553749e-03,-1.745690256357192993e-01,2.057049870491027832e-01,1.009356882423162460e-02,-7.964378595352172852e-02,2.763315662741661072e-02,6.210016086697578430e-02,1.406851559877395630e-01,1.446239352226257324e-01,-1.042622327804565430e-01,4.954539984464645386e-02
5.993848294019699097e-02,-1.682328432798385620e-01,-7.806086796335875988e-04,1.992138028144836426e-01,1.754651404917240143e-02,-4.548503085970878601e-02,1.092311814427375793e-01,-9.265534579753875732e-02,2.886850200593471527e-02,8.587533980607986450e-02,-1.400802880525588989e-01,1.115912944078445435e-01,2.862729365006089211e-03,-4.309261962771415710e-02,9.663122147321701050e-02,1.245967224240303040e-01,-2.341306209564208984e-02,-9.990770369768142700e-02,-5.412572249770164490e-02,-9.022189676761627197e-02,-2.233534120023250580e-03,6.216596812009811401e-02,-1.836643517017364502e-01,-1.536616235971450806e-01,9.286039322614669800e-02,-1.286505162715911865e-01,-6.364320963621139526e-02,2.973963879048824310e-02,-7.717397809028625488e-02,-4.681024327874183655e-02,5.828921217471361160e-03,-3.829297423362731934e-02,-1.178089752793312073e-01,-5.398998409509658813e-02,9.243102371692657471e-02,-2.507953718304634094e-02,2.056225202977657318e-02,-4.828417673707008362e-02,-8.736339211463928223e-02,3.712238045409321785e-03,-2.609982714056968689e-02,-1.457334011793136597e-01,-2.131101675331592560e-02,-2.188557572662830353e-02,-3.565772622823715210e-02,4.662323743104934692e-02,1.562875509262084961e-02,-1.750015304423868656e-03,6.026283651590347290e-02,-2.335197106003761292e-02,-1.523584127426147461e-01,6.120704859495162964e-02,3.889176622033119202e-02,2.432405948638916016e-02,-6.739842146635055542e-02,1.787861436605453491e-01,-5.458885803818702698e-02,1.066572293639183044e-01,-7.319100201129913330e-02,-5.337191000580787659e-02,5.561900883913040161e-02,8.016345649957656860e-02,-6.580844521522521973e-02,-5.171123892068862915e-02,5.406965687870979309e-02,8.910673856735229492e-02,-4.441191256046295166e-02,-6.946574151515960693e-02,7.324612140655517578e-02,1.011471822857856750e-02,1.675146073102951050e-01,-4.210218414664268494e-02,-7.198367267847061157e-02,-3.277219831943511963e-02,2.429662086069583893e-02,-7.043283432722091675e-02,6.648378819227218628e-02,-7.035332173109054565e-02,1.043974459171295166e-01,-8.430380374193191528e-02,-3.491350263357162476e-02,2.102509588003158569e-01,-3.365110978484153748e-02,-5.245249345898628235e-02,-1.124286726117134094e-01,3.322419896721839905e-02,2.869922854006290436e-02,5.174728855490684509e-02,1.153317391872406006e-01,-4.470948502421379089e-02,-8.891497552394866943e-02,-4.902103543281555176e-02,-1.421861071139574051e-02,2.312628179788589478e-01,-4.091030731797218323e-02,3.683656826615333557e-02,-4.807401821017265320e-02,-5.644784495234489441e-02,7.729943841695785522e-02,-1.139685362577438354e-01,-1.545936055481433868e-02,-7.887015491724014282e-02,1.956381648778915405e-01,-5.258619785308837891e-02,3.024359606206417084e-02,1.174389198422431946e-01,-6.034537404775619507e-02,3.688034787774085999e-02,4.927066154778003693e-03,1.820461004972457886e-01,-3.683016449213027954e-02,6.269360333681106567e-02,3.310979530215263367e-02,1.311590075492858887e-01,-4.659791663289070129e-02,3.721244260668754578e-02,8.411944843828678131e-03,-4.843892529606819153e-03,-1.694519519805908203e-01,2.139161527156829834e-01,-1.696871221065521240e-02,-1.213273853063583374e-01,-2.465162239968776703e-02,1.133124250918626785e-02,1.803232431411743164e-01,7.516088336706161499e-02,-1.121304407715797424e-01,1.007462367415428162e-01
5.381176620721817017e-02,-1.259513646364212036e-01,-4.446712508797645569e-02,9.671831876039505005e-02,8.386553078889846802e-02,-3.187225386500358582e-02,1.292252987623214722e-01,-8.097784966230392456e-02,5.020992830395698547e-02,6.113173067569732666e-02,-1.150847300887107849e-01,1.604293137788772583e-01,-2.172729372978210449e-02,-2.590347267687320709e-02,1.130165755748748779e-01,1.026242226362228394e-01,-1.942807622253894806e-02,-5.101103708148002625e-02,-6.276743113994598389e-02,-7.009830325841903687e-02,-1.291812304407358170e-02,7.498726993799209595e-02,-2.009944766759872437e-01,-1.226364150643348694e-01,9.786386042833328247e-02,-1.418286263942718506e-01,-1.226540580391883850e-01,3.333157300949096680e-02,-1.496378928422927856e-01,-5.583204701542854309e-02,-2.784954942762851715e-02,-2.827627584338188171e-02,-1.468391269445419312e-01,-9.438200294971466064e-02,1.091319695115089417e-01,-5.865578725934028625e-02,1.617396622896194458e-02,-3.366270661354064941e-02,-1.028551831841468811e-01,-5.690180696547031403e-03,-9.247618168592453003e-02,-1.476897448301315308e-01,4.895125702023506165e-02,-1.162966131232678890e-03,-3.824546188116073608e-02,1.541391480714082718e-02,5.444541200995445251e-02,-3.018733114004135132e-02,4.231740534305572510e-02,-5.310511589050292969e-02,-1.400875151157379150e-01,7.061698287725448608e-02,5.657039955258369446e-02,-2.788130939006805420e-02,-7.898037135601043701e-02,1.928076595067977905e-01,-9.444120340049266815e-03,7.235448807477951050e-02,-6.924251466989517212e-02,-1.096286065876483917e-02,4.601610079407691956e-02,4.191455617547035217e-02,-8.862821012735366821e-02,-1.445238105952739716e-02,7.048968225717544556e-02,5.053023621439933777e-02,-2.669187448918819427e-02,-3.873306140303611755e-02,6.823047250509262085e-02,-2.501366473734378815e-02,1.214605122804641724e-01,-1.088194474577903748e-01,-8.856124430894851685e-02,-8.332259207963943481e-02,1.974559016525745392e-02,-7.770716398954391479e-02,1.061660572886466980e-01,-9.990361332893371582e-02,6.994234025478363037e-02,-3.046541102230548859e-02,-3.825376916211098433e-04,1.425259858369827271e-01,1.660352572798728943e-02,-3.495672345161437988e-02,-1.604167520999908447e-01,3.869456425309181213e-02,2.216000109910964966e-03,2.921626158058643341e-02,8.147750049829483032e-02,-9.770729392766952515e-02,-1.061855331063270569e-01,-6.559669226408004761e-02,-2.317355200648307800e-02,2.213634848594665527e-01,-5.961359664797782898e-02,7.435023039579391479e-02,2.028053626418113708e-02,-6.745115388184785843e-03,5.246813967823982239e-02,-6.045171245932579041e-02,-9.717801585793495178e-03,-1.202624365687370300e-01,1.888043582439422607e-01,-3.397694230079650879e-02,3.998722508549690247e-02,1.132511422038078308e-01,-6.606293469667434692e-02,4.302401095628738403e-02,6.677917391061782837e-02,1.455617845058441162e-01,-1.418555527925491333e-02,5.686240643262863159e-02,9.383910894393920898e-02,1.154786199331283569e-01,-3.651098161935806274e-02,7.672816514968872070e-02,7.477177679538726807e-02,4.471620172262191772e-02,-1.647233366966247559e-01,2.444163858890533447e-01,-1.412080507725477219e-02,-6.587276607751846313e-02,4.084478691220283508e-02,6.273855268955230713e-02,1.741649955511093140e-01,1.058793365955352783e-01,-9.547629207372665405e-02,7.220941036939620972e-02
1.472130324691534042e-02,-1.894764304161071777e-01,1.181009318679571152e-02,1.294426769018173218e-01,8.565191924571990967e-02,-1.227244548499584198e-02,9.082961082458496094e-02,-3.197753429412841797e-02,2.247628010809421539e-02,1.570126228034496307e-02,-9.599841386079788208e-02,8.081790059804916382e-02,-6.114202365279197693e-02,-7.770229876041412354e-02,1.456990242004394531e-01,1.029705554246902466e-01,-8.354535698890686035e-02,-8.167594671249389648e-02,-7.822963595390319824e-02,-9.163583815097808838e-02,-2.844036556780338287e-02,9.716548025608062744e-02,-1.545420438051223755e-01,-1.379221528768539429e-01,7.820162177085876465e-02,-1.623947024345397949e-01,-1.402819007635116577e-01,3.842353448271751404e-02,-8.500411361455917358e-02,-9.362119436264038086e-02,-1.361286547034978867e-02,-3.822436183691024780e-02,-1.742109656333923340e-01,-4.951643943786621094e-02,9.084153175354003906e-02,-8.587488532066345215e-02,4.687783867120742798e-02,-3.067460842430591583e-02,-1.012043282389640808e-01,1.633428037166595459e-02,-5.408642441034317017e-02,-1.062891632318496704e-01,2.487648464739322662e-02,9.169602766633033752e-03,-6.966204196214675903e-02,8.617624640464782715e-03,1.739302091300487518e-02,-7.160440552979707718e-03,6.252048909664154053e-02,-3.695773705840110779e-02,-1.712124794721603394e-01,4.722199589014053345e-02,5.190388765186071396e-03,-5.298741534352302551e-02,-7.511645555496215820e-02,1.885517686605453491e-01,-9.674339555203914642e-03,7.308570295572280884e-02,-9.420987963676452637e-02,-2.647376619279384613e-02,-5.540017038583755493e-03,6.088255345821380615e-02,-1.166503760032355785e-03,-2.536457963287830353e-02,1.137512177228927612e-01,1.566146165132522583e-01,1.188569329679012299e-02,-4.189107939600944519e-02,3.732027113437652588e-02,-1.153848320245742798e-02,1.868894249200820923e-01,-8.909866213798522949e-02,-1.179246753454208374e-01,-6.583405286073684692e-02,5.284878890961408615e-03,3.368522506207227707e-03,8.233409374952316284e-02,-8.110933750867843628e-02,1.325338929891586304e-01,-7.638637721538543701e-02,4.069266375154256821e-03,1.359440088272094727e-01,3.089977195486426353e-03,-4.293767735362052917e-02,-1.362619847059249878e-01,-3.365213051438331604e-03,6.495738774538040161e-02,1.962727122008800507e-02,6.598424166440963745e-02,-7.560718059539794922e-02,-9.233195334672927856e-02,-4.175132140517234802e-02,-3.212503343820571899e-02,1.979106813669204712e-01,-7.661908119916915894e-02,2.915693074464797974e-02,-1.873985119163990021e-02,5.172751471400260925e-02,5.260846018791198730e-02,-4.245828837156295776e-02,-2.757497318089008331e-02,-1.062102541327476501e-01,2.288254797458648682e-01,-2.755585871636867523e-02,7.819567620754241943e-02,6.997176259756088257e-02,-6.267692148685455322e-02,7.328269630670547485e-02,5.996992439031600952e-02,1.473987698554992676e-01,-9.251221083104610443e-03,2.774249203503131866e-02,7.076524943113327026e-02,9.198213368654251099e-02,-5.554902926087379456e-02,6.212580576539039612e-02,2.623237483203411102e-02,-1.581206358969211578e-02,-1.935794949531555176e-01,2.215850055217742920e-01,-9.080247022211551666e-03,-8.343854546546936035e-02,1.439626421779394150e-02,1.487441454082727432e-02,1.812493652105331421e-01,8.173779398202896118e-02,-1.115178614854812622e-01,2.821025066077709198e-02
4.529745876789093018e-02,-2.237666249275207520e-01,1.112100575119256973e-02,1.096614152193069458e-01,8.527887612581253052e-02,-4.930454492568969727e-02,1.178369894623756409e-01,-3.450917452573776245e-02,1.927534118294715881e-02,4.008635878562927246e-04,-8.815430849790573120e-02,9.479932487010955811e-02,-7.949867099523544312e-02,-8.726528286933898926e-02,1.113914027810096741e-01,1.151078715920448303e-01,-8.252307027578353882e-02,-7.978489995002746582e-02,-8.623840659856796265e-02,-6.400688737630844116e-02,7.754378020763397217e-02,8.958162739872932434e-03,-1.412935107946395874e-01,-1.222917884588241577e-01,8.985032141208648682e-02,-1.584679037332534790e-01,-1.182225793600082397e-01,1.827218011021614075e-02,-8.807440102100372314e-02,-8.969013392925262451e-02,-4.097405448555946350e-02,-5.941354110836982727e-02,-1.535489112138748169e-01,-5.138941481709480286e-02,1.139068752527236938e-01,-6.385526806116104126e-02,2.879947423934936523e-02,-2.749312855303287506e-02,-1.294956952333450317e-01,5.361277982592582703e-02,-1.296271570026874542e-02,-1.094300076365470886e-01,3.000525757670402527e-02,8.518359810113906860e-02,-6.735840439796447754e-02,1.525808684527873993e-02,7.392916828393936157e-03,-2.625669538974761963e-02,8.847186714410781860e-02,-2.308893017470836639e-02,-1.646270155906677246e-01,-6.781833712011575699e-03,5.679701920598745346e-03,-5.308185145258903503e-02,-1.233327463269233704e-01,1.565425544977188110e-01,7.841349579393863678e-03,3.997584059834480286e-02,-8.255451917648315430e-02,-6.307692080736160278e-02,1.695695333182811737e-02,8.009823411703109741e-02,-6.236449815332889557e-03,-3.681422676891088486e-03,6.008480489253997803e-02,1.034012585878372192e-01,2.475516498088836670e-02,-6.709074974060058594e-02,1.041624695062637329e-01,3.423314914107322693e-02,1.743873357772827148e-01,-6.792426854372024536e-02,-1.587519794702529907e-01,-7.891056686639785767e-02,-4.089727997779846191e-02,3.473398089408874512e-02,7.806256413459777832e-02,-8.470315486192703247e-02,1.175905317068099976e-01,-7.733732461929321289e-02,1.193431206047534943e-02,1.733842641115188599e-01,-2.655729837715625763e-02,-6.547141075134277344e-02,-1.090367883443832397e-01,-6.168457679450511932e-03,7.099790871143341064e-02,-1.958319172263145447e-02,1.026127040386199951e-01,-7.248912751674652100e-02,-9.196878969669342041e-02,-3.547859564423561096e-02,-4.055112972855567932e-02,2.341327220201492310e-01,-8.592165261507034302e-02,-2.663131104782223701e-03,-3.066083416342735291e-02,-6.845409981906414032e-03,6.074115633964538574e-02,-2.164139784872531891e-02,-8.338220417499542236e-02,-1.039336919784545898e-01,1.531859487295150757e-01,-6.948153022676706314e-03,8.036810904741287231e-02,4.641902074217796326e-02,-7.296509295701980591e-02,1.277948170900344849e-01,5.743991211056709290e-02,1.134046390652656555e-01,-8.379458636045455933e-02,1.839617080986499786e-02,6.383354961872100830e-02,6.030081957578659058e-02,-6.107226014137268066e-02,7.615117728710174561e-02,1.620614156126976013e-02,4.083102103322744370e-03,-1.808761060237884521e-01,1.874975264072418213e-01,4.847194254398345947e-02,-1.094079464673995972e-01,4.732681065797805786e-02,3.615066409111022949e-02,1.852251887321472168e-01,2.632186189293861389e-02,-1.150556802749633789e-01,7.037675380706787109e-02
-7.477593026123940945e-04,-1.638020873069763184e-01,-4.765675868839025497e-03,1.745616495609283447e-01,9.553078562021255493e-02,-7.540296018123626709e-02,1.145924776792526245e-01,-5.221821367740631104e-02,4.922758415341377258e-02,3.531587868928909302e-02,-7.527010142803192139e-02,6.819513440132141113e-02,-2.992800436913967133e-02,-1.429611351341009140e-02,1.187698468565940857e-01,1.182067096233367920e-01,-7.380931824445724487e-02,-5.713490396738052368e-02,-7.743211835622787476e-02,-3.047210536897182465e-02,1.726760156452655792e-02,8.641083538532257080e-02,-1.684814095497131348e-01,-1.216269060969352722e-01,1.280738264322280884e-01,-1.526089906692504883e-01,-1.202940419316291809e-01,5.088800564408302307e-02,-1.051198318600654602e-01,-4.138512909412384033e-02,-5.180554091930389404e-02,-7.300442457199096680e-02,-1.848778724670410156e-01,-5.325399339199066162e-02,1.190339028835296631e-01,-1.108708381652832031e-01,2.386134676635265350e-02,-9.382395446300506592e-02,-6.792061775922775269e-02,6.027773395180702209e-02,-4.352405294775962830e-02,-9.075360000133514404e-02,3.785683214664459229e-02,4.771047458052635193e-02,-5.025953426957130432e-02,3.729884326457977295e-02,2.813956886529922485e-02,-5.122150853276252747e-02,9.573020040988922119e-02,3.780457889661192894e-03,-1.713521331548690796e-01,-2.895365934818983078e-03,1.611129567027091980e-02,6.795987137593328953e-04,-1.052115708589553833e-01,1.284217685461044312e-01,-7.003256678581237793e-02,4.694274812936782837e-02,-7.637651264667510986e-02,-2.360303886234760284e-02,3.757061064243316650e-02,1.016447842121124268e-01,-3.903603646904230118e-03,-1.239803526550531387e-02,2.170195803046226501e-02,1.361610144376754761e-01,-1.510806847363710403e-03,-3.766088187694549561e-02,1.155634894967079163e-01,-1.229362562298774719e-02,1.935759186744689941e-01,-9.494090825319290161e-02,-1.154222190380096436e-01,-7.583494484424591064e-02,-1.846924610435962677e-02,3.431109711527824402e-02,1.576106548309326172e-01,-8.021656423807144165e-02,1.551578342914581299e-01,-9.989191778004169464e-03,-9.994545020163059235e-03,1.777235567569732666e-01,1.425507664680480957e-02,9.991916827857494354e-03,-1.346796452999114990e-01,2.617712132632732391e-02,6.051278114318847656e-02,-4.284571483731269836e-02,6.763302534818649292e-02,-1.086562201380729675e-01,-9.004288911819458008e-02,-2.717683836817741394e-02,-7.777102291584014893e-02,1.329440474510192871e-01,-3.285058960318565369e-02,2.887824550271034241e-02,-3.303278610110282898e-02,1.026776037178933620e-03,2.128533087670803070e-02,-6.328610330820083618e-02,-5.857533216476440430e-02,-7.644810527563095093e-02,1.832180172204971313e-01,-5.632594600319862366e-02,6.220015138387680054e-02,8.998930454254150391e-02,-7.512208819389343262e-02,5.523096024990081787e-02,7.679145783185958862e-02,1.608136147260665894e-01,-5.366621166467666626e-02,3.284333646297454834e-02,7.774542272090911865e-02,9.564154595136642456e-02,-4.850467294454574585e-02,7.876186072826385498e-02,3.082930110394954681e-02,-4.427845031023025513e-02,-1.938281655311584473e-01,1.838935762643814087e-01,-3.190043615177273750e-03,-7.990911602973937988e-02,5.944965779781341553e-02,2.104726433753967285e-02,1.887661218643188477e-01,7.850529998540878296e-02,-7.608632743358612061e-02,5.562987551093101501e-02
4.674175754189491272e-02,-2.038040608167648315e-01,-1.862768665887415409e-03,1.099101305007934570e-01,1.246849969029426575e-01,-2.883861958980560303e-02,1.225911900401115417e-01,-2.846795320510864258e-02,1.580707728862762451e-01,-4.027183167636394501e-03,-5.863047391176223755e-02,1.465866267681121826e-01,-8.878137171268463135e-02,-3.132263198494911194e-02,2.059822678565979004e-01,8.169301599264144897e-02,-1.033303141593933105e-01,-4.940869659185409546e-02,-2.295626513659954071e-02,-3.832614421844482422e-02,2.288895659148693085e-02,6.889045983552932739e-02,-2.000962048768997192e-01,-3.263925760984420776e-02,1.491812914609909058e-01,-1.579326242208480835e-01,-9.978348016738891602e-02,2.079112455248832703e-02,-1.015705913305282593e-01,-3.010200895369052887e-02,-6.239458546042442322e-02,-3.131088614463806152e-02,-2.480168193578720093e-01,-6.575645413249731064e-03,1.671129763126373291e-01,-3.792959451675415039e-02,3.203013539314270020e-02,-6.082907691597938538e-02,-3.890685364603996277e-02,8.164040744304656982e-03,6.884408183395862579e-03,-5.070757865905761719e-02,-8.972009643912315369e-03,3.944152966141700745e-02,-6.885483115911483765e-02,5.701673403382301331e-02,-2.357422374188899994e-02,4.383197519928216934e-03,6.928393989801406860e-02,-2.804690040647983551e-03,-9.960371255874633789e-02,3.665416315197944641e-02,2.543572708964347839e-02,-1.666104234755039215e-02,-5.061170831322669983e-02,9.137380123138427734e-02,-9.970721602439880371e-02,7.171411812305450439e-02,-8.626817166805267334e-02,4.648977890610694885e-02,6.339113414287567139e-02,1.062593087553977966e-01,1.032816153019666672e-02,-4.229057207703590393e-02,4.415824264287948608e-02,6.071883812546730042e-02,-4.391968622803688049e-02,5.100025609135627747e-02,1.201164498925209045e-01,-2.628275891765952110e-03,2.084976881742477417e-01,-5.800703912973403931e-02,-1.501977741718292236e-01,-6.895732879638671875e-02,2.219785470515489578e-03,6.600584834814071655e-02,1.183448731899261475e-01,-1.243728548288345337e-01,1.008532941341400146e-01,7.547374814748764038e-02,7.876791805028915405e-02,1.373530179262161255e-01,6.799881905317306519e-02,-4.663352668285369873e-02,-1.388498116284608841e-02,8.592350035905838013e-02,4.769106954336166382e-02,-5.967624485492706299e-02,1.698022633790969849e-01,-4.369805380702018738e-02,2.797245047986507416e-03,-3.738869354128837585e-02,-1.236735936254262924e-02,1.680824719369411469e-02,1.053441036492586136e-02,-7.135142385959625244e-02,-2.688546956051141024e-04,-2.807560935616493225e-02,2.356487512588500977e-02,-5.623706430196762085e-02,-1.045731380581855774e-01,-8.498085290193557739e-02,1.619199812412261963e-01,-1.197278033941984177e-03,8.079331368207931519e-02,9.383397176861763000e-03,-5.932674184441566467e-02,7.101389765739440918e-02,1.235496997833251953e-01,1.499477624893188477e-01,-8.994165062904357910e-02,8.261983096599578857e-02,-2.141795866191387177e-02,9.413457661867141724e-02,-9.942216426134109497e-02,5.143836513161659241e-02,6.721043586730957031e-02,-7.715973258018493652e-02,-1.347910612821578979e-01,8.186046034097671509e-02,1.045597270131111145e-01,-1.642193347215652466e-01,7.133103907108306885e-02,1.368019846267998219e-03,1.982023417949676514e-01,-8.207519538700580597e-03,-3.582591935992240906e-02,-7.592309848405420780e-04
7.535437494516372681e-02,-1.929482221603393555e-01,1.753749698400497437e-02,1.162089556455612183e-01,1.342713832855224609e-01,-5.591354891657829285e-02,8.754761517047882080e-02,-4.502615332603454590e-02,1.464923769235610962e-01,-3.398260101675987244e-02,-5.085978284478187561e-02,1.317483335733413696e-01,-9.236012399196624756e-02,-5.022427439689636230e-02,1.615018546581268311e-01,6.543071568012237549e-02,-7.351578027009963989e-02,-5.759453028440475464e-02,-5.734314676374197006e-03,7.127411663532257080e-03,5.088566616177558899e-02,6.637685745954513550e-02,-1.320040822029113770e-01,-3.728457167744636536e-02,1.238957792520523071e-01,-1.513725966215133667e-01,-7.123615592718124390e-03,-1.330344658344984055e-02,-1.065669506788253784e-01,-1.861452125012874603e-02,-8.599487692117691040e-02,-4.728337004780769348e-02,-2.544483840465545654e-01,-3.963507339358329773e-02,1.579067856073379517e-01,-2.722910977900028229e-02,5.832575634121894836e-02,-7.522798329591751099e-02,-2.400002814829349518e-02,1.539859920740127563e-02,-7.181760855019092560e-03,-6.541644036769866943e-02,-3.910841047763824463e-02,-1.480068359524011612e-02,-1.479611545801162720e-01,7.117927819490432739e-02,-5.362969636917114258e-02,1.446398999541997910e-02,9.392620623111724854e-02,2.808294817805290222e-02,-1.354368478059768677e-01,3.802821505814790726e-03,-3.184429183602333069e-02,-4.627326875925064087e-02,-1.326698064804077148e-01,6.087177619338035583e-02,-5.038608610630035400e-02,5.388649180531501770e-02,-1.103103160858154297e-01,3.331094607710838318e-02,2.072358690202236176e-02,1.162938475608825684e-01,5.636701360344886780e-02,4.895475506782531738e-02,3.807610645890235901e-02,9.633371978998184204e-02,5.192008614540100098e-02,7.699230220168828964e-03,1.179433539509773254e-01,-8.878235705196857452e-03,1.755533069372177124e-01,-1.042369753122329712e-01,-1.119345948100090027e-01,-6.132161244750022888e-02,-3.307180479168891907e-03,6.202935427427291870e-02,7.808915525674819946e-02,-1.195726171135902405e-01,1.533497720956802368e-01,2.005288749933242798e-02,5.521027743816375732e-02,1.589432954788208008e-01,5.357410013675689697e-02,-8.794806152582168579e-02,-4.711333662271499634e-02,6.985290348529815674e-02,7.161962240934371948e-02,-5.233003571629524231e-02,1.059416159987449646e-01,-5.751967057585716248e-02,9.725796990096569061e-03,-6.897811591625213623e-02,1.883405202534049749e-04,1.036531478166580200e-02,1.496780477464199066e-02,-7.413581013679504395e-02,1.124927680939435959e-02,-7.800313085317611694e-02,7.764847017824649811e-03,-1.903790235519409180e-02,-9.023282676935195923e-02,-9.748316556215286255e-02,1.011234894394874573e-01,-5.412421748042106628e-02,3.261388093233108521e-02,-9.396338835358619690e-03,-7.233928143978118896e-02,1.231796219944953918e-01,7.348839193582534790e-02,1.251263022422790527e-01,-8.899821341037750244e-02,8.776747435331344604e-02,-1.769466698169708252e-02,1.185004413127899170e-01,-8.783607184886932373e-02,1.051745265722274780e-01,1.190301105380058289e-01,-4.086389020085334778e-02,-1.957240402698516846e-01,8.512137085199356079e-02,1.133537963032722473e-01,-1.063818782567977905e-01,9.626943618059158325e-02,5.209033563733100891e-02,2.391349226236343384e-01,-4.767072573304176331e-02,-7.964660972356796265e-02,-2.206055261194705963e-02
6.661821901798248291e-02,-1.957073360681533813e-01,4.650269076228141785e-02,1.338597387075424194e-01,1.504026800394058228e-01,-4.127004370093345642e-02,1.035526469349861145e-01,-1.161362044513225555e-02,1.533280760049819946e-01,-6.863687932491302490e-02,-5.604371428489685059e-02,1.279644817113876343e-01,-9.296669065952301025e-02,-8.282978832721710205e-02,1.438806354999542236e-01,6.490641087293624878e-02,-8.347708731889724731e-02,-3.315492346882820129e-02,-2.386004291474819183e-02,6.789694074541330338e-03,4.376298561692237854e-02,8.855874836444854736e-02,-9.460800141096115112e-02,3.171198070049285889e-03,1.041132882237434387e-01,-1.339272558689117432e-01,-2.973193489015102386e-02,-7.847263477742671967e-03,-9.356264770030975342e-02,-5.016488954424858093e-02,-6.505497545003890991e-02,-6.793074309825897217e-02,-2.201403081417083740e-01,-2.981893485412001610e-04,1.540715694427490234e-01,-2.271340228617191315e-02,3.617129474878311157e-02,-5.912774056196212769e-02,-3.505382686853408813e-02,1.073550619184970856e-02,4.414457455277442932e-02,-7.658505439758300781e-02,-3.411818668246269226e-02,-4.766177013516426086e-02,-1.401503235101699829e-01,4.149837046861648560e-02,-5.739433690905570984e-02,5.662686377763748169e-02,9.496920555830001831e-02,-1.306246407330036163e-02,-1.198826730251312256e-01,1.768006198108196259e-02,-1.339919026941061020e-02,-6.126782298088073730e-02,-1.338029503822326660e-01,4.391841217875480652e-02,-3.743517026305198669e-02,4.844558984041213989e-02,-1.206193938851356506e-01,2.538486942648887634e-02,-8.352637290954589844e-03,1.214383244514465332e-01,7.187034934759140015e-02,3.546094894409179688e-02,4.114991426467895508e-02,1.294774115085601807e-01,5.683304369449615479e-02,-2.454951032996177673e-02,1.010824963450431824e-01,-5.054848734289407730e-03,1.939663290977478027e-01,-1.172961369156837463e-01,-9.494074434041976929e-02,-5.070756375789642334e-02,1.607443206012248993e-02,8.740124106407165527e-02,1.371370255947113037e-01,-9.671176224946975708e-02,1.479914635419845581e-01,1.847111154347658157e-03,6.153000146150588989e-02,1.789165735244750977e-01,4.750310629606246948e-02,-8.464400470256805420e-02,-5.419819802045822144e-02,1.494185812771320343e-02,8.413927257061004639e-02,-7.756038755178451538e-02,9.699563682079315186e-02,-4.733281210064888000e-02,-3.418185224290937185e-04,-5.181773379445075989e-02,7.632988854311406612e-04,3.571935370564460754e-02,-2.322731725871562958e-02,-6.870014220476150513e-02,-5.556139629334211349e-03,-3.515052422881126404e-02,2.001940831542015076e-02,-1.819650456309318542e-02,-1.275679469108581543e-01,-6.482327729463577271e-02,1.036084368824958801e-01,-3.697143867611885071e-02,5.537217482924461365e-02,-2.383203245699405670e-02,-6.260615587234497070e-02,1.251440495252609253e-01,1.007045209407806396e-01,1.573427021503448486e-01,-7.128205895423889160e-02,8.211565762758255005e-02,1.550018507987260818e-02,9.765851497650146484e-02,-1.010496392846107483e-01,1.357934921979904175e-01,1.243328526616096497e-01,-4.123239219188690186e-02,-1.823951154947280884e-01,5.064272135496139526e-02,1.484441757202148438e-01,-1.040202006697654724e-01,7.311017811298370361e-02,6.043588370084762573e-02,2.112947255373001099e-01,-6.739099323749542236e-02,-8.643206954002380371e-02,-2.353759668767452240e-02
9.309964627027511597e-02,-2.169654220342636108e-01,6.035755574703216553e-02,1.062431484460830688e-01,1.206408515572547913e-01,-5.818165466189384460e-02,9.035527706146240234e-02,-2.691029943525791168e-02,1.523464024066925049e-01,-7.215485721826553345e-02,-5.820371583104133606e-02,1.155553013086318970e-01,-8.075305074453353882e-02,-6.036613136529922485e-02,1.683943867683410645e-01,8.509943634271621704e-02,-8.026669174432754517e-02,-3.933751210570335388e-02,-1.604506932199001312e-02,-6.959102465771138668e-04,3.494488447904586792e-02,7.832153141498565674e-02,-6.184811145067214966e-02,1.122068893164396286e-02,1.092806756496429443e-01,-1.765368431806564331e-01,-2.816297486424446106e-02,-2.998202294111251831e-02,-8.810179680585861206e-02,-2.593215554952621460e-02,-6.926438212394714355e-02,-8.486083149909973145e-02,-1.858155876398086548e-01,1.113928854465484619e-03,1.534688621759414673e-01,-4.201261326670646667e-04,1.059740461641922593e-04,-3.690166026353836060e-02,-3.733796998858451843e-02,3.998544439673423767e-02,-5.835494957864284515e-03,-8.351534605026245117e-02,-3.655927255749702454e-02,-4.766153916716575623e-02,-1.222003176808357239e-01,9.200900793075561523e-02,-2.708727307617664337e-02,3.040386922657489777e-02,6.838388741016387939e-02,1.453256979584693909e-02,-1.333846151828765869e-01,3.499423339962959290e-02,1.996489055454730988e-02,-8.080025017261505127e-02,-1.523674577474594116e-01,9.155711531639099121e-02,-4.211680963635444641e-02,5.198502540588378906e-02,-1.594633907079696655e-01,3.250349313020706177e-02,2.686007693409919739e-02,1.266195476055145264e-01,8.262308686971664429e-02,4.882270097732543945e-02,7.527521252632141113e-02,1.179415807127952576e-01,4.333961755037307739e-02,-2.165446430444717407e-02,1.026809290051460266e-01,-1.469233632087707520e-02,1.887678802013397217e-01,-1.211918070912361145e-01,-1.101204976439476013e-01,-4.779900982975959778e-02,3.736163303256034851e-02,6.760602444410324097e-02,1.336660683155059814e-01,-1.260748505592346191e-01,1.465179771184921265e-01,-2.125026844441890717e-02,2.662007138133049011e-02,1.733275800943374634e-01,3.534673526883125305e-02,-7.208205759525299072e-02,-3.505899012088775635e-02,3.975608944892883301e-02,7.295443117618560791e-02,-5.981797724962234497e-02,7.926753908395767212e-02,-4.675335064530372620e-02,-2.131895907223224640e-02,-8.309776335954666138e-02,3.364421427249908447e-02,3.983499854803085327e-02,-3.074028901755809784e-02,-6.529470533132553101e-02,-1.307182852178812027e-02,-7.472810894250869751e-02,2.590138837695121765e-02,-1.322065666317939758e-02,-1.285099834203720093e-01,-5.060528591275215149e-02,1.386865377426147461e-01,-5.361893773078918457e-02,6.537342816591262817e-02,2.292941790074110031e-03,-6.290545314550399780e-02,8.673866093158721924e-02,1.041172742843627930e-01,1.406900435686111450e-01,-1.001853048801422119e-01,7.969801127910614014e-02,-2.209937898442149162e-03,9.965302795171737671e-02,-9.336662292480468750e-02,1.318699121475219727e-01,1.112255156040191650e-01,-3.620911389589309692e-02,-1.721150130033493042e-01,5.869477614760398865e-02,1.227947697043418884e-01,-1.203014105558395386e-01,1.192377284169197083e-01,6.328924000263214111e-02,1.754349917173385620e-01,-2.305493317544460297e-02,-7.090171426534652710e-02,-1.145397499203681946e-02
5.015887320041656494e-02,-1.655292958021163940e-01,3.858103603124618530e-02,1.021301969885826111e-01,1.448564827442169189e-01,-3.272598981857299805e-02,1.151661947369575500e-01,-4.269199073314666748e-02,1.056162491440773010e-01,-2.401780150830745697e-02,-3.062265552580356598e-02,1.038405075669288635e-01,-1.497768759727478027e-01,-9.239108115434646606e-02,1.277331113815307617e-01,3.720016777515411377e-02,-1.120898276567459106e-01,-5.077083781361579895e-02,-2.833924489095807076e-03,-2.696434780955314636e-02,5.873619392514228821e-02,6.274515390396118164e-02,-1.017847880721092224e-01,9.262759238481521606e-03,1.030624657869338989e-01,-1.478017866611480713e-01,-3.872252628207206726e-02,4.741368349641561508e-03,-8.694346994161605835e-02,-4.236562177538871765e-02,-9.188837558031082153e-02,-5.997456610202789307e-02,-2.742969393730163574e-01,-5.717810243368148804e-02,1.577285230159759521e-01,4.353474825620651245e-02,2.649035491049289703e-02,-4.434590414166450500e-02,-1.597693376243114471e-02,6.200684979557991028e-02,1.051111321430653334e-04,-7.054806500673294067e-02,-5.020185559988021851e-02,-8.958058059215545654e-02,-1.316983848810195923e-01,7.066763192415237427e-02,-2.726116217672824860e-02,7.186289876699447632e-02,4.655035585165023804e-02,1.446556113660335541e-02,-1.126213595271110535e-01,4.897148907184600830e-02,-2.331647090613842010e-02,-1.025238931179046631e-01,-9.167783707380294800e-02,7.333043962717056274e-02,-2.470890991389751434e-02,4.317748546600341797e-02,-1.689282655715942383e-01,2.311766333878040314e-02,-3.119105286896228790e-02,1.129244938492774963e-01,9.045391529798507690e-02,7.273381203413009644e-02,6.074664369225502014e-02,8.437558263540267944e-02,1.904051192104816437e-02,-4.588562622666358948e-02,1.135573536157608032e-01,2.194698899984359741e-02,1.720200926065444946e-01,-1.395359784364700317e-01,-8.779729157686233521e-02,-6.508083548396825790e-03,6.327328830957412720e-02,7.190093398094177246e-02,7.355420291423797607e-02,-9.454891830682754517e-02,1.325791478157043457e-01,4.030143469572067261e-02,2.188610099256038666e-02,1.635507792234420776e-01,8.879127353429794312e-02,-8.677654713392257690e-02,2.770807780325412750e-02,9.096359461545944214e-02,7.269526273012161255e-02,-7.254778593778610229e-02,1.386927962303161621e-01,-1.909836009144783020e-02,6.066415458917617798e-02,-4.110629856586456299e-02,-8.127865381538867950e-03,5.983224138617515564e-02,-6.957057863473892212e-02,-2.567671611905097961e-02,-1.374501083046197891e-02,-9.029775112867355347e-02,2.836840972304344177e-02,-2.663990296423435211e-02,-9.995896369218826294e-02,1.380895148031413555e-03,9.881832450628280640e-02,2.277932502329349518e-02,-1.029844954609870911e-02,3.853982314467430115e-02,-4.591911274474114180e-04,9.835333377122879028e-02,1.118531823158264160e-01,1.391050964593887329e-01,-8.437464386224746704e-02,3.739841654896736145e-02,-3.345261141657829285e-02,1.100833564996719360e-01,-1.260615885257720947e-01,1.578070521354675293e-01,1.481774151325225830e-01,-2.503132447600364685e-02,-2.225109040737152100e-01,5.150385200977325439e-02,1.053636446595191956e-01,-1.213299781084060669e-01,3.152639046311378479e-02,6.839421391487121582e-02,1.860511302947998047e-01,-1.199890393763780594e-02,-5.703439936041831970e-02,-1.878410950303077698e-02
6.418685615062713623e-02,-1.957994252443313599e-01,4.448714852333068848e-02,1.156475916504859924e-01,1.477979570627212524e-01,-4.100743308663368225e-02,1.272130012512207031e-01,-2.916414663195610046e-02,1.310578435659408569e-01,-3.371259570121765137e-02,-4.854798316955566406e-02,1.400111615657806396e-01,-8.643767982721328735e-02,-6.332474201917648315e-02,8.475632220506668091e-02,5.061635747551918030e-02,-1.087882518768310547e-01,-6.141581013798713684e-02,2.551536262035369873e-02,-8.182388730347156525e-03,3.613040968775749207e-02,8.868486434221267700e-02,-1.378171890974044800e-01,3.985103964805603027e-02,1.133195161819458008e-01,-1.529935151338577271e-01,-8.188970386981964111e-02,1.007183548063039780e-02,-8.571150153875350952e-02,-6.112900376319885254e-02,-9.088934957981109619e-02,-7.944910973310470581e-02,-2.476030290126800537e-01,-8.034973591566085815e-02,1.817036420106887817e-01,8.054586127400398254e-03,1.052602776326239109e-03,-8.186593651771545410e-02,-3.200535476207733154e-02,8.644988760352134705e-03,1.447606086730957031e-02,-6.820422410964965820e-02,-4.202034324407577515e-02,-7.381801307201385498e-02,-1.246675327420234680e-01,8.099276572465896606e-02,-2.009134180843830109e-02,6.659121066331863403e-02,7.599218934774398804e-02,1.446270849555730820e-02,-1.029526442289352417e-01,1.848506927490234375e-02,-2.038913033902645111e-02,-7.144720107316970825e-02,-5.980492383241653442e-02,7.236258685588836670e-02,-3.884276747703552246e-02,4.473542794585227966e-02,-1.556332111358642578e-01,2.210254222154617310e-02,-2.792635746300220490e-02,9.457038342952728271e-02,7.730992138385772705e-02,4.404972121119499207e-02,4.375403001904487610e-02,1.073861494660377502e-01,-2.225348958745598793e-03,-4.032881557941436768e-02,6.190510839223861694e-02,-1.765034161508083344e-02,2.026324719190597534e-01,-1.175326704978942871e-01,-6.045553833246231079e-02,-2.525645680725574493e-02,3.700498118996620178e-02,4.714839905500411987e-02,7.173151522874832153e-02,-1.308764815330505371e-01,1.207216084003448486e-01,-6.046476773917675018e-03,1.529815606772899628e-02,1.610879749059677124e-01,5.481660738587379456e-02,-9.306516498327255249e-02,-3.964493982493877411e-03,7.416650652885437012e-02,7.165195792913436890e-02,-8.846468478441238403e-02,1.474254876375198364e-01,-2.769546210765838623e-02,-8.034552447497844696e-03,-2.326826378703117371e-02,-8.733346126973628998e-03,8.146560937166213989e-02,-3.266016766428947449e-02,-6.039607897400856018e-02,6.257373373955488205e-03,-4.439476132392883301e-02,4.338580742478370667e-02,-6.197688356041908264e-02,-7.508595287799835205e-02,-3.561473637819290161e-02,1.445004492998123169e-01,7.630023639649152756e-03,-7.277250406332314014e-04,-8.385002613067626953e-03,-2.292675152420997620e-02,8.980847895145416260e-02,1.153724417090415955e-01,1.961332559585571289e-01,-7.998908311128616333e-02,6.021887436509132385e-02,-1.009481307119131088e-02,5.822866037487983704e-02,-1.332425177097320557e-01,1.190466657280921936e-01,1.267261505126953125e-01,-3.426302922889590263e-03,-2.228203117847442627e-01,7.631781697273254395e-02,1.209447830915451050e-01,-1.356751024723052979e-01,4.940534383058547974e-02,4.708253219723701477e-02,1.749399155378341675e-01,7.105358410626649857e-03,-9.712956845760345459e-02,6.754072848707437515e-03
6.970865279436111450e-02,-1.639063805341720581e-01,2.224138565361499786e-02,1.379224061965942383e-01,1.572867482900619507e-01,-6.739607453346252441e-02,1.758765131235122681e-01,-3.143623098731040955e-02,1.390085220336914062e-01,1.592181809246540070e-02,-9.897106885910034180e-02,1.652418971061706543e-01,-1.279370933771133423e-01,-3.353216126561164856e-02,1.048000380396842957e-01,2.828759327530860901e-02,-7.816059142351150513e-02,-1.396892499178647995e-02,-6.249119527637958527e-03,-1.282706484198570251e-02,-2.668977715075016022e-02,8.702324330806732178e-02,-1.732694059610366821e-01,2.033189684152603149e-02,1.225364357233047485e-01,-6.404088437557220459e-02,-1.360772103071212769e-01,6.515516340732574463e-02,-1.189568191766738892e-01,-6.737099587917327881e-02,-8.025332540273666382e-02,-4.859075695276260376e-02,-2.244273275136947632e-01,-1.091000512242317200e-01,1.904208958148956299e-01,-4.260894283652305603e-02,1.264693448320031166e-03,5.046740639954805374e-03,-4.108602926135063171e-02,2.101224660873413086e-02,2.752922847867012024e-02,-1.343426853418350220e-01,1.042278856039047241e-02,-8.398900739848613739e-03,-1.086281239986419678e-01,3.652670979499816895e-02,-4.967789165675640106e-03,1.076666563749313354e-01,4.646534100174903870e-02,-3.495926409959793091e-02,-1.204246655106544495e-01,2.794072218239307404e-02,5.750135704874992371e-02,-6.540777534246444702e-02,-3.438008204102516174e-02,1.268291026353836060e-01,-3.934301808476448059e-02,3.258117288351058960e-02,-1.004730686545372009e-01,4.362603649497032166e-03,2.173879556357860565e-02,9.236042201519012451e-02,-1.746981777250766754e-02,2.377871423959732056e-03,2.533483691513538361e-02,5.081439018249511719e-02,-9.513827972114086151e-04,-1.742064766585826874e-02,5.533521249890327454e-02,-4.007071629166603088e-02,2.111302763223648071e-01,-2.696039341390132904e-02,-1.027912646532058716e-01,-6.423575337976217270e-03,-3.777442872524261475e-02,1.095340326428413391e-01,8.054877072572708130e-02,-9.612806886434555054e-02,9.321116656064987183e-02,8.545661717653274536e-02,-5.593289434909820557e-02,1.672329604625701904e-01,2.095797657966613770e-02,1.816318370401859283e-02,-9.138958901166915894e-02,1.226049382239580154e-02,1.189992278814315796e-01,-2.315522171556949615e-02,1.156203970313072205e-01,-6.098794564604759216e-02,1.730297692120075226e-02,5.489243566989898682e-02,9.580928832292556763e-03,6.533510982990264893e-02,-2.123962901532649994e-02,-4.996225610375404358e-02,1.734692789614200592e-02,-7.283921819180250168e-03,6.547319144010543823e-02,-6.597966700792312622e-02,-9.127430967055261135e-04,-4.278904758393764496e-03,1.834987103939056396e-01,7.671514060348272324e-03,1.518110372126102448e-02,-2.216315083205699921e-02,1.752094179391860962e-02,8.883994817733764648e-02,8.247336745262145996e-02,1.589647531509399414e-01,-4.076444730162620544e-02,4.681129381060600281e-02,6.650235503911972046e-02,8.839593082666397095e-02,-1.103240177035331726e-01,5.810440704226493835e-02,8.328247815370559692e-02,5.285344552248716354e-03,-1.701515913009643555e-01,1.449590325355529785e-01,1.170658543705940247e-01,-2.108655124902725220e-01,1.275999378412961960e-02,3.047598339617252350e-02,1.958627551794052124e-01,5.647363886237144470e-02,-7.967898249626159668e-02,6.105266138911247253e-02
6.939231604337692261e-02,-2.191960811614990234e-01,-4.106174409389495850e-02,1.356081068515777588e-01,1.290277689695358276e-01,-4.096954688429832458e-02,1.321139931678771973e-01,-8.183310925960540771e-02,1.590308547019958496e-02,-6.884069647639989853e-03,-1.368881016969680786e-01,6.166739389300346375e-02,-9.814906120300292969e-02,-5.052917450666427612e-02,1.152248308062553406e-01,1.109274998307228088e-01,-9.186677634716033936e-02,-8.762245625257492065e-02,-1.254014819860458374e-01,-1.688874885439872742e-02,6.367296725511550903e-02,3.726793080568313599e-02,-1.358655393123626709e-01,-1.581047326326370239e-01,1.287090778350830078e-01,-1.705728918313980103e-01,-1.274050585925579071e-02,-7.351631764322519302e-03,-5.563531070947647095e-02,-6.343980133533477783e-02,-5.473790317773818970e-02,-2.571349218487739563e-02,-8.969034254550933838e-02,-4.973407834768295288e-02,1.206164211034774780e-01,-5.573254823684692383e-02,-6.802678573876619339e-03,-3.281658142805099487e-02,-1.031001508235931396e-01,8.512682281434535980e-03,1.620106399059295654e-03,-1.305876523256301880e-01,1.231786515563726425e-02,1.002431809902191162e-01,-6.629737466573715210e-02,2.449684590101242065e-02,-1.550833135843276978e-02,-3.397062793374061584e-02,1.087496206164360046e-01,1.012540794909000397e-02,-1.326219737529754639e-01,-9.606782346963882446e-03,3.980166092514991760e-02,9.227989241480827332e-03,-1.218810155987739563e-01,1.197254061698913574e-01,-1.373845711350440979e-02,6.611334532499313354e-02,-9.106133878231048584e-02,-6.024558842182159424e-02,5.675823241472244263e-02,7.999698817729949951e-02,-4.207254201173782349e-02,-3.867863118648529053e-02,5.936259403824806213e-02,8.965186029672622681e-02,-3.483224660158157349e-02,-4.574876651167869568e-02,1.045823097229003906e-01,1.507670897990465164e-02,1.434286832809448242e-01,-8.541112393140792847e-02,-1.425106078386306763e-01,-1.172283142805099487e-01,-2.030905670835636556e-05,3.884413465857505798e-02,6.904128193855285645e-02,-8.653227984905242920e-02,1.284493356943130493e-01,-6.007526814937591553e-02,6.529718637466430664e-03,2.289178073406219482e-01,2.985253371298313141e-02,-3.358026966452598572e-02,-9.496400505304336548e-02,5.216313898563385010e-02,7.865548133850097656e-02,6.604475528001785278e-02,8.671813458204269409e-02,-6.393598765134811401e-02,-8.731684088706970215e-02,-2.297540009021759033e-02,-3.791403770446777344e-02,2.137286216020584106e-01,-7.653749734163284302e-02,2.936817519366741180e-02,-3.482058644294738770e-02,-2.752286940813064575e-02,7.092694938182830811e-02,-6.442557554692029953e-03,-1.012356504797935486e-01,-1.240258216857910156e-01,1.522598862648010254e-01,-9.338213503360748291e-02,7.557487487792968750e-02,2.209178172051906586e-02,-8.619415014982223511e-02,8.869491517543792725e-02,1.061463728547096252e-01,1.377677321434020996e-01,-7.579316943883895874e-02,7.064528763294219971e-03,3.675419837236404419e-02,8.449019491672515869e-02,-3.635918721556663513e-02,6.379832327365875244e-02,6.634645164012908936e-02,-2.956435456871986389e-02,-1.393679231405258179e-01,1.689089536666870117e-01,4.418598487973213196e-02,-1.000740006566047668e-01,5.890034511685371399e-02,3.445741906762123108e-02,1.806155294179916382e-01,-1.899008289910852909e-03,-8.527465164661407471e-02,6.994877755641937256e-02
5.847301334142684937e-02,-2.538159787654876709e-01,-2.469174005091190338e-02,1.376417577266693115e-01,1.032609418034553528e-01,-1.571760326623916626e-02,1.241029798984527588e-01,-2.446625195443630219e-02,8.312186598777770996e-02,-3.119116649031639099e-03,-8.245864510536193848e-02,1.028682217001914978e-01,-1.074308976531028748e-01,-6.952476501464843750e-02,1.302868872880935669e-01,5.009044334292411804e-02,-5.004785209894180298e-02,-6.670276075601577759e-02,-3.786078840494155884e-02,-2.365971356630325317e-02,5.701217055320739746e-02,8.374859392642974854e-02,-1.522627323865890503e-01,-8.910907804965972900e-02,7.402887195348739624e-02,-1.508796513080596924e-01,-5.858536064624786377e-02,4.594400525093078613e-02,-1.044673919677734375e-01,-7.604628801345825195e-02,-6.384024769067764282e-02,-2.509431447833776474e-03,-1.746896356344223022e-01,-4.074425622820854187e-02,1.777138411998748779e-01,-6.175513938069343567e-02,5.661699920892715454e-02,-7.754806429147720337e-02,-7.711018621921539307e-02,-4.572795238345861435e-03,-2.668393217027187347e-02,-6.253220140933990479e-02,1.670838706195354462e-02,1.008244007825851440e-01,-7.543426007032394409e-02,7.724426686763763428e-03,3.419395070523023605e-03,8.021550253033638000e-03,7.128799706697463989e-02,3.500918298959732056e-02,-1.306487321853637695e-01,-6.147633492946624756e-02,-1.771938242018222809e-02,-2.025548554956912994e-02,-1.202371716499328613e-01,1.072921454906463623e-01,-4.261251911520957947e-02,3.269780799746513367e-02,-1.066473051905632019e-01,-2.031124196946620941e-02,5.610202997922897339e-02,1.231844946742057800e-01,-1.544500980526208878e-02,-2.950636856257915497e-02,9.306985884904861450e-02,1.318976581096649170e-01,-2.495939843356609344e-02,-5.146396532654762268e-02,1.233177706599235535e-01,1.813313737511634827e-02,2.101943641901016235e-01,-1.270489394664764404e-01,-1.275640130043029785e-01,-1.123118251562118530e-01,7.284877821803092957e-03,2.959747985005378723e-02,8.452679216861724854e-02,-9.177093207836151123e-02,1.214603334665298462e-01,-2.925027348101139069e-02,2.946898341178894043e-02,1.831294745206832886e-01,6.015993189066648483e-03,-6.582383066415786743e-02,-1.016513109207153320e-01,6.353057175874710083e-02,6.400246918201446533e-02,5.453920364379882812e-02,7.885921001434326172e-02,-9.467329084873199463e-02,-6.388172507286071777e-02,-2.896644175052642822e-02,-7.840998470783233643e-02,1.460852026939392090e-01,4.072436317801475525e-02,-4.384856671094894409e-02,-4.634292423725128174e-02,3.901383280754089355e-02,1.167329493910074234e-02,-6.047249957919120789e-02,-1.075929328799247742e-01,-9.742581844329833984e-02,1.426246017217636108e-01,7.585186511278152466e-03,6.604904681444168091e-02,2.420692518353462219e-02,-1.110898330807685852e-01,7.933903485536575317e-02,9.669695049524307251e-02,1.170622482895851135e-01,-1.013766154646873474e-01,6.298342347145080566e-02,3.253197297453880310e-02,6.520921736955642700e-02,-6.179714947938919067e-02,1.016446277499198914e-01,7.975735701620578766e-03,-6.279291957616806030e-02,-1.967346370220184326e-01,1.442802995443344116e-01,2.525572665035724640e-02,-8.506695181131362915e-02,8.754233270883560181e-02,4.196406155824661255e-02,1.885768473148345947e-01,7.234769873321056366e-04,-7.127600163221359253e-02,2.685753069818019867e-02
3.066343069076538086e-02,-2.195381969213485718e-01,-2.105353586375713348e-02,1.546923369169235229e-01,1.025760993361473083e-01,-1.433672010898590088e-02,1.228320673108100891e-01,-1.617654040455818176e-02,8.310102671384811401e-02,5.885043367743492126e-02,-6.891274452209472656e-02,1.515195071697235107e-01,-7.204145938158035278e-02,1.348216086626052856e-03,9.899534285068511963e-02,1.151323765516281128e-01,-6.591019779443740845e-02,-7.974875718355178833e-02,-6.449896842241287231e-02,-6.565240025520324707e-02,1.001411676406860352e-01,8.571802824735641479e-02,-2.133168578147888184e-01,-1.012100353837013245e-01,9.099797159433364868e-02,-1.223446279764175415e-01,-4.364084824919700623e-02,4.386149346828460693e-02,-1.072362586855888367e-01,-2.788943424820899963e-02,-5.935866013169288635e-02,-2.489934302866458893e-02,-1.749537438154220581e-01,-3.962130099534988403e-02,1.403019428253173828e-01,-5.987242236733436584e-02,2.292232587933540344e-02,-8.357279002666473389e-02,-5.080351606011390686e-02,2.922951430082321167e-02,2.242616191506385803e-02,-7.858602702617645264e-02,1.568011194467544556e-02,9.309608489274978638e-02,-5.949302390217781067e-02,2.129036001861095428e-02,-1.636905968189239502e-02,-8.484691381454467773e-03,9.245461970567703247e-02,1.753946766257286072e-02,-1.206456273794174194e-01,-3.847988694906234741e-02,1.799548789858818054e-02,-1.967992819845676422e-02,-1.412358433008193970e-01,1.276917904615402222e-01,-5.519407242536544800e-02,2.879047766327857971e-02,-8.703498542308807373e-02,-4.799949377775192261e-02,3.211079165339469910e-02,1.428953111171722412e-01,-3.210029006004333496e-02,1.142578665167093277e-02,2.673914097249507904e-02,6.588272750377655029e-02,-3.915983065962791443e-02,-3.220881894230842590e-02,1.508207023143768311e-01,1.137463282793760300e-02,1.845768690109252930e-01,-9.685815870761871338e-02,-1.324082016944885254e-01,-1.180829256772994995e-01,-1.296043302863836288e-02,6.845377385616302490e-02,1.134957522153854370e-01,-1.064992472529411316e-01,1.332777440547943115e-01,3.169851750135421753e-02,5.898439139127731323e-02,2.132431268692016602e-01,1.739456877112388611e-02,-7.227866351604461670e-02,-1.397715657949447632e-01,2.428977936506271362e-02,4.359676688909530640e-02,-2.875055558979511261e-02,1.343146115541458130e-01,-5.997684225440025330e-02,-3.823903203010559082e-02,-8.468328043818473816e-03,-4.986081272363662720e-02,1.148121431469917297e-01,1.036478579044342041e-02,-5.389392375946044922e-02,-4.241406545042991638e-02,3.892086073756217957e-02,1.576631329953670502e-02,-9.424822032451629639e-02,-1.148503646254539490e-01,-8.369965851306915283e-02,6.800869852304458618e-02,-6.862657517194747925e-02,4.735009372234344482e-02,6.185129657387733459e-02,-7.936338335275650024e-02,8.294921368360519409e-02,7.182257622480392456e-02,1.319708973169326782e-01,-8.688692748546600342e-02,5.349052324891090393e-02,3.173837438225746155e-02,2.501115016639232635e-02,-1.221403703093528748e-01,3.417435660958290100e-02,1.368089392781257629e-02,-6.737298518419265747e-02,-1.915185898542404175e-01,1.121757179498672485e-01,5.342341214418411255e-02,-1.025418713688850403e-01,8.128798007965087891e-02,3.693354874849319458e-02,2.075023651123046875e-01,8.946060203015804291e-03,-7.875522971153259277e-02,6.857062876224517822e-02
5.918519571423530579e-02,-2.290942221879959106e-01,-2.374682761728763580e-02,1.561137139797210693e-01,1.385536640882492065e-01,-1.053577475249767303e-02,1.229221224784851074e-01,-4.022563993930816650e-02,8.705327659845352173e-02,1.958658546209335327e-02,-4.558560624718666077e-02,8.533094823360443115e-02,-9.242764115333557129e-02,-4.242757335305213928e-02,1.411207020282745361e-01,1.051926165819168091e-01,-5.538142845034599304e-02,-2.545619569718837738e-02,-5.847012624144554138e-02,-5.729198455810546875e-02,6.899318099021911621e-02,4.683962091803550720e-02,-1.753496080636978149e-01,-1.106772422790527344e-01,8.328762650489807129e-02,-1.629784256219863892e-01,-5.872403830289840698e-02,3.841880336403846741e-02,-9.935618191957473755e-02,-7.170777767896652222e-02,-7.646179944276809692e-02,-1.667067408561706543e-02,-1.796539127826690674e-01,-4.503300413489341736e-02,8.952402323484420776e-02,-4.995282366871833801e-02,5.349753424525260925e-02,-6.558467447757720947e-02,-1.135397553443908691e-01,3.609556704759597778e-02,-1.475924905389547348e-02,-8.172721415758132935e-02,2.952632308006286621e-02,9.684012830257415771e-02,-4.144570231437683105e-02,-1.908169314265251160e-02,-3.292962908744812012e-02,-1.264795288443565369e-02,8.192930370569229126e-02,3.587467968463897705e-02,-1.291603595018386841e-01,-2.539912238717079163e-02,-2.425348199903964996e-02,-1.388620305806398392e-02,-1.190863549709320068e-01,1.091598048806190491e-01,-2.591122686862945557e-02,-2.060820814222097397e-03,-7.946919649839401245e-02,-6.539546698331832886e-02,7.658741623163223267e-02,1.327802687883377075e-01,-4.422925785183906555e-02,5.852325353771448135e-03,4.493620619177818298e-02,8.877689391374588013e-02,4.229987971484661102e-03,-3.120542876422405243e-02,1.902905255556106567e-01,2.349303103983402252e-02,1.950910687446594238e-01,-8.720731735229492188e-02,-1.254060864448547363e-01,-7.131256908178329468e-02,-3.239464759826660156e-02,9.126087278127670288e-02,1.039716750383377075e-01,-1.231473162770271301e-01,1.219370067119598389e-01,3.555395826697349548e-02,3.000532090663909912e-02,1.997253000736236572e-01,2.875128574669361115e-02,-3.209837153553962708e-02,-1.340489983558654785e-01,4.082715883851051331e-02,9.380322694778442383e-02,-2.627353556454181671e-02,1.009696200489997864e-01,-4.195483028888702393e-02,-8.552812784910202026e-02,-1.055140886455774307e-02,-7.027890533208847046e-02,1.472401320934295654e-01,6.117068603634834290e-02,-2.143413759768009186e-02,-4.026443138718605042e-02,3.049984388053417206e-02,2.357023581862449646e-02,-6.317515671253204346e-02,-1.060080826282501221e-01,-7.385434210300445557e-02,9.379220753908157349e-02,4.863703798037022352e-04,5.307826399803161621e-02,2.341797947883605957e-02,-9.997549653053283691e-02,1.209766566753387451e-01,9.675618261098861694e-02,1.184741705656051636e-01,-8.570477366447448730e-02,4.405307397246360779e-02,5.742541979998350143e-03,4.922986030578613281e-02,-8.776526153087615967e-02,9.369706362485885620e-02,1.850492693483829498e-02,-8.878208696842193604e-02,-1.765540689229965210e-01,7.726502418518066406e-02,4.395085573196411133e-02,-9.170867502689361572e-02,9.494841098785400391e-02,6.695774942636489868e-02,1.964322477579116821e-01,2.909465879201889038e-02,-1.279692947864532471e-01,6.364616006612777710e-02
3.116712719202041626e-02,-2.088496387004852295e-01,7.731266785413026810e-03,1.631263345479965210e-01,9.504666179418563843e-02,-5.914074927568435669e-02,1.003107652068138123e-01,-4.399914294481277466e-02,1.958310417830944061e-02,4.331485554575920105e-02,-6.401541829109191895e-02,9.116416424512863159e-02,-9.031329303979873657e-02,-5.056056380271911621e-02,1.272373944520950317e-01,9.621728211641311646e-02,-6.790851056575775146e-02,-8.180235326290130615e-02,-7.752755284309387207e-02,-6.546204537153244019e-02,9.970276802778244019e-02,2.739436924457550049e-02,-1.883356869220733643e-01,-7.688398659229278564e-02,7.405345141887664795e-02,-1.890462785959243774e-01,-3.879960253834724426e-02,2.675339393317699432e-02,-8.602883666753768921e-02,-2.299412712454795837e-02,-4.092727228999137878e-02,-4.977758973836898804e-02,-1.765874326229095459e-01,-6.365888565778732300e-02,1.003694608807563782e-01,-8.392970263957977295e-02,3.273561224341392517e-02,-5.370949581265449524e-02,-9.425088763236999512e-02,7.059330493211746216e-02,1.192543283104896545e-02,-8.341057598590850830e-02,4.743557795882225037e-02,4.194937273859977722e-02,-8.762446045875549316e-02,5.262903869152069092e-03,-3.197880834341049194e-02,-2.952811541035771370e-03,9.639097750186920166e-02,3.794204676523804665e-03,-1.381724625825881958e-01,-1.509586907923221588e-02,5.188536830246448517e-03,-2.630859240889549255e-02,-1.490696668624877930e-01,9.959159791469573975e-02,-4.170731082558631897e-02,2.301402203738689423e-02,-1.062003001570701599e-01,-3.633007407188415527e-02,9.265731275081634521e-02,1.070287525653839111e-01,2.416738541796803474e-03,3.366310894489288330e-02,3.328461572527885437e-02,7.023197412490844727e-02,-4.133814014494419098e-03,-5.207984521985054016e-02,1.807219535112380981e-01,2.850543148815631866e-02,1.833517253398895264e-01,-8.498657494783401489e-02,-9.145198762416839600e-02,-6.257900595664978027e-02,-4.738482460379600525e-02,4.669911414384841919e-02,1.046692579984664917e-01,-8.400359749794006348e-02,1.209963858127593994e-01,1.402015704661607742e-02,6.422184407711029053e-02,1.859659701585769653e-01,1.011353731155395508e-02,-5.848086997866630554e-02,-1.245802789926528931e-01,8.573633618652820587e-03,3.869434073567390442e-02,-3.386281803250312805e-02,1.265370994806289673e-01,-1.092119291424751282e-01,-7.459937781095504761e-02,-4.924156144261360168e-02,-6.739217787981033325e-02,1.515092998743057251e-01,-9.219923056662082672e-03,-1.036073919385671616e-02,-2.078109048306941986e-02,-5.943933501839637756e-03,-5.297477357089519501e-03,-1.030054911971092224e-01,-1.251559406518936157e-01,-7.194320857524871826e-02,8.396899700164794922e-02,-1.340648811310529709e-02,1.069225445389747620e-01,5.502161383628845215e-02,-9.025318920612335205e-02,8.571726083755493164e-02,7.645054906606674194e-02,1.618678867816925049e-01,-5.946698039770126343e-02,7.032424956560134888e-02,3.901376621797680855e-04,3.531513363122940063e-02,-7.326238602399826050e-02,1.380082517862319946e-01,2.357294782996177673e-02,-5.286410078406333923e-02,-2.090719491243362427e-01,1.256754100322723389e-01,5.834280699491500854e-02,-9.315014630556106567e-02,8.111172914505004883e-02,4.542325437068939209e-02,2.135170847177505493e-01,1.972857676446437836e-02,-8.420217037200927734e-02,8.911272138357162476e-02
1.172626763582229614e-02,-2.349303960800170898e-01,-2.021440537646412849e-03,1.579935252666473389e-01,8.073265105485916138e-02,-5.833566188812255859e-02,7.504939287900924683e-02,-3.907205536961555481e-02,2.122419513761997223e-02,6.180986762046813965e-02,-7.781229168176651001e-02,9.529621154069900513e-02,-9.805092215538024902e-02,-8.931995928287506104e-02,1.430746614933013916e-01,1.062024012207984924e-01,-1.142533048987388611e-01,-6.966827809810638428e-02,-4.752509295940399170e-02,-4.077336192131042480e-02,5.044437944889068604e-02,3.817427903413772583e-02,-1.798719763755798340e-01,-8.912246674299240112e-02,7.570409029722213745e-02,-1.452976167201995850e-01,-3.830552101135253906e-02,4.536596313118934631e-02,-8.358719944953918457e-02,-7.537446171045303345e-02,-6.737935543060302734e-02,-3.684696182608604431e-02,-1.835470050573348999e-01,-1.769743114709854126e-02,1.268431842327117920e-01,-6.885561347007751465e-02,2.117129042744636536e-02,-7.031228393316268921e-02,-9.651105850934982300e-02,5.008625984191894531e-02,-4.391512193251401186e-04,-1.151606887578964233e-01,-1.372187025845050812e-02,6.618091464042663574e-02,-8.214781433343887329e-02,-8.021354675292968750e-03,-1.730768568813800812e-02,2.060479298233985901e-02,7.511667907238006592e-02,2.341985469684004784e-03,-1.513857692480087280e-01,-2.360458672046661377e-02,2.397675253450870514e-02,-3.986136987805366516e-02,-1.735162436962127686e-01,9.724333882331848145e-02,-3.992863744497299194e-02,3.562730178236961365e-02,-9.718248248100280762e-02,-2.751909196376800537e-02,6.898469477891921997e-02,1.055100187659263611e-01,1.772625371813774109e-03,-3.785875067114830017e-02,2.956057712435722351e-02,1.028542965650558472e-01,-6.337936967611312866e-02,-3.840765729546546936e-02,1.553110629320144653e-01,2.610832080245018005e-02,1.824038922786712646e-01,-1.002669632434844971e-01,-1.500447094440460205e-01,-8.379022777080535889e-02,1.508778706192970276e-02,8.738934993743896484e-02,9.934841096401214600e-02,-8.348535746335983276e-02,1.124561056494712830e-01,4.003116115927696228e-02,2.834995090961456299e-02,1.725534051656723022e-01,1.502358075231313705e-02,-3.758035972714424133e-02,-9.625438600778579712e-02,1.813549734652042389e-02,2.165759354829788208e-02,2.471985481679439545e-02,1.260948330163955688e-01,-9.133033454418182373e-02,-4.525645449757575989e-02,-2.213160134851932526e-02,-6.626942008733749390e-02,1.639308333396911621e-01,-4.573195427656173706e-02,-1.951056718826293945e-02,-4.842671379446983337e-02,-1.929876022040843964e-02,4.051816090941429138e-02,-8.268497884273529053e-02,-1.117575764656066895e-01,-5.779944360256195068e-02,8.047787845134735107e-02,5.681650713086128235e-03,7.805592566728591919e-02,5.856319144368171692e-02,-1.154001504182815552e-01,8.302617073059082031e-02,8.068256080150604248e-02,1.702085882425308228e-01,-5.951666459441184998e-02,1.014932319521903992e-01,4.240257665514945984e-02,1.074675396084785461e-01,-7.010688632726669312e-02,1.032596379518508911e-01,-1.129544991999864578e-02,-3.272217884659767151e-02,-1.998389214277267456e-01,1.598007380962371826e-01,3.528881072998046875e-02,-1.248857900500297546e-01,4.517494887113571167e-02,6.588815152645111084e-02,1.722715795040130615e-01,6.866100709885358810e-03,-4.142119362950325012e-02,1.838138327002525330e-02
6.929160654544830322e-02,-1.569935828447341919e-01,2.804374136030673981e-02,1.518934369087219238e-01,8.247449249029159546e-02,-6.176846474409103394e-02,1.546797305345535278e-01,-4.003947973251342773e-02,2.973476238548755646e-02,6.306318938732147217e-02,-1.183570623397827148e-01,9.626886248588562012e-02,1.321987342089414597e-02,-3.716507554054260254e-02,7.195059210062026978e-02,7.915475964546203613e-02,-5.816362425684928894e-02,-9.054081141948699951e-02,-2.402018383145332336e-02,-4.504928365349769592e-03,9.617237746715545654e-02,4.418371617794036865e-02,-1.286227852106094360e-01,-5.945831537246704102e-02,1.259030550718307495e-01,-1.465437263250350952e-01,-6.236871331930160522e-02,8.372763544321060181e-02,-7.447913289070129395e-02,2.068502362817525864e-03,-4.793352633714675903e-02,-8.179502934217453003e-02,-1.472263485193252563e-01,-7.472342997789382935e-02,1.066764295101165771e-01,-6.809899210929870605e-02,-7.147995289415121078e-03,1.708364579826593399e-03,-5.211537703871726990e-02,7.812972366809844971e-02,3.942669555544853210e-02,-6.224963068962097168e-02,2.997799962759017944e-02,1.321261562407016754e-02,-3.129658848047256470e-02,3.264907374978065491e-02,7.754527777433395386e-02,-8.507243543863296509e-02,6.536569446325302124e-02,2.475841343402862549e-02,-1.725088208913803101e-01,-4.474603757262229919e-02,7.766202092170715332e-02,-4.335818812251091003e-02,-2.044942378997802734e-01,1.693201363086700439e-01,-7.374931871891021729e-02,1.014145538210868835e-01,-8.404915779829025269e-02,-3.581269877031445503e-03,3.960761427879333496e-02,9.146987646818161011e-02,-1.795294694602489471e-02,-3.240758553147315979e-02,5.097204819321632385e-02,7.387470453977584839e-02,7.131982594728469849e-03,-6.986760348081588745e-02,1.103387847542762756e-01,4.191192612051963806e-02,1.798465698957443237e-01,-1.127902790904045105e-01,-1.597372256219387054e-02,-7.504151016473770142e-02,4.983321204781532288e-02,-1.304506137967109680e-02,7.655361294746398926e-02,-9.662372618913650513e-02,7.075663655996322632e-02,3.485044464468955994e-03,2.496344409883022308e-02,1.656207442283630371e-01,2.105995826423168182e-02,-4.043243825435638428e-02,-9.951036423444747925e-02,3.894363716244697571e-02,1.599240116775035858e-02,-3.390592336654663086e-02,7.792742550373077393e-02,-1.218157187104225159e-01,-4.650017246603965759e-02,-8.931063860654830933e-02,-3.210983425378799438e-02,1.811189353466033936e-01,-1.170983389019966125e-01,-1.988321729004383087e-02,-1.037676702253520489e-03,-4.144497588276863098e-02,3.123653493821620941e-02,-7.079315930604934692e-02,-1.037227809429168701e-01,-2.253296319395303726e-03,1.380179673433303833e-01,-1.146518513560295105e-01,3.127637505531311035e-02,1.322694122791290283e-01,-1.004989221692085266e-01,4.108670633286237717e-03,6.355408579111099243e-02,1.674238890409469604e-01,-1.054314374923706055e-01,-1.118812127970159054e-03,-1.439779624342918396e-02,1.084630116820335388e-01,-1.188646331429481506e-01,1.398280560970306396e-01,2.931809052824974060e-02,-2.607098035514354706e-02,-2.106424868106842041e-01,2.058009952306747437e-01,2.641244232654571533e-02,-1.291599869728088379e-01,6.068522576242685318e-03,-2.227616496384143829e-02,1.789034008979797363e-01,4.613225534558296204e-02,-1.024611387401819229e-02,9.425399452447891235e-02
7.798780500888824463e-02,-2.622607052326202393e-01,2.013076655566692352e-02,1.167908385396003723e-01,4.595491290092468262e-02,-4.605435580015182495e-02,1.620136350393295288e-01,-2.810080349445343018e-02,5.268360674381256104e-02,-1.783045381307601929e-02,-9.832691401243209839e-02,6.879267096519470215e-02,-2.370071969926357269e-02,-5.786102265119552612e-02,6.819598376750946045e-02,5.786389485001564026e-02,-9.759363532066345215e-02,-5.026764050126075745e-02,1.701905974186956882e-03,-2.247306704521179199e-02,3.651830926537513733e-02,-2.886258298531174660e-03,-1.339359581470489502e-01,-3.652093559503555298e-02,1.196348071098327637e-01,-1.143202409148216248e-01,-1.341380774974822998e-01,4.388938099145889282e-02,-7.609886676073074341e-02,-7.254019379615783691e-02,-7.594855036586523056e-03,-1.186937913298606873e-01,-5.681634321808815002e-02,-1.044403836131095886e-01,1.364581733942031860e-01,-5.842371657490730286e-02,-3.977205976843833923e-02,4.677434265613555908e-02,-1.431324779987335205e-01,3.745827823877334595e-02,5.388261750340461731e-02,-7.356829941272735596e-02,-2.435906976461410522e-02,1.673413440585136414e-02,-1.784204691648483276e-02,5.817175284028053284e-02,1.398966647684574127e-02,-3.655665740370750427e-02,1.007494777441024780e-01,1.447498518973588943e-02,-1.833729743957519531e-01,3.245598636567592621e-03,3.291846066713333130e-02,8.335243910551071167e-03,-1.325016915798187256e-01,2.241681963205337524e-01,1.497393287718296051e-02,4.729395359754562378e-02,-6.578602641820907593e-02,-3.913508728146553040e-02,3.999676927924156189e-02,7.946039736270904541e-02,-2.011322602629661560e-02,7.184457499533891678e-03,1.674532517790794373e-02,1.566738337278366089e-01,-3.067779354751110077e-02,-1.198839619755744934e-01,4.920320957899093628e-02,-2.573360316455364227e-02,1.593813747167587280e-01,-2.693489566445350647e-02,-7.982982695102691650e-02,-8.309009484946727753e-03,1.321789924986660480e-03,2.943794429302215576e-02,4.969936236739158630e-02,-1.123534068465232849e-01,1.043623015284538269e-01,-1.177098676562309265e-01,2.897900156676769257e-02,1.723153144121170044e-01,1.597858779132366180e-02,-5.429603531956672668e-02,-8.444529026746749878e-02,9.291796013712882996e-03,6.470278650522232056e-02,-2.459325827658176422e-02,8.501034975051879883e-02,-4.744675382971763611e-02,-7.945567369461059570e-02,-7.527366280555725098e-02,-1.774652488529682159e-02,2.731923460960388184e-01,-6.935392320156097412e-02,-9.894341975450515747e-02,-3.968715667724609375e-02,2.442904748022556305e-03,5.439020693302154541e-02,-5.958836153149604797e-02,-1.135539934039115906e-01,-9.210067242383956909e-02,1.637977063655853271e-01,-5.759752169251441956e-02,4.342176020145416260e-02,9.561210125684738159e-02,-8.646357804536819458e-03,9.344114363193511963e-02,-3.033969784155488014e-03,1.837240755558013916e-01,-5.984176695346832275e-02,8.976795361377298832e-04,-3.719946369528770447e-02,9.916895627975463867e-02,-1.115037798881530762e-01,8.466859161853790283e-02,5.082468688488006592e-02,-2.352243987843394279e-03,-1.390066444873809814e-01,1.647586524486541748e-01,8.039823174476623535e-02,-8.601018786430358887e-02,-1.052291877567768097e-02,-5.974842701107263565e-03,1.858451813459396362e-01,9.108526632189750671e-03,-1.190781369805335999e-01,7.818099856376647949e-02
4.329282417893409729e-02,-2.862976193428039551e-01,-3.655062243342399597e-02,1.280779242515563965e-01,9.573028236627578735e-02,-6.725342571735382080e-02,1.669732481241226196e-01,4.804426338523626328e-03,6.767328083515167236e-02,-3.682211413979530334e-02,-1.070900857448577881e-01,8.067489415407180786e-02,-1.769039221107959747e-02,-6.071825325489044189e-02,9.121964126825332642e-02,6.985320150852203369e-02,-4.412249848246574402e-02,-8.831920474767684937e-02,-1.609144918620586395e-02,-2.199308387935161591e-02,1.330172363668680191e-02,1.405554357916116714e-02,-1.258313506841659546e-01,-3.263061866164207458e-02,1.015093252062797546e-01,-1.304572969675064087e-01,-1.249513849616050720e-01,7.173188775777816772e-02,-6.448138505220413208e-02,-5.388655140995979309e-02,-1.807788945734500885e-02,-9.245093911886215210e-02,-8.462177962064743042e-02,-7.116115093231201172e-02,7.207076996564865112e-02,-6.788107007741928101e-02,3.643039613962173462e-03,-4.323530197143554688e-02,-1.347698271274566650e-01,1.829909905791282654e-02,-1.291014632442966104e-04,-9.373376518487930298e-02,-3.417399153113365173e-02,5.017688125371932983e-02,-4.161276668310165405e-02,3.821776434779167175e-02,-1.114032883197069168e-02,-6.178737804293632507e-02,7.827440649271011353e-02,2.425459027290344238e-02,-1.920062899589538574e-01,-2.893244381994009018e-03,-3.404001891613006592e-02,-1.970132440328598022e-02,-1.515438556671142578e-01,2.006491720676422119e-01,-1.745959185063838959e-02,5.497077852487564087e-02,-4.270184040069580078e-02,-3.359718248248100281e-02,1.916868612170219421e-02,4.782756790518760681e-02,1.676186919212341309e-02,-2.070007473230361938e-02,3.909096866846084595e-02,1.704575568437576294e-01,-1.155875157564878464e-02,-8.343129605054855347e-02,6.118805706501007080e-02,-1.316284947097301483e-02,1.615619212388992310e-01,-4.850759357213973999e-02,-9.613639116287231445e-02,-2.874145656824111938e-02,-8.882188238203525543e-03,4.686139151453971863e-02,2.513644658029079437e-02,-6.152479350566864014e-02,3.929987177252769470e-02,-1.308398097753524780e-01,6.189393624663352966e-02,1.590455323457717896e-01,1.124200504273176193e-02,-6.792552024126052856e-02,-2.929187379777431488e-02,1.312221214175224304e-02,7.973650097846984863e-02,-2.658996544778347015e-02,9.439148753881454468e-02,-2.857451885938644409e-02,-5.770824104547500610e-02,-5.177722498774528503e-02,-4.013827070593833923e-02,2.464707493782043457e-01,-2.565603889524936676e-02,-9.133210778236389160e-02,-4.975289106369018555e-02,-2.719115279614925385e-02,5.941237881779670715e-02,-3.899101540446281433e-02,-1.243829429149627686e-01,-1.118716150522232056e-01,1.852150261402130127e-01,-4.911737143993377686e-02,8.181076496839523315e-02,7.781365513801574707e-02,-5.707423388957977295e-02,1.135384812951087952e-01,-1.534041669219732285e-02,1.818913221359252930e-01,-6.341031193733215332e-02,-4.919248446822166443e-02,-1.331840176135301590e-02,1.590405255556106567e-01,-1.338060945272445679e-01,3.071225620806217194e-02,2.341337315738201141e-02,-3.110331483185291290e-02,-1.552718877792358398e-01,1.791009157896041870e-01,4.878580197691917419e-02,-1.140944138169288635e-01,5.215961020439863205e-03,-1.576453633606433868e-02,1.933234632015228271e-01,-3.382300725206732750e-03,-9.823706001043319702e-02,5.505400151014328003e-02
1.825631596148014069e-03,-2.249703258275985718e-01,-1.548510696738958359e-02,1.724749952554702759e-01,2.472333423793315887e-02,-4.506488516926765442e-02,1.427923142910003662e-01,-2.582443319261074066e-02,4.365432262420654297e-02,1.141597796231508255e-02,-1.057919934391975403e-01,5.875785276293754578e-02,1.180036831647157669e-02,-4.725381359457969666e-02,1.035356894135475159e-01,5.094643682241439819e-02,-5.064209923148155212e-02,-9.182552248239517212e-02,-1.592932641506195068e-02,-3.531822934746742249e-02,5.549858510494232178e-02,3.654009476304054260e-02,-1.420369595289230347e-01,-1.192054599523544312e-01,1.067906990647315979e-01,-1.292845755815505981e-01,-1.195720732212066650e-01,8.836758136749267578e-02,-1.188992112874984741e-01,-6.922152638435363770e-02,-4.018380865454673767e-02,-3.990080952644348145e-02,-1.151669621467590332e-01,-6.324301660060882568e-02,1.065186858177185059e-01,-8.663190901279449463e-02,-4.637368395924568176e-02,-2.302112989127635956e-02,-9.809746593236923218e-02,1.865577511489391327e-02,5.282053723931312561e-03,-5.870627984404563904e-02,-4.276871681213378906e-03,6.100819632411003113e-02,-1.930850557982921600e-02,2.850697748363018036e-02,4.230560362339019775e-02,-7.843330502510070801e-02,6.653314828872680664e-02,4.542738199234008789e-02,-1.731492578983306885e-01,-5.043391510844230652e-02,1.054087094962596893e-02,9.637333452701568604e-03,-1.428960859775543213e-01,2.079572528600692749e-01,-2.849647961556911469e-02,8.245772868394851685e-02,-5.946185812354087830e-02,-3.691498190164566040e-02,4.778357967734336853e-02,8.230402320623397827e-02,-8.944435976445674896e-03,-1.507939584553241730e-02,1.825850270688533783e-02,1.319696605205535889e-01,-3.502412512898445129e-02,-1.106728538870811462e-01,1.055492982268333435e-01,8.039618842303752899e-03,1.825152039527893066e-01,-9.398809820413589478e-02,-1.227224022150039673e-01,-5.186180397868156433e-02,3.115702606737613678e-02,2.469389885663986206e-02,2.796217799186706543e-02,-9.622319042682647705e-02,9.237007796764373779e-02,-1.259479820728302002e-01,-2.892632910516113043e-04,1.372704207897186279e-01,-3.761034458875656128e-02,-5.664879828691482544e-02,-1.072532013058662415e-01,9.132244437932968140e-02,6.469628959894180298e-02,-2.455304935574531555e-02,9.568638354539871216e-02,-1.025338023900985718e-01,-8.104544878005981445e-02,-5.099229514598846436e-02,-4.037582874298095703e-02,2.462627738714218140e-01,-3.191795945167541504e-02,-3.704395890235900879e-02,-7.643287628889083862e-02,2.918122150003910065e-02,5.918659642338752747e-02,-5.441001057624816895e-02,-7.702934741973876953e-02,-1.110913604497909546e-01,1.852989047765731812e-01,-8.514048904180526733e-02,1.868344470858573914e-02,1.032454967498779297e-01,-9.370901435613632202e-02,4.205911606550216675e-02,-1.940993219614028931e-02,1.808666884899139404e-01,-3.938435390591621399e-02,8.685084059834480286e-03,3.836214169859886169e-02,1.458308696746826172e-01,-1.017524898052215576e-01,8.382775634527206421e-02,3.933686390519142151e-02,-1.900454238057136536e-02,-1.589481979608535767e-01,1.835376769304275513e-01,-1.084335599443875253e-04,-7.882474362850189209e-02,-2.871020231395959854e-03,2.050844579935073853e-02,1.643846780061721802e-01,4.172297567129135132e-02,-3.883764892816543579e-02,5.175760015845298767e-02
1.135175377130508423e-01,-2.802156507968902588e-01,-2.760024368762969971e-02,1.548206806182861328e-01,4.318584874272346497e-02,-3.582503879442811012e-03,1.312270611524581909e-01,-3.460232540965080261e-02,7.210850715637207031e-02,2.860261313617229462e-02,-5.145381391048431396e-02,1.222489699721336365e-01,2.394159324467182159e-03,-5.323260650038719177e-02,1.094598099589347839e-01,1.092701628804206848e-01,-6.859192997217178345e-02,-6.394123286008834839e-02,-3.024776093661785126e-02,-2.113419026136398315e-02,9.154099971055984497e-02,1.591338589787483215e-02,-1.306702047586441040e-01,-6.316091120243072510e-02,1.453991383314132690e-01,-1.424365192651748657e-01,-1.030811071395874023e-01,2.817105315625667572e-02,-8.665337413549423218e-02,-4.492935910820960999e-02,-3.934994339942932129e-02,-8.048820495605468750e-02,-7.995437830686569214e-02,-3.463006764650344849e-02,1.203363090753555298e-01,-8.180001378059387207e-02,4.590593278408050537e-02,3.663414344191551208e-02,-1.224685385823249817e-01,6.118874065577983856e-03,-1.947131194174289703e-02,-5.960871279239654541e-02,-1.513342186808586121e-02,3.386437520384788513e-02,3.035417059436440468e-03,5.500518158078193665e-02,6.974999606609344482e-02,-5.116821080446243286e-02,1.237998157739639282e-01,-1.238992903381586075e-02,-1.465416997671127319e-01,-3.723962604999542236e-02,-6.807961314916610718e-02,2.270058728754520416e-02,-1.137818768620491028e-01,2.002955228090286255e-01,-1.088341698050498962e-02,2.837569452822208405e-02,-4.886844009160995483e-02,-7.228419184684753418e-02,4.356941580772399902e-02,1.167329475283622742e-01,-8.486693352460861206e-02,-5.914932116866111755e-03,-6.003281101584434509e-03,1.034764200448989868e-01,7.629526662640273571e-04,-1.015117764472961426e-01,7.119648158550262451e-02,2.238940447568893433e-02,1.705199480056762695e-01,-7.895626872777938843e-02,-8.321824669837951660e-02,-7.610969990491867065e-02,2.923879772424697876e-02,3.221780061721801758e-02,8.264338970184326172e-02,-1.006144434213638306e-01,1.037604287266731262e-01,-1.281489431858062744e-01,-1.347824651747941971e-02,2.298302352428436279e-01,1.452006213366985321e-02,-4.550799727439880371e-02,-8.800999075174331665e-02,4.303105548024177551e-02,5.040208995342254639e-02,-4.744162037968635559e-02,1.095714420080184937e-01,-7.293654978275299072e-02,-9.203101694583892822e-02,-2.886658068746328354e-03,-3.404786810278892517e-02,2.354301065206527710e-01,7.002571132034063339e-03,-6.232450157403945923e-02,-4.101203382015228271e-02,2.738187089562416077e-02,5.293476209044456482e-02,-5.007927771657705307e-03,-1.024489700794219971e-01,-7.555310428142547607e-02,1.685289442539215088e-01,-3.140417113900184631e-02,2.516425400972366333e-02,5.502655729651451111e-02,-2.728282846510410309e-02,2.336009778082370758e-02,8.678524196147918701e-02,1.486914306879043579e-01,-9.600061923265457153e-02,-1.723134145140647888e-02,-6.002740003168582916e-03,1.174996197223663330e-01,-1.406601518392562866e-01,4.082023352384567261e-02,1.638362556695938110e-02,-5.321741476655006409e-02,-1.442428231239318848e-01,1.228544414043426514e-01,8.382818847894668579e-02,-9.239621460437774658e-02,6.082131341099739075e-02,2.672784216701984406e-02,1.833747029304504395e-01,6.954228878021240234e-02,-8.054744452238082886e-02,3.394460305571556091e-02
2.795345149934291840e-02,-2.162274718284606934e-01,2.582504972815513611e-02,1.547163575887680054e-01,3.370604664087295532e-02,-7.605636119842529297e-02,9.426470100879669189e-02,-4.280795156955718994e-02,1.620670594274997711e-02,1.223676651716232300e-01,-1.429612338542938232e-01,1.079656183719635010e-01,-8.547826856374740601e-02,-7.166499644517898560e-02,1.090728044509887695e-01,9.062074869871139526e-02,-1.099225431680679321e-01,-1.245116069912910461e-01,-2.102148532867431641e-02,-6.623732298612594604e-02,3.013796918094158173e-02,5.428481101989746094e-02,-1.821915358304977417e-01,-1.079480797052383423e-01,7.794813811779022217e-02,-1.115564331412315369e-01,-4.896281287074089050e-02,8.990698307752609253e-02,-7.371488958597183228e-02,-3.310959786176681519e-03,-6.123580783605575562e-02,-3.462784364819526672e-02,-1.058492437005043030e-01,-3.848138451576232910e-02,7.915458828210830688e-02,-8.483005315065383911e-02,1.053315703757107258e-03,-1.693871431052684784e-02,-9.272345900535583496e-02,-8.319205604493618011e-03,-2.973331138491630554e-02,-1.154313459992408752e-01,-2.805889351293444633e-03,6.128371134400367737e-02,-8.023098111152648926e-02,6.468196213245391846e-02,1.159693580120801926e-02,-4.507673531770706177e-02,6.210835650563240051e-02,3.292141854763031006e-02,-1.848136931657791138e-01,-9.540239349007606506e-03,-2.238013409078121185e-02,-3.764313086867332458e-02,-1.021422147750854492e-01,1.532464772462844849e-01,-2.391936443746089935e-02,9.103276580572128296e-02,-1.075396463274955750e-01,-5.189822986721992493e-03,9.971863031387329102e-02,9.644423425197601318e-02,-8.292530477046966553e-02,-4.969990998506546021e-02,-5.639492068439722061e-03,3.655456379055976868e-02,-4.072917625308036804e-02,-9.220586717128753662e-02,1.037923321127891541e-01,4.860087297856807709e-03,1.446279436349868774e-01,-9.312877804040908813e-02,-1.188167557120323181e-01,-9.717824310064315796e-02,-4.775879159569740295e-02,-1.268254034221172333e-02,3.208216652274131775e-02,-4.318222030997276306e-02,1.413914412260055542e-01,-5.590397492051124573e-02,-1.758881378918886185e-03,1.600422710180282593e-01,-4.105353727936744690e-02,-1.346458792686462402e-01,-6.841932982206344604e-02,3.421296551823616028e-02,1.219846401363611221e-02,9.733767248690128326e-03,1.405273973941802979e-01,-1.050134226679801941e-01,-4.903204366564750671e-02,-3.465937823057174683e-02,-7.733752578496932983e-02,2.248409390449523926e-01,-4.202865809202194214e-02,1.534968707710504532e-02,-1.403285749256610870e-02,-1.200176076963543892e-03,7.548660784959793091e-02,-7.842356339097023010e-03,-1.862588897347450256e-02,-1.139400005340576172e-01,1.739560812711715698e-01,-2.205209992825984955e-02,2.838401310145854950e-02,4.053195938467979431e-02,-8.336807787418365479e-02,1.676516979932785034e-02,8.284170180559158325e-02,1.655339449644088745e-01,-2.291803061962127686e-02,3.805027157068252563e-02,7.986272871494293213e-02,1.606465578079223633e-01,-1.322340220212936401e-01,7.129930704832077026e-02,8.679921180009841919e-02,-5.230433121323585510e-02,-1.866673678159713745e-01,1.604284495115280151e-01,2.076377905905246735e-02,-1.155811771750450134e-01,4.643451422452926636e-02,4.410057142376899719e-02,1.629433929920196533e-01,3.399222716689109802e-02,-2.990359207615256310e-03,6.604331731796264648e-02
3.012056834995746613e-02,-1.419160813093185425e-01,-2.911125309765338898e-03,1.291692554950714111e-01,3.648751229047775269e-02,4.909512121230363846e-03,9.768684953451156616e-02,-8.557442575693130493e-02,3.849465772509574890e-02,8.267728239297866821e-02,-1.204877346754074097e-01,1.397747546434402466e-01,-6.018288061022758484e-02,-4.929382354021072388e-02,1.010945662856101990e-01,1.334455758333206177e-01,-8.417426794767379761e-02,-1.059239879250526428e-01,-4.595102742314338684e-02,-5.428448691964149475e-02,1.990217342972755432e-02,4.919015988707542419e-02,-1.615584939718246460e-01,-1.208300665020942688e-01,1.337689310312271118e-01,-1.552852690219879150e-01,-9.351616352796554565e-02,6.105046719312667847e-02,-1.035291478037834167e-01,-2.546273358166217804e-02,-5.471228435635566711e-02,-2.276312559843063354e-02,-1.834061741828918457e-01,-8.925711363554000854e-02,1.401290744543075562e-01,-4.792830348014831543e-02,6.722228974103927612e-02,-9.246791712939739227e-03,-9.877841174602508545e-02,3.709540935233235359e-03,-5.243450030684471130e-02,-1.378348022699356079e-01,-2.973318286240100861e-02,5.278178304433822632e-02,-6.522355228662490845e-02,1.751722022891044617e-02,2.889809384942054749e-02,-2.696891501545906067e-02,7.763353735208511353e-02,-4.535622149705886841e-02,-1.723694503307342529e-01,2.288070693612098694e-02,3.338124230504035950e-02,-1.052899053320288658e-03,-1.052605733275413513e-01,1.720466464757919312e-01,-1.896296069025993347e-02,3.119108453392982483e-02,-4.284313321113586426e-02,-2.080736681818962097e-02,4.365510120987892151e-02,6.336037814617156982e-02,-8.020097017288208008e-02,-2.817268716171383858e-03,6.212632358074188232e-02,7.167315483093261719e-02,-7.370602339506149292e-02,-6.942011415958404541e-02,8.114679157733917236e-02,3.534312173724174500e-02,1.787950694561004639e-01,-1.036032736301422119e-01,-1.471086144447326660e-01,-1.090890243649482727e-01,1.651815511286258698e-02,-1.150115486234426498e-02,6.580984592437744141e-02,-9.597721695899963379e-02,1.221366748213768005e-01,-3.919176012277603149e-02,3.645717725157737732e-02,1.585576385259628296e-01,1.428609248250722885e-02,-6.855227053165435791e-02,-8.503594249486923218e-02,5.148241668939590454e-02,-1.591925276443362236e-03,3.206687048077583313e-02,9.821817278861999512e-02,-6.016358360648155212e-02,-6.160717830061912537e-02,-8.877905085682868958e-03,2.867791615426540375e-02,1.824540942907333374e-01,-4.782169684767723083e-02,3.718833252787590027e-02,-3.756931424140930176e-02,-2.175187133252620697e-02,8.536948263645172119e-02,-9.195411205291748047e-02,-6.195873022079467773e-02,-7.250074297189712524e-02,2.000924050807952881e-01,-3.422523289918899536e-02,3.930712863802909851e-02,9.407482296228408813e-02,-2.641226910054683685e-02,5.514637008309364319e-02,1.446608603000640869e-01,1.305870562791824341e-01,-8.935947716236114502e-02,-3.049850929528474808e-04,6.462755799293518066e-02,9.297019243240356445e-02,-8.499062806367874146e-02,7.004486024379730225e-02,9.243617206811904907e-02,-2.812568284571170807e-02,-1.477390676736831665e-01,1.847676783800125122e-01,4.880265519022941589e-02,-1.456820964813232422e-01,6.930487602949142456e-02,5.786700546741485596e-02,1.925686895847320557e-01,5.912406742572784424e-02,-3.141158446669578552e-02,5.727794766426086426e-02
1.421509776264429092e-02,-2.100920975208282471e-01,2.925963141024112701e-03,1.415631473064422607e-01,1.123794075101613998e-02,-1.893309876322746277e-03,5.929801985621452332e-02,-1.080439090728759766e-01,5.042381584644317627e-02,-2.536840178072452545e-02,-8.808326721191406250e-02,9.774930030107498169e-02,-3.435171395540237427e-02,-3.541208058595657349e-02,1.557401269674301147e-01,9.624653309583663940e-02,-7.121948152780532837e-02,-6.906978040933609009e-02,8.094821125268936157e-03,-5.149290710687637329e-02,2.530717849731445312e-02,3.529901802539825439e-02,-1.694740951061248779e-01,-8.742224425077438354e-02,7.935785502195358276e-02,-1.492117196321487427e-01,-1.050820201635360718e-01,-4.116632975637912750e-03,-8.652074635028839111e-02,-3.834358416497707367e-03,-4.075890406966209412e-02,-4.393046721816062927e-02,-1.646981388330459595e-01,-4.665625840425491333e-02,8.805264532566070557e-02,-2.123544365167617798e-02,2.141650766134262085e-02,-3.935689572244882584e-03,-1.251660138368606567e-01,1.944741047918796539e-02,-2.046081982553005219e-02,-1.619147509336471558e-01,-1.611175946891307831e-02,3.424079716205596924e-02,-3.230214864015579224e-02,2.196122892200946808e-02,1.434294413775205612e-02,-4.371558874845504761e-02,9.805327653884887695e-02,-4.476390779018402100e-02,-1.757078617811203003e-01,4.162002727389335632e-02,4.236349463462829590e-02,-3.024436347186565399e-02,-9.562224149703979492e-02,1.955649852752685547e-01,3.454734012484550476e-02,4.315274208784103394e-02,-2.525899745523929596e-02,1.812813989818096161e-02,3.520541638135910034e-02,8.238735049962997437e-02,-4.912608116865158081e-02,-3.185388073325157166e-02,4.721162468194961548e-02,8.077641576528549194e-02,-3.328400850296020508e-02,-1.004873961210250854e-01,5.439596623182296753e-02,3.006459772586822510e-02,1.734614670276641846e-01,-9.362696856260299683e-02,-1.520784348249435425e-01,-3.537985682487487793e-02,4.840222001075744629e-02,2.719311788678169250e-02,8.171591162681579590e-02,-5.905110388994216919e-03,8.587782084941864014e-02,-1.063046231865882874e-01,3.529778867959976196e-02,1.266782730817794800e-01,-1.866794307716190815e-03,-2.030614763498306274e-01,-8.450051397085189819e-02,2.690878696739673615e-02,1.550661865621805191e-02,-8.923656307160854340e-03,7.351157069206237793e-02,-1.993792317807674408e-02,-7.772416621446609497e-02,-4.046946763992309570e-02,2.857336774468421936e-02,1.925773024559020996e-01,-7.101447135210037231e-02,6.549129635095596313e-02,-4.843273386359214783e-02,-4.601651802659034729e-02,1.267815083265304565e-01,-4.781534895300865173e-02,-7.255789637565612793e-02,-6.749924272298812866e-02,1.866368800401687622e-01,-1.288660429418087006e-02,9.385531395673751831e-02,9.555744379758834839e-02,-6.690867990255355835e-02,8.167494833469390869e-02,1.366927623748779297e-01,1.405065208673477173e-01,-6.150274351239204407e-02,2.654946222901344299e-02,-1.042737066745758057e-02,1.626234501600265503e-01,-8.368929475545883179e-02,7.098558545112609863e-02,1.013874262571334839e-01,-3.322325879707932472e-03,-1.767777800559997559e-01,1.751592010259628296e-01,1.622385904192924500e-02,-1.298049241304397583e-01,6.148332729935646057e-02,9.214805811643600464e-02,1.744638979434967041e-01,6.965477019548416138e-02,-8.786755055189132690e-02,3.105984069406986237e-02
3.121694549918174744e-03,-2.214765846729278564e-01,-4.550204146653413773e-03,5.977309122681617737e-02,4.303674772381782532e-02,-8.837284892797470093e-02,5.380788818001747131e-02,-5.080294981598854065e-02,6.605488806962966919e-02,2.143136225640773773e-02,-4.972474649548530579e-02,1.025803536176681519e-01,-4.858931899070739746e-02,-5.733427032828330994e-02,9.796549379825592041e-02,1.257280260324478149e-01,-5.517225340008735657e-02,-5.645354464650154114e-02,-1.527168881148099899e-02,-4.925485700368881226e-02,3.430409356951713562e-02,1.137553993612527847e-02,-1.214240938425064087e-01,-5.629578232765197754e-02,1.072083115577697754e-01,-1.321834474802017212e-01,-1.222945451736450195e-01,7.118193805217742920e-02,-8.454943448305130005e-02,-5.640346929430961609e-02,-6.575453281402587891e-02,-3.179511427879333496e-02,-1.941048651933670044e-01,-7.371861487627029419e-02,1.580599397420883179e-01,-6.523380987346172333e-03,4.886209219694137573e-02,-5.315790325403213501e-02,-7.628400623798370361e-02,-1.278025377541780472e-02,-4.859047755599021912e-02,-1.060553342103958130e-01,-2.122158557176589966e-02,9.417472779750823975e-02,-4.618676006793975830e-02,1.029487326741218567e-02,-1.640315540134906769e-02,-6.432447116822004318e-03,8.965980261564254761e-02,-4.396776482462882996e-02,-1.887384057044982910e-01,2.206444926559925079e-02,1.229386031627655029e-02,-2.706531807780265808e-02,-1.181533485651016235e-01,2.112111598253250122e-01,-2.642545290291309357e-02,6.395854055881500244e-02,-8.622086793184280396e-02,-2.445522323250770569e-02,4.892476368695497513e-03,3.238544240593910217e-02,-1.076479721814393997e-02,7.379730232059955597e-03,6.716160476207733154e-02,1.198929324746131897e-01,2.811442501842975616e-02,-7.613350450992584229e-02,5.674664676189422607e-02,-2.900310792028903961e-02,2.068102359771728516e-01,-1.114353314042091370e-01,-1.178508177399635315e-01,-1.130824983119964600e-01,2.891507744789123535e-02,-5.752111319452524185e-04,2.039283700287342072e-02,-7.650709897279739380e-02,1.552538126707077026e-01,-3.936416655778884888e-02,3.450739383697509766e-02,1.464437097311019897e-01,-3.590453043580055237e-02,-9.978155791759490967e-02,-1.007242798805236816e-01,2.631766349077224731e-02,3.401669487357139587e-02,3.230678662657737732e-02,5.956484377384185791e-02,-5.510399490594863892e-02,-8.481804281473159790e-02,-8.156242780387401581e-03,2.411899343132972717e-02,1.970876157283782959e-01,-2.809896692633628845e-02,-1.140636671334505081e-02,-5.912923812866210938e-02,3.547062352299690247e-02,4.914280399680137634e-02,-2.428299188613891602e-02,-1.219142675399780273e-01,-1.142961233854293823e-01,1.817808896303176880e-01,-3.087622113525867462e-02,6.619741767644882202e-02,8.282128721475601196e-02,-8.813592791557312012e-02,8.602011203765869141e-02,5.418112501502037048e-02,1.901567876338958740e-01,-4.691526759415864944e-03,5.199468508362770081e-02,9.618023410439491272e-03,1.416498571634292603e-01,-1.056187003850936890e-01,7.705133408308029175e-02,3.184696659445762634e-02,-4.239033162593841553e-02,-1.400358378887176514e-01,2.203169763088226318e-01,4.460071399807929993e-02,-1.243727505207061768e-01,4.183894768357276917e-02,1.146065816283226013e-01,1.744924038648605347e-01,3.576207906007766724e-02,-9.672808647155761719e-02,3.670056536793708801e-02
1.657199673354625702e-02,-1.856724172830581665e-01,-3.040206432342529297e-02,7.645386457443237305e-02,3.689198568463325500e-02,-9.373913705348968506e-02,7.293476164340972900e-02,-7.667955756187438965e-02,8.288592100143432617e-02,-2.942858263850212097e-02,-2.458223514258861542e-02,1.029331386089324951e-01,-7.993066310882568359e-02,-3.672556206583976746e-02,7.751694321632385254e-02,8.119735121726989746e-02,-4.755278304219245911e-02,-4.407679662108421326e-02,-6.377397477626800537e-02,-2.102232910692691803e-02,3.599509969353675842e-02,3.655369579792022705e-02,-7.273503392934799194e-02,-6.615454703569412231e-02,1.371004432439804077e-01,-1.131862029433250427e-01,-7.264203578233718872e-02,5.659857764840126038e-02,-1.197556257247924805e-01,-3.333492577075958252e-02,-8.052046597003936768e-02,-4.851270839571952820e-02,-1.736281514167785645e-01,-6.902422755956649780e-02,1.813841015100479126e-01,-1.340368296951055527e-02,5.924287438392639160e-02,-4.556161537766456604e-02,-5.847552046179771423e-02,1.144094392657279968e-03,-6.605049222707748413e-02,-1.055484786629676819e-01,-1.843310892581939697e-02,1.074350476264953613e-01,-1.608081348240375519e-02,1.713976822793483734e-02,-1.107567083090543747e-02,7.642219308763742447e-03,7.842835783958435059e-02,-4.130876809358596802e-02,-1.182146817445755005e-01,2.481634030118584633e-03,2.149008400738239288e-02,-3.535109013319015503e-02,-1.309309452772140503e-01,2.028833031654357910e-01,-5.254795774817466736e-02,2.814290300011634827e-02,-1.012943387031555176e-01,-4.223358351737260818e-03,2.837628684937953949e-02,6.814239174127578735e-02,-1.740942825563251972e-03,-9.800925850868225098e-03,9.950872510671615601e-02,1.226993650197982788e-01,7.658827304840087891e-02,-7.788958400487899780e-02,1.045543327927589417e-01,-5.066530033946037292e-02,1.609832346439361572e-01,-1.123921722173690796e-01,-1.328109055757522583e-01,-6.075469031929969788e-02,5.136268958449363708e-02,2.460112050175666809e-02,2.092044800519943237e-02,-7.815018296241760254e-02,9.353917092084884644e-02,-3.664907440543174744e-02,4.264776594936847687e-03,1.777908354997634888e-01,-1.022612955421209335e-02,-7.154695689678192139e-02,-1.436571329832077026e-01,5.334494635462760925e-02,9.759007394313812256e-02,2.878089621663093567e-02,7.153058052062988281e-02,-5.929528921842575073e-02,-1.417726874351501465e-01,1.004376076161861420e-02,3.495196998119354248e-02,2.042771875858306885e-01,8.466323837637901306e-03,-2.269037440419197083e-02,-6.882178783416748047e-02,2.725601568818092346e-02,1.351877301931381226e-02,-7.609622087329626083e-03,-1.322550028562545776e-01,-1.100684031844139099e-01,2.171902358531951904e-01,-2.170626260340213776e-02,3.159728273749351501e-02,5.021811649203300476e-02,-5.499682947993278503e-02,9.373567998409271240e-02,8.180543780326843262e-02,1.417706161737442017e-01,-5.855182558298110962e-02,3.560309484601020813e-02,3.414293006062507629e-02,1.459040045738220215e-01,-6.689174473285675049e-02,6.779234111309051514e-02,4.712542891502380371e-02,-1.971659623086452484e-02,-1.842299252748489380e-01,2.108671963214874268e-01,5.602931976318359375e-02,-1.322611272335052490e-01,6.797197461128234863e-02,1.051570400595664978e-01,1.979200690984725952e-01,6.525706499814987183e-02,-1.012044548988342285e-01,2.462249249219894409e-02
2.939472161233425140e-02,-1.452681720256805420e-01,-1.143968384712934494e-02,1.050111204385757446e-01,7.827316224575042725e-02,-7.918628305196762085e-02,9.675136208534240723e-02,-5.440085008740425110e-02,1.338428109884262085e-01,3.819994628429412842e-02,-7.135309278964996338e-02,1.132532954216003418e-01,-3.339045867323875427e-02,2.910847775638103485e-03,8.027297258377075195e-02,6.863119453191757202e-02,2.141569368541240692e-02,-2.819369733333587646e-02,-5.572792887687683105e-02,-5.372499302029609680e-02,2.099358104169368744e-02,2.668168395757675171e-02,-1.501528769731521606e-01,-1.034849435091018677e-01,1.442510932683944702e-01,-4.964799806475639343e-02,-8.510751277208328247e-02,5.784710124135017395e-02,-1.444308906793594360e-01,1.336073689162731171e-02,-8.150527626276016235e-02,-1.430081203579902649e-02,-2.377208322286605835e-01,-7.803997397422790527e-02,1.740274131298065186e-01,-1.825201697647571564e-02,3.878452628850936890e-02,-5.751460045576095581e-02,-5.624642595648765564e-02,-3.831476345658302307e-02,-5.620397254824638367e-02,-7.865968346595764160e-02,-7.177161425352096558e-02,1.588782966136932373e-01,-3.617971017956733704e-02,6.909086555242538452e-02,-3.279439732432365417e-02,-1.720050536096096039e-02,1.037037670612335205e-01,2.982909232378005981e-02,-1.681932061910629272e-01,-4.152592644095420837e-02,-9.752633050084114075e-03,2.137117087841033936e-02,-9.748045355081558228e-02,1.911555379629135132e-01,-5.017920583486557007e-02,4.896720126271247864e-02,-9.084475040435791016e-02,-1.247521489858627319e-02,2.736189216375350952e-02,4.768802225589752197e-02,-1.509200688451528549e-02,3.623643517494201660e-02,5.500143766403198242e-02,1.150795072317123413e-01,6.511817127466201782e-02,-3.075242228806018829e-02,1.131673455238342285e-01,-5.935280397534370422e-02,2.246271669864654541e-01,-9.623823314905166626e-02,-1.232665851712226868e-01,-3.564956039190292358e-02,-1.204658206552267075e-02,1.663044444285333157e-03,-2.440664358437061310e-02,-1.154413819313049316e-01,1.044707596302032471e-01,-4.185568541288375854e-02,-6.263559916988015175e-04,1.542794853448867798e-01,-3.617331385612487793e-02,-1.210722476243972778e-01,-1.247920095920562744e-01,1.102836877107620239e-01,3.005926311016082764e-02,1.179258571937680244e-03,1.214714497327804565e-01,-3.190010786056518555e-02,-8.307421207427978516e-02,9.974886663258075714e-03,2.426963672041893005e-02,1.381047070026397705e-01,-2.840542048215866089e-02,-3.553249314427375793e-02,-4.630310833454132080e-02,4.724900424480438232e-02,1.195137854665517807e-02,-3.319649398326873779e-02,-8.159406483173370361e-02,-1.064042896032333374e-01,2.295272499322891235e-01,-3.048743680119514465e-02,2.706928551197052002e-02,6.379293650388717651e-02,-5.582891404628753662e-02,8.511383831501007080e-02,2.933445386588573456e-02,1.493537425994873047e-01,-1.050916407257318497e-02,2.024663612246513367e-02,-1.314856950193643570e-02,1.278362870216369629e-01,-1.250272840261459351e-01,4.367753118276596069e-02,5.005864053964614868e-02,4.039657115936279297e-02,-1.477182209491729736e-01,1.924208551645278931e-01,6.459624320268630981e-02,-9.611165523529052734e-02,3.356571495532989502e-02,1.282938420772552490e-01,1.636132746934890747e-01,2.831565216183662415e-02,-8.815021812915802002e-02,1.134978700429201126e-02
5.319707468152046204e-02,-2.465127557516098022e-01,-2.456402964890003204e-02,6.698071956634521484e-02,4.562567546963691711e-02,-6.167422607541084290e-02,1.084379777312278748e-01,-4.039096087217330933e-02,1.636582612991333008e-01,-5.802607163786888123e-02,2.566764596849679947e-03,1.342418193817138672e-01,-5.558026209473609924e-02,-2.922294661402702332e-02,1.537000238895416260e-01,3.851722553372383118e-02,-4.470269381999969482e-02,-6.089089065790176392e-02,-5.103092268109321594e-02,3.900712588801980019e-03,3.682591021060943604e-02,5.577461794018745422e-02,-1.477274298667907715e-01,-1.512717176228761673e-02,1.400571763515472412e-01,-1.226322427392005920e-01,-9.153542667627334595e-02,4.042050242424011230e-02,-8.662106841802597046e-02,-2.548633329570293427e-02,-5.545743182301521301e-02,-1.498725451529026031e-02,-2.016786038875579834e-01,-4.856124520301818848e-02,1.664633899927139282e-01,-9.487812407314777374e-03,4.734442383050918579e-02,-4.695452377200126648e-02,-4.153371602296829224e-02,-1.525946706533432007e-02,-1.700370386242866516e-02,-5.422200262546539307e-02,-2.997221611440181732e-02,8.103105425834655762e-02,-6.568402796983718872e-02,1.071252971887588501e-01,-2.942708879709243774e-02,2.401938475668430328e-02,9.085968136787414551e-02,-9.318981319665908813e-04,-1.286174207925796509e-01,1.633207313716411591e-02,-9.335875511169433594e-03,-3.225233638659119606e-03,-5.279678851366043091e-02,1.582204848527908325e-01,-3.268770128488540649e-02,1.191982775926589966e-01,-7.930408418178558350e-02,-3.970665857195854187e-02,3.715975210070610046e-02,5.544452741742134094e-02,5.150480940937995911e-02,5.690178833901882172e-03,9.843354672193527222e-02,1.037335321307182312e-01,3.853102773427963257e-02,-2.171801961958408356e-02,6.336218863725662231e-02,-1.055168882012367249e-01,2.390889674425125122e-01,-1.078281477093696594e-01,-1.619728505611419678e-01,-1.031374111771583557e-01,-3.217848483473062515e-03,3.325285017490386963e-02,1.915689557790756226e-02,-6.405141204595565796e-02,9.436412900686264038e-02,-5.754102393984794617e-02,2.316732332110404968e-02,1.921085417270660400e-01,9.874532930552959442e-03,-8.150208741426467896e-02,-7.819563895463943481e-02,8.476125448942184448e-02,4.505638778209686279e-02,-2.301118074683472514e-04,1.266783177852630615e-01,5.323609337210655212e-03,-5.230968818068504333e-02,-2.433966100215911865e-02,3.373889252543449402e-02,1.457409560680389404e-01,1.187386177480220795e-02,-8.009469509124755859e-02,-5.790540203452110291e-02,3.027135692536830902e-02,-2.850121818482875824e-03,-2.653407491743564606e-02,-9.487029165029525757e-02,-9.362725168466567993e-02,2.167975455522537231e-01,-1.171825174242258072e-02,5.798135697841644287e-02,3.293842077255249023e-02,-1.994224265217781067e-02,4.097420722246170044e-02,9.671560674905776978e-02,1.453263312578201294e-01,-9.243939816951751709e-02,4.550249129533767700e-02,2.158307842910289764e-02,1.351994723081588745e-01,-1.105630025267601013e-01,3.527016565203666687e-02,5.257244408130645752e-02,-5.245036259293556213e-02,-1.819910109043121338e-01,1.398095488548278809e-01,6.887245178222656250e-02,-1.093320474028587341e-01,6.550298631191253662e-02,6.650128960609436035e-02,1.968211978673934937e-01,1.132047455757856369e-02,-1.164166331291198730e-01,-2.861122600734233856e-02
2.096157334744930267e-02,-2.253240793943405151e-01,-1.977626979351043701e-02,4.073946550488471985e-02,9.989705681800842285e-02,-7.263012230396270752e-02,7.103960961103439331e-02,-3.744266554713249207e-02,1.464778780937194824e-01,-1.007866859436035156e-01,-6.884157657623291016e-03,9.429082274436950684e-02,-5.452034249901771545e-02,-4.169312864542007446e-02,1.987701207399368286e-01,8.051630854606628418e-02,-6.188067793846130371e-02,-6.516196765005588531e-03,-6.201276555657386780e-02,-4.756081849336624146e-03,3.493983298540115356e-02,5.360789597034454346e-02,-1.064538657665252686e-01,-1.343337260186672211e-02,1.334145963191986084e-01,-1.043679416179656982e-01,-8.729984611272811890e-02,1.349556114291772246e-04,-7.280893623828887939e-02,-1.243839878588914871e-02,-8.946083486080169678e-02,-3.445890545845031738e-02,-2.304596453905105591e-01,-6.744556128978729248e-02,1.932364255189895630e-01,3.751040622591972351e-02,1.079415204003453255e-03,-6.795543432235717773e-02,-2.451041899621486664e-02,4.943764954805374146e-02,1.805026084184646606e-02,-4.595527797937393188e-02,-4.069785028696060181e-02,2.598641440272331238e-02,-8.405160903930664062e-02,9.958115965127944946e-02,-5.217483267188072205e-02,1.537974085658788681e-02,8.456040918827056885e-02,-3.124561160802841187e-02,-1.435685455799102783e-01,3.967747092247009277e-02,-3.844716586172580719e-03,-5.363402888178825378e-02,-9.092260152101516724e-02,1.701777279376983643e-01,-2.893097931519150734e-03,7.382197678089141846e-02,-1.001506298780441284e-01,-1.796417497098445892e-02,-4.226203262805938721e-02,9.988185763359069824e-02,7.557843625545501709e-02,5.267975479364395142e-02,8.453287184238433838e-02,1.059442982077598572e-01,9.240253269672393799e-02,-1.828316599130630493e-02,6.703898310661315918e-02,-5.824445560574531555e-02,2.020951807498931885e-01,-9.623002260923385620e-02,-1.264007091522216797e-01,-3.936064615845680237e-02,-2.267672447487711906e-03,4.446778818964958191e-02,7.696805149316787720e-02,-6.736348569393157959e-02,1.539936065673828125e-01,-4.523734748363494873e-02,-2.547416277229785919e-02,1.689619868993759155e-01,4.515344742685556412e-03,-1.064660474658012390e-01,-6.825595349073410034e-02,4.400521144270896912e-02,9.894050657749176025e-02,-5.083970353007316589e-02,1.030546277761459351e-01,-3.258707001805305481e-02,-2.732180990278720856e-02,-2.239079587161540985e-02,-3.803422302007675171e-02,1.094875782728195190e-01,-4.625683650374412537e-02,-2.907685935497283936e-02,-6.285807490348815918e-02,-1.369883585721254349e-02,-4.142067860811948776e-03,1.384141761809587479e-02,-8.747293800115585327e-02,-9.875270724296569824e-02,2.152891457080841064e-01,-2.832501381635665894e-02,7.606473565101623535e-02,1.118031796067953110e-02,-5.375244840979576111e-02,8.063822984695434570e-02,7.093070447444915771e-02,1.744278669357299805e-01,-3.322573006153106689e-02,4.441495612263679504e-02,2.131417207419872284e-02,1.290340274572372437e-01,-1.290843635797500610e-01,6.010168790817260742e-02,8.088288456201553345e-02,-4.830196127295494080e-02,-1.784193068742752075e-01,1.093157827854156494e-01,9.670912474393844604e-02,-1.054097637534141541e-01,7.630088925361633301e-02,1.021737158298492432e-01,1.837600767612457275e-01,2.754416689276695251e-02,-9.227818250656127930e-02,-4.269654303789138794e-02
5.621582642197608948e-02,-2.004993706941604614e-01,1.418090518563985825e-02,4.889666289091110229e-02,7.819836586713790894e-02,-3.715220093727111816e-02,7.019192725419998169e-02,-1.925722695887088776e-02,1.604953557252883911e-01,-6.907337158918380737e-02,5.397885106503963470e-03,1.632656455039978027e-01,-7.640641927719116211e-02,-3.408934921026229858e-02,1.560825705528259277e-01,8.382297307252883911e-02,-7.032261043787002563e-02,-3.886396065354347229e-02,-5.529149621725082397e-02,2.990191616117954254e-02,3.848734125494956970e-02,8.340800553560256958e-02,-6.910133361816406250e-02,-1.493531372398138046e-02,1.374295949935913086e-01,-7.465365529060363770e-02,-7.153993099927902222e-02,3.725501149892807007e-02,-1.022373214364051819e-01,-3.863279893994331360e-02,-8.548325300216674805e-02,-4.460917040705680847e-02,-2.622971832752227783e-01,-4.515742883086204529e-02,2.140225321054458618e-01,6.976750679314136505e-03,5.146950110793113708e-02,-6.260344386100769043e-02,-3.422849997878074646e-02,2.926175482571125031e-02,2.282101288437843323e-02,-1.024688500910997391e-02,-4.595549032092094421e-02,4.281082749366760254e-02,-1.080256178975105286e-01,7.067023962736129761e-02,-3.814807534217834473e-02,4.108036868274211884e-03,2.593841217458248138e-02,-5.430033802986145020e-02,-1.106015220284461975e-01,5.762520711869001389e-03,-1.183735206723213196e-02,-3.296187892556190491e-02,-5.446603149175643921e-02,1.030855923891067505e-01,-5.090578645467758179e-02,7.269471883773803711e-02,-7.755628973245620728e-02,-4.100963845849037170e-02,-4.131168499588966370e-02,9.132362902164459229e-02,6.422352045774459839e-02,4.671360179781913757e-02,1.314735859632492065e-01,9.130133688449859619e-02,1.180963143706321716e-01,-4.986277595162391663e-02,5.134732276201248169e-02,-6.759585440158843994e-02,1.749737113714218140e-01,-1.094364970922470093e-01,-1.669721007347106934e-01,-7.158204913139343262e-02,-3.433369100093841553e-02,3.034111671149730682e-02,4.763615876436233521e-02,-7.319180667400360107e-02,1.190202012658119202e-01,-1.946266554296016693e-02,-1.952928490936756134e-02,1.908791959285736084e-01,1.781541667878627777e-02,-1.646736860275268555e-01,-3.548951074481010437e-02,5.353194102644920349e-02,1.016425713896751404e-01,-1.861402578651905060e-02,1.163325682282447815e-01,-5.689718946814537048e-02,-1.174028310924768448e-02,4.555391147732734680e-03,-5.559238605201244354e-03,6.205789744853973389e-02,-3.484486043453216553e-02,-3.830562159419059753e-02,-7.368086278438568115e-02,-1.538274995982646942e-02,-1.670175790786743164e-02,-3.317764261737465858e-03,-9.013697504997253418e-02,-1.669338345527648926e-02,2.089066952466964722e-01,-5.012261494994163513e-02,5.855255573987960815e-02,3.799743205308914185e-02,-4.534332454204559326e-02,1.027618572115898132e-01,9.455077350139617920e-02,1.304690688848495483e-01,-7.581584900617599487e-02,1.403255295008420944e-02,1.964057795703411102e-02,1.429301947355270386e-01,-1.074664965271949768e-01,5.638946965336799622e-02,1.129157990217208862e-01,-3.494146838784217834e-02,-1.941354721784591675e-01,1.180293411016464233e-01,1.394433677196502686e-01,-1.133775264024734497e-01,6.112763285636901855e-02,7.496251910924911499e-02,1.884187757968902588e-01,2.748542465269565582e-02,-1.093370392918586731e-01,-7.993661612272262573e-02
6.120797991752624512e-02,-2.106646299362182617e-01,-7.643054239451885223e-03,2.600416541099548340e-02,6.864182651042938232e-02,-6.113507598638534546e-02,8.069207519292831421e-02,-3.973815962672233582e-02,1.344318985939025879e-01,-1.221934780478477478e-01,-5.201889947056770325e-02,1.442611068487167358e-01,-8.470486104488372803e-02,-5.742078647017478943e-02,1.797430962324142456e-01,8.282329887151718140e-02,-5.156371742486953735e-02,-2.163677848875522614e-02,-5.870293825864791870e-02,-1.521582715213298798e-02,3.832070901989936829e-02,7.155684381723403931e-02,-7.278003543615341187e-02,-1.938006840646266937e-02,1.260820031166076660e-01,-1.183395236730575562e-01,-6.511484831571578979e-02,4.430391825735569000e-03,-1.325123310089111328e-01,-1.949387043714523315e-02,-1.437571942806243896e-01,-3.878583386540412903e-02,-2.009653449058532715e-01,-6.187338382005691528e-02,1.970371901988983154e-01,-1.094649638980627060e-02,1.797530427575111389e-02,-9.143362939357757568e-02,-7.358657568693161011e-02,5.210765078663825989e-02,9.776030667126178741e-03,-2.314942516386508942e-02,-5.094841495156288147e-02,3.308288007974624634e-02,-8.019561320543289185e-02,8.555637300014495850e-02,1.434569526463747025e-02,3.699082136154174805e-02,6.173239648342132568e-02,-2.418028935790061951e-02,-1.163976714015007019e-01,3.709153831005096436e-02,-1.705167070031166077e-02,-7.487089931964874268e-02,-6.981588155031204224e-02,1.323028504848480225e-01,-3.519336506724357605e-02,2.831551432609558105e-02,-9.776408970355987549e-02,1.160869258455932140e-03,-1.376355718821287155e-02,1.062510758638381958e-01,7.563156634569168091e-02,3.632965311408042908e-02,8.995366096496582031e-02,7.373757660388946533e-02,8.607023954391479492e-02,-7.222129404544830322e-02,6.845076382160186768e-02,-1.183084025979042053e-02,1.349037438631057739e-01,-1.058970317244529724e-01,-1.335931867361068726e-01,-5.814204365015029907e-02,-1.261157356202602386e-02,4.431661218404769897e-02,9.145051240921020508e-02,-8.963498473167419434e-02,1.310673952102661133e-01,-6.419894844293594360e-02,-2.410165220499038696e-02,1.616503894329071045e-01,7.808335125446319580e-03,-1.185562089085578918e-01,-4.378893598914146423e-02,7.308632880449295044e-02,1.215678006410598755e-01,-4.485758394002914429e-02,1.240761503577232361e-01,-3.868751972913742065e-02,-7.178678363561630249e-02,-4.819985479116439819e-02,-5.489247292280197144e-02,9.323468804359436035e-02,-3.738423436880111694e-02,-7.292195409536361694e-02,-9.551880508661270142e-02,-1.285811234265565872e-02,-1.349275652319192886e-02,1.146310847252607346e-02,-1.196953728795051575e-01,-5.634422600269317627e-02,1.803566068410873413e-01,-2.431175671517848969e-02,8.445388078689575195e-02,2.224173955619335175e-02,-4.423580691218376160e-02,8.180143684148788452e-02,8.526088297367095947e-02,1.506976187229156494e-01,-8.609813451766967773e-02,6.086659803986549377e-02,2.208699285984039307e-02,1.172000020742416382e-01,-6.689022481441497803e-02,6.511447578668594360e-02,1.042059361934661865e-01,-6.406026333570480347e-02,-1.971876919269561768e-01,1.089546978473663330e-01,1.024838387966156006e-01,-9.411589801311492920e-02,9.202494472265243530e-02,7.010355591773986816e-02,2.148352861404418945e-01,3.791165724396705627e-02,-1.326699852943420410e-01,-6.690917909145355225e-02
6.800299882888793945e-02,-2.038496285676956177e-01,5.944857839494943619e-03,2.452270686626434326e-02,5.081731826066970825e-02,-5.488609522581100464e-02,9.558322280645370483e-02,-7.090401649475097656e-02,1.070270687341690063e-01,-1.155019700527191162e-01,2.760438248515129089e-03,1.569783240556716919e-01,-8.471231162548065186e-02,-8.249372243881225586e-02,1.476576179265975952e-01,4.406989365816116333e-02,4.841568879783153534e-03,-4.566836729645729065e-02,1.443708594888448715e-02,-2.132626250386238098e-03,3.784751147031784058e-02,2.608493901789188385e-02,-8.574704080820083618e-02,-1.359642716124653816e-03,1.294298619031906128e-01,-1.024744659662246704e-01,-6.091637536883354187e-02,-1.497893594205379486e-02,-1.180786192417144775e-01,-4.007801786065101624e-02,-8.697409927845001221e-02,-7.887633889913558960e-02,-2.176158428192138672e-01,-5.548391863703727722e-02,2.094437479972839355e-01,3.258273378014564514e-02,3.881699219346046448e-02,-2.725819125771522522e-02,-3.806830570101737976e-02,2.023872546851634979e-02,-4.658534657210111618e-03,-5.301756411790847778e-02,-5.671195313334465027e-02,-2.525618765503168106e-03,-9.078267961740493774e-02,9.775602072477340698e-02,9.628468193113803864e-03,8.537971228361129761e-02,3.440947458148002625e-02,-5.784974247217178345e-02,-1.106273084878921509e-01,9.695190237835049629e-04,-4.795236513018608093e-02,-5.587865412235260010e-02,-7.856921851634979248e-02,1.617274880409240723e-01,8.673655800521373749e-03,7.592162489891052246e-02,-1.339807063341140747e-01,2.579038031399250031e-02,-2.724042627960443497e-03,8.464337140321731567e-02,7.544589787721633911e-02,6.210742518305778503e-02,8.641050010919570923e-02,7.142980396747589111e-02,9.292729198932647705e-02,-5.877296254038810730e-02,6.280302256345748901e-02,-3.383979946374893188e-02,1.504254043102264404e-01,-1.154020875692367554e-01,-1.110524609684944153e-01,-1.798764802515506744e-02,4.670712351799011230e-02,-2.580993343144655228e-03,5.168242380023002625e-02,-8.587371557950973511e-02,9.515622258186340332e-02,-7.032336294651031494e-02,-5.157459992915391922e-03,1.877987682819366455e-01,6.377860903739929199e-03,-1.526689976453781128e-01,-5.727114528417587280e-02,7.810202986001968384e-02,5.563320592045783997e-02,-2.697811834514141083e-02,9.410784393548965454e-02,-7.624199241399765015e-02,-6.033914536237716675e-02,-4.387271404266357422e-02,1.307765580713748932e-02,1.226680055260658264e-01,8.973130956292152405e-03,-9.609464555978775024e-02,-3.638618811964988708e-02,-1.308491267263889313e-02,-2.633591555058956146e-02,6.686181295663118362e-03,-8.815393596887588501e-02,-9.896357357501983643e-02,1.710053831338882446e-01,3.365568071603775024e-02,4.657349362969398499e-02,2.826654538512229919e-02,-2.880378812551498413e-02,6.627412140369415283e-02,8.474443852901458740e-02,1.471298784017562866e-01,-3.908692300319671631e-02,3.049378097057342529e-02,-1.831109263002872467e-02,1.470598876476287842e-01,-9.796606749296188354e-02,8.753566443920135498e-02,1.072512269020080566e-01,-2.471980266273021698e-02,-2.036152780055999756e-01,1.674006432294845581e-01,1.442114561796188354e-01,-1.109239012002944946e-01,5.380225181579589844e-02,1.346227526664733887e-01,1.928051412105560303e-01,3.467807173728942871e-02,-1.489832103252410889e-01,-3.435212746262550354e-02
2.220274135470390320e-02,-2.022526860237121582e-01,1.684338413178920746e-02,4.854860529303550720e-02,1.297734528779983521e-01,-4.659311473369598389e-02,1.108391135931015015e-01,-5.355177819728851318e-02,9.797573089599609375e-02,-5.629398673772811890e-02,-6.063630059361457825e-02,1.277773082256317139e-01,-1.109715700149536133e-01,-1.145632416009902954e-01,2.121017426252365112e-01,3.470066562294960022e-02,-8.195919543504714966e-02,-7.454475760459899902e-02,-8.201776072382926941e-03,1.321081817150115967e-02,2.654351294040679932e-02,1.336332876235246658e-02,-6.977758556604385376e-02,-4.228625074028968811e-02,1.331425756216049194e-01,-8.451036363840103149e-02,-8.277051150798797607e-02,1.500650960952043533e-02,-1.153600886464118958e-01,-5.210676789283752441e-02,-1.094889268279075623e-01,-9.018841385841369629e-02,-2.074644565582275391e-01,-2.638006955385208130e-02,1.871549040079116821e-01,-9.603541344404220581e-03,3.385313227772712708e-02,-1.181436702609062195e-02,-4.319785907864570618e-02,-6.219481583684682846e-03,1.203816663473844528e-02,-8.410767465829849243e-02,-1.297245733439922333e-02,-1.550745870918035507e-02,-1.423215866088867188e-01,9.934035688638687134e-02,4.572262987494468689e-02,6.323764473199844360e-02,-3.505323838908225298e-04,-4.883015900850296021e-02,-1.111371368169784546e-01,3.929449245333671570e-02,-6.931542605161666870e-02,-1.141495443880558014e-02,-7.495547086000442505e-02,1.345206201076507568e-01,-9.179319441318511963e-02,1.105029881000518799e-01,-1.194018274545669556e-01,4.834694042801856995e-02,4.505738150328397751e-03,6.924876570701599121e-02,3.107730671763420105e-02,1.593081466853618622e-02,7.069949805736541748e-02,5.968907102942466736e-02,4.687583819031715393e-02,-4.201260581612586975e-02,7.645316421985626221e-02,-1.509848237037658691e-02,1.508617103099822998e-01,-1.502175033092498779e-01,-1.306591480970382690e-01,-6.212892755866050720e-02,-1.574866101145744324e-02,4.076015576720237732e-02,1.141925975680351257e-01,-6.890593469142913818e-02,1.215290725231170654e-01,-2.016061684116721153e-03,-2.260079048573970795e-02,2.040054649114608765e-01,3.428770601749420166e-02,-9.257777780294418335e-02,-4.008290171623229980e-02,4.103016480803489685e-02,6.585789471864700317e-02,-6.376931071281433105e-02,9.657818078994750977e-02,-7.635021209716796875e-02,-6.628713011741638184e-02,-5.476547777652740479e-02,4.165424499660730362e-03,9.001879394054412842e-02,1.402637828141450882e-02,-5.671176686882972717e-02,6.592550314962863922e-03,-5.981272459030151367e-02,-2.957931952551007271e-03,-2.048278972506523132e-02,-3.146069124341011047e-02,-7.631510496139526367e-02,1.775207817554473877e-01,2.647892199456691742e-02,4.838148877024650574e-02,3.771654143929481506e-02,-4.600714519619941711e-02,3.673159703612327576e-02,1.283408254384994507e-01,1.359516084194183350e-01,-3.561829030513763428e-02,4.808908700942993164e-02,4.587616771459579468e-02,1.552635133266448975e-01,-4.079077392816543579e-02,1.312493532896041870e-01,1.064924225211143494e-01,-4.005741700530052185e-02,-2.091546207666397095e-01,1.252230256795883179e-01,1.337163299322128296e-01,-9.184803068637847900e-02,5.602866411209106445e-02,1.015629172325134277e-01,1.928680688142776489e-01,3.725693002343177795e-02,-1.142912879586219788e-01,-2.123503200709819794e-02
-6.163103971630334854e-04,-2.340579628944396973e-01,7.800374925136566162e-02,-3.880867734551429749e-03,6.019087135791778564e-02,-4.921013489365577698e-02,1.044886112213134766e-01,-1.944989152252674103e-02,1.506859660148620605e-01,-8.336867392063140869e-02,-1.616153307259082794e-02,1.857593059539794922e-01,-1.372559219598770142e-01,-4.801080003380775452e-02,1.177805140614509583e-01,3.835058212280273438e-02,8.605325594544410706e-03,-6.495221704244613647e-02,-6.161810830235481262e-03,-4.220118746161460876e-02,2.570530399680137634e-02,5.408878996968269348e-02,-9.792265295982360840e-02,-1.713051833212375641e-02,5.719800293445587158e-02,-1.114399731159210205e-01,-6.002124026417732239e-02,7.546309381723403931e-02,-1.379221826791763306e-01,-4.466845467686653137e-02,-3.310712426900863647e-02,-8.302168548107147217e-02,-2.422104477882385254e-01,-6.952455639839172363e-02,1.830598711967468262e-01,-1.203990075737237930e-02,5.023183673620223999e-02,-9.100837260484695435e-02,-5.394220352172851562e-02,-4.562268033623695374e-02,1.241273898631334305e-02,-4.440344497561454773e-02,-6.531872600317001343e-02,8.166805654764175415e-02,-6.865710020065307617e-02,1.041576117277145386e-01,-3.121688216924667358e-02,3.020681813359260559e-02,3.290090477094054222e-03,-2.110882103443145752e-02,-1.243981048464775085e-01,-3.414602577686309814e-02,-8.257676661014556885e-02,1.292311679571866989e-02,-4.999359697103500366e-02,1.241330355405807495e-01,-7.033578306436538696e-02,7.741452753543853760e-02,-9.206760674715042114e-02,-2.471606805920600891e-02,-7.629313040524721146e-03,4.731567576527595520e-02,2.175078168511390686e-02,2.831542119383811951e-02,7.816720753908157349e-02,8.591270446777343750e-02,2.088031545281410217e-02,-3.029210492968559265e-03,6.733962893486022949e-02,-1.592407748103141785e-02,1.982861608266830444e-01,-1.503857374191284180e-01,-1.600148230791091919e-01,-1.015871986746788025e-01,-2.548635937273502350e-02,2.384816994890570641e-03,4.766901955008506775e-02,-1.298294663429260254e-01,8.603529632091522217e-02,-5.250478908419609070e-02,1.527374424040317535e-02,1.622771322727203369e-01,5.074506998062133789e-02,-1.681792587041854858e-01,-3.967672213912010193e-02,1.207825541496276855e-01,4.184114560484886169e-02,-5.097748246043920517e-03,1.046866998076438904e-01,-6.058403477072715759e-02,8.014972321689128876e-03,-6.743556354194879532e-03,2.010193467140197754e-02,5.030060186982154846e-02,1.780693419277667999e-02,-1.795516908168792725e-02,-5.501271039247512817e-02,-1.750382781028747559e-02,3.338852524757385254e-02,-5.841325502842664719e-03,-1.063858121633529663e-01,-1.096995398402214050e-01,1.338557898998260498e-01,-1.231876946985721588e-02,8.253496885299682617e-02,3.231520205736160278e-02,-7.353391498327255249e-02,1.149542480707168579e-01,1.266734004020690918e-01,1.634124368429183960e-01,-8.879580348730087280e-02,3.443760797381401062e-02,1.805308088660240173e-02,8.295243978500366211e-02,-1.232827454805374146e-01,7.616478949785232544e-02,6.829173117876052856e-02,-2.748032100498676300e-02,-1.768807768821716309e-01,1.555870175361633301e-01,1.063663065433502197e-01,-1.667421311140060425e-01,8.254709094762802124e-02,9.203787147998809814e-02,1.440826952457427979e-01,-1.675841514952480793e-03,-9.597304463386535645e-02,-1.831825263798236847e-02
4.948597867041826248e-03,-2.030558139085769653e-01,5.386871844530105591e-02,8.789617568254470825e-02,5.144783481955528259e-02,-2.008867636322975159e-02,6.267692148685455322e-02,-2.262745238840579987e-02,1.374380588531494141e-01,-1.072077732533216476e-02,-1.282998174428939819e-02,1.685796231031417847e-01,-7.574893534183502197e-02,-4.450730606913566589e-02,1.111109852790832520e-01,3.596283122897148132e-02,8.855209685862064362e-03,-9.961678087711334229e-02,-3.464523702859878540e-02,6.572665181010961533e-03,4.707913845777511597e-02,4.364893957972526550e-02,-1.519752591848373413e-01,-5.783858895301818848e-02,8.422382920980453491e-02,-1.384719014167785645e-01,-8.640087395906448364e-02,-3.062560455873608589e-03,-1.062909960746765137e-01,-2.946254983544349670e-02,-5.289656296372413635e-02,-5.361378937959671021e-02,-2.336508184671401978e-01,-9.109316766262054443e-02,1.909705102443695068e-01,-3.046160563826560974e-02,7.059095054864883423e-02,-1.137980222702026367e-01,-8.193755894899368286e-02,-3.156191483139991760e-02,-3.029801324009895325e-02,-7.677673548460006714e-02,-3.365541249513626099e-02,1.070350855588912964e-01,-6.892124563455581665e-02,1.283174157142639160e-01,1.633306965231895447e-02,1.831597834825515747e-02,-1.131987292319536209e-02,-2.519030123949050903e-02,-1.327406018972396851e-01,-3.619436547160148621e-02,-7.392721623182296753e-02,4.662417806684970856e-03,-9.756607562303543091e-02,1.393079608678817749e-01,-8.086549490690231323e-02,8.383974432945251465e-02,-1.103649586439132690e-01,-2.802820503711700439e-02,3.290562704205513000e-02,5.087472498416900635e-02,-2.066331170499324799e-02,1.908405125141143799e-02,9.972643852233886719e-02,9.140476584434509277e-02,-5.620734300464391708e-03,-4.174660425633192062e-03,6.427896022796630859e-02,-8.951853029429912567e-03,1.733312010765075684e-01,-1.159737557172775269e-01,-1.277033090591430664e-01,-1.114887744188308716e-01,1.209533214569091797e-02,1.194877643138170242e-02,3.811913728713989258e-02,-1.112299561500549316e-01,1.058838069438934326e-01,-3.531548008322715759e-02,6.257291138172149658e-02,1.765709519386291504e-01,5.207012221217155457e-02,-1.563183516263961792e-01,-5.791682377457618713e-02,1.201482787728309631e-01,1.027446705847978592e-02,-1.247268985025584698e-03,1.048261970281600952e-01,-8.276329189538955688e-02,-4.930343478918075562e-02,1.686782203614711761e-02,6.388638168573379517e-02,1.079664379358291626e-01,2.594444714486598969e-02,-2.161223627626895905e-02,-5.455704405903816223e-02,-6.481760065071284771e-04,6.234364211559295654e-02,-2.673241682350635529e-02,-1.136912107467651367e-01,-1.103584244847297668e-01,1.687802523374557495e-01,-4.161093384027481079e-02,8.006282150745391846e-02,4.483558982610702515e-02,-1.094220876693725586e-01,7.033268362283706665e-02,1.227769851684570312e-01,1.271626353263854980e-01,-1.191707998514175415e-01,4.245022684335708618e-02,-3.158188238739967346e-02,1.052740067243576050e-01,-8.344888687133789062e-02,5.388135090470314026e-02,4.911930486559867859e-02,-7.352031767368316650e-02,-1.769781112670898438e-01,1.665570586919784546e-01,5.100368708372116089e-02,-1.354642957448959351e-01,5.793283879756927490e-02,7.282281666994094849e-02,1.614676415920257568e-01,-1.677572354674339294e-02,-8.258578181266784668e-02,-1.041056471876800060e-03
3.766791895031929016e-02,-2.261222004890441895e-01,3.649220988154411316e-02,1.080979108810424805e-01,6.187129393219947815e-02,-8.110100030899047852e-02,5.049916356801986694e-02,3.637456521391868591e-02,5.644356459379196167e-02,2.108688838779926300e-02,-6.612545251846313477e-02,1.045347750186920166e-01,-9.900279343128204346e-02,-4.814011976122856140e-02,9.526376426219940186e-02,3.626432642340660095e-02,-6.080639734864234924e-02,-5.898434296250343323e-02,-6.929743289947509766e-02,-4.756053164601325989e-02,1.082063317298889160e-01,-1.185977645218372345e-02,-1.269309371709823608e-01,-6.191037967801094055e-02,6.043948978185653687e-02,-1.110626161098480225e-01,-1.015882939100265503e-01,2.190606109797954559e-02,-8.813304454088211060e-02,-1.002877876162528992e-01,-4.235876351594924927e-02,-5.741422530263662338e-03,-2.460934966802597046e-01,-7.229442149400711060e-02,1.364612132310867310e-01,-5.856629461050033569e-02,3.407371789216995239e-02,-7.950747013092041016e-02,-1.334099173545837402e-01,-1.276092883199453354e-02,1.027488894760608673e-02,-4.492551088333129883e-02,-5.176785960793495178e-02,7.910621911287307739e-02,-8.451185375452041626e-02,7.194913178682327271e-02,-4.865930229425430298e-02,-2.150053344666957855e-02,2.805860340595245361e-02,6.670400500297546387e-03,-1.875656098127365112e-01,-3.988748043775558472e-02,-1.540191099047660828e-02,-1.710885771899484098e-05,-1.478284746408462524e-01,1.350468993186950684e-01,7.992433384060859680e-03,2.279182523488998413e-02,-1.636548638343811035e-01,-8.574815094470977783e-02,-2.473911037668585777e-03,8.812955766916275024e-02,-7.519952487200498581e-03,-1.845226739533245564e-03,8.217854052782058716e-02,9.230957180261611938e-02,9.740699082612991333e-02,-6.564341485500335693e-02,8.733433485031127930e-02,-1.598307304084300995e-02,1.810751557350158691e-01,-8.878148347139358521e-02,-1.486418396234512329e-01,-6.945570558309555054e-02,8.517647162079811096e-03,-1.918895542621612549e-02,1.753196306526660919e-02,-8.933826535940170288e-02,1.180448085069656372e-01,-3.695403784513473511e-02,6.348154693841934204e-02,1.447741985321044922e-01,-6.129683926701545715e-02,-1.018167287111282349e-01,-8.245222270488739014e-02,6.296354532241821289e-02,1.998842507600784302e-02,-1.616648025810718536e-02,1.386017054319381714e-01,-7.827190309762954712e-02,-7.338581234216690063e-02,-4.285297181922942400e-04,-1.004104968160390854e-02,1.564127206802368164e-01,-5.983180180191993713e-02,-6.342395208775997162e-03,-3.726536035537719727e-02,1.322040520608425140e-02,9.345028549432754517e-02,-7.973247207701206207e-03,-8.528780192136764526e-02,-8.496445417404174805e-02,1.415952444076538086e-01,-2.970509417355060577e-02,3.203963488340377808e-02,1.001209467649459839e-01,-1.229888647794723511e-01,1.350347399711608887e-01,9.921816177666187286e-03,1.311284899711608887e-01,-6.030608713626861572e-02,-4.404572304338216782e-03,-4.319836385548114777e-03,1.402263045310974121e-01,-6.287577748298645020e-02,1.053479760885238647e-01,6.527391821146011353e-02,-3.343943506479263306e-02,-2.133169025182723999e-01,2.187693715095520020e-01,4.636905714869499207e-02,-9.820236265659332275e-02,4.001172259449958801e-03,6.221223250031471252e-02,1.398974508047103882e-01,3.998515661805868149e-03,-9.119895845651626587e-02,-6.081597879528999329e-03
2.123334258794784546e-02,-2.472684234380722046e-01,-8.250227198004722595e-03,7.343956083059310913e-02,7.610379904508590698e-02,-7.422979921102523804e-02,9.307140111923217773e-02,3.975258395075798035e-02,4.890830814838409424e-02,2.715940028429031372e-02,-9.031382203102111816e-02,1.393259763717651367e-01,-8.034911751747131348e-02,-4.591601714491844177e-02,6.462839990854263306e-02,7.742884010076522827e-02,-3.812607005238533020e-02,-5.772253870964050293e-02,-2.146060811355710030e-03,-5.320959538221359253e-02,3.211675956845283508e-02,4.322813823819160461e-02,-1.592567563056945801e-01,-7.248575240373611450e-02,6.339114159345626831e-02,-1.066898405551910400e-01,-1.109104752540588379e-01,1.105807796120643616e-01,-1.136856824159622192e-01,-4.438718780875205994e-02,-5.808800458908081055e-02,-3.214379400014877319e-02,-1.862204968929290771e-01,-4.368387162685394287e-02,1.315045207738876343e-01,-7.563657313585281372e-02,-1.840053685009479523e-02,-8.599152415990829468e-02,-1.538304835557937622e-01,-2.768148668110370636e-02,-4.163659736514091492e-02,-8.445363491773605347e-02,-2.540160343050956726e-02,8.723102509975433350e-02,-7.487749308347702026e-02,5.879562720656394958e-02,-1.286006253212690353e-02,-5.025899782776832581e-02,5.180437117815017700e-02,5.442208424210548401e-02,-1.924766898155212402e-01,1.214390806853771210e-02,-1.806938089430332184e-02,-4.056515172123908997e-02,-1.186122521758079529e-01,1.638338565826416016e-01,-2.318315580487251282e-02,4.187306016683578491e-02,-6.832820922136306763e-02,-7.502647489309310913e-02,-1.016793772578239441e-02,3.301743417978286743e-02,-2.263613976538181305e-02,-3.302345797419548035e-02,2.889668755233287811e-02,1.212274804711341858e-01,4.046167060732841492e-02,-1.440302655100822449e-02,4.858814924955368042e-02,-3.955726698040962219e-02,1.949979960918426514e-01,-1.239037960767745972e-01,-1.789058595895767212e-01,-1.482289880514144897e-01,-5.337960086762905121e-03,4.259550198912620544e-02,-2.958914451301097870e-02,-7.422704994678497314e-02,1.079779118299484253e-01,-7.200025022029876709e-02,2.663556486368179321e-02,1.410669684410095215e-01,-3.548764437437057495e-02,-8.746406435966491699e-02,-1.498583555221557617e-01,2.827784605324268341e-02,1.343687810003757477e-02,3.328640386462211609e-02,9.872538596391677856e-02,-2.468907274305820465e-02,-8.859148621559143066e-02,-2.901125885546207428e-02,-1.179522648453712463e-02,1.755184829235076904e-01,1.070351107046008110e-03,-9.201250970363616943e-03,-7.407490909099578857e-02,3.838473558425903320e-02,6.583999097347259521e-02,-5.948160775005817413e-03,-3.379947319626808167e-02,-1.352901309728622437e-01,2.248245179653167725e-01,-6.174779683351516724e-02,5.604429170489311218e-02,5.111877992749214172e-02,-1.165220960974693298e-01,9.084609150886535645e-02,4.729433730244636536e-02,1.225526407361030579e-01,-8.630450814962387085e-03,2.544086799025535583e-02,8.669090270996093750e-02,1.237359568476676941e-01,-9.901262819766998291e-02,5.896233767271041870e-02,5.523261800408363342e-02,-2.183110639452934265e-02,-1.432194411754608154e-01,1.882880926132202148e-01,6.276897341012954712e-02,-1.089092269539833069e-01,2.441604621708393097e-02,5.424478650093078613e-02,1.367886215448379517e-01,7.805820787325501442e-04,-1.275085657835006714e-01,3.706676140427589417e-02
6.390590965747833252e-02,-2.083262503147125244e-01,1.624973677098751068e-02,1.022324860095977783e-01,8.743561059236526489e-02,-1.051845699548721313e-01,1.134943366050720215e-01,2.137675881385803223e-02,4.328800365328788757e-02,3.510121256113052368e-02,-4.707279801368713379e-02,1.174070090055465698e-01,-6.233555078506469727e-02,-1.344863697886466980e-02,6.400071084499359131e-02,2.653760276734828949e-02,-1.008796170353889465e-01,-5.023171752691268921e-02,-1.171449758112430573e-02,-4.089184221811592579e-04,4.386910423636436462e-02,2.129361964762210846e-02,-1.482284516096115112e-01,-7.401679456233978271e-02,1.389323472976684570e-01,-7.747968286275863647e-02,-1.171785816550254822e-01,9.164740890264511108e-02,-9.542985260486602783e-02,-6.337844580411911011e-02,-3.049556724727153778e-02,-5.033868923783302307e-02,-2.389114946126937866e-01,-3.218309581279754639e-02,1.907275021076202393e-01,-1.084015145897865295e-01,-4.255787469446659088e-03,-8.765731751918792725e-02,-1.152109056711196899e-01,-1.883790642023086548e-02,-4.319011420011520386e-02,-6.477870792150497437e-02,-3.073699027299880981e-02,4.700830951333045959e-02,-3.815161809325218201e-02,3.190832957625389099e-02,-4.823993146419525146e-02,-2.061652950942516327e-02,7.200357504189014435e-03,1.671999320387840271e-02,-1.634872108697891235e-01,1.868605241179466248e-02,1.882330141961574554e-02,-1.196417305618524551e-02,-7.538373768329620361e-02,1.709427237510681152e-01,-2.400792576372623444e-02,7.005206495523452759e-02,-7.557653635740280151e-02,-1.769765466451644897e-02,5.649997666478157043e-02,7.904776930809020996e-02,-1.930336095392704010e-02,9.443108574487268925e-04,1.500588841736316681e-02,1.302510350942611694e-01,6.326144933700561523e-02,-6.029707193374633789e-02,6.503999233245849609e-02,-7.445722073316574097e-02,1.662636101245880127e-01,-9.849867224693298340e-02,-1.622207164764404297e-01,-1.097401604056358337e-01,2.934972196817398071e-02,3.635401278734207153e-02,2.990940818563103676e-03,-7.558903098106384277e-02,1.234414950013160706e-01,-2.749053388833999634e-02,7.006523013114929199e-02,1.713347882032394409e-01,-1.181392278522253036e-02,-5.272737517952919006e-02,-9.707282483577728271e-02,3.363737137988209724e-03,5.472206696867942810e-02,7.608605548739433289e-03,1.007697507739067078e-01,-6.012925878167152405e-02,-8.497758209705352783e-02,-1.559193432331085205e-02,-3.134384006261825562e-02,1.651873588562011719e-01,-2.485975157469511032e-03,-7.435312122106552124e-02,-4.374478012323379517e-02,9.756090119481086731e-03,2.325998432934284210e-02,-5.542071536183357239e-02,-3.261439129710197449e-02,-8.850220590829849243e-02,2.288283854722976685e-01,-4.812880977988243103e-02,4.184496775269508362e-02,5.299666151404380798e-02,-6.520120799541473389e-02,5.520044267177581787e-02,4.568096622824668884e-02,1.280500441789627075e-01,-2.707304805517196655e-02,1.307175774127244949e-02,9.301633387804031372e-02,1.325284242630004883e-01,-1.101307123899459839e-01,7.141409069299697876e-02,1.182546988129615784e-01,-3.657691925764083862e-02,-1.393900513648986816e-01,2.247495353221893311e-01,9.203825145959854126e-02,-1.298926323652267456e-01,2.060466259717941284e-02,5.731492117047309875e-02,1.749646961688995361e-01,2.523647388443350792e-03,-1.433723270893096924e-01,2.552812173962593079e-02
4.549519717693328857e-02,-1.644589304924011230e-01,3.708761185407638550e-02,1.176593452692031860e-01,8.055809885263442993e-02,-1.106844842433929443e-01,9.068900346755981445e-02,3.111317194998264313e-02,7.951623946428298950e-02,4.334643110632896423e-02,-5.986436083912849426e-02,8.811409771442413330e-02,-9.296614676713943481e-02,-3.444470837712287903e-02,1.274952441453933716e-01,1.706080324947834015e-02,-9.644999355077743530e-02,-7.025269418954849243e-02,-4.909322597086429596e-03,-6.005948036909103394e-02,7.155191997298970819e-05,2.710738778114318848e-02,-2.004939615726470947e-01,-7.060838490724563599e-02,9.694334864616394043e-02,-8.673364669084548950e-02,-1.422074735164642334e-01,6.705106049776077271e-02,-1.501508355140686035e-01,-2.273837290704250336e-02,-5.403294414281845093e-02,-2.796878851950168610e-02,-2.219699919223785400e-01,-6.365889310836791992e-02,1.261733472347259521e-01,-1.089811846613883972e-01,-2.147225104272365570e-02,-7.106260210275650024e-02,-1.394792646169662476e-01,-6.527118850499391556e-03,-3.665616363286972046e-02,-4.128235578536987305e-02,8.023269474506378174e-03,-1.024817209690809250e-02,-8.696632832288742065e-02,9.894062578678131104e-02,-2.126804366707801819e-02,-4.699499160051345825e-02,3.021907061338424683e-02,5.886593088507652283e-02,-2.415497153997421265e-01,3.276357427239418030e-02,2.424610219895839691e-02,-4.713046550750732422e-02,-9.048229455947875977e-02,1.898315548896789551e-01,-2.942640893161296844e-02,4.862599074840545654e-02,-1.075630486011505127e-01,-4.682861734181642532e-03,4.616716131567955017e-02,5.872293934226036072e-02,-2.369875833392143250e-02,-2.629520930349826813e-02,7.162183988839387894e-03,7.650829106569290161e-02,4.866363853216171265e-02,-6.840690225362777710e-02,8.984240144491195679e-02,-6.256079673767089844e-02,1.355893760919570923e-01,-1.035517752170562744e-01,-1.600146144628524780e-01,-6.126959249377250671e-02,-5.166255868971347809e-03,4.321132227778434753e-02,1.659603789448738098e-02,-6.525316834449768066e-02,1.362731009721755981e-01,-3.540509566664695740e-02,2.094153314828872681e-02,1.072150394320487976e-01,-2.107634209096431732e-02,-3.838239237666130066e-02,-1.201850473880767822e-01,6.869642063975334167e-03,2.378870174288749695e-02,-1.204814296215772629e-02,9.644200652837753296e-02,-7.250823080539703369e-02,-8.205101639032363892e-02,-1.350102759897708893e-02,-5.947468802332878113e-03,1.667408645153045654e-01,-3.578451275825500488e-02,-5.444891378283500671e-02,-3.227868303656578064e-02,2.792502753436565399e-02,8.755322545766830444e-02,-4.170512780547142029e-02,-9.678696282207965851e-03,-1.322481930255889893e-01,2.167125344276428223e-01,6.626261863857507706e-03,5.216958746314048767e-02,7.102136313915252686e-02,-7.884147018194198608e-02,9.963894635438919067e-02,-3.007443156093358994e-03,1.739939302206039429e-01,-1.190103217959403992e-02,1.837284490466117859e-02,6.831878423690795898e-02,1.197610571980476379e-01,-5.213319882750511169e-02,7.382164895534515381e-02,9.690746665000915527e-02,1.305369008332490921e-02,-1.762222200632095337e-01,1.809830069541931152e-01,4.733839631080627441e-02,-1.072572767734527588e-01,-9.077746421098709106e-03,5.557011440396308899e-02,1.779888719320297241e-01,2.654853276908397675e-02,-1.191692799329757690e-01,3.108670003712177277e-02
7.613870501518249512e-02,-1.706860363483428955e-01,8.460620045661926270e-02,1.039379611611366272e-01,5.085865408182144165e-02,-1.413623690605163574e-01,1.436246931552886963e-01,-6.762703880667686462e-03,9.177619218826293945e-02,4.650622233748435974e-02,-7.575152814388275146e-02,1.437888890504837036e-01,-9.025476127862930298e-02,-1.397901494055986404e-02,1.539070904254913330e-01,9.551243856549263000e-03,-6.631030142307281494e-02,-1.731170527637004852e-02,-2.805271930992603302e-02,-2.283500880002975464e-02,1.538047660142183304e-02,1.756941154599189758e-02,-2.200936675071716309e-01,3.021782264113426208e-02,1.401267796754837036e-01,-1.386180520057678223e-01,-1.487673819065093994e-01,2.940001524984836578e-02,-1.319339275360107422e-01,5.332296714186668396e-03,-6.037690863013267517e-02,-5.969801917672157288e-02,-2.187597304582595825e-01,-6.920759379863739014e-02,1.296584606170654297e-01,-1.359379943460226059e-02,-1.630926132202148438e-02,1.382062491029500961e-02,-1.167614981532096863e-01,8.820330351591110229e-02,1.967939920723438263e-02,-6.337117403745651245e-02,1.424043346196413040e-02,-1.071240659803152084e-02,-1.035316511988639832e-01,7.166371494531631470e-02,-3.804548829793930054e-02,-5.065457522869110107e-02,5.307599529623985291e-02,-3.897941112518310547e-02,-1.840923279523849487e-01,5.932035669684410095e-02,7.790196686983108521e-02,-1.251304298639297485e-01,-8.228455483913421631e-02,1.819165647029876709e-01,-5.068145692348480225e-02,6.034272909164428711e-02,-9.496804326772689819e-02,4.528466984629631042e-02,6.038558855652809143e-02,9.013958275318145752e-02,6.186632812023162842e-02,-2.079014433547854424e-03,4.203302413225173950e-02,2.149785496294498444e-02,1.296376436948776245e-01,-2.240574359893798828e-02,8.476820588111877441e-02,-4.074231535196304321e-02,1.813700795173645020e-01,-8.704204857349395752e-02,-1.325033307075500488e-01,1.057474873960018158e-02,-6.116009876132011414e-02,2.470247261226177216e-02,-3.769359318539500237e-03,-2.416126057505607605e-02,8.620397001504898071e-02,1.563508063554763794e-02,-3.737282752990722656e-02,8.808471262454986572e-02,-2.406540326774120331e-02,-3.950130566954612732e-02,-6.932098418474197388e-02,-3.799613192677497864e-02,3.397792950272560120e-02,-3.554387763142585754e-02,1.258465349674224854e-01,-1.251383125782012939e-01,-3.714261949062347412e-02,1.928182505071163177e-02,-1.015741936862468719e-02,1.099892407655715942e-01,-8.934789150953292847e-02,-3.668782487511634827e-02,-5.616540461778640747e-02,-1.092476397752761841e-02,3.482422977685928345e-02,-4.930667951703071594e-02,-1.844938099384307861e-02,-4.105909541249275208e-02,1.411159336566925049e-01,-3.369901329278945923e-02,1.173478662967681885e-01,6.375247240066528320e-02,-3.523970395326614380e-02,1.203312203288078308e-01,3.944190964102745056e-02,1.769462227821350098e-01,-2.891980297863483429e-02,4.385177046060562134e-02,-8.853659965097904205e-03,1.041740849614143372e-01,-1.062071099877357483e-01,6.792224198579788208e-02,8.864063024520874023e-02,3.796521201729774475e-02,-1.233399286866188049e-01,2.050238102674484253e-01,7.400055974721908569e-02,-1.615585982799530029e-01,2.180846175178885460e-03,-5.622869823127985001e-03,1.575771272182464600e-01,1.123489066958427429e-01,-6.725874543190002441e-02,2.831381745636463165e-03
3.848297148942947388e-02,-2.219598591327667236e-01,-1.361135393381118774e-02,1.064572110772132874e-01,8.469942212104797363e-02,-7.028122991323471069e-02,1.111189126968383789e-01,-5.058282241225242615e-02,1.008022651076316833e-01,2.007925696671009064e-02,-1.029341295361518860e-01,1.499935984611511230e-01,-4.825595393776893616e-02,-3.497131913900375366e-02,1.424286961555480957e-01,2.871620282530784607e-02,-7.153076678514480591e-02,-6.312326341867446899e-02,-3.591445460915565491e-02,4.017446655780076981e-03,-5.492073483765125275e-03,4.229172319173812866e-02,-1.895801573991775513e-01,-9.309605695307254791e-03,1.523721516132354736e-01,-1.160192191600799561e-01,-1.158134415745735168e-01,-2.658414654433727264e-02,-1.222602054476737976e-01,1.144202798604965210e-02,-4.984751716256141663e-02,-3.584362193942070007e-02,-1.476268768310546875e-01,-6.069028750061988831e-02,1.154949441552162170e-01,5.402784049510955811e-02,-1.405113562941551208e-02,-4.195605963468551636e-02,-5.431462824344635010e-02,8.301330357789993286e-02,-1.104277744889259338e-02,-4.248347878456115723e-02,-7.395162247121334076e-03,1.129009528085589409e-03,-9.961509704589843750e-02,1.203399002552032471e-01,-4.435545951128005981e-02,-3.246508911252021790e-02,1.131980307400226593e-02,-4.298288747668266296e-02,-1.522337794303894043e-01,1.085693016648292542e-01,5.916767567396163940e-02,-5.075488239526748657e-02,-9.596694260835647583e-02,2.343754321336746216e-01,-1.453987322747707367e-02,3.867863118648529053e-02,-5.542566999793052673e-02,4.889685288071632385e-02,1.951743476092815399e-02,1.221747696399688721e-01,7.489423453807830811e-02,-3.043192997574806213e-02,4.324024170637130737e-02,1.108258292078971863e-01,4.071073234081268311e-02,-4.673413932323455811e-02,4.750431701540946960e-02,-5.121273547410964966e-02,1.856926977634429932e-01,-4.468820244073867798e-02,-1.421899348497390747e-01,-3.639568388462066650e-02,6.319268606603145599e-03,1.488308515399694443e-02,8.136710524559020996e-02,-5.389389768242835999e-02,1.156721413135528564e-01,2.210132032632827759e-02,-1.095612421631813049e-01,1.334106922149658203e-01,3.657202236354351044e-03,-7.289480417966842651e-02,-7.500162720680236816e-02,1.675403863191604614e-02,8.889221400022506714e-02,-8.282463066279888153e-03,5.982023850083351135e-02,-4.765300452709197998e-02,-5.253112688660621643e-02,-7.324088364839553833e-02,2.178313396871089935e-02,1.067140698432922363e-01,-3.819016739726066589e-02,-2.383789792656898499e-02,-8.464731276035308838e-02,-4.665975272655487061e-02,7.462391257286071777e-02,-3.882126510143280029e-02,-4.563290625810623169e-02,-6.226420029997825623e-02,2.909531891345977783e-01,-8.748932182788848877e-02,7.063486427068710327e-02,7.338554412126541138e-02,4.361546132713556290e-03,9.715649485588073730e-02,1.125740930438041687e-01,1.501917093992233276e-01,-2.727636694908142090e-02,1.340237073600292206e-02,-3.738624975085258484e-02,1.186720579862594604e-01,-1.001384556293487549e-01,3.296846523880958557e-02,1.048387065529823303e-01,1.796296797692775726e-02,-9.266465157270431519e-02,1.678026765584945679e-01,6.796739250421524048e-02,-1.642537117004394531e-01,2.428349107503890991e-02,2.989168278872966766e-02,1.354669332504272461e-01,1.078675091266632080e-01,-1.216158866882324219e-01,2.794922329485416412e-02
5.265703797340393066e-02,-1.582726985216140747e-01,2.585729025304317474e-02,6.652756035327911377e-02,1.005747616291046143e-01,-9.843619167804718018e-02,1.571317166090011597e-01,-6.709759123623371124e-03,1.035031676292419434e-01,-1.223372016102075577e-02,-1.122446283698081970e-01,1.226093918085098267e-01,-2.674428932368755341e-02,-3.795481473207473755e-02,1.831846535205841064e-01,-4.210426937788724899e-03,-6.242825184017419815e-03,-9.704177267849445343e-03,-6.150638312101364136e-02,-8.728367276489734650e-03,3.518500551581382751e-02,2.393796853721141815e-02,-1.582079082727432251e-01,2.671737968921661377e-02,1.516082733869552612e-01,-7.661964744329452515e-02,-1.084749847650527954e-01,-1.521399896591901779e-02,-1.110470667481422424e-01,1.362375821918249130e-02,-4.371927306056022644e-02,-7.779460400342941284e-02,-1.615049988031387329e-01,-7.415036112070083618e-02,1.468657553195953369e-01,4.261741042137145996e-02,-9.525419212877750397e-03,1.128774788230657578e-02,-7.189480215311050415e-02,8.253778517246246338e-02,2.822726778686046600e-02,-6.282395869493484497e-02,1.146551314741373062e-02,-3.658871352672576904e-02,-1.295345425605773926e-01,1.265600174665451050e-01,-4.246294870972633362e-02,-1.688944548368453979e-02,2.760301530361175537e-02,-8.764842152595520020e-02,-1.231743171811103821e-01,5.392325296998023987e-02,8.015782386064529419e-02,-1.248075887560844421e-01,-1.435190439224243164e-01,2.315169572830200195e-01,-3.242398053407669067e-02,1.998069696128368378e-02,-1.009169891476631165e-01,7.267899811267852783e-02,3.578601405024528503e-02,8.820421993732452393e-02,8.384135365486145020e-02,3.396176546812057495e-02,5.518129840493202209e-02,5.414034053683280945e-02,8.272559195756912231e-02,-4.623373970389366150e-02,3.703727945685386658e-02,-1.837994344532489777e-02,1.871856600046157837e-01,-2.549668401479721069e-02,-1.055330559611320496e-01,3.148381412029266357e-02,2.431172318756580353e-02,4.405999928712844849e-02,4.982285574078559875e-02,-1.009241789579391479e-01,1.308665573596954346e-01,4.017728846520185471e-03,-6.607519835233688354e-02,1.427482962608337402e-01,-5.555649846792221069e-02,-6.312718987464904785e-02,-4.138410091400146484e-02,-2.475015632808208466e-02,1.143830195069313049e-01,-8.770574629306793213e-02,1.076430007815361023e-01,-8.148124814033508301e-02,-3.045174665749073029e-02,-3.910611569881439209e-02,-2.445160970091819763e-02,1.037010550498962402e-01,-1.125809550285339355e-01,-5.289653688669204712e-02,-5.817458406090736389e-02,-2.897491306066513062e-02,2.734940126538276672e-02,-1.556964591145515442e-02,-7.788714021444320679e-02,-4.672297090291976929e-02,2.023793905973434448e-01,-5.287358164787292480e-02,1.098876222968101501e-01,5.418962240219116211e-02,-2.367147989571094513e-02,4.806582629680633545e-02,7.985901832580566406e-02,1.423553973436355591e-01,-1.998665556311607361e-02,5.439717695116996765e-02,-2.448009699583053589e-02,1.025017723441123962e-01,-1.212176904082298279e-01,8.067367225885391235e-02,9.358532726764678955e-02,3.123995289206504822e-02,-1.341249793767929077e-01,1.770977079868316650e-01,1.365730613470077515e-01,-1.631240844726562500e-01,9.418416768312454224e-03,4.318110644817352295e-02,1.432315856218338013e-01,1.462491452693939209e-01,-6.213714554905891418e-02,3.951231762766838074e-02
6.483472883701324463e-02,-1.088217273354530334e-01,-6.457363720983266830e-03,1.188356801867485046e-01,8.218552917242050171e-02,-7.777045667171478271e-02,1.377630233764648438e-01,-6.248461455106735229e-02,1.293837726116180420e-01,3.001486510038375854e-02,-9.222347289323806763e-02,1.052030771970748901e-01,-5.233798548579216003e-02,2.954294905066490173e-02,1.623757481575012207e-01,-1.639737747609615326e-02,-3.195357695221900940e-02,-4.936046153306961060e-02,-5.123939365148544312e-02,-2.444168180227279663e-02,-5.557026714086532593e-03,3.080772608518600464e-02,-1.842626929283142090e-01,-4.625068232417106628e-02,1.232287660241127014e-01,-1.063701137900352478e-01,-8.811127394437789917e-02,-7.626975886523723602e-03,-1.024120524525642395e-01,-6.285280454903841019e-03,-6.753061711788177490e-02,-5.493974313139915466e-02,-1.855212002992630005e-01,-5.451947823166847229e-02,1.571813672780990601e-01,-3.705875203013420105e-02,3.837836533784866333e-02,-4.497903957962989807e-02,-1.023070365190505981e-01,8.217202872037887573e-02,-3.246118500828742981e-02,-2.340250648558139801e-02,-1.667860895395278931e-02,-2.963340282440185547e-02,-7.249575108289718628e-02,7.832216471433639526e-02,-6.764411926269531250e-03,4.986282438039779663e-04,1.787461526691913605e-02,-8.366632461547851562e-02,-1.390404850244522095e-01,7.256878912448883057e-02,5.163140222430229187e-02,-7.752123475074768066e-02,-1.306745260953903198e-01,2.090733200311660767e-01,-3.960410133004188538e-03,2.186612784862518311e-02,-1.061295121908187866e-01,5.063679814338684082e-02,-3.773983102291822433e-03,1.082842424511909485e-01,1.410151124000549316e-01,1.714892499148845673e-02,5.441710725426673889e-02,8.796712756156921387e-02,5.445528030395507812e-02,-5.743204802274703979e-02,6.171296164393424988e-02,2.875957451760768890e-02,1.657164394855499268e-01,-4.839789122343063354e-02,-1.017221063375473022e-01,5.672894418239593506e-03,6.389974057674407959e-02,7.703911978751420975e-03,5.125204473733901978e-02,-9.881579130887985229e-02,1.445747762918472290e-01,-3.351831436157226562e-02,-1.153059005737304688e-01,1.273833513259887695e-01,-5.278598889708518982e-02,-2.954186685383319855e-02,-6.855253875255584717e-02,5.055409669876098633e-02,9.401872009038925171e-02,-4.350698739290237427e-02,1.362307816743850708e-01,-8.530902862548828125e-02,-6.359915435314178467e-02,-2.265396155416965485e-02,-7.512836903333663940e-02,1.061523109674453735e-01,-1.155865862965583801e-01,-4.198243096470832825e-02,-6.802015751600265503e-02,-9.182137437164783478e-03,5.456091463565826416e-02,1.557305362075567245e-02,-6.173527985811233521e-02,-6.616869568824768066e-02,2.053884565830230713e-01,-2.306359820067882538e-02,9.880867600440979004e-02,7.259627431631088257e-02,-4.769951105117797852e-02,4.733676090836524963e-02,9.407474100589752197e-02,1.526528745889663696e-01,-8.237641886807978153e-04,1.673338003456592560e-02,4.957196488976478577e-02,1.262640208005905151e-01,-5.469929054379463196e-02,8.205981552600860596e-02,3.614468500018119812e-02,5.332899093627929688e-02,-1.816269755363464355e-01,1.997074037790298462e-01,1.535816341638565063e-01,-1.167386546730995178e-01,-3.301037941128015518e-03,3.932164981961250305e-02,1.236719265580177307e-01,1.858392655849456787e-01,-7.702313363552093506e-02,-4.554028157144784927e-03
3.441190719604492188e-02,-1.781223714351654053e-01,2.291885949671268463e-02,8.503700047731399536e-02,9.052947908639907837e-02,-9.841721504926681519e-02,1.183110773563385010e-01,-6.002749502658843994e-02,6.903171539306640625e-02,-1.929006911814212799e-02,-7.282028347253799438e-02,9.968610107898712158e-02,-4.450587183237075806e-02,1.487375609576702118e-02,1.762344390153884888e-01,-1.187408156692981720e-02,-1.891981996595859528e-02,-8.416807651519775391e-02,-1.010314524173736572e-01,-1.083130668848752975e-02,-2.182128652930259705e-02,1.298953685909509659e-02,-1.757840365171432495e-01,-8.635130524635314941e-02,1.057796254754066467e-01,-1.194154918193817139e-01,-8.054003864526748657e-02,-2.069632150232791901e-02,-7.521511614322662354e-02,-9.565025568008422852e-03,-6.488218158483505249e-02,-3.724508732557296753e-02,-2.040622830390930176e-01,-3.439340367913246155e-02,1.618076711893081665e-01,-2.429589070379734039e-02,7.690063212066888809e-03,-9.023527801036834717e-02,-9.936098754405975342e-02,5.119907855987548828e-02,1.470359880477190018e-02,-6.174279749393463135e-02,-4.434078931808471680e-02,-1.213477272540330887e-02,-3.899887949228286743e-02,7.997049391269683838e-02,-5.871455185115337372e-03,-1.683610025793313980e-03,2.848136983811855316e-02,-7.161413133144378662e-02,-1.233944147825241089e-01,2.516735717654228210e-02,-1.630271039903163910e-02,-1.042413413524627686e-01,-9.463516622781753540e-02,2.007662951946258545e-01,3.618139773607254028e-02,6.258521229028701782e-02,-8.520894497632980347e-02,2.441805787384510040e-02,1.564973592758178711e-02,1.439475715160369873e-01,1.107712313532829285e-01,3.159276768565177917e-02,-2.943793870508670807e-02,1.203285679221153259e-01,3.046471811830997467e-02,-7.212313264608383179e-02,3.456809744238853455e-02,4.888294637203216553e-02,1.616433560848236084e-01,-2.201666682958602905e-02,-6.065850704908370972e-02,9.747395291924476624e-03,7.115472853183746338e-02,2.172491140663623810e-02,5.035905167460441589e-02,-1.485670506954193115e-01,1.099222004413604736e-01,-7.394503802061080933e-02,-3.132298961281776428e-02,9.324612468481063843e-02,-3.337240964174270630e-02,-1.144162565469741821e-01,-3.049411252140998840e-02,4.099326953291893005e-02,4.850249364972114563e-02,-8.284323662519454956e-02,8.580649644136428833e-02,-6.881587207317352295e-02,-2.484586089849472046e-02,2.534130588173866272e-02,-5.186115577816963196e-02,1.634740680456161499e-01,-1.128137931227684021e-01,-4.595237970352172852e-02,-5.377206951379776001e-02,8.716967888176441193e-03,6.634887307882308960e-02,8.675754070281982422e-04,-6.048237532377243042e-02,-1.013225242495536804e-01,2.100295126438140869e-01,2.246931381523609161e-02,8.549071848392486572e-02,5.315338075160980225e-02,-6.167288497090339661e-02,5.691016465425491333e-02,9.333465248346328735e-02,1.750514954328536987e-01,3.697865642607212067e-03,3.991928882896900177e-03,2.951018139719963074e-02,1.201057061553001404e-01,-1.456800401210784912e-01,4.144079610705375671e-02,4.429015144705772400e-02,5.408777669072151184e-02,-1.547734588384628296e-01,2.161597013473510742e-01,1.451805531978607178e-01,-1.727275997400283813e-01,5.350225605070590973e-03,8.350140601396560669e-02,1.369944810867309570e-01,1.298408061265945435e-01,-8.940937370061874390e-02,3.776901960372924805e-02
5.980451405048370361e-02,-1.960057467222213745e-01,2.829699404537677765e-02,1.366360485553741455e-01,1.020096242427825928e-01,-5.471192672848701477e-02,1.108496412634849548e-01,-2.459146827459335327e-02,9.357631206512451172e-02,-1.527601759880781174e-02,-8.013683557510375977e-02,1.184865608811378479e-01,-1.567445322871208191e-02,-2.846246957778930664e-02,1.428868919610977173e-01,-1.273077819496393204e-02,-8.060508221387863159e-02,-6.381886452436447144e-02,-5.795754492282867432e-02,4.292698868084698915e-04,-4.310229420661926270e-02,9.614443778991699219e-02,-1.891630589962005615e-01,-7.885845005512237549e-02,1.197570040822029114e-01,-8.517336845397949219e-02,-1.129659414291381836e-01,-2.599701471626758575e-02,-6.682510673999786377e-02,-5.368638783693313599e-02,-5.372884124517440796e-02,-7.187922298908233643e-02,-1.805511415004730225e-01,-4.256427288055419922e-02,1.937660723924636841e-01,-3.631291165947914124e-02,1.884753000922501087e-04,-5.199223384261131287e-02,-4.154647514224052429e-02,1.643566600978374481e-02,4.058329388499259949e-02,-8.901870995759963989e-02,-5.212694406509399414e-02,-5.100081488490104675e-02,-1.089084520936012268e-01,5.932062864303588867e-02,-6.205306947231292725e-02,3.959812223911285400e-02,8.683938533067703247e-02,-4.489056766033172607e-02,-1.044679358601570129e-01,2.788164466619491577e-02,3.344966098666191101e-02,-1.065218672156333923e-01,-9.045381098985671997e-02,2.009436041116714478e-01,-3.790200129151344299e-02,8.288057148456573486e-02,-1.140871047973632812e-01,9.579646401107311249e-03,1.085678115487098694e-02,1.296863704919815063e-01,5.449912324547767639e-02,4.333306476473808289e-02,-2.846643037628382444e-04,1.251482665538787842e-01,5.360284447669982910e-02,-7.438895106315612793e-02,2.116176858544349670e-02,-3.435369953513145447e-02,1.310333907604217529e-01,-6.267073005437850952e-02,-6.735346466302871704e-02,-4.622890427708625793e-02,5.326143652200698853e-02,1.818065345287322998e-02,3.790391981601715088e-02,-1.382088363170623779e-01,8.206374943256378174e-02,-4.031715169548988342e-02,1.104520913213491440e-02,1.554830223321914673e-01,-3.533230721950531006e-02,-1.146927401423454285e-01,-7.113407552242279053e-02,1.138718705624341965e-02,8.082299679517745972e-02,-3.137912601232528687e-02,6.364395469427108765e-02,-1.085816398262977600e-01,-2.945396117866039276e-02,2.166164293885231018e-02,-6.619167327880859375e-02,1.164087876677513123e-01,-3.797877579927444458e-02,-2.697562426328659058e-02,-2.257996611297130585e-02,4.086255561560392380e-03,5.652115866541862488e-02,-1.640859618782997131e-02,-8.101171255111694336e-02,-7.987704128026962280e-02,2.312785089015960693e-01,-3.019978106021881104e-02,9.659808129072189331e-02,2.418267168104648590e-02,-7.000581920146942139e-02,9.770564734935760498e-02,1.005913168191909790e-01,1.852374523878097534e-01,-3.997571300715208054e-03,6.530322134494781494e-02,1.962187513709068298e-02,1.473131477832794189e-01,-1.174786463379859924e-01,6.343124806880950928e-02,5.762507393956184387e-02,6.288736313581466675e-02,-1.847592741250991821e-01,1.663681268692016602e-01,1.354249119758605957e-01,-1.541986465454101562e-01,-3.463634522631764412e-03,3.582359105348587036e-02,1.459396481513977051e-01,7.508987933397293091e-02,-8.096016198396682739e-02,-4.780184943228960037e-03
8.372438699007034302e-02,-2.391702979803085327e-01,4.379616305232048035e-02,1.537089347839355469e-01,2.386717125773429871e-02,-5.958054214715957642e-02,9.912601113319396973e-02,1.981998980045318604e-02,1.106247156858444214e-01,1.255952753126621246e-02,-6.487794220447540283e-02,9.964586049318313599e-02,-8.213167078793048859e-03,-4.144817218184471130e-02,1.302880942821502686e-01,4.012519493699073792e-02,-9.978937357664108276e-02,-5.986523255705833435e-02,-5.158362910151481628e-04,1.054276805371046066e-02,-6.122642662376165390e-03,8.672541379928588867e-02,-1.641632467508316040e-01,-2.129613235592842102e-02,1.105725020170211792e-01,-1.016731485724449158e-01,-1.078350692987442017e-01,4.917917307466268539e-03,-1.096722707152366638e-01,-1.907533220946788788e-02,-6.638732552528381348e-02,-8.584444224834442139e-02,-1.716595739126205444e-01,-2.058982476592063904e-02,1.997904628515243530e-01,-2.585397660732269287e-02,-4.602734372019767761e-02,-6.668993085622787476e-02,-6.772913783788681030e-02,1.639277301728725433e-02,2.479009702801704407e-02,-3.397214785218238831e-02,-3.697760775685310364e-02,-1.153458375483751297e-03,-1.157495379447937012e-01,6.700962036848068237e-02,-5.006619915366172791e-02,-6.907379627227783203e-02,8.768234401941299438e-02,5.507231503725051880e-02,-1.644082367420196533e-01,3.924044221639633179e-02,-2.910524792969226837e-02,-8.921571820974349976e-02,-9.053192287683486938e-02,1.687997877597808838e-01,-2.932318858802318573e-02,2.961995080113410950e-02,-1.528323888778686523e-01,9.015394374728202820e-03,4.704242944717407227e-02,1.167520284652709961e-01,2.468046545982360840e-02,2.328131720423698425e-02,-5.046629533171653748e-02,1.636713147163391113e-01,2.137172408401966095e-02,-9.448795765638351440e-02,7.407928258180618286e-02,-2.174936421215534210e-02,1.870077550411224365e-01,-6.082637608051300049e-02,-8.483480662107467651e-02,-5.383690819144248962e-02,5.086031556129455566e-02,1.576068252325057983e-02,2.400353550910949707e-02,-1.055645421147346497e-01,8.997632563114166260e-02,-8.784387260675430298e-02,-1.526230596937239170e-03,1.247518360614776611e-01,-3.974896296858787537e-02,-1.467608660459518433e-01,-9.765392541885375977e-02,4.344382882118225098e-02,2.909788303077220917e-02,-9.910116903483867645e-03,7.661151885986328125e-02,-1.232604309916496277e-01,-6.826278567314147949e-02,-3.607807680964469910e-03,-1.752822659909725189e-02,1.651656478643417358e-01,-1.448784209787845612e-02,-2.508496865630149841e-02,-4.938685148954391479e-02,2.205655351281166077e-02,6.500438600778579712e-02,-4.215008113533258438e-03,-6.261440366506576538e-02,-1.246294602751731873e-01,1.903620660305023193e-01,-4.270718246698379517e-02,3.258972242474555969e-02,3.359534963965415955e-02,-6.059438735246658325e-02,1.194355711340904236e-01,4.886278882622718811e-02,1.888237893581390381e-01,-3.130694106221199036e-02,5.230502039194107056e-02,-2.477854862809181213e-02,1.347448825836181641e-01,-1.339308172464370728e-01,7.361385971307754517e-02,6.051984429359436035e-02,3.015048988163471222e-02,-1.868243366479873657e-01,1.418955028057098389e-01,6.936504691839218140e-02,-1.075538024306297302e-01,-2.385015226900577545e-02,4.497427865862846375e-02,1.529134511947631836e-01,-8.466320112347602844e-03,-7.027493417263031006e-02,-1.198601070791482925e-02
1.542765926569700241e-02,-1.659897565841674805e-01,-2.666269987821578979e-02,1.536653190851211548e-01,6.863164901733398438e-02,-6.355259567499160767e-02,6.077338382601737976e-02,-3.017260320484638214e-02,6.813357770442962646e-02,6.141984462738037109e-02,-7.708544284105300903e-02,1.113210022449493408e-01,-8.308909088373184204e-02,-1.326867099851369858e-02,1.041196212172508240e-01,3.614265844225883484e-02,-1.114453077316284180e-01,-1.032393276691436768e-01,-6.761147081851959229e-02,-5.291150137782096863e-02,-2.701587416231632233e-02,8.030342310667037964e-02,-1.979171931743621826e-01,-5.195357650518417358e-02,1.076509952545166016e-01,-8.271172642707824707e-02,-1.344361454248428345e-01,6.766737997531890869e-02,-1.288657188415527344e-01,6.703614722937345505e-03,-7.524173241108655930e-03,-6.201528757810592651e-02,-1.457336097955703735e-01,-5.345237255096435547e-02,1.584781110286712646e-01,-8.978603035211563110e-02,2.361063379794359207e-03,3.716128703672438860e-04,-3.206530213356018066e-02,-5.921224947087466717e-04,-2.543209819123148918e-03,-1.561433672904968262e-01,3.699692338705062866e-02,-3.326727822422981262e-02,-4.643589630722999573e-02,7.689946889877319336e-02,-1.248009939445182681e-04,2.043591998517513275e-02,1.023267805576324463e-01,-1.878763735294342041e-02,-1.375573277473449707e-01,2.635132707655429840e-02,3.630147501826286316e-02,-3.365536406636238098e-02,-1.221777349710464478e-01,1.875183731317520142e-01,-5.953202024102210999e-02,-3.298238851130008698e-03,-1.237316131591796875e-01,-2.480011433362960815e-02,5.274926498532295227e-02,1.014660075306892395e-01,-2.399817109107971191e-02,-1.233835145831108093e-02,-6.090493872761726379e-02,4.965438693761825562e-02,-2.367088757455348969e-02,-1.132241338491439819e-01,1.170767471194267273e-01,-1.557013951241970062e-02,1.196408346295356750e-01,-8.182620257139205933e-02,-1.037265807390213013e-01,-8.627271652221679688e-02,-5.039439536631107330e-03,4.330256953835487366e-02,8.056966215372085571e-02,-6.313637644052505493e-02,1.511756628751754761e-01,-1.301395241171121597e-02,-4.760963097214698792e-02,1.958696693181991577e-01,-1.298683322966098785e-02,-7.668025046586990356e-02,-1.043554469943046570e-01,-3.400104865431785583e-02,5.638332292437553406e-02,-4.942084848880767822e-02,9.893671423196792603e-02,-8.910190314054489136e-03,-5.145043134689331055e-02,5.527530983090400696e-02,-3.451227396726608276e-02,1.898198872804641724e-01,-7.103642821311950684e-02,-2.597016654908657074e-02,-4.635775834321975708e-02,-1.271057128906250000e-02,1.097293496131896973e-01,-2.113834582269191742e-02,-6.692236661911010742e-02,-1.204458177089691162e-01,1.689832359552383423e-01,-6.743899732828140259e-02,5.250751972198486328e-02,4.462086409330368042e-02,-3.226486966013908386e-02,6.291069835424423218e-02,6.739506125450134277e-02,1.930573433637619019e-01,-2.461509779095649719e-02,1.058433577418327332e-02,6.091039627790451050e-02,1.494236737489700317e-01,-1.114923432469367981e-01,6.246827915310859680e-02,1.035055741667747498e-01,2.923852391541004181e-02,-1.539302170276641846e-01,2.021031826734542847e-01,1.028088629245758057e-01,-1.072928011417388916e-01,2.509609237313270569e-02,8.814651519060134888e-02,1.817125231027603149e-01,6.045073270797729492e-02,-2.260030433535575867e-02,3.479043021798133850e-02
7.981149107217788696e-02,-1.672670692205429077e-01,-2.547319605946540833e-02,1.520192176103591919e-01,8.971244841814041138e-02,-1.285547669976949692e-02,1.038905382156372070e-01,-3.404435515403747559e-02,6.187565252184867859e-02,6.523741781711578369e-02,-8.006520569324493408e-02,1.459281146526336670e-01,-5.036392807960510254e-02,6.854491308331489563e-03,6.521556526422500610e-02,4.127201437950134277e-02,-1.003145948052406311e-01,-8.491944521665573120e-02,5.105412099510431290e-03,-2.992524765431880951e-02,-3.463419899344444275e-02,1.610686630010604858e-01,-1.818362176418304443e-01,-3.352225944399833679e-02,1.220406293869018555e-01,-1.399863064289093018e-01,-1.005492210388183594e-01,3.966896608471870422e-02,-4.371154680848121643e-02,-4.082977306097745895e-03,-4.838679917156696320e-03,-1.074427962303161621e-01,-1.633909940719604492e-01,-8.128958195447921753e-02,1.661988347768783569e-01,-1.124963313341140747e-01,-2.416133135557174683e-02,-6.906244158744812012e-02,-1.876666396856307983e-02,-6.487427651882171631e-02,-9.486182779073715210e-02,-1.335154622793197632e-01,3.494147211313247681e-02,1.522532105445861816e-02,-3.589240089058876038e-02,2.692249417304992676e-02,-4.635412245988845825e-03,2.152544632554054260e-02,8.689487725496292114e-02,1.987741701304912567e-02,-1.155261993408203125e-01,-1.745377480983734131e-02,3.851824253797531128e-02,-3.688149154186248779e-02,-1.422293037176132202e-01,1.691538542509078979e-01,-2.445315197110176086e-02,-1.278416253626346588e-02,-1.419413983821868896e-01,2.522176504135131836e-02,8.569151163101196289e-02,1.471017003059387207e-01,-1.033427938818931580e-02,1.466660574078559875e-02,-2.750471420586109161e-02,6.054826453328132629e-02,-5.703043192625045776e-02,-9.841085225343704224e-02,1.425861269235610962e-01,-7.126234937459230423e-03,1.482714712619781494e-01,-1.146626099944114685e-01,-4.891842976212501526e-02,-8.214254677295684814e-02,2.918502129614353180e-02,-5.498129129409790039e-02,7.727038860321044922e-02,-4.855386912822723389e-02,1.474959701299667358e-01,-3.950481116771697998e-02,-2.705243416130542755e-03,1.710067093372344971e-01,4.520802199840545654e-02,-5.866604298353195190e-02,-7.252528518438339233e-02,5.496532842516899109e-02,6.510053575038909912e-02,2.472514286637306213e-02,9.443043917417526245e-02,-7.979447394609451294e-02,-6.220130622386932373e-02,2.489193575456738472e-03,1.798577047884464264e-02,1.347042173147201538e-01,-1.324324682354927063e-02,-4.990587010979652405e-03,-2.225591428577899933e-02,-7.194117456674575806e-02,5.961309373378753662e-02,-9.063022583723068237e-02,-8.981267362833023071e-02,-1.388153582811355591e-01,1.266044378280639648e-01,-8.269153535366058350e-02,2.003010548651218414e-02,6.509351730346679688e-02,-1.658355630934238434e-02,2.191038616001605988e-02,1.036819219589233398e-01,1.261234730482101440e-01,-5.452008545398712158e-02,1.862634532153606415e-02,4.292248561978340149e-02,8.156314492225646973e-02,-9.540806710720062256e-02,1.089075133204460144e-01,1.513620615005493164e-01,1.965791173279285431e-02,-1.641277968883514404e-01,2.191437482833862305e-01,4.722100496292114258e-02,-1.329587101936340332e-01,8.783802390098571777e-02,1.045837551355361938e-01,1.297921687364578247e-01,4.805485531687736511e-02,-8.374176174402236938e-02,3.337138146162033081e-02
5.926749110221862793e-02,-1.595062911510467529e-01,-1.353028509765863419e-02,1.766190081834793091e-01,8.413606882095336914e-02,2.012448012828826904e-02,9.086010605096817017e-02,-7.210911810398101807e-02,7.093779742717742920e-02,7.673007994890213013e-02,-1.030337512493133545e-01,1.597404927015304565e-01,-4.136216640472412109e-02,3.373915329575538635e-03,7.742822170257568359e-02,5.977816134691238403e-02,-9.213247895240783691e-02,-1.254801303148269653e-01,-3.909755125641822815e-02,-5.612498894333839417e-02,-5.259338021278381348e-02,1.024679988622665405e-01,-2.095395773649215698e-01,-1.048644259572029114e-01,1.050246208906173706e-01,-1.559444963932037354e-01,-8.110041171312332153e-02,3.861076757311820984e-02,-1.220397353172302246e-01,5.166460946202278137e-02,-7.359889149665832520e-02,-1.210606917738914490e-01,-1.718188971281051636e-01,-5.851148068904876709e-02,1.363464295864105225e-01,-1.403305232524871826e-01,-7.461472880095243454e-03,-4.185892269015312195e-02,-7.538856565952301025e-02,-7.667759899049997330e-03,-3.816675394773483276e-02,-1.680916547775268555e-01,2.429235354065895081e-02,-1.091466005891561508e-02,-5.226170271635055542e-02,3.407230973243713379e-02,6.057667732238769531e-02,-1.584457978606224060e-02,3.282128646969795227e-02,-3.724278509616851807e-02,-1.338595896959304810e-01,9.879462420940399170e-03,1.258270815014839172e-02,1.643201685510575771e-03,-1.358981281518936157e-01,1.483214497566223145e-01,-4.814731329679489136e-02,4.708469286561012268e-02,-1.039475500583648682e-01,-1.436940766870975494e-02,1.004204303026199341e-01,1.309418082237243652e-01,-7.747137546539306641e-02,-2.986558713018894196e-02,-2.060438320040702820e-02,5.849043838679790497e-03,-5.235354602336883545e-02,-5.446235090494155884e-02,1.475864052772521973e-01,2.683956176042556763e-03,1.201067119836807251e-01,-1.130429133772850037e-01,-1.132193058729171753e-01,-6.381274759769439697e-02,7.136428263038396835e-03,-3.638517111539840698e-02,7.244942337274551392e-02,-4.935158416628837585e-02,1.042378097772598267e-01,-8.324989117681980133e-03,4.125674813985824585e-02,1.520163416862487793e-01,3.522780537605285645e-02,-8.109504729509353638e-02,-1.092850342392921448e-01,4.739773459732532501e-03,2.461623772978782654e-02,7.104177959263324738e-03,9.721947461366653442e-02,-1.013781055808067322e-01,-9.386411309242248535e-02,2.304304949939250946e-02,-2.861014567315578461e-03,1.713778674602508545e-01,-4.113680124282836914e-02,3.148540481925010681e-02,5.622734781354665756e-03,-2.280068770051002502e-02,6.788322329521179199e-02,-8.406046032905578613e-02,-6.285742670297622681e-02,-1.338715404272079468e-01,7.260344177484512329e-02,-3.177685663104057312e-02,1.522408053278923035e-02,4.764537513256072998e-02,-9.477784484624862671e-02,4.264180362224578857e-02,1.047115772962570190e-01,1.420041173696517944e-01,-7.992980629205703735e-02,5.768046900629997253e-02,6.063098460435867310e-02,6.656685471534729004e-02,-1.181812807917594910e-01,9.487969428300857544e-02,8.877760171890258789e-02,1.005178503692150116e-02,-1.637476086616516113e-01,1.765667945146560669e-01,2.223943918943405151e-02,-1.315778195858001709e-01,5.534581467509269714e-02,8.415603637695312500e-02,1.745125055313110352e-01,4.878041520714759827e-02,-5.348767712712287903e-02,2.844832651317119598e-02
9.025201946496963501e-02,-1.962056159973144531e-01,-1.205287221819162369e-02,2.047997266054153442e-01,9.332133829593658447e-02,1.300155767239630222e-03,9.089066088199615479e-02,-4.570807516574859619e-02,6.995477527379989624e-02,1.100781038403511047e-01,-1.019014865159988403e-01,1.159615293145179749e-01,-6.196545809507369995e-02,-9.681557305157184601e-03,9.995033591985702515e-02,5.643602088093757629e-02,-1.197905018925666809e-01,-1.243891716003417969e-01,-4.142808169126510620e-02,-4.265540093183517456e-02,-5.490976851433515549e-03,8.915480226278305054e-02,-2.545686662197113037e-01,-1.279424130916595459e-01,8.209893852472305298e-02,-1.591993421316146851e-01,-9.881078451871871948e-02,5.621917918324470520e-02,-1.080033704638481140e-01,1.026063784956932068e-02,-4.744133353233337402e-02,-5.604989826679229736e-02,-1.419488489627838135e-01,-3.718247264623641968e-02,1.018126383423805237e-01,-8.081876486539840698e-02,-5.886011570692062378e-02,-2.472044713795185089e-02,-7.127780467271804810e-02,-1.895982027053833008e-02,-3.390866145491600037e-02,-1.203362569212913513e-01,2.123521268367767334e-02,-2.541346102952957153e-02,-4.923728853464126587e-02,2.744888141751289368e-02,3.559122607111930847e-02,-1.336557511240243912e-02,3.577164933085441589e-02,2.531231194734573364e-02,-1.174092143774032593e-01,-1.654870621860027313e-02,1.704506948590278625e-02,-5.652559176087379456e-02,-1.466465741395950317e-01,1.519298255443572998e-01,-1.533296797424554825e-02,6.151124089956283569e-02,-1.011817157268524170e-01,-1.466732565313577652e-02,1.548176705837249756e-01,1.863922327756881714e-01,-1.118345633149147034e-01,-4.560757428407669067e-03,-3.110774233937263489e-02,9.093394502997398376e-03,-4.395663738250732422e-02,-6.967768073081970215e-02,1.651575714349746704e-01,2.426201710477471352e-03,1.453728228807449341e-01,-7.883474975824356079e-02,-6.279130280017852783e-02,-6.025112420320510864e-02,2.079577418044209480e-03,-1.456761825829744339e-02,7.385390251874923706e-02,-8.846964687108993530e-02,1.195503249764442444e-01,4.968125373125076294e-02,1.770458556711673737e-02,1.503904163837432861e-01,1.163885649293661118e-02,-5.873100832104682922e-02,-5.314958468079566956e-02,3.911903128027915955e-02,9.619084186851978302e-03,9.813711978495121002e-03,8.741452544927597046e-02,-8.704804629087448120e-02,-4.052885994315147400e-02,1.417444460093975067e-02,-1.688672043383121490e-02,1.776032596826553345e-01,-1.425721868872642517e-02,6.255488097667694092e-02,-1.320058666169643402e-02,-4.674857109785079956e-02,7.901389896869659424e-02,-1.012127324938774109e-01,-8.953314274549484253e-02,-1.095449998974800110e-01,8.221188932657241821e-02,-2.121435664594173431e-02,1.998232118785381317e-02,9.528660774230957031e-02,-4.997935146093368530e-02,2.707201428711414337e-02,8.998947590589523315e-02,1.649696379899978638e-01,-4.043092206120491028e-02,9.962215274572372437e-02,5.081950500607490540e-02,1.087551712989807129e-01,-1.230447515845298767e-01,7.484587281942367554e-02,8.024597167968750000e-02,-3.807371482253074646e-02,-1.056614816188812256e-01,1.599131375551223755e-01,-3.504876792430877686e-02,-1.322968304157257080e-01,6.165843829512596130e-02,7.302715629339218140e-02,1.564939022064208984e-01,4.987731203436851501e-02,-1.377239357680082321e-02,7.540874928236007690e-02
7.037682086229324341e-02,-1.453550457954406738e-01,-5.535656120628118515e-03,1.970664709806442261e-01,5.882605537772178650e-02,-3.494581580162048340e-02,6.196598336100578308e-02,-1.294561922550201416e-01,3.414849191904067993e-02,1.389293670654296875e-01,-1.344128996133804321e-01,1.351931691169738770e-01,-1.464198157191276550e-02,-3.403096273541450500e-02,1.298164427280426025e-01,8.443284034729003906e-02,-3.225501999258995056e-02,-9.864390641450881958e-02,-6.927346438169479370e-02,-6.232794746756553650e-02,-5.125197768211364746e-02,3.876163810491561890e-02,-1.846868991851806641e-01,-1.986846178770065308e-01,1.267597079277038574e-01,-1.086405590176582336e-01,-9.816154092550277710e-02,-1.475294586271047592e-02,-7.253790646791458130e-02,-1.438174513168632984e-03,-2.634604275226593018e-02,-1.281514111906290054e-02,-1.279084533452987671e-01,-2.165596932172775269e-02,9.528946876525878906e-02,-2.999156340956687927e-02,2.085589431226253510e-02,-4.096229374408721924e-02,-5.335336923599243164e-02,3.938437998294830322e-02,-1.050536241382360458e-02,-1.712981164455413818e-01,1.460357569158077240e-02,-9.245602414011955261e-03,-4.648583754897117615e-02,3.995611146092414856e-02,3.163543343544006348e-02,-2.997559495270252228e-02,5.729150027036666870e-02,-4.045401886105537415e-02,-1.599978059530258179e-01,3.197140991687774658e-02,8.704738691449165344e-03,-2.714437898248434067e-03,-1.226386353373527527e-01,1.603277176618576050e-01,-3.391163423657417297e-02,1.139022260904312134e-01,-4.906851798295974731e-02,-3.208895772695541382e-02,5.704648792743682861e-02,9.281925112009048462e-02,-1.041956320405006409e-01,-2.140448801219463348e-02,6.685519963502883911e-02,3.222873061895370483e-02,-9.363953024148941040e-02,-8.031228184700012207e-02,4.431744292378425598e-02,4.417664837092161179e-03,1.227789223194122314e-01,-3.641565516591072083e-02,-4.806537553668022156e-02,-1.405184622853994370e-02,3.088475205004215240e-02,-6.956489384174346924e-02,4.573604092001914978e-02,-8.685743063688278198e-02,1.339849084615707397e-01,-3.978928178548812866e-02,-4.435724020004272461e-02,2.112227082252502441e-01,-3.541639819741249084e-02,-1.466730535030364990e-01,-1.375140994787216187e-01,5.197471752762794495e-02,6.185013335198163986e-03,7.386779878288507462e-03,9.372387826442718506e-02,-9.009628742933273315e-02,-6.300099939107894897e-02,-1.251793000847101212e-02,3.121596761047840118e-03,1.772749722003936768e-01,-7.306566089391708374e-02,-8.870633319020271301e-03,8.374918252229690552e-03,-4.659137129783630371e-02,6.358187645673751831e-02,-8.138260245323181152e-02,2.529067546129226685e-02,-6.177821010351181030e-02,2.103033959865570068e-01,-4.085573926568031311e-02,2.218254841864109039e-02,7.948736846446990967e-02,-3.917444869875907898e-02,6.499810516834259033e-02,5.498022586107254028e-02,1.635761857032775879e-01,-5.667685717344284058e-02,5.364460498094558716e-02,3.310965746641159058e-02,1.176546737551689148e-01,-3.928019478917121887e-02,3.210083022713661194e-02,4.446969926357269287e-02,2.087203785777091980e-02,-1.793954670429229736e-01,2.271266430616378784e-01,2.031516283750534058e-03,-1.234356760978698730e-01,-6.528447847813367844e-03,4.811051860451698303e-02,1.612149626016616821e-01,7.966627925634384155e-02,-1.061937063932418823e-01,5.124144628643989563e-02
6.167815625667572021e-02,-1.606511771678924561e-01,-1.290398556739091873e-02,1.443994641304016113e-01,9.171095490455627441e-02,-3.523699194192886353e-02,3.763739392161369324e-02,-3.850228339433670044e-02,8.573225885629653931e-02,1.061839386820793152e-01,-1.481938958168029785e-01,1.413743644952774048e-01,-5.898839980363845825e-02,-1.738656498491764069e-02,8.898632973432540894e-02,1.190539523959159851e-01,-4.930016025900840759e-02,-9.975824505090713501e-02,-6.268356740474700928e-02,-8.347643166780471802e-02,-5.147760361433029175e-02,8.570585399866104126e-02,-1.809655874967575073e-01,-1.297100335359573364e-01,7.336297631263732910e-02,-1.188133955001831055e-01,-1.401576995849609375e-01,1.416390761733055115e-02,-1.192646548151969910e-01,-9.262465871870517731e-03,-4.952525254338979721e-03,-8.349619060754776001e-02,-1.692373305559158325e-01,-5.057211592793464661e-02,1.126231402158737183e-01,-4.400435835123062134e-02,1.321733929216861725e-02,-5.251953378319740295e-02,-3.230956569314002991e-02,2.245539613068103790e-02,-5.710812285542488098e-02,-1.275203973054885864e-01,-1.641674432903528214e-03,-3.054244443774223328e-02,-1.012771874666213989e-01,3.166981786489486694e-02,3.094347752630710602e-02,-2.384605817496776581e-02,3.722050786018371582e-02,-1.309797540307044983e-02,-1.580359041690826416e-01,9.278105199337005615e-02,6.150965765118598938e-02,-8.404520340263843536e-03,-1.169875934720039368e-01,1.262898892164230347e-01,-6.003681570291519165e-02,1.108008399605751038e-01,-1.076056957244873047e-01,-2.586878649890422821e-02,3.639316186308860779e-02,8.890776894986629486e-03,-5.683835595846176147e-02,-2.007132582366466522e-02,8.598525822162628174e-02,4.195013642311096191e-02,-2.132535353302955627e-02,2.670410554856061935e-03,3.009205311536788940e-02,-9.380129724740982056e-02,1.490068882703781128e-01,-8.129726350307464600e-02,-1.182579398155212402e-01,-8.784677088260650635e-02,7.178309839218854904e-03,-8.117077499628067017e-02,8.333287388086318970e-02,-4.691880568861961365e-02,1.482972502708435059e-01,-1.269370317459106445e-02,3.056901134550571442e-02,1.824259012937545776e-01,-7.497344631701707840e-03,-9.565093368291854858e-02,-1.438657939434051514e-01,-5.705294013023376465e-02,-2.587574161589145660e-02,3.600948676466941833e-02,8.685544878244400024e-02,-6.032848730683326721e-02,-9.557106345891952515e-02,-4.730211570858955383e-02,-9.176366962492465973e-03,1.453358680009841919e-01,-9.364975988864898682e-02,4.770942032337188721e-02,2.155732177197933197e-02,-5.360781773924827576e-02,6.612989306449890137e-02,-9.022755920886993408e-02,-1.912433654069900513e-02,-1.258089393377304077e-01,1.433951705694198608e-01,-4.779295995831489563e-02,1.615321263670921326e-02,1.028291806578636169e-01,-5.545086413621902466e-02,5.183146521449089050e-02,5.121360346674919128e-02,1.851646751165390015e-01,4.496233165264129639e-02,7.924156635999679565e-02,2.588617056608200073e-02,1.460556536912918091e-01,-7.208128273487091064e-02,6.989824771881103516e-02,8.003638684749603271e-02,4.932944104075431824e-02,-1.616854965686798096e-01,2.058407962322235107e-01,-4.546661395579576492e-03,-6.622208654880523682e-02,-1.421438530087471008e-02,9.306504391133785248e-03,1.779545098543167114e-01,7.834362983703613281e-02,-1.063948720693588257e-01,9.827814996242523193e-02
3.324682638049125671e-02,-1.827823072671890259e-01,3.801639005541801453e-02,1.662933528423309326e-01,1.117187142372131348e-01,-5.518513172864913940e-02,1.364195793867111206e-01,-7.797984033823013306e-02,2.203620970249176025e-02,1.255261711776256561e-02,-9.359847754240036011e-02,8.779399096965789795e-02,-2.365080080926418304e-02,-8.508176356554031372e-02,1.259179711341857910e-01,1.156831979751586914e-01,-1.302858348935842514e-02,-6.573411822319030762e-02,-5.419686436653137207e-02,-5.531054735183715820e-02,-2.247059950605034828e-03,6.997453421354293823e-02,-1.609504818916320801e-01,-1.295207142829895020e-01,9.287632256746292114e-02,-1.632843613624572754e-01,-8.849867433309555054e-02,7.556890603154897690e-03,-7.792838662862777710e-02,-6.319322437047958374e-02,-1.207761187106370926e-02,-7.733036577701568604e-02,-1.640145927667617798e-01,-9.344343841075897217e-02,9.610057622194290161e-02,-9.468591958284378052e-02,7.792179286479949951e-02,-4.189533740282058716e-02,-9.037342667579650879e-02,7.629377394914627075e-02,-5.857384949922561646e-02,-1.293543279170989990e-01,-1.391279697418212891e-02,5.556646268814802170e-03,-8.611422777175903320e-02,1.444047596305608749e-02,4.409160092473030090e-02,-1.426732633262872696e-02,8.276709914207458496e-02,-2.128515951335430145e-02,-1.518340408802032471e-01,2.093047462403774261e-02,1.186185888946056366e-02,-4.610930383205413818e-02,-1.315261125564575195e-01,1.664344370365142822e-01,-3.997462801635265350e-03,4.894411563873291016e-02,-7.877698540687561035e-02,-1.368591003119945526e-02,7.844004780054092407e-03,5.621555820107460022e-02,-8.273062296211719513e-03,4.762415960431098938e-02,5.947312712669372559e-02,1.334460526704788208e-01,2.406827546656131744e-02,8.649305440485477448e-03,8.244700729846954346e-02,-8.445949293673038483e-03,1.886770874261856079e-01,-1.233955174684524536e-01,-1.146070435643196106e-01,-7.162193208932876587e-02,2.584684174507856369e-03,-3.037478961050510406e-02,8.844973891973495483e-02,-1.148836761713027954e-01,1.259022057056427002e-01,-5.892020091414451599e-02,3.078666329383850098e-02,1.848341673612594604e-01,-1.416248735040426254e-02,-5.964188277721405029e-02,-1.354838907718658447e-01,1.202140352688729763e-03,6.644417345523834229e-02,3.307592868804931641e-02,8.751869201660156250e-02,-7.092590630054473877e-02,-8.604818582534790039e-02,-5.422776192426681519e-02,-5.933435261249542236e-02,1.670691072940826416e-01,-5.600798502564430237e-02,5.183275043964385986e-02,-2.606043033301830292e-02,-5.349387973546981812e-02,4.126962274312973022e-02,-4.671609401702880859e-02,-6.715460121631622314e-02,-1.219319254159927368e-01,1.714240610599517822e-01,-4.745940119028091431e-02,8.020709455013275146e-02,7.938804477453231812e-02,-1.036790609359741211e-01,5.916826799511909485e-02,6.662900745868682861e-02,1.332006007432937622e-01,-3.046672791242599487e-02,4.451618716120719910e-02,4.715759679675102234e-02,1.205378919839859009e-01,-7.258361577987670898e-02,8.018612861633300781e-02,4.751543328166007996e-02,2.550439350306987762e-02,-1.654381603002548218e-01,1.734275519847869873e-01,-6.687788409180939198e-04,-8.224255591630935669e-02,5.575436726212501526e-02,1.976478099822998047e-02,1.876265108585357666e-01,7.448642700910568237e-02,-9.481927007436752319e-02,6.899151206016540527e-02
4.705809801816940308e-02,-2.084436118602752686e-01,2.050942927598953247e-02,1.715952903032302856e-01,9.175349026918411255e-02,-3.438715264201164246e-02,1.521706283092498779e-01,-4.746326431632041931e-02,1.812040619552135468e-02,-5.778604652732610703e-03,-6.493857502937316895e-02,4.888691753149032593e-02,-3.322874754667282104e-02,-5.857103317975997925e-02,1.568608134984970093e-01,1.222362592816352844e-01,-6.838414818048477173e-02,-7.075101137161254883e-02,-4.097657650709152222e-02,-2.948825806379318237e-02,-6.102308398112654686e-04,7.930576056241989136e-02,-1.559411883354187012e-01,-9.753515571355819702e-02,1.114212796092033386e-01,-1.834161728620529175e-01,-1.015518531203269958e-01,4.860357567667961121e-02,-4.111761972308158875e-02,-6.667171418666839600e-02,2.818439155817031860e-03,-1.248736679553985596e-01,-1.488821655511856079e-01,-4.242364689707756042e-02,1.748773157596588135e-01,-4.892093688249588013e-02,3.520273789763450623e-02,-5.907214432954788208e-02,-6.261581182479858398e-02,8.705494552850723267e-02,-3.632088005542755127e-02,-8.467210084199905396e-02,1.753162709064781666e-03,1.208832021802663803e-02,-3.799242153763771057e-02,-1.912797428667545319e-02,6.175309419631958008e-02,-8.519598282873630524e-03,9.226036816835403442e-02,4.118805751204490662e-03,-1.451626420021057129e-01,6.514418404549360275e-03,3.692004829645156860e-02,-2.960930950939655304e-02,-1.211744174361228943e-01,1.513887643814086914e-01,-5.040510371327400208e-02,3.996672108769416809e-02,-8.784849196672439575e-02,6.121999584138393402e-03,5.612197145819664001e-02,8.461903780698776245e-02,1.189095526933670044e-02,1.291373558342456818e-02,8.035613596439361572e-02,1.494563519954681396e-01,-7.639435585588216782e-03,-3.271173685789108276e-02,4.620442539453506470e-02,-2.747980877757072449e-02,1.710406392812728882e-01,-1.008134633302688599e-01,-7.856491208076477051e-02,-1.041878461837768555e-01,-1.781137287616729736e-02,5.838174372911453247e-02,1.122793555259704590e-01,-9.375347197055816650e-02,1.289244294166564941e-01,-4.671350494027137756e-02,3.102666931226849556e-03,1.981792300939559937e-01,3.809446841478347778e-02,-2.128284424543380737e-02,-1.080347150564193726e-01,1.691774837672710419e-02,8.439666032791137695e-02,3.713154047727584839e-02,6.111078336834907532e-02,-8.172356337308883667e-02,-8.389493823051452637e-02,-3.863044828176498413e-02,-1.184794381260871887e-01,1.801877617835998535e-01,-3.227524086833000183e-02,-4.422898869961500168e-03,-3.715123608708381653e-02,-9.173858910799026489e-03,-2.475471049547195435e-02,-6.479640305042266846e-02,-7.118205726146697998e-02,-4.935937747359275818e-02,1.819442510604858398e-01,-5.910142883658409119e-02,8.985459059476852417e-02,6.045004352927207947e-02,-1.030865460634231567e-01,5.234196409583091736e-02,6.077297404408454895e-02,1.619067490100860596e-01,-6.601431965827941895e-02,6.628281623125076294e-02,6.366965174674987793e-02,1.163601875305175781e-01,-4.891825467348098755e-02,6.024162471294403076e-02,-1.334572955965995789e-02,-5.270910263061523438e-02,-1.640099436044692993e-01,1.708706319332122803e-01,3.609818872064352036e-03,-8.456301689147949219e-02,4.748568683862686157e-02,-1.907597878016531467e-03,2.021083235740661621e-01,5.538123846054077148e-02,-1.194723695516586304e-01,1.851715333759784698e-02
4.707148671150207520e-02,-1.708429902791976929e-01,2.435689792037010193e-02,1.443966478109359741e-01,1.071989163756370544e-01,-8.809079229831695557e-02,9.776973724365234375e-02,-6.009605526924133301e-02,4.523354396224021912e-02,4.880860447883605957e-02,-3.842926770448684692e-02,9.187567234039306641e-02,-4.434025287628173828e-02,-3.713062405586242676e-02,1.462965756654739380e-01,1.075057014822959900e-01,-3.748641163110733032e-02,-7.669863104820251465e-02,-1.450632791966199875e-02,-1.171464938670396805e-02,-9.211356751620769501e-03,5.441165342926979065e-02,-1.699351668357849121e-01,-1.158293336629867554e-01,6.798017024993896484e-02,-1.438356041908264160e-01,-7.269886136054992676e-02,4.943418130278587341e-02,-1.049613058567047119e-01,-1.811915636062622070e-02,-2.971381321549415588e-02,-9.935559332370758057e-02,-2.113159149885177612e-01,-6.524150073528289795e-02,1.677583754062652588e-01,-9.772768616676330566e-02,3.959862515330314636e-02,-6.558015942573547363e-02,-7.637295871973037720e-02,8.252131193876266479e-02,-5.233710631728172302e-02,-1.322151869535446167e-01,-2.456114999949932098e-02,5.796429514884948730e-02,-1.625857874751091003e-02,2.830226533114910126e-02,6.438283622264862061e-02,-5.559684708714485168e-02,7.518114149570465088e-02,1.092825364321470261e-02,-1.354777663946151733e-01,2.269949950277805328e-02,-5.028654122725129128e-04,-6.405041366815567017e-02,-1.425649821758270264e-01,1.186130419373512268e-01,-4.984881728887557983e-02,4.911787062883377075e-02,-8.666680008172988892e-02,2.272664755582809448e-02,2.316557057201862335e-02,7.872705906629562378e-02,-9.611894376575946808e-03,3.246206790208816528e-02,7.044985890388488770e-02,8.504726737737655640e-02,5.803829059004783630e-03,1.887030154466629028e-02,1.044529601931571960e-01,-4.077364131808280945e-02,1.745904386043548584e-01,-1.479377001523971558e-01,-1.110119298100471497e-01,-6.800971925258636475e-02,-4.733958467841148376e-02,1.162351109087467194e-02,1.279080212116241455e-01,-9.318666905164718628e-02,1.229282096028327942e-01,-1.142083480954170227e-02,-2.571169286966323853e-02,2.387022227048873901e-01,1.245422568172216415e-02,-8.338507264852523804e-02,-1.548343747854232788e-01,6.262870877981185913e-02,3.207156807184219360e-02,-1.686001941561698914e-02,8.971328288316726685e-02,-9.836458414793014526e-02,-8.491566032171249390e-02,-3.907060995697975159e-02,-7.216206938028335571e-02,9.915392100811004639e-02,-3.462050855159759521e-02,1.697489432990550995e-02,-2.697681821882724762e-02,-4.445203021168708801e-02,2.667607367038726807e-02,-2.862006239593029022e-02,-4.653134942054748535e-02,-7.571455091238021851e-02,1.881530433893203735e-01,-3.815732896327972412e-02,7.894220203161239624e-02,3.303968161344528198e-02,-9.748810529708862305e-02,2.719147317111492157e-02,1.060640364885330200e-01,1.576017737388610840e-01,-1.082901582121849060e-01,6.917535513639450073e-02,6.477471441030502319e-02,9.769770503044128418e-02,-9.729897975921630859e-02,7.396703958511352539e-02,2.381393313407897949e-02,-2.778584323823451996e-02,-1.868673413991928101e-01,1.320603191852569580e-01,4.275446757674217224e-02,-9.406904131174087524e-02,7.664901763200759888e-02,2.159219421446323395e-02,1.770256608724594116e-01,3.369534015655517578e-02,-9.130451083183288574e-02,3.128664940595626831e-02
1.471596583724021912e-02,-2.374520003795623779e-01,-1.214887294918298721e-02,7.837589085102081299e-02,1.367327719926834106e-01,-1.803511008620262146e-02,1.309724748134613037e-01,-2.972475439310073853e-02,1.377202719449996948e-01,-8.920030668377876282e-03,-1.800329238176345825e-02,1.774222254753112793e-01,-7.601616531610488892e-02,-4.864187911152839661e-02,1.573983579874038696e-01,1.114267781376838684e-01,-5.928353592753410339e-02,-5.053237453103065491e-02,2.251004055142402649e-02,-3.349203243851661682e-02,6.089262291789054871e-02,8.161389827728271484e-02,-1.531957238912582397e-01,-1.254532113671302795e-02,1.271064430475234985e-01,-1.493715047836303711e-01,-9.358982741832733154e-02,3.011758066713809967e-02,-6.617177277803421021e-02,-3.636058792471885681e-02,-2.217043377459049225e-02,-7.675038278102874756e-02,-2.610028088092803955e-01,-3.752176836133003235e-02,1.576453298330307007e-01,-6.015153229236602783e-02,4.586155992001295090e-03,-5.168927460908889771e-02,-5.350705236196517944e-02,-1.963104121387004852e-02,-1.390446536242961884e-02,-8.621256798505783081e-02,-1.127801835536956787e-02,6.923558562994003296e-02,-8.873534947633743286e-02,2.924588508903980255e-02,-4.461351409554481506e-02,1.161624956876039505e-02,3.691576421260833740e-02,-7.499639876186847687e-03,-1.502567827701568604e-01,-1.233339309692382812e-03,-7.781785679981112480e-04,9.276513941586017609e-03,-9.397450834512710571e-02,6.808064877986907959e-02,-5.965607613325119019e-02,9.514066576957702637e-02,-7.034853100776672363e-02,-1.026780810207128525e-03,5.556400120258331299e-02,1.012944430112838745e-01,1.000136602669954300e-02,-5.586933810263872147e-03,5.304118618369102478e-02,1.035805717110633850e-01,-2.775650704279541969e-03,-2.764318604022264481e-03,1.048770621418952942e-01,-2.246761508285999298e-02,2.262166291475296021e-01,-1.097780242562294006e-01,-1.326220333576202393e-01,-9.088180214166641235e-02,2.398442476987838745e-03,1.789086684584617615e-02,1.079857423901557922e-01,-1.130924895405769348e-01,1.396048963069915771e-01,2.957386150956153870e-02,1.042490974068641663e-01,1.353432387113571167e-01,7.788658142089843750e-02,-4.221773520112037659e-02,-1.277730427682399750e-02,7.218704372644424438e-02,5.450035259127616882e-02,-2.579629421234130859e-02,1.593709141016006470e-01,-8.093790709972381592e-02,-2.896134741604328156e-02,-5.010256916284561157e-02,1.928919367492198944e-02,6.085396185517311096e-02,1.275173708563670516e-04,-7.038362324237823486e-02,-2.317807078361511230e-02,-5.260134115815162659e-02,2.594143897294998169e-02,-6.662996113300323486e-02,-9.915468096733093262e-02,-8.633097261190414429e-02,1.529532670974731445e-01,-8.296003565192222595e-03,4.720176383852958679e-02,2.578806690871715546e-02,-5.771371349692344666e-02,7.405024766921997070e-02,1.091276556253433228e-01,1.492484956979751587e-01,-5.636041983962059021e-02,5.567861348390579224e-02,2.018135786056518555e-02,8.311717212200164795e-02,-6.517663598060607910e-02,8.329427987337112427e-02,1.148833408951759338e-01,-5.925677344202995300e-02,-1.661577522754669189e-01,1.244111880660057068e-01,1.115123480558395386e-01,-1.462221592664718628e-01,8.262713998556137085e-02,5.418016016483306885e-02,1.576702892780303955e-01,-2.215158939361572266e-02,-8.469527214765548706e-02,2.538170479238033295e-02
1.029987446963787079e-02,-1.605778932571411133e-01,4.109627753496170044e-02,1.528650522232055664e-01,1.238259747624397278e-01,-3.251278027892112732e-02,8.861415833234786987e-02,2.593270689249038696e-02,1.634728610515594482e-01,-2.609270811080932617e-02,-7.813318818807601929e-02,1.013371571898460388e-01,-8.450510352849960327e-02,-7.679729908704757690e-02,1.163430511951446533e-01,8.262094855308532715e-02,-9.561749547719955444e-02,-2.074663713574409485e-02,-1.509698666632175446e-02,-9.499036706984043121e-03,8.133341372013092041e-02,8.606054633855819702e-02,-1.562629640102386475e-01,-2.284643240272998810e-02,1.381577402353286743e-01,-1.413316428661346436e-01,-6.758566945791244507e-02,2.457019686698913574e-02,-7.056427001953125000e-02,-2.477352879941463470e-02,-4.643586277961730957e-02,-6.041541695594787598e-02,-2.412747293710708618e-01,-2.090818062424659729e-02,1.289156079292297363e-01,-7.828769087791442871e-02,8.264994248747825623e-03,-1.120905727148056030e-01,-4.149686545133590698e-02,-2.283997833728790283e-02,3.181088715791702271e-02,-3.832315653562545776e-02,-3.837680444121360779e-02,4.930072464048862457e-03,-1.198944598436355591e-01,4.706316813826560974e-02,-1.244825199246406555e-01,-9.936237707734107971e-03,1.186186000704765320e-01,5.070909857749938965e-02,-1.274382770061492920e-01,-5.570951849222183228e-03,-3.547269478440284729e-02,-6.221576407551765442e-02,-1.295321732759475708e-01,3.776228055357933044e-02,-4.521244764328002930e-02,4.499923065304756165e-02,-9.514951705932617188e-02,1.442924607545137405e-02,2.232192084193229675e-02,1.156693398952484131e-01,1.435241848230361938e-02,2.868893556296825409e-02,-2.336368896067142487e-03,1.033046618103981018e-01,3.140148520469665527e-02,-4.985951259732246399e-02,1.028182879090309143e-01,-1.279650535434484482e-02,2.095444202423095703e-01,-8.504984527826309204e-02,-7.406706362962722778e-02,-4.717541858553886414e-02,-1.654715090990066528e-02,6.943389028310775757e-02,1.007987856864929199e-01,-1.180257424712181091e-01,1.377875506877899170e-01,-3.189579769968986511e-02,5.754844844341278076e-02,1.218322739005088806e-01,4.502997174859046936e-02,-1.203252226114273071e-01,-4.623131453990936279e-02,5.992122367024421692e-02,7.671051472425460815e-02,-9.832289814949035645e-02,1.464165449142456055e-01,-4.338572174310684204e-02,6.632134900428354740e-04,-1.948003843426704407e-02,-1.318258419632911682e-02,2.907167561352252960e-02,-1.634039543569087982e-02,-4.876244440674781799e-02,-3.007099591195583344e-02,-5.213713645935058594e-02,4.698520153760910034e-02,-9.494194760918617249e-03,-1.332374662160873413e-01,-1.132848411798477173e-01,1.322734802961349487e-01,-3.410950675606727600e-02,5.518361181020736694e-02,-5.695653334259986877e-02,-5.309212952852249146e-02,1.485834419727325439e-01,8.243235200643539429e-02,1.703675687313079834e-01,-3.660194948315620422e-02,6.507504731416702271e-02,-1.787270046770572662e-02,1.042485386133193970e-01,-1.101140081882476807e-01,1.238080933690071106e-01,1.473004221916198730e-01,-7.342163939028978348e-03,-1.696887463331222534e-01,2.748863957822322845e-02,1.264004707336425781e-01,-1.087421178817749023e-01,8.370669931173324585e-02,4.559549316763877869e-02,2.144438177347183228e-01,-8.064775913953781128e-02,-4.323932155966758728e-02,1.961384899914264679e-02
8.074297010898590088e-02,-1.868058741092681885e-01,5.858684331178665161e-02,1.464214324951171875e-01,1.383136957883834839e-01,-4.105800762772560120e-02,1.088974326848983765e-01,-2.827005274593830109e-02,1.502220630645751953e-01,-3.938990831375122070e-02,-5.116375163197517395e-02,1.293549686670303345e-01,-7.247623056173324585e-02,-6.191839650273323059e-02,1.629156172275543213e-01,7.298115640878677368e-02,-7.804312556982040405e-02,-2.055603265762329102e-02,1.712444121949374676e-03,1.670390740036964417e-02,5.082287266850471497e-02,7.397986203432083130e-02,-8.604694157838821411e-02,-2.008067443966865540e-02,1.189600750803947449e-01,-1.462560296058654785e-01,-4.055659472942352295e-02,-1.041620690375566483e-02,-9.408389776945114136e-02,-2.638612873852252960e-02,-7.995835691690444946e-02,-8.298059552907943726e-02,-2.409017831087112427e-01,-2.957950718700885773e-02,1.445725262165069580e-01,-2.084685489535331726e-02,1.175901386886835098e-02,-8.154333382844924927e-02,-1.578717306256294250e-02,3.073629364371299744e-02,2.107336744666099548e-02,-4.247533902525901794e-02,-4.817886650562286377e-02,-4.079091176390647888e-02,-1.332123130559921265e-01,7.012465596199035645e-02,-5.954423174262046814e-02,4.401668906211853027e-02,9.093673527240753174e-02,1.450679358094930649e-02,-1.326702833175659180e-01,2.510268613696098328e-02,-1.462369970977306366e-02,-8.926284313201904297e-02,-1.342386901378631592e-01,6.844972819089889526e-02,6.951689254492521286e-03,4.835086315870285034e-02,-9.794117510318756104e-02,2.486291900277137756e-02,1.513866474851965904e-03,1.472943127155303955e-01,5.940255895256996155e-02,5.981785431504249573e-02,5.163216963410377502e-02,1.101004928350448608e-01,6.487097591161727905e-02,-2.521264739334583282e-02,8.349879831075668335e-02,-6.959475576877593994e-03,2.013414502143859863e-01,-9.340804815292358398e-02,-6.959078460931777954e-02,5.221810657531023026e-03,1.285307854413986206e-02,5.082488432526588440e-02,1.047362908720970154e-01,-1.357517093420028687e-01,1.514323651790618896e-01,-3.773393109440803528e-02,-1.242636353708803654e-04,1.451753675937652588e-01,1.338096708059310913e-02,-1.186245456337928772e-01,-4.296719655394554138e-02,4.650823771953582764e-02,8.463813364505767822e-02,-6.356736272573471069e-02,9.103338420391082764e-02,-7.443372160196304321e-02,3.571230219677090645e-03,-8.486650139093399048e-02,-2.881173975765705109e-02,4.077050462365150452e-02,-1.787711679935455322e-02,-5.318101495504379272e-02,-1.474479399621486664e-02,-7.010335475206375122e-02,-9.625094942748546600e-03,-4.028232023119926453e-02,-6.735435128211975098e-02,-5.883761867880821228e-02,1.394737511873245239e-01,-3.753771260380744934e-02,4.067829251289367676e-02,-5.105891078710556030e-02,-4.753091931343078613e-02,1.042776629328727722e-01,9.590896964073181152e-02,1.690175533294677734e-01,-4.447757825255393982e-02,7.125797122716903687e-02,-8.694530697539448738e-04,8.902698755264282227e-02,-1.223482266068458557e-01,1.490415632724761963e-01,1.214728802442550659e-01,-3.611807152628898621e-02,-1.789271980524063110e-01,7.900821417570114136e-02,1.402937024831771851e-01,-7.937573641538619995e-02,7.874903082847595215e-02,7.010283321142196655e-02,2.189137786626815796e-01,-4.118097573518753052e-02,-1.091765314340591431e-01,-3.048738464713096619e-02
6.830417364835739136e-02,-2.012957334518432617e-01,3.799012675881385803e-02,1.212313324213027954e-01,1.275656670331954956e-01,-6.079192459583282471e-02,1.094411537051200867e-01,-1.437840238213539124e-02,1.485081166028976440e-01,-5.167851969599723816e-02,-4.539993777871131897e-02,1.242692172527313232e-01,-8.185021579265594482e-02,-5.394966527819633484e-02,1.728487461805343628e-01,6.746315956115722656e-02,-8.293835073709487915e-02,-5.424992367625236511e-02,1.244076155126094818e-02,-4.099487327039241791e-03,2.538431901484727859e-03,1.121714040637016296e-01,-8.782173693180084229e-02,-1.065984275192022324e-02,1.262870579957962036e-01,-1.494448184967041016e-01,-4.631112888455390930e-02,-3.399104578420519829e-03,-8.435440808534622192e-02,-4.215184971690177917e-02,-7.186914980411529541e-02,-8.273330330848693848e-02,-2.219358980655670166e-01,-4.565421864390373230e-02,1.616222560405731201e-01,-2.182784676551818848e-02,2.115678228437900543e-02,-5.307139083743095398e-02,6.485643680207431316e-04,2.973841130733489990e-02,-6.430845241993665695e-03,-5.409628525376319885e-02,-4.445333406329154968e-02,-3.860109299421310425e-02,-1.303441971540451050e-01,7.092694938182830811e-02,-5.133211240172386169e-02,3.135538473725318909e-02,6.872913241386413574e-02,4.177268128842115402e-03,-1.463188827037811279e-01,9.009663946926593781e-03,-1.350113749504089355e-02,-7.286948710680007935e-02,-1.219500154256820679e-01,9.101374447345733643e-02,-3.523024171590805054e-02,6.603392958641052246e-02,-1.199973300099372864e-01,2.723345160484313965e-02,-3.272147849202156067e-02,1.298395693302154541e-01,7.307358086109161377e-02,8.219373971223831177e-02,3.125755116343498230e-02,1.152750253677368164e-01,4.729169234633445740e-02,-4.281643778085708618e-02,7.320245355367660522e-02,-5.983855109661817551e-03,1.721025854349136353e-01,-7.878731191158294678e-02,-8.290320634841918945e-02,-3.586741164326667786e-02,2.064612321555614471e-02,6.518155336380004883e-02,1.211452856659889221e-01,-1.363883763551712036e-01,1.546071916818618774e-01,-3.083234280347824097e-02,3.335563465952873230e-02,1.554089486598968506e-01,5.412440747022628784e-02,-9.435061365365982056e-02,-3.687551990151405334e-02,5.618781596422195435e-02,1.019066795706748962e-01,-5.149951204657554626e-02,1.102928891777992249e-01,-5.324763804674148560e-02,1.744918897747993469e-02,-7.695262134075164795e-02,3.755026310682296753e-02,4.004254937171936035e-02,-3.083714470267295837e-02,-8.274330943822860718e-02,2.037098631262779236e-03,-7.465481013059616089e-02,2.603198960423469543e-02,-2.670924738049507141e-02,-8.558973670005798340e-02,-8.638561517000198364e-02,1.210724636912345886e-01,-5.350396037101745605e-02,1.609364710748195648e-02,-9.049873799085617065e-03,-4.009788110852241516e-02,1.275877207517623901e-01,7.202627509832382202e-02,1.409142911434173584e-01,-8.987963199615478516e-02,8.822154253721237183e-02,1.491096615791320801e-02,9.729155898094177246e-02,-1.002545133233070374e-01,1.178888082504272461e-01,1.400156766176223755e-01,-4.095083102583885193e-02,-2.161403596401214600e-01,9.317921847105026245e-02,9.708541631698608398e-02,-1.190867051482200623e-01,8.365476131439208984e-02,7.480409741401672363e-02,1.937271654605865479e-01,-1.058309152722358704e-02,-8.961788564920425415e-02,-2.977880835533142090e-02
4.948098212480545044e-02,-2.248744070529937744e-01,6.719590723514556885e-02,1.285864710807800293e-01,1.120303943753242493e-01,-4.846805706620216370e-02,1.218967363238334656e-01,-4.850704222917556763e-02,1.531390547752380371e-01,-5.387008935213088989e-02,-5.542833358049392700e-02,1.472768187522888184e-01,-1.057905480265617371e-01,-7.638635486364364624e-02,1.392398327589035034e-01,6.158808246254920959e-02,-9.062331169843673706e-02,-4.885092005133628845e-02,1.334719127044081688e-03,-1.245701126754283905e-02,3.414862975478172302e-02,8.753844350576400757e-02,-6.276571005582809448e-02,-3.904743352904915810e-03,1.419713050127029419e-01,-1.398442685604095459e-01,-1.194756757467985153e-02,1.186550781130790710e-02,-9.680568426847457886e-02,-5.325093865394592285e-02,-8.100758492946624756e-02,-4.762437939643859863e-02,-1.972456127405166626e-01,6.886315532028675079e-03,1.459582149982452393e-01,9.326318395324051380e-04,3.340194234624505043e-03,-6.079713627696037292e-02,-3.872164338827133179e-02,-3.201585263013839722e-03,2.823053859174251556e-02,-7.167956233024597168e-02,-2.273179031908512115e-02,-5.126988887786865234e-02,-1.565278023481369019e-01,8.844839036464691162e-02,-3.082505613565444946e-02,6.452097743749618530e-02,5.099012702703475952e-02,2.157306298613548279e-03,-1.199318841099739075e-01,1.026714500039815903e-02,-1.525312196463346481e-03,-9.397722780704498291e-02,-7.828143239021301270e-02,8.185773342847824097e-02,-3.002398461103439331e-02,7.377016544342041016e-02,-1.475024819374084473e-01,8.533763885498046875e-02,-2.346364408731460571e-02,1.072420179843902588e-01,8.491726964712142944e-02,4.695098474621772766e-02,3.718484565615653992e-02,8.996663242578506470e-02,4.919129982590675354e-02,-4.365571588277816772e-02,1.068433374166488647e-01,-3.187698870897293091e-02,1.893392056226730347e-01,-9.025556594133377075e-02,-9.047717601060867310e-02,-3.124357387423515320e-02,3.277687821537256241e-03,5.803275108337402344e-02,7.808335870504379272e-02,-1.067030653357505798e-01,1.460257917642593384e-01,-2.827101945877075195e-02,3.119231015443801880e-02,1.640646904706954956e-01,5.931710451841354370e-02,-1.327990293502807617e-01,-4.588514938950538635e-02,6.603607535362243652e-02,8.545840531587600708e-02,-6.596069782972335815e-02,1.056539192795753479e-01,-4.748453572392463684e-02,-4.560269787907600403e-02,-6.351087242364883423e-02,3.404930233955383301e-02,6.337922066450119019e-02,-2.219898812472820282e-02,-6.674881279468536377e-02,2.451615873724222183e-03,-6.525931507349014282e-02,3.739718720316886902e-02,-1.889225654304027557e-02,-1.187083497643470764e-01,-4.925162717700004578e-02,1.418950408697128296e-01,-1.495779771357774734e-02,6.314723193645477295e-02,-6.576933898031711578e-03,-4.108267650008201599e-02,1.249100565910339355e-01,9.955174475908279419e-02,1.512733101844787598e-01,-7.616432011127471924e-02,6.462679803371429443e-02,-4.384245723485946655e-02,8.922783285379409790e-02,-1.001736670732498169e-01,9.676328301429748535e-02,1.290568411350250244e-01,1.242095977067947388e-02,-1.830384582281112671e-01,4.971063882112503052e-02,1.629183888435363770e-01,-1.258840560913085938e-01,7.689170539379119873e-02,6.318426132202148438e-02,2.077837884426116943e-01,-1.441045105457305908e-02,-7.503932714462280273e-02,-2.775577642023563385e-02
4.568139463663101196e-02,-1.880604624748229980e-01,4.541332274675369263e-02,9.973461925983428955e-02,1.300370842218399048e-01,-4.725350812077522278e-02,1.111315116286277771e-01,-1.891258545219898224e-02,1.202142462134361267e-01,-1.747933775186538696e-02,-1.355202961713075638e-02,1.010644361376762390e-01,-9.322744607925415039e-02,-6.840451061725616455e-02,1.520840078592300415e-01,6.298428773880004883e-02,-1.059731170535087585e-01,-6.118581816554069519e-02,5.385254323482513428e-02,-2.385666035115718842e-02,4.519494250416755676e-02,7.884667068719863892e-02,-1.216081529855728149e-01,3.872884809970855713e-02,1.244001612067222595e-01,-1.321504265069961548e-01,-2.153842896223068237e-02,1.628073677420616150e-02,-1.096233949065208435e-01,1.407742965966463089e-03,-8.376625180244445801e-02,-3.652924299240112305e-02,-2.239437997341156006e-01,-5.346916243433952332e-02,1.419146806001663208e-01,7.696381211280822754e-02,1.311467494815587997e-03,-4.621789231896400452e-02,-3.121985355392098427e-04,1.206840481609106064e-02,5.558708216995000839e-03,-7.671886682510375977e-02,-3.541441634297370911e-02,-1.126968637108802795e-01,-1.693825721740722656e-01,7.528284937143325806e-02,-3.802873194217681885e-03,6.195532903075218201e-02,4.259774461388587952e-02,3.637159988284111023e-02,-1.335840225219726562e-01,4.457508400082588196e-02,-2.940637059509754181e-02,-6.695976853370666504e-02,-8.842501044273376465e-02,8.143536001443862915e-02,-7.164148241281509399e-02,2.796367183327674866e-02,-1.795441955327987671e-01,3.928045183420181274e-02,-8.043422363698482513e-03,1.117813810706138611e-01,6.883932650089263916e-02,5.715221539139747620e-02,5.586588010191917419e-02,7.635291665792465210e-02,-1.547622680664062500e-02,-4.396585002541542053e-02,1.082484200596809387e-01,3.455070033669471741e-02,1.697671562433242798e-01,-1.312160193920135498e-01,-6.716825067996978760e-02,2.264430560171604156e-02,4.023218527436256409e-02,6.095832958817481995e-02,7.706716656684875488e-02,-1.425369381904602051e-01,1.540748625993728638e-01,1.821261271834373474e-02,-2.310390584170818329e-02,1.730295419692993164e-01,7.946237921714782715e-02,-1.112893074750900269e-01,2.939353929832577705e-03,6.462577730417251587e-02,3.318502753973007202e-02,-7.091329246759414673e-02,1.076931506395339966e-01,-4.345327243208885193e-02,4.093715548515319824e-02,-6.116234138607978821e-02,3.021544218063354492e-02,5.051318183541297913e-02,-1.332655083388090134e-02,-4.773300141096115112e-02,-1.167596783488988876e-03,-4.652826115489006042e-02,3.070207126438617706e-02,-4.683876410126686096e-02,-2.920922636985778809e-02,-3.927624598145484924e-02,1.390864998102188110e-01,1.193459238857030869e-02,-1.697980239987373352e-02,2.778572402894496918e-02,-2.182651683688163757e-02,8.313920348882675171e-02,1.066266149282455444e-01,1.835219264030456543e-01,-7.006290555000305176e-02,7.039617002010345459e-02,-4.068802297115325928e-02,8.780308067798614502e-02,-1.150936409831047058e-01,1.352995187044143677e-01,1.710587590932846069e-01,-1.686321943998336792e-02,-2.007674425840377808e-01,6.561036407947540283e-02,1.352649778127670288e-01,-9.277518093585968018e-02,4.834011942148208618e-02,1.286216676235198975e-01,1.947682201862335205e-01,2.551423152908682823e-03,-8.163965493440628052e-02,-4.985266923904418945e-02
4.365173354744911194e-02,-1.680220514535903931e-01,6.278348714113235474e-02,1.116731092333793640e-01,1.527676135301589966e-01,-7.310730218887329102e-02,1.087520942091941833e-01,-4.330305382609367371e-02,1.192169338464736938e-01,-2.986494824290275574e-02,-4.665222764015197754e-02,8.410604298114776611e-02,-8.836182206869125366e-02,-5.432783439755439758e-02,1.468245387077331543e-01,5.540613830089569092e-02,-1.092122495174407959e-01,-3.458027541637420654e-02,7.587923668324947357e-03,-2.860046364367008209e-02,1.118254382163286209e-02,8.445276319980621338e-02,-1.278288811445236206e-01,4.757513478398323059e-02,1.426061391830444336e-01,-1.446255147457122803e-01,-8.604104071855545044e-02,2.556931413710117340e-02,-9.030726552009582520e-02,-6.817030161619186401e-02,-9.305104613304138184e-02,-6.063902378082275391e-02,-2.380170226097106934e-01,-1.020085215568542480e-01,1.943650394678115845e-01,2.034739218652248383e-02,8.513621054589748383e-03,-7.389181107282638550e-02,-1.432495098561048508e-02,3.449943661689758301e-02,3.493719547986984253e-02,-9.241492301225662231e-02,-4.973666742444038391e-02,-7.160256057977676392e-02,-1.022039800882339478e-01,1.035960465669631958e-01,-2.607822604477405548e-02,6.375631690025329590e-02,4.678327962756156921e-02,6.198440212756395340e-03,-1.366010159254074097e-01,2.416603080928325653e-02,-5.781540181487798691e-03,-9.931375831365585327e-02,-6.666261702775955200e-02,8.618507534265518188e-02,-4.008943587541580200e-02,3.675079345703125000e-02,-1.816691160202026367e-01,2.224515751004219055e-02,-1.498029567301273346e-02,7.398513704538345337e-02,8.498309552669525146e-02,1.198824960738420486e-02,4.335097223520278931e-02,5.614536255598068237e-02,1.337070763111114502e-02,-7.220527529716491699e-02,4.171969369053840637e-02,-3.210978582501411438e-02,2.061607539653778076e-01,-1.112218648195266724e-01,-6.501132994890213013e-02,-2.925746515393257141e-02,2.967619337141513824e-02,7.765962928533554077e-02,8.187700062990188599e-02,-1.326906532049179077e-01,8.802760392427444458e-02,7.301684934645891190e-03,-2.406374784186482430e-03,1.839371323585510254e-01,3.810324519872665405e-02,-8.342512696981430054e-02,9.573756833560764790e-04,6.478897482156753540e-02,6.894756108522415161e-02,-8.636598289012908936e-02,1.144380718469619751e-01,-2.635549940168857574e-02,3.441281616687774658e-02,-9.193196892738342285e-03,3.369092568755149841e-02,7.859384268522262573e-02,-3.624446317553520203e-02,-6.896684318780899048e-02,2.009990625083446503e-02,-5.066878348588943481e-02,7.107555866241455078e-02,-2.324307896196842194e-02,-7.265521585941314697e-02,-2.666603401303291321e-02,1.717628687620162964e-01,5.951478611677885056e-03,-3.436367586255073547e-02,7.095620967447757721e-03,2.858341671526432037e-03,9.447848796844482422e-02,9.935095161199569702e-02,1.836896091699600220e-01,-8.389884978532791138e-02,5.563922598958015442e-02,-8.675270713865756989e-03,1.128462478518486023e-01,-1.095492467284202576e-01,8.193069696426391602e-02,1.129414588212966919e-01,-2.353939972817897797e-02,-2.256971001625061035e-01,7.228747010231018066e-02,1.245315000414848328e-01,-1.419759839773178101e-01,1.506036706268787384e-02,3.387952968478202820e-02,1.810303032398223877e-01,3.345784172415733337e-02,-9.788922965526580811e-02,-1.138130552135407925e-03
1.248854678124189377e-02,-2.141133695840835571e-01,1.212662085890769958e-02,1.244650781154632568e-01,1.499586999416351318e-01,-5.436436086893081665e-02,1.474791169166564941e-01,6.775003857910633087e-03,1.298542320728302002e-01,1.642183400690555573e-02,-4.732223600149154663e-02,1.242733225226402283e-01,-1.318844109773635864e-01,-4.151849448680877686e-02,1.330033689737319946e-01,-2.135422267019748688e-02,-8.767943084239959717e-02,-5.284420028328895569e-02,5.537073127925395966e-03,-2.304488793015480042e-02,-3.661528602242469788e-02,1.036081463098526001e-01,-1.679570674896240234e-01,2.300141751766204834e-02,1.277619749307632446e-01,-7.976761460304260254e-02,-1.271120607852935791e-01,7.598749548196792603e-02,-1.037550270557403564e-01,-6.786412745714187622e-02,-3.887097537517547607e-02,-7.801187783479690552e-02,-1.997534483671188354e-01,-6.487730890512466431e-02,1.597398221492767334e-01,-5.858844518661499023e-02,-1.758316531777381897e-02,1.499577518552541733e-02,-4.933591559529304504e-02,2.231485769152641296e-02,2.113508433103561401e-02,-1.028970256447792053e-01,2.506716363131999969e-02,-4.831610247492790222e-03,-1.305836290121078491e-01,8.587897568941116333e-02,-3.255179151892662048e-02,6.578919291496276855e-02,-2.290016598999500275e-02,-4.488836973905563354e-02,-1.423095464706420898e-01,1.515823509544134140e-02,4.916251078248023987e-02,-7.421208918094635010e-02,-5.534534528851509094e-02,1.520783454179763794e-01,-8.303052932024002075e-02,7.728231698274612427e-02,-1.202364414930343628e-01,1.595178269781172276e-03,2.439932525157928467e-02,5.092830583453178406e-02,4.472649097442626953e-02,-3.403586149215698242e-02,4.377189651131629944e-02,7.733126729726791382e-02,3.466799482703208923e-02,-1.817534491419792175e-02,4.914914071559906006e-02,-6.945461034774780273e-02,1.847847998142242432e-01,-6.994558125734329224e-02,-1.446795314550399780e-01,-3.772173542529344559e-03,-1.956338621675968170e-02,1.312671303749084473e-01,4.449190199375152588e-02,-9.120498597621917725e-02,8.598078787326812744e-02,7.335019111633300781e-02,1.697906479239463806e-02,1.778489798307418823e-01,1.654409617185592651e-02,5.868053995072841644e-03,-3.789091482758522034e-02,7.834756746888160706e-03,1.283212751150131226e-01,-5.789812281727790833e-02,1.427291780710220337e-01,-4.214014485478401184e-02,3.520359843969345093e-02,3.699410334229469299e-02,2.867647074162960052e-02,9.525670856237411499e-02,-1.599773648194968700e-03,-6.183758378028869629e-02,-7.006633561104536057e-03,3.172565251588821411e-02,5.715760588645935059e-02,-2.501009963452816010e-02,-1.537437736988067627e-02,-2.284615300595760345e-02,2.049221396446228027e-01,7.991901598870754242e-03,-4.744187172036617994e-04,-1.789097301661968231e-02,-1.604185556061565876e-03,7.210495322942733765e-02,8.268672972917556763e-02,1.159155219793319702e-01,-4.930138960480690002e-02,9.564211592078208923e-03,7.334692776203155518e-02,1.289389580488204956e-01,-1.083818301558494568e-01,4.124195128679275513e-02,1.187904998660087585e-01,-3.277304768562316895e-02,-1.644041538238525391e-01,1.457318961620330811e-01,1.014569923281669617e-01,-2.570608556270599365e-01,-3.224239125847816467e-02,3.425229107961058617e-03,1.342474222183227539e-01,9.155284613370895386e-02,-2.859985455870628357e-02,4.213797673583030701e-02
1.009852737188339233e-01,-2.428528964519500732e-01,3.257296234369277954e-02,1.738593727350234985e-01,5.888699740171432495e-02,-9.974131733179092407e-02,9.670648723840713501e-02,-1.174001246690750122e-01,4.104883223772048950e-02,7.633256725966930389e-03,-8.659554272890090942e-02,4.543873295187950134e-02,-2.879503928124904633e-02,-2.515150234103202820e-02,1.366412788629531860e-01,6.927096098661422729e-02,-2.299376018345355988e-02,-8.316435664892196655e-02,-4.277480021119117737e-02,5.116645246744155884e-02,1.197917759418487549e-02,3.992225974798202515e-02,-1.485525518655776978e-01,-1.354416608810424805e-01,1.094357967376708984e-01,-1.761457920074462891e-01,-2.305346913635730743e-02,-3.062321804463863373e-02,-6.604480743408203125e-02,-3.308345377445220947e-02,-3.337574005126953125e-02,-8.257516473531723022e-02,-1.520238816738128662e-01,-6.136248260736465454e-02,1.266769915819168091e-01,-6.001735106110572815e-02,1.687652617692947388e-02,-4.239663109183311462e-02,-1.007869765162467957e-01,5.982268601655960083e-02,4.846136644482612610e-02,-1.158028095960617065e-01,-2.292502485215663910e-02,5.659784004092216492e-02,-2.874616719782352448e-02,7.307203114032745361e-02,-2.514419704675674438e-02,-6.013121083378791809e-02,9.368280321359634399e-02,3.760853037238121033e-02,-1.373874545097351074e-01,-3.660580143332481384e-02,1.890535093843936920e-02,1.191258896142244339e-02,-1.153031140565872192e-01,1.179676204919815063e-01,-9.466388262808322906e-03,1.072181016206741333e-01,-7.030764222145080566e-02,-5.340935289859771729e-02,5.981407314538955688e-02,1.044913232326507568e-01,5.042474251240491867e-03,-1.153649482876062393e-02,2.173417434096336365e-02,1.141088232398033142e-01,-2.044157311320304871e-02,-8.109025657176971436e-02,8.263640850782394409e-02,-7.459532469511032104e-02,1.388856619596481323e-01,-5.344974994659423828e-02,-6.778318434953689575e-02,-7.828778028488159180e-02,-2.026125043630599976e-02,-1.462479401379823685e-02,2.261666394770145416e-02,-8.493899554014205933e-02,1.073081418871879578e-01,-9.926392883062362671e-02,-1.575941778719425201e-02,2.301621288061141968e-01,-5.695465486496686935e-03,-8.322690427303314209e-02,-1.204596981406211853e-01,7.073254138231277466e-02,6.503790616989135742e-02,3.676286339759826660e-02,8.982229232788085938e-02,-1.238138079643249512e-01,-8.794382959604263306e-02,-2.941365540027618408e-02,-4.596435651183128357e-02,2.304777204990386963e-01,-3.039286844432353973e-02,-1.039362396113574505e-03,-6.388586014509201050e-02,-7.747714966535568237e-02,4.091354832053184509e-02,-3.898918628692626953e-02,-5.827245861291885376e-02,-6.587635725736618042e-02,1.660728901624679565e-01,-9.463812410831451416e-02,6.677484512329101562e-02,4.265114665031433105e-02,-1.183153688907623291e-01,9.113761782646179199e-02,5.053179711103439331e-02,1.765125691890716553e-01,-8.270111680030822754e-02,6.664174795150756836e-02,5.446291062980890274e-03,1.051251962780952454e-01,-5.069211497902870178e-02,7.939218729734420776e-02,1.487956941127777100e-02,-3.744571283459663391e-02,-1.756331473588943481e-01,1.583799272775650024e-01,9.386145509779453278e-03,-9.273956716060638428e-02,3.209720551967620850e-02,2.059847302734851837e-02,1.718452274799346924e-01,4.194076638668775558e-03,-1.121601164340972900e-01,2.531360276043415070e-02
1.025518774986267090e-01,-2.446206659078598022e-01,-3.605897352099418640e-02,1.448300033807754517e-01,6.659734249114990234e-02,-2.421490661799907684e-02,9.668217599391937256e-02,-1.072710081934928894e-01,4.016755148768424988e-02,2.318883873522281647e-02,-9.909552335739135742e-02,1.053278148174285889e-01,-6.514766812324523926e-02,-4.328327625989913940e-02,1.398897618055343628e-01,1.182371675968170166e-01,-1.157108917832374573e-01,-8.177682012319564819e-02,-4.325381293892860413e-02,-3.684590803459286690e-03,5.877184122800827026e-02,3.126017004251480103e-02,-1.061967015266418457e-01,-1.322939097881317139e-01,1.404194980859756470e-01,-1.798833459615707397e-01,-8.149693161249160767e-02,2.613542973995208740e-02,-1.002682596445083618e-01,-3.489448130130767822e-02,-7.917332649230957031e-02,-6.916668266057968140e-02,-1.245770752429962158e-01,-2.919140271842479706e-02,1.451209038496017456e-01,-4.203933849930763245e-02,4.250088706612586975e-02,5.615635775029659271e-03,-9.518412500619888306e-02,4.169112816452980042e-02,-2.338314428925514221e-02,-8.974758535623550415e-02,-7.615537382662296295e-03,8.663583546876907349e-02,-2.267433702945709229e-02,3.490607813000679016e-02,4.398779943585395813e-02,-3.114229813218116760e-02,8.158533275127410889e-02,-6.049598101526498795e-03,-1.405687779188156128e-01,1.472828444093465805e-02,4.132442548871040344e-02,1.664791628718376160e-02,-1.230234131217002869e-01,1.328197270631790161e-01,1.212858501821756363e-02,3.922417759895324707e-02,-6.938590109348297119e-02,-2.573997154831886292e-02,6.394445151090621948e-02,1.244557648897171021e-01,-2.142418175935745239e-02,-2.850010991096496582e-02,5.142667517066001892e-02,1.038979068398475647e-01,-5.327668040990829468e-03,-1.007269695401191711e-01,7.181021571159362793e-02,-3.695304691791534424e-02,1.563682109117507935e-01,-7.716435939073562622e-02,-1.524773389101028442e-01,-1.112931519746780396e-01,-2.802928211167454720e-03,5.019025877118110657e-02,9.371173381805419922e-02,-6.554777920246124268e-02,1.862419843673706055e-01,-7.417078316211700439e-02,-2.148882672190666199e-02,1.851408034563064575e-01,2.792285522446036339e-03,-4.721765220165252686e-02,-6.622328609228134155e-02,5.450504273176193237e-02,6.641563028097152710e-02,3.539423644542694092e-02,1.074774339795112610e-01,-1.058094576001167297e-01,-1.049176454544067383e-01,-3.223499655723571777e-02,-4.422287642955780029e-02,2.017354816198348999e-01,-9.180281311273574829e-02,-4.789006710052490234e-02,-2.114744298160076141e-02,-6.360354274511337280e-02,3.171754255890846252e-02,-4.157225042581558228e-02,-7.773914188146591187e-02,-5.248033627867698669e-02,1.586793959140777588e-01,-6.335756182670593262e-02,5.610559880733489990e-02,4.323338344693183899e-02,-5.081054195761680603e-02,6.098253652453422546e-02,1.062613204121589661e-01,1.467521339654922485e-01,-9.003789722919464111e-02,3.547629341483116150e-02,4.430245608091354370e-02,7.049469649791717529e-02,-2.319069020450115204e-02,8.580716699361801147e-02,4.269696772098541260e-03,-5.096837505698204041e-02,-1.730845272541046143e-01,1.713274419307708740e-01,5.579379200935363770e-02,-7.197416573762893677e-02,9.331449121236801147e-02,3.100030869245529175e-02,1.528788357973098755e-01,4.974737018346786499e-02,-1.016253083944320679e-01,5.091872531920671463e-03
6.759165227413177490e-02,-2.340543568134307861e-01,-4.012619704008102417e-02,1.197248473763465881e-01,1.317387521266937256e-01,-9.620890021324157715e-03,1.603643000125885010e-01,-4.002274200320243835e-02,1.210090294480323792e-01,-5.370261613279581070e-03,-8.774314075708389282e-02,8.079881966114044189e-02,-8.222895860671997070e-02,-4.263989627361297607e-02,1.159222349524497986e-01,7.410871982574462891e-02,-4.640382714569568634e-03,-2.989785186946392059e-02,-2.849763259291648865e-03,-3.176174685359001160e-02,9.462806582450866699e-02,1.076887249946594238e-01,-1.835288852453231812e-01,-8.878359943628311157e-02,1.238512769341468811e-01,-1.318147182464599609e-01,-7.472229003906250000e-02,2.294220402836799622e-02,-1.050550267100334167e-01,-9.255113452672958374e-02,-3.028131462633609772e-02,-4.169654101133346558e-02,-1.650155037641525269e-01,-8.163555711507797241e-02,1.235553696751594543e-01,-6.046072766184806824e-02,8.376143872737884521e-02,-4.678683727979660034e-02,-8.632335066795349121e-02,-1.934268325567245483e-02,-1.546049676835536957e-02,-7.173391431570053101e-02,3.129942715167999268e-02,1.302054077386856079e-01,-7.537279278039932251e-02,3.987329080700874329e-02,-4.810683056712150574e-02,-1.712735556066036224e-02,1.208109185099601746e-01,7.557750213891267776e-03,-1.453253924846649170e-01,-3.854789212346076965e-02,-1.393616385757923126e-02,2.361970394849777222e-02,-1.121312528848648071e-01,1.222215294837951660e-01,8.994863019324839115e-04,2.296405844390392303e-02,-7.129018008708953857e-02,-6.172624230384826660e-02,-1.725306175649166107e-02,1.001127734780311584e-01,-3.766924375668168068e-03,2.391886152327060699e-02,4.855824261903762817e-02,1.266250461339950562e-01,2.230172976851463318e-02,-1.023842990398406982e-01,1.179393231868743896e-01,2.367817563936114311e-03,2.050651609897613525e-01,-7.946832478046417236e-02,-1.255821883678436279e-01,-8.705826103687286377e-02,-2.398673072457313538e-02,2.160012908279895782e-02,8.748812228441238403e-02,-1.030906811356544495e-01,1.318399757146835327e-01,-7.011282444000244141e-02,2.639321796596050262e-02,1.949969679117202759e-01,3.544268384575843811e-02,-2.811134606599807739e-02,-1.265375316143035889e-01,4.413205757737159729e-02,9.261554479598999023e-02,-1.007577590644359589e-02,1.088389158248901367e-01,-5.903257429599761963e-02,-6.833242624998092651e-02,-1.054977346211671829e-02,6.516564637422561646e-03,1.234706044197082520e-01,3.081089071929454803e-02,-5.411864817142486572e-02,-4.263301379978656769e-03,3.190007805824279785e-02,6.563855707645416260e-02,-3.048348613083362579e-02,-7.599381357431411743e-02,-1.285150051116943359e-01,1.487769633531570435e-01,-4.201890900731086731e-02,2.525644004344940186e-02,1.855984702706336975e-02,-5.987842381000518799e-02,1.612732261419296265e-01,5.627919733524322510e-02,1.353547573089599609e-01,-6.117309629917144775e-02,-9.290107525885105133e-03,1.807514578104019165e-02,2.542250975966453552e-02,-7.118657976388931274e-02,9.165763854980468750e-02,4.947268590331077576e-02,-3.889457136392593384e-02,-1.641089618206024170e-01,1.122044175863265991e-01,3.951934352517127991e-02,-8.789626508951187134e-02,1.048683300614356995e-01,8.291307836771011353e-02,2.044414132833480835e-01,-2.386061474680900574e-03,-9.394877403974533081e-02,4.615535587072372437e-02
6.093686074018478394e-02,-2.077404409646987915e-01,-5.436530336737632751e-02,1.262173950672149658e-01,8.739443868398666382e-02,-9.800557047128677368e-03,1.248077377676963806e-01,-5.338488146662712097e-02,9.100642055273056030e-02,5.455083027482032776e-02,-5.810489878058433533e-02,1.613089144229888916e-01,-5.960655584931373596e-02,-2.972388453781604767e-02,1.087466403841972351e-01,7.481756061315536499e-02,-6.748027354478836060e-02,-5.142018944025039673e-02,-6.423735618591308594e-02,-3.888779878616333008e-02,7.999975234270095825e-02,5.038401484489440918e-02,-2.034325003623962402e-01,-7.299646735191345215e-02,8.711092174053192139e-02,-1.747000515460968018e-01,-6.786885857582092285e-02,5.019479244947433472e-02,-1.354675292968750000e-01,-6.287265568971633911e-02,-6.798348575830459595e-02,-1.822031475603580475e-02,-1.973049193620681763e-01,-7.347783446311950684e-02,1.472213566303253174e-01,-1.547622680664062500e-02,4.977763071656227112e-02,-7.984623312950134277e-02,-7.459745556116104126e-02,7.153667509555816650e-02,-1.105098053812980652e-02,-6.514830887317657471e-02,2.385079301893711090e-02,9.900830686092376709e-02,-3.717455267906188965e-02,-9.978786110877990723e-03,-1.465452089905738831e-02,-5.000636726617813110e-02,1.039407774806022644e-01,-1.252342481166124344e-02,-1.178310066461563110e-01,-1.504061929881572723e-02,6.005535367876291275e-03,1.595767331309616566e-03,-1.142301633954048157e-01,1.267641931772232056e-01,-1.687340438365936279e-02,-1.119384262710809708e-02,-6.897182762622833252e-02,-8.461064845323562622e-02,9.701161086559295654e-02,1.238798499107360840e-01,-3.874475136399269104e-02,2.261037705466151237e-03,3.997111693024635315e-02,1.020677015185356140e-01,-2.442628704011440277e-02,-1.958644017577171326e-02,1.486724019050598145e-01,1.225802488625049591e-02,2.109889090061187744e-01,-6.283330172300338745e-02,-1.701574027538299561e-01,-1.215315684676170349e-01,-2.047397010028362274e-02,3.048994764685630798e-02,1.044275462627410889e-01,-1.177767589688301086e-01,1.250589638948440552e-01,1.615292206406593323e-02,4.562596604228019714e-02,1.998873502016067505e-01,5.373825877904891968e-02,-3.172869607806205750e-02,-9.222367405891418457e-02,6.319525837898254395e-02,6.539858877658843994e-02,-2.523221308365464211e-03,1.062076911330223083e-01,-6.483542174100875854e-02,-4.480951279401779175e-02,-2.040996961295604706e-02,-4.048552364110946655e-02,1.288253664970397949e-01,2.484584227204322815e-02,-3.238923847675323486e-02,-3.418345004320144653e-02,1.876229047775268555e-02,-1.590577652677893639e-03,-7.263864576816558838e-02,-1.213383749127388000e-01,-5.631588026881217957e-02,1.228850260376930237e-01,-5.464236065745353699e-02,4.147212952375411987e-02,7.421289384365081787e-02,-6.635800004005432129e-02,1.273413002490997314e-01,8.003708720207214355e-02,1.047809645533561707e-01,-1.329548060894012451e-01,6.199056282639503479e-02,-1.316937268711626530e-03,3.001065924763679504e-02,-8.769245445728302002e-02,5.985407531261444092e-02,2.936873212456703186e-02,-7.127396762371063232e-02,-1.329441368579864502e-01,1.215481534600257874e-01,4.738894104957580566e-02,-1.006199419498443604e-01,9.198371320962905884e-02,1.409668475389480591e-02,1.921949237585067749e-01,2.196664223447442055e-03,-1.287338882684707642e-01,4.929225146770477295e-02
6.222202628850936890e-02,-2.135026305913925171e-01,2.507030777633190155e-02,8.819587528705596924e-02,9.843387454748153687e-02,-6.026050448417663574e-02,1.218883916735649109e-01,-4.020312055945396423e-02,3.815795853734016418e-02,4.113140702247619629e-02,-6.487888842821121216e-02,1.093672364950180054e-01,-9.840338677167892456e-02,-6.375578045845031738e-02,1.174964979290962219e-01,7.838409394025802612e-02,-2.446940913796424866e-02,-2.962136641144752502e-02,-6.099050864577293396e-02,-7.745123654603958130e-02,1.307851225137710571e-01,-1.680770888924598694e-02,-1.604438871145248413e-01,-6.049752235412597656e-02,2.493430860340595245e-02,-1.247533634305000305e-01,-3.641568496823310852e-02,1.327195577323436737e-02,-1.301373839378356934e-01,-3.312929719686508179e-02,-4.939918220043182373e-02,-4.497573897242546082e-02,-1.880962699651718140e-01,-5.497005581855773926e-02,1.045385450124740601e-01,-5.969160422682762146e-02,5.089353397488594055e-02,-5.397546663880348206e-02,-1.105322986841201782e-01,7.112493366003036499e-02,2.051834948360919952e-02,-1.026140674948692322e-01,-1.755171269178390503e-02,4.647214710712432861e-02,-7.698544114828109741e-02,-2.372216247022151947e-02,-4.228207841515541077e-02,-1.064484938979148865e-02,7.445628941059112549e-02,-3.486426919698715210e-02,-1.445680111646652222e-01,-2.671493217349052429e-02,4.283074755221605301e-03,-7.454493641853332520e-02,-1.601061969995498657e-01,1.190149858593940735e-01,-1.672243140637874603e-02,8.442141115665435791e-03,-7.202930003404617310e-02,-9.296421706676483154e-02,9.179701656103134155e-02,1.286464482545852661e-01,-2.924483641982078552e-02,3.060911037027835846e-02,5.043634027242660522e-02,6.609103083610534668e-02,-1.350976992398500443e-02,-8.561914786696434021e-03,1.583451777696609497e-01,4.088981449604034424e-02,2.127781510353088379e-01,-1.035485193133354187e-01,-1.177054494619369507e-01,-4.556665197014808655e-02,-3.981588408350944519e-03,4.067260399460792542e-02,7.957128435373306274e-02,-9.955963492393493652e-02,1.247099265456199646e-01,5.241613462567329407e-02,2.901290915906429291e-02,2.036582529544830322e-01,-1.918763853609561920e-02,-7.981226593255996704e-02,-1.059006527066230774e-01,3.025569394230842590e-02,4.139163717627525330e-02,-2.035205624997615814e-02,1.195252612233161926e-01,-1.338831782341003418e-01,-1.370617374777793884e-02,-4.427599906921386719e-02,-6.520690768957138062e-02,1.567305922508239746e-01,-2.569369971752166748e-02,-1.577775180339813232e-02,-4.747021198272705078e-02,-1.756746787577867508e-03,8.851730264723300934e-03,-6.594929099082946777e-02,-1.444336026906967163e-01,-4.987451434135437012e-02,7.382260262966156006e-02,-3.935223445296287537e-03,5.418851599097251892e-02,8.025187253952026367e-02,-9.904168546199798584e-02,5.951101705431938171e-02,9.442362189292907715e-02,1.381219029426574707e-01,-6.934664398431777954e-02,8.549186587333679199e-02,2.606005221605300903e-02,3.584326058626174927e-02,-8.842233568429946899e-02,1.574026495218276978e-01,-2.102622389793395996e-02,-4.308741167187690735e-02,-2.220488488674163818e-01,1.298227757215499878e-01,8.858021348714828491e-02,-9.985000640153884888e-02,8.057945221662521362e-02,7.821197807788848877e-02,1.824864894151687622e-01,-2.365261316299438477e-03,-9.474183619022369385e-02,7.392945140600204468e-02
7.283153384923934937e-02,-2.548570632934570312e-01,1.166894659399986267e-02,1.567983180284500122e-01,1.153383105993270874e-01,-4.171934351325035095e-02,1.115053221583366394e-01,-4.466524720191955566e-02,6.698734126985073090e-03,3.428528830409049988e-02,-6.186841055750846863e-02,5.579034984111785889e-02,-1.015265658497810364e-01,-9.480515122413635254e-02,1.449232101440429688e-01,5.066699162125587463e-02,-8.766067773103713989e-02,-5.072786286473274231e-02,-4.148337244987487793e-02,-4.687754437327384949e-03,8.871644735336303711e-02,1.512978412210941315e-02,-1.882998347282409668e-01,-7.713606953620910645e-02,1.006506830453872681e-01,-1.536020487546920776e-01,-9.190976619720458984e-02,3.006468527019023895e-03,-8.279324322938919067e-02,-8.330030739307403564e-02,-4.665882512927055359e-02,-7.383610308170318604e-02,-1.788596510887145996e-01,-7.384563237428665161e-02,9.973007440567016602e-02,-5.586461722850799561e-02,6.211452931165695190e-02,-4.836638271808624268e-02,-1.009083837270736694e-01,5.596861243247985840e-02,2.590395696461200714e-02,-7.283364981412887573e-02,3.512956434860825539e-03,5.775790661573410034e-02,-7.705231755971908569e-02,1.393364556133747101e-02,-3.336916863918304443e-02,-5.224634334444999695e-02,1.115023121237754822e-01,9.477617219090461731e-03,-1.539835035800933838e-01,9.396266192197799683e-03,-3.246369538828730583e-03,-3.230962157249450684e-02,-1.408889442682266235e-01,1.406863629817962646e-01,2.421619370579719543e-02,1.947095501236617565e-03,-9.729747474193572998e-02,-3.947168216109275818e-02,4.963767528533935547e-02,1.238605827093124390e-01,2.011917158961296082e-02,3.791980072855949402e-02,3.756706416606903076e-02,8.649761974811553955e-02,1.953394385054707527e-03,-2.779209427535533905e-02,1.184096112847328186e-01,2.020652405917644501e-02,1.962119489908218384e-01,-8.430413901805877686e-02,-1.246873363852500916e-01,-2.548188343644142151e-02,-2.743469551205635071e-02,2.604936994612216949e-02,1.156113222241401672e-01,-9.153276681900024414e-02,1.343919634819030762e-01,-9.283098392188549042e-03,5.125031620264053345e-02,2.107191383838653564e-01,1.238214690238237381e-02,-5.497393757104873657e-02,-8.765263855457305908e-02,2.642040140926837921e-02,3.624943271279335022e-02,-1.177793368697166443e-02,1.362445503473281860e-01,-1.229145303368568420e-01,-4.444342851638793945e-02,-3.571609407663345337e-02,-7.606087625026702881e-02,1.272167116403579712e-01,-2.261283434927463531e-02,-2.602423354983329773e-02,-3.377063944935798645e-02,-5.020872876048088074e-02,2.148873545229434967e-02,-9.774477034807205200e-02,-1.088028103113174438e-01,-3.836049139499664307e-02,1.012810170650482178e-01,-3.047745488584041595e-02,6.627902388572692871e-02,6.126179173588752747e-02,-8.269621431827545166e-02,1.082324534654617310e-01,7.505757361650466919e-02,1.594498753547668457e-01,-8.234594762325286865e-02,3.921164572238922119e-02,-2.633715234696865082e-02,5.238504335284233093e-02,-6.977311521768569946e-02,1.408188343048095703e-01,2.054678089916706085e-02,-8.343575894832611084e-02,-1.618226319551467896e-01,1.224273592233657837e-01,3.916892781853675842e-02,-8.499488234519958496e-02,1.007413789629936218e-01,5.776968225836753845e-02,2.022826969623565674e-01,-2.626509033143520355e-02,-9.834606945514678955e-02,-6.807234603911638260e-04
4.010776430368423462e-02,-2.170247882604598999e-01,-8.279089815914630890e-03,1.232951804995536804e-01,5.702190473675727844e-02,-1.424766890704631805e-02,1.585829108953475952e-01,-3.254519030451774597e-02,2.818008325994014740e-02,1.227712817490100861e-02,-1.049211844801902771e-01,1.399617046117782593e-01,-6.337931007146835327e-02,-1.270222812891006470e-01,1.274395734071731567e-01,7.643661648035049438e-02,-8.242671191692352295e-02,-5.632787197828292847e-02,-4.555893689393997192e-02,-5.339222028851509094e-02,6.410724669694900513e-02,5.494775995612144470e-02,-2.130339145660400391e-01,-8.721449226140975952e-02,7.813908904790878296e-02,-1.597239822149276733e-01,-1.097905784845352173e-01,5.207683145999908447e-02,-9.141904860734939575e-02,-7.477519661188125610e-02,-7.063750922679901123e-02,-5.627906695008277893e-02,-1.085665971040725708e-01,-5.831640958786010742e-02,1.035135611891746521e-01,-3.869003802537918091e-02,3.252601251006126404e-02,-3.060830570757389069e-02,-1.091946959495544434e-01,3.471326828002929688e-02,-1.370054669678211212e-02,-8.647936582565307617e-02,1.726673357188701630e-02,9.261398762464523315e-02,-8.204023540019989014e-02,2.542847394943237305e-02,2.290689200162887573e-02,-3.955599293112754822e-02,1.002429500222206116e-01,4.780243150889873505e-03,-1.582960039377212524e-01,1.435351651161909103e-02,4.235880915075540543e-03,-3.290675953030586243e-02,-1.314820349216461182e-01,1.772244721651077271e-01,-1.832040399312973022e-02,3.968845307826995850e-02,-8.668808639049530029e-02,-1.763936504721641541e-02,9.891458600759506226e-02,7.685466855764389038e-02,-4.477338492870330811e-02,-3.138056024909019470e-02,4.022528976202011108e-02,1.311458498239517212e-01,-6.022697687149047852e-02,-2.787733264267444611e-02,1.113787740468978882e-01,2.297757565975189209e-02,2.194285243749618530e-01,-8.799291402101516724e-02,-1.337337344884872437e-01,-6.197177246212959290e-02,-3.357115015387535095e-02,2.663803473114967346e-02,7.808861136436462402e-02,-9.469968825578689575e-02,1.130044460296630859e-01,-5.512776225805282593e-02,-1.814075373113155365e-02,1.458049416542053223e-01,-4.040751233696937561e-02,-5.498071014881134033e-02,-7.745052129030227661e-02,7.450484484434127808e-02,5.242337286472320557e-02,2.381758950650691986e-02,1.291863471269607544e-01,-1.148513555526733398e-01,-9.827493876218795776e-02,-1.445700135082006454e-02,-5.221504718065261841e-02,1.892377585172653198e-01,-6.532172858715057373e-02,2.449694788083434105e-03,-5.174329504370689392e-02,1.143079623579978943e-02,5.519434437155723572e-02,-4.631942883133888245e-02,-7.828116416931152344e-02,-1.010521277785301208e-01,1.558699458837509155e-01,2.434410387650132179e-03,6.212351843714714050e-02,7.771819829940795898e-02,-6.370155513286590576e-02,8.044484257698059082e-02,6.839784979820251465e-02,1.391158998012542725e-01,-4.695557802915573120e-02,5.317258462309837341e-02,3.165055066347122192e-02,6.199173629283905029e-02,-5.682018026709556580e-02,1.344273388385772705e-01,1.047758385539054871e-02,-5.857649445533752441e-02,-1.559603363275527954e-01,1.726498305797576904e-01,4.834317788481712341e-02,-9.491623193025588989e-02,3.729258105158805847e-02,2.058642916381359100e-02,1.869215965270996094e-01,-1.182543486356735229e-02,-4.086558520793914795e-02,7.064411044120788574e-02
9.619863331317901611e-02,-2.538249492645263672e-01,-3.035381063818931580e-02,1.808708161115646362e-01,6.544478982686996460e-02,-2.200312726199626923e-02,1.801142096519470215e-01,-1.870876923203468323e-02,2.464014478027820587e-02,4.293636977672576904e-02,-9.855829179286956787e-02,7.326304912567138672e-02,-2.331105619668960571e-02,-5.433464795351028442e-02,9.459429234266281128e-02,2.778841368854045868e-02,-7.135476917028427124e-02,-1.013816297054290771e-01,2.405389770865440369e-02,4.177864175289869308e-03,1.195992343127727509e-02,5.931188166141510010e-02,-2.180722206830978394e-01,-9.372907131910324097e-02,8.130238950252532959e-02,-1.787854731082916260e-01,-1.163789927959442139e-01,8.756397664546966553e-02,-7.543689757585525513e-02,-6.339304149150848389e-02,-2.233625389635562897e-02,-9.444851428270339966e-02,-9.888380765914916992e-02,-7.246975600719451904e-02,1.077969521284103394e-01,-8.629412949085235596e-02,2.326513268053531647e-02,1.477895770221948624e-03,-9.810402244329452515e-02,2.982058189809322357e-02,-4.330490157008171082e-02,-9.341783821582794189e-02,1.971835643053054810e-02,3.195674344897270203e-02,-3.886193409562110901e-02,-2.140349522233009338e-02,8.844757825136184692e-02,-6.926931440830230713e-02,5.026730895042419434e-02,9.009487181901931763e-02,-1.100872382521629333e-01,-2.679234556853771210e-02,-3.279120102524757385e-02,1.985662803053855896e-02,-1.556160598993301392e-01,1.713950037956237793e-01,-7.404107600450515747e-02,8.633120357990264893e-02,-6.685792654752731323e-02,-2.953550219535827637e-02,1.049044802784919739e-01,1.111660748720169067e-01,-5.516719445586204529e-02,2.299898676574230194e-02,2.406870946288108826e-03,1.054101064801216125e-01,-6.957011669874191284e-02,-5.891927331686019897e-02,1.036073639988899231e-01,1.231319154612720013e-03,1.696398854255676270e-01,-8.780665695667266846e-02,-7.918596267700195312e-02,-6.315954029560089111e-02,2.124954946339130402e-02,4.890558496117591858e-02,8.131938427686691284e-02,-8.495316654443740845e-02,8.333440870046615601e-02,-5.217907577753067017e-02,2.023872360587120056e-02,1.894038766622543335e-01,5.670470371842384338e-02,-8.912188932299613953e-03,-7.118729501962661743e-02,2.848695777356624603e-02,7.910482585430145264e-02,-4.580893728416413069e-04,1.032504364848136902e-01,-8.128349483013153076e-02,-8.936646580696105957e-02,1.129800174385309219e-02,-6.522707641124725342e-02,2.153048068284988403e-01,3.483565151691436768e-02,-1.211096718907356262e-02,-5.117303505539894104e-02,-2.154817432165145874e-02,1.310396939516067505e-02,-8.376704901456832886e-02,-6.808761507272720337e-02,-3.358394280076026917e-02,1.818321943283081055e-01,-3.803555294871330261e-02,3.909902647137641907e-02,6.705050170421600342e-02,-5.014982819557189941e-02,5.038009583950042725e-02,3.534471616148948669e-02,1.249584630131721497e-01,-9.122357517480850220e-02,4.592434689402580261e-02,5.639437586069107056e-03,1.495695561170578003e-01,-1.691411584615707397e-01,6.793221831321716309e-02,2.779917418956756592e-02,-3.300977870821952820e-02,-1.193868964910507202e-01,1.525978446006774902e-01,-1.181295810965821147e-04,-1.024767011404037476e-01,4.008763283491134644e-02,-2.046789415180683136e-02,1.790273487567901611e-01,7.095023989677429199e-02,-7.989653199911117554e-02,4.150021821260452271e-02
6.299939751625061035e-02,-2.096059471368789673e-01,-2.120435982942581177e-02,1.129107698798179626e-01,3.756714984774589539e-03,-4.277544841170310974e-02,1.631989777088165283e-01,-3.217041864991188049e-02,1.958219148218631744e-02,1.303069666028022766e-02,-1.123606488108634949e-01,1.061232760548591614e-01,3.947920352220535278e-02,-2.579936385154724121e-02,8.246474713087081909e-02,8.486540615558624268e-02,-3.930179029703140259e-02,-5.950049683451652527e-02,-2.167191170156002045e-02,-2.933027409017086029e-02,6.334912031888961792e-02,1.846814714372158051e-02,-1.438999921083450317e-01,-1.052315533161163330e-01,1.491138339042663574e-01,-1.151185259222984314e-01,-1.340829581022262573e-01,5.918348953127861023e-02,-1.115385890007019043e-01,-5.290766060352325439e-02,-4.604949802160263062e-02,-6.188636645674705505e-02,-7.585439085960388184e-02,-6.163818761706352234e-02,1.045582517981529236e-01,-3.278967738151550293e-02,-4.337363317608833313e-02,-2.743000350892543793e-02,-1.180757060647010803e-01,5.469008162617683411e-02,1.066108141094446182e-02,-3.271193057298660278e-02,-4.538607317954301834e-03,2.527579851448535919e-02,4.737139679491519928e-03,7.382764667272567749e-02,3.909057751297950745e-02,-9.522335976362228394e-02,9.437581896781921387e-02,2.602009288966655731e-02,-1.556634008884429932e-01,-4.387153312563896179e-03,-4.764770157635211945e-03,-6.166405510157346725e-03,-1.505829393863677979e-01,2.512241303920745850e-01,1.465623825788497925e-02,8.027009665966033936e-02,-3.342998027801513672e-02,-1.555409934371709824e-02,4.710128530859947205e-02,9.915944188833236694e-02,-2.231881394982337952e-02,-1.551378332078456879e-02,2.108480967581272125e-02,1.349713206291198730e-01,-1.400830317288637161e-02,-9.035996347665786743e-02,9.628602862358093262e-02,-5.589097738265991211e-02,1.799146085977554321e-01,-8.150458335876464844e-02,-1.078035756945610046e-01,-5.192590877413749695e-02,4.064989276230335236e-03,3.018980473279953003e-02,4.424091055989265442e-02,-9.658558666706085205e-02,9.219691902399063110e-02,-8.822934329509735107e-02,2.048558322712779045e-03,1.867659538984298706e-01,9.887754917144775391e-03,-5.528220906853675842e-02,-8.904762566089630127e-02,4.652399569749832153e-02,3.498869016766548157e-02,-3.410873189568519592e-02,1.069489195942878723e-01,-6.477962434291839600e-02,-8.591204881668090820e-02,-3.425594791769981384e-02,-1.644291356205940247e-02,2.654292285442352295e-01,-4.269006475806236267e-02,-7.590987533330917358e-02,-4.792363196611404419e-02,-1.609837077558040619e-02,2.125310711562633514e-02,-7.057303935289382935e-02,-1.005554348230361938e-01,-1.065381839871406555e-01,1.849253177642822266e-01,-8.249850571155548096e-02,-5.370538216084241867e-03,1.225725561380386353e-01,-3.245208784937858582e-02,6.779916584491729736e-02,-1.140788197517395020e-02,1.991098076105117798e-01,-5.251473560929298401e-02,-2.218369208276271820e-02,-2.695562504231929779e-02,1.316395699977874756e-01,-1.305655837059020996e-01,9.039720892906188965e-02,2.267862670123577118e-02,-1.373209711164236069e-02,-1.360419094562530518e-01,1.575829386711120605e-01,6.577530875802040100e-03,-7.182337343692779541e-02,1.418215781450271606e-02,-2.472288534045219421e-02,1.956384181976318359e-01,3.484572470188140869e-02,-6.617742031812667847e-02,5.323928967118263245e-02
4.077943414449691772e-02,-2.507022321224212646e-01,-3.627176210284233093e-02,1.842428445816040039e-01,1.322008483111858368e-02,4.998490959405899048e-02,1.190279200673103333e-01,-3.091925010085105896e-02,4.762092605233192444e-02,2.757662348449230194e-02,-9.112484753131866455e-02,1.177185699343681335e-01,1.651107333600521088e-02,-4.804225638508796692e-02,5.188145115971565247e-02,6.142698973417282104e-02,-1.066784411668777466e-01,-8.115859329700469971e-02,3.862603008747100830e-02,-3.660244122147560120e-02,4.868497699499130249e-02,3.870185092091560364e-02,-2.047629207372665405e-01,-5.743094533681869507e-02,9.959066659212112427e-02,-1.148870885372161865e-01,-1.525811254978179932e-01,6.375991553068161011e-02,-6.073224544525146484e-02,-3.270659223198890686e-02,-1.969456672668457031e-02,-7.458910346031188965e-02,-7.410094887018203735e-02,-9.504812210798263550e-02,5.989713594317436218e-02,-4.604363813996315002e-02,-6.387647241353988647e-02,-3.687955066561698914e-02,-1.315186768770217896e-01,3.532579541206359863e-02,-2.605431899428367615e-02,-8.403866738080978394e-02,-4.703852348029613495e-03,-1.594902388751506805e-02,-5.294323712587356567e-02,8.035448193550109863e-02,5.015977844595909119e-02,-6.186248734593391418e-02,1.111056432127952576e-01,4.720506444573402405e-02,-1.949955672025680542e-01,3.150128759443759918e-03,-2.688051573932170868e-02,1.255412772297859192e-02,-1.394153535366058350e-01,1.971168965101242065e-01,7.303245365619659424e-02,6.297951191663742065e-02,-4.572961479425430298e-02,-3.729234915226697922e-03,4.472566768527030945e-02,4.232345521450042725e-02,-2.056738361716270447e-02,8.969224989414215088e-03,8.153676986694335938e-03,1.262904852628707886e-01,-5.305058509111404419e-02,-1.142973005771636963e-01,3.728005290031433105e-02,-4.643255099654197693e-02,1.841421425342559814e-01,-5.321042239665985107e-02,-7.453424483537673950e-02,-5.986568331718444824e-02,-1.003959216177463531e-02,5.357841402292251587e-02,1.646356843411922455e-02,-2.830355241894721985e-02,7.602223008871078491e-02,-1.531021147966384888e-01,-6.371441297233104706e-03,1.535030454397201538e-01,1.603590324521064758e-02,-1.271899491548538208e-01,-5.887120589613914490e-02,3.303046803921461105e-03,-1.111218519508838654e-02,-4.317319020628929138e-02,8.774016052484512329e-02,-3.956848382949829102e-02,-2.855830080807209015e-02,3.134014550596475601e-03,-3.420033305883407593e-02,2.788648605346679688e-01,-5.176292732357978821e-02,-2.286237478256225586e-02,-3.683053702116012573e-02,-3.183906152844429016e-02,6.757669895887374878e-02,-2.907222695648670197e-02,-1.081271693110466003e-01,-1.069526746869087219e-01,2.431298643350601196e-01,-3.436615690588951111e-02,2.491013729013502598e-04,8.417891710996627808e-02,2.255141548812389374e-02,8.351495116949081421e-02,-1.756906160153448582e-03,1.607051342725753784e-01,-5.289738997817039490e-02,-5.230794474482536316e-02,1.764073222875595093e-02,1.444561481475830078e-01,-1.621791869401931763e-01,2.055530995130538940e-02,8.664902299642562866e-02,-1.275725429877638817e-03,-9.810233861207962036e-02,1.522309333086013794e-01,4.473453760147094727e-02,-4.872768372297286987e-02,-1.967323198914527893e-02,-2.410878986120223999e-02,1.821807324886322021e-01,-2.483371831476688385e-02,-6.938037276268005371e-02,1.356908399611711502e-02
4.318717494606971741e-02,-1.933957785367965698e-01,1.871535368263721466e-02,1.636638492345809937e-01,2.110282704234123230e-02,-4.055108129978179932e-02,1.302445530891418457e-01,-4.590901359915733337e-02,-6.532777566462755203e-03,2.886567637324333191e-02,-9.300395101308822632e-02,9.032004326581954956e-02,1.773001439869403839e-02,-4.812673479318618774e-02,9.709204733371734619e-02,1.013317257165908813e-01,-6.799676269292831421e-02,-7.337631285190582275e-02,-1.058071013540029526e-02,-3.787899389863014221e-03,2.828737534582614899e-02,3.522860258817672729e-02,-1.556995064020156860e-01,-8.609531074762344360e-02,1.397083550691604614e-01,-1.410197764635086060e-01,-1.160841584205627441e-01,1.039567887783050537e-01,-6.760652363300323486e-02,-4.170078039169311523e-02,-3.024242073297500610e-02,-9.143701195716857910e-02,-1.074485853314399719e-01,-5.015365779399871826e-02,1.146798953413963318e-01,-1.000072434544563293e-01,2.449481375515460968e-02,-1.782428473234176636e-02,-1.592686772346496582e-01,4.087916016578674316e-02,-4.679737240076065063e-02,-9.362348169088363647e-02,-4.007385112345218658e-03,4.418529197573661804e-02,-3.641753271222114563e-02,4.618879407644271851e-02,3.191440552473068237e-02,-8.295486867427825928e-02,7.957346737384796143e-02,9.507092763669788837e-04,-1.753381937742233276e-01,-5.274842027574777603e-03,-8.442188054323196411e-02,7.364750839769840240e-03,-9.288918226957321167e-02,1.957111805677413940e-01,4.377536475658416748e-03,9.522572159767150879e-02,-2.596382983028888702e-02,-3.045181185007095337e-02,5.171732977032661438e-02,5.909749493002891541e-02,-1.307722833007574081e-02,-3.320789709687232971e-02,9.475948289036750793e-03,1.286660879850387573e-01,6.103496998548507690e-03,-8.994369208812713623e-02,4.540460556745529175e-02,-3.871119767427444458e-02,1.901059746742248535e-01,-9.846480190753936768e-02,-1.002274230122566223e-01,-7.917329668998718262e-02,-4.882603138685226440e-02,2.681895531713962555e-02,4.799397289752960205e-02,-2.152559347450733185e-02,8.428943157196044922e-02,-1.328783184289932251e-01,1.526738167740404606e-03,1.666087210178375244e-01,-2.049435861408710480e-02,-6.320648640394210815e-02,-1.008504405617713928e-01,4.508053138852119446e-02,2.208714745938777924e-02,-4.135257378220558167e-02,9.699808806180953979e-02,-8.792071044445037842e-02,-1.308662444353103638e-01,-9.876956231892108917e-03,-1.429200358688831329e-02,2.702785134315490723e-01,-3.418173640966415405e-03,-3.876769542694091797e-02,-4.374149441719055176e-02,4.126339219510555267e-03,3.086717799305915833e-02,-5.456690210849046707e-03,-4.945437982678413391e-02,-7.396753132343292236e-02,2.343143969774246216e-01,-4.505275189876556396e-02,3.696596622467041016e-02,7.668471336364746094e-02,-5.321222916245460510e-02,5.713394284248352051e-02,4.582353681325912476e-02,1.624029576778411865e-01,-9.712057560682296753e-02,-1.579257845878601074e-02,5.725460499525070190e-02,1.671909838914871216e-01,-6.798966228961944580e-02,5.103319883346557617e-02,1.289473753422498703e-02,-3.459095954895019531e-02,-1.641053557395935059e-01,1.575192213058471680e-01,3.042558394372463226e-02,-9.295648336410522461e-02,2.651963941752910614e-02,-3.471322357654571533e-02,1.902393102645874023e-01,2.126543037593364716e-02,-9.443487972021102905e-02,7.643991708755493164e-02
1.033850573003292084e-02,-1.938174515962600708e-01,2.302684076130390167e-02,1.728197187185287476e-01,3.267829865217208862e-02,-4.169488698244094849e-02,1.228595152497291565e-01,3.002868732437491417e-03,4.590165615081787109e-02,3.752764314413070679e-02,-1.204264089465141296e-01,1.047446057200431824e-01,1.561596803367137909e-02,-2.125594206154346466e-02,4.385067895054817200e-02,1.103516966104507446e-01,-7.880649715662002563e-02,-9.373234584927558899e-03,-5.460565909743309021e-02,-2.558067068457603455e-02,7.297391071915626526e-03,7.541120052337646484e-02,-1.980606466531753540e-01,-7.345246523618698120e-02,1.532630622386932373e-01,-1.194653436541557312e-01,-1.605347841978073120e-01,9.581267833709716797e-02,-6.112892925739288330e-02,-4.521497711539268494e-02,-2.840254642069339752e-02,-9.672660380601882935e-02,-1.234892383217811584e-01,-8.298122882843017578e-02,1.253467500209808350e-01,-1.104981005191802979e-01,-2.871505916118621826e-03,-5.706438422203063965e-02,-1.197554469108581543e-01,1.079276483505964279e-02,-1.564675010740756989e-02,-1.176217645406723022e-01,-2.802305482327938080e-02,3.316487744450569153e-02,-3.894938901066780090e-02,6.415243446826934814e-02,2.170462347567081451e-02,-9.365871548652648926e-02,1.618662774562835693e-01,5.221569538116455078e-02,-2.005735784769058228e-01,-6.252018269151449203e-03,-2.659365162253379822e-02,-2.314263256266713142e-03,-6.902876496315002441e-02,1.826616972684860229e-01,-3.472571028396487236e-03,6.202625110745429993e-02,-4.229896888136863708e-02,-2.973974123597145081e-02,1.610790938138961792e-02,6.340850889682769775e-02,-2.924038283526897430e-02,-2.399554103612899780e-02,4.608825221657752991e-02,1.676747947931289673e-01,3.725646296516060829e-03,-6.516601145267486572e-02,3.924855217337608337e-02,-3.378883004188537598e-02,2.412049472332000732e-01,-6.689395010471343994e-02,-7.377569377422332764e-02,-7.732290774583816528e-02,-3.522619232535362244e-02,6.305067241191864014e-02,4.615082219243049622e-02,-7.322020083665847778e-02,8.476652950048446655e-02,-1.191409155726432800e-01,-1.719708368182182312e-02,1.563974618911743164e-01,-1.793638616800308228e-02,-5.683999136090278625e-02,-1.419321745634078979e-01,-9.372565895318984985e-03,3.493028506636619568e-02,-3.162154182791709900e-02,1.030106768012046814e-01,-6.004822626709938049e-02,-9.009580314159393311e-02,2.292437851428985596e-02,-6.397131085395812988e-02,2.078706473112106323e-01,-1.301703322678804398e-02,5.669571924954652786e-03,-3.710242360830307007e-02,1.989554800093173981e-02,5.934442952275276184e-02,-6.300828605890274048e-02,-4.257567599415779114e-02,-6.735929846763610840e-02,1.884478777647018433e-01,-6.084898859262466431e-02,7.354863733053207397e-02,4.828320443630218506e-02,-4.918348789215087891e-02,1.074356734752655029e-01,5.382489413022994995e-02,1.505922675132751465e-01,-2.882701158523559570e-02,-2.053043572232127190e-03,4.126515612006187439e-02,1.011448279023170471e-01,-1.424674242734909058e-01,-2.716575935482978821e-02,4.051958024501800537e-02,-1.089743990451097488e-02,-1.041159033775329590e-01,1.731447428464889526e-01,1.915229484438896179e-02,-9.438065439462661743e-02,5.011402536183595657e-03,-2.217756211757659912e-02,1.953469216823577881e-01,2.995558024849742651e-04,-9.378720074892044067e-02,2.589707449078559875e-02
7.399705797433853149e-02,-2.024289965629577637e-01,2.170392312109470367e-03,1.835076808929443359e-01,6.139822304248809814e-02,-1.976430043578147888e-02,1.081448867917060852e-01,-2.548161521553993225e-02,6.265567149966955185e-03,4.599495232105255127e-02,-9.784776717424392700e-02,7.599452883005142212e-02,-2.445354685187339783e-02,-2.290800772607326508e-02,8.816671371459960938e-02,7.752760499715805054e-02,-6.667476147413253784e-02,-8.065997064113616943e-02,-2.802624367177486420e-02,-5.083207786083221436e-02,-1.308875251561403275e-02,6.509277224540710449e-02,-1.900752633810043335e-01,-1.157469898462295532e-01,1.230242997407913208e-01,-1.285489946603775024e-01,-1.097164303064346313e-01,7.611640542745590210e-02,-8.807841688394546509e-02,-3.555524349212646484e-02,-5.490012466907501221e-02,-5.433290079236030579e-02,-1.349934190511703491e-01,-3.422898799180984497e-02,9.984292834997177124e-02,-1.360998004674911499e-01,-9.974468499422073364e-03,-1.006405800580978394e-02,-1.283080428838729858e-01,2.112983353435993195e-02,-4.670753329992294312e-02,-1.066517978906631470e-01,-3.988706506788730621e-03,4.917672276496887207e-02,-1.812544651329517365e-02,1.787818968296051025e-02,3.597167134284973145e-02,-7.017409801483154297e-02,1.067489609122276306e-01,2.747890772297978401e-03,-1.795970648527145386e-01,-1.757270656526088715e-02,-1.292179990559816360e-02,2.003308758139610291e-02,-1.204712167382240295e-01,1.461434215307235718e-01,-2.848727069795131683e-02,8.013119548559188843e-02,-7.766458392143249512e-02,-5.332098528742790222e-02,6.195145472884178162e-02,1.170205250382423401e-01,-8.740602433681488037e-02,-9.586254134774208069e-03,-1.647019386291503906e-02,1.171481311321258545e-01,9.478756226599216461e-03,-8.966819196939468384e-02,9.109795838594436646e-02,-3.859286010265350342e-02,1.565360277891159058e-01,-1.263591945171356201e-01,-1.240887716412544250e-01,-9.624532610177993774e-02,-9.949648752808570862e-03,-3.475290955975651741e-03,8.388192951679229736e-02,-5.024780705571174622e-02,1.237316280603408813e-01,-1.082273796200752258e-01,2.998618036508560181e-02,1.788383424282073975e-01,2.095529995858669281e-02,-2.027545683085918427e-02,-1.235248446464538574e-01,2.754212915897369385e-02,9.297030046582221985e-03,-5.555761978030204773e-03,1.009880080819129944e-01,-7.221019268035888672e-02,-1.361978501081466675e-01,-3.358114976435899734e-03,-7.351961731910705566e-02,2.401949614286422729e-01,-2.019141800701618195e-02,3.013815172016620636e-02,-1.553402561694383621e-02,1.432535797357559204e-02,5.858204513788223267e-02,2.061263076029717922e-04,-1.164019806310534477e-03,-1.048585250973701477e-01,2.028030902147293091e-01,-4.269164055585861206e-03,4.569103196263313293e-02,5.583582818508148193e-02,-5.066907033324241638e-02,4.510476812720298767e-02,7.045357674360275269e-02,1.286969929933547974e-01,-2.624630928039550781e-02,2.701503224670886993e-02,8.837702125310897827e-02,1.336735337972640991e-01,-1.219740062952041626e-01,5.580059811472892761e-02,6.331772357225418091e-02,-3.072520159184932709e-02,-1.348094046115875244e-01,1.653281003236770630e-01,1.170339155942201614e-02,-9.073667228221893311e-02,8.124283701181411743e-02,2.942994236946105957e-02,1.878594458103179932e-01,6.568861752748489380e-02,-7.001049071550369263e-02,5.780013278126716614e-02
2.591925859451293945e-02,-1.659486442804336548e-01,1.756781525909900665e-02,1.373612135648727417e-01,6.120017170906066895e-02,-3.151383623480796814e-02,8.179326355457305908e-02,-5.770912766456604004e-02,5.258585885167121887e-02,5.550261586904525757e-02,-9.601930528879165649e-02,1.023106276988983154e-01,-6.235207617282867432e-02,-4.258004203438758850e-02,1.364808231592178345e-01,1.026372760534286499e-01,-8.319104462862014771e-02,-9.483165293931961060e-02,-6.465020030736923218e-02,-8.490716665983200073e-02,5.992949753999710083e-02,3.931731358170509338e-02,-1.653988212347030640e-01,-1.421342492103576660e-01,9.128675609827041626e-02,-1.220151260495185852e-01,-8.985809981822967529e-02,2.584226895123720169e-03,-1.103169322013854980e-01,4.857504274696111679e-03,-6.140878051519393921e-02,-2.069080062210559845e-02,-1.717325747013092041e-01,-3.679661080241203308e-02,1.120978221297264099e-01,-5.834314599633216858e-02,3.681837767362594604e-02,-1.361241377890110016e-02,-8.715704083442687988e-02,2.618289925158023834e-02,-1.693938113749027252e-02,-1.315408498048782349e-01,-2.031137794256210327e-02,4.277110099792480469e-02,-6.409480422735214233e-02,5.330776423215866089e-02,2.663136832416057587e-02,-4.308744519948959351e-02,5.633323267102241516e-02,-4.793702811002731323e-02,-1.927825063467025757e-01,-1.938591478392481804e-03,4.320251755416393280e-03,3.196528414264321327e-03,-9.974838048219680786e-02,1.202967017889022827e-01,-6.198878586292266846e-02,7.608861476182937622e-02,-2.466805279254913330e-02,-2.168576978147029877e-02,6.978388875722885132e-02,7.168707996606826782e-02,-9.708847105503082275e-02,-4.277233406901359558e-02,3.387303650379180908e-02,8.365413546562194824e-02,-3.518696874380111694e-02,-4.104568436741828918e-02,1.072376891970634460e-01,7.040278520435094833e-03,2.115355134010314941e-01,-1.196813285350799561e-01,-1.551804691553115845e-01,-7.176112383604049683e-02,1.516197342425584793e-03,4.787821788340806961e-03,5.658585950732231140e-02,-1.107925623655319214e-01,1.417862772941589355e-01,-3.833794966340065002e-03,2.276456542313098907e-02,1.798222661018371582e-01,-1.424592081457376480e-02,-1.153229624032974243e-01,-1.150996610522270203e-01,3.885549306869506836e-02,1.448738388717174530e-03,-2.835176512598991394e-02,1.236080601811408997e-01,-6.307367980480194092e-02,-6.665047258138656616e-02,8.055239915847778320e-03,-3.108570165932178497e-02,1.873502731323242188e-01,-7.370938360691070557e-02,1.514208409935235977e-02,-2.883164957165718079e-02,-1.996202953159809113e-02,1.056179925799369812e-01,-3.361083567142486572e-02,-6.339501589536666870e-02,-1.045224815607070923e-01,1.891196221113204956e-01,-2.292916551232337952e-02,5.226005241274833679e-02,9.593037515878677368e-02,-8.459375053644180298e-02,5.484861135482788086e-02,1.144813373684883118e-01,1.852684319019317627e-01,-2.459461800754070282e-02,3.837830573320388794e-02,4.385495930910110474e-02,1.300185024738311768e-01,-8.923662453889846802e-02,9.144432097673416138e-02,4.013435915112495422e-02,-2.710987441241741180e-02,-1.516013741493225098e-01,1.444789320230484009e-01,2.168329432606697083e-02,-9.059078246355056763e-02,8.378000557422637939e-02,6.557187438011169434e-02,2.019737511873245239e-01,3.393275290727615356e-02,-2.510111033916473389e-02,1.023538932204246521e-01
4.045220091938972473e-02,-2.129858434200286865e-01,2.045120298862457275e-02,9.037218987941741943e-02,4.360892996191978455e-02,-7.347343116998672485e-02,6.614777445793151855e-02,-6.405527889728546143e-02,1.187848448753356934e-01,2.871714532375335693e-02,-6.113691255450248718e-02,8.919703960418701172e-02,-5.996934697031974792e-02,-3.895417973399162292e-02,9.222581982612609863e-02,7.417131960391998291e-02,-1.759582757949829102e-02,-5.595054849982261658e-02,-1.068695355206727982e-02,-4.941210895776748657e-02,7.866706699132919312e-02,2.082483284175395966e-02,-1.263523399829864502e-01,-7.110251486301422119e-02,7.541752606630325317e-02,-7.230129092931747437e-02,-9.189607948064804077e-02,-4.714468028396368027e-03,-1.043289750814437866e-01,-1.587468944489955902e-02,-5.255936086177825928e-02,-2.111096633598208427e-03,-2.083731442689895630e-01,-5.843231081962585449e-02,1.273125857114791870e-01,-3.504493460059165955e-02,3.629774227738380432e-02,-8.532070368528366089e-02,-2.948182262480258942e-02,-4.186717420816421509e-02,-2.450106665492057800e-02,-9.728106111288070679e-02,-2.358943223953247070e-02,1.245226860046386719e-01,-8.555343747138977051e-02,8.389221131801605225e-02,-4.608439654111862183e-02,2.583414781838655472e-03,1.017995625734329224e-01,4.528946708887815475e-03,-1.797728091478347778e-01,1.090079639106988907e-02,-1.188916387036442757e-03,-4.670670628547668457e-02,-1.215399131178855896e-01,1.895126700401306152e-01,-4.213473200798034668e-02,9.954671561717987061e-02,-1.153076663613319397e-01,-1.142463553696870804e-02,3.812267258763313293e-02,6.490124762058258057e-02,-3.280378878116607666e-02,2.886532060801982880e-02,2.837758138775825500e-02,8.829681575298309326e-02,4.966157674789428711e-02,-3.109129704535007477e-02,1.154816746711730957e-01,-3.293596953153610229e-02,2.048700749874114990e-01,-6.795229017734527588e-02,-1.440006196498870850e-01,-1.004009842872619629e-01,6.673600524663925171e-02,1.957842148840427399e-02,-1.531305024400353432e-03,-5.085619911551475525e-02,1.463714838027954102e-01,-3.626079112291336060e-02,7.283958792686462402e-02,1.693207025527954102e-01,-3.566638752818107605e-02,-1.380953639745712280e-01,-1.324846893548965454e-01,8.944317698478698730e-02,2.533179894089698792e-02,4.795452579855918884e-02,6.764229387044906616e-02,-4.684360697865486145e-02,-4.336338862776756287e-02,-4.044578969478607178e-02,9.626311063766479492e-02,1.824837028980255127e-01,4.515382647514343262e-02,-5.470475647598505020e-03,-4.898295551538467407e-02,2.251326292753219604e-02,6.259679049253463745e-02,-1.636583358049392700e-03,-1.226479038596153259e-01,-1.243407577276229858e-01,1.787422299385070801e-01,-3.358757123351097107e-02,-5.971036385744810104e-03,7.344473898410797119e-02,-5.664217099547386169e-02,1.036571413278579712e-01,1.311647705733776093e-02,1.334203332662582397e-01,-3.700589761137962341e-02,2.234535664319992065e-02,-2.566228248178958893e-02,1.334736198186874390e-01,-8.446584641933441162e-02,8.182130753993988037e-02,2.375950105488300323e-02,-8.414612151682376862e-03,-2.038377821445465088e-01,1.809531599283218384e-01,4.895561840385198593e-03,-1.469078809022903442e-01,2.404758147895336151e-02,1.437334865331649780e-01,1.607480645179748535e-01,1.049539260566234589e-02,-9.801261872053146362e-02,4.959230497479438782e-02
2.781429514288902283e-02,-1.845064312219619751e-01,1.793041010387241840e-03,7.044598460197448730e-02,-6.563749164342880249e-03,-5.087428539991378784e-02,8.892712742090225220e-02,-9.209179878234863281e-02,9.866958856582641602e-02,-1.455882843583822250e-02,-6.551921833306550980e-03,1.207104921340942383e-01,-5.626939982175827026e-02,-7.333260029554367065e-03,5.129564553499221802e-02,3.755244985222816467e-02,-1.009963545948266983e-02,-5.346935614943504333e-02,-2.012973837554454803e-02,-3.305957466363906860e-02,7.395640760660171509e-02,1.444794051349163055e-02,-1.394215822219848633e-01,-6.204621121287345886e-02,9.132937341928482056e-02,-1.133962497115135193e-01,-7.661972939968109131e-02,2.189576253294944763e-02,-1.282635331153869629e-01,-5.250745639204978943e-02,-7.634418457746505737e-02,-1.768925227224826813e-02,-2.029805034399032593e-01,-8.181124180555343628e-02,1.772172451019287109e-01,1.887971721589565277e-02,4.948449507355690002e-02,-1.861556246876716614e-02,-7.524854689836502075e-02,4.217423498630523682e-03,-9.175582975149154663e-02,-1.151407957077026367e-01,-3.089386969804763794e-02,1.162010580301284790e-01,-1.511903759092092514e-02,1.972285285592079163e-02,-5.503162974491715431e-04,-1.237979996949434280e-02,1.190315335988998413e-01,-2.649089321494102478e-02,-9.661852568387985229e-02,-3.140689060091972351e-02,1.711750868707895279e-03,-3.112948685884475708e-02,-9.170832484960556030e-02,2.271501868963241577e-01,-2.823150902986526489e-02,6.212493404746055603e-02,-8.910851925611495972e-02,-7.332338485866785049e-03,5.992817133665084839e-02,3.606633469462394714e-02,2.025386132299900055e-02,4.899330809712409973e-02,1.008081808686256409e-01,1.405632197856903076e-01,5.880564823746681213e-02,-5.607682093977928162e-02,8.659553527832031250e-02,-9.422254748642444611e-03,2.235109508037567139e-01,-1.235508918762207031e-01,-1.600715368986129761e-01,-1.010420471429824829e-01,5.409745872020721436e-02,2.418124489486217499e-02,-1.863109320402145386e-02,-1.123464927077293396e-01,9.896884113550186157e-02,-4.597589001059532166e-02,-1.582723669707775116e-02,1.585885733366012573e-01,-5.186992511153221130e-02,-1.187728345394134521e-01,-8.746311813592910767e-02,9.407181292772293091e-02,4.268294200301170349e-02,1.244026236236095428e-02,7.673364877700805664e-02,-4.821512848138809204e-02,-5.415982380509376526e-02,5.642396863549947739e-03,3.429233282804489136e-02,2.003472149372100830e-01,-2.259574085474014282e-02,-1.143082045018672943e-02,-6.784158945083618164e-02,4.243481531739234924e-02,1.847755350172519684e-02,-2.833726443350315094e-02,-1.293425261974334717e-01,-7.251257449388504028e-02,2.033317536115646362e-01,-2.574509382247924805e-02,4.629349336028099060e-02,1.123152002692222595e-01,-4.467973485589027405e-02,7.795596867799758911e-02,7.379675656557083130e-02,1.319294720888137817e-01,-5.293406173586845398e-02,4.878496378660202026e-02,9.716983884572982788e-03,1.412287801504135132e-01,-1.236374676227569580e-01,7.949408143758773804e-02,-1.094759628176689148e-02,7.924381643533706665e-03,-1.821655482053756714e-01,2.004736363887786865e-01,5.311683192849159241e-02,-1.276328414678573608e-01,4.987177252769470215e-02,9.128719568252563477e-02,1.322149038314819336e-01,5.601371824741363525e-02,-1.141849234700202942e-01,5.411880090832710266e-02
4.187143594026565552e-02,-1.921269297599792480e-01,-8.503122255206108093e-03,9.344265609979629517e-02,2.822574786841869354e-02,-1.210706587880849838e-02,8.973155915737152100e-02,-8.602856099605560303e-02,9.312134981155395508e-02,7.741346489638090134e-04,-1.970029668882489204e-03,1.083598509430885315e-01,-2.970823645591735840e-02,1.132657518610358238e-03,9.907697141170501709e-02,5.944542214274406433e-02,-3.619283437728881836e-02,-4.713412374258041382e-02,-2.760943211615085602e-02,-1.649103127419948578e-02,3.800905868411064148e-02,3.345808014273643494e-02,-1.341589540243148804e-01,-6.581613421440124512e-02,1.280828267335891724e-01,-1.225861459970474243e-01,-8.417725563049316406e-02,2.892740629613399506e-02,-9.704051911830902100e-02,-4.203069210052490234e-02,-9.870897978544235229e-02,-6.538978312164545059e-03,-1.852173656225204468e-01,-5.569436401128768921e-02,1.666016876697540283e-01,-1.903949677944183350e-02,9.059748612344264984e-03,-2.724898792803287506e-02,-6.691127270460128784e-02,6.968754343688488007e-03,-5.594944208860397339e-02,-1.105034872889518738e-01,-3.603367879986763000e-02,9.202413260936737061e-02,-2.775718830525875092e-02,2.699346467852592468e-02,1.163339708000421524e-02,7.451096316799521446e-04,1.278859376907348633e-01,-5.170445516705513000e-02,-1.198399364948272705e-01,-3.362895920872688293e-02,3.177344426512718201e-02,-3.147419169545173645e-02,-9.811927378177642822e-02,2.139305621385574341e-01,-4.456160590052604675e-02,6.733550876379013062e-02,-7.624117285013198853e-02,9.192841127514839172e-03,6.471632421016693115e-02,5.097004026174545288e-02,-3.070610109716653824e-03,2.427131868898868561e-02,1.003156080842018127e-01,1.022159308195114136e-01,6.538114696741104126e-02,-4.394440725445747375e-02,6.680883467197418213e-02,-2.172120846807956696e-02,2.241146266460418701e-01,-1.115391924977302551e-01,-1.265805959701538086e-01,-1.087550297379493713e-01,6.033521890640258789e-02,4.657923430204391479e-02,-1.432724203914403915e-02,-1.086756438016891479e-01,9.787014126777648926e-02,-2.109424769878387451e-02,8.506153710186481476e-03,1.663835495710372925e-01,-1.845969818532466888e-02,-1.020865514874458313e-01,-1.255899965763092041e-01,1.019228249788284302e-01,2.976770885288715363e-02,2.113103866577148438e-02,6.739871203899383545e-02,-7.076199352741241455e-02,-7.914381474256515503e-02,-8.007880300283432007e-03,2.937309071421623230e-02,1.774806529283523560e-01,-1.247193850576877594e-02,-1.296507380902767181e-02,-5.116814374923706055e-02,7.158887386322021484e-02,5.193580314517021179e-02,1.829792372882366180e-02,-1.268528699874877930e-01,-7.553216069936752319e-02,2.808019220829010010e-01,-3.765627741813659668e-02,4.115702956914901733e-02,9.291056543588638306e-02,-4.765995219349861145e-02,8.286806941032409668e-02,8.283205330371856689e-02,1.334829181432723999e-01,-6.646236032247543335e-02,3.197793662548065186e-02,1.389945298433303833e-02,1.343973875045776367e-01,-7.779826223850250244e-02,3.601599857211112976e-02,-1.202712114900350571e-02,-6.929772644070908427e-05,-2.306337952613830566e-01,1.764819324016571045e-01,8.458927273750305176e-02,-1.296475082635879517e-01,4.224469512701034546e-02,7.125498354434967041e-02,1.424785554409027100e-01,8.687422424554824829e-02,-7.856164872646331787e-02,2.023830451071262360e-02
6.012834981083869934e-02,-2.227724045515060425e-01,9.505011141300201416e-03,1.107024103403091431e-01,6.649062782526016235e-02,-8.235596865415573120e-02,9.951315075159072876e-02,-7.786954939365386963e-02,1.247469782829284668e-01,-3.528486564755439758e-02,2.029455965384840965e-03,9.481295943260192871e-02,-3.499448671936988831e-02,-1.728189876303076744e-03,1.068915054202079773e-01,2.886788360774517059e-02,-4.248761758208274841e-02,-7.327754795551300049e-02,1.019199495203793049e-03,-4.696033429354429245e-03,3.865459188818931580e-02,4.418502375483512878e-02,-1.219170987606048584e-01,-2.697886712849140167e-02,1.116656884551048279e-01,-1.204214766621589661e-01,-8.095906674861907959e-02,-1.383763458579778671e-02,-1.041727215051651001e-01,-3.502873331308364868e-02,-9.932789206504821777e-02,-3.981902450323104858e-02,-1.824243366718292236e-01,-5.995177477598190308e-02,1.718963235616683960e-01,-5.087266676127910614e-03,3.913798183202743530e-02,-4.899027198553085327e-02,-4.457518085837364197e-02,1.861609704792499542e-02,-6.922917068004608154e-02,-1.071878373622894287e-01,-4.855825752019882202e-02,4.969601705670356750e-02,-1.389504037797451019e-02,2.856582030653953552e-02,1.510717626661062241e-02,-2.743030199781060219e-03,1.281346976757049561e-01,-3.226260468363761902e-02,-1.313288211822509766e-01,-2.373071201145648956e-02,1.316953450441360474e-02,-3.225950524210929871e-02,-1.204623281955718994e-01,1.873322725296020508e-01,-2.442202717065811157e-02,4.263886809349060059e-02,-7.094265520572662354e-02,3.336300700902938843e-02,4.735257476568222046e-02,6.527531892061233521e-02,3.351054713129997253e-02,2.036601118743419647e-02,7.187147438526153564e-02,1.443288773298263550e-01,4.161127656698226929e-02,-5.583624541759490967e-02,7.852169871330261230e-02,-7.407641410827636719e-02,2.173022478818893433e-01,-1.207353919744491577e-01,-1.130561083555221558e-01,-6.659048050642013550e-02,7.541247457265853882e-02,4.932300001382827759e-02,1.950079016387462616e-02,-1.146731153130531311e-01,9.763053804636001587e-02,-3.500806540250778198e-02,-1.565947663038969040e-03,1.787742078304290771e-01,3.237301483750343323e-03,-9.142530709505081177e-02,-9.278508275747299194e-02,7.728566229343414307e-02,5.445443466305732727e-02,-3.612191416323184967e-03,7.044623792171478271e-02,-6.265279650688171387e-02,-4.898166656494140625e-02,6.590754725039005280e-03,1.315368060022592545e-02,1.715865135192871094e-01,-4.386117681860923767e-02,-7.055739313364028931e-02,-3.235785290598869324e-02,9.882919490337371826e-03,2.336629480123519897e-02,-3.468906506896018982e-02,-1.437550783157348633e-01,-6.730783730745315552e-02,2.309554219245910645e-01,-2.885623462498188019e-02,5.034491419792175293e-02,8.324526250362396240e-02,-5.253219977021217346e-02,7.161206007003784180e-02,7.450147718191146851e-02,1.561923772096633911e-01,-5.398245528340339661e-02,1.653365045785903931e-02,1.253795344382524490e-02,1.463116854429244995e-01,-1.249784827232360840e-01,6.442536413669586182e-02,1.853616908192634583e-02,2.409641863778233528e-03,-2.228744179010391235e-01,1.654132008552551270e-01,8.685657382011413574e-02,-1.074882596731185913e-01,5.696606636047363281e-02,6.333856284618377686e-02,1.783340573310852051e-01,5.994379520416259766e-02,-1.146825030446052551e-01,2.617443539202213287e-02
6.805699318647384644e-02,-2.123530954122543335e-01,-3.944402933120727539e-02,8.087680488824844360e-02,7.604335248470306396e-02,-5.937333405017852783e-02,9.362868964672088623e-02,-7.942793518304824829e-02,9.139881283044815063e-02,-9.480070322751998901e-03,-8.145474828779697418e-03,1.269545108079910278e-01,-1.764181256294250488e-02,-7.103412598371505737e-02,8.336900919675827026e-02,7.159393280744552612e-02,-4.184152558445930481e-02,-3.456148505210876465e-02,-4.715126752853393555e-02,-3.917140886187553406e-02,3.738055750727653503e-02,4.047376662492752075e-02,-1.127195805311203003e-01,-2.368210814893245697e-02,1.553664058446884155e-01,-9.542329609394073486e-02,-6.390098482370376587e-02,2.443774789571762085e-02,-9.697286039590835571e-02,-5.659412126988172531e-03,-8.280419558286666870e-02,-3.639789670705795288e-02,-1.616430729627609253e-01,-5.362286046147346497e-02,1.528748869895935059e-01,-4.685674502979964018e-04,1.365466043353080750e-03,-7.102254778146743774e-02,-6.728795170783996582e-02,-4.492393694818019867e-03,-7.997186481952667236e-02,-1.185433417558670044e-01,-2.029979601502418518e-02,4.489177465438842773e-02,-5.648191645741462708e-02,-9.035618044435977936e-03,-5.674223974347114563e-02,5.605082958936691284e-03,1.073363795876502991e-01,-3.043831698596477509e-02,-1.461158692836761475e-01,3.825275599956512451e-02,5.637444928288459778e-02,-4.025495052337646484e-02,-1.514757126569747925e-01,2.420994043350219727e-01,1.672327518463134766e-03,7.543153333244845271e-05,-1.182844042778015137e-01,-1.677108928561210632e-02,4.129822552204132080e-02,6.123618781566619873e-02,5.433682817965745926e-03,-1.704630814492702484e-02,5.938053131103515625e-02,1.340192407369613647e-01,8.360479027032852173e-03,-5.560539290308952332e-02,8.678220957517623901e-02,-9.672924131155014038e-02,2.064191550016403198e-01,-1.106550469994544983e-01,-1.288903653621673584e-01,-6.698425114154815674e-02,5.402429774403572083e-02,-7.064414210617542267e-03,7.343675475567579269e-03,-7.544577121734619141e-02,9.064940363168716431e-02,-1.503130421042442322e-02,3.481581434607505798e-02,1.634387671947479248e-01,2.960325591266155243e-02,-8.661489933729171753e-02,-1.056689098477363586e-01,5.921619758009910583e-02,4.825032874941825867e-02,4.128785803914070129e-02,7.383516430854797363e-02,-2.604048885405063629e-02,-8.402083814144134521e-02,-3.266707062721252441e-02,1.232042443007230759e-02,2.213654965162277222e-01,-3.429824858903884888e-02,-3.804776072502136230e-02,-7.770411670207977295e-02,7.967354729771614075e-03,-3.976549021899700165e-03,-4.951480031013488770e-02,-1.201658546924591064e-01,-1.118866428732872009e-01,2.106373012065887451e-01,-6.377974152565002441e-02,6.073219329118728638e-02,7.607852667570114136e-02,-7.604277878999710083e-02,9.262494742870330811e-02,6.559169292449951172e-02,1.525807082653045654e-01,-2.429464086890220642e-02,2.975336275994777679e-02,-2.697710320353507996e-02,9.930745512247085571e-02,-9.994663298130035400e-02,3.938930481672286987e-02,5.351452529430389404e-02,2.489087171852588654e-02,-1.743008792400360107e-01,1.950099766254425049e-01,8.658562600612640381e-02,-9.019566327333450317e-02,2.330689318478107452e-02,1.119788736104965210e-01,1.810454279184341431e-01,5.606797640211880207e-04,-1.268309801816940308e-01,-1.047350961016491055e-04
4.928937181830406189e-02,-2.662208378314971924e-01,-6.292733363807201385e-03,8.192761242389678955e-02,7.136274129152297974e-02,-3.465787321329116821e-02,1.265887767076492310e-01,-2.195991016924381256e-02,1.465273350477218628e-01,-5.631954967975616455e-02,1.271234452724456787e-02,1.259128898382186890e-01,-2.710415236651897430e-02,-5.723796784877777100e-02,1.534387916326522827e-01,9.299508482217788696e-02,-7.710123807191848755e-02,-1.244163606315851212e-02,-1.508303359150886536e-02,2.073327638208866119e-02,2.009815350174903870e-02,3.884299844503402710e-02,-1.006236523389816284e-01,-1.351739373058080673e-02,1.606640815734863281e-01,-8.848090469837188721e-02,-1.111435294151306152e-01,3.040755167603492737e-02,-6.520333886146545410e-02,-3.838070854544639587e-02,-7.108735293149948120e-02,-9.130874276161193848e-02,-2.164345532655715942e-01,-6.242378056049346924e-02,1.839920580387115479e-01,1.312308129854500294e-03,3.922897949814796448e-02,-5.526732280850410461e-02,-5.162726715207099915e-02,-2.711114706471562386e-03,-3.385509364306926727e-03,-4.427733272314071655e-02,-5.046259611845016479e-02,7.077996432781219482e-02,-7.425335049629211426e-02,9.722669422626495361e-02,-5.201644822955131531e-02,-2.332907402887940407e-03,1.047952398657798767e-01,3.707563271746039391e-03,-1.483966708183288574e-01,2.164621837437152863e-02,-1.880159229040145874e-02,-1.439880207180976868e-02,-5.359252542257308960e-02,1.551259160041809082e-01,7.974723353981971741e-03,1.003560125827789307e-01,-6.032767891883850098e-02,-3.215555846691131592e-02,7.045488338917493820e-03,8.197613805532455444e-02,5.389102920889854431e-02,3.825484961271286011e-02,8.580039441585540771e-02,1.356556564569473267e-01,5.362056940793991089e-02,-3.847371786832809448e-02,6.326115876436233521e-02,-9.734805673360824585e-02,2.384917289018630981e-01,-9.349398314952850342e-02,-1.683573424816131592e-01,-8.177902549505233765e-02,-1.445429213345050812e-02,7.266288995742797852e-02,2.671144343912601471e-02,-7.986131310462951660e-02,1.033241823315620422e-01,-5.206396058201789856e-02,2.581304870545864105e-02,1.697105914354324341e-01,-9.149663150310516357e-03,-1.005367562174797058e-01,-6.990066170692443848e-02,4.889992997050285339e-02,1.083476021885871887e-01,-3.095944225788116455e-02,1.143903359770774841e-01,-1.763553358614444733e-02,-6.427065283060073853e-02,-4.553248174488544464e-03,1.553356461226940155e-02,1.444428861141204834e-01,2.493150997906923294e-03,-7.387244701385498047e-02,-8.240690827369689941e-02,-3.762787673622369766e-03,-2.923626219853758812e-03,-2.475572004914283752e-02,-9.410717338323593140e-02,-7.935116440057754517e-02,2.069797366857528687e-01,-2.793250605463981628e-02,4.800537228584289551e-02,2.385049127042293549e-03,-2.200006507337093353e-02,7.611302286386489868e-02,1.104914844036102295e-01,1.555367708206176758e-01,-4.650241136550903320e-02,1.837621629238128662e-02,2.945371717214584351e-02,9.575782716274261475e-02,-1.367332041263580322e-01,6.963089108467102051e-02,7.174856960773468018e-02,-5.322655290365219116e-02,-1.501543074846267700e-01,9.271372854709625244e-02,8.505901694297790527e-02,-1.008982807397842407e-01,6.674981862306594849e-02,7.109524309635162354e-02,1.754889488220214844e-01,-2.034880965948104858e-02,-1.038069650530815125e-01,-2.303407993167638779e-03
6.123645976185798645e-02,-2.256343066692352295e-01,9.508301503956317902e-03,3.049468435347080231e-02,1.104245930910110474e-01,-4.628727212548255920e-02,7.556744664907455444e-02,-2.656152471899986267e-02,1.799150556325912476e-01,-1.611149758100509644e-01,1.997221261262893677e-02,1.312368810176849365e-01,-7.541993260383605957e-02,-5.731839686632156372e-02,1.655910313129425049e-01,8.925908058881759644e-02,-6.601572036743164062e-02,-2.963653020560741425e-02,-1.343410927802324295e-02,4.805982462130486965e-04,2.895409055054187775e-02,8.547607809305191040e-02,-7.661854475736618042e-02,3.990260139107704163e-02,1.238440126180648804e-01,-1.194318681955337524e-01,-7.871930301189422607e-02,3.179864957928657532e-03,-6.533654779195785522e-02,2.212447347119450569e-03,-8.865918964147567749e-02,-7.470740377902984619e-02,-2.103759646415710449e-01,-5.819680541753768921e-02,1.784966140985488892e-01,-3.618940711021423340e-03,1.045649754814803600e-03,-3.927415981888771057e-02,-7.495723664760589600e-03,2.304286137223243713e-02,5.440563894808292389e-03,-3.853067383170127869e-02,-3.877496346831321716e-02,1.947560720145702362e-02,-1.110739335417747498e-01,7.131512463092803955e-02,-3.899417445063591003e-02,5.456433072686195374e-02,8.437043428421020508e-02,-6.248375866562128067e-03,-1.101740002632141113e-01,2.723933756351470947e-02,-1.326208282262086868e-02,-3.581475839018821716e-02,-8.372771739959716797e-02,1.234447360038757324e-01,-2.897043712437152863e-02,7.376888394355773926e-02,-7.885529100894927979e-02,3.153043240308761597e-02,-1.073358673602342606e-02,7.356821745634078979e-02,1.003500297665596008e-01,7.805366814136505127e-02,1.148611381649971008e-01,1.216062754392623901e-01,9.906248003244400024e-02,-3.253726288676261902e-02,4.598678275942802429e-02,-7.113391906023025513e-02,1.979981362819671631e-01,-8.976860344409942627e-02,-1.280883103609085083e-01,-4.566504433751106262e-02,-5.315212067216634750e-03,3.892999887466430664e-02,1.065381765365600586e-01,-6.548541784286499023e-02,1.244494915008544922e-01,-4.824820533394813538e-02,1.629063114523887634e-02,1.608243733644485474e-01,4.983266815543174744e-02,-1.089686378836631775e-01,-5.005968734622001648e-02,3.996160998940467834e-02,1.212897971272468567e-01,-5.664455518126487732e-02,1.007315143942832947e-01,-9.362196549773216248e-03,-2.256706543266773224e-02,-4.723842814564704895e-02,1.052659284323453903e-02,5.142693594098091125e-02,-3.840987756848335266e-02,-7.046654820442199707e-02,-6.817072629928588867e-02,-7.370086759328842163e-02,-3.782927244901657104e-02,-2.423705905675888062e-02,-1.422764211893081665e-01,-6.566062569618225098e-02,2.075928747653961182e-01,-5.534611642360687256e-03,1.177667528390884399e-01,2.588229952380061150e-03,-1.859598606824874878e-02,7.896424084901809692e-02,8.450270444154739380e-02,1.496886759996414185e-01,-2.439741976559162140e-02,3.225762769579887390e-02,3.426974406465888023e-03,1.055429801344871521e-01,-8.405704051256179810e-02,9.008037298917770386e-02,1.166127100586891174e-01,-4.723045974969863892e-02,-1.817927062511444092e-01,8.528750389814376831e-02,1.422815769910812378e-01,-1.219599321484565735e-01,1.010934934020042419e-01,8.383310586214065552e-02,1.768723875284194946e-01,1.489944872446358204e-03,-1.135520786046981812e-01,-3.007368184626102448e-02
8.367533236742019653e-02,-2.028231471776962280e-01,2.514453232288360596e-02,6.987269222736358643e-02,1.095931977033615112e-01,-2.452559769153594971e-02,7.831790298223495483e-02,3.567446768283843994e-02,1.807510256767272949e-01,-1.019412800669670105e-01,1.849213428795337677e-02,1.596271693706512451e-01,-1.017130985856056213e-01,-5.489081516861915588e-02,1.153130829334259033e-01,6.094894930720329285e-02,-8.483685553073883057e-02,-4.258596897125244141e-02,2.537961862981319427e-02,-1.466300524771213531e-02,7.412016391754150391e-02,8.538749814033508301e-02,-1.413038522005081177e-01,3.434736654162406921e-02,1.323421001434326172e-01,-9.521333873271942139e-02,-7.419273257255554199e-02,-4.798170644789934158e-03,-9.815303236246109009e-02,-4.475625976920127869e-02,-6.912115961313247681e-02,-4.453676566481590271e-02,-2.291214913129806519e-01,-4.838095232844352722e-02,1.621495336294174194e-01,2.085327170789241791e-02,1.609932444989681244e-02,-7.689161598682403564e-02,-3.672588244080543518e-02,-1.120329648256301880e-02,-1.407187525182962418e-02,-5.314525216817855835e-02,-1.419162284582853317e-02,-1.000962685793638229e-02,-1.665244102478027344e-01,8.360225707292556763e-02,-5.921369418501853943e-02,4.685837775468826294e-02,3.543264418840408325e-02,-1.999295875430107117e-02,-1.143272444605827332e-01,1.261346973478794098e-02,-3.083039447665214539e-02,-4.838092625141143799e-02,-7.568190246820449829e-02,1.062155812978744507e-01,-3.466862067580223083e-02,7.189295440912246704e-02,-1.643550843000411987e-01,2.523506991565227509e-02,-2.096178568899631500e-02,7.489487528800964355e-02,4.117739945650100708e-02,7.248444855213165283e-02,8.408206701278686523e-02,1.040245145559310913e-01,7.002218812704086304e-02,-4.117561131715774536e-02,6.888242065906524658e-02,-7.738718390464782715e-02,2.015039324760437012e-01,-1.186619326472282410e-01,-1.474296748638153076e-01,-5.914488807320594788e-02,2.331533141841646284e-05,4.687999188899993896e-02,9.390205144882202148e-02,-8.636861294507980347e-02,1.180737689137458801e-01,2.042493782937526703e-02,1.170592010021209717e-02,1.914601475000381470e-01,3.246532380580902100e-02,-1.292509138584136963e-01,-4.224536195397377014e-02,4.568447545170783997e-02,7.897830009460449219e-02,-6.079628318548202515e-02,1.169076412916183472e-01,-2.288873493671417236e-02,2.395652001723647118e-03,-1.915162615478038788e-02,4.433120414614677429e-02,5.250811204314231873e-02,1.359676569700241089e-02,-5.255480855703353882e-02,-6.427293270826339722e-02,-4.054427146911621094e-02,7.648057071492075920e-04,-1.922950521111488342e-02,-8.584734052419662476e-02,-6.984889507293701172e-02,1.896617859601974487e-01,-1.623341254889965057e-02,3.495618700981140137e-02,2.132270671427249908e-02,-4.327232390642166138e-02,1.038030087947845459e-01,6.644549965858459473e-02,1.432484835386276245e-01,-1.837290637195110321e-02,2.180535905063152313e-02,-2.673761360347270966e-02,1.110025793313980103e-01,-1.146456822752952576e-01,9.427779167890548706e-02,1.298428028821945190e-01,-2.200419269502162933e-02,-2.078299522399902344e-01,8.388663828372955322e-02,1.408310085535049438e-01,-1.031930297613143921e-01,4.994791001081466675e-02,1.338735371828079224e-01,1.414740085601806641e-01,-2.331757172942161560e-02,-1.010471433401107788e-01,5.097120534628629684e-03
4.400361701846122742e-02,-2.007070481777191162e-01,1.149306632578372955e-02,5.828449130058288574e-02,1.113055571913719177e-01,-5.564063787460327148e-02,5.441797524690628052e-02,1.074762083590030670e-02,1.307746917009353638e-01,-1.109774634242057800e-01,-4.156881570816040039e-02,1.527476310729980469e-01,-1.067783609032630920e-01,-8.661795407533645630e-02,1.848587989807128906e-01,7.178363204002380371e-02,-4.828343540430068970e-02,-5.910118669271469116e-02,-1.546107605099678040e-02,2.251823805272579193e-02,2.713070064783096313e-02,8.728236705064773560e-02,-6.457925587892532349e-02,-4.413620010018348694e-02,1.298478245735168457e-01,-1.195820197463035583e-01,-9.006388485431671143e-02,2.096781320869922638e-02,-9.995944052934646606e-02,-6.534981727600097656e-02,-7.081970572471618652e-02,-7.848923653364181519e-02,-2.230404168367385864e-01,2.966575324535369873e-03,2.111912965774536133e-01,-3.085334599018096924e-02,2.486452832818031311e-02,-6.953054666519165039e-02,-3.698645904660224915e-02,2.879448048770427704e-02,1.898476481437683105e-02,-5.012450739741325378e-03,-3.786746785044670105e-02,5.339227244257926941e-02,-9.764883667230606079e-02,1.095117852091789246e-01,9.352184832096099854e-03,3.126613050699234009e-02,5.269464477896690369e-02,-2.101905271410942078e-02,-1.367773562669754028e-01,5.249843467026948929e-03,-3.525899723172187805e-02,-3.270713239908218384e-02,-8.514335006475448608e-02,1.069689393043518066e-01,-5.902586132287979126e-02,8.647840470075607300e-02,-8.472383022308349609e-02,-6.551899015903472900e-03,-3.802437707781791687e-02,7.317884266376495361e-02,4.700918495655059814e-02,2.897056750953197479e-02,9.367243945598602295e-02,7.371907681226730347e-02,9.006866812705993652e-02,-2.558855526149272919e-02,2.980262227356433868e-02,-4.333638772368431091e-02,1.787936687469482422e-01,-1.238655000925064087e-01,-1.652615517377853394e-01,-8.380954712629318237e-02,-1.896345987915992737e-02,1.054869312793016434e-02,1.168330386281013489e-01,-8.414935320615768433e-02,1.575214564800262451e-01,-8.000567555427551270e-02,-2.189430408179759979e-02,1.709122508764266968e-01,2.552017942070960999e-02,-1.054420918226242065e-01,-5.449269339442253113e-02,5.401761084794998169e-02,7.066348195075988770e-02,-2.298132516443729401e-02,1.133355423808097839e-01,-5.787585303187370300e-02,-3.790393844246864319e-02,-4.569810256361961365e-02,1.343267876654863358e-02,3.046401217579841614e-02,-2.801188267767429352e-02,-6.420759856700897217e-02,-5.225584656000137329e-02,-2.508160099387168884e-02,-1.008613593876361847e-02,6.718527525663375854e-03,-9.419517964124679565e-02,-1.014101952314376831e-01,1.778704524040222168e-01,-1.091796252876520157e-02,7.620921730995178223e-02,-8.925933390855789185e-03,-5.014091357588768005e-02,9.639045596122741699e-02,8.250176161527633667e-02,1.391007006168365479e-01,-5.946993082761764526e-02,3.896893560886383057e-02,4.748825728893280029e-02,1.421290487051010132e-01,-6.041052937507629395e-02,1.019963622093200684e-01,1.147465109825134277e-01,-5.964396893978118896e-02,-1.927866041660308838e-01,1.257458925247192383e-01,9.759844094514846802e-02,-1.197240278124809265e-01,8.520568907260894775e-02,7.040101289749145508e-02,1.832681894302368164e-01,1.195790059864521027e-02,-1.221727356314659119e-01,-5.383671075105667114e-02
7.088220864534378052e-02,-2.047490179538726807e-01,1.455601304769515991e-02,4.692301899194717407e-02,1.209108605980873108e-01,-7.303754240274429321e-02,9.403068572282791138e-02,-5.816299095749855042e-02,1.546999663114547729e-01,-1.110685393214225769e-01,-4.208109900355339050e-02,1.553304940462112427e-01,-9.492361545562744141e-02,-5.686253681778907776e-02,1.798408478498458862e-01,8.068905770778656006e-02,-3.001745603978633881e-02,-4.950658977031707764e-02,1.675863168202340603e-03,-5.179234780371189117e-03,3.097015619277954102e-02,6.422253698110580444e-02,-8.152678608894348145e-02,-2.030971460044384003e-02,1.250158846378326416e-01,-1.082768216729164124e-01,-8.920139819383621216e-02,-3.976034000515937805e-03,-1.350165903568267822e-01,-6.355494260787963867e-02,-8.398347347974777222e-02,-8.001002669334411621e-02,-2.141356021165847778e-01,-3.500120714306831360e-02,1.801628470420837402e-01,-2.481257170438766479e-02,3.449045494198799133e-02,-6.057458743453025818e-02,-5.832923948764801025e-02,2.930168248713016510e-02,-1.040418352931737900e-02,-5.407014861702919006e-02,-4.423193633556365967e-02,4.565216973423957825e-02,-9.540204703807830811e-02,1.032924652099609375e-01,9.402208961546421051e-03,6.807871162891387939e-02,6.378861516714096069e-02,-3.765936568379402161e-02,-1.444867700338363647e-01,1.165999565273523331e-02,-1.161838136613368988e-02,-5.240920558571815491e-02,-9.023583680391311646e-02,1.434336602687835693e-01,-2.977453544735908508e-02,6.715943664312362671e-02,-5.270337685942649841e-02,-2.366991527378559113e-02,-1.187026384286582470e-03,8.343809098005294800e-02,3.805791214108467102e-02,2.710611745715141296e-02,4.514895379543304443e-02,4.176228865981101990e-02,9.263803064823150635e-02,-1.427738927304744720e-02,6.664270162582397461e-02,-3.231262788176536560e-02,1.489409506320953369e-01,-1.137071996927261353e-01,-1.833448261022567749e-01,-7.382544130086898804e-02,5.099207162857055664e-03,4.195781052112579346e-02,9.856799244880676270e-02,-1.006253585219383240e-01,1.424783319234848022e-01,-7.501115649938583374e-02,6.397258490324020386e-03,1.938250809907913208e-01,1.516779419034719467e-02,-7.695885747671127319e-02,-5.997749418020248413e-02,3.736989945173263550e-02,9.218534082174301147e-02,-2.307050116360187531e-02,1.098537221550941467e-01,-6.201182305812835693e-02,-4.796767979860305786e-02,-3.791381418704986572e-02,3.436427935957908630e-02,8.042403310537338257e-02,-5.755987018346786499e-03,-8.230953663587570190e-02,-4.025058075785636902e-02,-2.886976487934589386e-02,3.257741406559944153e-02,4.108641762286424637e-03,-7.940673828125000000e-02,-9.114463627338409424e-02,1.463874429464340210e-01,-2.163228392601013184e-02,7.866612076759338379e-02,-8.517244132235646248e-04,-3.738192096352577209e-02,7.836893200874328613e-02,8.526839315891265869e-02,1.443578451871871948e-01,-7.610455900430679321e-02,3.857624903321266174e-02,3.453033417463302612e-02,1.394154429435729980e-01,-5.127352848649024963e-02,7.527230679988861084e-02,1.043522059917449951e-01,-4.376473277807235718e-02,-1.958672553300857544e-01,1.236726865172386169e-01,9.565217792987823486e-02,-1.469047218561172485e-01,1.038602739572525024e-01,7.611168175935745239e-02,2.058151513338088989e-01,1.910880021750926971e-02,-1.237888410687446594e-01,-1.479183044284582138e-02
6.287954747676849365e-02,-1.883782297372817993e-01,6.012991443276405334e-02,5.444322526454925537e-02,7.722851634025573730e-02,-5.754404887557029724e-02,1.159018799662590027e-01,-7.657532393932342529e-02,1.454565674066543579e-01,-9.109193831682205200e-02,-4.129804670810699463e-02,1.642278730869293213e-01,-6.365623325109481812e-02,-8.788162469863891602e-02,1.342016607522964478e-01,6.268589198589324951e-02,-1.439891196787357330e-02,-7.951658219099044800e-02,-3.921817988157272339e-03,-3.666134318336844444e-03,4.001929238438606262e-02,5.337635800242424011e-02,-8.556976169347763062e-02,-2.682315185666084290e-02,9.935843199491500854e-02,-1.214041113853454590e-01,-3.967472165822982788e-02,1.854603993706405163e-03,-1.306549310684204102e-01,-7.877350598573684692e-02,-5.416584387421607971e-02,-8.839376270771026611e-02,-2.075558602809906006e-01,-1.507407752797007561e-03,1.890423595905303955e-01,-4.169183596968650818e-02,3.436913341283798218e-02,-4.835565388202667236e-02,-3.606814146041870117e-02,3.218342363834381104e-02,-1.099663879722356796e-02,-5.958461388945579529e-02,-7.793802767992019653e-02,-6.977331824600696564e-03,-1.044987440109252930e-01,1.064896732568740845e-01,1.445567701011896133e-02,4.176012426614761353e-02,6.846704334020614624e-02,-5.656895413994789124e-02,-1.137267351150512695e-01,1.558926771394908428e-03,-2.420073561370372772e-02,-4.816498607397079468e-02,-7.765846699476242065e-02,9.895699471235275269e-02,-6.499752402305603027e-02,9.623464196920394897e-02,-7.928761839866638184e-02,1.207881141453981400e-02,-6.219359580427408218e-03,7.076667249202728271e-02,8.431340754032135010e-02,4.410853236913681030e-02,4.900751262903213501e-02,9.250215440988540649e-02,5.258384719491004944e-02,-9.758784435689449310e-03,6.222518160939216614e-02,-2.354790829122066498e-02,1.788487881422042847e-01,-1.640989482402801514e-01,-1.294491291046142578e-01,-1.048668920993804932e-01,2.813588827848434448e-02,2.291884087026119232e-02,9.605845808982849121e-02,-1.292394995689392090e-01,7.568021118640899658e-02,-7.507454603910446167e-02,1.862265402451157570e-03,2.197211533784866333e-01,5.468503013253211975e-02,-1.201070398092269897e-01,-7.043991237878799438e-02,4.052241891622543335e-02,5.273469164967536926e-02,-3.571635344997048378e-03,5.962098017334938049e-02,-6.685613840818405151e-02,-3.149480000138282776e-02,-6.127014756202697754e-02,2.414288930594921112e-02,8.835408091545104980e-02,5.057334899902343750e-02,-8.191870898008346558e-02,-1.311895437538623810e-02,-4.861528798937797546e-02,2.331637591123580933e-02,1.020286791026592255e-02,-1.044442579150199890e-01,-1.248794049024581909e-01,1.581486165523529053e-01,4.112973343580961227e-03,7.221595942974090576e-02,2.792922407388687134e-02,-4.433238133788108826e-02,4.555429890751838684e-02,7.540182024240493774e-02,1.428434997797012329e-01,-8.416377753019332886e-02,7.467088103294372559e-02,2.184749767184257507e-02,1.404137611389160156e-01,-6.125311180949211121e-02,1.206944659352302551e-01,7.361438125371932983e-02,3.502359241247177124e-02,-1.934028714895248413e-01,9.554697573184967041e-02,1.466675400733947754e-01,-1.474316716194152832e-01,8.390679955482482910e-02,7.707519084215164185e-02,2.144802361726760864e-01,3.857575589790940285e-03,-1.165484786033630371e-01,1.540834270417690277e-02
2.832180447876453400e-02,-2.207127958536148071e-01,-8.293426595628261566e-03,1.267787162214517593e-02,8.809566497802734375e-02,-4.009336233139038086e-02,9.734400361776351929e-02,-5.152071267366409302e-02,1.387240290641784668e-01,-1.109005883336067200e-01,-5.124703049659729004e-02,1.476117968559265137e-01,-1.175779923796653748e-01,-6.016967818140983582e-02,1.692776232957839966e-01,3.249456733465194702e-02,-5.141570698469877243e-03,-4.428958147764205933e-02,-2.729826793074607849e-02,-4.175272956490516663e-02,-1.066923886537551880e-02,6.896848231554031372e-02,-8.371734619140625000e-02,-2.785938978195190430e-02,1.035787165164947510e-01,-1.448958516120910645e-01,-7.196389138698577881e-02,2.334185503423213959e-02,-1.148853749036788940e-01,-6.054512038826942444e-02,-6.980671733617782593e-02,-8.613619208335876465e-02,-2.051512598991394043e-01,-4.233621805906295776e-02,2.091893404722213745e-01,6.705634761601686478e-03,4.313891008496284485e-02,-3.746713697910308838e-02,-4.120763763785362244e-02,1.024366356432437897e-02,-3.186976909637451172e-02,-6.127072870731353760e-02,-2.919665351510047913e-02,9.808527678251266479e-02,-4.683887585997581482e-02,7.919365167617797852e-02,-3.848637267947196960e-02,4.096046090126037598e-02,3.779619932174682617e-02,-2.275367267429828644e-02,-1.234983205795288086e-01,-3.536896407604217529e-02,-4.124264046549797058e-02,-4.171127453446388245e-03,-8.714894205331802368e-02,1.555012762546539307e-01,-7.841303944587707520e-02,7.550318539142608643e-02,-8.553834259510040283e-02,-3.448817506432533264e-02,2.718201838433742523e-02,5.144483968615531921e-02,3.024893254041671753e-02,-7.302972022444009781e-03,8.129451423883438110e-02,9.646552056074142456e-02,3.627127408981323242e-02,-3.104992024600505829e-02,5.974378064274787903e-02,-1.518610678613185883e-02,1.847246736288070679e-01,-1.364503651857376099e-01,-1.756704449653625488e-01,-1.100483015179634094e-01,2.122839726507663727e-02,2.239659056067466736e-02,6.830618530511856079e-02,-1.251846253871917725e-01,8.991660177707672119e-02,-7.939419895410537720e-02,4.664780572056770325e-02,1.772129982709884644e-01,3.521170467138290405e-02,-1.019030660390853882e-01,-6.723173707723617554e-02,7.796691358089447021e-02,9.585957974195480347e-02,2.568096679169684649e-04,9.763602167367935181e-02,-6.017674133181571960e-02,-3.556202352046966553e-02,-1.748293265700340271e-02,3.750514984130859375e-02,8.991695940494537354e-02,2.724775485694408417e-02,-7.641723006963729858e-02,-4.309317469596862793e-02,-1.047921460121870041e-02,2.566224150359630585e-02,-1.948162168264389038e-02,-1.355704367160797119e-01,-1.287889480590820312e-01,1.412868946790695190e-01,1.136719435453414917e-02,1.074804663658142090e-01,-2.553153084591031075e-03,-4.640048742294311523e-02,1.118001565337181091e-01,1.072600185871124268e-01,1.320140510797500610e-01,-1.021954491734504700e-01,6.211504340171813965e-02,6.545324344187974930e-03,8.173203468322753906e-02,-7.494734227657318115e-02,8.233880996704101562e-02,6.423501670360565186e-02,-4.307992011308670044e-02,-1.803947389125823975e-01,1.409243494272232056e-01,8.444020897150039673e-02,-1.722211986780166626e-01,9.743844717741012573e-02,7.083903998136520386e-02,1.716935783624649048e-01,2.358866296708583832e-02,-1.004042923450469971e-01,5.343053489923477173e-03
1.385006401687860489e-02,-2.109208256006240845e-01,2.612162195146083832e-02,6.723516434431076050e-02,6.068912893533706665e-02,-5.481061711907386780e-02,7.808964699506759644e-02,-2.501546964049339294e-02,7.638392597436904907e-02,-1.454999903216958046e-03,-4.630715399980545044e-02,1.622573435306549072e-01,-5.798020213842391968e-02,-1.052661389112472534e-01,1.083996295928955078e-01,6.286363303661346436e-02,-2.524231001734733582e-02,-5.164382234215736389e-02,-4.200504347681999207e-02,-6.055802106857299805e-02,4.147024080157279968e-02,-3.001600876450538635e-02,-1.488953083753585815e-01,-6.549918651580810547e-02,9.388010203838348389e-02,-6.071120500564575195e-02,-7.289147377014160156e-02,5.645663663744926453e-02,-1.235496327280998230e-01,-3.847214952111244202e-02,-4.148477315902709961e-02,-3.172694519162178040e-02,-2.169944345951080322e-01,-9.913969039916992188e-02,1.084955781698226929e-01,-8.573593199253082275e-02,3.090439364314079285e-02,-6.241125240921974182e-02,-1.254599988460540771e-01,-3.324823454022407532e-02,-1.889269053936004639e-02,-7.970496267080307007e-02,-8.801758289337158203e-02,5.480165779590606689e-02,-6.017608568072319031e-02,9.765502065420150757e-02,-3.164212033152580261e-02,4.324632883071899414e-02,2.169407717883586884e-02,2.619932591915130615e-02,-1.465243846178054810e-01,-1.455261558294296265e-02,-3.459392488002777100e-02,3.059603646397590637e-02,-1.537591516971588135e-01,1.760769486427307129e-01,-3.598766773939132690e-02,5.337923392653465271e-02,-1.119834855198860168e-01,-2.703235298395156860e-02,1.908854208886623383e-02,1.845997571945190430e-02,1.714107580482959747e-02,-1.468332251533865929e-03,2.560675144195556641e-02,9.877831488847732544e-02,2.700996957719326019e-02,-3.823949024081230164e-02,1.325927078723907471e-01,-3.050556592643260956e-02,1.344463974237442017e-01,-1.286162585020065308e-01,-1.629202961921691895e-01,-1.218135654926300049e-01,1.478246971964836121e-02,1.349737402051687241e-02,-2.082193084061145782e-02,-6.958591192960739136e-02,1.230850517749786377e-01,-6.249194592237472534e-02,6.428791582584381104e-02,1.373483538627624512e-01,1.504358462989330292e-02,-1.476816982030868530e-01,-1.045814454555511475e-01,5.013217777013778687e-02,1.540421857498586178e-03,1.735916174948215485e-02,1.162181422114372253e-01,-5.138831958174705505e-02,-8.811987191438674927e-02,-1.639974303543567657e-02,-3.068527951836585999e-02,2.047320306301116943e-01,-2.450818382203578949e-02,-3.433874994516372681e-02,-6.593044847249984741e-02,6.724471691995859146e-03,9.214663505554199219e-02,7.153168320655822754e-03,-1.013827696442604065e-01,-1.429567337036132812e-01,1.402744352817535400e-01,-2.360397391021251678e-02,9.556547552347183228e-02,5.899168923497200012e-02,-1.046906784176826477e-01,9.168896824121475220e-02,5.049762129783630371e-02,1.755829900503158569e-01,-5.796322599053382874e-02,2.225539647042751312e-02,3.279500454664230347e-02,1.088685020804405212e-01,-6.849848479032516479e-02,7.502648979425430298e-02,7.665006816387176514e-02,7.080174051225185394e-03,-1.656947582960128784e-01,2.148695737123489380e-01,1.136134639382362366e-01,-1.283524930477142334e-01,3.125919261947274208e-03,8.723117411136627197e-02,1.326927989721298218e-01,-3.517068922519683838e-02,-1.022494807839393616e-01,-5.531589314341545105e-02
7.771754264831542969e-02,-1.967580318450927734e-01,2.999969199299812317e-02,8.560267090797424316e-02,6.370493024587631226e-02,-6.367328763008117676e-02,8.415545523166656494e-02,-2.609584480524063110e-02,5.183590576052665710e-02,3.489133715629577637e-02,-9.829012304544448853e-02,1.065431758761405945e-01,-5.167999491095542908e-02,-9.533574432134628296e-02,7.426859438419342041e-02,7.625359296798706055e-02,-5.457824468612670898e-02,-9.800147265195846558e-02,-5.799124389886856079e-02,-5.223210901021957397e-02,9.543568640947341919e-02,1.697486825287342072e-02,-1.357540488243103027e-01,-7.649467885494232178e-02,9.878424555063247681e-02,-1.107810214161872864e-01,-8.669203519821166992e-02,1.804434508085250854e-02,-1.387854963541030884e-01,-4.477723315358161926e-02,-3.080895543098449707e-02,-5.770311504602432251e-02,-2.056501358747482300e-01,-8.361516147851943970e-02,1.386725753545761108e-01,-2.911151386797428131e-02,3.391161188483238220e-02,-7.153980433940887451e-02,-1.031210422515869141e-01,-4.224281758069992065e-03,-5.025538057088851929e-02,-8.800010383129119873e-02,-7.638309895992279053e-02,5.449048429727554321e-02,-7.545454800128936768e-02,9.399168193340301514e-02,-7.361234631389379501e-03,-1.500304788351058960e-03,2.286341041326522827e-02,4.682185128331184387e-02,-1.460718512535095215e-01,-1.412455737590789795e-02,-3.343256935477256775e-02,1.233138889074325562e-02,-1.332984417676925659e-01,1.379932016134262085e-01,-2.600714378058910370e-02,3.563905134797096252e-02,-1.043224111199378967e-01,-4.275416955351829529e-02,5.140563100576400757e-02,7.398381084203720093e-02,-4.641139879822731018e-03,3.042692691087722778e-02,4.510139301419258118e-02,1.003063991665840149e-01,3.649185597896575928e-02,-6.788347661495208740e-02,1.373920440673828125e-01,1.458579488098621368e-02,1.996364295482635498e-01,-9.542325139045715332e-02,-1.543277502059936523e-01,-8.979719877243041992e-02,-2.315241098403930664e-02,1.624474674463272095e-02,4.507801309227943420e-02,-8.932325989007949829e-02,1.498305350542068481e-01,-5.658322200179100037e-02,5.051344633102416992e-02,1.619571447372436523e-01,-2.368087135255336761e-02,-1.419076472520828247e-01,-5.180183425545692444e-02,2.552827447652816772e-02,9.174485690891742706e-03,-1.950875390321016312e-03,1.481577008962631226e-01,-2.874512970447540283e-02,-6.487558782100677490e-02,-3.706541657447814941e-02,-2.037137188017368317e-02,1.892028152942657471e-01,-4.919487610459327698e-02,-4.179893806576728821e-02,-2.741445787250995636e-02,-4.366640746593475342e-02,3.875831887125968933e-02,-5.943551287055015564e-02,-9.766466170549392700e-02,-8.445382863283157349e-02,1.575413197278976440e-01,-4.968348518013954163e-02,6.621633470058441162e-02,8.960770815610885620e-02,-1.040940955281257629e-01,7.301922887563705444e-02,5.754584074020385742e-02,1.702635288238525391e-01,-8.737140893936157227e-02,3.628697246313095093e-02,3.278808435425162315e-03,1.113219633698463440e-01,-8.989606052637100220e-02,1.195566803216934204e-01,8.883109688758850098e-02,-4.453529417514801025e-02,-1.692942380905151367e-01,2.005418241024017334e-01,5.568103864789009094e-02,-8.860652148723602295e-02,6.142435595393180847e-02,7.816445082426071167e-02,1.561805307865142822e-01,-5.269142985343933105e-02,-1.007521376013755798e-01,-1.172041520476341248e-02
4.672130197286605835e-02,-2.667064070701599121e-01,3.071611560881137848e-02,8.408708125352859497e-02,8.265957981348037720e-02,-3.151667490601539612e-02,8.332016319036483765e-02,-2.617004327476024628e-02,3.219357505440711975e-02,1.347214169800281525e-02,-6.272933632135391235e-02,9.614546597003936768e-02,-8.871861547231674194e-02,-7.410561293363571167e-02,8.425498753786087036e-02,1.112387850880622864e-01,-8.435324579477310181e-02,-5.869659408926963806e-02,-6.428449600934982300e-02,-6.174156069755554199e-02,5.902697518467903137e-02,-9.476163424551486969e-03,-1.384907066822052002e-01,-4.088383167982101440e-02,9.332744777202606201e-02,-1.588503271341323853e-01,-1.163959801197052002e-01,-7.561189122498035431e-03,-1.068499758839607239e-01,-7.694587111473083496e-02,2.163909375667572021e-03,-5.691739916801452637e-02,-2.155435979366302490e-01,-6.757394969463348389e-02,7.465202361345291138e-02,-3.212730586528778076e-02,1.249384414404630661e-02,-6.952615082263946533e-02,-8.258587121963500977e-02,1.389739662408828735e-02,-2.976784482598304749e-02,-6.617788970470428467e-02,-3.233331814408302307e-02,4.851375147700309753e-02,-5.183230713009834290e-02,9.355344623327255249e-02,-3.155962750315666199e-02,6.598209030926227570e-03,3.862516209483146667e-02,3.572705388069152832e-02,-1.620661020278930664e-01,1.574999280273914337e-02,-4.747212678194046021e-02,1.730951108038425446e-02,-1.200313195586204529e-01,1.771802604198455811e-01,6.556855048984289169e-03,3.350824862718582153e-02,-9.657187759876251221e-02,-8.778134733438491821e-02,-9.371992200613021851e-05,9.878467023372650146e-02,2.083224244415760040e-02,-2.119206078350543976e-02,4.188232868909835815e-02,1.148452460765838623e-01,2.629193291068077087e-02,-8.935100585222244263e-02,1.211058646440505981e-01,-2.301459014415740967e-02,1.964411288499832153e-01,-9.308081120252609253e-02,-1.478825360536575317e-01,-1.317006945610046387e-01,1.521006412804126740e-02,4.891084041446447372e-03,4.255768656730651855e-02,-7.039184868335723877e-02,1.500703841447830200e-01,-6.473685801029205322e-02,7.577899843454360962e-02,1.350593715906143188e-01,-5.813255906105041504e-03,-1.041597574949264526e-01,-8.667667210102081299e-02,3.347296966239809990e-03,6.894788704812526703e-03,-1.471650972962379456e-02,1.082267835736274719e-01,-3.163131698966026306e-02,-7.574277371168136597e-02,-7.414447516202926636e-02,-1.984502561390399933e-02,2.152925729751586914e-01,1.005015429109334946e-02,-3.406862914562225342e-02,-3.595800325274467468e-02,2.234374172985553741e-02,7.322875410318374634e-02,1.554963062517344952e-03,-1.044983863830566406e-01,-8.002483844757080078e-02,1.768775433301925659e-01,-3.222946077585220337e-02,5.487421527504920959e-02,2.859037742018699646e-02,-9.162221848964691162e-02,1.147562712430953979e-01,3.709658980369567871e-02,1.714889854192733765e-01,-6.681372225284576416e-02,9.547801688313484192e-03,1.596386544406414032e-02,9.681058675050735474e-02,-7.643963396549224854e-02,9.634193032979965210e-02,5.764250084757804871e-02,-4.409921914339065552e-02,-1.726239770650863647e-01,2.041955143213272095e-01,2.111342363059520721e-02,-1.078340038657188416e-01,2.901471406221389771e-02,6.380870193243026733e-02,1.455593258142471313e-01,-1.866440847516059875e-02,-1.283479779958724976e-01,-2.699499018490314484e-04
3.856663778424263000e-02,-2.412877231836318970e-01,-5.896560382097959518e-03,7.757920026779174805e-02,6.527385860681533813e-02,-6.882885098457336426e-02,7.236017286777496338e-02,-1.272637164220213890e-03,3.443477675318717957e-02,-1.072665490210056305e-02,-4.336820542812347412e-02,9.729235619306564331e-02,-7.333739846944808960e-02,-3.587756305932998657e-02,1.240997910499572754e-01,6.442654132843017578e-02,-6.436842679977416992e-02,-8.305531740188598633e-02,-3.182962909340858459e-02,-6.183619610965251923e-03,2.656606957316398621e-02,6.683023273944854736e-02,-1.608566939830780029e-01,-9.736131876707077026e-02,1.080070510506629944e-01,-1.352815777063369751e-01,-1.315199881792068481e-01,5.795862153172492981e-02,-1.141243278980255127e-01,-6.266222894191741943e-02,-3.473357111215591431e-02,-1.041301526129245758e-02,-1.891486793756484985e-01,-5.494688451290130615e-02,1.469633132219314575e-01,-7.998033612966537476e-02,2.985070692375302315e-03,-9.650118649005889893e-02,-1.356655508279800415e-01,3.414354752749204636e-03,-4.087530821561813354e-02,-9.818929433822631836e-02,1.321084704250097275e-02,6.052447855472564697e-02,-4.732504487037658691e-02,4.423438757658004761e-02,-1.055704709142446518e-02,-4.603071883320808411e-02,2.742505632340908051e-02,1.675914786756038666e-02,-1.734372824430465698e-01,8.485898375511169434e-03,-2.159656397998332977e-02,-5.248834379017353058e-03,-9.044657647609710693e-02,1.798857152462005615e-01,-3.354652225971221924e-02,6.038349494338035583e-02,-4.749199002981185913e-02,-3.900996595621109009e-02,3.926848992705345154e-02,4.532422870397567749e-02,-1.923117972910404205e-02,-1.411820761859416962e-02,1.669927686452865601e-02,1.150209158658981323e-01,-1.561184413731098175e-03,-6.616237759590148926e-02,4.713240638375282288e-02,-5.266992002725601196e-02,1.439218372106552124e-01,-1.011762768030166626e-01,-1.938547790050506592e-01,-1.343068629503250122e-01,-6.910116877406835556e-03,3.465989232063293457e-02,5.700536817312240601e-02,-4.241479188203811646e-02,9.925495833158493042e-02,-6.316263228654861450e-02,6.952144205570220947e-02,1.767983585596084595e-01,-2.987470850348472595e-02,-1.030322164297103882e-01,-1.083568260073661804e-01,2.887102961540222168e-02,3.069001436233520508e-02,1.817000657320022583e-02,6.357138603925704956e-02,-3.865264728665351868e-02,-7.785119861364364624e-02,-2.380385622382164001e-02,-1.343107689172029495e-02,2.009000331163406372e-01,1.670469157397747040e-02,-3.157684579491615295e-03,-5.002563074231147766e-02,9.178325999528169632e-04,4.140576720237731934e-02,-4.824608191847801208e-02,-4.693904519081115723e-02,-1.269348114728927612e-01,2.352438271045684814e-01,-3.621856868267059326e-02,8.771183341741561890e-02,7.383523881435394287e-02,-9.531112760305404663e-02,6.285216659307479858e-02,6.605721265077590942e-02,1.369365155696868896e-01,-6.909740716218948364e-02,4.058121144771575928e-02,9.097341448068618774e-02,1.447322964668273926e-01,-1.072964891791343689e-01,4.994652047753334045e-02,5.581700801849365234e-02,-5.316917970776557922e-02,-1.364698410034179688e-01,2.177725285291671753e-01,-1.417222199961543083e-03,-9.374768286943435669e-02,5.179093405604362488e-02,7.310310751199722290e-02,1.637995243072509766e-01,1.053969934582710266e-02,-1.302482634782791138e-01,3.725855797529220581e-02
7.740620523691177368e-02,-2.340299785137176514e-01,6.378193199634552002e-02,1.154011562466621399e-01,8.211982250213623047e-02,-1.378694772720336914e-01,9.741285443305969238e-02,3.783080494031310081e-03,3.270187601447105408e-02,4.181794449687004089e-02,-7.420533895492553711e-02,7.726306468248367310e-02,-9.294075518846511841e-02,-4.500795900821685791e-02,1.324625760316848755e-01,6.178100407123565674e-02,-8.654101192951202393e-02,-7.789203524589538574e-02,-2.188443392515182495e-02,-2.616225928068161011e-02,4.321048036217689514e-02,-1.417731284163892269e-03,-1.669583320617675781e-01,-4.339387267827987671e-02,1.182058826088905334e-01,-1.206931844353675842e-01,-1.059861928224563599e-01,2.871693670749664307e-02,-1.244426742196083069e-01,-6.880308687686920166e-02,-4.466776922345161438e-02,2.753002103418111801e-03,-2.254917472600936890e-01,-4.150161519646644592e-02,9.495439380407333374e-02,-7.512966543436050415e-02,3.044047206640243530e-02,-3.670723736286163330e-02,-1.271325796842575073e-01,4.228917881846427917e-02,-5.136210471391677856e-03,-7.671346515417098999e-02,8.252176456153392792e-03,-2.052392438054084778e-02,-4.533732309937477112e-02,4.829074442386627197e-02,-2.573873661458492279e-02,-5.191507562994956970e-02,1.967299543321132660e-02,3.784298151731491089e-02,-2.210362702608108521e-01,2.231211960315704346e-02,1.454196055419743061e-03,-3.972458094358444214e-02,-9.262204915285110474e-02,1.698620319366455078e-01,-3.092716448009014130e-02,4.884301498532295227e-02,-6.831535696983337402e-02,-6.518980022519826889e-03,3.101749718189239502e-02,6.860104948282241821e-02,2.000242937356233597e-03,-8.930752053856849670e-03,4.047479107975959778e-02,7.877740263938903809e-02,9.464666247367858887e-02,-5.167647078633308411e-02,9.214686602354049683e-02,-3.654880449175834656e-02,1.700202226638793945e-01,-1.069637387990951538e-01,-1.367518454790115356e-01,-6.372295320034027100e-02,-1.338113658130168915e-02,5.121764913201332092e-02,1.311078108847141266e-02,-5.323150381445884705e-02,1.252783238887786865e-01,-1.676116511225700378e-02,3.382383286952972412e-02,1.564330458641052246e-01,-2.923110127449035645e-02,-5.926075577735900879e-02,-1.094511970877647400e-01,-2.296933531761169434e-02,1.588201150298118591e-02,-4.355434700846672058e-02,9.393338859081268311e-02,-7.098397612571716309e-02,-6.546831130981445312e-02,-3.757992759346961975e-02,-4.499076679348945618e-02,1.708908528089523315e-01,-5.351145938038825989e-02,-7.635596394538879395e-02,1.781197078526020050e-02,-3.967440687119960785e-03,9.495614469051361084e-02,-4.764171317219734192e-02,-8.704057894647121429e-03,-7.546967267990112305e-02,2.171981483697891235e-01,-4.064653441309928894e-02,8.512854576110839844e-02,5.959532782435417175e-02,-8.164729923009872437e-02,1.029741540551185608e-01,4.095471277832984924e-02,1.659192293882369995e-01,-2.354736253619194031e-02,8.966286666691303253e-03,4.903427883982658386e-02,1.244026497006416321e-01,-1.043911576271057129e-01,2.424842864274978638e-02,7.141936570405960083e-02,5.809235852211713791e-03,-1.933042705059051514e-01,1.942758411169052124e-01,8.159782737493515015e-02,-8.884062618017196655e-02,-4.644014686346054077e-02,5.223112180829048157e-03,1.714677810668945312e-01,9.897118806838989258e-02,-1.260927617549896240e-01,4.046887904405593872e-02
5.079616978764533997e-02,-1.978604644536972046e-01,5.822404846549034119e-02,9.691272675991058350e-02,9.885189682245254517e-02,-1.095287948846817017e-01,1.214318126440048218e-01,-3.294027969241142273e-02,9.575574845075607300e-02,-2.049747854471206665e-02,-4.878401011228561401e-02,1.003281548619270325e-01,-6.461228430271148682e-02,-2.108318498358130455e-03,1.518537551164627075e-01,-7.921738550066947937e-03,-5.771044641733169556e-02,-6.772395968437194824e-02,-3.813643008470535278e-02,-1.926463656127452850e-02,5.581940989941358566e-03,4.700599983334541321e-02,-1.995342969894409180e-01,-9.905194165185093880e-04,1.212257966399192810e-01,-9.260023385286331177e-02,-1.406784057617187500e-01,4.765990376472473145e-02,-1.083821654319763184e-01,-5.071412399411201477e-02,-1.208958625793457031e-01,-3.017067164182662964e-02,-2.265729457139968872e-01,-3.823182359337806702e-02,1.470347642898559570e-01,-4.649087041616439819e-02,-1.371474750339984894e-02,-4.424377158284187317e-02,-1.371497362852096558e-01,9.179840562865138054e-04,2.330533042550086975e-02,-5.130726471543312073e-02,1.000070571899414062e-02,3.093306347727775574e-02,-6.880012899637222290e-02,9.145605564117431641e-02,-4.099808633327484131e-02,-3.480341657996177673e-02,4.334846884012222290e-02,-1.893985783681273460e-03,-1.633001416921615601e-01,7.693547755479812622e-02,-1.885690167546272278e-02,-3.575373068451881409e-02,-8.226557821035385132e-02,1.798737049102783203e-01,-5.926154926419258118e-02,7.088226079940795898e-02,-1.079446077346801758e-01,-3.565672319382429123e-03,6.100969761610031128e-02,1.274940669536590576e-01,5.875487253069877625e-02,-4.923099186271429062e-04,1.938471011817455292e-02,6.265404820442199707e-02,1.141544431447982788e-01,-1.879888772964477539e-02,7.884104549884796143e-02,-2.664499916136264801e-02,1.406830102205276489e-01,-9.339290857315063477e-02,-1.699833869934082031e-01,-7.189238443970680237e-03,-3.253419697284698486e-02,1.287524588406085968e-02,4.449782520532608032e-02,-6.687264889478683472e-02,7.660903781652450562e-02,-3.007054142653942108e-02,1.821517758071422577e-02,1.157083362340927124e-01,-3.595614805817604065e-02,-7.944655418395996094e-02,-6.105915084481239319e-02,2.282850071787834167e-02,1.431704405695199966e-02,-3.139142692089080811e-02,1.100636348128318787e-01,-9.104995429515838623e-02,-8.782237768173217773e-02,2.153103426098823547e-02,-4.694367572665214539e-02,1.479557156562805176e-01,-2.592287771403789520e-02,-6.223153695464134216e-02,-2.279127016663551331e-02,4.082654416561126709e-02,3.986200317740440369e-02,-1.133147627115249634e-02,-6.680846214294433594e-02,-9.541730582714080811e-02,2.013830691576004028e-01,1.483175903558731079e-02,9.242891520261764526e-02,3.398442268371582031e-02,-8.254272490739822388e-02,9.470289945602416992e-02,9.898220747709274292e-02,1.589103192090988159e-01,1.498910319060087204e-02,-2.542395703494548798e-02,4.622105136513710022e-02,1.387317031621932983e-01,-9.452138096094131470e-02,4.717893898487091064e-02,7.961857318878173828e-02,-4.166272003203630447e-03,-1.907379478216171265e-01,1.763858348131179810e-01,1.208033561706542969e-01,-1.003389209508895874e-01,-5.281272530555725098e-02,2.629888430237770081e-02,1.950371116399765015e-01,7.747553288936614990e-02,-1.206127256155014038e-01,4.110410436987876892e-02
7.985027134418487549e-02,-1.291581839323043823e-01,1.605185121297836304e-02,1.193485185503959656e-01,8.829499036073684692e-02,-1.108646541833877563e-01,8.313935250043869019e-02,-8.515179157257080078e-02,8.935867995023727417e-02,4.878062754869461060e-02,-1.025056988000869751e-01,9.344367682933807373e-02,-2.033316157758235931e-02,2.085449360311031342e-02,1.457340270280838013e-01,6.077860947698354721e-03,4.722816869616508484e-03,-8.159855753183364868e-02,-8.290722034871578217e-03,5.248994566500186920e-03,6.305184960365295410e-02,-2.184643223881721497e-02,-1.997587680816650391e-01,-2.959274128079414368e-02,1.036996170878410339e-01,-9.950655698776245117e-02,-1.239085868000984192e-01,1.151995453983545303e-02,-1.140870749950408936e-01,-3.654922824352979660e-03,-1.171385720372200012e-01,-3.510281210765242577e-03,-1.787458360195159912e-01,-6.972894817590713501e-02,1.198750883340835571e-01,-2.656140597537159920e-03,-7.657865062355995178e-03,-7.396303862333297729e-02,-1.343775242567062378e-01,-9.790549520403146744e-04,-3.110182844102382660e-02,-5.343100801110267639e-02,-1.350779831409454346e-02,2.910766005516052246e-02,-3.077045455574989319e-02,9.337585419416427612e-02,-4.738692194223403931e-02,-8.610764518380165100e-03,4.559430480003356934e-02,-1.886835694313049316e-02,-1.157426834106445312e-01,8.396252244710922241e-02,-4.924195259809494019e-02,-7.803920656442642212e-02,-1.317566335201263428e-01,1.929985731840133667e-01,-1.315378863364458084e-02,6.624407321214675903e-02,-1.515197008848190308e-01,1.430625747889280319e-02,8.140578866004943848e-02,1.273179203271865845e-01,4.751935973763465881e-02,9.678066126070916653e-04,9.835134260356426239e-03,4.277477785944938660e-02,6.252726167440414429e-02,-4.216947034001350403e-02,9.198182821273803711e-02,4.126757755875587463e-02,1.409482955932617188e-01,-8.746177703142166138e-02,-1.225024238228797913e-01,-3.098006732761859894e-02,6.498955190181732178e-02,-2.174089290201663971e-02,3.049449250102043152e-02,-5.302647873759269714e-02,1.361739635467529297e-01,-6.170576810836791992e-02,-5.259827524423599243e-02,1.397349089384078979e-01,-5.441854149103164673e-02,-1.325324922800064087e-01,-5.682483315467834473e-02,8.648847043514251709e-02,-4.183190688490867615e-02,4.139718785881996155e-02,1.091183647513389587e-01,-4.849299043416976929e-02,-9.833519905805587769e-02,-6.477814167737960815e-02,-1.448157057166099548e-02,1.751088201999664307e-01,-4.492335766553878784e-02,-5.114923417568206787e-02,-5.631947144865989685e-02,-1.379759982228279114e-03,7.405713945627212524e-02,1.721080765128135681e-02,-1.136162579059600830e-01,-1.313555836677551270e-01,1.636011302471160889e-01,-3.196027129888534546e-02,7.030329853296279907e-02,7.855313271284103394e-02,-9.559989720582962036e-02,2.641756273806095123e-02,8.563878387212753296e-02,2.136234790086746216e-01,-3.021601028740406036e-02,1.917726919054985046e-02,2.708103507757186890e-03,1.727950572967529297e-01,-6.270021200180053711e-02,9.512080252170562744e-02,4.379437863826751709e-02,8.080535568296909332e-03,-1.305996775627136230e-01,2.300018817186355591e-01,4.835408553481101990e-02,-6.138034537434577942e-02,-3.005457669496536255e-02,5.615797266364097595e-02,1.568673849105834961e-01,6.753639131784439087e-02,-1.414087861776351929e-01,4.713557660579681396e-02
2.473273873329162598e-02,-1.900073438882827759e-01,-9.089361876249313354e-03,9.139306098222732544e-02,6.613073498010635376e-02,-1.022786870598793030e-01,1.172025203704833984e-01,-4.710653796792030334e-02,9.053849428892135620e-02,1.072448212653398514e-02,-1.066007092595100403e-01,1.551691889762878418e-01,-1.770008355379104614e-02,-5.487028881907463074e-02,1.358170360326766968e-01,5.517612397670745850e-02,-2.967935428023338318e-02,-5.460076406598091125e-02,-8.630826324224472046e-02,-2.128009498119354248e-02,7.832170277833938599e-02,2.712899632751941681e-02,-1.477301269769668579e-01,-1.843098737299442291e-02,1.460955739021301270e-01,-1.139882504940032959e-01,-4.347677901387214661e-02,1.516969222575426102e-02,-1.367072463035583496e-01,2.592336095403879881e-04,-8.645215630531311035e-02,-3.413492068648338318e-02,-1.422576606273651123e-01,-5.367860943078994751e-02,1.077416017651557922e-01,5.614478513598442078e-02,-5.394725129008293152e-02,-1.137113720178604126e-01,-1.087817922234535217e-01,5.781713873147964478e-02,-4.288116935640573502e-03,-1.759370975196361542e-02,-5.276829749345779419e-02,4.800445958971977234e-02,-9.046685695648193359e-02,1.386099159717559814e-01,-5.473412945866584778e-02,-4.490346089005470276e-02,2.858161367475986481e-02,-1.643930561840534210e-02,-1.397621929645538330e-01,9.275469928979873657e-02,-1.804149895906448364e-02,-8.028323948383331299e-02,-8.869192749261856079e-02,1.786028891801834106e-01,-7.802093774080276489e-02,5.620620772242546082e-02,-1.158415675163269043e-01,4.595183953642845154e-02,4.567009210586547852e-02,9.288378804922103882e-02,8.480377495288848877e-02,-3.904952481389045715e-02,4.307229071855545044e-02,1.305847167968750000e-01,2.554185874760150909e-02,4.263749811798334122e-03,1.080297604203224182e-01,2.160531654953956604e-02,2.117698490619659424e-01,-8.224780112504959106e-02,-1.564468890428543091e-01,-3.116841800510883331e-02,2.976973727345466614e-02,1.954755187034606934e-02,5.456462129950523376e-02,-1.056999489665031433e-01,1.233441010117530823e-01,2.765215700492262840e-03,-5.327104777097702026e-02,1.091257855296134949e-01,-9.358759969472885132e-03,-9.949643164873123169e-02,-4.997455701231956482e-02,6.043927371501922607e-02,4.290651157498359680e-02,-1.824273844249546528e-03,8.515857905149459839e-02,-8.691718429327011108e-02,-1.056693196296691895e-01,-7.574287801980972290e-02,-3.391699283383786678e-04,1.339815855026245117e-01,-6.697265058755874634e-02,-9.916160255670547485e-03,-8.289307355880737305e-02,-2.560077235102653503e-02,5.508201569318771362e-02,-2.736702188849449158e-02,-7.288303226232528687e-02,-1.206352859735488892e-01,2.077695578336715698e-01,-5.922018736600875854e-02,1.111177876591682434e-01,8.635927736759185791e-02,-4.690195992588996887e-02,6.753867119550704956e-02,1.004284098744392395e-01,1.880117505788803101e-01,-1.873728260397911072e-02,1.400352641940116882e-02,-6.499163061380386353e-02,1.098789274692535400e-01,-1.015468686819076538e-01,8.305741846561431885e-02,5.582177639007568359e-02,-2.256600419059395790e-03,-1.313507258892059326e-01,1.947591155767440796e-01,5.208279937505722046e-02,-1.377190798521041870e-01,-2.749489061534404755e-02,3.317495062947273254e-02,1.461346894502639771e-01,4.712862521409988403e-02,-7.976422458887100220e-02,4.635587334632873535e-02
3.625433146953582764e-02,-1.819501817226409912e-01,1.148529723286628723e-02,5.959411337971687317e-02,1.058912724256515503e-01,-8.186369389295578003e-02,1.179850473999977112e-01,4.268748220056295395e-03,8.480361104011535645e-02,2.199307316914200783e-03,-1.258348375558853149e-01,1.183698847889900208e-01,-7.012998312711715698e-02,-1.795817166566848755e-02,1.797600537538528442e-01,4.194835782982409000e-04,-4.818107932806015015e-02,-5.076280981302261353e-02,-6.924655288457870483e-02,-2.409930340945720673e-02,5.643012747168540955e-02,3.118311427533626556e-02,-1.642537266016006470e-01,-2.947655133903026581e-02,1.040618047118186951e-01,-8.066505938768386841e-02,-9.671357274055480957e-02,9.477886371314525604e-03,-8.137517422437667847e-02,-1.505318470299243927e-02,-5.432443320751190186e-02,-3.178814798593521118e-02,-2.024420499801635742e-01,-5.585489049553871155e-02,1.683024615049362183e-01,6.052038073539733887e-02,-4.197136312723159790e-02,-3.057772852480411530e-02,-6.195658445358276367e-02,8.655825257301330566e-02,1.235225121490657330e-03,-5.880659446120262146e-02,-1.571649871766567230e-02,6.726527586579322815e-03,-1.157836988568305969e-01,1.006448492407798767e-01,-6.776137650012969971e-02,-1.729571074247360229e-02,-1.055567711591720581e-02,-8.022453635931015015e-02,-1.278777122497558594e-01,5.534124001860618591e-02,7.634928077459335327e-02,-9.279167652130126953e-02,-1.105385944247245789e-01,2.298991084098815918e-01,-7.728013396263122559e-02,4.693062976002693176e-02,-1.004544422030448914e-01,3.103153221309185028e-02,5.836841836571693420e-02,1.210775896906852722e-01,4.265297576785087585e-02,-8.260897360742092133e-03,6.248477846384048462e-02,7.260034233331680298e-02,7.770042866468429565e-02,-2.743751928210258484e-02,3.190693631768226624e-02,2.015250921249389648e-02,1.861799806356430054e-01,-4.407908394932746887e-02,-1.443291753530502319e-01,-1.590088941156864166e-02,1.961985975503921509e-02,5.884429812431335449e-02,3.851286321878433228e-02,-8.608217537403106689e-02,1.590606123208999634e-01,6.530035287141799927e-02,-8.317476511001586914e-02,1.226961165666580200e-01,-3.636234998703002930e-02,-8.721867948770523071e-02,-8.051773533225059509e-03,1.286269724369049072e-02,1.024073883891105652e-01,-1.491159107536077499e-02,8.819753676652908325e-02,-8.211275935173034668e-02,-2.567686699330806732e-02,-2.742089703679084778e-02,-1.704226806759834290e-02,9.515172988176345825e-02,-7.447905093431472778e-02,8.848302997648715973e-03,-5.923610180616378784e-02,-3.021602705121040344e-02,5.399660021066665649e-02,1.300968881696462631e-02,-7.426454871892929077e-02,-6.576200574636459351e-02,2.333581447601318359e-01,-7.144054025411605835e-02,9.813975542783737183e-02,8.452863246202468872e-02,-5.617669969797134399e-02,8.224241435527801514e-02,7.735497504472732544e-02,1.181089952588081360e-01,-1.369189471006393433e-02,3.398950025439262390e-02,-2.008010633289813995e-03,1.329625397920608521e-01,-9.543853998184204102e-02,9.667266905307769775e-02,8.420172333717346191e-02,8.627328206785023212e-04,-1.074036583304405212e-01,2.201222628355026245e-01,8.886000514030456543e-02,-2.001810073852539062e-01,3.179447725415229797e-02,1.747437752783298492e-02,1.334171593189239502e-01,1.326312720775604248e-01,-6.332597136497497559e-02,4.139150679111480713e-02
8.915936946868896484e-02,-1.395346522331237793e-01,2.248604968190193176e-02,8.265927433967590332e-02,7.754737883806228638e-02,-5.348916351795196533e-02,1.120462492108345032e-01,-7.028377056121826172e-02,9.567845612764358521e-02,-1.635052077472209930e-02,-9.937952458858489990e-02,9.739828854799270630e-02,-5.967400595545768738e-02,-1.198232173919677734e-02,1.776270270347595215e-01,7.022187579423189163e-03,-3.699769079685211182e-02,-6.546117365360260010e-02,-1.076773777604103088e-01,-1.537209260277450085e-03,7.110110670328140259e-02,1.942391158081591129e-03,-1.327978521585464478e-01,-2.554643899202346802e-02,1.416597515344619751e-01,-1.400375068187713623e-01,-1.151431277394294739e-01,-2.086351066827774048e-02,-8.047703653573989868e-02,-5.448067188262939453e-02,-5.084433779120445251e-02,-8.672953397035598755e-02,-1.719839125871658325e-01,-6.571325659751892090e-02,1.455779373645782471e-01,-1.307285670191049576e-02,4.307676851749420166e-02,-2.227144502103328705e-02,-1.274315267801284790e-01,1.066812127828598022e-01,-1.675603096373379230e-03,-3.752831369638442993e-02,-1.278783660382032394e-02,8.045948110520839691e-03,-4.778553172945976257e-02,8.501233905553817749e-02,-1.830303296446800232e-02,5.448006559163331985e-03,1.643552072346210480e-02,-1.145729050040245056e-01,-8.394531160593032837e-02,7.196665555238723755e-02,6.531792879104614258e-02,-6.955042481422424316e-02,-1.310062855482101440e-01,2.555907666683197021e-01,2.127915434539318085e-02,1.028628461062908173e-02,-1.238176897168159485e-01,7.700836285948753357e-03,4.819222539663314819e-02,1.253551691770553589e-01,9.766307473182678223e-02,2.733979001641273499e-02,5.770321935415267944e-02,8.828062564134597778e-02,9.953067451715469360e-02,-6.384094804525375366e-02,2.958847396075725555e-02,6.533399224281311035e-03,1.350729614496231079e-01,-3.255471959710121155e-02,-1.000214740633964539e-01,-2.432520687580108643e-02,2.582832053303718567e-02,8.793334476649761200e-03,7.726229727268218994e-02,-1.039869934320449829e-01,1.351855546236038208e-01,-4.387394338846206665e-02,-3.719702363014221191e-02,1.693167686462402344e-01,-3.063126653432846069e-02,-7.496140897274017334e-02,1.211955025792121887e-02,3.880329057574272156e-02,1.104814708232879639e-01,-5.067888647317886353e-02,1.433859318494796753e-01,-6.359324604272842407e-02,-5.915521085262298584e-02,-2.515014261007308960e-02,-2.086415700614452362e-02,1.398683190345764160e-01,-1.292531788349151611e-01,-4.204435646533966064e-02,-6.164418160915374756e-02,-3.599078580737113953e-02,-1.758890599012374878e-02,-9.765281341969966888e-03,-1.278599053621292114e-01,1.444533467292785645e-02,1.923799067735671997e-01,-5.759322270750999451e-02,1.120736151933670044e-01,1.016445383429527283e-01,-4.909526184201240540e-02,5.690206773579120636e-03,1.095953285694122314e-01,1.298799663782119751e-01,-5.000702291727066040e-02,-1.323180738836526871e-02,2.829129248857498169e-02,1.257046610116958618e-01,-3.159352019429206848e-02,9.220328927040100098e-02,3.240541741251945496e-02,1.393331959843635559e-02,-1.448052376508712769e-01,2.080811411142349243e-01,1.133671402931213379e-01,-1.145110726356506348e-01,1.803890801966190338e-02,-1.435939688235521317e-02,1.059756129980087280e-01,1.497413665056228638e-01,-1.302574276924133301e-01,3.362746909260749817e-02
7.970703393220901489e-02,-1.491444110870361328e-01,3.821187466382980347e-02,9.086187183856964111e-02,5.999865010380744934e-02,-1.032115891575813293e-01,5.701001361012458801e-02,-9.193848818540573120e-02,1.190395355224609375e-01,-2.390309050679206848e-02,-4.869521781802177429e-02,7.467954605817794800e-02,-4.447320476174354553e-02,2.595640718936920166e-02,1.759332716464996338e-01,6.112535018473863602e-03,-1.036549545824527740e-02,-6.836581975221633911e-02,-3.157760575413703918e-02,-1.056852657347917557e-02,2.576775476336479187e-02,2.619545720517635345e-02,-1.726244539022445679e-01,-4.235698655247688293e-02,1.412061452865600586e-01,-9.710619598627090454e-02,-7.408630102872848511e-02,-1.757766306400299072e-02,-1.223824322223663330e-01,-1.690063253045082092e-02,-9.312811493873596191e-02,-1.991534791886806488e-02,-2.088577300310134888e-01,-5.557379871606826782e-02,1.874440312385559082e-01,-2.322746999561786652e-02,4.348251596093177795e-02,-1.064710244536399841e-01,-1.131242439150810242e-01,4.811091348528862000e-02,1.043354999274015427e-02,-6.287525594234466553e-02,-3.866781294345855713e-02,1.360750477761030197e-02,-5.210984870791435242e-02,1.014088988304138184e-01,-6.029484048485755920e-02,-4.594699013978242874e-03,4.537216573953628540e-02,-3.298263996839523315e-02,-8.440303057432174683e-02,4.502726718783378601e-02,7.855230011045932770e-03,-7.457199692726135254e-02,-9.624597430229187012e-02,1.737321317195892334e-01,-4.318639263510704041e-02,5.502297729253768921e-02,-1.214501261711120605e-01,3.212739527225494385e-02,5.995047464966773987e-02,1.340186595916748047e-01,8.006855845451354980e-02,3.579718992114067078e-02,4.018437117338180542e-02,5.879023298621177673e-02,5.273210629820823669e-02,-6.190953776240348816e-02,5.119523406028747559e-02,2.614677418023347855e-03,1.505868136882781982e-01,-3.326325863599777222e-02,-6.995562463998794556e-02,2.029683254659175873e-02,4.417269304394721985e-02,-1.844328083097934723e-02,3.397069871425628662e-02,-1.472598165273666382e-01,1.199354454874992371e-01,-6.614053994417190552e-02,-3.936083242297172546e-02,1.535000652074813843e-01,-7.353899069130420685e-03,-1.264559328556060791e-01,-4.783964529633522034e-02,9.130282700061798096e-02,3.020038641989231110e-02,-1.334294863045215607e-02,1.382341086864471436e-01,-7.349919527769088745e-02,-6.666812300682067871e-02,2.129261381924152374e-03,-3.136876970529556274e-02,1.364972442388534546e-01,-2.711747586727142334e-02,-6.728538125753402710e-02,-3.965896740555763245e-02,-1.100673805922269821e-02,6.216128170490264893e-02,-1.748642884194850922e-02,-1.034340262413024902e-01,-6.635499745607376099e-02,2.313436865806579590e-01,-1.561838295310735703e-02,8.402299135923385620e-02,8.195680379867553711e-02,-7.566229999065399170e-02,6.874181330204010010e-02,1.366355121135711670e-01,1.988253891468048096e-01,-7.568016648292541504e-02,2.701314166188240051e-02,-2.394231408834457397e-02,1.641514748334884644e-01,-6.637363135814666748e-02,1.618687063455581665e-02,1.565331779420375824e-02,2.481467090547084808e-02,-1.827554106712341309e-01,1.643458157777786255e-01,1.135800182819366455e-01,-1.312597244977951050e-01,2.028173208236694336e-02,7.483433187007904053e-02,1.692737340927124023e-01,1.170937269926071167e-01,-1.045681536197662354e-01,1.204991899430751801e-02
6.771203130483627319e-02,-1.596483886241912842e-01,3.297741338610649109e-02,9.841748327016830444e-02,4.186729714274406433e-02,-4.287147894501686096e-02,9.722316265106201172e-02,-4.481856524944305420e-02,1.465511918067932129e-01,1.608299324288964272e-03,-5.990007147192955017e-02,8.302046358585357666e-02,-4.125033318996429443e-02,-3.710562735795974731e-02,1.417440474033355713e-01,-1.612992770969867706e-02,-4.851145297288894653e-02,-4.620401561260223389e-02,-1.311078816652297974e-01,-1.262961979955434799e-02,-1.273573935031890869e-02,2.660504914820194244e-02,-1.470433622598648071e-01,-4.767905548214912415e-02,1.376791447401046753e-01,-1.200101524591445923e-01,-1.113589853048324585e-01,4.238909855484962463e-02,-1.083820462226867676e-01,-3.799088671803474426e-02,-6.355430185794830322e-02,-4.104578122496604919e-02,-2.257076948881149292e-01,-2.483245916664600372e-02,2.382754087448120117e-01,-3.339619189500808716e-02,-2.448664419353008270e-02,-1.058017611503601074e-01,-1.012579575181007385e-01,4.105112701654434204e-02,1.285962760448455811e-02,-6.888362765312194824e-02,-9.955849498510360718e-02,2.407833747565746307e-02,-4.983033239841461182e-02,8.899669349193572998e-02,-5.227516219019889832e-02,-3.865840286016464233e-02,6.069710105657577515e-02,-6.013463065028190613e-02,-8.465962111949920654e-02,3.881444409489631653e-02,2.214799821376800537e-02,-3.182306513190269470e-02,-4.226356372237205505e-02,1.526800841093063354e-01,-2.578058466315269470e-02,1.127742752432823181e-01,-1.271056681871414185e-01,-4.391780868172645569e-02,-6.971338298171758652e-03,1.398092806339263916e-01,4.636631533503532410e-02,2.123541384935379028e-02,5.415696278214454651e-02,1.430861502885818481e-01,1.829025708138942719e-02,-8.378762751817703247e-02,1.057101115584373474e-01,2.403542026877403259e-02,2.206624597311019897e-01,-4.974418506026268005e-02,-4.893392324447631836e-02,-1.984925195574760437e-02,1.499607041478157043e-02,3.804925456643104553e-02,5.412497371435165405e-02,-1.374120861291885376e-01,1.165708154439926147e-01,-1.244909912347793579e-01,3.313730994705110788e-04,1.722216457128524780e-01,7.978699868544936180e-04,-1.399065405130386353e-01,-3.233411535620689392e-02,1.010377034544944763e-01,5.248747393488883972e-02,-1.960763521492481232e-02,1.593563854694366455e-01,-2.327321562916040421e-04,-3.561674430966377258e-02,1.664357259869575500e-02,-6.573854386806488037e-02,1.243054717779159546e-01,-5.506125092506408691e-02,-7.823494262993335724e-03,-4.230595007538795471e-02,1.694646547548472881e-03,8.084733784198760986e-02,1.956424117088317871e-02,-8.664258569478988647e-02,-1.175036951899528503e-01,1.995414644479751587e-01,-3.162098303437232971e-02,7.437264919281005859e-02,6.163577735424041748e-02,-6.676024943590164185e-02,8.055843412876129150e-02,6.814146786928176880e-02,2.096279114484786987e-01,-9.922335296869277954e-02,1.320344209671020508e-02,2.275578305125236511e-02,1.061855405569076538e-01,-1.000801697373390198e-01,2.161072939634323120e-02,5.435790866613388062e-02,-1.396006625145673752e-02,-1.437729895114898682e-01,1.387202590703964233e-01,9.158246219158172607e-02,-1.140462607145309448e-01,2.504155854694545269e-04,6.194842234253883362e-02,1.006039008498191833e-01,4.795873910188674927e-02,-3.147103264927864075e-02,-1.649745274335145950e-03
9.999146312475204468e-02,-1.326406300067901611e-01,2.533923275768756866e-02,1.090633496642112732e-01,2.500238269567489624e-02,-6.601116061210632324e-02,9.674709290266036987e-02,-3.317406401038169861e-02,9.916111081838607788e-02,1.630039699375629425e-02,-4.527453333139419556e-02,1.199813485145568848e-01,-1.396860089153051376e-02,7.596269715577363968e-04,1.286537647247314453e-01,-2.160291932523250580e-02,-4.509612917900085449e-02,-6.499620527029037476e-02,-7.481888681650161743e-02,4.394184332340955734e-03,3.317216411232948303e-02,4.990697279572486877e-02,-2.106617838144302368e-01,-2.869130112230777740e-02,1.336475908756256104e-01,-1.063963025808334351e-01,-9.293894469738006592e-02,1.232714112848043442e-02,-9.048935025930404663e-02,-2.797172637656331062e-03,-9.317102283239364624e-02,-6.071153096854686737e-03,-2.169183343648910522e-01,-2.814804390072822571e-02,2.518966197967529297e-01,-8.515259250998497009e-03,4.120621830224990845e-03,-1.242901459336280823e-01,-8.351171761751174927e-02,5.436256900429725647e-02,-2.983009442687034607e-03,-4.817732051014900208e-02,-7.429224997758865356e-02,-1.397670805454254150e-02,-3.861381858587265015e-02,8.003745973110198975e-02,-2.987700141966342926e-02,-5.236780270934104919e-02,6.280124932527542114e-02,-7.493815571069717407e-02,-1.019367203116416931e-01,1.376702729612588882e-02,-2.540852315723896027e-02,-4.907209798693656921e-02,-5.786930769681930542e-02,1.506101340055465698e-01,-3.557390719652175903e-02,4.471747577190399170e-02,-1.298844516277313232e-01,-2.567496383562684059e-03,3.220077976584434509e-02,1.618794202804565430e-01,4.104702547192573547e-02,5.237485095858573914e-02,4.303982108831405640e-02,9.735544025897979736e-02,3.284028545022010803e-02,-7.605193555355072021e-02,7.212842255830764771e-02,4.316715896129608154e-02,1.964984089136123657e-01,-3.244305029511451721e-02,-4.741948843002319336e-02,-1.979942061007022858e-02,4.439412429928779602e-02,4.440436884760856628e-02,6.980976462364196777e-02,-1.427083909511566162e-01,1.180529296398162842e-01,-5.253666639328002930e-02,-5.988223478198051453e-03,1.682841181755065918e-01,2.747023105621337891e-02,-1.626490354537963867e-01,-2.955510467290878296e-02,1.192584857344627380e-01,1.657238043844699860e-02,-5.214142799377441406e-02,1.648263931274414062e-01,-3.701621666550636292e-02,-3.124891221523284912e-02,4.910992830991744995e-02,-6.613774597644805908e-02,1.189632713794708252e-01,-4.240939393639564514e-02,-2.343454770743846893e-02,-1.347933616489171982e-02,1.531144138425588608e-02,5.630619078874588013e-02,2.408688515424728394e-02,-1.232133433222770691e-01,-7.863372564315795898e-02,2.449143826961517334e-01,-1.259931456297636032e-02,4.549495875835418701e-02,7.093930989503860474e-02,-5.381156131625175476e-02,7.069941610097885132e-02,7.444504648447036743e-02,1.677634567022323608e-01,-9.990140050649642944e-02,2.637404948472976685e-02,8.601028472185134888e-03,1.187243685126304626e-01,-1.041127443313598633e-01,-7.378631271421909332e-03,6.049902737140655518e-02,3.789365291595458984e-02,-1.599976271390914917e-01,1.561798155307769775e-01,1.207910403609275818e-01,-1.122824028134346008e-01,8.824263699352741241e-03,6.970855593681335449e-02,1.152920350432395935e-01,1.110781282186508179e-01,-6.635469943284988403e-02,-2.212471887469291687e-02
6.163095310330390930e-02,-1.476482301950454712e-01,4.648053646087646484e-02,1.012324318289756775e-01,1.855049282312393188e-02,-8.976072072982788086e-02,8.288799971342086792e-02,-7.860308140516281128e-02,1.533015817403793335e-01,1.775459572672843933e-02,1.227828022092580795e-02,9.117656946182250977e-02,-5.879181995987892151e-02,1.021016971208155155e-03,1.400396525859832764e-01,-5.353464279323816299e-03,-1.601624675095081329e-02,-4.295400530099868774e-02,-6.292785704135894775e-02,-9.552231058478355408e-03,4.598480090498924255e-02,7.894153706729412079e-03,-1.345249861478805542e-01,-2.602338418364524841e-02,1.221840083599090576e-01,-9.387482702732086182e-02,-6.734981387853622437e-02,1.265999954193830490e-02,-1.321592032909393311e-01,-3.499562293291091919e-02,-5.826186016201972961e-02,-2.643745392560958862e-03,-2.639839649200439453e-01,-2.391314692795276642e-02,2.041270732879638672e-01,-8.565705269575119019e-03,6.720824539661407471e-02,-8.981550484895706177e-02,-8.925471454858779907e-02,5.288601666688919067e-02,2.369903028011322021e-02,-1.826504431664943695e-02,-4.578737542033195496e-02,1.197730773128569126e-03,-5.493982881307601929e-02,5.831140279769897461e-02,-5.965717509388923645e-02,-2.990572899580001831e-02,3.721286728978157043e-02,-2.471725642681121826e-02,-1.083879470825195312e-01,1.214647013694047928e-02,-9.276416152715682983e-03,-4.464012011885643005e-02,-7.271368056535720825e-02,1.334343850612640381e-01,-3.455725312232971191e-02,9.506788104772567749e-02,-1.411541700363159180e-01,-1.235053502023220062e-02,1.048058923333883286e-02,1.249739825725555420e-01,7.551492750644683838e-02,6.484664976596832275e-02,5.211103335022926331e-02,1.407845467329025269e-01,6.439824402332305908e-02,-9.191225469112396240e-02,9.978485852479934692e-02,1.543976459652185440e-02,2.014576047658920288e-01,-6.570372730493545532e-02,-6.361523270606994629e-02,-3.377647371962666512e-03,7.437055557966232300e-02,2.795863151550292969e-02,9.598792530596256256e-03,-1.599404364824295044e-01,1.204270124435424805e-01,-7.390394061803817749e-02,2.228073775768280029e-02,1.673892736434936523e-01,-1.919835992157459259e-02,-1.662296652793884277e-01,-5.077289417386054993e-02,1.217388287186622620e-01,1.830034703016281128e-02,1.799430698156356812e-03,1.465052366256713867e-01,-5.833992734551429749e-02,-7.509375922381877899e-03,3.521139547228813171e-02,-4.249574244022369385e-02,1.323758959770202637e-01,3.966622054576873779e-03,-3.511826321482658386e-02,-4.153983294963836670e-02,1.258476078510284424e-02,5.946305766701698303e-02,-5.780362989753484726e-03,-8.209598809480667114e-02,-8.183187246322631836e-02,1.814126372337341309e-01,1.462165033444762230e-03,3.869844973087310791e-02,9.728599339723587036e-02,-5.926401168107986450e-02,7.142088562250137329e-02,9.343880414962768555e-02,2.112146466970443726e-01,-4.763833433389663696e-02,2.533689327538013458e-02,-3.394913673400878906e-02,1.781570762395858765e-01,-9.838382154703140259e-02,2.338337153196334839e-02,1.378164160996675491e-02,2.988600917160511017e-02,-1.771380454301834106e-01,1.545099318027496338e-01,1.122986674308776855e-01,-1.203460395336151123e-01,1.121388631872832775e-03,1.014963909983634949e-01,1.349839270114898682e-01,1.026025861501693726e-01,-5.221476405858993530e-02,1.116761378943920135e-02
5.272629112005233765e-02,-1.352324783802032471e-01,4.436142742633819580e-02,1.536551862955093384e-01,8.144024759531021118e-02,-9.504577517509460449e-02,9.639424830675125122e-02,-7.076853513717651367e-02,1.571059376001358032e-01,1.431036274880170822e-02,-5.898279324173927307e-02,9.182722866535186768e-02,-7.040444016456604004e-02,-1.083667669445276260e-02,1.210463196039199829e-01,2.228127606213092804e-02,-1.640241593122482300e-02,-2.947700396180152893e-02,-1.050969734787940979e-01,1.708578877151012421e-02,-1.535400189459323883e-02,3.922027349472045898e-02,-1.435790807008743286e-01,-4.990587010979652405e-02,1.241469010710716248e-01,-9.356370568275451660e-02,-8.045195788145065308e-02,3.497306257486343384e-03,-9.808465093374252319e-02,-5.895275622606277466e-03,-8.407576382160186768e-02,-3.832579031586647034e-02,-2.364862859249114990e-01,-2.841943129897117615e-02,1.945551484823226929e-01,-3.218263015151023865e-02,1.128407847136259079e-02,-1.512124538421630859e-01,-9.487013518810272217e-02,3.958471491932868958e-02,2.066143602132797241e-02,-5.279697850346565247e-02,-7.122620195150375366e-02,9.230273775756359100e-03,-6.774496287107467651e-02,6.362462043762207031e-02,-7.092724740505218506e-02,-2.322151791304349899e-03,6.273146718740463257e-02,-3.913110494613647461e-02,-8.719762414693832397e-02,1.171064795926213264e-03,-1.232000812888145447e-02,-8.973351120948791504e-02,-7.016033679246902466e-02,1.319944858551025391e-01,-1.490934053435921669e-03,9.618651121854782104e-02,-1.519017666578292847e-01,-1.338394172489643097e-02,-8.566675707697868347e-03,1.147489249706268311e-01,8.451156318187713623e-02,4.324262961745262146e-02,5.156309530138969421e-02,1.002540439367294312e-01,7.391062378883361816e-02,-7.031905651092529297e-02,8.590548485517501831e-02,-5.053402390331029892e-03,1.799927651882171631e-01,-6.570211052894592285e-02,-5.684673413634300232e-02,-1.181893050670623779e-02,4.203219339251518250e-02,1.968173310160636902e-02,6.199169158935546875e-02,-1.390320807695388794e-01,9.544668346643447876e-02,-6.568956375122070312e-02,5.499810446053743362e-03,1.473708450794219971e-01,-1.208213530480861664e-02,-1.587945967912673950e-01,-8.204041421413421631e-02,1.005006358027458191e-01,3.634014353156089783e-02,-5.180542357265949249e-03,1.467900425195693970e-01,-6.051127985119819641e-02,-7.419212162494659424e-02,5.854659155011177063e-02,-6.559330970048904419e-02,1.170495897531509399e-01,-4.564489796757698059e-02,-8.725445717573165894e-03,-5.035769939422607422e-02,2.034043893218040466e-02,7.326972484588623047e-02,-5.317636299878358841e-03,-1.250846236944198608e-01,-1.063676476478576660e-01,1.877612173557281494e-01,1.538734044879674911e-02,6.102946773171424866e-02,1.872954517602920532e-02,-8.476325869560241699e-02,8.626574277877807617e-02,1.320242285728454590e-01,2.097060382366180420e-01,-8.251084387302398682e-02,1.268199365586042404e-02,1.035020686686038971e-02,1.247367486357688904e-01,-1.172530353069305420e-01,1.632580161094665527e-02,2.689643204212188721e-02,3.435339033603668213e-02,-1.689133495092391968e-01,1.379969269037246704e-01,1.091265231370925903e-01,-1.192954629659652710e-01,-6.525311153382062912e-03,9.281834214925765991e-02,1.415707767009735107e-01,8.671803027391433716e-02,-4.439842328429222107e-02,1.554364524781703949e-02
7.242650538682937622e-02,-1.543337404727935791e-01,1.203501038253307343e-02,8.616936206817626953e-02,4.768830537796020508e-02,-5.106418207287788391e-02,9.698039293289184570e-02,-7.579094916582107544e-02,1.150025576353073120e-01,2.675183862447738647e-02,-3.974805399775505066e-02,1.180796921253204346e-01,-3.915368393063545227e-02,-4.918283317238092422e-03,1.024468168616294861e-01,3.489558771252632141e-02,-7.105039060115814209e-02,-4.819482564926147461e-02,-6.445638090372085571e-02,1.656319200992584229e-02,4.298200830817222595e-02,2.306792140007019043e-02,-1.722367852926254272e-01,-4.242356866598129272e-02,1.054536923766136169e-01,-1.125798970460891724e-01,-9.542489796876907349e-02,-5.165896844118833542e-03,-7.769172638654708862e-02,-3.175007551908493042e-02,-1.116084754467010498e-01,-2.959366329014301300e-02,-2.260634303092956543e-01,-4.673219099640846252e-02,2.304881066083908081e-01,2.074027061462402344e-02,-6.172802299261093140e-03,-1.384663134813308716e-01,-1.043608263134956360e-01,3.123839385807514191e-02,-2.138683386147022247e-02,-7.706924527883529663e-02,-5.426594614982604980e-02,6.303600221872329712e-02,-3.023320436477661133e-02,7.176743447780609131e-02,-6.379836797714233398e-02,-1.557739078998565674e-02,6.914400309324264526e-02,-7.235403358936309814e-02,-1.186790093779563904e-01,1.429100986570119858e-02,-6.961527746170759201e-03,-7.383780181407928467e-02,-7.954231649637222290e-02,1.331322342157363892e-01,-3.125741612166166306e-03,7.141118496656417847e-02,-1.362689435482025146e-01,-2.087946236133575439e-02,5.009925365447998047e-02,1.335355192422866821e-01,3.950498253107070923e-02,1.284361444413661957e-02,5.183872953057289124e-02,9.300056844949722290e-02,2.902989275753498077e-02,-7.963158190250396729e-02,6.114107370376586914e-02,2.300725877285003662e-02,1.899847835302352905e-01,-4.754829779267311096e-02,-7.870734483003616333e-02,-4.051902517676353455e-02,5.916339159011840820e-02,5.657874047756195068e-02,4.016391932964324951e-02,-1.386827230453491211e-01,8.194542676210403442e-02,-2.467613108456134796e-02,-2.931669168174266815e-02,1.680775731801986694e-01,4.514562431722879410e-03,-1.682886928319931030e-01,-2.976897545158863068e-02,1.511051356792449951e-01,3.214925900101661682e-02,-6.537000648677349091e-03,1.565757989883422852e-01,-5.992376804351806641e-02,-3.465753048658370972e-02,3.388851508498191833e-02,-8.784105069935321808e-03,1.347029954195022583e-01,-4.882513731718063354e-02,-2.796505577862262726e-02,-3.827323019504547119e-02,-5.136559251695871353e-03,8.520898222923278809e-02,-2.298116683959960938e-03,-1.489071100950241089e-01,-5.457999557256698608e-02,2.139556854963302612e-01,-8.196659386157989502e-03,4.543479159474372864e-02,6.408943980932235718e-02,-4.447980970144271851e-02,9.928335994482040405e-02,1.272054761648178101e-01,1.679561585187911987e-01,-1.325595378875732422e-01,1.610504463315010071e-02,3.211543336510658264e-02,1.153881475329399109e-01,-8.754922449588775635e-02,3.989734873175621033e-02,-7.528890855610370636e-03,3.680025693029165268e-03,-1.749511659145355225e-01,1.759294122457504272e-01,8.877078443765640259e-02,-1.300859898328781128e-01,2.509126625955104828e-02,6.780596822500228882e-02,1.285602748394012451e-01,5.696103349328041077e-02,-8.104831725358963013e-02,2.171698212623596191e-02
7.961817830801010132e-02,-1.101542189717292786e-01,-4.355572673375718296e-05,1.271924376487731934e-01,4.740126803517341614e-02,-7.238940149545669556e-02,1.110854819416999817e-01,-5.589761584997177124e-02,1.317653656005859375e-01,-1.135566388256847858e-03,-7.158695161342620850e-02,1.143621504306793213e-01,-5.752079188823699951e-02,-2.686076052486896515e-02,8.518496155738830566e-02,-4.487067053560167551e-05,-1.066150888800621033e-02,-3.275762870907783508e-02,-2.794528007507324219e-02,2.855027094483375549e-02,9.017272293567657471e-02,2.298994362354278564e-02,-1.774694025516510010e-01,-4.406972147990018129e-04,1.279931068420410156e-01,-9.911807626485824585e-02,-9.614919871091842651e-02,-1.410176511853933334e-02,-1.384822279214859009e-01,-8.764910307945683599e-05,-7.393103092908859253e-02,-4.131822288036346436e-02,-2.509514391422271729e-01,-7.723303139209747314e-02,2.028239965438842773e-01,5.438703810796141624e-04,7.996774278581142426e-03,-9.146258980035781860e-02,-3.531735390424728394e-02,4.402449354529380798e-02,-6.252473685890436172e-03,-2.647528797388076782e-02,-4.356328397989273071e-02,1.261536870151758194e-02,-5.776067823171615601e-02,9.624486416578292847e-02,-5.689165368676185608e-02,4.098988324403762817e-02,7.967675477266311646e-02,-3.853213414549827576e-02,-1.409679949283599854e-01,4.269210994243621826e-02,6.990222260355949402e-03,-9.168409556150436401e-02,-1.126259192824363708e-01,1.756083965301513672e-01,3.811564762145280838e-03,6.406424194574356079e-02,-1.220619007945060730e-01,1.523267198354005814e-02,1.930089108645915985e-02,1.445241421461105347e-01,6.279845535755157471e-02,1.187722850590944290e-02,1.920749060809612274e-02,1.118555441498756409e-01,8.411533385515213013e-02,-8.685245364904403687e-02,1.036646068096160889e-01,3.614848107099533081e-02,2.164644598960876465e-01,-5.873171240091323853e-02,-4.048930108547210693e-02,8.804737590253353119e-03,7.315778732299804688e-02,8.374146372079849243e-02,3.423705697059631348e-02,-1.242330968379974365e-01,9.266015887260437012e-02,-8.376561850309371948e-02,-1.878690719604492188e-02,1.861883252859115601e-01,-3.485117852687835693e-02,-1.405990868806838989e-01,-6.119694933295249939e-02,1.005153879523277283e-01,3.971675038337707520e-02,-5.912275984883308411e-02,1.412759870290756226e-01,-5.207867175340652466e-02,1.857976056635379791e-02,1.964026689529418945e-02,-2.125156857073307037e-02,1.427799314260482788e-01,-3.449016809463500977e-02,-4.235643148422241211e-02,-7.278805226087570190e-02,-1.957977563142776489e-02,5.678012967109680176e-02,-2.034689486026763916e-02,-1.088722646236419678e-01,-7.094992697238922119e-02,1.532140970230102539e-01,-2.340767905116081238e-02,2.038512192666530609e-02,3.249455243349075317e-02,-1.310561597347259521e-02,6.373054534196853638e-02,7.518308609724044800e-02,2.088239639997482300e-01,-2.401389926671981812e-02,-2.217136323451995850e-02,1.291541848331689835e-02,1.449987441301345825e-01,-1.049390658736228943e-01,8.834232389926910400e-02,3.878929093480110168e-02,2.362677268683910370e-02,-1.722653061151504517e-01,1.463790237903594971e-01,8.636951446533203125e-02,-1.620505005121231079e-01,-6.514260079711675644e-03,7.275108993053436279e-02,1.143666058778762817e-01,8.080010861158370972e-02,-5.557267740368843079e-02,5.491931363940238953e-02
8.107960969209671021e-02,-1.298269331455230713e-01,2.685251459479331970e-02,1.217025965452194214e-01,3.772621229290962219e-02,-6.722023338079452515e-02,1.011381000280380249e-01,-8.034474402666091919e-02,1.358376443386077881e-01,-2.967206062749028206e-03,-4.222368821501731873e-02,1.082332581281661987e-01,-3.417047113180160522e-02,-2.614326402544975281e-02,9.463290125131607056e-02,8.385016582906246185e-03,-4.991665109992027283e-02,-3.177204355597496033e-02,-3.990156948566436768e-02,-1.575231738388538361e-02,8.487045764923095703e-02,-1.534639764577150345e-02,-1.893338561058044434e-01,-1.521183270961046219e-02,9.855042397975921631e-02,-1.089094206690788269e-01,-1.017289832234382629e-01,-3.056995384395122528e-02,-1.292550116777420044e-01,-3.123249486088752747e-02,-5.559687688946723938e-02,-2.316299639642238617e-02,-2.165463119745254517e-01,-6.707666814327239990e-02,1.656380891799926758e-01,1.116836443543434143e-02,3.139146836474537849e-03,-5.746994540095329285e-02,-7.273623347282409668e-02,1.169213559478521347e-02,6.269761826843023300e-03,-2.222379855811595917e-02,-5.334798619151115417e-02,-2.779595670290291309e-04,-4.353834316134452820e-02,1.024573743343353271e-01,-9.443163871765136719e-02,6.030965223908424377e-02,8.640513569116592407e-02,-3.467662632465362549e-02,-1.247990131378173828e-01,5.130827799439430237e-02,2.847980707883834839e-02,-7.208916544914245605e-02,-9.712543338537216187e-02,2.136702388525009155e-01,5.819476768374443054e-02,3.789484873414039612e-02,-1.336939185857772827e-01,-3.199323266744613647e-02,5.797005072236061096e-02,1.591864824295043945e-01,5.138639733195304871e-02,-8.417649194598197937e-03,6.284156814217567444e-03,8.090482652187347412e-02,5.430870503187179565e-02,-7.576418668031692505e-02,1.173473298549652100e-01,4.561414476484060287e-03,2.418262809514999390e-01,-2.382169105112552643e-02,-6.916338205337524414e-02,9.798638522624969482e-03,8.361258357763290405e-02,5.148039385676383972e-02,3.346494585275650024e-02,-1.070344969630241394e-01,8.813991397619247437e-02,-6.606711447238922119e-02,-6.051145493984222412e-02,1.602856516838073730e-01,-4.036108776926994324e-02,-1.636655777692794800e-01,-7.944602519273757935e-02,9.022065252065658569e-02,5.302167311310768127e-02,-4.183303192257881165e-02,1.562336236238479614e-01,-6.055509299039840698e-02,-4.912154749035835266e-02,-4.125629086047410965e-03,1.517648063600063324e-02,1.457088440656661987e-01,-3.137661144137382507e-02,-2.473969385027885437e-02,-5.958040803670883179e-02,-1.301135774701833725e-02,9.818863868713378906e-02,-3.981885034590959549e-03,-1.265834122896194458e-01,-6.979694217443466187e-02,1.619068533182144165e-01,-1.327543426305055618e-02,8.876991458237171173e-03,3.575022891163825989e-02,-4.273745045065879822e-02,6.686755269765853882e-02,8.821796625852584839e-02,1.915924698114395142e-01,-2.785233408212661743e-02,1.971355639398097992e-03,-1.429468300193548203e-02,1.308338493108749390e-01,-9.127762913703918457e-02,8.927354216575622559e-02,5.060272663831710815e-02,3.807131946086883545e-02,-1.653812676668167114e-01,1.429933309555053711e-01,1.039805263280868530e-01,-1.673706024885177612e-01,3.962427377700805664e-03,9.095883369445800781e-02,1.357558965682983398e-01,6.475941091775894165e-02,-7.653470337390899658e-02,3.358384966850280762e-02
9.933760762214660645e-02,-1.280248016119003296e-01,2.189136110246181488e-02,1.361310631036758423e-01,7.695210725069046021e-02,-6.050866842269897461e-02,1.005283892154693604e-01,-5.027752742171287537e-02,1.623363047838211060e-01,-1.571966335177421570e-02,-5.578178539872169495e-02,7.223481684923171997e-02,-7.306318730115890503e-02,-5.757881328463554382e-03,1.092239469289779663e-01,-2.493622153997421265e-02,-2.870433405041694641e-02,-5.264141783118247986e-02,5.028372164815664291e-03,3.186940215528011322e-03,9.530495107173919678e-02,-1.118750218302011490e-02,-2.001646161079406738e-01,1.907341368496417999e-02,8.765430003404617310e-02,-1.085491329431533813e-01,-9.965647757053375244e-02,-2.983407117426395416e-02,-1.416617929935455322e-01,4.080526530742645264e-03,-5.223881453275680542e-02,-1.276674401015043259e-02,-2.489521354436874390e-01,-1.061765700578689575e-01,1.607417762279510498e-01,-1.649603433907032013e-02,-4.033900797367095947e-03,-8.245395869016647339e-02,-7.400009781122207642e-02,2.496465749572962523e-04,1.333646290004253387e-02,-3.700269386172294617e-02,-3.443929553031921387e-02,-1.018533762544393539e-02,-6.355305016040802002e-02,9.878621250391006470e-02,-7.953856885433197021e-02,5.799828842282295227e-02,6.811929494142532349e-02,-3.874184563755989075e-02,-1.547700166702270508e-01,4.376221448183059692e-02,-4.683462437242269516e-03,-8.478951454162597656e-02,-1.139699667692184448e-01,1.865896880626678467e-01,5.696459859609603882e-02,2.300248853862285614e-02,-1.296851933002471924e-01,2.013555727899074554e-02,5.021319538354873657e-02,1.519528776407241821e-01,4.485105723142623901e-02,1.160031091421842575e-02,-5.569607950747013092e-03,7.191929966211318970e-02,6.505830585956573486e-02,-8.208071440458297729e-02,8.126679807901382446e-02,2.918737567961215973e-02,1.977981179952621460e-01,-4.470049217343330383e-02,-4.895162954926490784e-02,2.434208802878856659e-02,7.897190004587173462e-02,6.825333833694458008e-02,4.866483435034751892e-02,-1.179344728589057922e-01,9.431151300668716431e-02,-7.070466876029968262e-02,-4.356764256954193115e-02,1.616660803556442261e-01,5.568741820752620697e-03,-1.485078930854797363e-01,-4.086262360215187073e-02,8.624221384525299072e-02,2.603366039693355560e-02,-4.237248748540878296e-02,1.319862902164459229e-01,-4.314780980348587036e-02,2.320834062993526459e-02,-2.692136913537979126e-03,-1.958134025335311890e-02,1.331747323274612427e-01,-3.193902224302291870e-02,-4.804141446948051453e-02,-3.126181662082672119e-02,-3.730767965316772461e-02,1.215956434607505798e-01,-1.330164959654211998e-03,-1.093606427311897278e-01,-1.016587018966674805e-01,1.626923233270645142e-01,2.678236737847328186e-02,3.649902716279029846e-02,1.771390996873378754e-02,-4.440661147236824036e-02,8.460745215415954590e-02,6.025790795683860779e-02,2.058017849922180176e-01,-2.517240121960639954e-02,-2.474616095423698425e-02,-7.697827531956136227e-04,1.386232078075408936e-01,-1.055404096841812134e-01,7.282429188489913940e-02,4.249256849288940430e-02,1.180145330727100372e-02,-1.777702122926712036e-01,1.410741955041885376e-01,1.200657486915588379e-01,-1.425004452466964722e-01,-3.673162544146180153e-03,9.994947910308837891e-02,1.360845863819122314e-01,6.744119524955749512e-02,-6.881634891033172607e-02,3.617241978645324707e-02
8.674389868974685669e-02,-1.235485598444938660e-01,4.618013743311166763e-03,1.106349378824234009e-01,6.391345709562301636e-02,-1.741147227585315704e-02,8.278899639844894409e-02,-1.333172470331192017e-01,1.783569753170013428e-01,-3.646293655037879944e-02,-6.296887993812561035e-02,8.816656470298767090e-02,-6.343364715576171875e-02,-2.492823451757431030e-02,1.488310694694519043e-01,-1.468760799616575241e-02,-3.369965031743049622e-02,-7.059646397829055786e-02,-3.589949384331703186e-02,-1.944941096007823944e-02,5.522773042321205139e-02,1.852426677942276001e-02,-1.668105572462081909e-01,-2.188706211745738983e-02,1.116285547614097595e-01,-1.219833344221115112e-01,-5.995603650808334351e-02,-4.213659092783927917e-02,-1.022528484463691711e-01,2.140096388757228851e-03,-7.183080166578292847e-02,-1.882470585405826569e-02,-2.280251681804656982e-01,-7.066131383180618286e-02,1.705896556377410889e-01,2.047526091337203979e-02,-2.978117577731609344e-02,-7.517977058887481689e-02,-6.904134154319763184e-02,-3.599483892321586609e-02,-3.016113489866256714e-02,-5.208304151892662048e-02,-3.076420351862907410e-02,1.384847145527601242e-02,-6.205359846353530884e-02,1.064390763640403748e-01,-9.995090216398239136e-02,7.824733108282089233e-02,1.206677854061126709e-01,-3.955857083201408386e-02,-1.158044636249542236e-01,4.826477542519569397e-02,-6.447779014706611633e-03,-5.872856080532073975e-02,-8.585651218891143799e-02,1.922383606433868408e-01,4.755562543869018555e-02,7.756268233060836792e-02,-1.177760884165763855e-01,3.325091674923896790e-02,4.670850187540054321e-02,1.151705384254455566e-01,5.288356915116310120e-02,4.166997037827968597e-03,1.309247501194477081e-02,7.707528769969940186e-02,3.474518284201622009e-02,-6.509754806756973267e-02,8.658397942781448364e-02,5.787341669201850891e-02,1.855592131614685059e-01,-5.240671709179878235e-02,-4.550924897193908691e-02,1.734648272395133972e-02,9.618723392486572266e-02,5.843897163867950439e-02,2.300359867513179779e-02,-9.993030130863189697e-02,9.531763195991516113e-02,-1.193849667906761169e-01,7.284707855433225632e-03,1.297996491193771362e-01,1.451346091926097870e-02,-2.000258117914199829e-01,-3.184609487652778625e-02,9.621397405862808228e-02,2.635344862937927246e-02,-1.248913444578647614e-02,1.445148587226867676e-01,-5.017067864537239075e-02,3.402607142925262451e-02,-2.333849854767322540e-02,-1.111431233584880829e-02,1.477859467267990112e-01,-4.770786687731742859e-02,-4.626102373003959656e-02,-3.712267801165580750e-02,-5.587737634778022766e-02,8.060865104198455811e-02,-7.030414417386054993e-03,-1.444977819919586182e-01,-1.445776820182800293e-01,1.465474516153335571e-01,3.054110519587993622e-02,7.849623262882232666e-02,9.277508594095706940e-03,-2.802164293825626373e-02,6.562136113643646240e-02,8.189808577299118042e-02,2.164602875709533691e-01,-3.594887256622314453e-02,-1.951895095407962799e-02,-2.489867620170116425e-02,1.180699244141578674e-01,-1.019684150815010071e-01,9.904751181602478027e-02,5.606941133737564087e-02,9.561983868479728699e-03,-1.678792983293533325e-01,1.412074565887451172e-01,8.749171346426010132e-02,-1.337494701147079468e-01,1.276145409792661667e-02,1.103553399443626404e-01,1.432617008686065674e-01,5.218037590384483337e-02,-3.595175966620445251e-02,3.075492382049560547e-02
9.009914100170135498e-02,-1.697104424238204956e-01,6.244427990168333054e-03,1.307243853807449341e-01,8.589430153369903564e-02,-2.488591149449348450e-02,9.060808271169662476e-02,-8.129192143678665161e-02,1.779822558164596558e-01,-2.521065995097160339e-02,-8.623899519443511963e-02,6.844869256019592285e-02,-5.176249891519546509e-02,1.209751330316066742e-02,1.087498739361763000e-01,-1.224826090037822723e-02,-4.731697216629981995e-02,-5.095716938376426697e-02,-3.229598514735698700e-04,-1.137961633503437042e-02,5.101479962468147278e-02,2.862736023962497711e-02,-2.045446187257766724e-01,1.614311710000038147e-02,6.621971726417541504e-02,-1.209293305873870850e-01,-1.052510589361190796e-01,-2.298575639724731445e-02,-1.170822903513908386e-01,-3.671196475625038147e-02,-7.513763755559921265e-02,-9.306497126817703247e-02,-1.919830441474914551e-01,-6.972389668226242065e-02,2.181288152933120728e-01,9.709618752822279930e-04,-1.451396476477384567e-02,-5.712359771132469177e-02,-9.462438523769378662e-02,-4.236886743456125259e-04,3.802330000326037407e-03,-4.803990945219993591e-02,1.249684114009141922e-02,1.525304652750492096e-02,-2.936449646949768066e-02,7.111174613237380981e-02,-3.242447972297668457e-02,6.037223339080810547e-02,1.133154332637786865e-01,-1.877360604703426361e-02,-1.301363706588745117e-01,7.950836420059204102e-02,2.456467971205711365e-02,-6.105388700962066650e-02,-1.218102872371673584e-01,2.170860618352890015e-01,1.303340308368206024e-02,3.680912777781486511e-02,-1.317853033542633057e-01,-1.475945208221673965e-02,3.630552813410758972e-02,9.855710715055465698e-02,4.537661373615264893e-02,-1.484547834843397141e-02,-5.997329577803611755e-02,6.427121907472610474e-02,4.918126016855239868e-02,-6.527508050203323364e-02,4.998620599508285522e-02,-1.944829896092414856e-02,2.157886177301406860e-01,-1.024639308452606201e-01,-6.099907681345939636e-02,-1.469989400357007980e-02,1.072502508759498596e-01,1.005339100956916809e-01,6.531681120395660400e-02,-8.554645627737045288e-02,7.308968156576156616e-02,-8.239916712045669556e-02,-2.487546950578689575e-02,1.729271858930587769e-01,-3.776502562686800957e-03,-1.496963202953338623e-01,-5.235950276255607605e-02,1.106145903468132019e-01,4.509068652987480164e-02,-5.253852158784866333e-02,1.267179250717163086e-01,-4.704132303595542908e-02,1.660076342523097992e-02,7.580430246889591217e-03,-2.966640517115592957e-02,1.205167546868324280e-01,-5.176831781864166260e-02,-3.612410649657249451e-02,-6.698282808065414429e-02,-1.453020609915256500e-02,8.317489176988601685e-02,2.771580219268798828e-02,-1.613615453243255615e-01,-8.148905634880065918e-02,1.825031191110610962e-01,-4.843040555715560913e-02,3.830326721072196960e-02,2.425237372517585754e-02,1.025455538183450699e-02,4.612156003713607788e-02,1.270142644643783569e-01,2.065220773220062256e-01,-2.869905531406402588e-02,-9.194191545248031616e-03,7.678721565753221512e-03,1.261038631200790405e-01,-1.365679055452346802e-01,6.893028318881988525e-02,5.073445662856101990e-02,4.522753134369850159e-02,-1.580096483230590820e-01,6.904650479555130005e-02,1.124806031584739685e-01,-1.214962527155876160e-01,-1.325667649507522583e-02,3.382177278399467468e-02,7.486400753259658813e-02,6.833352893590927124e-02,-9.222396463155746460e-02,5.450813472270965576e-02
7.139035314321517944e-02,-1.459615379571914673e-01,-1.982273720204830170e-02,9.329924732446670532e-02,4.489006847143173218e-02,-4.469021689146757126e-03,1.096512973308563232e-01,-5.105935037136077881e-02,1.493535637855529785e-01,-2.627232484519481659e-02,-8.048242330551147461e-02,7.143189758062362671e-02,-7.694727927446365356e-02,-3.117071650922298431e-02,1.014924272894859314e-01,-3.432868048548698425e-03,-5.961361154913902283e-02,-5.682848393917083740e-02,-5.115158483386039734e-02,-1.314146071672439575e-02,7.078389823436737061e-02,4.258729889988899231e-02,-2.058211266994476318e-01,2.322361990809440613e-02,9.321416914463043213e-02,-1.106950566172599792e-01,-8.376605808734893799e-02,-5.590381100773811340e-02,-9.469761699438095093e-02,-2.793695218861103058e-02,-2.977697178721427917e-02,-1.102643460035324097e-01,-2.039602845907211304e-01,-7.479664683341979980e-02,2.310370504856109619e-01,1.085031870752573013e-02,-4.851033166050910950e-02,-1.856252923607826233e-02,-2.909167855978012085e-02,-1.150638423860073090e-02,-5.058201029896736145e-03,-7.201161235570907593e-02,-7.178058475255966187e-02,3.601259365677833557e-02,-5.869778618216514587e-02,1.160699427127838135e-01,-4.177141562104225159e-02,9.437349438667297363e-02,1.123738288879394531e-01,-3.259443491697311401e-02,-1.571410000324249268e-01,8.229922503232955933e-02,2.735116891562938690e-02,-1.744572259485721588e-02,-1.171920225024223328e-01,2.185947746038436890e-01,-9.691938757896423340e-03,7.240393757820129395e-02,-1.313637346029281616e-01,-1.223846711218357086e-02,5.652242898941040039e-02,8.597054332494735718e-02,5.795371904969215393e-02,1.692963950335979462e-02,-1.086029317229986191e-02,1.030381545424461365e-01,6.485299021005630493e-02,-3.946403041481971741e-02,9.172871708869934082e-02,2.914884872734546661e-02,2.039267271757125854e-01,-8.065924048423767090e-02,-1.021812111139297485e-01,3.772013122215867043e-03,7.347393035888671875e-02,1.217937096953392029e-01,7.786536216735839844e-02,-1.263907104730606079e-01,8.863743394613265991e-02,-8.131679892539978027e-02,3.664918476715683937e-03,1.937219351530075073e-01,1.332644838839769363e-03,-9.292461723089218140e-02,-2.894074656069278717e-02,8.202832192182540894e-02,3.709092363715171814e-02,-7.826068997383117676e-02,1.446099728345870972e-01,-4.435759410262107849e-02,4.730189591646194458e-02,6.627632770687341690e-03,-4.732856526970863342e-02,7.907934486865997314e-02,-6.490724533796310425e-02,-2.930109202861785889e-02,-1.723168417811393738e-02,-4.516239464282989502e-02,5.752924829721450806e-02,-3.469394054263830185e-03,-1.006472706794738770e-01,-1.181675717234611511e-01,1.485291123390197754e-01,6.687711458653211594e-03,8.371853828430175781e-02,1.132536027580499649e-02,1.767222397029399872e-02,8.293042331933975220e-02,9.263931959867477417e-02,1.942685097455978394e-01,-3.633233532309532166e-02,4.308906383812427521e-03,1.189589314162731171e-02,1.182673722505569458e-01,-1.223917976021766663e-01,8.941066265106201172e-02,5.983141437172889709e-02,-7.914969697594642639e-03,-1.685732156038284302e-01,1.030490621924400330e-01,1.071719601750373840e-01,-1.652147173881530762e-01,2.282733796164393425e-03,4.523389413952827454e-02,1.104172244668006897e-01,2.566981874406337738e-02,-4.226393625140190125e-02,6.683162599802017212e-02
9.106476604938507080e-02,-1.591371148824691772e-01,-3.256684541702270508e-02,9.689104557037353516e-02,5.748217552900314331e-02,-2.115454152226448059e-02,1.042636260390281677e-01,-3.800621628761291504e-02,1.988174915313720703e-01,-3.394461050629615784e-02,-9.710313379764556885e-02,7.653005421161651611e-02,-5.102406814694404602e-02,-1.661932654678821564e-02,8.834956586360931396e-02,-1.543225813657045364e-02,-4.484653472900390625e-02,-3.921951726078987122e-02,-2.507635578513145447e-02,-1.650780439376831055e-02,2.099636755883693695e-02,5.169613286852836609e-02,-1.508819013833999634e-01,7.283778395503759384e-03,7.559172064065933228e-02,-8.549251407384872437e-02,-9.864135086536407471e-02,-2.995843440294265747e-02,-1.058467328548431396e-01,-3.339332342147827148e-02,-5.015974864363670349e-02,-7.859945297241210938e-02,-2.141420543193817139e-01,-5.290427803993225098e-02,2.230799645185470581e-01,-9.178741835057735443e-03,-3.680027648806571960e-02,-7.488183677196502686e-02,-4.481206089258193970e-02,-1.022082520648837090e-03,1.225880347192287445e-02,-1.793775893747806549e-02,-9.811025857925415039e-02,-2.474099746905267239e-04,-8.325929939746856689e-02,1.095112785696983337e-01,-6.523102521896362305e-02,5.237214639782905579e-02,5.903486534953117371e-02,-5.928722396492958069e-02,-1.812995821237564087e-01,6.099392473697662354e-02,2.352150157094001770e-02,-7.391627877950668335e-04,-1.098803430795669556e-01,2.328899651765823364e-01,-2.817402780055999756e-02,6.282153725624084473e-02,-7.999465614557266235e-02,2.431192062795162201e-02,-3.158175852149724960e-03,1.268097907304763794e-01,5.264389142394065857e-02,1.471422798931598663e-02,-9.754315018653869629e-03,1.118333190679550171e-01,7.713595777750015259e-02,-5.522179976105690002e-02,5.548585951328277588e-02,4.633060097694396973e-02,2.362094670534133911e-01,-4.684080928564071655e-02,-8.441917598247528076e-02,-4.527171608060598373e-03,5.685957893729209900e-02,4.899960383772850037e-02,5.940536782145500183e-02,-1.373736113309860229e-01,7.962428033351898193e-02,-9.421677887439727783e-02,-1.406873483210802078e-02,1.664243489503860474e-01,-1.889569126069545746e-02,-9.397152811288833618e-02,1.122909691184759140e-02,8.051573485136032104e-02,5.906231328845024109e-02,-3.190655633807182312e-02,1.384008675813674927e-01,-4.698400571942329407e-02,7.007280737161636353e-02,2.626711130142211914e-02,-4.777568578720092773e-02,1.089104413986206055e-01,-6.420020014047622681e-02,-3.601902723312377930e-02,-6.091143935918807983e-02,-6.738273054361343384e-02,6.291570514440536499e-02,5.004540085792541504e-02,-9.189620614051818848e-02,-1.332939863204956055e-01,1.555004119873046875e-01,5.215666722506284714e-03,4.994020238518714905e-02,3.688898682594299316e-02,-2.606495097279548645e-02,8.332329988479614258e-02,4.919065907597541809e-02,1.701756417751312256e-01,-3.958879411220550537e-02,-2.155350707471370697e-02,1.606023125350475311e-02,1.735289543867111206e-01,-1.307600736618041992e-01,3.236673399806022644e-02,-1.476949430070817471e-03,3.135150298476219177e-02,-1.850377917289733887e-01,1.443083733320236206e-01,1.147486045956611633e-01,-1.753335893154144287e-01,-3.517828416079282761e-03,4.991909861564636230e-02,1.097737103700637817e-01,6.524985283613204956e-02,-1.339983288198709488e-02,7.580661773681640625e-02
4.131352528929710388e-02,-2.129929959774017334e-01,1.492169033735990524e-02,9.682912379503250122e-02,3.720637410879135132e-02,-3.109130822122097015e-02,5.317876860499382019e-02,-3.502707928419113159e-02,1.374825388193130493e-01,-1.772361434996128082e-02,-2.738710492849349976e-02,3.938433900475502014e-02,-3.600519150495529175e-02,-6.588411051779985428e-03,1.172235086560249329e-01,-2.250360138714313507e-02,-6.902618706226348877e-02,-7.308847457170486450e-02,3.643266111612319946e-02,-2.332258597016334534e-02,3.530228277668356895e-03,4.050716757774353027e-02,-1.650350838899612427e-01,1.151970238424837589e-03,8.633425086736679077e-02,-3.755748271942138672e-02,-1.661826074123382568e-01,4.506723955273628235e-03,-8.044967800378799438e-02,-8.248862624168395996e-02,-2.393365651369094849e-02,-4.588739946484565735e-02,-2.505089044570922852e-01,-5.906536057591438293e-02,2.208997756242752075e-01,-2.077527716755867004e-02,-5.379909276962280273e-02,-4.838037863373756409e-02,-5.277191475033760071e-02,3.346225991845130920e-02,-3.537929430603981018e-02,-3.251921385526657104e-02,-5.633993819355964661e-02,2.333692647516727448e-02,-9.374627470970153809e-02,1.068525835871696472e-01,4.582641180604696274e-03,5.303762480616569519e-02,7.813566923141479492e-02,-6.234806403517723083e-02,-1.754925847053527832e-01,9.513916820287704468e-02,1.953577250242233276e-02,-7.025108672678470612e-03,-4.675249755382537842e-02,2.260109335184097290e-01,-1.499452255666255951e-02,8.669086545705795288e-02,-4.161769896745681763e-02,1.123754191212356091e-03,-2.486035414040088654e-02,1.179850995540618896e-01,4.477556422352790833e-02,1.690993644297122955e-02,-1.070990413427352905e-02,1.008194610476493835e-01,7.696483284235000610e-02,-1.132485643029212952e-02,-9.815455414354801178e-03,-1.788089796900749207e-02,2.686969935894012451e-01,-3.750659525394439697e-02,-8.534142374992370605e-02,-2.725240960717201233e-02,2.163445018231868744e-02,4.110176488757133484e-02,6.541667878627777100e-02,-1.459686607122421265e-01,1.375020742416381836e-01,-1.002688035368919373e-01,-1.023473404347896576e-02,1.344526708126068115e-01,-3.714802861213684082e-02,-1.066627278923988342e-01,2.194458465964999050e-05,2.743728272616863251e-02,-4.531807079911231995e-02,-6.065942812711000443e-03,1.416634619235992432e-01,-3.615447133779525757e-02,4.606486111879348755e-02,1.871756464242935181e-02,-9.341698884963989258e-02,1.041525006294250488e-01,-7.324063032865524292e-02,-2.874691225588321686e-02,-3.123959153890609741e-02,-9.883251972496509552e-03,6.837279349565505981e-02,-3.357938257977366447e-03,-3.832374513149261475e-02,-1.250265836715698242e-01,2.195119559764862061e-01,8.051293343305587769e-02,9.919013828039169312e-02,6.252806633710861206e-02,-3.485569963231682777e-03,2.147359587252140045e-02,1.063336357474327087e-01,1.303997337818145752e-01,-3.023502940777689219e-04,-1.932429708540439606e-02,8.977681398391723633e-02,2.081418037414550781e-01,-1.684040725231170654e-01,-1.888092607259750366e-02,4.338880628347396851e-02,-2.845986746251583099e-02,-1.654076427221298218e-01,9.588120132684707642e-02,1.342618912458419800e-01,-9.797842800617218018e-02,-4.859456792473793030e-02,-1.378397177904844284e-02,7.736596465110778809e-02,5.308750644326210022e-02,-5.020421743392944336e-02,5.669044330716133118e-02
4.254158213734626770e-02,-1.948322355747222900e-01,9.013965725898742676e-02,3.273934870958328247e-02,2.962367795407772064e-02,-1.462943758815526962e-02,3.520498797297477722e-02,-1.933801174163818359e-02,1.092421039938926697e-01,-4.417665675282478333e-02,-1.667116768658161163e-03,4.501277953386306763e-02,-8.374049514532089233e-02,-5.559869855642318726e-02,1.257025599479675293e-01,-2.804130199365317822e-04,-6.738153100013732910e-02,-1.181831955909729004e-01,3.226256743073463440e-02,-3.933896124362945557e-02,6.251638382673263550e-02,4.801713302731513977e-02,-2.124427706003189087e-01,4.340012744069099426e-02,4.122709110379219055e-02,-8.046461641788482666e-02,-1.292179375886917114e-01,3.220880404114723206e-02,-6.798928976058959961e-02,-9.382463991641998291e-02,-2.370116533711552620e-03,-6.980614364147186279e-02,-2.187864631414413452e-01,-5.105838924646377563e-02,2.079272717237472534e-01,-6.731083989143371582e-02,-1.100264582782983780e-02,-5.345233716070652008e-03,-4.340738803148269653e-02,8.160180295817553997e-04,-4.354123491793870926e-03,-2.965037338435649872e-02,2.239472977817058563e-02,-2.725410647690296173e-02,-1.213358640670776367e-01,1.325505524873733521e-01,1.315737050026655197e-02,3.182391077280044556e-02,2.432105317711830139e-02,-6.075850501656532288e-02,-1.745625436305999756e-01,9.326614439487457275e-02,-2.409661374986171722e-02,6.854517012834548950e-02,-1.296324580907821655e-01,2.020599693059921265e-01,-1.241286396980285645e-01,9.909762442111968994e-02,-5.116062611341476440e-02,2.436982840299606323e-02,4.157181456685066223e-02,1.955923810601234436e-02,2.826716005802154541e-02,-1.735322736203670502e-02,-2.380090020596981049e-02,1.038690656423568726e-01,4.835576936602592468e-02,1.852443255484104156e-02,1.192472409456968307e-02,6.706623826175928116e-03,2.602261006832122803e-01,-1.212104484438896179e-01,-1.113131120800971985e-01,-5.444148555397987366e-02,-5.274632014334201813e-03,7.480486482381820679e-02,8.569322526454925537e-02,-1.344680190086364746e-01,1.135520190000534058e-01,-6.447380781173706055e-02,2.143773809075355530e-02,1.178211718797683716e-01,1.866452768445014954e-02,-1.022613719105720520e-01,7.873071357607841492e-03,-5.090330261737108231e-03,-4.098718613386154175e-02,-4.659144952893257141e-02,1.311925947666168213e-01,-4.603272676467895508e-02,4.810363054275512695e-02,3.971426934003829956e-02,-5.223095417022705078e-02,1.417663544416427612e-01,-5.575590208172798157e-02,1.984677650034427643e-02,-1.868087798357009888e-02,-4.257253184914588928e-02,5.718920379877090454e-02,3.272699192166328430e-02,-5.248714610934257507e-02,-1.507941931486129761e-01,1.497382968664169312e-01,2.915537729859352112e-02,8.216758072376251221e-02,5.430553108453750610e-02,-4.639634117484092712e-02,4.207634180784225464e-02,9.105599671602249146e-02,2.258587777614593506e-01,3.657102957367897034e-02,-5.052304267883300781e-02,1.036067828536033630e-01,1.837064772844314575e-01,-1.337090581655502319e-01,7.460377365350723267e-02,1.553971040993928909e-02,-1.463665440678596497e-02,-1.531775891780853271e-01,8.863614499568939209e-02,1.278849542140960693e-01,-7.805406302213668823e-02,-3.367677703499794006e-02,-6.795922294259071350e-03,8.909218758344650269e-02,-3.756364094442687929e-05,-4.485452175140380859e-02,9.986919909715652466e-02
1.130419373512268066e-01,-2.080872952938079834e-01,-3.344585711602121592e-04,9.288006275892257690e-02,1.707519218325614929e-02,4.351982846856117249e-03,1.027749404311180115e-01,-9.292760491371154785e-02,1.466053426265716553e-01,-7.730138301849365234e-02,-7.976668328046798706e-02,7.080117613077163696e-02,-3.228316456079483032e-02,-2.120037190616130829e-02,8.876112848520278931e-02,-2.516068145632743835e-02,-1.218133792281150818e-02,-7.873688638210296631e-02,-7.591633591800928116e-03,-6.556988228112459183e-03,3.559675440192222595e-02,4.233394190669059753e-02,-1.882266402244567871e-01,1.269593462347984314e-02,8.448269963264465332e-02,-8.914217352867126465e-02,-9.713653475046157837e-02,-7.064525038003921509e-02,-1.153486818075180054e-01,-3.564376756548881531e-02,-4.236483201384544373e-02,-6.719439476728439331e-02,-2.058078497648239136e-01,-2.580090612173080444e-02,1.643463969230651855e-01,-1.951829344034194946e-02,-5.557074397802352905e-02,-3.501226007938385010e-02,-1.056250929832458496e-01,-3.004810586571693420e-02,2.739769220352172852e-02,-1.613193936645984650e-02,-5.434179306030273438e-02,-1.829422637820243835e-02,-6.631627678871154785e-02,1.506376713514328003e-01,-4.457304254174232483e-02,6.535569578409194946e-02,6.523300707340240479e-02,-2.752899564802646637e-02,-1.371500194072723389e-01,8.379042893648147583e-02,-4.152161255478858948e-02,1.304988749325275421e-02,-8.128067106008529663e-02,2.524693012237548828e-01,-3.010551445186138153e-02,7.819081097841262817e-02,-6.483714282512664795e-02,8.167724125087261200e-03,2.638749964535236359e-02,1.101414337754249573e-01,5.059912055730819702e-02,-7.765675894916057587e-03,-4.051284492015838623e-02,8.655948191881179810e-02,6.028971448540687561e-02,-9.333377331495285034e-02,7.358085364103317261e-02,5.691714957356452942e-02,1.785817891359329224e-01,-8.593118935823440552e-02,-5.843334645032882690e-02,5.576903931796550751e-03,4.667285084724426270e-02,5.070667713880538940e-02,8.807298541069030762e-02,-1.143964529037475586e-01,3.007279895246028900e-02,-1.132177785038948059e-01,5.784900858998298645e-03,1.613994836807250977e-01,-1.742936857044696808e-02,-1.332903802394866943e-01,5.397831089794635773e-03,9.523038566112518311e-02,-1.418210286647081375e-02,-7.405205816030502319e-02,1.592804044485092163e-01,-2.466919831931591034e-02,4.051704332232475281e-02,-5.802982673048973083e-02,-8.573395013809204102e-02,1.340653896331787109e-01,-2.816244587302207947e-02,-6.687399744987487793e-02,-5.040016025304794312e-02,-4.018227383494377136e-02,3.225950524210929871e-02,4.681856185197830200e-02,-9.911184757947921753e-02,-1.376770734786987305e-01,1.818853169679641724e-01,3.178171068429946899e-02,8.947252482175827026e-02,2.781388722360134125e-02,-2.118577063083648682e-02,5.317583307623863220e-02,5.769926682114601135e-02,1.775107830762863159e-01,-3.743786364793777466e-02,-7.090266793966293335e-02,7.258413359522819519e-03,1.563779413700103760e-01,-1.326247006654739380e-01,5.871229246258735657e-02,2.852420555427670479e-03,-2.003527618944644928e-02,-2.208498567342758179e-01,1.225018501281738281e-01,1.126275956630706787e-01,-1.171584874391555786e-01,-1.198810432106256485e-02,6.598947942256927490e-02,1.030841916799545288e-01,6.469216942787170410e-02,-2.787124179303646088e-02,6.848337501287460327e-02
7.734451442956924438e-02,-1.562200337648391724e-01,1.655621640384197235e-02,7.650291174650192261e-02,6.242933869361877441e-02,5.116269458085298538e-04,9.902227669954299927e-02,-7.958508282899856567e-02,1.940586715936660767e-01,-6.769368052482604980e-02,-3.830379992723464966e-02,6.865663081407546997e-02,-1.556600350886583328e-02,5.294101778417825699e-03,1.617837101221084595e-01,-5.452099815011024475e-02,-4.111973196268081665e-02,-5.393549427390098572e-02,-2.531552687287330627e-02,-4.740967229008674622e-02,-1.535546220839023590e-02,9.245797246694564819e-02,-1.733737140893936157e-01,2.153045870363712311e-02,8.309044688940048218e-02,-1.335608512163162231e-01,-1.048238128423690796e-01,-1.249637547880411148e-02,-1.040999889373779297e-01,-4.543055221438407898e-02,-9.343039244413375854e-02,-6.455215811729431152e-02,-2.210369408130645752e-01,-9.359506890177726746e-03,2.252944409847259521e-01,-1.490691117942333221e-02,1.213187444955110550e-02,-5.939825996756553650e-02,-5.997058749198913574e-02,-3.425547853112220764e-02,5.420274566859006882e-03,-7.927166670560836792e-02,-3.712033107876777649e-02,1.397952158004045486e-02,-4.236860573291778564e-02,1.187203601002693176e-01,-5.139908567070960999e-02,5.475215613842010498e-02,9.338026493787765503e-02,-5.783960595726966858e-02,-1.497357934713363647e-01,5.964617803692817688e-02,-3.366978839039802551e-02,-1.916570030152797699e-02,-7.698571681976318359e-02,1.961421817541122437e-01,-1.546497736126184464e-02,1.065815016627311707e-01,-9.974779188632965088e-02,9.694888256490230560e-03,3.360505402088165283e-02,1.148693040013313293e-01,7.733148336410522461e-02,1.568546332418918610e-02,9.400287643074989319e-03,1.423213779926300049e-01,6.232526898384094238e-02,-4.863831400871276855e-02,4.863442853093147278e-02,3.866831585764884949e-02,2.163341790437698364e-01,-1.175984367728233337e-01,-6.616579741239547729e-02,9.326264262199401855e-03,6.898098438978195190e-02,5.527689680457115173e-02,9.493103623390197754e-02,-1.240409091114997864e-01,7.354766875505447388e-02,-9.161406755447387695e-02,4.697584360837936401e-02,1.585569530725479126e-01,1.323449797928333282e-02,-1.520869731903076172e-01,-3.110197931528091431e-02,1.037848368287086487e-01,9.290394373238086700e-03,-7.700508832931518555e-02,1.203384920954704285e-01,-1.977322623133659363e-02,7.908727973699569702e-03,-4.610087256878614426e-03,-5.056125298142433167e-02,1.113947406411170959e-01,-6.306898780167102814e-03,-5.684298649430274963e-02,-1.970159262418746948e-02,-1.097819767892360687e-03,7.293704152107238770e-02,3.039779700338840485e-02,-1.048836037516593933e-01,-1.023144572973251343e-01,1.964070498943328857e-01,-8.413332514464855194e-03,8.344447612762451172e-02,3.027309291064739227e-02,-3.457208350300788879e-02,6.023840233683586121e-02,1.122716367244720459e-01,1.676597297191619873e-01,-4.373422637581825256e-02,-3.699219599366188049e-02,-1.770206028595566750e-03,1.315088719129562378e-01,-1.253971755504608154e-01,3.952392190694808960e-02,4.236873611807823181e-02,-1.093416847288608551e-02,-1.572807878255844116e-01,7.825251668691635132e-02,1.131372526288032532e-01,-9.913936257362365723e-02,2.220910973846912384e-02,9.611198306083679199e-02,1.309229582548141479e-01,6.688595563173294067e-02,-5.548757687211036682e-02,4.676288738846778870e-02
7.479387521743774414e-02,-2.078306674957275391e-01,7.328065112233161926e-03,9.165313839912414551e-02,7.322446256875991821e-02,-5.554398521780967712e-02,1.122528612613677979e-01,-3.225508332252502441e-02,1.820473819971084595e-01,-8.636122196912765503e-02,-6.261312216520309448e-02,4.435459524393081665e-02,-4.928630962967872620e-02,-7.869805209338665009e-03,1.638456881046295166e-01,-2.589368075132369995e-02,-1.588860526680946350e-02,-5.012900754809379578e-02,3.516191989183425903e-02,-4.794222488999366760e-02,-3.150242567062377930e-02,9.464258700609207153e-02,-2.036316692829132080e-01,5.993413925170898438e-02,8.629251271486282349e-02,-8.619742095470428467e-02,-9.577824920415878296e-02,4.204987362027168274e-02,-9.783054888248443604e-02,-1.850976422429084778e-02,-3.672971576452255249e-02,-5.905244499444961548e-02,-2.104198187589645386e-01,-4.601612314581871033e-02,1.832358539104461670e-01,-4.869373887777328491e-02,-4.604680836200714111e-02,-7.484821230173110962e-02,-8.225053548812866211e-02,3.649572655558586121e-02,4.234313499182462692e-03,-1.370845362544059753e-02,-4.439688101410865784e-02,8.605778217315673828e-03,-7.204754650592803955e-02,1.182813942432403564e-01,-8.205056190490722656e-02,1.915583014488220215e-02,-2.609989905977272429e-06,-1.322856917977333069e-02,-1.809947192668914795e-01,6.294069439172744751e-02,-7.531058974564075470e-03,1.261589676141738892e-02,-9.538439661264419556e-02,1.946221739053726196e-01,-7.283309847116470337e-02,5.132709071040153503e-02,-9.381210058927536011e-02,2.668087556958198547e-02,5.459408089518547058e-02,1.167981997132301331e-01,6.006637588143348694e-02,-2.373178023844957352e-03,-3.955296054482460022e-02,1.495428532361984253e-01,4.731492698192596436e-02,-3.547645360231399536e-02,2.795124985277652740e-02,1.715125702321529388e-02,2.269588559865951538e-01,-7.930271327495574951e-02,-7.120783627033233643e-02,-2.203955873847007751e-02,1.145562808960676193e-02,7.447542250156402588e-02,9.812365472316741943e-02,-1.584374457597732544e-01,6.876730918884277344e-02,-4.956087842583656311e-02,2.322790399193763733e-02,1.286181211471557617e-01,3.691742569208145142e-02,-8.576454967260360718e-02,2.299207821488380432e-02,9.519630670547485352e-02,1.623291894793510437e-02,-6.074163690209388733e-02,1.341608464717864990e-01,6.137085612863302231e-03,8.418407291173934937e-02,-2.542171254754066467e-02,-6.303875893354415894e-02,8.898566663265228271e-02,-4.900732636451721191e-02,-4.731652140617370605e-02,-2.061252295970916748e-02,-3.516089916229248047e-02,9.876788407564163208e-02,6.100027263164520264e-02,-8.572296798229217529e-02,-1.413777917623519897e-01,1.972616016864776611e-01,2.221673727035522461e-02,8.169266581535339355e-02,7.527484744787216187e-02,-2.110900171101093292e-02,9.319867193698883057e-02,5.033108219504356384e-02,1.786576509475708008e-01,-2.050238847732543945e-02,-1.654531434178352356e-02,5.433150380849838257e-02,1.896104216575622559e-01,-1.388070732355117798e-01,-1.160923507995903492e-03,4.431359842419624329e-02,4.463664256036281586e-03,-1.342017799615859985e-01,9.249034523963928223e-02,1.176230013370513916e-01,-1.421693563461303711e-01,2.804546849802136421e-03,1.634612865746021271e-02,6.696577370166778564e-02,5.176604911684989929e-02,-1.069245580583810806e-02,7.693115621805191040e-02
9.943295270204544067e-02,-1.698485612869262695e-01,1.824029907584190369e-02,9.904473274946212769e-02,3.480627760291099548e-02,-4.394787177443504333e-02,1.182926520705223083e-01,-5.307253077626228333e-02,1.716847419738769531e-01,-9.146104007959365845e-02,-2.714241296052932739e-02,7.365009933710098267e-02,-1.744575239717960358e-02,-4.854854196310043335e-02,1.035141423344612122e-01,-5.786351487040519714e-02,-6.572405248880386353e-02,-5.651581659913063049e-02,-6.489574443548917770e-03,-1.834718510508537292e-02,3.313775872811675072e-03,6.984963268041610718e-02,-1.600570231676101685e-01,5.730149894952774048e-02,9.618448466062545776e-02,-1.017070859670639038e-01,-1.089347675442695618e-01,-1.358896773308515549e-02,-9.779025614261627197e-02,-2.841413393616676331e-02,-6.038263812661170959e-02,-8.573375642299652100e-02,-1.916255652904510498e-01,-3.059803135693073273e-02,2.058036178350448608e-01,-1.787929981946945190e-02,-6.391215138137340546e-03,-5.551746115088462830e-02,-4.771956801414489746e-02,-1.963336253538727760e-03,3.865304170176386833e-04,-2.449013292789459229e-02,-2.502865344285964966e-02,1.460850611329078674e-02,-6.488178670406341553e-02,1.081701740622520447e-01,-5.948828905820846558e-02,3.228534385561943054e-02,6.895104050636291504e-02,-4.801087826490402222e-02,-1.323911398649215698e-01,4.691821336746215820e-02,-1.456365175545215607e-02,-1.380249578505754471e-02,-8.303132653236389160e-02,2.198693156242370605e-01,-6.182916089892387390e-02,7.307547330856323242e-02,-1.293326467275619507e-01,-6.553005427122116089e-03,5.938510224223136902e-02,8.925261348485946655e-02,4.434482753276824951e-02,2.713587507605552673e-02,-3.110339492559432983e-02,1.347330659627914429e-01,6.749346852302551270e-02,-5.895051732659339905e-02,6.388084590435028076e-02,1.736794784665107727e-02,2.184443771839141846e-01,-1.037851274013519287e-01,-5.591781064867973328e-02,-3.585591912269592285e-03,6.908080726861953735e-02,6.995114684104919434e-02,8.089130371809005737e-02,-1.489859521389007568e-01,6.317050755023956299e-02,-9.810050576925277710e-02,3.458106145262718201e-02,1.589751243591308594e-01,3.815259411931037903e-02,-9.713564068078994751e-02,1.467790268361568451e-02,1.132618710398674011e-01,2.414110675454139709e-02,-5.922329053282737732e-02,1.575782746076583862e-01,-2.086655609309673309e-02,5.396692454814910889e-02,2.649031346663832664e-03,-4.216808080673217773e-02,1.135720014572143555e-01,-2.271748520433902740e-02,-6.394965946674346924e-02,-1.112523209303617477e-02,-2.478286065161228180e-02,5.841487646102905273e-02,4.815714806318283081e-02,-1.471544802188873291e-01,-1.462997943162918091e-01,1.660818606615066528e-01,9.824443841353058815e-04,5.330183357000350952e-02,3.889445960521697998e-02,-2.185880020260810852e-02,5.994127318263053894e-02,8.958239108324050903e-02,2.056856900453567505e-01,-2.432309463620185852e-02,-1.771084032952785492e-02,-1.290518231689929962e-02,1.591971665620803833e-01,-1.367411911487579346e-01,4.768038541078567505e-02,3.626026213169097900e-02,4.330949392169713974e-03,-1.720098406076431274e-01,9.966538101434707642e-02,1.526167094707489014e-01,-1.689994037151336670e-01,1.903568767011165619e-02,7.972872257232666016e-02,1.000292971730232239e-01,4.264815524220466614e-02,-2.107969252392649651e-03,6.219692155718803406e-02
1.112313792109489441e-01,-1.747230142354965210e-01,-1.426602900028228760e-02,1.136862188577651978e-01,9.523022174835205078e-02,-4.406567662954330444e-02,9.279739111661911011e-02,-5.917484313249588013e-02,1.656265705823898315e-01,-6.706170737743377686e-03,-7.783637195825576782e-02,1.265047341585159302e-01,-3.167403116822242737e-02,-2.418276108801364899e-02,1.277729719877243042e-01,-5.456569790840148926e-02,-7.878112606704235077e-03,-7.321377098560333252e-02,4.412565007805824280e-02,5.318458657711744308e-03,-2.399781718850135803e-02,4.175781831145286560e-02,-1.986228674650192261e-01,1.561291422694921494e-02,9.815528243780136108e-02,-7.884332537651062012e-02,-1.063644960522651672e-01,-1.541182864457368851e-02,-1.020979061722755432e-01,8.167468011379241943e-03,-6.879460811614990234e-02,-7.564991712570190430e-02,-2.292445003986358643e-01,-7.571708410978317261e-02,1.791390180587768555e-01,-1.865286938846111298e-02,-2.047478966414928436e-02,-5.497870966792106628e-02,-6.806421279907226562e-02,2.657465264201164246e-02,-4.990749806165695190e-02,-4.829825088381767273e-02,-4.617848619818687439e-02,3.620539605617523193e-02,-8.125308901071548462e-02,1.391432136297225952e-01,-7.179585844278335571e-02,4.279863834381103516e-02,8.131594210863113403e-02,-2.453328482806682587e-02,-1.768331974744796753e-01,5.063559859991073608e-02,5.047880578786134720e-03,-4.239051416516304016e-02,-6.122631579637527466e-02,2.332208156585693359e-01,-9.693998843431472778e-03,1.047365069389343262e-01,-6.147493049502372742e-02,1.507268380373716354e-02,7.616127282381057739e-02,1.008715778589248657e-01,-5.350930150598287582e-03,1.952739618718624115e-02,-5.089056119322776794e-02,1.067050099372863770e-01,5.657373368740081787e-02,-3.022441454231739044e-02,7.035406678915023804e-02,1.271874457597732544e-02,1.965318769216537476e-01,-3.970973193645477295e-02,-1.055756732821464539e-01,-1.206611166708171368e-03,6.272135674953460693e-02,6.004086881875991821e-02,6.694611907005310059e-02,-1.323727369308471680e-01,8.058516681194305420e-02,-4.551837965846061707e-02,3.329561278223991394e-02,1.136671006679534912e-01,-7.552051916718482971e-03,-1.301977783441543579e-01,-2.843203768134117126e-02,1.056892275810241699e-01,2.766100130975246429e-02,-4.003714770078659058e-02,1.522103101015090942e-01,-1.239225361496210098e-02,4.756062850356101990e-02,-1.708818227052688599e-02,-8.757309615612030029e-02,8.838412165641784668e-02,-5.563092976808547974e-02,-4.757814854383468628e-02,-4.280221834778785706e-02,-5.914340540766716003e-02,4.244866967201232910e-02,2.569793350994586945e-02,-8.875397592782974243e-02,-1.395965367555618286e-01,1.989162117242813110e-01,2.657703869044780731e-02,5.242791026830673218e-02,1.054658833891153336e-02,-2.061958052217960358e-02,4.725794121623039246e-02,9.609867632389068604e-02,1.897177100181579590e-01,-4.381137341260910034e-02,3.524230048060417175e-02,1.801968738436698914e-02,1.620764732360839844e-01,-1.554310470819473267e-01,5.985529720783233643e-02,4.997306317090988159e-02,3.805863484740257263e-02,-1.373832672834396362e-01,1.076075583696365356e-01,6.748510897159576416e-02,-1.662336736917495728e-01,2.534813992679119110e-02,5.309600010514259338e-02,6.686467677354812622e-02,9.282485395669937134e-02,-1.408327184617519379e-02,8.776234090328216553e-02
1.027169451117515564e-01,-2.059623450040817261e-01,2.800989523530006409e-02,1.136909276247024536e-01,6.583011895418167114e-02,-2.949601039290428162e-02,7.119831442832946777e-02,-7.258577644824981689e-02,1.582802981138229370e-01,-1.213407982140779495e-02,-5.809199437499046326e-02,1.119278669357299805e-01,-4.042768105864524841e-02,-4.746875166893005371e-02,1.330654770135879517e-01,-5.658119171857833862e-02,-1.658710464835166931e-02,-6.605534255504608154e-02,5.595004558563232422e-02,-4.089162498712539673e-02,-1.055138278752565384e-02,4.303304478526115417e-02,-1.922374516725540161e-01,1.725658960640430450e-02,7.617562264204025269e-02,-1.149920225143432617e-01,-7.964856177568435669e-02,-3.993073478341102600e-02,-1.245072185993194580e-01,4.612368345260620117e-02,-8.109539747238159180e-02,-7.628882676362991333e-02,-2.015605866909027100e-01,-1.138869300484657288e-01,1.417922228574752808e-01,-5.523383617401123047e-02,-2.973283082246780396e-02,-3.688658773899078369e-02,-7.833526283502578735e-02,1.424447353929281235e-02,-5.530107393860816956e-02,-5.665805190801620483e-02,-4.147314280271530151e-02,2.723932638764381409e-02,-8.331234753131866455e-02,1.420081704854965210e-01,-7.712256908416748047e-02,3.071967512369155884e-02,6.525648385286331177e-02,-1.953408122062683105e-02,-2.043825387954711914e-01,4.530034586787223816e-02,-4.643999971449375153e-03,-1.351415924727916718e-02,-8.943884074687957764e-02,2.208242714405059814e-01,-3.395451605319976807e-02,9.962788224220275879e-02,-3.846473991870880127e-02,1.176179014146327972e-02,8.223377913236618042e-02,1.289128661155700684e-01,-2.518431842327117920e-02,2.882962301373481750e-02,-5.704748257994651794e-02,8.219425380229949951e-02,1.504823938012123108e-02,-8.878928422927856445e-02,6.755450367927551270e-02,4.067661985754966736e-02,1.992802172899246216e-01,-4.572357609868049622e-02,-5.003698915243148804e-02,2.603596542030572891e-03,3.957929834723472595e-02,6.980518996715545654e-02,7.251432538032531738e-02,-1.598993688821792603e-01,4.514388367533683777e-02,-6.243054941296577454e-02,8.133876137435436249e-03,1.129917949438095093e-01,6.853975821286439896e-03,-1.618980467319488525e-01,1.037088781595230103e-02,1.124390214681625366e-01,3.686217218637466431e-02,-5.100978538393974304e-02,1.234863027930259705e-01,-1.763192564249038696e-02,9.592341631650924683e-02,-3.464040532708168030e-02,-6.523286551237106323e-02,1.139146611094474792e-01,-2.832303382456302643e-02,-4.008680954575538635e-02,-6.325832009315490723e-02,-6.640249490737915039e-02,7.977449893951416016e-02,9.403743781149387360e-03,-8.171647042036056519e-02,-1.655531823635101318e-01,1.605941951274871826e-01,2.554520405828952789e-02,6.091222167015075684e-02,-2.911455463618040085e-03,-2.751899883151054382e-02,2.382673323154449463e-02,9.309652447700500488e-02,1.857996433973312378e-01,-9.055229835212230682e-03,1.846030354499816895e-02,1.146539300680160522e-02,1.701579838991165161e-01,-1.617640107870101929e-01,4.875873401761054993e-02,5.027516186237335205e-02,4.558288957923650742e-03,-1.501663923263549805e-01,8.426956087350845337e-02,6.240090355277061462e-02,-1.545127481222152710e-01,-7.156278472393751144e-03,6.164427101612091064e-02,5.248001962900161743e-02,7.910868525505065918e-02,-3.611825779080390930e-02,7.824058085680007935e-02
7.418544590473175049e-02,-2.023592442274093628e-01,3.732638806104660034e-02,7.332222163677215576e-02,4.222108796238899231e-02,-3.374624252319335938e-02,9.315897524356842041e-02,-8.668186515569686890e-02,1.260859966278076172e-01,-4.432465881109237671e-02,-7.816995680332183838e-02,7.195717841386795044e-02,-4.772506654262542725e-02,-6.607521325349807739e-02,1.186775267124176025e-01,-5.936075001955032349e-02,-5.767033249139785767e-02,-7.082024216651916504e-02,-1.308065652847290039e-02,-5.361835937947034836e-03,1.094507426023483276e-02,7.076042145490646362e-02,-1.842620968818664551e-01,5.455378443002700806e-02,4.484318941831588745e-02,-1.156421452760696411e-01,-8.135100454092025757e-02,-1.270918548107147217e-02,-9.973815828561782837e-02,-3.162225708365440369e-02,-3.991829976439476013e-02,-1.105291470885276794e-01,-1.825888752937316895e-01,-4.395564272999763489e-02,2.236506342887878418e-01,-3.479661419987678528e-02,-1.506507862359285355e-02,-4.238086566329002380e-02,-1.153885647654533386e-01,8.820384740829467773e-03,8.041166700422763824e-03,-4.816601797938346863e-02,-5.850170552730560303e-02,1.015350595116615295e-02,-5.486329644918441772e-02,1.042753532528877258e-01,-4.485529288649559021e-02,3.289115801453590393e-02,3.729920089244842529e-02,-4.605053737759590149e-02,-1.531975716352462769e-01,4.656617343425750732e-02,2.201295271515846252e-02,-2.677748911082744598e-02,-8.812539279460906982e-02,2.303863465785980225e-01,-3.124881163239479065e-02,7.905948162078857422e-02,-7.649350911378860474e-02,1.142203342169523239e-02,7.254190742969512939e-02,8.648630976676940918e-02,3.148856014013290405e-02,3.844362497329711914e-02,-4.223390296101570129e-02,1.227553114295005798e-01,5.330635234713554382e-02,-8.030499517917633057e-02,3.116534464061260223e-02,5.140921473503112793e-02,2.357319444417953491e-01,-6.657662987709045410e-02,-4.548066481947898865e-02,-4.979761317372322083e-02,5.200703814625740051e-02,7.438233494758605957e-02,6.191934645175933838e-02,-1.285995393991470337e-01,7.605345547199249268e-02,-6.347291171550750732e-02,4.627223685383796692e-02,1.486410200595855713e-01,-3.255531936883926392e-02,-1.214653700590133667e-01,-3.987215459346771240e-03,7.951519638299942017e-02,2.765037119388580322e-02,-4.157720506191253662e-02,1.597459316253662109e-01,-5.061021074652671814e-02,3.835148364305496216e-02,-6.422738544642925262e-03,-5.590289831161499023e-02,1.426479965448379517e-01,-3.481994941830635071e-02,2.248073555529117584e-02,-7.306852191686630249e-02,-3.307586908340454102e-02,9.189967811107635498e-02,2.922102063894271851e-02,-1.052521765232086182e-01,-7.171320915222167969e-02,1.702240258455276489e-01,7.175541948527097702e-03,1.080756038427352905e-01,5.098508298397064209e-02,-7.469470053911209106e-02,5.415469408035278320e-03,1.141623184084892273e-01,1.961840540170669556e-01,-4.913152009248733521e-02,2.200034447014331818e-02,-7.048100233078002930e-03,1.385698169469833374e-01,-1.308009177446365356e-01,5.977335199713706970e-02,6.212424486875534058e-02,3.736629709601402283e-02,-1.623572111129760742e-01,9.330431371927261353e-02,9.927973896265029907e-02,-2.101297378540039062e-01,1.551903225481510162e-02,2.896163240075111389e-02,3.701827302575111389e-02,1.099186316132545471e-01,-4.367231577634811401e-02,9.968347847461700439e-02
6.670671701431274414e-02,-1.820371747016906738e-01,1.285424828529357910e-02,5.751360952854156494e-02,3.572549670934677124e-02,-3.110503405332565308e-02,9.591271728277206421e-02,-8.853571116924285889e-02,1.290679275989532471e-01,5.280660931020975113e-03,-3.926540911197662354e-02,1.022493168711662292e-01,-7.420716434717178345e-02,-3.406939655542373657e-02,1.588186621665954590e-01,-2.204250311478972435e-03,-3.620390221476554871e-02,-6.136123836040496826e-02,-3.259580954909324646e-02,-3.662582859396934509e-02,3.430082276463508606e-02,4.576915875077247620e-02,-1.862144768238067627e-01,-2.834217622876167297e-02,8.175541460514068604e-02,-8.599954843521118164e-02,-8.032376319169998169e-02,-4.276279732584953308e-02,-1.196446865797042847e-01,-1.299667870625853539e-03,-6.268069148063659668e-02,-4.360083490610122681e-02,-2.619231045246124268e-01,-6.276720762252807617e-02,2.075300365686416626e-01,-2.785589545965194702e-02,-1.498220954090356827e-02,-4.401741921901702881e-02,-6.886686384677886963e-02,2.013107016682624817e-02,3.754423523787409067e-04,-2.460790798068046570e-02,-4.654065519571304321e-02,4.539973288774490356e-02,-5.442511290311813354e-02,8.430057018995285034e-02,-6.883838772773742676e-02,2.954733371734619141e-02,6.278960406780242920e-02,-3.835113346576690674e-02,-1.679629832506179810e-01,4.386013746261596680e-02,-4.355579242110252380e-02,-4.031858220696449280e-02,-6.630074232816696167e-02,2.230995893478393555e-01,-1.786996796727180481e-02,7.365268468856811523e-02,-7.484769076108932495e-02,-1.447468809783458710e-02,2.709797210991382599e-02,8.245335519313812256e-02,3.266862407326698303e-02,5.173034965991973877e-02,-2.920571342110633850e-02,8.052477240562438965e-02,5.542259290814399719e-02,-4.179409146308898926e-02,7.061813026666641235e-02,2.283392101526260376e-02,2.145953029394149780e-01,-6.681213527917861938e-02,-1.029767766594886780e-01,-5.032916739583015442e-02,5.028808861970901489e-02,3.770540282130241394e-02,3.236218169331550598e-02,-1.032496169209480286e-01,1.188675612211227417e-01,-8.747202903032302856e-02,3.348795324563980103e-02,1.687352657318115234e-01,-4.742558300495147705e-02,-1.483968496322631836e-01,-1.936605945229530334e-02,1.190318465232849121e-01,1.726643182337284088e-02,-5.013797804713249207e-02,1.866866499185562134e-01,-2.963730506598949432e-02,1.248981989920139313e-02,-9.659760631620883942e-03,-2.235045097768306732e-02,1.157094836235046387e-01,-7.060071825981140137e-02,-1.301685441285371780e-02,-7.223819196224212646e-02,-2.534329891204833984e-02,7.755271345376968384e-02,4.569052159786224365e-02,-1.011209338903427124e-01,-1.322802156209945679e-01,1.514641344547271729e-01,4.734794795513153076e-02,8.379835635423660278e-02,3.467696160078048706e-02,-3.423475101590156555e-02,5.367143452167510986e-02,9.569320082664489746e-02,1.931683719158172607e-01,-3.866830095648765564e-02,2.088560163974761963e-02,-5.436589010059833527e-03,1.375865489244461060e-01,-1.217318475246429443e-01,5.476935580372810364e-02,6.154106929898262024e-02,9.513839147984981537e-03,-1.997285634279251099e-01,1.336400508880615234e-01,9.259831905364990234e-02,-1.740885525941848755e-01,3.440672904253005981e-02,3.654699027538299561e-02,9.475717693567276001e-02,8.715862780809402466e-02,-2.968703024089336395e-02,1.574730686843395233e-02
7.456815242767333984e-02,-1.780511587858200073e-01,3.401094581931829453e-03,1.220107600092887878e-01,7.165288180112838745e-02,-4.618309810757637024e-02,1.030394434928894043e-01,-6.709804385900497437e-02,1.567033529281616211e-01,-1.696332357823848724e-02,-5.975227802991867065e-02,8.363169431686401367e-02,-5.248566716909408569e-02,-1.317599136382341385e-02,1.399224400520324707e-01,1.791426097042858601e-03,-2.601923421025276184e-02,-7.414156943559646606e-02,-3.557350486516952515e-02,2.131487801671028137e-02,5.864917486906051636e-02,3.033237904310226440e-02,-2.015874385833740234e-01,-1.935911551117897034e-02,1.079448610544204712e-01,-1.040946692228317261e-01,-8.879499137401580811e-02,-1.803956739604473114e-02,-1.185148656368255615e-01,5.375935509800910950e-02,-4.280291125178337097e-02,-6.737755239009857178e-02,-2.065587788820266724e-01,-9.334886074066162109e-02,2.038487493991851807e-01,-2.048346027731895447e-02,2.464795112609863281e-02,-6.542395800352096558e-02,-3.037278912961483002e-02,1.613837480545043945e-02,-2.000720612704753876e-02,-3.927536308765411377e-02,-3.892855718731880188e-02,2.799767069518566132e-02,-6.600857526063919067e-02,9.234263002872467041e-02,-4.822909459471702576e-02,4.245684295892715454e-02,1.050477623939514160e-01,-3.423234447836875916e-02,-1.177071705460548401e-01,4.250478371977806091e-02,-4.664544016122817993e-02,-5.840348452329635620e-02,-8.587669581174850464e-02,2.105425894260406494e-01,1.066728215664625168e-02,5.840103328227996826e-02,-8.985548466444015503e-02,-6.468891631811857224e-03,4.135137423872947693e-02,1.025825366377830505e-01,4.553177952766418457e-02,1.375354267656803131e-02,-2.427751384675502777e-02,8.427481353282928467e-02,2.265107445418834686e-02,-4.413451999425888062e-02,8.573312312364578247e-02,3.413932397961616516e-02,2.205149382352828979e-01,-5.396591871976852417e-02,-6.778734177350997925e-02,5.930745042860507965e-03,6.146740913391113281e-02,9.212382137775421143e-02,3.419856354594230652e-02,-8.827930688858032227e-02,7.437057048082351685e-02,-1.025782525539398193e-01,-1.143670082092285156e-02,1.857807040214538574e-01,-2.052030898630619049e-02,-1.630884855985641479e-01,-6.711935251951217651e-02,7.081071287393569946e-02,5.556919053196907043e-02,-6.340990215539932251e-02,1.648555248975753784e-01,-1.985263079404830933e-02,2.007016912102699280e-02,1.105360127985477448e-02,-1.638953760266304016e-02,1.159200668334960938e-01,-2.891488932073116302e-02,-2.744597382843494415e-02,-7.297986000776290894e-02,-3.207844868302345276e-02,6.451961398124694824e-02,-1.834761910140514374e-02,-1.060380712151527405e-01,-1.281378865242004395e-01,1.314983963966369629e-01,3.174377372488379478e-03,6.174752861261367798e-02,1.405159197747707367e-02,-2.896983548998832703e-02,4.675149545073509216e-02,1.171545460820198059e-01,2.124681323766708374e-01,-6.406052410602569580e-02,5.782940424978733063e-03,2.991867484524846077e-03,1.533498913049697876e-01,-1.494556814432144165e-01,7.400668412446975708e-02,5.957799404859542847e-02,8.109149523079395294e-03,-1.641389131546020508e-01,1.004848331212997437e-01,1.050197780132293701e-01,-1.794275045394897461e-01,3.859919309616088867e-02,5.302136018872261047e-02,1.457398831844329834e-01,6.665436178445816040e-02,-5.696878209710121155e-02,1.342636998742818832e-02
6.913985311985015869e-02,-1.401261836290359497e-01,-2.152863144874572754e-02,9.377034753561019897e-02,5.715275183320045471e-02,-5.079431459307670593e-02,1.262445598840713501e-01,-5.588283017277717590e-02,1.266278773546218872e-01,-4.847068712115287781e-02,-7.554204016923904419e-02,8.518855273723602295e-02,-5.404477193951606750e-02,-6.993432063609361649e-03,1.436260044574737549e-01,1.036118064075708389e-02,-2.915945462882518768e-02,-2.196115069091320038e-02,-7.737368345260620117e-02,-1.167498761788010597e-03,7.140260189771652222e-02,1.910852082073688507e-02,-1.663623452186584473e-01,-1.948766037821769714e-02,1.243652477860450745e-01,-9.086202830076217651e-02,-5.256405100226402283e-02,1.735278405249118805e-02,-1.383991092443466187e-01,1.401794794946908951e-02,-6.011274829506874084e-02,-4.589665308594703674e-02,-2.019281685352325439e-01,-5.224275588989257812e-02,2.068302035331726074e-01,-8.687407709658145905e-03,2.306032925844192505e-02,-7.421746850013732910e-02,-4.895431548357009888e-02,3.619833290576934814e-02,9.846050292253494263e-03,-2.233623713254928589e-02,-4.739883169531822205e-02,9.064987301826477051e-03,-6.811988353729248047e-02,7.258445769548416138e-02,-7.525075227022171021e-02,5.375099182128906250e-02,9.917496144771575928e-02,-3.984125331044197083e-02,-1.090117022395133972e-01,4.406783357262611389e-02,-4.166965559124946594e-02,-6.637302786111831665e-02,-1.151881590485572815e-01,1.793718039989471436e-01,8.740655146539211273e-03,5.076902359724044800e-02,-1.159281879663467407e-01,3.759077517315745354e-03,5.431693047285079956e-02,1.202130839228630066e-01,7.999948412179946899e-02,6.393462885171175003e-03,-9.960715658962726593e-03,1.436516195535659790e-01,3.741791099309921265e-02,-6.796614080667495728e-02,1.045329868793487549e-01,4.044101014733314514e-02,1.938350051641464233e-01,-6.384823471307754517e-02,-7.645989954471588135e-02,-1.423056423664093018e-02,1.071418970823287964e-01,1.229010671377182007e-01,5.043261498212814331e-02,-1.298965513706207275e-01,8.075624704360961914e-02,-8.688141405582427979e-02,2.142617851495742798e-02,1.975092291831970215e-01,1.369507890194654465e-02,-1.571582704782485962e-01,-5.314364656805992126e-02,6.263343244791030884e-02,5.746556818485260010e-02,-5.156833305954933167e-02,1.550411880016326904e-01,-2.449263259768486023e-02,1.436195988208055496e-02,9.187121875584125519e-03,-5.459436774253845215e-02,1.468614190816879272e-01,-4.879643209278583527e-03,-6.860742717981338501e-02,-4.679837077856063843e-02,-2.333486825227737427e-02,5.483878031373023987e-02,-3.513687849044799805e-02,-1.194287016987800598e-01,-1.289296001195907593e-01,1.283756196498870850e-01,1.224080380052328110e-02,3.255543112754821777e-02,8.623159490525722504e-03,-4.409098532050848007e-03,7.421407848596572876e-02,8.271308988332748413e-02,1.999001652002334595e-01,-5.861822515726089478e-02,1.405183877795934677e-02,2.071520872414112091e-02,1.489387005567550659e-01,-1.457271128892898560e-01,8.600527048110961914e-02,2.138376049697399139e-02,8.388045825995504856e-04,-1.628964245319366455e-01,1.301399171352386475e-01,1.119871065020561218e-01,-1.415756642818450928e-01,3.988318145275115967e-02,7.015414535999298096e-02,1.775783151388168335e-01,4.598762094974517822e-02,-3.583164140582084656e-02,1.568110473453998566e-02
