-8.592583198431152577e-03,-1.939752568115656745e-02,-1.826481840530862211e-02,2.511262481902758026e+00,3.213075190149360938e-01,-6.297744254848833823e-01
8.683824158531748202e-03,-1.998722568820153478e-02,1.126742400605531234e-02,5.473556813384359288e-01,-8.594082751719399338e-02,-1.237097558040662459e+00
3.547006846725533121e-03,-6.684937666429809078e-03,6.585051599316308138e-03,-9.775801490056854059e-02,3.072910817446999343e-01,-2.691246324532821643e-01
3.849783825924251585e-03,5.423537253265775515e-03,-4.294187538900495933e-03,9.897951422252852793e-02,-3.160800130294290633e-01,6.783687672716393058e-01
-2.934182270014231049e-03,3.598299869922175209e-03,2.348817720590260644e-03,-1.136225448736856852e-01,-8.414077104524986250e-02,1.120226654902369695e-01
-1.186582527825395805e-02,-4.168109739063341479e-04,6.718323151462257670e-03,-1.851641396650172966e-01,3.073292094186316076e-02,-5.178294812348940290e-01
2.313391321256245275e-03,-7.745499972510137832e-03,4.250789450183243591e-03,1.231466151715869400e-01,-6.991022694315558728e-02,-1.114103616092626259e-01
2.833258764122058987e-03,1.884407207105420756e-03,-4.695133774719466302e-03,-6.328923485327399290e-02,5.029694216274357976e-02,3.108547231295547553e-01
2.558651968403371710e-03,-1.640055216448214892e-03,-7.556366257607008766e-03,-6.394676496693297782e-03,-1.287353329653441632e-02,4.916496968957915770e-01
3.568205370363977409e-03,5.433967255011232234e-03,2.251261602859453217e-02,2.173006941566751227e+00,-1.369823666230944870e+00,4.076728491921752351e+00
9.478117425241364136e-03,2.667925841370544920e-02,7.898661868806847175e-03,-1.899486487514768784e+00,-5.791657726999313027e-01,3.109979177226278590e+00
1.038540878185128212e-02,4.462157178491403531e-02,-4.342424904622794318e-03,5.392780017726304109e-01,-4.861520567792774750e-01,3.180710605273818992e+00
6.359621871091365036e-03,1.905920422473170867e-02,1.826933966761845260e-02,-1.332022716613782132e-01,4.652331603219114764e-02,1.690254114685937337e+00
8.723285326511606708e-03,-8.350157996253132486e-03,-5.003655286756971549e-02,3.370987220791643035e-01,6.880251045199714532e-01,8.672236508997771542e-02
-6.922130590733960309e-03,1.073933568244334058e-02,2.009665010549901987e-02,-2.703083407189579734e+00,7.879853707534921758e-01,-1.366891938820084196e+00
2.839223232131829130e-02,-3.099278763579408486e-03,-2.325017926728331630e-03,-4.914007025054162869e-01,-1.334839480521314625e+00,-8.000037737131804327e-01
8.330688159099708390e-03,2.892345608943650004e-03,6.028845963796599511e-03,-1.141240211470325949e+00,2.165660511252951448e+00,-8.213799823528136201e-01
9.468710969576854541e-03,-9.149883994015554911e-03,2.106159152213499253e-02,5.405710956693352692e-02,1.281362083375565952e-02,-1.551570562820034915e+00
-2.468368388437913730e-02,-3.509991923946991638e-02,2.449874634097254367e-02,1.665930791902534791e+00,-8.520046673136817406e-01,-1.396850994459008399e+00
-3.465789956161675900e-02,-2.312313148572203020e-02,9.566799650506691011e-03,-3.293003945979349645e+00,-4.585765128900682441e+00,-2.635265774946959461e+00
-2.185486628657677677e-02,-5.248057953547706489e-03,-2.268905000604493072e-02,-9.313174688643024446e-01,-2.787690367651631806e-01,-3.620732511089533867e-01
3.323460586539847550e-02,-2.078483899224994186e-02,-4.510117141312115774e-03,-7.087679736887015913e-01,3.487548476180177381e+00,1.021299322933962861e+00
-2.585547395625095030e-02,5.114702183562233606e-03,4.797098121098027079e-03,-8.673801484013126117e-01,-2.922945085198518922e-01,-1.169117023702180846e+00
-1.710656706486643475e-02,9.561240499125024661e-03,6.035433704660191079e-03,-1.207055470847268719e+00,-1.637642125721104458e+00,1.546884788105496122e+00
-1.394482068669088831e-02,6.383104468103327489e-03,2.620056842676277142e-02,3.893647379502352540e-02,-4.585806482167578690e-01,6.762783329362218598e-01
3.957491530867932733e-02,4.507019503499978819e-04,-3.893654878127223579e-02,-4.724563905967502642e-01,9.238825935966721303e-01,1.984205636159004360e+00
1.016734308715060153e-02,-1.412293533075891644e-02,4.310316839826609098e-02,8.453415729998914330e-01,-1.112994124193726009e+00,-5.177853704619960196e-01
-1.741944220604690549e-02,-1.708432487759829060e-02,-8.464651395701919268e-03,8.786145070148670966e-01,-1.944906284244744876e+00,-8.388164065489149834e-01
-1.414296360467354532e-02,4.819756448235659740e-02,-3.545862585520970223e-02,-1.267458065115482757e+00,-1.411643220047360536e-01,-5.281559342461696893e-01
2.452347779216046408e-02,2.214004669002885700e-02,1.166239635424351495e-02,-3.171450042874703446e+00,4.478790557525953453e+00,2.271581773839725482e+00
2.914925305928400476e-02,-1.018279894553933695e-01,-1.715983488548937508e-02,1.116813528608847417e+00,-2.500292319143744724e+00,-1.286862085757110696e+00
-1.858873842767802542e-02,8.570685838829703029e-02,5.858919353806085750e-03,-2.024067398855548650e+00,2.735517974546855413e+00,-2.627272057443882231e-02
-1.601845312190914097e-02,-1.798440611908829270e-02,1.053542656477217399e-03,-2.000200675644323023e-01,-7.848840782856614240e-01,-4.515404130221326029e-01
-7.285579926718797547e-03,1.117156425595493621e-02,-1.138265820020127606e-03,-1.375901273396497593e-01,-1.332492909325160957e+00,-1.728934561347346410e-01
-1.011007131918336722e-02,4.025062202078103640e-03,1.062741934000144273e-02,1.571567646408467966e-01,-1.866971314470426691e-01,4.066476974704574809e-01
-1.652023680247222820e-02,-4.076747108967913175e-03,-1.455391609448288687e-02,1.234801184434562576e-01,1.008485670715723176e-01,-1.298571433549182697e+00
-1.217725877110444402e-02,-3.655130008640403855e-03,3.311079448856769913e-02,-1.980829413700103458e+00,2.854130488154269507e+00,-3.032497257517797529e+00
-1.548162911249005569e-03,-1.295110065383599934e-02,-3.306999624497405227e-02,-9.671601025677664110e-01,7.825467298088476520e-01,-1.256678977770402827e+00
-1.474327099180389178e-02,-2.783912551181048911e-02,-5.074406851148589165e-03,1.394441559498607597e-01,2.021576533584548585e+00,-3.032899600980466293e+00
-1.209732560010189084e-03,-3.253591126038818393e-04,9.253485153931820945e-03,-1.750519660028515334e+00,3.748764258276523487e-01,-1.997073530399335661e+00
2.297900756096340688e-02,8.316365000340941727e-04,-1.776805222477532975e-02,8.960635429412842079e-01,-7.951541071430767715e-01,5.655072033121369968e-01
-3.025590769049117668e-03,2.528015080311801777e-02,-3.246606440471243651e-03,-3.726763493986057774e-01,1.177957151339690034e+00,1.296387731123867848e+00
1.766515336387840598e-02,6.011452953569987323e-03,-1.300523775758079259e-02,5.908546058229472431e-01,-8.477986460662566559e-01,1.156615282846084281e+00
5.445460624677649075e-03,1.881709933349908631e-02,2.042132205338834799e-03,3.241489396116958854e+00,-2.544356451120195040e+00,3.378578894542531685e+00
8.063734662284079494e-03,2.340860954527350032e-02,6.955672215278181636e-02,1.402796371461693337e+00,1.002748926909798222e+00,4.591751714933356432e+00
2.120913768351559425e-02,1.325298294121690645e-02,-4.395048174101711530e-02,8.516890009906493697e-01,-2.073557471364718907e+00,3.586756264898708579e+00
-1.997292033281036078e-02,8.551282553302041664e-03,3.115750385406782647e-02,2.301349357476108803e+00,-2.188162628217355632e+00,4.152598226273870097e+00
-2.346761430449598000e-03,2.395942008354334796e-02,2.123238082008858246e-02,-2.705761002968054552e+00,-5.658374925792538646e-01,8.468518955466222686e-02
-6.015893789301787579e-03,3.465687315368925353e-02,-2.526947406313928557e-03,-1.466242220578392486e+00,6.398755359988188562e-01,9.368415776317182142e-02
-8.569099492525480630e-03,-3.199271301579931226e-03,-2.277315947266641410e-02,3.443051725833628507e-01,-3.847200697012291282e-01,-1.708374799874549321e+00
1.156285888370311293e-03,-2.081712832841878941e-02,-4.649881843312234087e-03,1.816520646491817104e+00,-1.044293252690668083e+00,-1.554862949492170909e-01
2.621848175797359543e-02,4.573866415128188118e-02,-4.318429297439294046e-02,-3.365221438653839270e-01,-3.276587576382412603e+00,1.695777938260195905e-01
5.778533450290505163e-02,-4.014625039343000523e-02,-8.114439544685398548e-03,5.882516263864943973e+00,-9.119774694543228977e-01,6.276340020777378126e-02
9.401832317220845670e-02,-4.413566918597069955e-02,-1.065659950440548884e-02,2.038747950311123436e+00,2.800324003299495823e-01,-5.487663412778463756e-02
2.061025823981794958e-01,-1.500437285201540183e-01,1.116170065102015455e-02,8.319008368895445260e-01,1.011293964689322422e+00,5.082010345628809489e+00
7.490122726002984566e-02,-2.811561398425321823e-02,2.803782723191335438e-02,-1.175305555285772297e+00,-1.397203819948736658e+00,-1.549130199755538451e+00
1.973663750037794040e-01,-5.047893046510748549e-02,-3.432527128316105458e-02,-5.141818018465881934e+00,-1.211517060105341326e+00,2.369142692442889775e+00
1.563576808463177370e-01,-2.482995709593416311e-02,4.863532781026413954e-02,-1.655162009176072146e+00,9.816196384986640711e-01,-3.094759018939348683e-01
2.532770782134210474e-01,-1.105898065935537744e-01,-3.630686848965324065e-02,2.839705789457982910e+00,3.101728738167035537e+00,2.507195049138855492e+00
2.753816179764525529e-01,-1.492964378848553042e-01,3.774429893878862574e-02,-1.866684992159034273e+00,-4.752614957371586790e+00,6.350781409970451818e+00
1.838933186620046456e-01,1.303889750135445169e-02,4.238818060152513278e-03,7.829374965103820250e-01,-4.970262972208874253e+00,-1.398247959082483227e+00
3.103834554621243136e-01,-8.015581705770247201e-02,-3.289390293009719635e-02,-1.216305150589266360e+00,2.378004003921493137e+00,-4.009643343270474780e+00
1.746079020169559737e-01,-6.176491547517470870e-02,4.899094084464628018e-02,2.348727227905649695e+00,3.804054244750505909e+00,-2.132520244718151936e+00
3.399400227705635658e-01,-6.026045149141956436e-02,-7.288083031383205124e-02,1.675139389223536890e+00,1.058298465549706080e+00,1.889302637376453653e+00
2.052260663464267054e-01,-7.343715699448050138e-02,5.619781815781414724e-02,2.438266664957376317e+00,-2.005477582568996331e-01,6.027486730108807533e-01
3.573841069699206230e-01,-6.454369472147925002e-02,-2.992910107349006088e-02,-1.948967589076956664e+00,-5.517492272869588543e-01,-8.598211815966700922e-01
1.617599898855344165e-01,-2.608018535851175379e-02,6.948877986474494284e-02,-5.148841421008862884e-01,-7.995345102674852322e-01,-3.548672968561794150e+00
3.332001135182700580e-01,-3.912092706986891599e-02,-1.155124783136604050e-01,9.584535411554486739e-01,6.520143148487279605e-01,-1.871690272909554364e+00
2.098686595851657621e-01,-4.967058422968562148e-02,3.483399606916963431e-02,-1.885879584798921593e+00,-3.063200116723700628e+00,3.840908965043516421e+00
3.670742197776077909e-01,-8.161123757889676700e-02,-9.448051595960765825e-03,2.101116987831438965e-02,3.335356491160902159e+00,7.551887986618767423e-02
2.055346685047867439e-01,-2.402074450054403343e-02,-4.550286635076478126e-03,-6.900799333556373316e-01,4.902398788990527945e-01,-1.696066322263847459e+00
3.100548110445657812e-01,-5.027026756020203102e-02,4.953502039193835582e-02,2.785192934234796969e-01,-3.190908004448939628e-01,1.668693120114379314e+00
2.066491586294931793e-01,-4.041423639897590014e-02,4.238107191973135290e-02,-6.936521124662230475e-01,-2.276855430870072805e+00,3.363817573509842784e+00
3.860835369499193703e-01,-9.392841083792968782e-02,-8.149214157566669892e-02,1.328212581561995176e+00,1.529691621634867715e+00,4.895169897430920791e+00
2.125977017668043700e-01,-4.593024902600806314e-02,3.923066643939814024e-02,-2.409615752650377196e+00,4.244024363881628292e-01,-5.402889262905249401e-01
2.996661863893788080e-01,3.320183591240088994e-02,2.105588224201176972e-03,1.306870891830465897e+00,1.146832789767115113e+00,3.762972662364261645e+00
1.713304569465243787e-01,2.602713024810565656e-02,-5.049759240534554272e-02,-5.203664868159953993e-01,-1.458243703321596030e+00,6.348269431648946082e+00
3.081735934695775114e-01,-5.551558171423920385e-02,8.995245286080290337e-02,8.201820212470477545e-01,-1.527890188172496222e+00,1.374955162807299480e+01
2.368420769783936564e-01,-5.404244005025660158e-02,-1.004254216012502587e-01,7.771842393756814849e-01,7.562175778746532684e-01,6.658354809137214225e+00
2.985344216763623493e-01,2.494984030846225664e-02,7.676576285576734715e-02,-3.659614086662558385e+00,-1.501195324077660098e+00,7.357253455437536616e+00
1.989183450388591901e-01,1.754524614466834720e-02,-5.361531683731146636e-02,3.367263453535428219e+00,1.702779524383481569e+00,8.382507018514436581e+00
3.359588159045068245e-01,-6.020009414074323217e-03,3.773763829778795098e-02,-2.308171198981066929e+00,-2.975893257200524111e+00,1.219374881575264880e+01
2.178415183380484343e-01,-2.499405514492814007e-02,-1.337374479065112087e-02,2.603317473636305390e+00,1.726688462693023451e+00,7.646963901632547689e+00
3.283162437564528524e-01,-1.565873227305925042e-02,8.833418247599509471e-03,-2.239827874034977295e+00,-1.338244537908170662e+00,3.718745152659180597e+00
2.049600599419054703e-01,1.247265505598615931e-02,3.118998774774944804e-02,1.439283597875036680e+00,4.936180010249575090e-01,1.950025485442318463e+00
3.312595107193807564e-01,2.163423483244297785e-02,-6.407030441176658764e-03,-4.233976875139372487e-01,4.984221751236683762e-01,4.265645754486794949e+00
2.059935094986735660e-01,-1.343501250759526755e-02,6.377531979116696226e-03,1.348213151791262332e+00,-2.451617552475187978e+00,3.391689813042310320e+00
3.026173511708443176e-01,-3.307793800413172391e-02,-4.158338031401620505e-02,1.207579077748494739e-01,2.459960927321193758e+00,2.825571802685177936e+00
2.194284946653155544e-01,-2.172638949258587360e-02,1.837623432971085408e-02,3.322910366802502291e-01,-1.751333015447620989e+00,-1.910603176372458467e+00
3.220603093855953780e-01,3.148072218163910918e-02,5.499753759203491327e-03,1.167229907200864947e+00,1.638745977927165143e+00,-8.660388305525998920e-01
2.789424000606808285e-01,-8.966996941419225209e-03,2.616728746601529321e-02,-7.027599132335984322e-01,-2.211805259529508183e-01,3.735837893412305988e+00
1.578198209477483793e-01,-1.391580596335639797e-02,1.360787125842291556e-02,6.384932976290915718e-01,-1.016815933624776042e-01,2.101314186403826056e+00
2.041077759716938278e-01,-2.661843104320293918e-02,-2.103486149600547472e-02,-1.944487007722958349e+00,-4.722838246787838812e-01,-3.795095936013397786e+00
1.115178526030171646e-01,4.372884318115666247e-04,1.746931295056790637e-02,9.915941891589568069e-01,-5.983348824754785023e-01,-3.883988584169935976e+00
1.332774723820051577e-01,2.619482873738121498e-02,1.810000652968953017e-02,-7.613291422598010734e-03,5.674515237059343242e-01,3.528585464150093415e-02
6.166538720200476220e-02,-2.488205360105144592e-02,6.130111653104813874e-03,-6.375445686197227513e-01,5.154893682803332045e-01,2.061171310520210742e+00
3.302617590029210959e-02,9.686567614742180865e-03,-1.402595499994843675e-02,-2.592507838780806928e+00,1.574197206792308901e+00,5.830371354464127798e+00
1.346477148610913943e-02,3.803145447307976212e-03,-1.429095595089441284e-02,4.755155955607187068e-01,3.614800345951859062e-01,5.406328634955413825e+00
4.905455975223782517e-02,1.132920974737503528e-01,1.320474275058586278e-02,8.548195984214138621e-01,-1.528070757813060565e+00,8.813768995468416634e+00
5.995887622371198766e-02,7.135031848383110997e-02,2.398459719550288111e-02,2.097636197222196852e+00,-2.230726720364283100e+00,-2.218533464899572039e+00
-3.000400127072477829e-03,-3.403706466259226460e-02,-3.583560892104292739e-03,1.002808319179180785e+00,1.689322403179233378e-01,-1.169790984036901627e+01
1.336090096114084247e-02,-8.316511079298383180e-02,8.370444341505023367e-03,-4.498437532663235316e-01,5.116956763584049606e-01,-1.112212246283950812e+01
4.907780586465593231e-02,-1.742142443049363720e-01,3.342361176292307778e-02,-2.956167559393457100e+00,4.041742498061351441e+00,-1.054088267833519232e+01
6.712646803635369253e-02,-6.143417322565003502e-02,-2.789862430682060745e-02,-4.804751160385027364e-01,2.928953061782030076e+00,-1.079230098340460131e+00
1.489881087602631382e-01,2.223154409241789864e-02,-3.791461943730850548e-02,-1.603602895428621333e-01,-1.245476687511581221e-01,3.261955561602169595e+00
1.596216389742339814e-01,3.000221956256865496e-02,-1.687604667121750390e-02,6.408763657292270155e-01,-2.022309165301861444e+00,1.982939317277228053e+00
2.409237996180060293e-01,4.381490366215423649e-02,9.037496683762458183e-02,6.926994260734944397e-01,-1.059243310161613216e+00,5.314007887631436944e+00
1.819982305754459517e-01,3.795501890122565669e-03,-1.905780707679377572e-02,9.960367057846503114e-01,4.091505096304718508e-02,5.921882128873452444e+00
2.875653297239102457e-01,-2.430016854098937529e-02,6.993870003503327437e-02,-9.365893792108404003e-01,-4.027246252872940246e+00,3.087322125700151076e+00
1.926737054866580756e-01,-2.387292381061900670e-02,4.965346563773592736e-03,-1.033889780397577729e+00,3.412500200531471517e+00,-2.156893043617286843e+00
2.966005911036821985e-01,-4.807851183087841207e-02,9.798014849386582625e-03,-2.242069159494521902e+00,1.814230567976358843e+00,-1.179345842049219328e+01
1.749270579824058203e-01,-3.766818422852669102e-02,5.965382033539731732e-02,6.020428351405590073e-01,2.430790828527247704e+00,-4.784579215370746930e+00
2.614920569811429729e-01,5.634404334112375068e-02,2.066316784396660111e-02,1.765611969225896694e+00,-3.594136205749490109e+00,5.918591064557193526e+00
1.839178077879530804e-01,3.714869040002177769e-03,2.173038240861366321e-02,2.435604038352539469e+00,-1.654947935273682891e+00,8.976763083703326984e+00
2.340505370171861443e-01,-2.033624769515984809e-02,-4.232176915034902009e-02,1.455976607689287272e+00,7.089263417039014248e-02,5.591039119451803430e+00
2.699527232364316021e-01,-2.071070577217071218e-02,6.172558221257185007e-02,9.514212679597853217e-01,-1.932479838118784210e+00,-4.408288664794141276e+00
2.663198174646090877e-01,5.756329159648121419e-02,-3.558822093535035647e-02,-8.207854361658839526e-01,5.770317740366374126e-01,1.007553718323574321e+00
2.875396195695554269e-01,-4.815430140770349254e-02,4.454412196329138318e-02,1.411877132614597574e+00,-2.783201427927800342e+00,6.076019578909391150e+00
1.605287805388826428e-01,-5.609004274929851874e-02,-4.491171859846843084e-02,-2.057118106407300751e+00,2.333353009051257310e+00,1.065480714591054756e+00
2.732435621383473290e-01,-1.046624259281063729e-01,1.730468062633172543e-02,3.916833540695833227e-01,1.398446947259718021e-01,-4.559558467893148226e+00
2.620195167932335423e-01,-5.782046211309221917e-02,-2.819845118865715872e-02,8.180626443478981880e-02,5.202759809073630448e-01,-6.325643685006245853e+00
1.818010786262922451e-01,-4.514285503297887914e-02,4.505255699379245860e-02,-5.530046347492522107e-01,1.391100746616766637e+00,-3.017699964919885680e+00
2.778284906261774267e-01,-9.114793345700533678e-02,-5.429325202951917895e-03,1.071315363802127774e+00,-2.548148614801304834e+00,-1.117967180178603304e+00
1.544776096578406310e-01,-9.969000264009686418e-02,-1.500922762130457722e-02,-5.251469954965927167e-01,3.293161905956783375e+00,-4.979614387918993579e+00
2.067696348226366609e-01,-1.516500405366132398e-01,6.525831132893655795e-02,2.111790577335415531e+00,-4.057771916906579790e+00,-1.576308903382186877e+01
1.410301669761846455e-01,-5.702488821458295831e-02,-2.973552896288350622e-02,6.069474788922440966e-01,9.830936334893797257e-01,-1.136703747988352831e+01
2.481691510726466987e-01,-1.000555826775317847e-01,2.365393656667946765e-02,8.450636967882528827e-01,-1.147128128439264705e+00,-1.426421221905463277e+01
1.923684325196912681e-01,-1.392372654637417106e-01,2.657112660100602319e-03,-5.138968726151176281e-01,9.201985700261474665e-01,-1.900566295932609506e+01
2.255808999686461647e-01,-1.020343623635469044e-01,1.243749509125391395e-02,3.474959626389873879e+00,-1.697556277193447427e-02,-1.956600902666895792e+01
1.489657505174548646e-01,-3.396749330471315886e-02,2.761544540623150912e-02,8.719286675429350764e-01,5.409565316439685079e-01,-1.182323363211778222e+01
2.577681001272349448e-01,-4.103512817967391868e-02,3.553941663768819814e-02,1.572017291932972238e+00,-3.922359044190974475e-01,-9.643354475404231962e+00
1.962721337589981019e-01,-1.265100840560151596e-02,6.089795360185158712e-02,8.705352073974218508e-01,-7.440291086646684260e-01,-9.262603774648228150e-01
3.155933423568653140e-01,-6.852838755332157916e-03,1.489821116457723527e-02,-1.652321408245652989e+00,4.684867753197902163e-01,-1.119435798044777775e+00
2.087776276271711140e-01,-7.468564063195515246e-04,5.485616078253777173e-02,4.308664181235512536e-01,-3.094748145367906211e+00,-2.259931840283933902e+00
3.014245321746331641e-01,2.182094854798144468e-02,1.402730784927633256e-02,-4.931592444485632387e-01,6.144801372669471684e-01,1.603795713909968557e+00
2.178429757037552150e-01,-7.165144678127788325e-03,5.685628500084231179e-02,-1.475348010330373549e+00,-2.722711338495652722e+00,4.694829037096945434e+00
2.803559420095647070e-01,-2.401119141030427784e-02,-1.516482979866560707e-02,-9.927939164866544930e-01,3.391639846228129973e-01,6.406530139881236430e+00
2.064615611258169281e-01,-3.730267538439946406e-02,-1.567290356798523021e-02,-1.651634003373649850e+00,5.944180533163375690e-01,6.902912696053070674e-01
3.135873594697038413e-01,-3.917741842743893699e-02,2.355817367483969971e-02,1.156745751286413659e+00,-9.258246379144476068e-02,3.351557017570959474e+00
2.456081313813562872e-01,-2.631527175293513210e-02,-1.226890491363707980e-03,8.683539120881730300e-01,8.587561792794410342e-01,6.948253440169966488e+00
3.228043405426657131e-01,-1.237912962358400648e-02,7.480638009671375377e-02,-1.722671343874007777e+00,-2.382395808162407036e+00,1.506974303721209729e+01
2.066049967021097444e-01,3.039439116011521946e-02,-4.444620296445295216e-02,-9.196261964422156598e-01,2.005599534358828429e+00,7.488257581737605584e+00
3.523102987857384960e-01,-2.319831259353266617e-02,4.239121444685789442e-02,-1.549543021893674988e+00,-1.387819935860010734e+00,9.675227386852130351e+00
2.089774362702776500e-01,3.050259393902909899e-02,2.217718686656555693e-02,-2.982038825319847097e-01,-4.209917377147071038e-01,1.174674816526400356e+01
3.826906379069203723e-01,7.017971003112455364e-02,-5.325097491986036102e-02,-2.002893964521831993e+00,-5.760855994600289076e-01,1.814967035808938789e+01
2.321685147105103653e-01,-8.873936423253070416e-03,7.467530365723379360e-02,1.257864712189832979e+00,6.993897029086212913e-02,1.229041828695720362e+01
4.325635179685303200e-01,5.763741144553335971e-02,-2.230225752835335307e-02,-4.649885442546489500e+00,9.212499815196841801e-01,1.176158961537194614e+01
2.143175467441889026e-01,-2.787917177305665462e-02,8.749830538200922825e-02,1.213466869727334752e+00,-1.018199335352846679e+00,5.821388544801488152e+00
3.367308027760671507e-01,-3.351243923923696855e-02,-3.369193710771729161e-02,1.461705327615206329e+00,-1.363326074194495252e+00,1.150577883789315337e+01
2.489066703917943713e-01,-7.134606004908583543e-02,6.208233993799974065e-02,-3.644783582974118197e-01,-1.807360451163245507e+00,7.823119716845601701e+00
3.568564773690834357e-01,-8.052353736196771194e-02,-4.467703159350239206e-02,-7.995939004996213129e-01,4.849511560548762645e+00,7.685760039310874703e+00
2.270784830527121656e-01,-6.282140846174577575e-02,-2.432955056816919759e-04,-2.300490829461488307e+00,-2.505230480430400419e+00,3.088389739527079403e+00
2.736539584109078938e-01,-3.910980074014425156e-02,9.328987549630796128e-02,1.408329710080134411e+00,1.476598438593991203e+00,7.924629063613920721e+00
2.815940721968543947e-01,-1.846751984503924859e-02,-2.483829513404611777e-02,-2.877099755985661922e+00,-2.116538241551296995e+00,1.493568318360687286e+01
2.001749563053314418e-01,-4.260653057840713132e-02,1.559014025727889496e-02,1.617490391225826718e+00,1.380008727842048089e+00,1.146068289911265836e+01
3.109813825913745333e-01,-4.330598613010572251e-02,5.443846501218385647e-02,-1.646373621986932934e+00,5.807013802656968426e-01,9.028513706409640349e+00
2.287301174748144206e-01,-1.285062809925996419e-02,3.266314437784800795e-02,-4.855358804483634882e-01,-1.187674546390213193e+00,3.916398288764477709e+00
3.083068141114093663e-01,4.894213496063670732e-03,1.242199462997217729e-02,1.998920839658731463e+00,-6.767999096662979941e-02,4.015457166177932358e+00
2.287254550670443365e-01,-3.059377509147864771e-03,4.017854906298057305e-02,-1.829896118447635667e+00,-2.053263745722777145e+00,4.602456813101764688e+00
3.148445638308050576e-01,-2.889272517602137214e-02,5.043477235958881977e-03,9.863439275204015644e-01,2.279909043852725414e+00,5.510105687514143646e+00
2.280982957725896654e-01,-2.402419350794282593e-02,4.469439984452394654e-02,-4.197355292866698506e-01,-6.349387188857616993e-01,-1.645884152249433630e+00
2.904512722159964255e-01,3.122425895847769084e-03,3.574217735647233773e-02,1.530356534952463710e+00,6.514660384534712856e-01,-4.430066666015084031e+00
3.038928899525554783e-01,-6.824229618567834166e-02,3.173617480374180122e-02,-4.603524088811313253e-01,-3.956395416574617907e-01,-3.042298754541315819e+00
1.939543641612129221e-01,-9.555678405351031302e-02,1.123532613993094564e-02,-1.236069583353355955e-01,-1.657817790890114606e+00,-4.146822510287392127e+00
2.557889637660304416e-01,-1.039701078946926316e-01,-2.198857648417612554e-02,5.398650848667788660e-01,1.513751076492075853e+00,-8.440657859961261167e+00
2.060868708264171900e-01,1.044339065529165111e-02,8.067044994825467441e-03,-1.998787541464421280e-01,-1.339926210679268426e+00,-9.268463715246945123e-01
3.222361864713079171e-01,5.309218217248456995e-02,4.657830923880601492e-02,1.445218438942990312e-02,2.365077876431504578e+00,7.716130274281169044e+00
2.391252092074811486e-01,-1.207445765090575662e-02,3.691544085690984245e-02,-3.385177387651889358e+00,-2.141993078776788018e+00,6.606338892628423665e+00
3.357371871841978717e-01,-1.241069303083364161e-02,2.194945906894729681e-03,1.424313969831149329e+00,1.883050522780413294e+00,1.291174402752255546e+01
2.175829765009709149e-01,-2.341695358334838772e-02,3.318234628446670165e-02,-1.971972174767430586e+00,2.095051612291922993e-01,5.616442231380663230e+00
3.494689167187097212e-01,-1.536837033195403990e-02,5.775177097778794177e-02,1.716856846037417172e+00,1.342991809264125480e-01,4.509754099348459278e+00
2.279408696157609882e-01,3.278457159384906561e-02,-1.530472338712174363e-04,-4.800059027605889650e-01,-1.349159123859720921e+00,5.070281229186314853e+00
3.711198612192490032e-01,3.624355954737445984e-02,3.254396806742210213e-02,-2.135163781483287337e+00,3.950899562212846217e-01,1.212704633802943199e+01
3.460774979359015902e-01,1.058083808400311909e-02,1.321536363064290676e-02,-4.439691682542565410e+00,1.348784281212835445e+00,1.111983722083347281e+01
2.516072304081689026e-01,2.097507943792287222e-02,2.110861135837116542e-02,2.667960910234359329e+00,-8.241682123731342013e-01,4.348925853862683155e+00
3.363630032865287944e-01,5.400609251068977379e-02,5.249565624339980197e-02,9.504762188260605926e-01,1.665159725434549320e-01,9.181757453725372997e+00
2.643237919985317319e-01,1.318032295298865453e-03,1.303227722676947309e-02,-1.511275223226452802e+00,-9.067289358192229809e-01,6.682025993266752728e+00
3.660735964280501520e-01,-1.145993447341364657e-02,4.849884026982231866e-02,1.141781762953793633e+00,2.380360504961060553e+00,8.685745681463822976e+00
2.419472105102027371e-01,-2.869102978033089002e-02,7.396366431582146461e-03,-9.946447367567567976e-01,1.738864419566211184e-01,1.480916483357040292e+00
3.561993649355787994e-01,-3.797491972751032563e-03,5.159230067322195801e-02,2.205786846826359060e+00,1.036474760224811220e+00,2.803763713219792564e+00
2.450318234423907171e-01,-3.826027581971480629e-03,4.512398952027085741e-02,-2.672457500574862976e+00,-1.540259178191319966e+00,3.971281215733093450e+00
3.408539856230170528e-01,-6.842744232619324407e-02,3.102566894212022142e-02,9.186765915898068569e-01,1.086193952910935900e+00,5.084538147842946998e+00
2.192739993748524796e-01,-3.150281411779243257e-02,1.802595482718771791e-02,-1.807390626949101353e+00,-1.507019139122238061e+00,-4.333691541730761987e-01
3.775233678231781909e-01,-1.040538457844863984e-02,3.377362567513841896e-02,7.993090142288986621e-01,1.415065307265700900e+00,1.315901569947609095e+00
2.287344997000655411e-01,-1.783570256957034417e-02,2.409647503396761259e-02,-1.694527571307630209e-01,-1.221547064054358644e+00,8.256748510543430175e-01
3.626639338857691186e-01,-7.111506914217269326e-02,3.602990060401389805e-02,-9.585652380707052611e-01,-3.189859968031910631e-01,-6.059197998921598272e-01
2.491018633924326764e-01,-1.105014402813786489e-02,1.855880051216529658e-02,-3.000653408510931541e-01,2.457059312741686430e+00,-5.244707383575335502e-01
3.466783203645613654e-01,-8.121767313141958766e-03,6.298634478352749255e-02,1.497159495924230921e+00,2.733706620827283662e-01,-3.262865099377690203e+00
2.113811973374328801e-01,4.156425024652854461e-03,1.268803343785140925e-02,1.766406618863350042e+00,-1.519535462773852430e+00,6.707248227511262151e-01
3.269899665707729497e-01,1.226089871382285423e-03,4.726087573914306006e-02,-1.148176857773051784e+00,-1.403861203016429249e+00,3.720406749735380103e+00
1.937765485687990008e-01,-1.297698852281303772e-02,8.409527604273048240e-03,-3.963571659012579129e-01,-4.223752929800326794e-01,1.165902721524906704e+00
3.103902213541287480e-01,3.255019060949315701e-02,2.813857819774590041e-02,-6.343757818443614138e-02,-1.126666083982864608e+00,-5.349776503573119513e+00
1.804447214765705354e-01,8.393599331143697384e-03,4.062509100723121769e-02,1.794635398111527058e+00,1.390573327363037848e+00,-4.430322092959666058e+00
2.913332829718058292e-01,-3.398259312193285808e-02,-4.385640554573000394e-02,-2.297068382022546817e+00,-6.137001520661918841e-01,-3.856076840411529538e+00
1.829199563230057279e-01,-3.078079574462311285e-02,7.803259640064341696e-02,2.391803018101632983e+00,9.152184011507872308e-01,-3.384167047955355390e+00
2.317956058549155429e-01,-9.129934172786002833e-02,-3.206456795250445246e-02,-1.986933527426088253e-01,-2.363220565607891677e-01,-1.432660575788689883e+01
1.488686379745596255e-01,-5.229975158847288697e-02,8.586562732903579853e-02,4.723067513041113719e-01,-1.385873468784865947e+00,-1.243799435345097493e+01
2.347475353260382036e-01,-8.783716901108468145e-02,-2.230973862893770310e-02,1.042672415979575717e+00,1.155308573184165466e+00,-1.313658599964662521e+01
1.666696962826277328e-01,-5.438915559022028390e-02,3.178266132467599814e-02,-1.096091947834960945e-01,-1.250494457760848332e+00,-4.745832088401268578e+00
2.456489545541851172e-01,-4.490859097169264125e-02,3.178549686867171431e-02,1.367376805107318738e+00,3.745372962924956584e-01,-4.966992895347463133e+00
1.358010739161006342e-01,1.164296938009146132e-02,2.837814724309051240e-02,1.377390221499859235e+00,7.596838988523575420e-01,-9.739977274642591665e-01
1.754128856986190144e-01,4.383225573893234639e-02,2.398503286149977765e-02,1.291745362917468221e+00,-1.823448502519483538e+00,3.936457985273733140e+00
1.118826844277416299e-01,4.104393547654749952e-02,1.842424554115129620e-02,-1.063894672246310291e+00,-6.648330910763848856e-01,9.097952020049422828e+00
1.186526113326920040e-01,7.032643859559750688e-02,1.312356133294012572e-02,-4.096632743765388440e+00,9.989621178275307489e-01,1.776898908295517643e+01
8.544222584296967682e-02,5.127198442400748846e-02,9.156972233802629368e-03,-2.245128730351532986e-01,3.220172322227282002e+00,1.301477228562500521e+01
1.642597698762813252e-01,9.541212528473153043e-02,-1.067446453797615824e-02,-1.242945137259446220e+00,8.930717968690427000e-01,1.006191269798504351e+01
1.368666348097526964e-01,5.456991754171136577e-02,7.103876148935261980e-03,7.903143557354898041e-01,2.446022138064661566e-01,8.700547851320167281e-01
2.414604629428396265e-01,6.096198271958552795e-02,1.032521441219014235e-02,-7.578373100427631126e-01,1.892283935798498185e+00,1.701083185504986828e+00
1.890756958840125179e-01,1.150170430004893163e-02,6.129124465794144605e-02,7.142614208347155755e-03,-3.845746182198386709e+00,2.642854256938424573e+00
2.680097470877242927e-01,7.968869555640356594e-03,4.959741916806759132e-02,-5.803827946433908203e-01,8.957622753427701978e-01,1.735471364045250819e+00
1.690600572340819063e-01,-1.451946629914147024e-02,-1.353776944984197428e-02,-1.449684898212882267e+00,6.025186054537113867e-01,-4.152899533459266657e+00
2.161663253678578478e-01,-2.731151400062481471e-02,5.729184893892480535e-02,4.264322023774825610e+00,-2.073786318368247450e+00,-1.102816250020943478e+01
1.512643917889233691e-01,-7.814249599373823685e-04,1.513049938775967718e-02,-8.757708484517188197e-01,-4.893380271313594321e-01,-5.401021936971876158e+00
2.016411823134127701e-01,-2.929176393794019617e-02,4.062823935531445496e-02,8.745646934310938869e-01,-4.822227253954306292e+00,-1.678751682489637576e+00
1.131237094195842730e-01,-3.383501947825351408e-02,1.211532407030646574e-03,-1.098792189607453951e+00,-3.255418076869454058e+00,-6.493146213847920123e+00
1.419943147867277489e-01,-6.826974651782369286e-02,-4.090232145942403891e-02,2.453559878069448086e+00,-1.117818990941021745e-01,-1.938605750302827602e+01
8.064920944187292662e-02,-2.353621090123775295e-02,-7.936406902255860318e-03,-5.364105046977840630e-01,1.550072101967204352e+00,-1.256011736783053045e+01
1.580518099131795751e-01,-4.434951601469827587e-02,1.443808402662999368e-02,7.467896921024251844e-01,3.939662418280647227e-01,-1.456606615713923603e+01
2.553635802923897025e-01,-4.172342308355947438e-02,3.955980259056812720e-02,-4.404045606526322487e+00,2.581368871504408968e+00,-4.345525812607030858e+00
1.745271417635243516e-01,-1.916375700670158722e-02,3.356625774192989464e-02,5.646952310918748053e-01,1.622593871505725760e+00,-2.826170255292686506e-01
2.776961875533596746e-01,-3.119808336856255693e-02,4.323677635007461273e-02,1.360614961633812126e+00,-4.926092364004395208e+00,-4.595129038187614867e+00
1.987522596942312703e-01,1.184839355960765062e-02,2.277985804277252169e-02,2.400218493932084751e+00,-2.808985443300550666e-01,-2.089163884972355500e+00
3.231778407612191373e-01,1.580603976855332604e-02,-1.538350045807897193e-02,-1.325440811641651895e-01,1.863820198952915952e+00,1.081734005742304605e+00
2.221458891425358573e-01,-2.123722708810316107e-02,6.152490878988578493e-02,-4.875919072200002313e-01,-1.798006605819697096e-02,9.981831486412769960e-01
2.907062865091967208e-01,-8.884834243817252286e-03,3.306432602897343975e-02,-1.935711675815597665e+00,1.134252089785755979e+00,1.307309653473807121e+00
2.162692884778807390e-01,-2.793449731317565465e-04,1.698258257680024252e-03,2.000316646210806848e+00,5.817067291353175129e-01,-2.939037153772868116e+00
2.656554451349772972e-01,1.550741413443423866e-02,6.011505156196242372e-02,1.864838957150240173e+00,4.184697745543308062e-02,1.537344907238338276e-01
1.485520836034450731e-01,2.290791965756389104e-02,4.565548482649600670e-02,-1.192405948581608977e+00,-4.314984033236532568e+00,2.736822601502826302e+00
2.135733285281098404e-01,1.536528115604829381e-02,2.162471037422838277e-02,6.006689922903257761e-01,-8.445146908066577529e-01,1.005288506309310748e+01
1.486434618348388970e-01,3.132335416420373164e-02,6.984418450283302882e-03,-1.289396768017350148e+00,3.122221986550483219e+00,7.326201896072289443e+00
1.627783305302352712e-01,4.690156691486535578e-03,2.214883801453022827e-02,-1.222830736102842319e+00,2.874324867800212013e-01,5.894402817800281191e+00
8.508806141321323402e-02,-4.088291214513306571e-02,-2.029907073420497005e-02,4.127460769304479582e-01,1.660337501939900928e+00,-1.658417700469693612e+00
9.450562256586025889e-02,-9.792390864282651819e-02,-1.360184442705536512e-02,-1.676421343402320352e-01,2.014647929040155550e+00,-8.120916934655109998e+00
4.770705378469486391e-02,-7.496792615351255407e-02,6.656871917356643742e-03,-2.058182277027204021e-01,2.182905960209540475e-01,-5.181850008722046930e+00
6.451959648460903196e-02,-9.317546436920087771e-02,2.512934793465473882e-02,1.642373320177474616e+00,4.085510802893805860e+00,-7.111895595569719397e+00
4.812107889331829202e-02,2.203023756861544058e-03,-1.157701681466344334e-02,1.831821240626730019e+00,1.489832227486365124e+00,-4.116537449379818803e+00
1.200976520107356754e-01,2.235406555107166682e-02,1.216978061499250641e-03,2.989578802282347958e+00,4.960198323591180625e-01,-1.317141839004746373e+01
9.800773395417639033e-02,1.836464590710917832e-02,5.605503748960467825e-02,3.105967257638832191e+00,-2.687708955187821047e+00,-7.727307760064223707e+00
2.076865324380618993e-01,5.121481904769931148e-02,2.681487446429331456e-02,-5.071948431999129259e-01,-1.656975199138007282e+00,-3.861630175497080764e+00
1.663619095394597291e-01,2.758322409635249883e-02,3.547818214520240265e-02,2.753322666568175370e-02,-3.936773786383327423e+00,7.139230060220781438e-01
2.439618166666244203e-01,6.353559460403479520e-02,8.349415056175377159e-02,-3.672526631318214774e-01,-1.304173871734415124e+00,6.274412408264311569e-01
1.537664792806596736e-01,1.883786730783354457e-02,5.352343181305729836e-04,-6.376099689947318794e-01,9.911223682498409016e-01,-6.012096175935378817e+00
2.363572003490581608e-01,7.167902308318918614e-02,4.059162847724165357e-02,4.477030797876763835e+00,-1.357524523280084772e+00,-1.388359280098829274e+01
1.105952734912074575e-01,7.676137557827011904e-02,2.551113163611473666e-02,9.372502946229094301e-01,7.181685737410242742e-01,-4.345306207895314188e+00
2.009498314079456449e-01,1.156219767305456392e-01,1.144101048667506282e-02,1.647433725386563852e+00,-3.450948530598108022e+00,2.175613215453078730e+00
1.388392092657824151e-01,7.977709927502774079e-02,-1.162604061257660470e-02,-5.362052290045072889e-01,7.543326452153625850e-01,3.989915268358497524e+00
1.482147853022510731e-01,1.404393396839564989e-01,2.940083347264771385e-02,-3.697841081504911198e+00,1.567748543682447648e+00,3.376672708236518439e+00
6.835220698801158790e-02,1.381379003405853734e-01,1.852433360204625012e-02,1.518973994698244789e+00,-1.724142296699987975e+00,9.255033623500692030e+00
1.809151197676666101e-01,1.781886100573295550e-01,-2.632961700460717536e-02,-1.630666785551633469e+00,3.229870419148742400e+00,1.436704022583008289e+01
1.709638901383758736e-01,5.410842455683040342e-02,-3.283583480766405494e-03,-1.643461535520801986e+00,3.596956377593660270e-01,8.379592579682903164e+00
2.795302101482284307e-01,2.202660544862355962e-02,5.351285694408403071e-02,-4.541296321984403805e-01,-1.804601347686527912e+00,7.399523304765006415e+00
1.694110041950911416e-01,1.954838385964663416e-04,2.981035993061431633e-03,-1.085232595829758173e+00,1.372099183212608819e+00,4.468418651106660811e+00
2.587721883259779254e-01,2.186778333855077250e-02,6.610202917221785768e-02,-1.720432557592940226e+00,-2.638463957346583566e+00,6.474280891111851011e-01
1.492447716511784428e-01,5.865832369985390926e-02,-1.268914127130871261e-03,-1.135903659322476722e+00,4.064439910958800861e-01,3.124421461444575776e+00
2.429668588315214706e-01,7.517691820645344691e-02,1.909431562715564745e-02,-8.089833308409939416e-01,5.505173015307341933e-01,9.508428441234656248e+00
1.471163292667059252e-01,1.804765215092540842e-02,1.365176110051492808e-02,4.516575809484676407e-01,-2.768431590339008430e+00,7.567330719977911180e+00
2.277046113144172157e-01,3.802251885105700779e-02,2.460752144438938666e-02,-1.332548860513067757e+00,4.709393999039440892e+00,1.225110532778958117e+01
1.589575802962643891e-01,4.484943780133665570e-02,-9.011466878614510234e-03,-2.322880687894864238e+00,-7.215557278078977843e-01,2.929230903491769844e+00
2.213034348126108330e-01,1.086939218792171147e-01,7.299795048706933520e-02,-3.362144984170765266e-02,-3.311176554322563081e+00,8.358093520648653296e+00
1.565439720482577624e-01,6.602963594271304970e-02,2.011610430245750619e-02,1.052166229677559350e+00,1.955744630619239643e+00,1.023064006157733985e+01
3.024015475196543123e-01,8.674858982347632974e-02,-3.798914037519203479e-02,4.719626404555826160e-01,-1.425719931439511701e+00,1.586289550449126295e+01
1.810742320206987221e-01,1.624603906743615767e-02,1.390728277354760095e-02,9.207064259586686950e-01,1.667811589642212766e+00,9.169216011792702403e+00
2.556914253902451417e-01,1.246549454329048956e-02,2.314572511722852444e-02,-3.175521095469489907e+00,2.478424459948665781e+00,3.363466329008880429e+00
1.640614967826483639e-01,2.816306295812509575e-02,7.556535614312587246e-02,4.850930106564028260e-03,-3.113622989198696622e+00,-1.435293869798397015e+00
2.404937370365286542e-01,8.362736288587413469e-02,-5.804716713827125230e-02,1.241978624459607883e-01,2.310775944147448691e+00,4.732031849374736865e+00
1.753209970011926355e-01,3.015889249921244186e-02,4.223343530430931358e-02,6.519402677564760662e-01,-3.670394975984207497e-01,4.414823359710815076e+00
2.821307865920252844e-01,5.872268231317789855e-02,3.807213284512231399e-02,7.788405858831033424e-01,-5.869968187932634862e-01,9.875463312819974249e+00
1.745324155995178206e-01,3.799174703496976946e-02,5.982913157876523780e-03,-2.240620919059731708e+00,2.087729697645207771e+00,5.997912617274949731e+00
2.572675630616456655e-01,6.623809748963171984e-02,2.744621226677017994e-02,-1.440622756933443771e+00,-2.433927410855390994e-01,4.704070465930021427e+00
1.695123045232855841e-01,6.223709036004976269e-02,-2.795771212396658267e-03,4.202254076536139360e-01,6.394507916757464772e-01,5.897490781889120903e+00
2.447786708256314281e-01,8.772150377117871045e-02,4.592815809169278896e-02,-1.744861719942906841e+00,-2.153535600968520813e-01,1.620183889196539440e+01
1.414854539357386365e-01,1.262593118886057297e-02,1.894777688459209353e-02,-1.445883911149349110e+00,-2.107142297733149150e-01,1.165125834074525102e+01
1.545890374153433555e-01,3.745026822220065554e-02,-1.193537430906724262e-02,1.655176957341698840e-01,3.301658411004225080e+00,1.396144812394031121e+01
1.182374564191586153e-01,3.031729764614876643e-02,-2.087641827775066350e-02,-1.245510337583334293e+00,-3.753370367052089596e-01,3.043774459971350321e+00
2.543723133196924557e-01,3.820107485509838252e-02,4.375216582016550060e-02,8.936658133739878995e-02,-1.789673008016693823e+00,4.662090414488478274e+00
1.609114005254332902e-01,1.569418763096386282e-02,2.461772137246426295e-02,-3.635267814610363413e-01,6.791072151661168288e-01,3.960197327845265569e+00
2.976870542553058385e-01,-1.239792382774596025e-02,3.620948947323557321e-02,-1.239121616470891141e+00,-1.410091149628443785e-01,9.238659251543554163e+00
1.275781886435818357e-01,4.571583486380012551e-02,1.155292124772150375e-02,-7.256958522353509355e-01,1.170530945276281320e+00,5.177789115669120257e+00
2.015478822351932653e-01,1.091307020107682990e-01,-5.352947277228436995e-02,-2.514999652505192085e+00,-8.253714554792953573e-01,-5.797928195671411267e-01
1.782510716230332193e-01,-1.450226683246003123e-02,8.690744619554527373e-02,3.278891099491044514e+00,-6.640999954303674624e-01,-2.255071010921911867e+00
2.600313445191932971e-01,2.103816706491836580e-02,-3.954875900353505003e-02,1.121928964648498450e+00,1.577062811686165134e+00,2.077989179201457759e+00
1.920202435056277412e-01,-3.124325172479067159e-02,3.968004454677503956e-02,-1.217353423715339611e+00,-1.259259560640347164e+00,3.026721648974913581e+00
2.111595075395258370e-01,1.995040820959531613e-02,3.147311259138718675e-02,-1.220365719066176746e+00,2.571314353995001856e+00,7.402889951648624622e-01
1.515990317942091936e-01,-2.955843957296247493e-02,-1.475288849303460492e-02,6.103642032653896488e-01,1.392668597869692437e+00,-4.330139614377233492e+00
2.423120497107829063e-01,-6.080188909009144604e-02,2.385148358056510265e-02,4.861385599429629001e-01,-2.870092700593326551e+00,-8.213448910594834729e+00
1.160572059207105600e-01,-2.688754014191102604e-02,6.943412186608353964e-02,1.093482485847968366e+00,-9.352173303577617780e-01,-4.310256381999189479e+00
1.704771560941014674e-01,-3.368304105125405346e-02,1.439791439455703759e-03,-5.143615886120200820e-01,-4.004741179950850882e-01,-3.894153480964664737e+00
1.087504336226589319e-01,-3.566449481742037242e-02,5.729079603840697699e-02,-2.227492872310542715e+00,-1.834069454782654596e+00,-1.867450355351351510e+00
1.177489897166999061e-01,-2.881507152832296637e-02,-3.947788418848431624e-02,-6.292740706567079290e-02,1.984265017835758149e+00,-3.206569990938624937e+00
1.042521284386107028e-01,1.477319134042309745e-02,7.368850588132844215e-03,7.884260830296287992e-01,4.548084918467081017e-02,-8.155924031252879125e-01
2.089686972429970757e-01,5.855076345475496158e-02,1.783332288499153706e-03,1.189878402250752476e+00,-3.795088744613236642e+00,2.908359441443074900e+00
1.589739870014850454e-01,7.605903311868003613e-02,8.635205664117125146e-02,7.244063713725207299e-01,7.204180803405297873e-01,5.108291528276089011e+00
2.519062643926895384e-01,2.142051055097340950e-02,-9.026209893257435002e-02,-3.848484368953825063e-01,4.082054725504036696e+00,6.741218202432367690e+00
1.966708350299426478e-01,-3.361788888412664544e-02,7.495797689851335655e-02,-1.565074699988415086e+00,-9.904885603644044689e-01,7.097999860858336341e+00
2.509378338019223609e-01,-9.570310682256666368e-03,1.328188522991984380e-02,-2.361818845485087692e+00,1.598856502367357768e+00,5.712836093412962946e+00
1.997127608567084156e-01,-2.941361979335088694e-02,-2.742862249869485597e-02,1.208525466084334338e-01,1.052212919760730836e+00,-1.094984091752945199e+00
2.657340515564703409e-01,-3.359541456083797728e-02,7.301042281322006611e-02,2.300893232928447940e+00,3.131634076251480492e-01,-4.685026586230245371e+00
1.680995642417644209e-01,-4.639683952129236566e-02,6.582304551779605273e-04,8.155238960373253354e-01,2.758514268020073046e-01,-1.312669026103243930e-01
2.982418892045455294e-01,-2.651646508718902284e-02,4.330736999818968203e-02,-2.857787035509123719e+00,8.855615497654095725e-01,4.327488964899217194e+00
1.637076424088366178e-01,-1.000588500334442799e-02,4.734627089101367536e-02,-1.109411052769805783e+00,-1.039437117388921777e-01,1.676817931003959483e+00
2.697743315037230971e-01,-1.208367359594808566e-02,3.540607572551576765e-02,1.146560846853619031e+00,-1.198079142500364069e+00,-2.808403513959615960e+00
1.170725558743734851e-01,-1.050072943757773825e-02,3.399996309438557685e-02,2.438960708787313525e+00,-1.938228269079794286e+00,-3.970027931398836252e+00
1.209910157601097325e-01,-9.455283849743978397e-03,-2.487687579710098906e-02,4.322791818127900143e-01,1.701302576251350729e+00,-4.119870210270848432e+00
9.869842473810841454e-02,-1.987769143147888329e-02,3.115364132992598512e-02,2.055086225250714715e+00,-1.196210334659012497e-01,1.609014893779148470e-01
1.706965708859633502e-01,-6.809128068961675662e-02,3.232391355942865196e-02,-1.265710668712317188e+00,-3.015964355026427235e+00,3.349819332529195837e-01
1.481785718455204126e-01,-5.900985010584286483e-02,-1.548828259249426798e-02,4.475287596574671345e-01,2.615404868799762680e-02,-3.024336851749824251e-01
2.355350720263653663e-01,-7.843422891159257393e-02,2.441276632484762343e-02,-4.029967250122443168e-01,2.633011515368125721e+00,-9.637652275221560316e+00
1.192796529521809035e-01,-2.283119585934834106e-02,6.033001900456130828e-02,2.276105813899751418e+00,-2.204095703304720377e+00,-8.928060309780779136e+00
1.744531768729418175e-01,5.190624835543444782e-03,-9.753144345939490645e-03,-8.295895218172270047e-01,7.794287516738507282e-01,-9.890821163377038872e+00
1.289146743808946560e-01,2.249092046890122099e-02,3.761559168793648933e-02,1.203686881667045266e-02,-5.534259830306816896e-01,-1.949591041013852000e-01
2.451622718364223630e-01,1.839083761298776487e-02,-4.772753221659487011e-03,1.152670586266538455e-01,-2.486539933989893036e+00,5.629824597634645933e+00
1.746731508932168886e-01,1.292697216503935209e-03,1.329842684129944885e-03,-5.643736746411946031e-02,1.680811084878218731e+00,3.270068387790567410e+00
2.817604014888894781e-01,1.502381850323075696e-02,4.142345944594488794e-02,-5.164108076705652417e-01,-2.957772916559876508e-01,-8.176946740349139153e-01
1.580090656528989612e-01,-2.884756341816618885e-04,3.732161817307011464e-03,2.455161810609004736e+00,3.708377776484624855e-01,2.674109505439659973e+00
2.651597568536834260e-01,5.195631270702438798e-04,5.087815733708411781e-02,-1.680493048705173242e+00,1.260330161967422091e+00,5.481952267756338593e+00
1.182665345110205379e-01,-2.683078586763826962e-02,2.293164641003131443e-02,-1.357898536661249267e+00,-1.149848418124877591e+00,8.076426624227814877e-01
1.066168905470794570e-01,-9.373442184949062894e-02,-1.140057144400585809e-02,-4.541295879561390580e-01,1.038506234149187746e+00,-9.355211876465455489e+00
1.264887235382410324e-01,-2.908468550286436027e-02,5.567903400008678005e-03,1.922517501111797200e+00,-9.647888178876709020e-01,-9.876558029785329040e+00
2.292444618139759527e-01,6.511151877262921772e-02,5.722837059168417451e-02,1.802532500525824144e+00,-1.468660972563097245e+00,-5.769425445813386233e+00
1.384877622922422447e-01,6.448143015088669827e-02,1.946460591200885326e-02,-8.503008109719222274e-01,1.448360796758348723e+00,-5.746840922741955349e-02
1.885644910445680722e-01,6.217828313392237405e-02,-1.709812974935559504e-02,-1.600994853267437401e+00,-1.111141199855772088e+00,8.517409250485046712e+00
1.510855011847400675e-01,2.944938760686710566e-02,3.566910351584573480e-02,-2.084121673652658213e+00,-6.574180538354330583e-01,7.813572146747716829e+00
9.602088136237529881e-02,6.805649703648508630e-02,-1.118778037375650625e-02,-1.193435040402807346e+00,2.505683483566151892e+00,1.474991172995912159e+01
6.997324284405337380e-02,4.869612599114025997e-02,-1.544080973384132083e-02,-4.679990182895608086e-01,2.206506743868866138e+00,7.519255459348366699e+00
6.989632276597657068e-02,1.158321418829333371e-01,-8.878945897613843563e-03,-5.757192080332870221e-01,7.061956884392575517e+00,9.747902504018856717e+00
4.703841021077614926e-02,5.952308809852002724e-02,-4.131759786112332300e-02,-2.586233025664839702e-01,1.301180578046285730e+00,5.102283586035028407e+00
9.116826471319061653e-02,6.074728937504447757e-02,1.039896830795039584e-02,-1.250286805348855834e+00,1.670096039708470537e+00,9.303863222080847706e+00
4.887511509494846251e-02,4.277246356101960245e-02,-2.758061170703074438e-02,-1.259393338661229655e-01,-6.422843893866565512e-01,6.484546867949704918e+00
9.324985403381091942e-02,1.357422090662296910e-02,4.537968062459363239e-02,-2.869761357502750521e+00,-3.755086283739407005e+00,7.292360747411342992e+00
5.636758953924747573e-02,-3.056911083408664354e-03,6.958595348634033506e-02,-4.050203217321207916e+00,-2.434560594780171616e+00,2.020683585221697554e-01
7.414060294544544405e-02,-3.603186213041720265e-02,6.582111177541238867e-02,-1.834036960572341890e+00,-3.352772453580904699e+00,-3.876755416114934238e+00
5.904474347483645857e-02,-3.027334700008399437e-02,-1.393073247013348892e-02,-2.623148244472794377e-01,-1.551340853033974732e+00,-4.725832028056952794e+00
1.266895949986324155e-01,2.644492406401433016e-02,2.311280468875381855e-02,-3.664340048277681117e-01,-8.313196230022192879e-01,-5.158285782413400078e+00
1.129578217093669679e-01,4.044125446874780039e-02,1.911249460773289943e-02,1.381462422192831774e+00,-2.683697778251878496e+00,8.189287133690270615e-01
1.648694736787863491e-01,1.161040390756387097e-01,-2.184825427268555220e-04,-2.970423604774199422e-01,1.836246526508022781e+00,1.197373432134206617e+01
1.290496214750307402e-01,6.916545368479543043e-02,-1.561474143889146626e-02,-7.551795718301124172e-01,4.425461819273678876e-01,1.066150797833128827e+01
2.403085246015810306e-01,7.489808995210989195e-02,-1.125541858894490987e-03,6.588255596708704198e-01,2.439302014218262538e-01,1.909165461671419095e+01
1.513575162450364608e-01,5.167219596675565185e-02,8.223978191470637800e-03,-7.442109896832354021e-01,4.148212339140191496e+00,1.094793455002423421e+01
2.371466318089234804e-01,7.854016930680263187e-02,2.915369327867733951e-02,-1.240781393430231860e+00,1.988984234781864258e+00,7.528602560378454989e+00
1.566379959136818267e-01,2.194175969852896202e-02,7.883756274394027042e-03,1.619432423486935502e+00,1.001949878753428669e+00,3.572679502663410389e+00
2.235330980837397785e-01,-3.185737050594106279e-03,2.297029749603785032e-02,1.085014582590655280e-01,2.317513745920800616e+00,4.500141419605904858e+00
2.442209409709216184e-01,-8.858200400602367353e-02,5.108737739260549304e-02,-2.447077930039030846e+00,-2.708592320411932874e+00,8.860920613766337661e-01
1.413037923450058408e-01,-7.446353007427131132e-02,3.921541968826264268e-02,8.155317583425023553e-01,1.944410977135694107e+00,-3.337416002796744774e+00
2.502993727788966893e-01,-1.095393368265051848e-01,2.953700912136847379e-02,1.637007155607403952e-01,-5.130953412542667014e-01,-1.018851859053677167e+01
1.555192053434917288e-01,-2.730048699919773725e-02,5.830798573327450329e-02,3.004916017945205464e+00,-1.975689319008363309e+00,-6.152567279112780341e+00
2.002030840600008688e-01,-1.802722170524084788e-02,5.911845525011116820e-02,1.001038311298506622e+00,-1.421917068858524980e+00,-4.870207597004874600e+00
1.537789877867576926e-01,7.374537607722331245e-03,1.850773322746301908e-02,-5.066236635409226974e-01,-1.531891272645929503e+00,1.943948606466988638e+00
2.170982749011445279e-01,3.291373400513286640e-02,1.045719606478490160e-02,-3.341419043034300707e+00,1.286560080086896374e+00,6.436131832151141374e+00
1.904593128423646142e-01,2.057173179653837281e-02,3.654660412872323683e-03,-1.362954135995957161e+00,8.034225492337103702e-01,1.032728103750181203e+00
2.529851718830187224e-01,9.683698223273928818e-02,6.013119776057940236e-02,3.244865869788282620e+00,-8.693766229981629845e-01,8.838663188503713686e-01
2.321399533291073070e-01,8.987991707188847101e-02,2.765442822988539717e-02,-9.191324952396223713e-01,8.352428830839562224e-01,5.040266231156555143e+00
1.848041247361238426e-01,2.121026158900018999e-02,3.860580904961541382e-02,-1.772951061956255236e-01,-1.454716261015794210e+00,2.339400978547617083e+00
2.616411607640878323e-01,-2.362916659422609200e-02,2.710661368453026743e-02,-2.731586740375226974e-01,-3.205377435295294064e-01,2.440981416420335393e+00
1.930549755374553200e-01,-7.957330975210563651e-02,1.214596824832026023e-02,4.638786914345910395e-01,4.500535792182963624e-02,-3.284045931791155226e+00
2.781034346674831070e-01,-1.253576215076002143e-02,5.344490376624355665e-02,1.160124528576672143e+00,-2.083712950664566410e+00,-1.081962557836018313e+01
1.873976132192911592e-01,2.930457202119818305e-03,7.501666504491355525e-04,8.254222767796127735e-01,1.170631403434932993e+00,-4.825564564731080530e+00
2.881310719067222692e-01,4.183570822142623769e-02,6.527512318870509755e-02,-1.466791059071751002e+00,-2.362664594982327060e+00,7.922263152283980370e-01
1.831443905327461152e-01,7.279836621655100259e-03,-1.549907443220488457e-02,-3.029608161791975673e-01,7.894622686155369218e-01,1.419106679845770325e+00
2.999691304664340308e-01,-1.565989121312227894e-03,7.502666563329807303e-02,-1.930719826676574602e+00,1.538048107798575259e+00,-9.769841593856471995e-01
1.958796221300689311e-01,4.836927685654757170e-02,-3.310169503776716482e-03,1.868727377360482222e+00,-1.254170403189954097e+00,-1.014251930796557621e+00
2.752907605769356891e-01,8.224607639806080783e-02,-1.100964129049186724e-02,1.087854321379001732e+00,1.977575652196011724e+00,4.810174676496696833e+00
2.212775009798351178e-01,9.261808921086078783e-03,6.820650883428536204e-02,-8.421322137952668152e-01,-2.203034815016707615e+00,4.456111942101420809e+00
3.012773285013166102e-01,-3.637071274573688839e-02,-6.010909186489943323e-03,-4.259298844504051385e-01,2.017827259809025886e+00,2.190155395209763434e+00
1.834663446021194133e-01,-2.476476034733376963e-02,1.357159038733823930e-02,-2.335903961066128631e-01,1.550098834028661221e+00,-3.142264212723880235e+00
2.631195560294186109e-01,3.563037814849501217e-02,6.931834076638621056e-02,2.116771298150336822e+00,-1.576069026737271894e+00,-5.487991151416667712e+00
1.789702153146448538e-01,3.338643849254996354e-02,1.174913858772930197e-02,2.652395590022962879e-01,1.575339601922583155e+00,-3.272408598235920230e-01
2.872535488427043759e-01,3.379093742458572081e-02,6.498160856434909149e-02,-5.524991345744990623e-01,-2.580001605144196297e+00,4.298420944979380209e+00
1.849115463358348421e-01,3.186080219904940947e-02,3.689958141607574404e-02,-1.499507589527567797e+00,2.158910642598547813e+00,5.647636465694620966e+00
3.033958063200810074e-01,7.704924455635975278e-04,-4.675540319983406690e-02,-6.379587988926801456e-01,-3.144253135210783867e-01,2.203058026000959124e+00
2.043676152247932976e-01,-1.913323664219923614e-02,9.539710101105147722e-02,2.194060586361865184e+00,6.534742106539976891e-01,-1.861252246316231984e+00
3.038873298170372550e-01,-1.863080660974514302e-02,-1.032085766988943831e-02,-7.963542315034286001e-02,1.349185553416097694e+00,1.444306470830091005e+00
1.935940985063506758e-01,-3.168491282316932001e-02,7.111597964884008860e-02,-1.987823360082465518e+00,-2.549883812493406676e+00,1.598495607485779679e+00
3.019094095073278083e-01,2.575456777333684499e-02,6.294716667725763770e-02,-1.934302477827894551e+00,3.393693210552711781e-01,-2.394818915145973559e+00
1.561681244518791090e-01,-4.350855831042199640e-02,-2.552638349449187771e-02,9.624422425214278487e-01,-3.793490800221232528e-01,-1.058342514168660031e+01
1.846740687606125420e-01,-7.706158942126251077e-02,7.251623974880905266e-02,4.866450884391759324e+00,-8.777030912417737030e-01,-1.691163288326628233e+01
1.281691982495765103e-01,-5.355828317354482948e-02,-1.555183164125750750e-02,1.289200898745475499e+00,-8.391830227933087805e-02,-7.677896395779602479e+00
1.509348928319251826e-01,-7.953647090607152137e-02,4.789388497119295707e-02,1.871854579898780679e+00,-3.764778177350216026e+00,-1.170377495448673777e+01
7.569692952275985931e-02,-6.436946616388272702e-02,2.909029654517025776e-02,-6.305356035051330466e-01,4.159236860954524939e-01,-1.044577725910823318e+01
1.368029276336848454e-01,-6.849053642761182559e-02,-3.546076508224271784e-02,2.903570482353479587e+00,-4.045675823504858437e-01,-1.925287963798839286e+01
9.771124685611276561e-02,-2.766610014532311368e-02,7.257342932757604448e-02,8.541611624524885205e-01,-2.183960375676599064e+00,-1.378525993491456880e+01
1.662831126082879862e-01,-4.100410697229683876e-02,8.015317336084626376e-03,5.039223495527666019e-01,2.219252720091302589e+00,-1.696439474225027411e+01
1.554934958542038004e-01,-6.061046829471727904e-02,-1.547642031537344032e-02,5.112984848836730212e-01,1.221748973134655580e+00,-6.475768632060639796e+00
2.218660742197866576e-01,-3.454926775869537892e-02,5.126348021817728196e-02,-5.560584964649308015e-02,-2.109493892648658608e+00,-6.957082155259058709e+00
1.857039267207656330e-01,-6.086481979764357675e-03,2.634669956889312825e-02,8.090527735521295671e-01,1.367879230742456986e+00,-3.354096021265864369e+00
3.024450768376127918e-01,4.177814440618377034e-03,4.814295531688761454e-02,2.529170500979427416e+00,-1.652517749992062024e+00,-5.606038592228951956e+00
1.580344336579946329e-01,4.102719063455850801e-02,3.212227780177881464e-02,-7.031108198748611260e-01,9.050057569989173878e-01,-3.804362292963408554e-01
2.575285774316040666e-01,6.819553527784982805e-02,1.884727228264514165e-02,-7.025054546548930023e-01,4.300624683875896026e-01,4.415821469954313017e+00
1.670249283120406325e-01,2.538828604002141276e-02,5.402207761646166118e-02,-1.003102509481122173e-01,-3.053335880925397650e+00,4.265486717881345591e+00
2.582101596284656075e-01,3.867883885378553543e-02,1.153036326856801685e-02,-1.725539509214598644e+00,1.727072977000600362e+00,8.118499857896720684e+00
1.805791260627227501e-01,2.057319628698017766e-02,4.636327078023161352e-02,-5.869852531299577514e-01,-6.909045419692064760e-01,1.257161728685648461e+00
2.399102947489408777e-01,7.542828444473492766e-02,1.296137597526691998e-02,4.325930845949629844e-01,-1.538915753862958979e+00,2.805283902257158513e+00
1.516465795165231611e-01,5.113981456403493553e-02,8.057630269268423184e-03,1.581327026572717065e+00,5.488925047688086867e-01,4.306075625082131708e+00
2.750859723033265425e-01,4.504772735971762643e-02,2.552037747856100713e-02,-3.607845650386027336e-01,-2.805869251378751983e+00,6.795764699703685352e+00
1.889426101443429928e-01,3.706913039620118866e-03,-1.163541615253424824e-02,-5.297623327386438707e-02,2.112736172807630819e+00,4.871337408836999394e+00
2.853711898131354729e-01,-2.966468782132025694e-03,6.411616841332218319e-02,-1.293812918598054473e+00,9.414900205951970413e-01,-2.515328641943045257e-02
1.768624317516334088e-01,3.994384951494467373e-02,5.201414165312057136e-03,1.227846413030733719e-02,-3.286813329736675837e-01,6.850817776288398164e-02
2.341122777653783515e-01,4.656180761031869508e-02,4.001634767454742558e-03,4.075958526380369928e-01,1.901670422773511060e+00,3.465897914469943775e+00
1.755560171729424468e-01,-4.326889503670550141e-03,3.983301775488423679e-02,-1.227460656495335201e+00,-2.034016864484876397e+00,2.237907311341942762e+00
2.238191119671242291e-01,-1.076213728413666360e-02,-6.772828850187817551e-04,4.926455559799919892e-01,-2.965945071142161438e-01,4.270132555572593525e+00
1.381432780731213228e-01,-2.416471983155776826e-02,1.481541662582008811e-02,1.178082454777526766e-01,2.096103969190749705e+00,-7.444006299611014010e-02
2.030284932372943274e-01,-7.642695479047389995e-03,3.054524733745367371e-02,8.717551414536381937e-01,-1.419678448879863941e+00,-4.248067382931654201e+00
1.093785238954900763e-01,1.987272612447821274e-02,2.876676111363773991e-03,6.864630844659076747e-02,1.716161815352325481e+00,1.458189874928661756e-01
1.231366329527272541e-01,1.764665988029090471e-02,1.503683891979434861e-02,-2.296390221218518324e+00,4.084983908795378760e+00,8.421633648796227334e+00
5.925510771513664565e-02,1.846435860426431930e-03,-9.748900745461419604e-03,-6.030605162370847872e+00,3.733900237388003251e+00,8.534561216841714426e+00
3.001745276479894642e-02,3.327583796819277850e-02,-1.782296844715780537e-02,-5.220071113726237222e+00,5.543896878868097566e+00,1.337627275597818333e+01
1.505015698727696360e-02,5.159718090559542447e-02,-1.382078063000058421e-02,-1.075970879579931205e+00,4.191348824658100991e-01,1.016463753854314689e+01
1.125281538159050854e-02,1.234482935873777443e-01,2.294535098370786841e-02,-3.293079203979014657e+00,-1.787876155692868174e+00,1.350921596430311666e+01
2.120253584668319036e-02,8.882174862981884189e-02,1.491613760989896065e-02,-2.273027368348648825e+00,-2.242175864130709684e+00,4.006979379042120648e+00
6.448729847627987510e-02,1.218423393567524826e-01,2.970075666207172560e-02,1.189393597050783624e+00,-5.269533255038810537e+00,3.796784932190137241e+00
7.218311167789792648e-02,6.106432390677785094e-02,1.883188632210508473e-02,-1.596487009090686859e+00,-1.591209389718232670e+00,4.412339390541093920e+00
1.607167665097346543e-01,4.283946170660080099e-02,4.405774440290022298e-02,-1.028922737902501494e-01,-2.994269342872852846e+00,6.647021840283834138e+00
1.325782018091725689e-01,1.724453279042137410e-03,4.494050014191808273e-02,6.379940374965265004e-01,-3.431615981420940820e+00,2.917218115111708698e+00
1.482873028870805854e-01,-1.926874607256401362e-02,3.382596751132416202e-02,-2.045327417389102731e+00,1.017195364413301384e+00,-5.221557511408853713e+00
8.104379701446262629e-02,-1.495437466007309979e-02,1.410179082481022306e-02,-1.883702048855053990e+00,-8.464956564748365997e-01,-1.213441558297172662e+01
1.097829782830501699e-01,1.540206057459947431e-02,4.588443022426014206e-02,-8.664445255086511422e-02,-3.151948943902370903e+00,-2.182238453993399219e+01
5.091237598022324562e-02,1.558851681022765945e-02,-2.667167837456205226e-02,-1.149635121536838334e+00,-4.866819455247791693e-01,-1.138569003741682550e+01
7.451133463642989341e-02,-7.226068560702625376e-03,-2.951960042760258442e-03,-1.302841889186109769e+00,-1.675695311489958650e+00,-9.759545531175545463e+00
3.728382970709631650e-02,-2.982294250725470164e-02,-5.478679272689523927e-03,-7.575179915299936617e-01,2.523264754107755081e+00,-8.122544845811171754e+00
5.062015183216672654e-02,4.453357548459990767e-03,3.908635586812370111e-03,1.197475953183230413e+00,3.252336397993943695e+00,-1.135757511128455732e+01
5.440256060687964634e-02,5.806108849797730898e-02,-9.608648825476961974e-03,-5.802847060094558085e-01,2.115453605076456078e+00,2.226667547948559811e+00
8.444027845484924910e-02,1.723976850896473678e-01,6.056116071426975722e-03,3.133478681099312713e+00,-4.337716756422569375e-01,1.056707703428243583e+01
6.694373482339699422e-02,1.342613215514365521e-01,1.548412815402910869e-02,-5.329079543665389274e-01,2.999143051329382637e-01,1.181366824941588511e+01
1.481053337573872142e-01,2.217478914091892683e-01,-6.005605196448771110e-03,-3.610594645001335756e+00,1.554197055160855934e+00,2.030135281768419020e+01
1.559144652684558707e-01,1.226232539283420575e-01,-3.450095126997809736e-02,-2.618013068167338364e+00,-2.193943382812808540e+00,5.855502219539190811e+00
1.797084297999891334e-01,3.920490666086040576e-02,8.352732341699942165e-02,-2.888834180077010760e+00,-2.275425847839638749e+00,1.142125045981403453e+01
1.858907370639357737e-01,1.058605502994831582e-01,-2.759235541183580054e-02,-1.004249255990302681e+00,9.141371488840518422e-01,9.478782445474156049e+00
2.707242871269244233e-01,1.426516263255841466e-01,1.119360107450057540e-01,1.582722867872853989e+00,-3.343423473473690066e+00,1.304369340460430315e+01
1.837201519862077248e-01,7.660609521805028521e-02,6.057655186085697530e-03,-8.970008210234400314e-01,1.894839047095882689e+00,1.018422864187079746e+01
2.634330427801252483e-01,9.047025592110990999e-02,-4.358476162224844686e-02,-2.478436637678234078e+00,-2.369799473249674993e+00,1.868630040688628924e+01
1.823036945585174706e-01,4.589924482631246860e-02,4.689843185525033320e-02,-1.875627437347905380e+00,1.282905434694846747e+00,1.437291113289425404e+01
3.102322636393317623e-01,1.085193239620849681e-01,4.139747096518209268e-02,-3.337083870137538710e+00,-1.320422102144729326e-01,1.677289144291956546e+01
1.705914484001516129e-01,7.245879960938594877e-02,7.200078209678784091e-02,1.026384910032708708e+00,-2.432831848173495626e+00,8.306311294372919818e+00
2.981426319017730364e-01,9.620986824404909044e-02,-1.508678828928466942e-02,4.454192009083766113e-01,1.359000216051038823e+00,1.358663092140980311e+01
2.120557810659935427e-01,1.793321123140145801e-02,6.318692317493668220e-02,-2.096041447564156890e+00,-2.240736967662930734e+00,5.882602119048767619e+00
2.996800262536112314e-01,3.972750234798105851e-02,1.033115915401250362e-02,-3.832362236646213449e-01,1.621652031680404171e+00,8.384722990630718797e+00
2.071753236274354038e-01,-1.256100828199713249e-02,8.344748004146840259e-02,-5.779995617604252178e-01,-9.425601087579306148e-01,-5.858906814095137250e-01
2.485601527030354418e-01,5.917717088510165979e-02,4.001223085719152195e-02,1.660053545647014683e+00,-2.219799673035890208e+00,-5.244172181009406630e-01
1.828098812435889897e-01,3.322024769567377689e-02,-7.424048793682969105e-03,9.671753548313194448e-01,8.264668810947639610e-01,2.997845543283387482e+00
2.866675688438036218e-01,-9.534531833338633078e-03,4.669066247630992983e-02,-1.785276847785446153e+00,-4.645409522617894638e+00,5.716803432345425762e+00
1.769854117519784609e-01,-5.406466703381873629e-02,-2.106498916835264357e-02,4.768897965412747797e-01,3.569427896076519335e+00,1.173268503807793239e+00
2.668849320154205174e-01,-7.805936442484373572e-02,5.983409292879970920e-02,-4.152967498263130941e-01,9.901515039728345791e-01,-5.627928912523729288e+00
1.720283987078623511e-01,1.107426488998264347e-02,7.040310940380933857e-03,3.627173107643007821e+00,-7.916767593896837374e-01,-2.233574778442874997e+00
2.540576082945928960e-01,-6.495091239942851757e-03,3.250575440950642658e-04,1.185326926941387748e+00,2.710850165396043732e+00,-3.702510387186275231e+00
1.904268517790068671e-01,-4.493649334514060456e-02,7.368205865527610587e-02,-1.652888642857720081e+00,-1.469250421406756102e+00,-2.687904803814988419e+00
2.690942801274065488e-01,-1.333543886881312091e-01,1.902733303327686087e-02,1.208829656849176981e+00,1.363379488660274808e+00,-5.112523082258606522e+00
1.522752519233216972e-01,-8.808882764405723265e-02,7.165542115179057703e-03,-6.387588401710025954e-01,8.247727524661446763e-01,-8.969425770287122290e+00
2.009300074543975967e-01,-1.860872549057468461e-02,6.609263838236389965e-02,2.552684944849174631e+00,-1.946359970098818115e+00,-1.035685412974701869e+01
1.561118340821683326e-01,2.796809644979525444e-02,3.002377565363265055e-02,-5.091187893490723981e-01,9.064874118616952359e-01,-8.554015326272648156e-01
2.461314404861787430e-01,6.276819845239067774e-02,5.025558114790140696e-02,-1.696461378516058716e+00,-4.777585211259562925e+00,8.344773272502743922e+00
1.698531001778254002e-01,4.763768573152304953e-03,1.007330601219369459e-02,-6.436905823767626877e-01,-4.911138415303981097e-01,1.005314533631356433e+01
2.773948933404257744e-01,2.228883870401254796e-02,1.954902814725767435e-03,-1.581936300523804739e+00,2.047337812103794119e-01,9.290438433439062393e+00
1.877702697955987432e-01,6.250438099655042379e-02,2.725936971321485380e-02,9.522028455532799418e-01,-1.606080899151973940e+00,5.243250658404062570e+00
2.567757274590025673e-01,9.788941355914815290e-02,6.410944477839075617e-03,-6.214228766783697067e-01,2.445619371966283317e+00,1.210877125152028810e+01
1.889584659879499640e-01,2.928365132950716543e-02,2.209884704435216563e-02,-5.356856496463539008e-01,-6.189971647733405469e-01,8.900428302841476125e+00
2.759580333672229102e-01,4.950411073930194306e-02,-8.583568068162517051e-03,-6.482864185126764323e-01,-1.189955836508474807e+00,1.533243996322549663e+01
1.780069884964472493e-01,7.526444926150510639e-03,1.918302718667852513e-02,-1.295358919298998934e+00,4.172851816293248639e+00,9.840476234785651144e+00
2.538529729143395031e-01,4.352418694301585234e-02,5.143146883149940507e-02,7.363466649010803611e-01,-4.967426862072274574e+00,1.089617292496195944e+01
1.579300174342428420e-01,-9.644298499645598266e-03,-1.016133785387651756e-02,-3.088021458805944031e-01,8.177459798434503213e-01,6.063090222982546074e+00
2.755497738155856524e-01,-6.776535216991552701e-02,4.147618507924488718e-02,-4.837270631300947699e+00,1.359610084705701993e+00,6.001458596717556659e+00
1.576665280267430802e-01,-5.614721257112575969e-02,1.207256227021780148e-03,-8.149500663032992476e-01,1.586904791244944102e-01,6.115689878653800093e+00
2.198302516539474283e-01,-8.262340082838903754e-02,-2.686434876302712382e-03,6.904854944251387350e-01,1.266080712248792040e+00,2.782841355086535629e+00
1.661778565366738292e-01,-2.627516063113244371e-02,4.878562905353045487e-02,6.910219783345875610e-01,-1.877677005388610043e+00,9.443521500018166037e-01
2.373327480073754714e-01,-3.850071282827904895e-02,1.671409780338661832e-02,5.664467066911132997e-01,2.547101518253147123e+00,3.349918773678545847e+00
1.472764177342806846e-01,-5.155188813496280886e-02,2.599487498971808641e-02,-2.535089673439331892e-01,-2.119116449832546767e+00,5.345862663750962973e+00
1.705196301988589624e-01,-1.201736577732583910e-01,3.573379310072710702e-02,-1.053672431397915332e+00,2.287059502327988825e-01,5.000317185419985044e+00
1.209821510334450068e-01,-5.128131907235999876e-02,-9.498129104458463701e-03,1.034859716630620152e+00,1.660103476212982931e+00,8.149797733415625745e-01
1.899753102215484546e-01,-5.665008166696328118e-02,2.714808122251244349e-02,-9.491124679027914679e-01,3.000391701712535122e-02,-5.209291255240636964e+00
1.531709294603054161e-01,-1.751269375162411990e-02,4.391012246732772795e-02,1.377931324785552247e+00,1.403126058730555514e-01,-3.438001504068596059e+00
2.608690573128793488e-01,3.346852873320926847e-02,7.941181726434320964e-03,8.742981659769252234e-01,1.071758739997694665e+00,3.143206364504795847e+00
1.668402855190400658e-01,-2.610438582520302475e-03,6.404411397296838615e-02,-2.832128236976157787e+00,-3.370215635873194948e+00,6.465792519325170851e+00
2.884980415810272092e-01,-7.042206773221515448e-02,1.344230930703682603e-03,-2.859725332554000077e-01,3.429989847364864342e-01,5.927972768559493844e+00
2.407331569147936889e-01,-3.525315098018744209e-02,-8.666617607201554385e-03,-7.876605724389580676e-02,-3.925596033471556723e-01,-2.844803356374647763e+00
2.142180531926829445e-01,-9.973381093703004296e-02,7.845121332504256806e-02,2.709022644210655084e+00,-3.168834767053553270e-01,-2.757649252203465462e+00
1.126534344751073391e-01,-9.700308944436919489e-02,-1.115577905471210052e-02,1.786294069198006484e+00,-6.307773439978705543e-01,3.865987717778152977e+00
3.292354062910742840e-01,-4.089285358709737750e-02,3.999797439342533956e-02,-4.495693183005569971e+00,-3.300671757912885251e+00,7.359347259742079039e+00
2.611120111027105395e-01,-3.668947643464193220e-02,5.670102313766996194e-02,-1.263007314539154935e+00,3.565638383245648857e+00,-1.045658847990010853e+00
2.758133394643591529e-01,-1.409999195901603386e-01,-5.808060905341952407e-02,1.142443663062492343e+00,7.218137601126328740e-01,-1.269716530512276087e+01
1.434797362498025919e-01,-8.489193934983152445e-02,9.281861695747223306e-02,1.361383096914746904e+00,3.827503728891457624e-01,-7.556448860420633018e+00
2.287735072490573174e-01,-1.039008043459217490e-01,-5.057853684992885679e-02,2.210740203700722883e+00,8.951310272250732059e-01,-5.190112608776172642e+00
1.755686721467339950e-01,-3.977672961096345716e-02,3.281192197983484604e-02,-8.157486807139594509e-01,-2.343364938541268039e+00,6.058684431849770125e-01
3.122440012569107637e-01,1.986183762118365337e-02,1.670690100902894049e-02,-1.457169296642058520e-01,6.646095505168951867e-01,3.730501373611311511e+00
2.231867119734527449e-01,-7.588045714421731702e-03,8.932908651183457671e-03,-3.442170218984097474e-01,-1.063785869358871317e+00,-1.614979421456367303e+00
2.924331991312092427e-01,-4.224144070489188607e-02,3.541584670365804932e-02,1.421406757265432530e+00,2.039897766649277688e+00,-5.306032631028326563e+00
1.853378430070611316e-01,-5.399595949662749916e-02,8.754626620218419752e-03,2.803769692028386551e+00,6.751847469858780759e-02,-2.911331663260576352e+00
1.961813521466728716e-01,-1.288702917709021456e-01,3.260465792707711863e-02,-3.440594254333579904e+00,-2.625405747865868555e+00,-1.258460161132968835e+01
1.261177415517282796e-01,-1.078502197217887648e-01,7.922773083903600355e-03,9.811392207874075622e-01,1.352997863614356477e+00,-1.669344667469146870e+01
1.533655705166045990e-01,-1.177358478375625517e-01,-6.026058676406043091e-04,3.770811201378900357e+00,-8.178744932271680979e-01,-2.677799847661326638e+01
9.038189491518977547e-02,-2.112254180248918090e-02,2.898525615687597146e-02,1.679151510932471947e+00,3.067198114490526262e+00,-1.220870796648083179e+01
1.925044979236005815e-01,-2.145732892861040852e-02,-1.477128350286938119e-02,-8.203580925750214581e-01,-2.847130448563578220e+00,-6.477958820312164967e+00
1.413854807059449215e-01,-9.600445164051230051e-03,2.541640174605341862e-03,3.569653434519697299e-01,-2.008920631053990657e+00,1.468425976326792615e+00
2.088336003804673879e-01,-1.539869289465833901e-02,-7.642748878929844780e-02,1.806618135110418688e+00,2.353115790799479079e+00,1.968446875937234442e+00
1.350964743612088625e-01,-5.533661112691490302e-03,2.129091497009472089e-02,2.694570477235464293e-02,-9.682905117463355138e-01,4.800890546761129585e-01
1.991629322797034973e-01,1.129700512754538977e-02,1.117880338212046132e-02,-3.458347710794564822e-01,2.252147062419820323e+00,2.933796079095579490e+00
1.066861173676150187e-01,-5.361019757078366865e-03,1.828424599203537504e-02,1.604013721685425831e-01,-4.402351610505096380e-01,7.705317578926018207e+00
1.748633851644472159e-01,4.769548254628430684e-02,2.494276165746323048e-02,-2.506241251839917972e+00,-2.548261820988078075e+00,1.908295814833604709e+01
6.729781545299395873e-02,3.002704599741345959e-02,-4.555255865865637244e-02,-8.041398095249391309e-01,-2.119143411843978642e-01,1.205378219083756619e+01
6.727425244340867749e-02,8.444572444146780654e-02,2.160385385519997259e-02,1.221646007457151129e+00,-1.030082790196248599e+00,1.656375765088536056e+01
4.146108307158158368e-02,5.994320172451939044e-02,-4.642531958534656944e-02,-7.525369814968317916e-01,2.882750387874832287e-01,1.212058423703127374e+01
7.701104868689245819e-02,8.147750939833775519e-02,3.061196306371266607e-02,-1.131161704663134815e+00,1.183098274603028160e-01,1.718263240627020849e+01
4.383916863950876319e-02,5.014723853424385425e-02,1.355583940359805784e-02,-1.208508036119375406e+00,-1.362143649844470339e+00,1.330795088582931207e+01
6.647042810346048824e-02,8.178636422816154550e-02,6.188929921850115645e-02,-2.193862450917407170e+00,4.963737765936933499e+00,1.977869710613786225e+01
2.175899174033890660e-02,5.560280787269356040e-02,7.809883122139293921e-02,7.311082621126864522e-02,-8.026235961741199354e-01,5.537885099668744537e+00
9.365398432414495655e-02,5.400149442491741780e-02,-2.124231134711785512e-02,1.680277849632972664e+00,1.544123148485037511e+00,5.383304861936870189e+00
1.525745877045960319e-01,1.520310796962931477e-02,2.573539578015582308e-02,-9.879952905798847773e-01,-5.053883039621165363e-01,6.179539580380475350e+00
1.401146704897784367e-01,-4.730331783288477254e-02,2.058158452825159523e-02,-1.282077723095493615e+00,-1.693425984076899704e+00,3.437058204087581892e+00
1.831244455404963389e-01,-9.984694967295926205e-02,1.834797480982055043e-02,2.469942243912168767e+00,2.330437780870207032e+00,-3.818714088379623561e+00
1.471175346717608079e-01,-8.681534061979245820e-02,1.267160549477211462e-02,3.958057758768222523e-01,-6.323734790170579823e-01,-9.812376525240653180e+00
2.085717242429232787e-01,-1.070844528625762848e-01,2.006563387592405490e-02,1.046664571190728976e+00,2.861411259422612652e-01,-1.576347399115835302e+01
1.551133068437164919e-01,-7.549559260771143698e-02,2.499019681849734553e-03,1.781141782762993842e+00,-7.886050581243890800e-01,-8.906086189080491877e+00
1.978590852204586970e-01,-1.429881644638237859e-01,5.201265412764144447e-02,2.709367220684093081e+00,-3.057210981307514341e+00,-1.006861080959643928e+01
1.318037463379488905e-01,-8.906457060034345119e-02,1.542065159977901168e-03,-1.204298247950680745e+00,1.721689478190973288e+00,-1.034157619992207522e+01
2.541550331957229680e-01,-1.243584461745230740e-01,4.363237319177193374e-02,1.790721283920583939e+00,-1.349782636908997802e+00,-1.484386981818988893e+01
1.594509126257985798e-01,-4.847753333788640262e-02,1.654342458529656223e-02,1.503778433663000458e+00,4.535232801058191043e-01,-7.981245330269829630e+00
2.575966152035320533e-01,-8.745628658273352229e-02,-1.527669383032392858e-03,1.862392738241717582e+00,-2.126154693103895266e+00,-1.003353990652933092e+01
1.487445938722231631e-01,-5.629511055750691106e-02,6.762870938321252634e-02,1.234760627075771611e+00,-1.576785220856059100e+00,-6.893426051026128931e+00
2.309241388013445473e-01,-1.124010894515590220e-01,-2.656562028045816870e-03,-3.231116251416577878e+00,8.506003378534431336e-01,-1.725208269970280739e+01
1.634811454363784833e-01,-5.098237766693236583e-02,4.405994819155600872e-02,1.838380577991640674e+00,-1.010248047265130289e+00,-1.269419671775140301e+01
2.334180655918984826e-01,-1.733914912275680287e-02,-1.507862244643304317e-02,6.110368701250068479e-01,2.490032532731844661e+00,-1.425330749497767613e+01
1.648177427839336850e-01,-1.737188679274837000e-02,2.444229048607354793e-02,-1.193958875520188867e+00,-3.307419634801774588e+00,-4.922411058110567339e+00
2.659835154470400198e-01,2.448904699375464844e-02,4.864224928275817650e-02,5.627794706813563780e-02,2.509796508286328720e+00,-1.434565679846284247e+00
2.096761755832790008e-01,-4.190184256613882496e-04,-4.045941269551733832e-02,-2.088531595882686942e-01,1.654004835755306546e+00,-4.125030148909775818e+00
2.907565618853777956e-01,-4.387959281593190042e-02,8.306232246110217821e-02,2.319120145980162473e+00,-2.086700337002989958e+00,-4.166767317994966469e+00
2.272386313186947060e-01,4.486866987520743422e-02,-6.282596300117904153e-03,2.436239610234917918e-01,-3.048913100428535250e-01,6.075319535627756729e+00
2.779918184108212120e-01,6.122197987771560435e-02,5.024317493130342482e-02,-2.802348338943531636e-01,-6.731881900247006500e-01,1.371406590727928787e+01
1.694208007003785710e-01,-8.372432098528115318e-03,-4.135247694848853683e-03,-6.850598816016530979e-01,1.289632520962272766e+00,5.691737366613645932e+00
2.112586590700389344e-01,-3.397728688197121372e-02,3.314368611947451915e-02,1.164524759570443102e+00,4.836226302390458365e-01,4.181214763198156659e-01
1.206096165821755051e-01,-4.068082059140909479e-02,-6.289765834689875490e-03,1.743372324683401420e+00,-1.293329674178534394e-01,-3.004997494174259209e+00
1.642799222038398010e-01,-7.774830321692682844e-02,9.605640946308002803e-04,-2.235190024889469385e+00,2.595433501009997146e-01,-2.050118875087088011e+00
1.063283079824441923e-01,-1.033507943140263841e-01,4.681741566739877625e-02,-2.703884420318115378e+00,2.434949960719528406e+00,-1.064211971237373433e+00
1.750708649017276297e-01,-1.528605350142435704e-01,-1.343381333922438747e-02,2.526756288512423065e+00,2.718075878370356246e+00,-8.714815595532293457e+00
1.297421664833213750e-01,-4.357477609067927915e-02,4.467997123475375698e-02,4.756076460221955182e-01,-4.578303136212683033e-01,-7.872684881333660734e+00
2.190956666254892382e-01,6.436731390334227143e-02,7.016359440283470583e-02,2.245813118808041686e+00,-3.701914134211116814e+00,-4.167822333112804145e+00
1.455343115828289513e-01,7.070032980766649544e-02,5.217351441556696001e-03,-6.325335474533798630e-01,8.664934428113597598e-01,4.660720519595838773e+00
2.551542560707054097e-01,5.656099476131037918e-02,6.003176552694849955e-02,-5.066577644441622175e-01,-4.247958577099878674e+00,1.115873186547928952e+01
1.630585184497189699e-01,-1.558487500076966015e-02,-7.846613301511068395e-03,3.026997972702230033e-01,7.982326751006854071e-01,5.963876125239603532e+00
2.503629689686658333e-01,-6.594807187863471754e-02,-8.226218297709045335e-03,-5.844178411563663023e-01,1.200046461796110853e+00,-1.505758575510679487e+00
1.632929679198869555e-01,-4.039457391818723764e-02,3.391887321908301778e-02,2.344056635903075225e+00,-1.615372822699548516e+00,-5.873662237064904090e+00
2.047512165906955617e-01,-4.482159757209158712e-02,3.128343532025963658e-03,9.771334393665130902e-01,1.614127740374679654e+00,-7.947982359712388423e+00
1.460276379584208861e-01,-7.711159282152690864e-02,5.246822478941204349e-04,-5.001960036854132818e-01,-9.706876115585952869e-01,-6.667338090360860114e+00
1.917062439114514127e-01,-1.267170765515737152e-01,1.283033866571731130e-02,2.323583214232309568e-01,-9.011463120605865684e-02,-1.069333923705515943e+01
1.284469023697933920e-01,-7.740714024236972080e-02,1.707366650190338120e-02,1.006530422601618069e+00,2.491069672621870623e+00,-1.020217888467600353e+01
1.964691390316746222e-01,-3.910697448154021316e-02,3.526101471013370903e-02,2.187592302473139849e+00,-2.245590614937480911e+00,-1.014478431352319276e+01
1.163434995868550814e-01,9.437643238949799951e-04,1.755012431411456797e-02,1.741256386247427068e+00,6.714958903564197668e-01,-3.218233078029886229e+00
1.975489252715698640e-01,-4.836123223158073081e-02,3.796442567405217128e-02,-1.480987971876571052e+00,-3.665269796307013550e+00,-1.352222163994787119e+00
1.432643084208327089e-01,-2.932421219486358588e-02,8.792428688626202637e-02,-1.537025525114184221e+00,-1.416196160754381150e+00,2.035290338492754092e+00
1.994003912156898650e-01,3.422355974953816826e-02,-1.571824426380256934e-02,-9.908081637303157718e-01,2.300076870306118071e+00,8.092377733114791027e+00
1.207196398462224707e-01,2.427603154029478461e-02,-4.134023586473181688e-02,-2.425071525346245593e+00,4.671860560019371889e-01,4.719225112053327287e+00
1.785121843351782367e-01,1.089685736541734506e-01,2.200217740037309355e-02,1.559524166949861901e-01,-1.619622947605912966e+00,1.281722269734216013e+01
6.816793366007845023e-02,6.171519399145619644e-02,1.055502920771881487e-02,6.865807988847608678e-01,6.752914892041261830e-01,1.731911518679430273e+01
9.480327900086171766e-02,9.509251362572213040e-02,4.803019143564629667e-02,-3.141898874628883842e+00,-3.598574511754486061e+00,2.989892635267815280e+01
6.646286436827308908e-02,7.676158002828525895e-02,-1.732086952862554874e-02,-2.927705264936380503e-01,2.807087264910691715e+00,1.918412070731837815e+01
1.488412629884698912e-01,9.451064165340472556e-02,-4.800213618437018659e-02,4.604292780152493547e-01,1.749472041463339400e-01,1.428607815605651332e+01
1.262909765793989170e-01,2.705715958355225936e-02,3.437154996346397651e-02,3.802014267187867752e-02,-2.970566572620502832e+00,-4.217090218535841650e+00
2.100131701009895213e-01,-6.878879214773370165e-04,3.142111993941335002e-02,2.921744466191453227e-01,3.044657587951341782e+00,-6.529481360700396309e+00
1.528513910940195730e-01,-2.671409234068988781e-02,-2.575877972466764088e-02,2.158438675691946862e-01,-1.626049057612098947e+00,-3.487211213605827531e+00
2.405076894346657723e-01,-6.360767263362587798e-02,5.769432396732836199e-02,-2.424802978201901216e-01,1.751906762122830585e+00,-4.784099265743939178e+00
1.641916801341195831e-01,-4.407318055057452000e-02,-2.418138060954953122e-02,5.221873733353775693e-01,1.778840584999108687e+00,-4.815210553850576503e+00
2.571625861754290865e-01,-1.309896324977355420e-02,1.421422793246237271e-01,-1.942295099890835597e-01,-3.319873750651062494e+00,-3.483588712493140171e+00
1.802189273798870950e-01,2.627864439507199279e-02,-1.750988413299739074e-02,7.712391408662854220e-01,2.705352010562188880e+00,2.040109441188444617e+00
2.851496865202962638e-01,1.892531005106246056e-02,-4.032896657169865451e-02,-1.104032736403511850e+00,-1.665092917690578656e+00,1.148602350690711482e+01
1.745280621561089429e-01,1.952255642046729633e-02,-3.185122498032059990e-02,-3.262124438477032595e-01,1.372461667525914475e+00,8.774092073283783932e+00
2.481675620363524848e-01,1.042130912262084763e-02,4.476752413852864987e-02,-3.443719838715455950e+00,-1.117504840298161772e+00,7.646305149954478075e+00
1.770704166386102285e-01,2.984362123094186359e-02,7.249693894317177367e-02,-8.530450570365956109e-01,-2.198786884238116635e+00,2.780565294927715314e+00
2.448059342486701984e-01,4.558940434624414451e-02,-1.915305488492952124e-02,4.670477403231037550e-01,-6.400084206097363948e-01,1.086388975905798659e+01
1.944640677650589788e-01,1.350472887807718791e-02,1.629567670689507919e-02,-1.888191251825713790e+00,-9.736466820899789543e-01,8.877263209397085575e+00
2.448931845901050064e-01,2.960160034970771292e-02,5.974124871255764857e-02,3.367468341485143069e-01,5.695476940491890350e-01,1.229667287491249184e+01
2.047681479042471331e-01,3.751837106519539944e-02,-1.301213738849277268e-02,-1.733370970122220633e+00,1.751712461821657518e+00,2.634750489773645565e+00
2.515553986804934805e-01,1.340910682559925959e-03,9.824143623360193089e-02,2.043357395015072964e+00,-9.232529140914876864e-01,-2.926838132834497674e+00
1.613790619784485347e-01,5.014545860093644336e-03,-1.218697473369403927e-02,5.987874349227640947e-01,5.172023553037162769e-01,8.476545933374945996e-01
2.114127891075900934e-01,-2.537067693715311378e-03,-1.623840788563649107e-02,4.509661921508463234e-01,-2.042656110117748280e+00,2.326595855138074320e+00
1.592394606259331935e-01,-2.868339005731401770e-02,6.764747959236898367e-02,5.878946711073460563e-01,8.510000799376972180e-01,1.374084030777817711e+00
2.540211855502459981e-01,-7.755700601103754366e-03,-5.876007313412736494e-02,-5.987837177409468525e-01,9.066894264761351518e-01,-3.692327792324980429e+00
1.392352359715856025e-01,1.155064158739005364e-03,-1.942437015641862441e-02,1.193139783165630519e+00,-1.489915645536065814e+00,-5.783322870080826128e+00
9.983157323507534098e-02,-1.324390966928845614e-02,7.599979965957270878e-02,-1.644913842549488692e+00,-7.664811530791965088e-01,-1.660063693888823355e+00
4.412948684534234722e-02,2.309777631046694424e-02,-1.811308960648230770e-02,5.680244609030976610e-01,-1.614643076832845414e-01,8.047119766866620338e+00
1.481349515700278174e-01,6.952786181950498801e-02,1.611528031376839587e-02,-1.626838000014778851e+00,-2.412337934568652642e+00,2.159876486944794038e+01
1.501589127479172614e-01,8.212030679536708178e-02,8.432056179723645961e-03,-2.288579454507108757e+00,2.234319824016123057e+00,1.498283982697004113e+01
3.021525997771947747e-01,9.264033557052053780e-02,-2.550974724711718711e-02,-9.472293655872308094e-01,-2.053128440650608955e+00,1.532444818782585116e+01
2.030360841437155450e-01,6.229369344137047904e-02,9.625597643584105079e-02,-2.746412932490323588e-01,8.005357915515773914e-01,1.103863360506433544e+01
1.313758734994494581e-01,1.109771127218781572e-01,-4.974946659140988547e-02,-1.250841586315598053e-01,2.122032140284050572e-01,1.312749394953214832e+01
1.539025408352654445e-01,2.585629776052145168e-02,6.107321061217590996e-02,-3.558548056203820198e-01,-2.184828447868367718e+00,1.017340959420658564e+01
2.005619655521542199e-01,1.333112515607925985e-02,-4.548563156964027798e-02,-2.565714584865849135e-01,3.778948562518381210e-02,1.535709021015482634e+01
1.596822546061371639e-01,-6.433094284899074089e-02,3.765386545748469760e-02,-4.481251620670189534e-02,2.171549432775881527e+00,6.448299030674414567e+00
2.405753656830602605e-01,-4.575822018107578160e-03,6.435860332268866779e-02,9.527897359375941955e-01,-1.798197397812279830e+00,1.910336608144488357e+00
1.529696474376109894e-01,3.496614711150158872e-02,-4.641681727639820898e-02,-3.719012515799251239e-02,1.220205410742806862e+00,1.724460297643807483e+00
2.470434745823120171e-01,-2.153224707157088136e-01,1.229649994819124459e-01,9.366746625585078978e-02,-1.727718497221552574e-01,-2.313870975087565007e+00
6.590439543219916985e-02,-1.887676530631595684e-01,-3.215861464693120508e-02,9.181277639207319208e-01,-1.372293354447175373e+00,-6.331113397504392282e+00
1.004356209583372461e-01,-2.116593322022708445e-01,-2.316426794101394959e-02,-9.174173983668293397e-03,5.282849267199278831e-01,-1.789928767485668004e+01
1.663763601028540595e-01,-8.086931541529285283e-02,1.151185518192016782e-01,1.077851161452296314e+00,-4.524240194020310440e-02,-1.990853490270252379e+01
9.778325483854655165e-02,9.133560391688388957e-02,-5.067361633572208673e-02,1.286235966588920032e+00,3.551892208788472338e+00,-1.337963255662914186e+01
8.947875663043708405e-02,1.376489408713510443e-02,1.132714603561997546e-02,-7.015094176843612583e-01,-6.660486592402407036e-01,-8.647518405771507932e-02
2.831777130597656345e-01,2.264938963938001315e-02,1.648105845314455642e-02,-2.368319147653363377e+00,3.077770109732480996e+00,1.378814911408099064e+01
1.630558051460379021e-01,3.082267375170844037e-02,2.270438258178955615e-02,-2.705227448480693297e+00,-5.965872640343452549e-01,4.414209029786950289e+00
2.070664680001151337e-01,6.129315654374278832e-02,8.882668690112238696e-02,-8.323468685575453885e-02,-3.643398518486767212e+00,9.110413635612568228e+00
1.647352017811147817e-01,2.203090477239799672e-02,1.769385509690087066e-02,1.783936888294967715e-01,-1.400279637358570473e-01,8.390096157818152989e+00
1.932556633788338751e-01,4.045522649004396065e-02,4.341418898440246865e-02,-5.555767422248183429e-01,-2.124124848674083132e+00,1.103083682554305867e+01
1.751506736046863355e-01,7.802283955151234629e-02,-2.895340504039736751e-03,2.524806962939728505e-01,1.305522989865477879e+00,4.228711176646610781e+00
2.459917279702639459e-01,1.051650641520122109e-01,2.323506397503905321e-02,2.162419341347892043e+00,-1.789934906523311886e+00,-5.262556443935944017e-01
1.469488685684933738e-01,2.829239556481888407e-02,5.537476089736114576e-02,-6.776970916445960169e-01,1.342405981359513945e+00,9.696877109470352085e-01
2.043616831480801199e-01,4.883774237305982258e-02,-6.161261633853329367e-02,-8.690847733779170914e-02,-1.330117065668348086e+00,1.491324881578398598e-01
2.450086697499622712e-01,3.297019691325342450e-03,8.079159600563209920e-02,-5.054132946935268045e-01,8.472970534447969992e-01,-1.082104592599042903e+00
1.935637965798568949e-01,3.313177029149338981e-02,-4.293054344594178506e-02,-1.459742341070708216e+00,-1.048609846570583981e+00,-7.431916605102339979e+00
2.224701346777102628e-01,-1.016572449607788808e-02,6.521995462331808824e-02,1.466346310690352706e+00,1.019377115821671342e+00,-7.440928214074230773e+00
2.731066151339760495e-01,-4.428696876522586479e-02,-4.586371964843836274e-02,-5.223110467250409172e-01,5.070059404071695086e-01,-4.036478815995645952e+00
2.568645171178980391e-01,-6.894274271550324129e-02,1.117486886005222002e-01,-4.269362639802229964e-01,9.689812952106983124e-01,-7.852741877142782601e-01
3.571354114144467129e-01,-3.714698994071433114e-02,-1.729879854313398635e-02,3.050063210000938163e+00,2.963176979275863321e-01,-9.050689113949204057e+00
1.865368211749922622e-01,-1.223714664032726773e-02,7.783414576020988851e-02,2.417426550370903815e+00,6.643825895804686965e-01,-1.041685933249029361e+00
4.130784790072183910e-01,-2.129677599331733506e-02,4.094506978639372852e-02,2.781345679528017811e-01,5.780803100380608184e-01,4.020273327218772508e+00
1.673609431485725274e-01,-4.926152253766663547e-03,4.124488314860547122e-02,-1.052428249617783473e+00,-9.119262861521399977e-01,1.919255661171732852e+00
2.992311556627953451e-01,-3.156202982809808155e-02,-9.422264433067262246e-03,8.893706796126261693e-01,2.047826482446855945e+00,-3.806185788223065636e+00
2.086602581347118957e-01,-1.290996007301695170e-02,1.111739096775626878e-01,-2.400091286129440726e-01,-2.594949582625757145e+00,-6.361537774105407550e+00
2.097208049858410028e-01,-3.629324680193413144e-02,-2.256000567920574129e-02,1.436878873966491277e+00,8.587210994107065121e-01,-6.250236662508538155e-01
1.647898435144812268e-01,-2.762364351021640019e-02,4.829651984345484372e-02,-7.041782580493974875e-01,-3.349442878696407000e+00,3.180615661907632674e+00
3.434923389686472817e-01,2.254499987948105355e-02,4.675735985833667785e-02,-9.543175475555110143e-01,2.648213556245798905e+00,-2.098024559370985642e+00
1.618449472697935931e-01,-1.081570134070330980e-02,4.898496700619192623e-02,2.157634149114263433e+00,-7.642339889499245587e-01,-6.245377021760130098e+00
2.098960028211998008e-01,8.434477425602548983e-03,4.281995656245962678e-02,1.039515009161213088e+00,1.113338196630913046e+00,-7.657044746431913573e+00
1.455825550117726408e-01,-1.400231423351705473e-02,-2.479808308062381172e-03,-7.853756994638413369e-01,-3.287125691299710883e+00,7.661371339613786136e-01
3.178881791241261467e-01,-1.296388978425744298e-02,5.207616263083908459e-02,-2.086664958941513159e+00,1.164806557564974421e+00,5.584159468136945748e+00
1.527534007340713984e-01,-4.112966850330934676e-02,1.553443616326199983e-02,2.411657521899808476e-01,-2.020777278921405129e-01,-1.544364278418980607e+00
2.020751201089421301e-01,-1.764069185101746484e-02,1.327563239683426932e-02,-7.671088491004210974e-01,-1.122606658279643677e+00,-5.520513859875983087e+00
1.342213060110113432e-01,6.529698398759542499e-02,5.763759264619416900e-03,1.072026420587536721e+00,1.425285240903757966e+00,-4.865463391307200958e-01
1.846355167824489385e-01,1.958645885084608906e-02,-2.442293907534964781e-02,-1.793876989035888769e+00,-2.042212429872738877e+00,2.643871444583274055e+00
1.675188695588731846e-01,-1.385975651482085347e-02,8.455497177043175272e-02,1.348849456508491862e-01,1.199698007446146297e+00,5.066454352670060501e+00
1.932321329223665174e-01,5.735668020114415011e-02,3.429070878764817198e-02,4.712612487154870244e-01,-2.491711562140572322e+00,6.125372926096865456e+00
1.188289546090457449e-01,2.533176070301351723e-02,-2.139038893515032846e-02,4.745315854390144694e-01,7.658328713222599671e-01,6.718437360523243917e+00
1.985968606958961047e-01,5.043953009689261524e-02,9.133240925698532520e-02,-2.210316003362841730e+00,-1.609708674133230932e+00,2.290038560839152382e+01
7.283357859152594926e-02,1.285161736153561662e-02,-7.030470950971479116e-02,-3.797177308947773167e+00,1.631047507015196407e+00,1.166203334352462306e+01
5.885055439702213675e-02,6.579050812556452854e-02,-1.533113381356226990e-03,4.678385953054874091e-02,2.103545918794623937e+00,1.410001114919798404e+01
7.653461729403776559e-02,1.045456116878931141e-01,-2.595331204376405410e-02,-8.265358389557735386e-01,-1.465367264108329293e-01,3.908617816159308589e+00
1.660593351872816648e-01,6.171347732948895271e-02,3.026419335653396381e-03,-3.340728306980212947e-01,5.033962185355378427e-01,3.315080480399180463e+00
6.647490634154973321e-02,2.303195133637458980e-02,6.347222079598036082e-03,-7.936575416637978719e-01,1.073749566262415023e+00,6.038382286078484817e+00
1.393371483947145606e-01,5.973420559850683986e-02,-1.089884942384772293e-02,-6.764548973193802439e-01,-3.045468768500148471e+00,1.181182633619492073e+01
8.923757428749556908e-02,1.245249514241564270e-02,4.065349781227997616e-02,-9.092448895283646859e-01,-1.947686998933329416e+00,7.346444058125849885e+00
1.679409194360816926e-01,-9.329666920268486763e-03,1.862170078601780437e-02,9.941735745715564176e-01,2.484274156725102767e+00,7.695343948205160878e+00
1.235804938320403945e-01,-1.341033031131466657e-02,-4.138855640471590658e-02,6.182874391865188501e-01,-1.563556152843215141e+00,-7.693809116017903404e-01
2.208626262097658222e-01,-1.831445845780876880e-02,1.153331889049899472e-01,4.379151438148417008e-01,-1.322788555089951412e+00,-4.302817052970839384e+00
1.511453772263293693e-01,-2.628075261193618672e-02,-2.916256147517787278e-02,-3.936362152056433472e-01,1.814915877578323622e+00,-2.136954935245991116e+00
2.108446529106793310e-01,-6.300245415399796656e-02,4.756359930191284002e-02,-2.505738531812088610e+00,-2.073610791112953774e-04,-7.096153493836471204e-01
1.064537016904854028e-01,-3.624528604035859303e-02,4.146442635243303976e-02,2.302579557803795529e-01,5.797807604599934939e-01,-2.462088909297086126e+00
1.510452093195393530e-01,-1.491237987016091893e-02,-3.390983358030501271e-02,2.406237995913906580e-01,7.083871964840928737e-01,-6.504149150873224094e+00
1.419453639936771872e-01,8.951914491063917012e-03,4.317668828000090220e-02,1.516011329280454012e+00,-1.921811799506493390e+00,-3.079029394157334121e+00
2.271245329155680004e-01,3.499951280064639292e-02,3.786324716705302684e-02,1.147390481506883830e+00,2.869698464213846112e+00,5.636873915592545359e+00
2.564311242212609088e-01,4.492835039709497380e-02,-4.624453351164092840e-02,1.691856007437640141e-01,-3.298577157616902067e+00,1.054988021380619578e+01
1.992674791315658389e-01,9.246045907831401678e-03,1.002585878582539225e-01,-1.760584693843108672e+00,1.464100016177944275e+00,9.335409203449238191e+00
9.338902940414506304e-02,3.328653039362183819e-02,-1.660405324556990525e-02,-4.428879673276397422e-01,1.974769897482964609e+00,1.988096061105779633e+00
2.574111858354350968e-01,7.925708439771916858e-03,1.532815279072702319e-02,2.050088610550221180e+00,-1.435922904027791436e+00,2.425413505394943825e-01
1.877468846043381934e-01,1.457947767665146444e-02,5.278487802774034510e-02,-8.636063543780905238e-01,-7.533215230423461195e-01,2.762652994826281017e+00
3.089730040464344629e-01,2.974526849684533403e-02,-4.274412036293095962e-02,-2.431446454884339303e+00,4.543231682985696129e-01,7.989207446261549883e+00
2.284146950001931797e-01,-7.932570182584086638e-03,7.071986340718100505e-02,4.146899206737620358e-01,-2.115671629125783770e+00,4.732787589686679119e+00
2.965134035173677129e-01,-5.901441241812577232e-03,-1.145442033377122582e-02,-1.330769914260088616e+00,3.587185146758279153e+00,-2.529168063806678024e+00
1.887688314726043703e-01,-4.111325220881933973e-02,3.672741137937177158e-02,9.018053149282313496e-01,-1.222578848499019433e+00,-5.510468019543726115e+00
2.742997966743823124e-01,-5.517242270150468642e-02,5.103324747815113360e-02,1.578732634689705705e+00,1.084624937680120027e+00,-4.484457817352516251e+00
2.085576642513218282e-01,-3.886713459755686273e-02,-9.781724756957099753e-03,-2.338879346643401469e+00,-4.478433067057947803e-02,2.065073144588712495e+00
2.971240267900401300e-01,-1.172717754081809005e-02,8.402861061774499762e-02,9.953503516002584206e-01,-1.792821324381663084e+00,3.969758118918686129e+00
1.851294063441732973e-01,-3.068844913104395999e-02,-9.210847281774181550e-03,-6.538789366744590659e-01,1.858282224689296935e+00,-4.057784270414540373e+00
2.612052644526356993e-01,-5.792663259955421751e-02,4.542498623288765414e-02,1.693551086329195599e+00,-4.588447934047896193e-01,-8.517097230520386475e+00
1.489837411958951918e-01,-4.677187060678100750e-03,2.091915873084249089e-02,1.387260291817616009e+00,1.266740977856697814e+00,-2.341760439179615627e+00
1.884135522763354942e-01,-2.114823241217678174e-02,4.717563737519170353e-02,-2.582822471120979277e-02,-6.128604078043510262e-01,-1.882286638852993077e+00
1.060564272079336234e-01,-7.319181937094576540e-03,-3.074258554954689693e-03,1.304590607291246651e-01,-1.618169724196363291e+00,8.462160846086244637e-02
1.575236646312889732e-01,1.841927514814045708e-04,-8.973155828357004538e-03,-9.308727076505456388e-01,1.797840975616187054e+00,1.544931197621535190e+00
6.485194230540525240e-02,-2.710557287603787557e-02,5.198942860962196821e-02,2.220847898407065202e+00,-7.526855590666265972e-01,-4.681585168006130004e+00
4.953297319577476543e-02,-1.198093747059036929e-02,3.467783589236206332e-02,9.250790707843484784e-01,-4.376134562699314223e+00,-1.189229885977504075e+01
6.209380251447349508e-03,5.319962427628954771e-02,7.651103506107759245e-03,8.537790434596509437e-01,-2.350190984504536118e+00,-4.884193296214073499e+00
1.015445237749457164e-02,8.945576346952011093e-02,-3.132732649607006259e-03,-8.895974967796604904e-01,-1.235219194684549660e+00,5.237061953950193249e+00
3.989328450514673108e-02,6.471415934314883600e-02,-4.753408714899187704e-02,1.239770752123764641e+00,3.966497939866733269e-01,1.149093963589430167e+01
9.760518734481049563e-02,5.213474059268197180e-02,-1.478516207899394086e-02,-8.131072820015691205e-01,2.361312093437424875e-01,2.406553426635939275e+01
4.899789694549205876e-02,5.837445766813331716e-03,-3.384775094906272708e-02,-1.726887213932642995e+00,1.790277677582280180e+00,1.345806381275612829e+01
4.590476602259130345e-02,-4.334133467667733441e-02,-1.575476226406658659e-02,-8.024877673138823900e-03,3.485487584946409978e+00,1.425079767346580439e+01
1.851290729973564808e-02,-4.961970697667261732e-02,-1.717220601787693146e-02,8.099868291336472792e-01,1.710914780424809045e+00,2.939349056149109352e+00
8.193929551937539912e-02,-1.221169893533371464e-01,5.308778188597984560e-04,1.474064025161593294e-01,3.394676746122795130e+00,-7.055745101020463927e+00
1.178574432528619598e-01,-8.558863706134012261e-02,4.035613486260053451e-02,-1.470125509145366660e+00,-1.329802656196543031e+00,-1.095607318481894055e+01
2.150568941695003566e-01,-7.737894413543600081e-02,4.201659474961969010e-02,7.658856648263344669e-01,1.561842364210443757e+00,-1.325643731282084126e+01
1.269231647906732263e-01,-3.575348949035372925e-02,-1.983265617552254501e-02,2.994686210813010785e+00,2.383810473715720857e+00,-5.735186081554333626e+00
1.998022226248181710e-01,-5.239275041870783411e-02,8.025095489729727749e-02,-9.964187082771827075e-01,-1.778825376250331991e-01,-1.933631151982287300e+00
1.405242565432480717e-01,-4.004804996872834977e-02,1.621641085244274194e-02,2.529551941395617121e+00,-1.601411928020233910e+00,1.458672595819078932e+00
2.092989268283922399e-01,-3.835619351402641541e-03,2.648312742133085429e-02,-2.166882875643656448e+00,-6.929666290280189767e-01,8.700671282856015099e-01
1.324032644100405776e-01,-1.505290252760804748e-02,5.839728223592377532e-02,7.819103670703915210e-01,-1.918419415981640563e+00,-1.374066729715170743e+00
1.927793606475169952e-01,3.151470541125966918e-03,-2.351598704722224209e-02,7.855933650609504548e-01,3.313701218348664296e-02,-1.057413820139195826e+00
9.844869096513164664e-02,-2.029303480444966112e-02,7.733394549500838266e-03,1.048571413567028987e+00,-5.306679635255906469e-01,1.408024126272560572e+00
1.515128490887844848e-01,-7.775216470714862993e-02,4.042104688480585573e-02,-2.135790409302332549e+00,-2.149476794677003699e+00,1.896898016064116232e+00
1.179937092649900876e-01,-1.981589592213595097e-02,-2.754121318767982496e-02,9.630956058798186836e-01,2.559277621591637519e+00,2.273340408330260243e-01
2.013644113181953799e-01,-2.440458669661538238e-02,1.089841645498013101e-02,1.353513759569400232e+00,-2.091876216626542995e+00,-5.178413720502947903e+00
1.593284561306003155e-01,5.950417985948419641e-03,6.070750428877214055e-02,2.525458959488873778e-01,-1.173082146322536268e+00,-3.601604102118094897e+00
2.033036600934314819e-01,2.118255552250669638e-02,5.489155572299897479e-03,5.405486895969203731e-01,2.591519448755242205e+00,-3.764671586705838013e+00
1.483304355783801043e-01,1.762611710344863525e-03,-4.450484881765026657e-02,-1.578921616483121571e-01,-1.285476881477304545e+00,-1.813411838524654041e+00
1.872839591945361093e-01,-2.761165169738966085e-02,9.406436258713968268e-02,2.300547844289801969e+00,-2.126027015526271935e+00,-6.557840195837455255e+00
1.130276329048225392e-01,1.469866752852322378e-02,-1.554967707723908799e-02,-1.873524880907405210e+00,1.614208051683072354e+00,-5.436031824790097389e+00
1.684262747830143070e-01,1.049055165419865432e-02,-3.366484508216704974e-02,6.756720916314349346e-01,-1.468017002960798845e+00,-1.412064881594760735e+01
1.085703007163001388e-01,9.081032892752638475e-03,6.899940568397511242e-02,1.879180270816788179e+00,1.809583446255750572e-01,-8.604851126003721262e+00
1.607336357064124144e-01,-2.077808841446329713e-02,-4.954094401589115293e-04,1.300118727172697275e+00,2.734821935333994869e+00,-1.093912227103359847e+01
1.345159519848522223e-01,-3.177483347852749773e-02,-5.986406442744218737e-02,1.632016823499117475e+00,-2.434314672914309960e-02,-7.449168537277958357e+00
2.051753657688912824e-01,-8.924362985718525820e-02,1.057881340245936386e-01,-6.153183147656631213e-01,-1.289906130354566249e+00,-1.217357574164649137e+01
1.471230099368199262e-01,-5.362508655554787396e-02,-8.809078532152625485e-03,1.826866373993754067e+00,1.719927588173728150e+00,-1.058314013779947516e+01
2.482922164832004341e-01,-9.444691379016756372e-02,7.712492993060471314e-02,3.344380890906757831e+00,-2.912191984738661699e+00,-1.877529806866080264e+01
1.657403819952847357e-01,-1.904568303311648947e-03,-5.964697121598028229e-03,1.492529020096260206e+00,2.102201377319550701e+00,-7.181912808320908503e+00
2.894862459080655981e-01,-4.523622458157916526e-02,9.872939132932356809e-03,-7.752895939086199006e-02,-2.408937344554396898e+00,-5.102049271024353239e+00
2.023405948532186471e-01,1.082594738062958584e-02,1.229935860748698623e-01,-2.045970603673735178e-01,-1.008710933033135415e+00,2.214194220187977805e-02
3.461933328979576174e-01,4.523468325294288661e-02,-2.645046735505998670e-02,-2.136248973381119853e+00,2.426037097800913589e+00,-7.248750037735522955e-01
2.168087348720604268e-01,2.589295594654217325e-02,5.216339583373164057e-02,1.099610570712139523e+00,-2.866177024774568149e+00,-6.388997568520408121e-01
3.035102605614978799e-01,8.643668115439062660e-02,2.745689539637269361e-02,-1.120026075239328289e+00,2.068455338572747770e+00,8.155821694087146412e+00
2.187896031562379662e-01,3.342291583856038528e-02,5.242350126458406034e-02,-1.771449044116601312e+00,-2.971732578000159997e+00,7.043379336640217758e+00
3.238389723825001454e-01,-3.020040804580403915e-03,4.961396318116650939e-03,2.456052436647635229e-01,1.343295143050149187e+00,8.713614508743983578e+00
2.195477987958565080e-01,-2.125927644502745295e-02,3.238067370781871901e-02,-3.201364086173075663e+00,3.008944107623900965e-01,3.203972858385046862e-01
2.756229922771051832e-01,3.674770703243623871e-02,4.771456665477447068e-02,-1.754938180533896219e-01,-3.772351652066735284e+00,-2.523452992985923959e+00
1.877477487735976780e-01,4.558242951623192596e-02,-3.256873123061498898e-02,1.768247301601217680e+00,1.369837188115259785e+00,3.227988598720973545e+00
3.050445983833007801e-01,3.197932598620845113e-02,2.285061388774800584e-02,-5.077040176029611329e-01,-3.534620759438751758e+00,9.614036325802427285e+00
1.899402254159703318e-01,-2.004836061310388828e-02,-1.012860127951070721e-02,5.038362657590764737e-01,3.708977751160383640e+00,3.799027815107058892e+00
2.884044845281721337e-01,9.907829343865692806e-03,1.752826471723645252e-02,-1.260901974587286256e+00,6.434339803988768924e-01,8.673373252234839459e-01
1.684869480420179144e-01,1.539494080485681593e-02,3.146309256402002319e-02,3.241765755785415593e+00,1.343765932270717167e+00,1.232764282137930101e+00
2.460624998713054623e-01,7.632359947816347301e-02,1.820204042342821182e-02,-1.116582407446283565e+00,1.130155242783162262e+00,7.303868230604135370e+00
1.764159072438431508e-01,4.129313354579000617e-02,2.697429880054014184e-02,-1.748431672887605037e+00,-2.950062100396691811e+00,9.484798502673037035e+00
2.309472367991851627e-01,3.596976402722751320e-02,2.266146503137278501e-02,-2.277891794537695969e+00,2.106952157891521349e+00,1.376423775828602913e+01
1.595248865541947225e-01,1.678570010236990484e-02,1.986465759901445693e-02,-1.292873319989374936e+00,-7.959885551276582039e-01,3.351257910522628780e+00
2.601306279399526744e-01,7.838752331290477215e-02,5.463042951092211830e-02,2.191243857836985942e+00,-1.280073343695100174e+00,5.014388456484585532e+00
1.770095747902615813e-01,3.347769148972545850e-02,-1.849108239588170832e-03,-4.036229769529731115e-01,1.093341855625197034e+00,4.803552459626317273e+00
2.775582528308468966e-01,2.315893021740400570e-03,2.864177358849229194e-02,-3.628420380620660524e+00,-2.413026708029824441e+00,4.982507911294458580e+00
1.508099902388924107e-01,-4.600953074530433895e-02,1.658709257108215152e-02,1.357700741153639257e+00,9.930875070664038073e-01,1.505351896558789204e-01
2.249983568742273121e-01,-5.348121127292415622e-02,3.268383257932971908e-02,-1.858287454951481621e+00,1.900950497460216937e+00,-7.231166032380794917e+00
1.846663355728583866e-01,1.936570185562125346e-02,1.001096427464887029e-02,1.065060401540983248e+00,-7.048713728476643237e-01,-4.792654853887184707e+00
2.544892177103150743e-01,7.989574357394335635e-02,1.550456376474551590e-02,9.084844759445885876e-01,2.475136681709642072e+00,1.232804377906012050e+00
1.946274238286012093e-01,7.699555204188524016e-02,5.400212568312201533e-02,9.326539141676407074e-02,-2.699837233973981121e+00,6.783884302210616113e+00
3.133940729919864054e-01,7.708420654526193516e-02,-1.783198008206055007e-02,-1.417804149895340871e+00,7.536682894784141329e-02,1.486980069088923351e+01
1.407821064533312239e-01,-2.125884745622030891e-03,3.279633207949617102e-02,-8.615550168723039581e-01,1.997334271298928376e+00,7.036251188414007096e+00
2.683817416300282588e-01,1.915105400110839184e-02,3.973930712388051845e-02,-1.628333658448425147e+00,-2.758199368329831813e+00,4.466825740446864756e+00
1.873123058963113152e-01,1.920231131310146111e-02,2.207130409769086921e-02,5.417190546898332792e-01,1.237356213210260236e+00,4.733305363712559277e+00
3.041465325493533101e-01,4.369514454086065314e-02,8.535858807263196901e-02,-5.379267365341822149e-01,-2.900149588708095472e+00,1.476938160889051055e+01
1.625267541822950079e-01,2.725980872672550959e-02,-8.806530034700221776e-03,-2.162564703405617017e+00,-7.640392410606139384e-02,1.297665722935365373e+01
1.849951896815182906e-01,1.084864248634893613e-01,-2.243804086999917624e-02,-2.080769916253993213e+00,1.856966261211027369e+00,1.442586721900992508e+01
1.447456429022057067e-01,5.848454060001628818e-02,1.291476562224880276e-02,-4.988279168564925814e-01,-1.367120991646838091e+00,3.495771996686923622e+00
2.222428759862966618e-01,3.852865656369885983e-02,5.654090969181901905e-02,-1.230479402657865151e+00,9.931944776640633243e-01,5.774199186275581930e+00
1.484021394270960137e-01,4.063762248118152343e-02,-1.028965831354899940e-02,-7.504239625379565126e-01,-6.572659055100021908e-02,6.465591595376298351e+00
2.531620460615471302e-01,3.837949839365961680e-02,2.031819363905507103e-02,-4.829787776434760205e-01,-2.925579931988910865e+00,1.019253013838849498e+01
1.535417431619583439e-01,2.521162637827778497e-02,4.644424364347554679e-02,5.667397812556028702e-01,2.314183307717629035e+00,6.146041844454187775e+00
2.484571781070865626e-01,9.627450927688485649e-02,-3.504802631318448825e-02,-4.874537796999395822e-01,7.488865753277670345e-01,1.555996177088956545e+00
1.532241739933457580e-01,1.947912715414723550e-02,8.421746627402981744e-02,2.478997338710941634e+00,-3.233790888720156076e+00,8.258704760118270594e-01
2.511972253461838278e-01,7.607107841054627784e-02,2.944989408830478439e-03,-8.717436500359267981e-01,1.019937536232642605e+00,8.865552811395675192e+00
1.741776997424100415e-01,3.876460241537138529e-02,-1.374836468335671746e-02,-1.533865801602350531e+00,-2.026833604240779074e+00,8.543510500702447885e+00
2.262989778573842869e-01,7.502746652247971326e-02,8.392408750062829714e-02,-1.344309501888956371e+00,-1.244729632400692676e+00,9.447175658611930871e+00
1.620323143197257565e-01,4.669375599895353446e-02,-1.940249162473317579e-02,-1.305766951835117151e+00,2.480241831224818672e+00,8.992053138323916617e-01
2.380516676332504744e-01,4.878208374206494113e-02,3.325725985507044236e-02,1.149357081203822739e+00,-1.575879661728361691e+00,6.676088411165032044e-02
1.515879456055220231e-01,3.157690100640841990e-02,2.059024244649676483e-02,1.489301123066137100e-01,1.565813074203525446e+00,6.287656393743774608e+00
2.566012071390559868e-01,5.847108819209001496e-02,-4.762957033277537278e-02,-1.028342157655735445e+00,-1.315513067997645669e+00,1.113618546648467067e+01
1.724516313474087070e-01,-7.436232706670597992e-03,6.206354274341174815e-02,-1.163206108615820966e+00,-2.032236829279241430e+00,4.604510745514183157e+00
2.476971751769863062e-01,-3.748571167943870464e-02,-6.698464231452594397e-03,4.205455214276568321e-01,1.803145439437527475e+00,-5.503655436503371412e+00
1.570514110020582166e-01,-5.312357360119790428e-02,1.544675212548196619e-02,2.107742390574716573e+00,-1.362542460223896246e+00,-1.062266772570312590e+01
1.812071787973117409e-01,-9.009217413402925700e-02,5.372938985102981846e-02,-2.877946119287089766e-01,1.158746164065308060e+00,-1.971776381274183620e+01
1.173666318640425033e-01,-1.120861417664205106e-01,-6.393980262700948991e-02,1.800660490198460417e+00,5.784814037045287183e-01,-1.014529236441864590e+01
2.436826033760128851e-01,-1.231059618455390137e-01,6.619739486738784873e-02,-2.128625343798129232e-01,-7.608119232990837588e-01,-8.401348234017982364e+00
1.669353746002935068e-01,-7.051984655973164706e-02,1.426163053813156445e-03,-1.270276924039985156e+00,3.660183654734373349e+00,-4.272242177658883477e+00
2.815205310030632901e-01,-5.335609610913394363e-02,2.706347009305209994e-02,2.336297602926731137e-02,-2.260648786677339483e+00,-4.498699020204292687e+00
1.723547588257026142e-01,1.298954435124954898e-02,1.812629111647723334e-02,-2.741152775939074138e-01,1.963477055901906354e+00,8.614740082619420924e-01
2.871869102327786472e-01,5.826680337365885975e-03,1.300811758091602321e-02,3.697952212161605828e-02,-6.779016005534777012e-01,5.239531218475564245e+00
1.894700617394473596e-01,-2.793878821517559174e-02,2.335437607251367176e-02,-9.443394943429307409e-01,-4.317738846357311644e+00,3.833992222754687873e+00
2.552190477915994293e-01,-8.725663672030492535e-02,-2.365111343583059522e-02,8.983528630990534891e-01,3.470175389117577947e+00,4.934478583494178450e-01
1.858129521942171181e-01,-6.117721352039140470e-03,3.842987441503620261e-02,-9.709498911209457628e-01,-1.171798150549975714e+00,-3.400868065393409356e+00
2.395895526344054005e-01,5.895352576845169779e-02,3.273406838425607646e-02,1.546294975101186742e+00,5.622412042846473001e-01,2.085913041062229301e+00
1.690469117702173563e-01,4.957012820286443855e-02,-1.950110422388462439e-03,5.178850402568619948e-01,4.074640840703196432e-01,6.619049260709572557e+00
2.790076502628258126e-01,-1.797903778808063180e-03,6.404860733378581195e-02,-2.222294166455896391e+00,-3.920641967195826361e+00,8.887889861427353821e+00
1.680656007422349774e-01,-4.055532025445707234e-02,-4.706992723327496631e-02,1.956942767933817828e+00,1.008511601505393207e+00,3.017031781293629145e+00
2.378430137246203557e-01,-5.380502846227130931e-02,1.228912239490409508e-02,-9.505371270514694215e-01,2.351549309147991984e+00,-4.328515596630047035e+00
1.616137819933811670e-01,7.684831774296796425e-03,1.590778635956402454e-02,1.654078023287471888e+00,-6.658289351434978354e-01,-3.954290919788447933e+00
2.406974226599638556e-01,2.219799749472528561e-02,7.975327893426475967e-03,1.476661856049245602e-01,2.202530780759990314e+00,6.738694187655221990e-01
1.857350341564796281e-01,1.209360539790615974e-02,1.310651887374048030e-02,-1.977947978558822539e+00,-1.900469232540797693e+00,4.540749589199195135e+00
2.320236479327189016e-01,1.132982617162685557e-01,1.324492448373981723e-02,-2.251642305861462745e+00,-2.339910243592385530e+00,2.295483806672910276e+01
1.514407237754529234e-01,6.092944952546552884e-02,-8.687721506388967896e-03,-5.212795055920255161e-01,2.331745514075020953e+00,1.668753611476456555e+01
2.319985440942975430e-01,8.648112617506686917e-02,5.759691198062788509e-02,-4.117872190758055773e+00,-2.187116416551790454e+00,1.529829241676062601e+01
1.656513657280243024e-01,5.310713165737213082e-02,2.487288903771500692e-02,2.093119779646583911e+00,4.391219457108297419e-01,1.177352528167306644e+01
2.659971421714164563e-01,5.483005251768846566e-02,-1.809449892767656110e-03,-3.829663710019690082e-01,-2.316201362352579007e+00,1.842085636423932371e+01
1.749842623130728470e-01,-3.421764859758980037e-04,1.027114140993015123e-01,-2.541045535312020487e+00,-1.240581855774723907e+00,1.149791109305638770e+01
2.438504861169121796e-01,-1.043979527691529796e-02,-3.516423633254839309e-02,-2.024447781319679840e-01,3.385124309007637944e+00,8.453035015647353489e+00
1.768455717161625529e-01,-2.063689241021116061e-02,4.906608111823418383e-02,-1.223949368865075549e+00,-1.940181636933878906e+00,-1.031180993861217310e+00
2.800618753404968686e-01,-9.046149212146303853e-03,2.616593077208351215e-02,2.599449920375578760e+00,4.221031426562772415e-01,-2.518213512942926169e+00
2.120337686934909982e-01,-8.165682422654363393e-03,-5.371468930168710187e-04,5.535755803989489410e-01,4.068092558778471646e-01,8.368886923643562570e-01
2.937611142742753145e-01,-5.750840339714358151e-02,5.407208779821059963e-02,-1.248858887655523997e-01,-7.913740045784567467e-01,3.909218464345899924e-01
1.894593114676030865e-01,-3.796702540904739465e-02,1.525496541978177412e-02,2.735192073365942389e-01,8.985794875457313591e-01,-1.689198283869570050e+00
3.197983594882849445e-01,-3.587296748772228483e-02,2.995409148793082288e-02,6.421786995883600468e-01,-8.902708050698703302e-01,-5.699043885879941485e+00
1.894345442342295627e-01,5.317808186916295199e-03,5.181538489237880185e-02,1.217679872456802315e+00,2.272337353486751366e-01,-1.748962166692004994e+00
3.076922932472001548e-01,-1.050692533945074558e-02,-9.203126763382751818e-03,1.280940632190030071e+00,-1.567453416688966872e+00,9.281326181470733738e-01
1.985105279138874579e-01,-4.210024099187137381e-02,5.377427962727310273e-02,-1.076839672638702616e+00,4.175713974619101737e-02,2.836596419758987686e-01
2.591891157097467868e-01,-8.988418289781474613e-02,-1.916690635801754361e-02,-1.067568936028628457e+00,2.121720607296468053e+00,-6.006227744047102135e+00
2.330133555971389825e-01,-1.895217747300481648e-02,6.246264544055457613e-02,6.758388270145991861e-01,-1.344613533890863133e+00,-6.019602730577255478e+00
2.946837413958789398e-01,-2.826392539114763736e-03,1.718514887323951967e-02,1.566224783414006616e+00,7.699967553205490089e-01,-2.909915238127608106e+00
2.051538182103165298e-01,-2.941295030820345602e-02,-3.349729112106603068e-02,-1.032670744904818028e+00,-1.902702648973737976e+00,2.921947482379701810e+00
3.164906672144329747e-01,6.359822398903425267e-03,1.074026931436028454e-01,-7.569708058757754765e-01,2.491931632488510739e-01,2.450552812252893009e+00
2.283966848884917411e-01,1.946929316111578601e-02,-2.966098134904537886e-02,-6.940904612576787036e-01,1.866768928756562085e+00,-9.562857235054995630e-01
2.703623032978192953e-01,-3.702838538558861359e-02,5.533330002762049116e-02,2.805672647997565328e+00,-1.571501902622831182e+00,-1.172063344907161353e+00
1.874372898081730909e-01,-4.901785710829997811e-03,-4.123020652905928785e-03,-8.169321374464043606e-01,1.384049725015447097e-01,1.572213852123467648e+00
3.131274980231735228e-01,-2.789478440312009866e-02,1.113752073716978153e-02,-7.274661699446388630e-01,-4.402647078532980096e+00,4.890088242773312999e+00
2.115978443028874167e-01,-1.430882478233908017e-02,6.718686665475892550e-02,6.443110184562339526e-01,1.206768783168919779e+00,2.210824869989301167e+00
3.259203101619716492e-01,-2.470142804122588132e-02,-4.946301948074827148e-02,5.845784595825984642e-01,4.028577080299688973e-01,-3.323706873330302680e-01
2.197203808549605952e-01,-1.607572278889346507e-02,4.387188908994349434e-02,7.175828886540001061e-01,7.281073989174317862e-02,-1.112423913984749824e+00
2.956984269912483754e-01,-8.246732637860176851e-02,-5.881168378436951727e-02,1.870266914171804795e-01,5.018913736611961829e-01,-2.839519240072078343e+00
1.736080473138992275e-01,-5.591809655635415766e-02,2.637860592141805238e-02,-2.546098260931057844e+00,-3.479096507286675077e+00,-4.615917776851854448e+00
1.908732478558707868e-01,-1.458810320354197998e-01,4.858583885873729580e-02,4.094649585711239159e-01,2.287692695363840567e+00,-1.824409090598152261e+01
5.541406395853076816e-02,-5.746918878826434707e-02,-1.798095489342993458e-02,4.102750270915448638e+00,-1.310198787878659621e+00,-1.615444035890505958e+01
1.704795411228499091e-01,-5.974745061620123643e-02,2.999438771406570670e-03,-4.079405407086497681e-01,3.073697259009144034e+00,-1.316344836184949152e+01
1.450944713017490173e-01,8.448247424687194140e-03,-1.137861779682225460e-02,-2.481270059483558388e+00,-1.384157484826872953e+00,3.141447474931740036e+00
2.518002373798386984e-01,4.489144319771398717e-02,-1.149544471777619314e-02,5.042110648730801364e-02,2.564302193039981859e+00,1.351487356533140449e+01
1.731364562689110542e-01,5.317572581126472908e-02,-7.806416735456012113e-03,-9.039446074681602994e-01,-2.949828048760285704e-01,6.775571098115849011e+00
2.354474776798491931e-01,6.202636637206682124e-02,9.315204078841010649e-02,7.448732604304402205e-01,-2.021341369343979455e+00,8.088431333913653987e+00
1.825600018960571447e-01,4.003350942221350905e-02,4.695198992231142121e-03,-1.455859085787834184e+00,1.724485088177168723e+00,7.391359666346417612e+00
2.872827994278939201e-01,1.575819493437879970e-03,4.909636583516718833e-02,-1.857706463189944257e+00,-4.505617253067187633e+00,8.763857655620382658e+00
1.792674721904052859e-01,-3.828305230643547219e-02,3.892652402417956514e-03,1.931942067639737637e+00,8.631369823289402055e-01,3.862200608330343066e+00
2.699681493356056450e-01,-2.746146637522883793e-02,2.465928845282061577e-02,6.203200270039823661e-01,9.089742696327102189e-02,-3.612118071791562635e+00
1.991709284695253324e-01,7.495495285172903976e-03,1.468873895183842038e-02,2.154553235002763856e+00,-1.032391381323315427e+00,-4.638647245927894680e+00
2.554745627634971150e-01,-1.034456009997120063e-02,1.587171602328363296e-02,2.626551072014539634e-01,1.968039703797446638e+00,-5.223986934759064837e+00
1.843320505654046926e-01,-3.401572201540714602e-02,5.691622131717255506e-03,2.041384396361434206e-01,-2.665128061690157590e+00,-4.346084620969303813e+00
2.141832613089986737e-01,-1.041316620856544972e-01,9.453601988631543662e-03,-2.085111702589865779e+00,1.269998446586704244e+00,-1.162979852498077271e+01
1.524511744825147730e-01,-8.547810250616727501e-02,2.148851897869485938e-02,8.547562740932095338e-01,-1.636828499354378685e+00,-1.418891796956517481e+01
2.295011691994561787e-01,-5.900910684956273133e-02,-1.229010451549983340e-02,1.485538880156404229e+00,6.253977248451308979e-01,-2.085423678717740614e+01
1.486597030951601894e-01,4.283570005952141990e-03,-1.291678335711943237e-02,2.227984018011325631e-02,1.210706878813300857e+00,-7.738546840787886794e+00
2.724693684575130170e-01,-3.585245240382639587e-02,6.995407060161717983e-02,-8.906571002939240866e-01,-1.096391418994378419e+00,-1.733186600992441262e+00
1.629536627836394302e-01,-7.030030439180623425e-02,1.347005566960984835e-02,-8.426570772315240543e-01,1.988940602868479512e+00,-2.771904295335716473e+00
3.429037345689156524e-01,-1.127094855768659976e-01,2.065598988359695909e-02,3.202663537156147933e-01,-2.348110694909508300e+00,-1.007068810859038699e+01
1.681674061601903247e-01,3.121163207876698209e-03,2.429349892350485263e-02,1.543246083007268621e-01,5.610368555529543499e-01,-5.981417847187976422e-01
3.915900100272358131e-01,1.891364701842723761e-02,5.227685701321907463e-02,6.668746424644481641e-01,-5.191507178864148031e+00,5.273093264506441002e+00
1.880673882038745859e-01,-5.303990546825509966e-04,7.681175160897838611e-03,-4.757889503255876562e-01,2.157641405709660898e+00,2.016073140153082921e+00
2.739419801425433398e-01,-3.376934911956119834e-02,-3.452513088298835020e-02,-1.401673406901608576e+00,2.162812410743927050e+00,-4.547138708253569916e+00
2.651882747473919277e-01,3.007576296458003284e-02,5.291963756817955056e-02,8.263226468975456429e-01,1.727595277700544774e+00,-4.525867301121804687e+00
2.765029310684909980e-01,2.385461502864671957e-03,-2.513233890877450416e-02,3.055340245763973894e-01,-1.098110489744350549e+00,2.017047056898584767e+00
1.828377765254819431e-01,2.234594660364130903e-03,5.267770054718440287e-02,-4.008309726743797818e-01,-1.357606623593040407e+00,3.637438909711703694e+00
2.653236225588033736e-01,1.337939696087087071e-02,1.242508653784682449e-02,-2.290797264521690302e+00,1.627319005643292682e+00,-2.046936044921231712e+00
2.385008725910230387e-01,-5.779595870676468294e-02,3.755757604439660668e-02,2.941546399670752709e+00,-1.324325977206683769e+00,-6.751703580633501289e+00
2.587770451089491663e-01,-2.670952837917450751e-02,-1.389405739853238897e-02,1.392774392703567399e+00,1.551695023561253883e+00,4.753495347528096659e-01
2.000839787565085182e-01,-3.686869049310592672e-02,-3.308160864268964302e-02,-9.877495294168223139e-02,-3.198908011792807926e+00,1.627896587486425295e+00
2.322346670780625066e-01,4.314305977435051176e-02,8.058654165663560465e-02,-5.299834254360789032e-01,3.479237022008729419e+00,4.202671368485174086e-01
1.582414732475055374e-01,-2.756930672830559814e-02,-2.954454112028264898e-02,1.884351590035910906e-01,3.041638842061686679e-02,-5.054729991250133558e+00
3.196373905197855692e-01,-6.395883843085936604e-02,3.401794314496385530e-02,3.888244468609921789e+00,1.748488017025166541e-01,-8.966773529071472737e+00
1.813925342994613388e-01,-1.512960236750560128e-02,-1.645718298642628863e-03,-6.127768205534862567e-01,-9.364819945515239219e-01,-8.906736212105750283e-01
2.848166883965517204e-01,6.559964041940702373e-03,6.589100269948033883e-02,-3.046478099311330734e+00,-2.520736013597283165e+00,3.250158676695520388e+00
1.850415191708891793e-01,5.857374541871074314e-03,5.288416221845924220e-03,-7.175483275075570377e-01,1.610368008771728032e+00,-1.166813955498240130e-01
3.477749476958935659e-01,5.000247455974404787e-02,3.830958238209494771e-02,1.418514634636423466e+00,-2.147915055402421558e+00,-4.479471996918414689e+00
1.738033547957051894e-01,6.746936192758923312e-02,-9.676404727886351448e-04,4.444801698554668445e-01,2.379810609435919044e+00,3.774632189396005533e+00
2.918225892125021481e-01,6.944920402163257123e-02,-1.502020070377144134e-02,-1.866515351647417775e+00,-3.931968270431841272e+00,9.436803744759044932e+00
1.928015286023714303e-01,6.145237574277651049e-04,2.364446209167077317e-02,6.610251916873502998e-01,1.598791530994264187e+00,5.376449768867998635e+00
2.769189717618147917e-01,-2.580474863993398316e-02,-1.458820432764952602e-02,-6.243006475426620128e-01,1.204452656109804343e+00,-1.665989037825165386e+00
2.412035106973973164e-01,2.886760365333040923e-02,4.946373249177074549e-02,2.029798112709735314e+00,-1.455692831696743461e+00,-1.671505271809249349e+00
2.089516836933396071e-01,1.195484373340205408e-01,-1.465532310791244075e-02,-1.563696974757041502e+00,3.447341001514410697e-01,9.224535870335953902e+00
1.809298382720672116e-01,4.833133296781655375e-02,7.682491859896863062e-02,-1.304149133433977648e+00,-4.762306285592587507e+00,8.955424953013054079e+00
2.499710123186353883e-01,6.854737385043785380e-02,-3.015175356079413671e-02,4.181890938832986682e-01,3.026479771566783494e+00,1.333119272184070780e+01
1.530921005349648034e-01,4.524187696434944783e-02,4.635431045612897760e-03,-1.271682875636419130e+00,1.313347901092529968e+00,6.186212498701315177e+00
2.428985694580871879e-01,9.633960254954132552e-02,-6.107598040382578031e-03,4.693992773681527897e-01,-3.239666318751143859e+00,1.023470638576321434e+01
1.604022437055345751e-01,7.657813923497336361e-02,-1.658275409949511170e-02,1.682609694006359069e+00,1.696358264591085296e+00,1.114806265355559489e+01
2.766678671709506543e-01,8.509493518961441794e-02,-1.678121670654703079e-03,-1.227847018773802867e+00,-2.534973954041282340e+00,1.724616025211579640e+01
2.755512320066745846e-01,3.190312323572275233e-02,2.435456826525883578e-02,4.930058084193911783e-01,2.812662464280994090e+00,1.333188120182291669e+01
2.644049562955943511e-01,8.449946178626710491e-03,-2.586937513927142773e-02,-2.300192136555926581e+00,3.356720643680442540e-01,2.568560382240449247e+00
2.597997652819157288e-01,4.934482303844056617e-02,2.325828406061647424e-02,2.854073715930619759e+00,1.229589067218443965e+00,4.218282742185577305e+00
2.741938380900690309e-01,8.182311734557456973e-02,6.152791587700665032e-02,-1.564949960426987197e+00,-3.657111291553092780e+00,1.285606922824454124e+01
1.892523427150478721e-01,-1.181300181633648805e-03,-3.175523229565342664e-02,-8.137623534294855521e-01,-8.447382920368505799e-01,8.876753273912983744e+00
3.420588250851059886e-01,2.967834273342928597e-02,1.961120993435733206e-02,-1.720257646621413894e+00,1.848357557178580191e+00,6.721925979393384765e+00
1.751294214567320484e-01,3.932559654120559856e-02,5.026609558280048518e-03,8.363835987137406836e-01,-3.028742954802405851e+00,1.681930120706699672e+00
3.685702374696075978e-01,1.539691261600970584e-01,3.284713004158032468e-02,1.103369851256291945e+00,1.889254930487116457e+00,1.256264348397979447e+01
2.085692120400484129e-01,3.756574561140402224e-02,1.380943114110395886e-02,-1.523874896442529048e+00,-2.202782463692629200e+00,9.887365223936264158e+00
3.400516850685368908e-01,7.903341671092212195e-02,6.050542037343675794e-03,-1.330339543387160983e+00,1.285858218517678786e+00,1.342979495618223851e+01
2.409993692462744086e-01,1.817031149604408924e-03,3.449751783023702334e-03,-8.053776027014015737e-01,-2.390124539507683110e+00,2.633443589079922820e+00
3.984309711858189385e-01,2.830254861730208127e-02,2.022239021435363882e-02,4.874002812279219832e+00,9.437804791267037086e-01,8.997975639823629024e+00
2.668596822081765740e-01,4.536855717793186749e-02,4.682802445553989334e-03,-1.407928636888371443e+00,6.267526120717255289e-02,1.167920471285733619e+01
3.987341794322241117e-01,5.257607430479976918e-02,-6.231894534063375790e-02,-2.152446020815433680e+00,-8.698568959027844216e-02,-1.289725265054478598e+00
2.496852377687164282e-01,-7.696548509906087077e-03,5.677471486369030373e-02,2.716501528951567934e+00,1.026981265299728330e+00,-8.664684398537711996e-01
2.317245235146764282e-01,4.071701811532324466e-03,-5.149208895215171694e-02,1.069791725417853945e+00,1.826544217342203347e-02,3.946127600194853091e+00
2.654293084974405081e-01,-1.423143019936412568e-02,1.456732519526653113e-02,-1.888289080468482928e-01,-6.558854419643417311e-01,2.335550797634617481e+00
1.996219018183217897e-01,2.307526025379208479e-02,-2.549568678752306417e-04,8.021114509175691909e-01,1.367183304917967801e+00,-2.867550675467555710e+00
2.477472080028460533e-01,-1.273090529365722423e-02,5.160682003577124477e-02,5.233181070194532492e-01,1.811707979755997178e+00,-2.645218999469602927e+00
3.103961041326972481e-01,-3.368314699377361610e-02,2.220179705631411538e-02,-3.801557308010275804e+00,-3.992552219602981900e+00,2.182875027322407568e+00
1.943421763113526435e-01,-5.990671364578259439e-03,-1.451573951890486325e-02,1.069936536288449425e+00,7.277297241144322637e-01,7.352444687842887738e+00
1.933118839399881050e-01,3.689361657817352702e-02,2.350451392210589283e-02,-1.932433915718187345e+00,4.836716762065172426e-01,-2.719380640369122304e+00
1.636363823198208056e-01,-5.110460683788076164e-02,1.813629865235911673e-02,2.323790524845402050e+00,2.930783176355114872e+00,-1.482081282937572464e+00
8.156677745565854565e-02,-2.347824289461697411e-02,2.791220065598835898e-03,2.704381984890898427e-01,-1.069903557777223124e+00,3.877080043332602255e+00
8.479237284618190706e-03,-1.641303078711187080e-03,-1.949948024623507359e-02,2.413565435694816907e-01,6.357557173383251437e-01,5.987548675137656096e-01
1.534211637851323751e-02,-3.407097107079481990e-03,-1.293069177374265612e-02,-1.010493373163838360e+00,-1.118378683210383973e-01,-8.895695961550295072e-01
5.925045078657653619e-03,1.092692345051776703e-02,2.662142778979395552e-02,-1.842780518303612114e+00,2.545749178925047485e+00,-4.017924844250799210e-01
5.294838446324945380e-03,-8.780040275738532074e-03,-4.797021244837992859e-02,1.224185300391698039e+00,-9.072478662289950452e-03,-2.257599148718954396e+00
2.200790263606755559e-05,-3.233922704674985216e-03,2.180060876586280977e-02,2.021679354342754920e+00,-5.783081017042894789e-01,4.580758292982581303e-01
6.645368684366159684e-03,2.126766323345474774e-02,-5.803765854547841135e-03,-5.608476430411489799e-01,1.345691739422810285e+00,1.016640862551794866e+00
1.482887686560241391e-03,5.514191040006610756e-03,1.788427737512886251e-03,-8.187768122230315582e-01,-5.014157880969019043e-01,-8.948044370634102851e-01
7.565108964602051955e-03,-3.449855412900326712e-04,-1.619355981097947428e-02,-7.298369616596560305e-02,3.606241237576283676e-01,-2.275424778735345210e+00
-1.445342930047555097e-02,1.755877617176909711e-02,2.760503922841887198e-02,-1.690564130177266700e+00,-1.693535099579545289e+00,2.111629925138239994e+00
4.102464536502647974e-03,4.868119607784243685e-02,1.326818905333868384e-02,-1.198655837095274457e+00,-3.608831935514028366e+00,4.177967535661139209e+00
1.308681468353145583e-02,6.294825744033172299e-03,2.477101696863281272e-03,1.662851311306851043e+00,1.521526970429226910e+00,1.248897699521886340e+00
-7.014621386423058880e-04,1.702647893309905403e-02,5.298562968492789155e-03,-1.089569899108419060e+00,8.170515012888758255e-01,5.505044237238779781e-01
-8.634340555817132667e-03,-1.423823288692049882e-02,3.882977035231962443e-03,-7.204589062156454560e-01,-1.128860330714455129e+00,-1.730491345552115812e+00
-4.899511017881374997e-02,-4.158046537472359638e-02,8.608190695220858252e-03,1.258974630543610473e+00,7.978290763850266476e-01,-4.464596887309777884e+00
-8.088870215130938846e-03,-2.256861883548988423e-02,1.593419959135985650e-02,1.607750441717560097e+00,-7.529484468904937278e-02,-2.505270009725899527e+00
4.591076132580917957e-03,8.242106217945244229e-03,-1.662849974892083652e-02,-1.761617704508813498e+00,7.918124322461198572e-01,-9.966386268989821939e-01
2.226726931867006876e-02,3.039248711225184252e-02,1.041917533490869380e-03,-1.105517269602573682e+00,5.564735241662920329e-01,5.890489637639020337e-01
-4.761788055289817301e-03,2.777557009911318930e-02,4.850386998080359613e-03,4.815316442424841803e+00,-9.941928014855001550e-01,4.761980502367352486e+00
-3.982398917759755186e-02,-1.833474120395262030e-02,1.445284591763940779e-02,2.145098242358624285e-01,-7.325032904826530578e-01,-2.453039738313452123e+00
-2.439502243994340347e-02,3.196694453658832646e-03,1.264602088347924896e-02,2.080875378251266783e-01,-2.788923504996530411e+00,-3.761101440237103244e+00
-1.035753639428582673e-02,-3.575985739570525235e-02,-2.521763936259211261e-02,3.388789665209926971e-01,-2.247362822319756148e+00,-9.108838902876719157e-01
3.263174931385171007e-03,3.795304705192584227e-02,-1.998275998088165986e-02,-4.185891950130741890e+00,-9.450235143476705124e-01,-5.157058030656020975e-01
-3.208267643966045135e-02,-1.257453920167991845e-02,-3.548381406243111824e-03,3.229126372595324757e+00,-1.864720319398996962e+00,2.923545762137601312e+00
1.779363358643459847e-02,-1.480234781740519256e-02,3.164300928478411962e-02,-4.728937770501275700e-02,-1.158473814580949918e-01,-1.894311056325423737e+00
2.606312457451187559e-02,1.667504956353094148e-03,-2.020604039283741687e-02,-3.693805286056686565e+00,2.953351527454954439e+00,1.319861855947265461e+00
1.626717328317850431e-02,7.279621127612212472e-03,-2.140917062843575996e-02,-2.956981936201251049e+00,-6.291593399165099076e-02,4.371019807863078532e-01
-9.799483360881655614e-03,1.111572672918281768e-03,1.899931509340267721e-02,1.220828379359409688e+00,-2.399570338901237665e-01,1.808967146204166321e+00
-1.782162596709668811e-02,6.148712351850604829e-03,7.270017903712754082e-03,9.128071212361458242e-01,3.185889865732602355e-01,-6.251757642508440904e-01
6.859011634150258274e-03,1.069471572664099090e-02,-1.394601728691834824e-02,-1.252683994052534944e+00,1.410173124758759989e-03,4.667523841814820718e-01
1.020528453781022193e-02,2.374372926269907591e-03,-7.022484216390970091e-03,-4.297059739270126522e-01,9.270844854707892546e-01,4.282889129646339499e-01
-3.131625475691235394e-03,-1.758298227740373587e-03,8.889693195954888327e-03,8.425985269872592331e-01,-9.704667716699797442e-01,-1.064857861694354230e-01
-5.746891160043343660e-03,-1.315502409859264921e-02,-6.731756985905570922e-03,1.565810507423606390e+00,1.941611650317434934e-01,1.721995006743879397e-01
8.148305911952702374e-03,2.726990696688874616e-02,1.357698310635280931e-02,7.011654268253717515e-01,-6.169411435040782488e-01,8.382881031951227024e-01
-1.137605079632786342e-03,5.990123228428678726e-03,7.084276737258400625e-03,4.651373083854202228e-01,-3.291569348695876362e-01,-4.602299870635750967e-01
1.937937036310399819e-03,-3.158488544216020433e-03,-6.109492819128835295e-03,3.255626897381431323e-02,2.483517303496909356e+00,7.559568795392560547e-01
-1.163371965075243875e-02,1.642412987511887579e-02,-2.171021826682886791e-02,-3.093150826507985451e-01,-1.998100758363101637e+00,1.166254924138046656e+00
-8.795415596939415437e-04,2.918794315465378375e-03,1.663012385486725697e-02,1.973837054377466593e+00,-9.412199665881955113e-01,5.628819921614145599e-02
2.811919706149468290e-03,1.126668250867690624e-02,-1.030713559089395381e-03,-1.504796825890974521e+00,1.605326357573948259e+00,-2.287071200912165481e-01
-2.348571880871896944e-03,8.239734806830822933e-05,-7.558336574236074190e-03,-1.169792694706337094e-01,-1.813146971071148417e-01,2.428607071405739642e-02
8.509163968160704528e-03,2.283856346086132749e-03,-4.248479196827220639e-03,2.661090337134218720e-01,1.057309391727385472e+00,-3.351817543986783665e-01
-7.676300078555131634e-04,4.265972638551218665e-03,-9.743541082354208183e-03,-5.303566943948467838e-01,4.267914359307448668e-01,-5.427288591646387689e-02
-7.304412802114468306e-03,-7.859426688201942568e-03,1.572031474475372309e-02,-1.261148871767099999e+00,-9.797531575209356136e-01,-5.359078716041056900e-01
