5.144793851417159281e-02,1.983973177108283928e-02,-5.987266457522042590e-03,-6.389496635673486136e-01,1.581553128037109512e-01,2.620621344365469341e+00
8.995375397265155393e-02,-2.278805813975268851e-02,-3.811593085768458233e-02,-7.062272762217648436e-01,2.324222881125434181e+00,3.769934201125884066e+00
8.203920872066891579e-02,-2.586344358366499813e-02,1.024339804092969444e-02,1.799294650573509236e+00,6.618700253700976477e-01,-1.253647926525172651e-01
2.014404143369228350e-01,3.264479390884545557e-02,3.004072607044839735e-02,-2.869124542613963325e-01,-1.129521382877310076e+00,-4.699982233130823417e+00
2.655497742220587765e-01,6.011946187298633504e-02,-5.934019649595119461e-03,4.722673877160971645e-01,3.401318038964052271e+00,-1.775467963047058673e+00
2.011531989439478973e-01,-1.383093251352608688e-02,6.035475800424143500e-02,1.723238428435876768e-01,-2.522443147810939035e+00,-1.390892057177875785e+00
3.450418364099472335e-01,2.625881271514218795e-02,4.268502837493817759e-02,-6.743287631391593484e-01,-1.726100012852161747e+00,9.076306346048006457e-01
3.215614630408112351e-01,2.364104221161195118e-02,3.128508894086710901e-02,3.401326969992665372e+00,6.889579166270123345e-01,-6.785363851739719676e-01
2.234608582895489803e-01,3.315138178414017700e-02,3.100384268797055920e-02,3.923874510808044724e-01,1.242969472245970403e-01,-3.570817398935643538e+00
3.328568953095809579e-01,5.228178972966318616e-02,5.940590616174440397e-03,2.110445641790648086e+00,1.810511741635518312e+00,-2.815207037367995824e+00
2.432279358226017152e-01,3.918775393483736602e-02,2.928543311688533435e-02,-2.187574425124413580e+00,-2.640528234117196504e+00,6.748485009306917082e-01
3.684567464170731554e-01,6.674372579173698528e-02,4.809735676540832783e-02,-5.495264571212158389e-01,1.060023530918625223e+00,6.893650928406473533e+00
2.279283986928049011e-01,4.112671524676891899e-02,5.269767800183372541e-03,1.452046828537338685e+00,-1.442727499550442216e+00,1.589651967311396019e+00
3.337104877522092394e-01,4.203323678753850823e-02,6.393456034594555137e-02,-1.407954083608757623e+00,7.334523578683749268e-01,-3.045805793317116983e+00
2.376464746360142932e-01,-6.309996941999074238e-03,-5.435568025211992560e-02,-8.700453228355107260e-01,-1.328452492791082795e+00,7.606963939256070617e-01
3.784720081327983543e-01,3.485736459854282820e-02,8.232235076452348865e-02,-4.957111623201997830e+00,-2.808497268593750817e+00,6.075726008234637376e+00
2.476004640104179089e-01,-7.382908902951068608e-03,5.886779683878171077e-04,1.565994060669417376e+00,1.728527818422953777e+00,2.271592855318441018e+00
3.753621693198025966e-01,-4.943479751889690021e-03,9.685416667651242095e-03,2.079102690751439830e+00,-1.811695726569875653e+00,-3.623710579371463236e+00
2.418012735900285648e-01,1.367817474606049244e-03,4.307548091023846726e-02,5.494531635306733053e-01,1.641090629312751625e+00,-2.099026798771717051e+00
3.695770440817192082e-01,-3.827967055552836118e-02,-3.617331139205970381e-02,-8.812027054924064240e-01,-4.040010249189346925e-01,5.477405237012132888e-01
2.531009522136438150e-01,1.471552618328492157e-02,7.113366258870548742e-02,-1.994701086870068543e-02,1.313130453609264503e+00,2.647798078648231357e+00
3.592362458809379433e-01,1.532361283298323829e-02,-4.572030431655699223e-02,3.543226749422001109e+00,3.905737907921186469e+00,-4.571219497169691226e-01
2.172760505931234931e-01,-4.917195489422345606e-03,4.324396388353934917e-02,3.457352708569960242e+00,-9.933247455927114444e-01,-2.226030424775487848e+00
3.059262258111896671e-01,1.473695690741311237e-02,6.871821972372160747e-02,-4.259003051061917233e+00,-9.879002669724011865e-01,-5.365595306963738764e+00
3.536242443179604678e-01,2.223989948579574438e-02,2.663872714698956035e-02,-1.281513455986089012e+00,-2.912922630945845803e+00,5.440694444938693586e+00
2.454475995245370967e-01,1.458103468486454668e-02,5.739787475307234210e-02,-8.617176872211379512e-01,1.946614919265215571e+00,8.107963844343475390e-01
3.458383226632184559e-01,1.869405719555242151e-02,-4.867297360622491187e-02,-6.304336615659934528e-01,-1.736854395995432565e+00,-1.087379602021341318e+00
2.267779401251912574e-01,2.218948065059661579e-02,9.172375332194848685e-02,7.797169963252037483e-01,1.418437008843095537e+00,-2.697501078209539327e-01
3.415875036463784653e-01,-9.709304236219462592e-03,-6.905399570784642727e-02,-2.713316621103235793e+00,-1.788471814529944970e+00,-1.324484735990748785e+00
2.557387007616815922e-01,-3.461361974981158607e-02,1.198405786990135447e-01,-9.719096216153484402e-01,-1.832296393516308797e+00,2.783454035625317236e+00
3.648052005631203798e-01,4.240259143671575720e-02,5.524411270288548392e-03,2.151536067192143964e+00,1.136217851531530654e+00,1.618574335140756215e+00
2.357869300618933295e-01,4.339957215797965451e-02,-8.028985846702529905e-03,1.215179358980327251e-01,-2.796413153574305310e-01,-2.001920408567087861e+00
3.341818869224812971e-01,-1.824666449107775756e-02,6.041925911508511104e-02,2.006813678071943219e+00,3.222764011466670464e+00,-2.777952546109718757e+00
3.517423942162505313e-01,-1.358078861748590604e-02,-4.359398917092938142e-02,-1.175993152397534658e+00,-3.270799661276531101e+00,1.636154785248059351e+00
2.559709195291279826e-01,-1.655449983391232838e-03,1.143305288938101794e-01,-3.419067836631803914e-01,5.755177384856918765e-01,1.661735287701419539e+00
3.376054778708823534e-01,1.841131754800545695e-02,-4.891204435509166615e-02,-3.488143981584453379e-01,3.036619431208692488e-01,5.497682051374197520e-02
2.230820156455646242e-01,7.064730887352405064e-03,6.810126148008044389e-02,-1.711636375998076276e-01,1.893867062519603295e-01,-1.826880265999666353e+00
3.510243778303312467e-01,-1.199547901211189815e-02,9.024517468399273490e-03,2.309001459331700701e-01,6.111227676282524612e-01,4.556276686115628416e-01
2.443089827893434318e-01,-3.018418250715526607e-03,3.199307178663080009e-02,-1.618845838540626358e+00,-3.070163749155418120e+00,2.373251898799273008e+00
3.653657643237639974e-01,-1.246631693108971040e-02,-8.900237913365277587e-03,-6.337059749237987649e-01,9.679304382762455861e-01,2.031846376593833270e+00
2.457313232448381513e-01,-7.624040089138617304e-02,9.180428007343865993e-03,1.249109839077372275e+00,7.875042695723820652e-01,2.991875910528120075e-01
3.134569460654610396e-01,2.251873921937430634e-02,1.055853680000606865e-02,3.188028993251970977e+00,8.217837861295929081e-01,-3.247982190605422925e+00
2.543948004278675512e-01,9.033582711776304633e-03,-2.522249475413229636e-02,1.650962816108353381e+00,1.220544627005073934e+00,-8.309738168709679407e-01
3.781118008371020522e-01,-4.091903116000827900e-03,7.051792005322199408e-02,3.296998781632892173e-01,1.409436197348433062e+00,-9.189986485520197368e-01
2.279860477171684607e-01,3.837853161649101841e-02,5.642365817710692788e-02,-4.175032165193457878e+00,-4.979220096651237881e-01,-1.290344222703031285e+00
3.456157326889712778e-01,2.279370062468188962e-02,3.937813932189282440e-02,1.305544359435523605e+00,-2.734505424401976192e+00,1.521922852829937556e+00
2.274232502527997468e-01,-7.227640211783736834e-03,-1.114150697421989467e-02,7.553648586357294414e-01,1.629352701973234341e+00,-1.873768637094449963e+00
3.749188813625838890e-01,4.800446058412211059e-02,3.484395479886170932e-02,-1.747213666976694446e+00,-2.763170258911819666e+00,-9.796369921184086005e-01
2.551732445669845362e-01,1.698644186474951301e-02,1.766305739505658057e-02,3.629228122277463608e-01,1.977336351031075967e+00,2.167687619482647765e+00
3.609732219645032103e-01,-9.655919236947752005e-03,6.882173480974485003e-02,-7.579407851254713613e-01,-2.006253684577920193e+00,-3.728813515202074602e-01
2.274813984280772416e-01,3.308917401775279821e-02,-4.891263928387545867e-02,2.825882266222053962e-01,3.731856398844773381e-01,-1.601881505098428526e+00
3.571827111560228474e-01,7.273707327154155244e-03,4.268730731567338399e-02,6.125197127125555641e-01,1.619980397359350288e+00,-1.490708037064680802e+00
3.674143936945739597e-01,3.965154968314821282e-02,3.212875274982662788e-02,-2.706516311181129897e+00,-3.035532078065510397e+00,9.231374929688683506e-02
2.427523140203309282e-01,-1.888186248151879632e-02,1.687452881089790413e-03,8.276713082186277770e-01,1.232224634175536293e+00,5.134773375091067349e-01
3.491930605971145241e-01,1.164222550642746157e-03,4.546427618034143414e-02,1.061438446977244210e+00,9.844404991175872421e-01,-2.808670421311275867e+00
2.296486968310951227e-01,6.404685724927139390e-03,8.524202579016870729e-03,3.308199748119029060e+00,1.064689205837780150e+00,-1.345699016883365573e+00
3.605701364928002306e-01,2.034639097144630426e-02,4.028354858756211243e-02,7.358591083154861767e-01,-2.960508810159746762e+00,2.810287697500007398e-01
2.553207639541597018e-01,4.993277744567148346e-02,-1.695491965691364733e-02,-1.034785522570922378e+00,6.364607842980672947e-01,1.058783772924399402e+00
3.678625673090998305e-01,3.364464405553579951e-02,-1.408844465761216469e-02,-1.539933540484707430e+00,2.316801922951723103e-01,1.683846128882241500e+00
2.376604611130126443e-01,1.446527063836566818e-02,6.178929266362109818e-02,4.404750466341114112e-01,-8.243261504596690603e-01,-6.106638444054954817e-01
3.735267427823991682e-01,4.583964906106530179e-02,-9.183512561159568044e-03,5.555001623804284305e-01,1.707484496604278590e+00,-4.803584249764761838e-01
2.620586715535253575e-01,1.857353697619767985e-02,5.327170467800401710e-04,-9.561649707934521958e-01,-2.453656585488581676e+00,1.371533623546737690e+00
3.645246981132927999e-01,2.688583388629695037e-02,5.969312660764169998e-03,-6.645543107209327394e-01,3.284563123173437127e+00,1.525816879437123408e+00
2.585416813075447351e-01,4.116293449621477585e-02,-2.608401820472838750e-02,-1.278246325679161188e+00,-2.690835507779702152e+00,1.338987168422074714e-01
3.464714083637332465e-01,3.969166827404069231e-02,5.252123075692649579e-02,5.964800020795752999e+00,2.203243801704246607e+00,3.738963842757931477e+00
2.494966567216216902e-01,1.294371486379876368e-03,-2.480440794989435815e-02,8.161118374375337936e-01,1.815610624070518320e-01,4.052691060593190120e-02
4.060086651467145202e-01,2.965910205773379660e-03,8.832953746828953179e-02,-2.926492862688728991e+00,-1.372108967909380528e+00,-1.257549638179286777e+00
2.321551860369481801e-01,4.688617958459212476e-02,-2.010066610263117060e-02,-2.098677967822789814e+00,1.543958535877424820e+00,8.176218561556850561e-01
3.455667098556212125e-01,6.607869906292460072e-02,8.496487159023846658e-03,1.217371686718845991e+00,-1.339441934872979800e+00,-2.048204124729283926e+00
2.357240689723987259e-01,1.710469286655680321e-02,2.216280214940635762e-02,1.980342662663265640e+00,1.588601794110339194e+00,-1.371922447727800254e+00
3.810348973500232717e-01,5.179746144396979446e-03,2.608778479594797695e-02,-1.362803547369427326e+00,-4.786040225765816558e+00,-2.393914989776475544e+00
2.495762504575012031e-01,1.712734016647088353e-02,4.054459863651022067e-02,2.373048473777201739e-01,2.198072035368609622e+00,-1.028908772051643911e-01
3.197324206239606781e-01,3.698645409110090654e-02,-4.331137444090449318e-02,5.881931750594803221e-01,-3.214312106743180575e+00,-5.025428903722122698e+00
3.224158720021108593e-01,-1.163236735716388637e-03,4.417803071625647782e-02,8.475303430069642818e-01,1.737396156071125519e+00,-8.121932617888059980e+00
2.041073950187595187e-01,-1.611601743905843875e-03,-1.149640496565997039e-02,5.042006403154351002e-01,-2.356130733505447328e+00,-4.713411919522598303e+00
3.307132776168302257e-01,-6.813149438701948668e-02,5.492174967318541601e-02,1.707564474851487324e+00,-4.379853718167133203e-01,-1.281195248683539845e+01
2.010538767240888092e-01,-1.888731598009130153e-02,-1.423972720215571641e-02,-3.211736448705579394e-01,-2.031384862770937993e-01,-1.000455208840339516e+01
2.575750175506801298e-01,-2.841856423268396270e-03,1.640775544091566118e-02,1.884217992078658366e+00,-1.393115845613211556e+00,-1.729785929097070252e+01
2.540997801339539564e-01,-6.940350632494229899e-02,7.824599865906112228e-03,5.813755135923052153e-01,1.389792256712779617e+00,-1.187069015113517878e+01
1.983613770279957222e-01,-3.360303039946188619e-02,2.631090388773449362e-02,-9.226867213918896748e-01,-8.944434769731447743e-02,-3.823096841594302742e+00
3.266612385614982017e-01,-1.494455698395213972e-02,6.079093183563322178e-02,-2.518652335349979232e+00,4.865497240311688065e-01,-4.008481625036933060e+00
2.305848510118337913e-01,2.230326144135119648e-02,-2.034447874692146829e-02,9.170497282699341390e-01,-7.157582071077939201e-01,5.002679492191955957e-01
3.132171984886520377e-01,-3.514828470024866647e-02,1.157514227523468442e-01,2.077459172052338765e+00,1.292153830313455654e+00,-6.226538484893898051e+00
2.489234280476693151e-01,-4.096480936085455937e-02,-6.866484601354305717e-02,-1.594309906116775144e+00,-6.372273141132694940e-01,-3.465568028321296623e+00
3.717059341337842771e-01,-1.199854255057886121e-02,1.200099434947328181e-01,1.090528309983517241e+00,-2.883690644354571120e+00,2.098292008432993683e+00
2.498446619066396757e-01,9.730449727996415277e-03,2.077558106993970810e-02,-2.161746118923815629e+00,-4.074378517026214924e-02,7.164198420585013993e-01
3.892504632944264742e-01,2.472911355477336315e-02,2.020084781695019593e-03,-7.311195168283886048e-01,-2.503708188982193494e+00,2.380179340929628740e-01
2.482762097270709845e-01,-5.725978205578741154e-03,8.399711469321169410e-03,-5.429492731745881873e-01,2.663011698880307421e+00,-2.978714362713374975e+00
3.547804348847569678e-01,2.280220926961362693e-02,3.164083646344983958e-02,-3.345903658786529566e-02,-2.965374891666349821e+00,9.063046558068601488e-01
2.656337904973042896e-01,1.269525905148327638e-02,1.505794535083609942e-02,-1.046483506167149358e+00,1.746943478004092887e+00,1.750650474688637548e+00
3.919679320358713248e-01,1.174900894810804175e-02,1.179677227536071737e-02,1.656229673246208067e+00,-1.092481880204350109e+00,1.325935306401139213e+00
2.569882178978719622e-01,-4.112568945135564036e-03,-2.032451374450944259e-02,3.157186592354085608e+00,2.485071385331221183e+00,-2.210384713954888891e+00
3.452847452686134133e-01,1.516667509491753663e-03,1.126820844080680395e-01,1.158633075375464783e+00,-3.713659058035453375e-01,-3.164897939302963259e+00
3.567830554535094123e-01,5.433451547067136289e-02,-1.001472008393577973e-02,-3.512007782141316259e+00,-2.307178512684572969e+00,4.909406474253747432e-01
2.368053495945887654e-01,2.411752982184367511e-02,6.028129571960194610e-02,-5.962015032393150338e-02,6.725153761835545030e-01,3.948041996696000311e+00
3.913492449081026336e-01,-6.371807465626488920e-03,-5.357807861280627915e-02,3.518857276067308693e-01,-1.939175693509486154e-01,-6.187782738724391107e-01
2.299979103791063295e-01,2.138989139903912928e-02,4.848044071284585144e-02,1.475667011216704738e+00,2.778527774140025830e+00,-1.657255684894252401e-01
3.655576714246207004e-01,-7.322031729266598177e-03,-1.711773259635118727e-03,-2.145779216019415570e-01,-4.392025083369789584e+00,9.192122740231412070e-01
2.608808382114027324e-01,-1.560598072364882682e-02,4.756749923769554300e-02,-3.378583402328346974e+00,5.277395428526834298e-01,-1.710442514170460226e+00
3.699972158741955397e-01,2.245831636738060411e-02,2.463265464377621672e-02,-3.065240206644259668e-01,-1.701890206694999019e+00,4.356243208589087312e-01
2.226940687422906962e-01,5.290500739998549307e-02,-2.648639799876460060e-02,2.472569392542713906e-01,1.068261357847717585e+00,1.505480026908705415e-01
3.627769462644634402e-01,2.855018445920265435e-02,9.131312070841569872e-02,1.716109910830578622e+00,-1.474571173614766861e+00,2.275737501754486303e+00
2.481597774215167362e-01,-2.723840645353803325e-02,-7.502599860610903448e-02,-2.607941402289786215e+00,-3.626089356640955774e-01,2.961191456754062035e+00
3.634740436892975879e-01,-3.737948368551968770e-02,-5.177217924646773661e-03,1.428808369353437246e+00,3.439542086631837581e+00,1.107806518439896193e+00
2.437992264969821576e-01,-4.893896740187386740e-02,3.727083340053943816e-02,-2.858598459907309985e-01,-5.007057239412823213e-01,-8.418857203752944107e-01
3.562780918922676676e-01,-8.243878836857732040e-04,4.275925871433106096e-03,1.019676398348405622e+00,2.073126050109684204e+00,-4.218674775804516663e+00
2.511084834990402470e-01,-3.293902252762848093e-02,-2.786872913957202935e-02,-5.050665866852468433e-01,-2.005289871908443100e+00,3.913031415379545908e-01
3.543141612690750009e-01,-1.364336701794144346e-03,8.772773641268451217e-02,-3.037697811653280677e+00,-3.238162998100806433e-01,3.360747815145466610e+00
2.437120301473267858e-01,4.793081556130118770e-02,-4.269973155312212221e-02,4.959718074551312111e-02,3.353896013708574375e-01,6.935304333439626934e-01
3.348948708251189288e-01,4.014414966466972601e-02,7.139544100242090074e-02,2.027667994344114710e+00,-1.245727123573937112e+00,-2.163032719832982842e+00
2.309341279437600036e-01,2.000969747943059929e-03,1.407032613901421092e-02,2.081933017822584997e+00,2.296620897319171295e+00,-1.230285534616855525e+00
3.633954931589862269e-01,-1.078305836693260744e-02,1.103440161357873393e-02,1.203617080250080518e+00,-2.196768256020412036e+00,-1.249490222126158900e-01
2.481539239339412006e-01,1.705292229466692788e-03,1.555312330913072305e-02,-1.802630115615292405e+00,1.650509991472299820e+00,1.416268685154957963e+00
3.390818384056988322e-01,9.476543048512553469e-02,-4.645122576436171158e-02,9.215957127995995091e-01,-1.427062298521861505e+00,4.082370262630440894e-01
2.189667232889895843e-01,2.655874059745499949e-02,6.327512889338010593e-02,2.321683842798865083e+00,1.197132053516186900e+00,-4.765034861406525657e+00
3.412150996965248595e-01,-5.742100008774997377e-02,-7.631293333188660100e-02,1.042197608448335755e+00,7.760852010744383189e-02,-5.721638229588165814e+00
2.340155927134901503e-01,-2.735240340897959754e-02,6.476522597658829206e-02,1.810421041204770765e+00,-1.841719835765835978e+00,-2.774460469591084166e+00
3.111507449148414040e-01,4.651900606376102587e-03,5.543947331087828445e-02,8.303574117436898216e-01,3.989041782344834169e-02,-7.694931587391161898e+00
1.651603430296439967e-01,-1.093439955799979657e-02,-2.167811680569764476e-02,-4.560591510489125366e-01,-2.689128776890402861e+00,-9.110591804661817505e+00
2.527842766478304304e-01,-6.918342065686289288e-02,7.667573503844771210e-02,4.217804071445260483e+00,2.482802927737882026e+00,-1.551559327558329393e+01
2.670950454523381978e-01,-8.013763787738170663e-02,3.256989994797176990e-02,-1.986518801214136376e+00,-2.554153954053520970e+00,-1.267316872588452448e+01
2.609328652939169046e-01,-4.100710223734438387e-02,1.835752683609293001e-02,-2.834645150181383855e+00,-8.250619610185470076e-01,-6.061500637595799823e+00
3.071219332699239857e-01,-3.874137771854080370e-02,1.824369463552155679e-02,-3.984944820503271562e-02,-6.363034323497135381e-01,-5.422820834378017096e+00
1.987769896265945135e-01,-3.394209055170449574e-02,1.112470097663997848e-02,1.461348989873442472e-01,-1.667310027835891884e+00,-7.982600029906175898e+00
3.441187591282321989e-01,-8.074005831811348344e-02,-4.587080297351064928e-02,2.195970333749827308e+00,7.025040037789498371e-01,-6.197603508668689365e+00
2.482398269274348479e-01,-4.394444272644548732e-02,6.048411149749188809e-03,-7.132656019944364489e-01,-2.524984766023817606e+00,-2.007003984024102294e+00
3.400769416119722166e-01,-3.131275147275935922e-02,8.309239712701343983e-02,1.894564518635939721e-01,3.440106730743229591e+00,-5.514291403111230006e-01
2.424432554009285923e-01,5.114175148850819141e-03,-4.860256040345056761e-02,2.700830923592868249e+00,-6.783405764947797456e-01,-4.012396150681640239e-01
3.162109594127855416e-01,-1.349538034027375488e-02,8.456446125974581562e-02,2.033959116862129324e-01,3.785873149965025553e-01,-5.482333074518443539e+00
2.418907166963428779e-01,-3.581796698096439968e-03,-2.596448243984239568e-02,2.716812182920507746e-01,2.159455180372690020e+00,5.115494818199882721e-01
3.796300384220536728e-01,-2.983964701960672983e-02,8.615084064233347050e-02,-2.010291894000286739e+00,-5.773592252044569273e-01,2.231900857339360389e+00
2.776045827341562244e-01,-5.236800382032669177e-03,5.448750660273571356e-02,8.052515779188782474e-01,4.910472796835457232e-01,2.144190070525035630e+00
3.647051196434709652e-01,-4.706371144229137826e-02,3.605064953693926100e-02,-1.196071194898254531e+00,-3.147345686499901873e+00,-2.216846630485587610e+00
2.266602556732202345e-01,-7.892800303793023886e-03,9.415073211139990406e-03,-1.036716977389759542e+00,1.411704764530592460e+00,-1.280129978764614540e+00
3.721163540558372063e-01,-1.523740422811492579e-02,-1.043348454046499896e-02,-1.176822715210713577e+00,-3.401451170027496307e+00,2.301260787941855845e+00
2.590650364215960622e-01,-1.697455662219837791e-02,3.116542622498763571e-02,-4.811890152669913712e-01,1.899350680150558579e-01,3.067023767868101825e+00
3.531398365259104111e-01,-4.640186938052082155e-02,1.457265484969338942e-02,5.718739214699644080e-01,-2.983712200691190919e-01,-1.239031979306524534e+00
2.282334502178251512e-01,-2.104102861789058920e-02,-4.639354815382912278e-03,8.669337679338282587e-01,5.505467404461807934e-01,-3.046293518731614025e+00
3.509334399916035352e-01,-4.157011008298461263e-02,2.338293693228044035e-02,1.016665526023886157e+00,1.405000680511823141e+00,-2.274715576255436300e+00
2.415129585847530791e-01,-3.389773225352321617e-02,2.504202591264714783e-03,-9.808630167321048532e-01,-1.802698199331137952e+00,1.161884615299786372e-01
3.649518343955993060e-01,-3.644309157768610419e-02,2.577989651991474673e-02,8.173773806048992840e-01,1.958900483520341185e+00,9.439004784310129903e-01
2.384051509800535484e-01,-3.797311125664926124e-02,2.440457085728420239e-02,1.618976002651757895e+00,-1.449655618635928844e+00,-5.146887026140007926e-01
3.349480968834441796e-01,-1.289695694626047384e-02,7.163463979856121711e-03,2.726040398670789955e+00,3.510343924618908318e+00,-3.403351763916739881e+00
2.072913675163654545e-01,3.230214494340799547e-02,5.368139901938118186e-02,-2.981128440417559755e+00,-1.488951875522942503e+00,-2.027644072800840025e+00
3.481667175738802911e-01,2.921125198868779194e-02,1.201490262101589934e-02,-2.103565401781586353e+00,-7.322686174839916351e-01,3.941295685139571070e+00
2.211816348624129347e-01,5.393534895860696565e-03,3.304337147718228174e-02,-1.903494487654343870e-01,5.804783648851612465e-01,1.189126629323499884e+00
3.240909321859763992e-01,2.443878893304152200e-02,2.401447999240069464e-02,-2.409227376622264494e+00,-2.225054572152753707e+00,-2.801248931283726318e-01
2.141626405139014366e-01,5.729126979700183142e-03,2.026398468826340338e-02,1.533389267690886459e+00,1.980426357423497041e+00,1.266394619800255417e-01
3.471253004014265287e-01,-5.442078233246050445e-02,3.562890486578251803e-02,2.294259769726682829e-01,-4.560117034847142037e+00,1.322611331502201004e+00
2.346134583764794002e-01,-4.523282264674577391e-03,3.177519472170287074e-02,-1.974953878863704160e-01,5.287692073657701552e-01,8.470366767319263968e-01
3.585896849089955651e-01,-1.436523102564812859e-02,2.103088135945763160e-02,1.905294549683941963e+00,1.348714384761697360e+00,-1.686053739006968533e+00
2.259914973355332535e-01,-2.027003141824579302e-02,1.542940721885543987e-02,2.785335120131726239e+00,-5.000936343344343227e-01,-2.347539264701096862e+00
3.179657537637314846e-01,2.979926159422774390e-03,-4.188831310214524706e-03,2.094900748820380354e+00,1.077808252817267443e+00,-3.100595850964165567e+00
2.310538714134366955e-01,3.794491788189802151e-03,4.085435458388042562e-02,-1.519755598114098660e+00,-4.591617091733612099e+00,1.424609529325715274e+00
3.415660697604643303e-01,-1.499625673794469094e-02,-1.065117154336658878e-02,-1.487897622152828170e+00,2.907819016388196509e+00,3.263445231593963491e+00
2.214859973931098125e-01,2.924711439002614100e-02,-4.062078792635648306e-02,1.553344094279139442e+00,8.424429211794881578e-01,1.300412745623013899e+00
2.960571579447268675e-01,-3.836303125250317692e-02,-5.157573810939819481e-02,3.754567513978825488e+00,1.763701010508604172e+00,-1.268441822572323296e+00
2.442240190025710689e-01,-4.199280905862678992e-02,-1.541742066021711821e-02,-5.336390617053407004e-01,-1.372818782663474346e+00,-4.838444703223032770e-04
3.664579610185718650e-01,4.839556950780199429e-02,-1.409090000628996364e-01,4.113169946001648536e-01,2.661195514496463854e+00,6.805183239786312122e+00
2.271718063415217870e-01,4.141254633707269761e-02,3.378085475206216159e-02,7.322444027327574823e-01,3.680269378052987150e+00,6.219825718271906112e+00
3.115394927150809679e-01,1.429851744425914006e-01,-1.689433168783960326e-02,-4.108990689767635374e+00,-2.901173623337862106e-01,4.402766147370232197e+00
2.557980474657313152e-01,1.195192704170455755e-01,5.053005254177156402e-02,-9.773163283490279296e-01,-3.300814305455902709e+00,1.033379679474818680e+01
3.006728689475592908e-01,2.640775837151210226e-01,-1.064081808914263405e-02,-2.769928148395768286e+00,-6.215685524840925957e-01,2.144872999775215661e+01
2.521569154644174304e-01,1.147477888654933054e-01,2.118303204383442662e-02,3.550476390070425037e-01,-3.661019505431219567e+00,1.659364874544332835e+01
3.265584559657810360e-01,2.297015423543964374e-01,7.004034217357402170e-02,2.361638157398914320e-02,8.853386288892629574e-01,1.710415914919358826e+01
2.459926464868811280e-01,5.872927317498266575e-02,-2.492484444726539294e-02,-6.226664296922753694e-01,-1.267624916172805039e+00,6.065637218449347223e+00
3.281071305879006417e-01,3.899108413362917247e-02,9.831263159355696502e-02,-7.844161516181815674e-01,9.127408531869227737e-01,4.722239891839409509e+00
2.370311625576562164e-01,-1.138890941922099387e-02,-9.122086696605236078e-02,3.179877077673439523e+00,6.767243874475550314e-01,2.291630213267050742e+00
3.766116650452993042e-01,-5.863206810153798187e-02,7.555781751883117181e-02,-3.457867689439984016e+00,-2.440019006363375986e+00,1.434461783012296987e+00
3.573320805347321993e-01,-1.939081058602720731e-02,-4.129462815844497925e-02,9.839011273598478047e-01,2.571196361182146450e+00,1.167757345083586307e+00
2.276072031103630877e-01,-1.396916980217799420e-02,7.279487092315850560e-02,9.791539437264992207e-01,-1.733519252468882055e+00,-2.650873937812132652e+00
3.347435324189582673e-01,-1.620370840749529862e-02,-6.737378740948152256e-03,2.187960216018869364e+00,1.876470148628004209e+00,-9.277065781617777063e-01
2.476221921970953588e-01,-4.680315556883840600e-02,-4.147501090942906643e-02,-9.425931714254572880e-01,-1.238448505099055241e+00,-1.324247986630182894e-01
3.647111729713081729e-01,-3.276509656411974447e-02,8.729247814024931884e-02,-8.608637817764114297e-01,3.138742543365550919e+00,1.696309172592109782e+00
2.422570443202118895e-01,9.381853828527297878e-04,-9.613513663120576425e-03,8.434422701724686444e-01,-4.670101976267352351e-01,4.198991238220408651e-01
3.442786820106533696e-01,-2.556022781826339241e-02,7.262627074720562348e-02,-7.669366190879619571e-01,-8.755007502671721120e-01,-3.723215712859346382e+00
2.266406152703730470e-01,-4.954589817579346800e-03,-1.915280512568440230e-02,1.798505671920932747e-01,1.110236478242677682e+00,-8.298917745190160788e-01
3.722779348326064053e-01,-5.919591172972715754e-02,3.587328465642314335e-02,-1.509587139286042712e+00,-3.350186178741354048e+00,-5.618068607920666951e-02
2.492052381493223834e-01,-1.099778860921141188e-02,4.599380718614543007e-02,1.098768218116581291e-01,1.434321474901097293e+00,2.183992926261702383e+00
3.774482492876529705e-01,1.062593452817139905e-02,-1.284753698520879617e-02,1.805345813235660568e+00,-8.874482642099117413e-01,2.186045412223832862e+00
2.460031277248617698e-01,-2.376968956916947207e-02,6.469440155444372564e-02,1.944253117326944613e+00,1.835654859718591991e+00,-6.478791028813893904e-01
3.934148259617735732e-01,-7.690966432440049516e-02,-3.663761661169795403e-02,8.817567251459467181e-01,-1.686073814637510715e+00,-2.308297339525728908e+00
2.928360914484038346e-01,-3.749281209783283941e-02,3.365461213872311674e-02,-3.076548901912615541e+00,1.553524527335148342e+00,1.270771323334040526e+00
3.830558722504626701e-01,-4.022257154950459324e-02,1.122345752903892713e-01,2.018620643733347375e+00,6.815765806226083967e-01,5.996417748552735905e-01
2.381007388837375061e-01,2.627829274792059522e-02,-8.343599965982662070e-03,1.760096862471606016e+00,-2.140460788303094386e+00,-1.388201096014400338e-01
3.191231747643925587e-01,-1.481672777800913110e-02,1.369879899335435525e-02,2.682186630276571851e-03,8.782295274254422468e-01,-1.852339065001346263e+00
2.472176932416907391e-01,-6.135705375319489008e-03,6.987505140524752356e-02,-2.832670594569466349e+00,-7.444254816524206175e-01,7.825069098819223967e-01
3.557292735983210719e-01,3.392569991363281190e-02,-2.229789694217609863e-03,-2.287113357398685043e+00,-1.449754203642890982e+00,3.570367535452322993e+00
2.108358668583854012e-01,-4.761463463661463891e-02,4.339832006287824839e-02,-3.597204041457111034e-01,-1.054362373024062993e+00,1.270727956636829470e+00
3.429092906990618417e-01,-4.251126368144042544e-02,-2.810530319807869049e-02,1.905686834783920869e+00,-8.239863546466128508e-01,-3.578133500848637016e+00
2.335894609716326897e-01,-2.053661700289044489e-02,-1.600099123127307621e-03,-6.154800580180187497e-01,2.450482602304834501e+00,-4.202128269336117938e+00
3.886535876143462076e-01,7.101039321883639843e-02,-4.201813593368131095e-03,-2.722852681855383317e+00,-8.663948313049397720e-01,2.353952579926862132e+00
2.294364755005418033e-01,-7.350794373548019678e-02,4.434444468945852869e-02,1.755148486875006686e+00,8.287243306890322847e-01,2.500857945698044205e+00
3.607253645197658898e-01,-4.055330060209261234e-02,3.116071340858073135e-02,-3.094543829123433398e-01,-1.861763974508523933e+00,-1.340668993589941849e+00
2.367253146485133186e-01,-9.786486645458225553e-03,-3.166889082062462890e-02,3.985438947965945111e+00,1.833768730959187021e+00,-2.183210476548995249e+00
3.752516488044008725e-01,1.249345141664370828e-02,6.150776778168953740e-02,-2.619443971197856769e+00,-3.400234227326814351e-01,-3.169541534010846373e+00
2.357699297875619493e-01,-1.732537462064698275e-04,-2.427180345855606269e-02,2.192147343427074624e+00,-1.254531451698963185e+00,2.747911824104769085e+00
3.843920619499030522e-01,-5.460281831471469616e-02,5.227711578224880640e-02,-4.256148160800340974e-01,4.196000545898624701e+00,6.048985891306644103e-01
2.359417336518383479e-01,8.756704737253429016e-03,1.108236896910064218e-02,1.064912341567901821e+00,-3.672826196232342966e+00,8.225408526920951341e-03
3.481643980192785648e-01,-2.569723126198297791e-03,1.818156154241634681e-02,-1.036520455172560640e+00,2.460765506289968485e+00,-2.299408466122050410e-01
2.477581488154569911e-01,-2.195953336873124329e-02,1.860233750562656496e-02,-8.252297953982768997e-01,-1.627626109703227630e+00,1.056541878179677374e+00
3.609338778762882782e-01,-4.664098942057925967e-02,3.337209537312357810e-02,-2.521679265813883131e+00,2.745711439952344790e+00,2.279943887542319914e+00
2.332372555720674256e-01,-3.388070268001541763e-02,2.415359452052007194e-02,-2.516538945644354319e-01,3.186852124085450266e-01,6.605128670529123447e-01
3.167224085148987456e-01,-3.430629623256642446e-02,6.275659164684803393e-02,-1.242940425517428338e+00,-2.692392819075948740e+00,8.184598176282741333e-01
2.401951725049720210e-01,-5.453740269374218741e-02,2.396832770711121441e-03,2.719363772706149707e+00,1.070768655370908817e+00,5.393080751392091698e-02
3.704747460872432896e-01,-8.200549065752404942e-02,2.709645159624585187e-02,-3.233987461136281549e+00,-4.992859987916848041e+00,-7.962976943993902434e-01
2.072307143455347500e-01,-3.556846732777607656e-02,2.941207158080416662e-02,-1.308619826786931450e-01,7.101333075242417525e-01,3.704818154082782922e-01
3.350984171882807061e-01,-7.957234621316722212e-02,-5.685721360314488493e-02,5.777368132787397137e+00,-3.774206048604693109e+00,-7.541407873164881259e+00
1.993215250697986107e-01,-5.951180828517976806e-02,1.561251491963489002e-02,2.091172039044450592e+00,1.464927242373599947e+00,-8.656428069145791326e+00
2.641603101247120833e-01,-6.815613709672341258e-02,-3.706893995256077545e-02,9.077523879659865624e-01,-8.555238046621964632e-01,-1.181081270870335231e+01
1.931974000206508890e-01,-2.726935038027278324e-02,9.551606331060114030e-03,1.658611438506830904e+00,-2.456565316837151070e+00,-7.791403192696007451e+00
2.409472908152636705e-01,-1.141203909802896987e-01,2.623346198967535514e-02,-1.405776490389084588e+00,1.073153287039755321e+00,-1.780320175941606209e+01
1.506868817583821851e-01,-2.384678361375236477e-02,-5.779526581449978551e-03,5.489885390429763978e-01,-6.690562874681738048e-01,-1.134419174084558790e+01
2.085158758570582194e-01,-9.897807265558355994e-02,5.646811344122326659e-02,1.539337129725906195e+00,9.393146790745871000e-01,-1.811505751079098658e+01
1.926349552204713600e-01,-3.638667490064761978e-02,2.948016692614352507e-03,-2.479489351777745654e+00,-1.330628434688675421e+00,-7.108931279972920514e+00
2.951086534288887009e-01,-7.316706997503530374e-02,4.993314150577621291e-02,1.467675617254303955e+00,-5.945059479397375446e-01,-7.787523779931273538e-01
3.103744148013856119e-01,-7.893742411406634574e-02,1.226894528365729542e-02,4.869097356874558802e-01,-2.428556857387258017e+00,-4.552726015618222988e+00
2.202098153028240191e-01,-3.215176015491394423e-02,5.495753487051757702e-02,4.818018043121009009e-01,2.575921559731477739e-01,-5.024290706258996764e+00
3.388031022671071923e-01,-5.655187206933831590e-02,-5.827180677194121472e-03,-3.760650844960389816e-01,-1.584366511463971339e+00,-3.258194702565464507e+00
2.463143150784574686e-01,-1.514331919439015905e-02,1.662212900471615740e-02,-3.014976834005332229e+00,-1.058266969657292611e+00,1.689798511985138196e+00
3.629862293566752385e-01,-1.848186755838554518e-02,1.349382912016316993e-02,8.352441002591155517e-01,1.821964361839920610e+00,1.923830825287426771e+00
2.423215740749196101e-01,-7.914210740253224685e-03,6.989732355761724136e-03,-1.609796410055588378e+00,-1.410123112966388925e+00,6.541764282267749087e-01
3.464463310170584620e-01,9.721678733239258463e-03,2.384781305721173084e-02,1.868100948493854219e+00,2.686491638025081397e+00,1.334714517483101437e+00
2.354206594023731114e-01,-2.081627309592803954e-02,-1.814551975066347467e-02,1.006918622654472184e+00,-2.995622702383014813e-02,2.331983931152255440e+00
3.774706022709981568e-01,-2.474823487929000976e-02,6.694007198996487773e-02,-2.897817120260069323e+00,-9.236017380307939284e-01,2.366259431986029060e+00
2.291071345315320862e-01,-7.107140972721026628e-03,-2.016213481530826357e-02,9.929313380592085236e-01,8.485435870218673848e-01,2.140002804865110964e+00
3.771196791480280197e-01,2.670571048639658329e-02,4.823152880966663503e-02,2.261804512133727130e+00,-1.601495607088187612e+00,-3.199302399416555698e+00
2.082141372436558946e-01,-2.324053088848998527e-02,-1.413486760684179444e-02,1.779111502373568632e+00,1.659710221259553142e+00,-2.492834661872147972e+00
3.317037193334408940e-01,-2.453102644941296262e-02,-2.307933891509073021e-03,-1.998120576475661103e+00,-2.690588607984202518e+00,-7.436857796722148306e-01
2.367177875767119133e-01,-5.142230325098751109e-03,1.083352766248184551e-01,-1.683406872253665032e+00,-1.675209293965417512e+00,4.509776595920475528e-01
3.647557388917377352e-01,3.799625380011661946e-03,-6.619143352843437356e-02,2.152110850483087923e+00,1.207674337774790607e-01,-2.686305858863590190e-01
2.519074845517268457e-01,-1.837352024053373611e-02,1.182116190769910702e-02,1.440495816184444999e+00,1.406564670935246952e-01,-1.811300381896670197e+00
3.642108140248652148e-01,-2.518918269122139009e-02,1.056605043085756535e-02,5.967106065374158108e-01,1.494302177673063392e+00,-4.730122829313651245e+00
2.427008647743686964e-01,4.183219868362186844e-02,-4.907224235369600507e-02,-1.719273880698072077e+00,-1.820061152023905393e+00,1.820207501899417268e+00
3.907997454963973993e-01,3.416014396560029809e-03,2.874829057445893454e-02,-5.813389966188201585e-01,3.418051209957233549e+00,4.097137192449801013e+00
2.701352874930571524e-01,-4.973149625489625691e-02,2.346170182681550642e-02,-2.648838913788461813e+00,-2.169417700296219831e+00,-1.967496913818465476e+00
3.472750219132341165e-01,9.049605727389575804e-02,-1.703475636948148519e-02,-3.587509492749785256e-01,3.874539234058017367e+00,2.370799044711358605e-01
2.562143879659184442e-01,-4.526938137669134221e-03,6.533737073030465581e-02,1.467429797325413787e+00,-2.193340828746320526e+00,1.901218664917866619e+00
3.948435141710302521e-01,-1.196903713206864950e-02,3.150686443770922551e-03,-2.856570453495947071e+00,-2.060384840392149863e-01,3.819181481711327208e+00
2.509145683515794367e-01,1.171079462086055401e-03,6.236423010317615478e-02,-2.073554556732970788e-01,-2.434597187296083376e-01,1.621298016006110343e+00
3.657654782370833857e-01,-6.893283509242564833e-02,3.718524946823897892e-03,4.875107547294839527e+00,-4.866187420105584915e-01,-2.084266551662117273e+00
2.136125553137679378e-01,4.260700231649039438e-02,4.214415847904717793e-03,-2.963402251404964952e-02,1.818615676734772091e+00,-1.782323268387619564e+00
3.288406347712506395e-01,6.194867815384341725e-02,1.074656879444901847e-02,-3.624798238675163820e+00,-4.779643511421426183e+00,2.675897489274033259e+00
2.561829225764098439e-01,-7.425833552225213907e-02,6.367958442241139494e-03,9.603885749909224501e-02,3.107010483089682751e+00,1.766604984882608642e+00
3.564002040579254960e-01,-8.588648506477625233e-02,7.225306367052741763e-02,6.610566950374501261e-01,-5.241956884148682959e-03,-2.676993684367094062e+00
2.233775474595791621e-01,-1.636262923270592751e-02,-2.316761384279253377e-02,2.971710069002061250e+00,1.510277311677595269e-01,-2.243953876192104069e+00
3.639366590086663411e-01,2.955714036230361330e-02,3.621819388916769356e-02,4.634878938807805993e-01,1.595402322244928284e+00,-1.710313057329624631e-01
2.442309509760078878e-01,-7.307181859729894313e-03,1.901389315259027768e-02,-1.453870495130931972e-01,-1.641791815537654298e+00,2.767951528321749954e+00
3.607640936901117534e-01,-5.792876465203633529e-02,7.693812132642019463e-02,5.665190007025218133e-01,1.773801051065053702e+00,5.313231229234188779e-01
2.306016343329475582e-01,-2.186495017639344951e-03,3.571453245621825090e-02,-1.796338015062854399e-01,-2.724617176951998232e+00,-1.534786616990983399e+00
3.492409240995564268e-01,5.068088867997744273e-02,-1.477338204792033594e-02,3.455430329456233185e+00,3.675848589892874774e+00,1.291407687412841065e+00
2.437584181627379110e-01,-9.860023504622006385e-04,5.430252650293709848e-02,-2.379864307884204777e+00,-1.022069149041437530e+00,-4.506080494506403689e-01
3.781575451728613757e-01,1.968030056429270758e-02,6.904194571669464153e-03,-5.235104477703019121e+00,-2.011215917139427933e+00,3.484265250313698825e+00
2.360985801270807372e-01,-4.179809332325135074e-02,3.057639909459330951e-02,2.366042238630096772e+00,9.829831367237920059e-01,1.253289723739577477e+00
3.597597425831526863e-01,-6.727321706747702024e-02,7.289685280413937818e-02,2.178712505465632887e+00,-2.817376231407952680e+00,-2.291975773689365337e+00
2.368646371590568123e-01,-2.604571746520178976e-02,-1.182623460871390364e-02,2.301264837975351973e+00,2.892425928874224450e+00,-2.280390467845398561e+00
3.773909356717055630e-01,-1.007871141824168149e-02,4.074738233968133727e-02,-3.473702312858607311e+00,-4.244589891245079016e+00,-7.576139825119210247e-01
2.589660378753189107e-01,4.468861039573113203e-03,-1.197717272098053343e-03,-3.321169881923150324e+00,1.774178010095710301e+00,1.063199007397703344e+00
3.794885483579601981e-01,3.946359491634865435e-02,5.117197454919342192e-03,7.111665224103206340e-01,-7.469589322332915726e-01,1.817244588078406942e+00
2.505063171456036741e-01,3.313378916658393791e-05,6.300356966190534536e-02,1.769489291317098756e+00,2.956134341482238970e+00,-1.625992126875856369e+00
3.811446285382515953e-01,-2.185988709712916034e-02,-4.199489338030115704e-02,-2.052121126833983400e+00,-2.859353597580624573e+00,-7.470281169212149575e-01
2.611950240267049139e-01,3.397144753915171123e-03,7.669824016033111036e-02,2.671945603483230069e-01,1.455762342873099247e-01,4.573873837586493352e+00
3.652170074570300073e-01,-7.431441554054174503e-03,1.952777798672755694e-03,9.372209902687970162e-01,2.408977909319818811e-01,2.929735296866406991e-01
2.376340343286500456e-01,3.109141218068600665e-02,2.758559545988070738e-02,2.587341944516129644e+00,-2.262889934011225179e+00,-2.322591118564858448e+00
3.370259007536891005e-01,4.900044162108940782e-02,-8.027491062768454810e-03,-1.891585002959858208e+00,1.769911481336215564e+00,-3.746570510499133366e+00
2.443518000047877337e-01,-1.555615723074765810e-02,-3.392248981730539015e-02,-3.185878342760532611e+00,-4.085225194970821150e+00,1.471241692087743136e+00
3.626281129963579986e-01,4.961481535635314799e-02,4.310301650294867670e-02,-1.771388402982316590e+00,3.263612453417563120e-01,5.147972825374234063e+00
2.346725729694210116e-01,-2.100948949419390033e-02,-2.228183399152783295e-02,2.285996059213675657e+00,-1.168827374750827319e+00,-2.909178893878435535e+00
3.473952653699203807e-01,-1.825968659153431872e-02,-7.193028794103106804e-03,3.145213065140632036e+00,2.487895836698338137e+00,-6.279379619769787979e+00
2.526385288288182096e-01,-6.629986060429615691e-02,-1.689798467443104357e-02,-9.951218320891968006e-01,1.227851327085269562e+00,1.935563883959360576e-01
3.694425984339142488e-01,-3.937838697403961419e-02,1.565944162570254150e-02,9.806286357994231651e-01,1.286968888218709972e-01,1.791529293175465609e+00
2.239610641175406869e-01,-1.730760813594045544e-02,2.895501885621154514e-02,-4.251916508230195180e-01,2.043566996254779777e+00,-2.359659969060119433e+00
3.082859012951484345e-01,-5.396126999954020675e-02,-7.717934848747720622e-02,5.579817232147706640e+00,-1.252167194976717024e+00,-5.257681809153981867e+00
1.942245239101376697e-01,-3.829858168057498347e-02,-2.154598694207532361e-02,5.130462364397744279e-01,1.638964263152340894e+00,-7.721110560560022762e+00
2.878530678554516165e-01,-9.142126711324394250e-02,1.750150499978619933e-02,-2.284271551558825220e+00,-4.577837614940815314e+00,-6.967487837402195794e+00
2.019937491798657891e-01,-7.045240481344805517e-02,3.164489642772227995e-02,5.600825066995329671e-01,1.216287470085351208e+00,-4.067935357977757960e+00
2.687753336459937081e-01,-1.597211250877244026e-01,4.035840029628090520e-03,1.177829134445974812e+00,-6.294474086772099408e-01,-1.571589819441514813e+01
1.849218110911277080e-01,-6.509553375683907461e-02,2.851544811227135767e-02,6.020041190862283065e-01,-9.826545247697952012e-01,-1.243794449566448179e+01
2.680393985609672569e-01,-1.588942261865788907e-01,2.953884227150993524e-02,1.206570959980661550e+00,2.054711133233741993e+00,-1.621447978580746252e+01
1.915873803164878098e-01,-6.976256479577358505e-02,1.395307721185368166e-02,9.082494280253460284e-01,-2.783059389319828991e+00,-5.963819830120337784e+00
2.990141306888212114e-01,-6.187905922733349939e-02,6.857848214569362000e-02,9.421412253095716727e-01,1.256803473183344400e-01,-7.274668017806704690e+00
2.033963851100359932e-01,-7.187006215110258722e-03,1.920614666646436319e-02,-1.560793066487661473e+00,-8.036590359509221404e-02,-4.710599320194752693e+00
3.102994055812224872e-01,3.216949335329744031e-02,5.469102880141285539e-02,1.919089954502609108e-01,-1.026210930628140172e+00,-4.955016830266018246e+00
2.121868764928365181e-01,1.915354838757110656e-02,-3.017596294621505137e-02,-8.956266829902261861e-01,2.966241254591375220e+00,-2.097658967296538446e+00
3.931062745436264549e-01,-1.778113977777451282e-02,7.987506872865068885e-02,-2.215230936597597289e+00,-3.739723989177408114e+00,3.232800218882534882e+00
3.642156023172482548e-01,3.286957305229165627e-02,6.777535069392293110e-02,1.783222024454045096e+00,-1.200575520378410754e+00,-2.082922023612180151e+00
2.108866731499112745e-01,1.435404338190870988e-02,-4.602565306660721944e-02,-3.317290802712319908e-01,5.963330095984781254e-01,-1.301229180475676817e+00
3.017655257187676909e-01,3.354865374537574496e-02,1.893389974963088918e-02,1.703215140090891699e+00,2.695166914495385591e+00,-3.505336960433650617e+00
2.256743368742988309e-01,2.170424633701983907e-02,3.488546320305108139e-02,1.959647759307257875e+00,-1.925177966989204403e+00,3.681248668807357016e-01
3.577787714457727475e-01,3.204500620435624114e-02,-1.035274790108786647e-04,-1.533456253853318962e+00,-5.535377641512594371e-01,-1.235585330667539061e+00
2.228809912332820886e-01,2.751496899238947691e-02,5.356014817007359596e-02,-6.262954885967293439e-01,-9.616910675208075743e-01,2.539866697255519501e-01
3.078160770545252944e-01,1.101987508479309597e-01,-6.266913771382220943e-03,-4.689529024121365519e-01,-1.830176309749944608e+00,-3.996876892838215345e-01
2.239933728659906365e-01,-2.099390509879484057e-02,1.498431636584474091e-02,1.541403585794626663e+00,3.791987006804676152e+00,7.352959161427473633e-01
3.352248825899692974e-01,-1.947604693739002357e-03,-3.533313728206088911e-03,-2.403357213617736132e+00,-3.262559447132147739e+00,-1.406030998992589653e+00
2.094902067310968619e-01,4.039708188060497918e-02,-1.420245372836870246e-02,-1.158926487456298560e+00,1.690078226088117308e+00,6.120852891419650277e-01
3.422560263343825682e-01,8.953113571408266580e-03,5.089822861561987821e-02,1.958290032104293310e+00,6.450815068279398545e-01,2.098050781529783748e+00
1.840108430330076317e-01,4.896220487080515937e-02,-1.065885223486162658e-02,2.455306687401912047e+00,-1.378489525500247836e+00,-3.772509280002891985e-01
2.695772448307707236e-01,1.532176835473402221e-01,-1.017669688706313025e-03,-3.526838633393419187e+00,1.563413552405424012e+00,6.778397865010712842e+00
1.719129230678504427e-01,9.928184304289899842e-02,1.276681246140576320e-02,-2.670650233238090809e+00,-3.281198939053326047e+00,1.074649001297448692e+01
2.594879360038717664e-01,9.692258425948452327e-03,-8.249018188178602884e-02,1.762427808180782707e+00,4.785019228179290263e-01,1.280022935783669880e+01
1.528193963389821164e-01,1.269527281122506679e-02,5.720682819815969822e-03,1.323198367009056131e+00,6.125493487168596207e-01,2.057313925918328845e+00
2.113545619063543768e-01,-1.364271828910545992e-02,1.480759021904098915e-02,5.789065274055786858e+00,-3.644130913651719261e+00,-4.441711086822546228e+00
1.490353196943132730e-01,5.457593642233860010e-03,-4.635000547886480859e-02,-1.976382309245919289e-01,2.954149670630260793e+00,-5.227251330004660801e+00
2.456558343650421250e-01,1.232829690537506906e-02,-2.115104081691754345e-02,-4.914891957559738067e+00,-2.390872327406113662e+00,-4.534830484921014815e+00
1.827843403294302504e-01,1.266976636527239464e-02,-6.094751850308632868e-02,-3.909258563847022305e-01,8.686120138645448963e-01,-1.445097506396007869e+00
2.921528115118476876e-01,1.938230837303933640e-02,-4.315646916995063975e-02,-6.251321577374822080e-01,1.924262087598172410e+00,-6.371675372153529970e+00
1.657920759170998792e-01,-2.213524126098320721e-03,1.000160368338409711e-02,2.409259424845865194e+00,-1.797057938744011318e+00,-2.481321548663075749e+00
2.948853277106167070e-01,-2.054575837674654792e-02,-5.129320467158926533e-02,1.423633795841678262e+00,2.081547904375869729e-01,-2.645785354239968079e+00
2.355493517489932742e-01,-1.013828323262977449e-02,1.306141207565314488e-02,-2.186160280290002866e+00,-2.501612193272225504e+00,3.158721435384736154e+00
3.442833916385517057e-01,8.078872998526165361e-03,-2.986648705325922748e-02,-3.744140445447631027e+00,2.710629468623548810e+00,-6.256675093804404675e-01
2.233342205009911652e-01,4.867478455798490700e-02,-3.704468427416784948e-02,1.115184436357358200e-01,-1.008052777766817121e+00,-9.192180536824483550e-01
3.333087841331661139e-01,-1.272802935320171969e-02,3.191303899029485081e-02,4.752445187273118266e-01,7.089691747642068442e-01,-4.131042152537077072e+00
2.438816846639682012e-01,-2.584178067360198838e-02,-2.176164643555189571e-02,1.949129345903876764e+00,-9.415545250245607178e-01,4.043599693419290264e-01
3.825386371788894735e-01,2.673220521212726908e-02,6.341771938703821831e-02,-8.236265521273138379e-01,1.531846562877212881e+00,2.053476124624139310e+00
2.350631088100101351e-01,9.193453389976014023e-03,-7.810289655186508639e-02,2.426250975170797908e+00,1.717585919985714860e+00,3.825764007471801897e-01
3.459162076119035589e-01,4.595111548047015049e-02,9.452243212839039899e-02,1.659168970648341013e+00,-2.972316982327498192e+00,-9.733484461846886315e-01
2.442193022702454641e-01,-4.424400189098243175e-02,3.264653433431874419e-02,6.446946469707841576e-01,2.375315990282476530e+00,-3.317939893541160590e+00
3.841758204142244892e-01,-3.122607601227578300e-02,-1.170473637459501504e-02,-1.852429179418749516e+00,-1.161029321774594170e+00,2.423767632351412349e+00
2.507940100100576331e-01,-2.282482625181003755e-02,8.471214331249399265e-02,-1.710300551811205549e+00,2.207646490916714388e+00,2.744842038329287082e+00
3.558413569056586567e-01,1.849334313296679966e-02,-3.346496722006708779e-02,6.517639462122407634e-01,-1.965335251402259287e-01,1.025016372517457253e+00
2.090524150627288691e-01,1.434231175646871748e-02,3.319085710351821206e-02,-1.052228155402434639e+00,-1.847140058714948463e+00,-3.959439585654294991e+00
3.295687234830744217e-01,-5.699067400714419307e-02,-3.792594514439251441e-03,-5.529750963828449217e-01,1.591545051689730927e+00,-8.380416273146553893e-03
2.302346957474146194e-01,3.712324387466203746e-02,1.013509623677943949e-02,-3.750116214124980196e+00,-2.149918987409547455e+00,1.762338063046508418e+00
3.423383908822810184e-01,-1.216334244752736993e-02,6.377177171009140721e-02,6.026177237379365392e-01,4.234559931955931833e-01,5.690866396353023049e+00
3.249879625973726149e-01,1.238891077827730669e-02,1.231736368058822251e-02,1.575243745243134486e+00,-4.598027320304034049e+00,-2.493900813142687356e-01
2.117869179891904707e-01,-2.604351187932962830e-02,9.244585929833082361e-02,1.329488401567662681e+00,1.234887620479518076e-02,-4.549999057683928427e+00
3.379818811551160707e-01,-7.060627562061050355e-02,-3.280617293386001165e-02,-2.556500542517931684e+00,5.565557718760844041e-01,-2.671715221732943846e+00
2.566475011032824938e-01,3.999031994555757308e-02,-4.109984887342577053e-02,-1.614963373051788276e+00,-1.179977550059230662e+00,4.827464994096070328e+00
4.147249996358510771e-01,-2.224028342372008638e-02,1.323076539326528689e-02,3.383390311187590704e-01,6.034779664143221645e-01,1.030950668888615640e+00
2.251884633856047202e-01,-1.931485314311132129e-02,-3.194556172888241008e-02,1.667006758970093427e+00,1.157123088118973131e+00,-3.213142605108174621e+00
3.199678527396478955e-01,3.302397388772249087e-03,7.279528961582570901e-03,1.949237244524297363e+00,2.294634421118371570e+00,-3.421731222689655461e+00
2.494978705680210851e-01,-1.733089782661068057e-02,-9.849062586677170827e-03,-1.899970752340550240e+00,-7.929644022310849971e-01,4.809586156466835738e-02
3.660485881630997085e-01,1.604064169463192968e-02,2.438354940088149903e-02,2.452988343921606251e+00,5.266466399807440135e-01,1.325614598584025083e+00
2.417787289160173714e-01,-3.338217655412378804e-02,2.284401467440400069e-02,4.581880744780383874e-01,4.671613358485638412e-01,-1.918273364877464804e+00
3.362409304407201205e-01,1.179180835425430729e-01,-1.528382998332489251e-02,-4.352152976191028255e-01,1.964029225070918150e+00,-4.103380002914401303e-01
2.360828759546258482e-01,5.081533646983160679e-03,4.801768270423334428e-02,7.988378874803382379e-01,1.581865347737921867e+00,6.234934507182589014e-01
3.914089308562029856e-01,3.212909712074107915e-03,3.074499430370369879e-02,-6.657207365436106361e-01,-1.078801674861271431e+00,2.151412553226547342e+00
2.353889782124163332e-01,-1.964382454176849535e-02,5.902996670952820324e-02,2.472749585457286736e-01,4.623089151791989759e-01,4.216069551416931627e-01
3.516291654765186792e-01,-1.617535995850616359e-02,4.430460918150913585e-02,7.318206444161986512e-01,-2.359134739516389079e+00,5.232323732589015952e-01
2.172373205142292818e-01,9.001878025845400089e-03,2.316838435647650130e-02,-1.846496955808935025e-01,1.937456960724454280e+00,3.993575379077122373e-02
3.319665586705902172e-01,-9.456554671150030345e-03,7.075434259127266756e-02,-1.092863649036355467e+00,-1.148021241803649506e+00,-1.899892138892245841e+00
3.455667759966054575e-01,-8.306529511772353658e-03,5.788080008862106496e-02,-1.607038818071090613e+00,-3.239533989698574867e+00,2.037736498340115610e+00
2.204478305455506160e-01,4.654944122851389920e-03,1.319376513566616893e-02,2.099674891317727443e+00,1.139073749989358619e+00,2.188263260875252580e+00
3.520162257327612565e-01,-6.625040538648363508e-02,3.572315050699437222e-02,2.194298434497806927e+00,5.868509518556550009e-02,-2.155993871085700453e-01
1.965352565585316569e-01,-1.470594943587144598e-03,2.551302291816259782e-02,-1.828648457990492915e+00,1.176782019611777530e+00,-3.345815494766204878e+00
3.488399692902817151e-01,3.778174647948162601e-04,7.356504643423189549e-02,-8.983910239145218579e-01,-2.480225531063548150e+00,1.908322393982278431e+00
2.302858797039135652e-01,-2.503275924924075468e-02,-4.662380054874759594e-02,1.788826436615962023e-01,-1.524611162646290374e+00,2.058326824409326239e+00
3.678550474638262457e-01,-3.902457101624712266e-02,1.776276549457289633e-02,2.960189187831903102e+00,2.926861170701434922e+00,1.803616809630440021e-01
2.205715113505739566e-01,-1.609427730749501961e-02,1.313706444902518200e-02,-9.315094878619247787e-01,-7.621470579463699435e-01,-3.479234045657082053e+00
3.243830827816109874e-01,-2.823082700685830559e-02,3.852068294554200634e-03,5.548363010702925813e-01,2.503276198463574964e+00,-3.365230606648347056e+00
2.402292331902122768e-01,-2.213150078812731181e-03,4.079511384190492862e-02,-1.676125980224630663e+00,-2.455647513830358619e+00,8.075566026056147928e-01
3.429296214459087722e-01,1.646906348493892835e-02,2.731282273036406139e-02,-2.838191257029312187e-01,1.515651547324302406e+00,2.331537597977385801e+00
2.282898803422002132e-01,8.192310657072710001e-03,-4.505829527242610766e-02,-2.954270307529680561e-01,-1.462155913798495188e+00,1.072779033553827421e+00
3.199026127921031915e-01,1.188047240825440554e-02,9.969760675165950659e-02,1.311990115645133015e+00,2.269040691566599766e-01,-2.518022323166081655e+00
2.104037981906037302e-01,-2.699861857257346287e-03,-6.402957749223059380e-02,-1.793933734694590498e-01,1.108781134589106099e+00,-6.285772877178531504e-01
3.370094275547632634e-01,-7.052149877027957814e-03,4.155855606017322401e-02,1.138661290435283163e-01,-3.408143902066286035e+00,2.583483594852236997e+00
2.193671282299805014e-01,-1.321218696602599607e-02,2.313412907329048807e-02,1.109839810968384688e+00,3.159829011360044682e+00,5.612005176281035235e-01
3.086866006583797173e-01,2.080896628400807913e-02,-1.300873694858672991e-02,4.062689516381932542e+00,-2.470796805431157761e+00,-1.508866558909618627e+00
2.149916655825050427e-01,-2.703836433141226792e-02,3.477334591342362557e-02,1.370299462453166972e-01,1.236335676921776372e+00,-3.183482373166448109e+00
3.264962717734887221e-01,-3.927800617097787494e-02,-1.473627012752309895e-02,-2.416815961986741090e+00,6.731159714204674183e-01,1.984408577224248349e+00
2.616909931287390023e-01,2.749409663120516711e-02,1.591348958869698293e-02,-7.976739782278515767e-01,-1.892688609163223068e-01,3.836498155065497961e+00
3.306715058345348623e-01,-4.169176519148898308e-02,4.818283153053215528e-02,7.169376549080958005e-01,-1.884343156926363283e-01,1.393025000687857284e+00
2.102774262584805598e-01,2.556354903210511509e-02,-1.271775650337758634e-02,-1.113511063941936774e+00,-1.080040925716714728e+00,-6.973728601907638325e-01
2.941633251694137918e-01,-3.464189678672013883e-03,1.863512010668255670e-02,2.468737520750873937e+00,2.253977351907180626e+00,-6.770748871009121928e+00
2.170897149859163378e-01,-5.884143405977226848e-02,-5.283191368149697809e-02,-1.678694517524334184e+00,-1.576644843792772255e+00,-5.674526270544174578e-01
3.434641622001533001e-01,-9.699420742217412794e-03,7.971957917179572917e-02,-1.279755609577351683e+00,-2.532073600223882615e+00,4.716113222777387648e+00
2.013155789140927965e-01,-5.067185865515355658e-03,-1.080852605229942753e-02,3.298821298787326002e-03,5.601367379742574343e-02,1.120313216195472972e+00
3.152525131986538831e-01,2.607683957970685640e-02,5.722937446946296802e-03,4.510141367718306427e+00,-1.671933013710427351e+00,-4.116348983873725942e+00
1.471851835152020449e-01,-5.785767180733536463e-02,3.118656823703069847e-02,4.911115782687608400e-01,2.587158642670325914e+00,-8.272867569866530602e+00
2.906905460863709045e-01,-1.072032727585563450e-01,-7.459875796282755545e-02,-9.102249818956225091e-01,-1.475835549769227428e-01,-7.427428502278733191e+00
2.105285565312273732e-01,-4.577166863647086359e-02,3.490086621538956990e-02,5.617701128936632982e-01,-9.949780326167295685e-01,-2.353747710969968931e+00
2.793354842128419335e-01,-6.150221103656683397e-02,2.744474585001377420e-02,1.702544046134668365e+00,3.632336719820695725e-01,-7.406877294583345872e+00
1.949892300255156030e-01,-4.492540836568004181e-02,4.580393389247205960e-03,-3.203156002810306213e-01,-1.605437321638644610e+00,-4.528087278615628541e+00
2.854369313328319890e-01,-1.015239878476847935e-04,-2.495396481605727246e-02,1.960093777128097070e+00,2.300030038260451271e+00,-6.436719188685895432e+00
1.969078250408760056e-01,3.967716239069840611e-02,1.035850849522290673e-04,-2.115570822537960805e+00,-2.811824321914999203e+00,3.541260976857643961e+00
2.942413658396274556e-01,2.157384124237182732e-02,-7.332842279260454177e-03,-2.241397215157876488e+00,9.925415035346036863e-01,9.943189656970476520e+00
2.212462554244236657e-01,1.161207725859014772e-02,-4.336972860694476850e-02,-1.537991930238304716e+00,6.507215916613844353e-01,5.706945394733707211e+00
3.206671249043271388e-01,5.386973712224296662e-02,1.712823614584557674e-02,-5.172048596826825939e-01,-2.373901660591343443e+00,1.006331808473405154e+01
1.985581977353043648e-01,-1.411712226732042552e-02,-5.053493365856720487e-02,1.961720692447934677e+00,2.679745751618828997e+00,4.637352299022431623e+00
3.419842501963277215e-01,-2.782629014062543149e-02,1.956714952364713156e-02,-9.901846760215665677e-01,-1.647877710279924690e+00,2.850060135836884889e+00
2.368375997639382002e-01,-3.038085797530065690e-03,-4.013309665524733560e-02,-1.022419645966663015e+00,-1.603754631274853182e+00,2.766107635082927896e+00
3.215370025493610173e-01,2.773567038445712285e-02,2.792572704005191753e-02,3.843288330465356228e+00,-7.531381061358606577e-02,4.139032940324995913e+00
2.067784307223524687e-01,-1.036786472552009286e-03,-1.179993139200963270e-02,6.395769976374304777e-01,-9.464696799539246141e-01,-4.578299261880740545e+00
3.094743294576279280e-01,4.995555585405853094e-02,-1.114628727472233294e-02,-2.006322626111217700e-01,4.092527681226863834e+00,-2.989419516765694063e+00
2.093879031725593975e-01,4.606559114028474511e-02,2.612361005297891836e-02,-1.903959754657553516e+00,-3.013162355072565468e+00,2.630923140433075735e-01
3.487794535936132867e-01,4.000710688513020585e-02,-4.917191530534203991e-02,2.050811409132181407e+00,2.536192770030011534e+00,5.254409343729872894e+00
2.196946677999922493e-01,-1.691763514658894962e-02,9.772830878582805525e-02,6.573860042403099069e-01,-1.210940070487881881e+00,-2.344452856983269273e-01
3.084331134570494903e-01,3.101533766795316893e-02,-3.188633450556110915e-02,-1.477407086995627061e+00,-1.104410666638295124e+00,-5.373671504795530574e+00
2.114355892346946320e-01,3.430765261494173046e-02,-8.896511145364272011e-04,1.334504172499732799e-01,2.317182805476054153e+00,-2.234080856026281925e+00
3.342988115007325955e-01,3.474430893348312566e-02,1.703124251863830096e-02,-1.980646607388713010e+00,-3.406236933448308246e+00,4.673138024778004329e+00
3.272184886452533803e-01,-7.118470703647794551e-03,-8.556378618321147655e-03,-4.297475136588109756e-01,1.150039679523545244e+00,5.033418832785223618e-01
2.213240177730884106e-01,-3.645123246478476631e-04,3.152902867631546258e-02,5.994161898012847489e-01,-2.185829200179224774e+00,8.306053357799941805e-02
3.217829486198571232e-01,4.452327857540794298e-03,-3.758682492906473271e-02,-4.600315746061136579e-01,1.561902923793034415e+00,-1.720605158249749023e+00
3.357076279841093580e-01,-3.294380313056954890e-03,2.454135604257867698e-02,1.849786146294419176e+00,-8.597700938055335973e-01,2.299776416188718198e+00
2.138354013555376909e-01,-7.612616001368088803e-02,8.739887748449248761e-03,-1.110510843571144157e+00,-6.237156932180725200e-01,-2.198849424111888884e-01
2.883491655706782453e-01,-1.135096518800438048e-02,5.173555821668784915e-03,-1.661500413095189144e+00,2.850340598430071370e+00,-2.986911093580066456e+00
1.860074397601034768e-01,1.270579339581257017e-02,1.827514201603008814e-02,1.199941843728705049e+00,-1.766485682956995928e+00,6.646514650581212269e-01
3.017777998035597875e-01,-1.451295268237107194e-02,-3.777355465507792331e-02,7.697460060463507947e-01,2.122254116881301833e+00,-3.724765117292367478e+00
2.375068466985714721e-01,-2.962542365363685093e-02,-4.653356908653183410e-02,-1.841089058617793317e-01,-3.438690763996018251e+00,3.686067652063423683e+00
3.522406274673075544e-01,1.240582480367358187e-02,8.687077553916289219e-03,-5.522938128883176034e+00,9.789562573807105705e-01,7.596211459652282283e-01
2.192966080468528034e-01,-4.459348423012876594e-03,-4.466864460267405690e-02,2.169623432124822227e+00,7.346049263959261721e-02,1.391800778575634778e+00
3.198169687119882809e-01,1.570178187169091188e-04,7.184993995019262059e-03,4.500994511860113789e+00,3.553457136800255989e-01,-5.828027648874313016e+00
2.199288275049147146e-01,-9.891917439717623495e-03,-3.672648822358404175e-02,-6.491671488079031604e-01,2.221469925494550246e+00,-2.235527974651168037e+00
3.356861747505366367e-01,2.388994366438712547e-02,1.407238933806542747e-02,-1.261339449250374667e+00,-6.561052831596559720e+00,4.772391233746516193e+00
2.162718067593196736e-01,-8.173076504114362706e-04,-3.372294367908690305e-02,4.644724408721541131e-01,2.322765666319872579e+00,1.760336741365607471e+00
3.384790753573909683e-01,1.803079896622339362e-02,-2.419679171078481517e-02,6.344087335960146845e-01,3.991134536298949764e-01,-3.011112391320424742e+00
2.281615153272307239e-01,-2.542467342065535263e-03,-4.199616487786883567e-03,3.095772636635189534e-01,2.832997624547887838e+00,-1.406718620697666289e+00
3.292707365947515896e-01,-3.404520931821775065e-02,-8.071553997386615720e-02,3.080749590631337131e+00,1.138646534677177469e+00,2.616677357675416982e+00
2.267393111381590387e-01,3.551149606776515810e-02,4.451401423889134179e-02,-2.678859060631108679e+00,-1.895485835895923010e+00,2.853162088647519301e+00
3.288505068678366783e-01,-4.971158059506830540e-02,1.273981235044630012e-03,4.843162956756096982e+00,-7.116956485969420099e-01,3.191600517149739247e+00
1.944577732656505020e-01,-4.470938759890685787e-03,-6.848779825393780385e-02,1.408874480656516104e+00,-8.618159674425663885e-01,-3.752146395911194254e+00
2.212864083155281492e-01,-1.369560614736116122e-01,7.410047107796557952e-02,-1.250759414525850488e+00,2.899124349405345136e+00,-2.317521466595449908e+01
1.344453658059725498e-01,-1.227590708739700887e-01,-4.757562382335933648e-04,1.337618740207134005e+00,-1.836197667161137748e+00,-1.337098135442753311e+01
2.840147110098918404e-01,-1.181906898488129798e-01,-2.390159794546420358e-02,2.188226492664806511e+00,1.059848569815922792e+00,-1.624961402930031795e+01
1.735763936461954815e-01,-5.449735197531069275e-02,4.319904919127726117e-02,-1.473606954872552999e+00,1.928895734877118295e+00,-9.245424027400042988e+00
2.644362934994479719e-01,-1.227590878436224386e-02,4.157741633845724039e-02,-6.065189520098933640e-01,-3.731606522978985208e+00,-7.954410929778876316e+00
1.755809128494461024e-01,-1.433942896380457910e-02,5.469263755996678356e-02,2.938084100633453044e+00,-6.406701945417819788e-01,-6.392982797786697091e+00
3.023918514293364446e-01,-4.770099180749554080e-02,-3.306250140813560279e-02,4.243884821131336388e-03,-5.366421042498195071e-01,-7.281080118263605350e+00
2.279767905387131144e-01,-1.823011896976645119e-02,1.569222054206864669e-02,2.612718175798392384e+00,-2.232240372117793470e+00,1.309353586413444237e+00
3.687866067201430731e-01,-2.472658743313438379e-02,3.046935683776563764e-02,-3.822232388015219584e+00,2.721644783193662320e+00,-3.349512636319241565e+00
2.837330987750892319e-01,-3.307068188656359098e-02,-1.771690152064131496e-03,3.965819546801784057e+00,6.647997304577678290e-02,-3.675086155125530052e+00
2.848142126502377636e-01,-2.754971062634403722e-02,1.363749404406444654e-02,9.404529943303016060e-01,2.562417197088294962e+00,-6.708609737149170194e+00
1.823494110351480124e-01,4.616844855165691541e-02,1.841011160558014836e-02,6.400814356486966838e-01,-4.091863982074893435e+00,5.323098927360630839e+00
4.141915503867861226e-01,-8.375399331526445224e-02,-1.316583302799934074e-03,-1.422927440133031185e+00,5.301370485484229178e-01,1.441482847903320819e+00
2.211544223325638825e-01,-7.790452006380732541e-03,4.076190522583456044e-02,-1.449380342578533709e-01,1.166872459717538391e+00,7.135181518895663544e-01
3.958892323141376401e-01,-2.167570865365675559e-03,3.367329066804991555e-02,1.698184736495317870e-01,-4.465553378309554122e-01,-1.551338085750123330e+00
2.124805742616420190e-01,3.793905288060184233e-02,3.297484722015209258e-02,-7.362406698263380678e-01,1.155223151485691879e+00,-2.611101701029741484e+00
3.561281147531047964e-01,2.804758336406187880e-02,5.411693974305986643e-02,1.464015888025007317e-01,-1.370604474765638958e+00,3.626499434960432033e+00
2.297964464960049469e-01,3.710127663705087286e-02,1.880680225056963195e-02,-1.240830664383406168e+00,-8.120986856035751211e-01,2.070433117687906499e+00
3.521459397666470981e-01,-3.981618868628977737e-02,6.470875526134189926e-02,2.858213868418677084e+00,-1.050792436755102477e+00,7.320270599430438174e-02
2.158811121397001820e-01,3.193371114809728795e-02,-1.202420380109625597e-02,9.911186848155110196e-01,2.245731395293875998e+00,-5.072761528784479168e+00
3.098493926753327354e-01,-4.489179508389007367e-03,7.740867429952658085e-02,-7.574231038845271602e-01,-3.165931305625269698e-01,-2.496713214806105530e+00
2.392135660339391734e-01,8.237215813098330841e-03,3.636644152553270004e-02,-2.020985477681497944e+00,-2.500940043680557778e+00,-1.387806298970293506e+00
2.832321957133325796e-01,1.590445743427881808e-02,-6.850667440081004145e-03,1.271662982316529522e+00,8.539366964409630389e-01,5.832625835127657199e-01
1.639908399369625069e-01,-8.938044629580588207e-05,4.553146140961406019e-02,2.285514155454727359e+00,-1.241246254432570195e+00,-4.980997111388969500e+00
2.886243166594093523e-01,1.909701482250092397e-02,2.656390363700555923e-02,6.331504940345671351e-01,-9.432025360967931649e-01,-4.478023692744904416e+00
1.454840054682322581e-01,-4.162638804498808298e-02,5.210389256291581006e-02,9.365190058335178813e-01,-7.655939623466129218e-02,-4.820695457933927286e-01
1.515251198877143324e-02,-2.191363067224738614e-01,9.734022539868192325e-02,-1.740532650652909963e+00,-4.035265672119769498e+00,-1.385984458806183817e+01
3.994885749979206757e-01,-7.988753023369099537e-05,-4.422428287112012413e-02,-4.229490264073498373e+00,3.491729655808388344e+00,-1.174742401218783350e+01
1.627105661981715912e-01,-6.899752136098413757e-02,2.836459095058252444e-03,-7.713188056816547844e-01,-1.535088454504081712e+00,-8.388270952421416737e+00
2.673392129405103290e-01,-7.355747977405169280e-02,-9.774144821004249195e-03,2.356991921456475403e+00,1.954326249053215836e+00,-1.454998724540062405e+01
2.707971965790703095e-01,5.176166644507107506e-02,-8.646256565411292172e-03,8.880085657654236408e-01,-1.462227987327771039e+00,-6.270518637638145876e+00
3.640903475850718607e-01,4.416102914803010648e-02,-2.114871285504715814e-02,-1.955274060602806951e+00,1.449440059723147378e+00,-6.236277376071983625e+00
2.151982733952158000e-01,3.754255727617961114e-02,6.062390795374739128e-02,3.219982489759811273e+00,-7.246655907125433282e-01,-1.593819054775123201e+00
3.183528452263075792e-01,2.588357026750776058e-02,5.080537296535148073e-02,1.780253808582875408e+00,-1.418469105801514640e+00,-8.315819515573322107e+00
2.051450155001157682e-01,1.732683433419057728e-02,-3.052734446652483058e-02,-9.320365432625664637e-01,1.826613335273257199e+00,-3.778567209687718087e+00
3.361833082851317656e-01,-3.214195992130486346e-02,4.520696569337978588e-02,-4.444683091681679521e+00,-3.372400836509638289e+00,7.822201405925457429e-01
2.313989712351869343e-01,7.007744065694498925e-02,2.620100460693297606e-02,4.325214000094915745e-01,1.737573273407762020e+00,2.502267788972081242e+00
3.327106601039444556e-01,3.291198730455313637e-02,-4.134657044598455400e-02,-6.142627626272993968e-01,-2.154890561779078340e+00,-2.168263078330409765e+00
2.225684439740325260e-01,2.958268681856668358e-02,8.045435695007263632e-02,2.224339573881731535e+00,2.787353485219070226e+00,-3.240061692368858992e+00
3.279403265224516417e-01,-7.491163762576413809e-03,-1.209342150773222713e-01,9.602199876935828549e-01,-1.123183604553621429e+00,-3.388415888510248664e+00
2.273812503799570450e-01,-4.958233245067011907e-02,1.096575698544466348e-01,-2.130837511536538109e+00,-3.432259331637947941e+00,1.344371225466532538e+00
3.376123749056745282e-01,3.825309460071701917e-02,1.414523157371228024e-02,1.474986184678236389e+00,3.097843123283337885e+00,3.109279096284204513e+00
2.271431810834969589e-01,3.680552276941073675e-02,-7.693540894667094676e-02,7.679128558276366867e-01,-1.638444489019898143e+00,-6.312927517037500991e-01
3.262216258622698817e-01,-5.240312560408910691e-03,1.042327574520927058e-01,-1.840369051154503222e+00,1.009000810192002495e+00,-4.239363802711141105e+00
2.271696686320199277e-01,-1.581865078123345647e-02,-7.316241384956700955e-02,-1.386339298352136984e+00,-1.732444714163277721e+00,-1.019578759359890840e+00
3.782895876708134431e-01,-1.100998530301922074e-02,8.566704032956451442e-02,2.232085865150574278e-01,1.299594689224252031e+00,1.452232765049961127e+00
2.390162388746008837e-01,2.652237216051533952e-02,-3.347251461418299101e-02,1.601551721129190975e+00,1.928174916322750621e+00,1.681053954369518211e+00
3.354502179781313487e-01,9.815675302839899086e-02,-6.660764055390622218e-03,1.313383398436180016e+00,-8.815431997595563063e-01,-3.508651593745842678e+00
2.288240710810320877e-01,1.711764252860864532e-02,2.992053854293263981e-02,7.970814482826170666e-01,1.248456372370980505e+00,-5.125212769966043247e-01
3.506560186625857778e-01,5.086820992558543919e-02,-4.739883078455964238e-02,-1.242323024081982252e+00,-2.001948141110690305e+00,3.859009492256655349e+00
2.502908884605326012e-01,2.467698598873646620e-02,5.217655171569113293e-02,4.514603187428240516e-01,6.241017368103363161e-01,3.131630761375475025e+00
3.666764896070640045e-01,5.523705432291603490e-02,8.309213358820954909e-03,-1.786289534112471156e+00,9.519831017357681668e-01,4.403499391382310613e-01
2.056481070867375305e-01,5.857352836066342938e-02,1.644521323236869392e-02,-2.779374813071789352e-01,-9.619818215391524596e-01,-4.969658990636601770e-01
3.060114173910906676e-01,8.883846454560728745e-02,-3.898126448063088390e-03,4.664172457391449478e-01,1.480777459046880074e+00,4.840811364452513033e+00
2.454666028214886053e-01,5.392309014301788217e-02,-3.519733218740395131e-02,-3.909026327647805221e+00,-2.962216731353454868e+00,5.555349665590520125e+00
3.362792561022674986e-01,1.047263639809463687e-01,5.562875667896527432e-02,-1.611568692810501302e+00,2.483390118385706558e+00,1.130127641205091216e+01
2.057228049814074922e-01,9.202668138902536654e-02,2.799211450049465810e-02,2.278700551251051643e+00,-5.732925255848378976e-01,8.129392843215022424e+00
3.180682142311768157e-01,1.148290975946060222e-01,1.074676661318019200e-02,3.585712943394656183e+00,1.725126661251934479e+00,1.153583477814528813e+01
2.076192250265458394e-01,1.371738733924459108e-01,4.830237853071395193e-02,-5.939261489008500483e-01,1.962715733787484096e+00,9.025474850123105242e+00
3.382093032095978558e-01,1.523166279968006798e-01,-2.478138536014462545e-02,-5.617556862228100911e+00,-2.368403935168293284e+00,1.221270187273275276e+01
2.115784121521473438e-01,1.265891398436573834e-01,6.229885343166152722e-02,-1.115779552279333453e+00,-2.941945129270722575e-02,1.267598408884932226e+01
3.633706397737870297e-01,3.489945676867722835e-02,6.344527599458427147e-02,1.788368905547631504e+00,-3.090845026002500884e+00,1.326723285094289650e+01
2.147777356040658781e-01,3.423335297380886155e-02,-1.222677779665470865e-02,1.526428281033514502e-02,4.379955598342979428e-01,2.878843367690563593e+00
3.328378780322958086e-01,2.107565563036462031e-02,3.585295921172182432e-03,4.362009925898908680e-01,1.825223007562375876e+00,2.716631683440598799e+00
2.523724166293601634e-01,5.766275107831098090e-02,-7.997750313760931817e-03,-7.395329830555036343e-01,-1.576882370511660136e+00,2.046088544108782159e+00
3.700638122146679976e-01,-1.220953838526939172e-02,4.205016317409260296e-02,1.180047237590858611e+00,1.701517935230342227e+00,5.183402631244940828e+00
2.163877288541957711e-01,-3.643250190644575781e-02,4.171707155550485879e-03,-1.172662052824003265e+00,-1.458619592931815090e+00,-4.026490667283922242e+00
3.172308760255360127e-01,3.281132753345061825e-02,2.730093201936067970e-02,7.339773509934013340e-01,5.186845922032033984e-01,-3.020962261937769622e+00
2.302031368712063042e-01,-4.341779734375217359e-03,7.509091199450423915e-03,5.341978504476221357e-01,-1.811630802723461997e+00,-7.124311490922730083e-01
3.518968735796841329e-01,-1.495801170717014905e-02,-3.022574322604221209e-02,-1.881892808156772734e+00,1.158364370800780252e+00,1.002935390092355439e+00
2.329632460652648618e-01,1.375167584498626638e-04,3.639473266250980998e-02,6.610081186123821784e-01,9.925777464454397236e-01,5.630543251523187909e-01
3.474569122385426923e-01,-5.326723258048582377e-02,3.157850842349496645e-02,5.764525998951577357e-01,-1.713740305773477690e+00,-3.020912135913905949e+00
2.232208941931750346e-01,8.372188561947435659e-03,-1.887250616837921058e-02,-1.759178566767096996e-01,1.751650049245427443e+00,-2.415776671376903995e+00
3.805459400913546730e-01,-9.603768026367143218e-03,2.623960911089895376e-02,-6.224108638624428202e-01,-2.279440490551571052e+00,2.170858890043219969e+00
2.460884137519778747e-01,7.778812006671464996e-03,3.978137242181212230e-03,-1.863034754203219956e+00,1.295907865094634959e+00,2.452940025295031301e+00
3.287217898669938521e-01,1.387377488801566638e-02,1.746489853077815013e-02,1.187351953072557365e+00,-4.204503456435607633e-01,-4.567924467277775236e-01
2.192496795335570070e-01,-1.049298144085719642e-02,3.937033948191448474e-02,-6.075837572048569529e-02,-5.282364245813726544e-01,-2.854112419404752021e+00
3.381722785872440795e-01,-2.246515876811797097e-02,-5.029460059915535908e-02,1.185317380469597337e+00,7.515288850801101761e-01,-3.471584916095254991e-01
2.433089243033093041e-01,-2.463859536746093593e-02,4.382503811081406297e-02,-1.358463200716941266e+00,-1.184644166100448759e+00,2.110053033268803002e+00
3.444696977536763072e-01,1.136189484938177063e-02,1.670471929968542213e-02,-1.280423245183895387e-01,1.369796786301312963e+00,1.264936879575865314e+00
2.297966331632235182e-01,3.152248761763964957e-02,-1.831471829759756531e-02,6.902053330556356947e-01,-9.740160194404176228e-03,-1.379004012747514274e+00
3.234176473880445712e-01,-2.653301093530202603e-02,6.817180262804445334e-02,6.082406061236611539e-01,5.827775166299616894e-01,-4.224187303538287530e+00
2.378646697635140583e-01,-1.598590538443532549e-02,-7.930640840732028352e-02,7.339646661944704276e-01,-2.975610659370149166e-02,7.378867522255898592e-01
3.592933887301246187e-01,-9.346774505476412864e-03,9.228635399474960366e-02,-4.416613432247289972e-01,3.438076024285788845e-01,3.060874467490845685e+00
2.353583450595060356e-01,-2.173272917764423884e-02,-1.775949113540775670e-02,7.332803768046010084e-01,9.567723883207017721e-01,9.813007713666571652e-01
3.355453770230116817e-01,5.529667099963686550e-02,3.920442192025674899e-02,-6.244494403263353144e-01,-2.626254937740589046e+00,-1.861710345682898726e+00
2.142892074252884527e-01,-1.486094676901961176e-02,5.144259433737197185e-02,2.023228445455137248e+00,1.811974648011036138e+00,-2.009658845359346913e+00
3.515563009396540650e-01,-2.203429335795359378e-02,-8.662601979695683241e-02,-3.083085796196862294e+00,-1.486143073312667040e+00,-4.733766948507038275e-01
2.298447058119474917e-01,-8.623777652497423285e-03,1.112150897030277363e-01,-8.881884968968383198e-01,-2.903683418504112712e-01,2.277583122531334769e+00
3.370654238828070248e-01,2.289160389765421133e-02,-4.413636750987492974e-02,2.634585811013874679e+00,1.358082448638051165e+00,1.865130860855354955e+00
2.026914402796879955e-01,2.137805968865869044e-02,4.977242355244726468e-02,-2.555881278081845176e-01,-1.697190124294166713e+00,-3.476548842473554668e+00
3.002203038117077227e-01,-3.433093557732874723e-02,-1.282485420038081969e-02,8.492973199039570709e-01,2.603051329098364342e+00,-2.652524750232942097e+00
2.201189226855202463e-01,-5.138760031801445360e-02,-4.131414666768318256e-02,3.031886355956319168e-01,-2.586765074910041484e+00,2.389119725433533681e+00
3.121705855984604483e-01,-1.636790411419025704e-02,1.166491341469280130e-01,-1.855277190734772708e+00,4.917714025703930347e-01,1.359519307311492786e-01
1.939873633737345671e-01,-3.773518325910774074e-03,-3.515451090330135031e-02,2.817597029104875528e+00,1.035220420787910545e+00,2.079375088511218994e+00
3.131958033668009733e-01,1.837001285761108438e-02,4.957031276638179662e-02,-1.178276292377129941e+00,-1.469384505188270795e+00,-1.609543594390942856e+00
2.025327179236313668e-01,2.121782627714985381e-02,1.329366787291075269e-02,-5.167526341001556223e-02,1.415299311662092885e+00,-1.389032558752464563e+00
3.284304939631752518e-01,2.578645855735367531e-02,-3.459329068217442682e-02,-3.031135072241154749e+00,-3.131807685712600264e+00,2.499161784784145635e+00
2.417650314042951720e-01,-1.214794860842233204e-02,2.012865915581762977e-02,-1.696073529716768835e+00,3.585914939028065906e-01,4.472693087031180070e+00
3.189512045017153241e-01,-1.736901114633959686e-02,1.939385596184894922e-02,5.737876326111208680e-01,7.075381976766035308e-01,-3.346417688067407359e-01
1.837416459886220821e-01,3.678882119399817796e-03,2.705487193184641370e-02,-7.234553058881731946e-01,-8.864002166833681029e-01,-2.308210707392347238e+00
2.786680206905778334e-01,3.627073543120162835e-02,-7.035238617406047723e-02,4.220280957539298328e+00,4.447023443401653786e+00,7.753307371732990338e-01
2.055021636360017112e-01,-9.124878833929317423e-03,8.379588333955823032e-02,-3.483368258950368945e-01,-2.109178517311734780e+00,3.109166982369964694e-01
3.099597831720082297e-01,-1.552989963553352837e-02,-2.193448202584047380e-02,3.671470875375877352e-01,7.460154160623659880e-01,1.727531587524517187e+00
1.992226429770287410e-01,-1.761896411124141970e-02,4.375625203823130249e-02,-9.902543211868044537e-01,1.000006335258436740e+00,-5.660555616196691897e-01
2.951999448836968298e-01,-2.110925017242748503e-02,2.610992284619495507e-02,1.517837410631604211e-01,-2.264762220172252150e+00,-1.308924912813519859e+00
2.086997774952390472e-01,8.573097101927551478e-03,-3.101319764963683667e-02,2.037082578577529834e-01,1.646252700772571131e+00,-1.783006120610492129e+00
3.421298015547282745e-01,-2.015834533113103344e-02,1.017919258332566912e-01,4.322326906595597845e-02,-8.231917213283703738e-01,1.603617334953055362e+00
2.457056056592854532e-01,2.730103665116301315e-02,-8.088382981090802559e-02,-9.003665591430487503e-01,-1.014959183160479395e+00,6.401895420211357601e-01
3.634070536154716535e-01,-2.783927020551790754e-02,6.483198013427848849e-02,-5.643518764136868926e-01,3.566539328050281066e-01,8.344952146134698712e-01
2.268433997736707397e-01,-1.576259104576460679e-02,-3.407127753775718304e-02,-8.337685882384427982e-01,2.454838813076201942e-01,-1.028115486379020282e+00
3.608057613654089835e-01,9.339736215622673754e-03,5.293278076870588933e-02,8.649123796572972811e-01,1.531306226456746078e+00,-1.904875942035407776e+00
2.590293002502583875e-01,-7.075686946985937364e-02,2.685962143236686472e-03,4.321233915577570861e-01,-2.797477567527862252e+00,6.433568811974735846e-01
3.773955816869509761e-01,1.080901162403025140e-02,1.572155543917741483e-02,-2.248437828604106237e+00,2.073039695836294882e+00,1.179601921372976092e-01
2.483073422943142816e-01,5.788429117345228470e-03,1.169182237226795706e-02,1.901187585928395762e+00,-7.015855613864678819e-01,4.731486138957302079e-01
3.371148984437333240e-01,-5.426077274159690766e-02,-4.876668960398511388e-03,2.846431124078999009e+00,1.487079862270951347e+00,-3.390126681358988758e+00
2.281216700781349971e-01,3.779849487033204447e-02,3.974407335594420942e-02,-1.008274750986799972e+00,2.945214317042623153e-01,-2.173019221358380992e+00
3.808031834706184782e-01,5.200672429539254793e-03,2.720057235726613953e-02,-1.849417562662275749e+00,-2.670942948295673247e+00,1.698041339486089152e+00
2.438888880378122792e-01,1.092889356098220022e-03,2.562837961538200204e-02,-2.532685197975336200e-01,1.606184043066213540e+00,2.443611919126440934e+00
3.651033825832747937e-01,4.648923096474277816e-02,-2.461220191660906664e-02,9.489174023576651962e-01,-1.017683513733341982e+00,1.753771250195580889e+00
2.367685453725343336e-01,-3.854347430422899734e-03,-9.125743954254694756e-03,1.412374780229429749e+00,2.540659447352998423e+00,2.329222360130554503e-01
3.696208529860776082e-01,-6.931570966403288736e-02,2.805219169001293977e-02,-2.700192804141940517e+00,-3.671287864678872026e+00,-1.999027910177238132e+00
2.526788967110071837e-01,-2.329554481537710053e-02,3.503755217630466490e-02,1.077813435081995119e-01,1.664325401679803695e+00,2.249418812670742618e+00
3.494011996406882758e-01,-3.444650367055901441e-02,-4.139919727610763545e-02,4.059048412188113630e+00,1.675788099811356791e+00,1.724128274369731151e-01
2.316053088517477931e-01,-2.901388275242311465e-02,8.218943207286066865e-02,6.078641359363662344e-01,-1.013604773761747291e+00,-4.107537193133699027e+00
3.791206862753888629e-01,-4.594245099707960911e-02,3.231694345771529697e-03,1.996133303409131088e-01,-8.296476582630892826e-01,-2.180493431461455689e+00
2.521333345552356775e-01,-1.309727892757875378e-02,7.371836466701875423e-02,-1.835015356986012147e+00,-3.150461765734778652e+00,3.686425237275390288e+00
3.429520437561599522e-01,4.579047692041426920e-03,-1.005286353586054560e-02,5.254945871475597691e-02,1.451775424349542654e+00,3.940079226919356969e+00
2.146643427980983176e-01,1.744178771246840398e-02,-2.532029942203806172e-04,-3.526376705497804021e-01,3.986596696495911529e-01,-6.327871120619523726e-01
4.076450718056925382e-01,-4.580047623568672677e-02,-5.674422567635950543e-03,-2.507252970107736734e-01,3.167988774682590769e+00,-1.033541913566109915e+00
2.434516377068192128e-01,-5.096364176203915797e-02,-8.215901094772881663e-03,1.661416575672431728e+00,-1.844463835489390746e+00,-5.434737193902253009e-03
3.469850504434788263e-01,-2.012704581836377571e-02,6.675685408418630118e-02,-1.831725357343435556e+00,-6.136844541390142904e-01,3.323987032128197683e+00
2.197036904512756905e-01,-2.053322607181717885e-02,9.006551147816566072e-05,8.813624264218212767e-01,-5.217661225726006879e-01,-5.877371752098369262e-01
3.151633034866740957e-01,-5.991458519718273479e-02,3.979014219062104729e-02,2.935933020817372174e+00,-9.573812207323760815e-01,-1.095086951709999212e+01
2.705899942133669356e-01,-3.933758866643732865e-02,5.665693095174528793e-02,-3.149811950998746002e-01,-4.522653808394277997e-02,-9.246540710157541199e+00
1.997467241225407975e-01,-8.627098406718758383e-02,3.720875670177470340e-02,-2.913533597364582839e+00,-5.819872856660903260e+00,-1.262515870303415078e+01
2.221757184907353633e-01,-1.600414929179905243e-02,1.179437082467327258e-02,1.539928853940509601e+00,1.881118278263994581e+00,-5.997572777012042167e+00
2.768263215820212508e-01,-6.222955739394997465e-02,-2.735625401751740071e-02,1.336561016621276465e+00,-1.297730589667988266e+00,-1.795831056877490539e+01
1.593067937339949225e-01,-5.720061385759223072e-02,6.705497077058986122e-02,4.782046094715906470e+00,4.346868610621727747e-02,-1.399325945867767373e+01
2.498743519668291668e-01,-1.101401054957307224e-01,-5.418468970745848878e-02,-3.111051631952254759e+00,3.396411826212328400e+00,-1.830152497973762848e+01
1.920118638717935866e-01,-4.059384418599165656e-02,4.356525173836889309e-02,-3.448976596492513425e-01,-2.945296294444389229e+00,-3.623686103328247476e+00
3.262031179214521792e-01,2.867768477011267692e-02,5.298584057448252338e-02,3.102070978593860051e+00,3.127391357486352330e+00,1.577334715759134420e+00
2.158390039782798198e-01,2.821366013840531650e-02,-5.606121662409258022e-02,-1.878612228515710969e+00,-3.743460096867276210e+00,-1.400594647677905646e+00
3.726730871013632651e-01,1.174399351323884844e-02,1.089751817587973903e-01,-7.667433038064990214e-01,1.860628343905531557e+00,-3.466985039559851600e+00
2.301615011048467885e-01,-1.130534077667277870e-03,4.664949963702014202e-02,-5.244877422593068328e-01,-1.031341825365198028e+00,7.427493343170924467e-01
3.810501249954247882e-01,-1.844760031030290293e-03,-7.857676939853064368e-04,-3.749257254408392193e+00,-2.890795791783774549e-01,2.342633113253838051e+00
2.484640552982746442e-01,-9.206770759284665928e-04,7.457287818047930728e-02,7.994644832279261815e-01,-1.183808735862211109e-01,4.564240603441187538e-01
3.663186432368643608e-01,2.142130059866076408e-03,-8.749209086262865753e-04,-1.266201477888803661e-01,1.973581834315081551e-01,-2.163605249790089502e+00
2.403195418417318763e-01,5.840061962292253384e-03,1.456817215591676984e-02,2.051154145312420685e+00,1.641410811230744171e+00,-1.675445543901378009e+00
3.596057747532279691e-01,2.695736496371026192e-02,1.179461755754918073e-02,-2.348644501424956010e-01,-2.530621902381654742e+00,1.148942779648940204e+00
2.548697979145266856e-01,-5.590971028993863001e-03,2.937823190467714340e-02,-2.363667779767767207e+00,1.087331284760348238e+00,3.471897638310124379e-02
3.483783614660236339e-01,-8.058864842162449804e-03,1.003835501905010474e-01,1.598047198615903719e+00,-3.102853940257759735e+00,-6.181775521433502396e-01
2.327724454015340783e-01,9.177624135389805815e-03,-4.256790133583887581e-02,2.269544053163014663e+00,1.437122520649645629e+00,-1.547225562712587932e+00
3.533405372040645531e-01,1.514178082734574105e-02,6.671886928184100896e-02,4.446325547498570785e-01,2.747675326798181272e-01,-3.117442283621524091e+00
2.365219530393094516e-01,-8.750439359168638020e-04,2.350956816907512348e-02,1.475403854524640623e+00,-3.094226626829569060e+00,2.276108146651482755e+00
3.696085139159093202e-01,3.699721665126531889e-02,-1.775252883584244046e-02,-5.559764985808967275e+00,8.887885441492205940e-01,-2.024939069931646518e+00
2.292529787208135161e-01,6.125012971838827980e-02,-6.983435078561583964e-03,4.200145885128867551e-01,3.399113175929271424e-01,4.081974113436546148e+00
3.455594319305985707e-01,1.381076845959228194e-02,2.069472831993035555e-02,2.067680215486368489e+00,3.698707575137505810e+00,-4.536149193828306059e-01
2.486713525116961421e-01,-1.254653061951316317e-02,5.235089742956500203e-02,-1.670772382755148389e+00,-3.282073920061661543e+00,-3.640277029602026482e-01
3.591161850821844581e-01,2.212398439613849632e-03,1.658797118280208593e-02,-1.688090871317036390e+00,6.260901676614864797e-02,4.463361169521707694e+00
2.251138900204949778e-01,-5.426516663884939362e-03,5.469681424018268956e-03,3.142528218350058467e+00,-1.590843442471947977e+00,-1.046730424306584611e-01
3.296847418701354115e-01,-4.320517219808195364e-02,1.057015930065077214e-01,2.745014174456371858e+00,1.467438035387633510e+00,-6.783263768545729100e+00
2.239284711473263911e-01,-6.613492280649779786e-03,-6.542524115433145937e-02,-6.161245570039306507e-01,7.632030911390346173e-01,-2.190897464434351072e+00
3.615759031876857321e-01,-3.824884446104448443e-02,4.369278899393780335e-02,-5.177735359073411203e+00,-3.018913315862246538e+00,3.608164890803594815e+00
2.379599022016831711e-01,2.134861456866588014e-03,2.117547609225312044e-02,1.854701058090390653e+00,2.185735993841471547e+00,3.180270994720680200e+00
3.493604406023926856e-01,-1.064136460220055369e-02,2.293523248080298060e-02,2.224134426936551279e+00,-1.664372041181255701e+00,2.454653948148056486e+00
2.154961724662047828e-01,1.225684968972728939e-02,4.778268724275669399e-02,1.517208209323718027e+00,6.848094402194497832e-01,-4.217879129178828457e+00
3.420790018128467835e-01,-1.151247250012090717e-01,-7.879893827676909268e-02,-2.375391069675936606e+00,-3.420073670105297836e+00,1.202118596284405122e-01
2.424278172936045195e-01,1.437248050142159173e-02,8.837144289237741646e-02,-2.876842925780021432e+00,-5.328392425441487168e-01,2.581470210110079044e+00
3.464757262623319178e-01,-7.126898387138425051e-03,-3.099070562820660513e-02,1.163576964919483592e+00,2.836519717977450838e+00,4.022069017984266637e+00
2.211568550821780832e-01,1.190374300493246551e-02,5.999845289928362746e-02,1.465066293065053094e+00,-1.265755399832573236e+00,-2.288547191215902554e+00
3.166744412816608900e-01,-1.399228453581713438e-02,-1.877348789826083220e-02,1.751538884350507752e+00,2.138437558512223280e+00,-3.163618180245769906e+00
2.261147713082145572e-01,-1.761085001516349280e-02,-4.133653150947047550e-02,-7.549885310143508201e-04,-1.225901069978478919e+00,5.756071898339617521e-01
3.590668623913977342e-01,1.296739015527137440e-02,9.982666156585917605e-02,-1.993237762125565471e+00,-2.906198789262017246e-01,1.384308452395689448e+00
2.384916797446976489e-01,4.492777010679915861e-02,-5.098808063332072038e-02,9.256435933540382299e-01,9.461838690265665930e-01,2.890779379262453652e-01
3.303838485523797885e-01,3.025227232565086410e-02,8.669994045796780568e-02,2.685694388930345955e+00,2.866161994977475258e-01,-8.226426641363206116e+00
2.101856550782255084e-01,-2.089446934252947585e-02,-3.293355177331580563e-02,1.542311570591243575e+00,2.011441633721850142e+00,-5.438235946419633926e+00
3.227929392221469129e-01,-7.084368228407456058e-02,2.786340829144862141e-02,-3.879567447482366038e-01,-4.100819947239606300e+00,-2.569857663661466063e+00
2.211743382044497608e-01,-1.293604291646488491e-02,3.722100403644468258e-02,1.104723298842575474e+00,2.760744670267782475e+00,-1.790467823981362949e+00
2.993036082983824286e-01,-8.403263632535384886e-02,-2.215186981646155573e-02,-7.604301479810146591e-02,-2.671848790600023005e+00,-1.243158247449839848e+01
1.646124744847742294e-01,-4.372089975470672130e-02,1.006598427285076980e-01,1.735866303450155801e+00,-3.569702858836146797e-01,-1.037780903662671328e+01
2.942724857770189217e-01,-1.174936555012457973e-01,-1.478753383260134058e-02,-6.795372500572177676e-01,-5.283473954142150486e-01,-1.572240005501335780e+01
2.324114014763534186e-01,-3.504307195870381975e-02,5.054539716704553598e-02,-1.302424437542459845e+00,-2.126117170082881369e+00,-5.495858333418137676e+00
3.377322966334705967e-01,-4.377860305375591565e-02,8.680597174286930340e-03,-1.470097950382894592e+00,2.590018878517847067e+00,-5.827214960035358438e+00
2.227475463516341847e-01,7.985083511670154621e-03,-7.899228602830987711e-03,2.250101062706209909e+00,-7.229964596631558438e-01,-4.794243019442761877e+00
3.133832276072041623e-01,-1.495970559744463912e-02,2.251985199936612503e-02,1.210816033051080431e+00,3.313994877309992537e-01,-1.253921312879462846e+01
1.856805778234651427e-01,-2.043467436896406753e-02,-6.025054815042452105e-02,1.003911234464700097e+00,2.361724648332070298e-01,-3.176946311125856681e+00
3.649371257392246548e-01,2.026518747426386824e-02,7.546177303601986353e-02,-1.618980680779256609e+00,-2.876986564096301269e+00,1.451970729276911953e+00
2.493496498425926688e-01,1.342846458501689710e-02,3.894245255233741432e-03,-2.439932388508901095e-01,2.378436482692034559e+00,-5.011108818596190506e-01
3.749837720228939020e-01,9.331381587744047579e-03,6.634715927628143106e-02,9.905748583976407007e-01,-7.078026290134976639e-01,-2.271315763339076366e+00
2.612192185457935523e-01,-8.980628035121895891e-03,2.007151292092856920e-02,-4.633005650544079757e-01,1.746384086299473504e+00,-1.361155342691716452e+00
4.371822743687054924e-01,-4.305496535264730085e-02,-5.436480520472741773e-03,-2.481318970052420525e+00,-3.329923714602058826e+00,-1.399236257307190812e+00
2.510553767268959291e-01,-1.811637215624806174e-02,3.354518577332843421e-02,-6.940685122001565288e-01,6.396911565456342430e-01,1.640120193324226427e+00
3.788498061023943819e-01,-5.238207334556577166e-02,3.101593150026626944e-02,5.274004746501660179e+00,2.982951398356472605e-01,-3.690803877010021550e-01
2.411141612618692420e-01,-1.739858240736857908e-02,1.156428677102638858e-03,1.184088531396853883e+00,1.182459952394318670e+00,-4.047647832023745451e+00
3.656085250992262559e-01,3.530307844670232953e-02,4.415823724492184965e-02,3.037509770381510710e-01,-1.422870187594591718e+00,-9.633047259200259171e-01
2.467480151907892605e-01,-2.134349961242421045e-02,2.103752999067509677e-03,-1.143413609251220153e+00,-1.457615335701761161e+00,1.040324941393783620e+00
3.616419425986450165e-01,1.487790176918935003e-02,2.431069044803280121e-02,7.302477445679117496e-02,1.938212991359110404e+00,9.430415323429846008e-01
2.463375105223839512e-01,-1.940096054713436047e-02,-1.882345666579965382e-03,2.574628985417444227e+00,-1.590589260374992708e+00,-8.449810649980091792e-01
3.825209297116849427e-01,-1.350623764669123261e-02,2.551504446142693894e-02,-1.378872291059358712e-01,2.591443703830405454e+00,-3.890852504286070879e+00
2.724712707763359276e-01,8.310515987819400152e-04,4.530812699822917011e-02,-7.159493037263359172e-01,-1.993322783827186750e+00,2.517367158967205309e+00
3.977481166990983752e-01,1.496116474863029566e-03,3.543955119283737076e-02,-4.895010569450113813e+00,-1.296179177077350309e+00,2.783804481035099698e+00
2.508157049065324884e-01,-3.601118396247038334e-02,2.325476653332714250e-03,1.293283382196042552e+00,9.214950245262468198e-02,1.538785513696703910e+00
3.646932230001773689e-01,7.044415911048318435e-03,-3.777141922357074577e-02,9.624031545689556433e-01,1.690974005699779292e+00,-2.107164130144448144e+00
2.425860047585430834e-01,9.305612143704067307e-03,3.547661357673526084e-02,4.337063378620674703e-01,1.166589866628192862e+00,8.079251689044979479e-01
3.804433632788963848e-01,-3.405665172488347991e-02,4.437081227319339405e-03,1.005006747912785103e+00,-6.192313300638030427e-01,3.955032728823663746e+00
2.101271946829239567e-01,-5.471614300745741843e-02,3.518931777476375089e-02,1.408997950640253016e+00,2.767924878166326152e+00,7.506432215568868693e-02
3.532045832863239809e-01,-5.503543970627511328e-02,5.134574428799076884e-02,-1.251220187899395375e+00,-2.484347287339000232e+00,-1.135750128870439912e+00
2.153311360544130082e-01,7.842995412371323027e-03,2.098468627890071048e-02,1.760820882578015834e+00,1.072155070448862491e+00,1.999473967143984732e+00
4.092856332436429767e-01,-4.496337237577918700e-03,4.877668831210613121e-02,-4.697193172398029803e-01,-3.739850227892415280e+00,4.929767499032450928e+00
2.351097779433324320e-01,-9.997224607838361976e-03,2.095290851609199478e-02,-2.051072690179946534e+00,2.047350565036151426e+00,3.687250456488046169e+00
2.970379040834671969e-01,-6.059516420393862290e-02,-4.259954212018968178e-03,5.121203914559937509e+00,5.674864877523244644e-01,5.038491200588557817e+00
2.276010029687842717e-01,-9.137192915275171856e-02,-3.981950063087502656e-02,8.701401258166874264e-01,-1.065470157778555027e+00,-3.665090648968221121e+00
3.247732845104511767e-01,-4.684976807857488268e-02,2.011847083991114005e-02,-2.854359619990810781e+00,1.705553121613208711e+00,-4.322642143229213474e+00
2.529026041260742375e-01,-4.246007625097192317e-02,-7.828193252529125346e-02,7.147472977090235657e-02,-2.422830808653801959e+00,2.223840768490687569e+00
3.409313051604385691e-01,-4.778051457528320611e-02,-9.778758815217791778e-02,-1.322304225625735352e+00,1.065155969642189948e+00,9.145500478270686129e-01
1.979345743231153421e-01,-4.957660895768967180e-02,-7.107785538492628064e-02,-5.735555065555518750e-01,1.427855227228881085e-01,-1.152246599863524068e+00
3.138442917880368555e-01,-5.104744399271687882e-02,-2.838214020781926195e-02,1.197161748497621803e+00,2.861990089807053383e+00,-2.136793450356024859e+00
2.380971663671704874e-01,2.514617118803030849e-02,-5.485977085152349275e-02,2.683315541463016540e+00,-5.859322805824651592e-01,5.766354533321459641e+00
3.782677063619521718e-01,2.671217472794040759e-02,-8.332647612935062398e-03,-4.978400468387415678e+00,1.494713600406407661e-01,1.612364652530472142e+01
1.847843975903260549e-01,1.621753314922713685e-02,1.855549239974507714e-02,2.069079130563041158e+00,8.000443571159741030e-01,1.496153833122173538e+01
2.832647323093904212e-01,9.297220123706750883e-02,8.330725638796643295e-02,-2.180271506878345367e+00,-2.999364671977105878e+00,1.019630310446890853e+01
2.159750430130111809e-01,3.950968410611821469e-02,1.270633680973709545e-02,-1.107374939705866312e+00,1.958519271775680304e+00,6.712611856788565312e+00
3.649294701052179235e-01,1.393960325334475669e-02,-6.729548151480813090e-02,2.169802752367617771e+00,-7.076645390155434923e-01,1.329940735811099373e+01
2.437141541145511070e-01,2.933447267700017846e-02,6.549586296034881627e-02,-1.708588891015535793e+00,-4.344436592404595787e-01,1.006455840302260718e+01
3.220760982615686885e-01,2.628891595207960563e-02,1.542485808396598657e-02,3.400638612208202627e+00,2.476236885755581429e+00,7.739968340696886884e+00
2.026920127678977224e-01,2.729110530483680463e-02,1.818525059909426034e-02,5.340728002877255243e-01,-2.010995098487791122e+00,-3.776775088759503518e+00
3.080846137773534110e-01,-1.220097731057734336e-02,3.891060632011367204e-02,-1.418596236106073771e+00,1.451309300931305168e+00,-1.601216071290140652e+00
2.334007935713486859e-01,1.350080849850243681e-02,-3.892093076400016116e-02,6.884331851782028444e-01,-2.305532896606340199e+00,1.526328898524417443e+00
3.614303703379437849e-01,2.871096571265496777e-03,1.188540761539957913e-01,-4.937522844749471673e+00,-2.199865279608697488e+00,7.618243574152240294e-01
2.371401546110920577e-01,5.921896290544736985e-03,-6.052234512624821150e-02,-1.298246652281832114e+00,1.572655660089126439e-01,2.578811782700328181e-01
3.461759447364514131e-01,7.242025808965379952e-03,4.228684921358194515e-02,1.953582280492154322e-01,-1.075960752780414920e+00,-1.470567648937489258e+00
2.260442384933103455e-01,5.093875106037870637e-03,-2.061688682208107082e-02,8.491811357276636552e-02,6.673474033998918475e-01,-8.042156457438467410e-01
3.797899508194628737e-01,-2.778370551181019721e-02,-5.547673795927465790e-03,1.218752024269363465e+00,-2.363673775091216900e+00,3.790932354866569653e+00
2.476212980739767033e-01,-8.667382210040486257e-03,6.101546440170579899e-03,-4.071042546647139382e+00,2.141824225796528758e+00,1.676821376324786117e+00
3.595350252334341690e-01,7.429567640004464124e-03,-3.328084669501585324e-02,1.202519297884444338e+00,-7.984586606210846149e-01,-9.888083480762173139e-01
2.269652891091773483e-01,-2.179662244931179771e-02,6.077169798040493731e-02,3.776029910808986756e-01,1.188745891961731749e+00,-2.860410345697882661e+00
3.453172809101161533e-01,-2.574513592560201403e-02,-6.621808027514930473e-02,3.812293488713410561e+00,3.440145191534195179e-01,-1.610200174913277937e+00
2.647146303490757191e-01,-7.787169627068379896e-03,2.871930592509563951e-02,8.746461204731256767e-02,-1.577873065223644344e+00,1.847968286197593013e+00
3.869907215793375599e-01,1.838764858508312727e-04,2.987202338427508153e-02,-2.786947703580785474e-01,1.146171351925866722e+00,1.682995789255270269e+00
2.524605362759011484e-01,2.012524134190840641e-02,-3.063385318494837861e-02,-6.402208061590725086e-01,-1.008918538187853153e+00,-4.194260104544421885e+00
3.839413924280847823e-01,2.751522803829153929e-02,-4.060145813728155417e-03,3.208786617211317971e+00,5.406803497601124775e+00,-3.579402718994413313e-01
2.377821030428002302e-01,-2.457281649842180116e-02,7.492127692580297094e-02,-5.461756906313253168e-02,-2.969160671705783461e+00,6.922896732499899120e-01
3.791478051018124518e-01,2.392043997188686433e-02,1.144948283636537667e-03,-2.504526009194328218e+00,-5.461070908974274829e-01,2.239894252340159042e+00
2.344997245683231313e-01,-4.104395065351162941e-02,1.375082820715611831e-02,3.183539746187471930e+00,5.032278812770528686e-01,1.601565234671409765e+00
3.489868097517714318e-01,1.840588836005352391e-03,-1.665576662758105897e-02,-5.130862250678880354e-01,1.087029814169036657e+00,-4.441706673406578432e+00
2.180169494080246295e-01,4.384774403810354215e-03,3.987315771441224399e-02,8.261199074341413207e-01,1.488335741020672343e+00,-1.453978395212238706e+00
3.685715997937073496e-01,3.336411551784124185e-02,2.951608316924847486e-02,-2.131623118686269969e+00,-2.299758345184582442e+00,1.353743157322740975e+00
2.469981206860794032e-01,1.686552175422129096e-02,1.357963042147503074e-02,-3.775777922692087896e-01,8.828374965745918734e-01,1.828523162918024525e+00
3.517726758343826532e-01,-2.380618104280252112e-02,4.329256470884423891e-02,-9.940046156322287496e-01,-2.699544305207727035e+00,-1.423422153757035291e+00
2.349032700958950670e-01,4.375920164034496906e-02,-3.197840042658661730e-02,-8.504613105590358435e-02,1.662891572622520409e+00,-1.600213060458085534e+00
3.594159777199550376e-01,2.663215042099764673e-02,6.355572339739445908e-02,6.629385648894193794e-01,-6.877375950332509369e-01,-1.015576507659794459e+00
2.537777200380091358e-01,-1.085169399061669537e-03,-1.801917598331037595e-02,-7.741523850018318109e-01,-1.110799861640747066e+00,1.869724302704337537e+00
3.696389485941757869e-01,-2.174590191575731524e-03,5.788457341201258544e-02,1.373394206318912625e+00,2.257041111847914117e+00,1.830673537219959235e-01
2.380181041466791214e-01,2.000922665910742637e-02,-3.483623764571674997e-02,3.940885321242624695e+00,-1.846858100069473929e+00,-4.392103747243500389e-01
3.489003292054704275e-01,-1.320800721877901651e-04,9.872485114858164934e-03,-2.933240403707658150e-01,4.119115131236931404e+00,-3.368639182546465438e+00
2.355855849218713161e-01,5.450062075382433591e-02,4.296157299913438976e-02,-4.092432024053104023e+00,-2.874573337790580663e+00,-1.574038822906421720e+00
3.751665736226108550e-01,4.775470852944074807e-02,2.960499249537207334e-02,2.798547633665902090e-01,1.915267207867920929e+00,7.326920177871253159e+00
2.408996249928101463e-01,-3.975421590157068863e-02,4.382552923359384067e-02,-2.045346035195701795e+00,-7.773525902764927276e-01,8.302572075310058475e-01
3.677105262872117919e-01,-5.447902349743571904e-03,-6.558521310646270308e-03,1.282479199346667320e+00,8.983091232125909320e-01,-3.859908184598176417e-01
2.411045782334220178e-01,-8.018468524628730165e-03,5.860286274135795281e-02,2.071740072527610277e+00,8.477354434181259002e-01,-2.118542422343882237e+00
3.642465029371528829e-01,-3.585840932145067939e-02,2.424706262916309640e-02,-2.732236568456601622e-02,-4.170229591466722674e+00,1.450102897128393797e+00
2.565114349647643621e-01,-1.977241412211938609e-02,1.763612959385696399e-02,2.240446508266383585e+00,1.518647113730703158e+00,-1.496128371435518911e-01
3.464357817667682582e-01,-4.582102031092105676e-03,4.336344862344354567e-02,-7.888140875793160367e-01,-1.697488769430175903e+00,-1.199563708306535581e+00
2.241945565621534797e-01,-1.267959655636907712e-02,8.813629745723972064e-03,1.676091461978196140e+00,2.929253930285262708e+00,-1.705544239497547965e+00
3.602795185813008061e-01,-4.968066552352290444e-02,-3.134413321267892627e-02,-1.315452593869645304e+00,-3.780323067512386892e+00,-7.698759863099520206e-01
2.226432541282257205e-01,-2.243526924997318872e-02,7.450296349007423657e-02,-1.628624224551953992e+00,-2.060533831630234902e-01,2.932639089834293555e-01
3.553051274253355984e-01,-7.333422364807873350e-02,-5.421420669075160959e-02,8.926204294030901654e-01,-2.082549621237125004e-01,-4.639873762535360768e+00
2.243996944835444651e-01,-4.782628892346707516e-02,2.294286220131880327e-02,-5.082534489062120325e-02,1.308522983290350862e-02,-8.538242634703692602e+00
2.802621663196127599e-01,-4.978548068012500494e-02,-4.799323444187209020e-03,1.879377501312692766e+00,1.234647888617939060e+00,-7.830167777815419505e+00
2.187876871783984711e-01,-1.911502225555850032e-02,6.144198812666346043e-02,-2.824563164524805270e+00,-3.735987956874641913e+00,-5.440325330816961014e+00
2.575715469387986900e-01,-7.068478268621447569e-02,5.831738308257428116e-02,-2.746973883115934600e-01,5.746995965305017329e-01,-1.372638792356285009e+01
1.588607493257629955e-01,-6.583773032186712726e-02,-4.245299555334192121e-02,1.659069505753325346e+00,-2.093963858803975064e+00,-1.109980243197951744e+01
2.136321680254678057e-01,-1.194963505208157528e-01,8.665599594110773296e-02,3.664559542519326918e+00,1.692699234755324078e-01,-2.021941382765725947e+01
1.727160049551064169e-01,-7.324932083229995783e-02,-2.675972399203807583e-02,-4.191262094602752342e+00,-2.583999889274793738e+00,-9.023656284308792408e+00
2.980504864262636389e-01,-3.446243931676562511e-02,-1.272844831311381597e-02,-1.033525517398187210e+00,-3.397867963263177526e-01,2.170021030256476635e+00
2.189622314854942076e-01,-6.521093955002754683e-02,2.312844034121219750e-02,9.521228118846959687e-02,3.785320771657641359e+00,-2.845891533286400321e+00
3.133105273685217185e-01,-7.871400570094522209e-02,7.083430713247729216e-02,7.340230180008473493e-01,1.108489122245216903e-02,-4.382265121052779655e+00
2.133495490351240420e-01,-4.391247725855151884e-02,4.934367395658334488e-02,1.275782946086173375e+00,1.066031553978845220e-01,-2.814487558955946600e+00
3.347261147673563642e-01,-5.252054735984756917e-02,-2.617550244285204997e-02,7.598782182965976850e-02,-6.881712533044072044e-01,-1.871178964161884339e+00
2.343511798713215910e-01,-1.413042292191590832e-02,2.339189007686393040e-02,-2.601338813920194060e+00,-7.825275865983359891e-01,1.627274009357732920e+00
3.413294446626835565e-01,-8.961241549787501981e-03,2.437639159225568619e-03,3.421924548045320869e+00,2.952374867077259615e-02,3.774551135666736279e+00
2.180832021089251782e-01,-4.523548210606520570e-04,8.981388452464678096e-02,-9.220826069277376913e-03,-3.011656422612803308e+00,-1.277909173507680407e+00
3.401122017369004880e-01,3.393895979123939810e-02,-2.640199817209420985e-02,-2.216448296982550248e-01,4.868613630166413131e+00,-2.356847201262942448e+00
2.315155206557726331e-01,-1.545835365199721423e-02,1.540505284532756036e-03,1.189294873585523771e+00,-1.584317593442364114e+00,1.693608762632569986e+00
3.582058096607374509e-01,-2.729598697463941903e-02,5.299198132381732762e-02,-2.154999396396850120e+00,-2.516690704737475137e+00,-1.724568003183272857e+00
2.612525943487993274e-01,3.323032495467259650e-02,1.259426377536065900e-02,2.422625140937639809e+00,2.264028179835084476e-01,1.254535451338327112e+00
3.273962223913846614e-01,1.183185372117634415e-02,-1.776366957896513554e-03,2.195625259646919236e+00,-3.130447432330316637e-01,-4.324782568010466122e+00
2.198308136068067853e-01,2.406627973651609409e-02,-1.759663073569406322e-02,-4.619201484126154167e-01,2.216456938991509418e+00,-2.647682397818373445e+00
3.575434896794416062e-01,3.574132011947384058e-02,4.677164222596097432e-02,-2.512568200732042900e+00,-3.704774824208612038e+00,2.217704817620645308e+00
2.404430226489431277e-01,1.498384344534997581e-02,-2.425635591666619462e-02,-2.662257101047951768e-01,2.099379922064928738e+00,2.065685274081590084e+00
3.461083516358147705e-01,-3.921296666439744172e-02,3.929091895310143912e-02,8.242282255961003168e-02,-1.412494392691583833e+00,-3.579667061976143039e+00
2.412676924999175299e-01,4.425609774913397132e-02,-1.596110610299028565e-02,7.671972713931503318e-02,3.486020755393945403e-01,-1.915609355527620794e+00
3.470221705883815844e-01,4.621925817960459426e-02,9.417348569240147071e-03,2.802313114656916904e-01,6.370839403441419524e-01,3.992775827119851573e-01
2.481177819017670316e-01,2.222200626241743748e-02,1.463836741186597123e-02,-2.302940655745485010e+00,-2.206895822026841536e+00,2.334674644543308197e+00
3.863263158320213719e-01,1.980346775226848877e-03,5.485109164821366790e-03,-8.286153711824378876e-01,1.865280007685895525e+00,5.671862073771405388e-01
2.472319544856791396e-01,-2.789390701530791716e-02,2.011003596853022657e-02,1.281764359004327947e+00,-2.357173652435625044e+00,-2.687240282195363150e+00
3.573570562390937511e-01,4.037807727227260557e-02,1.401291388146930217e-02,9.665501867295668292e-01,3.528283433071060848e+00,-2.126246218735137639e+00
2.642081039077588400e-01,4.803125521404183473e-02,1.398628330201034942e-02,-2.520930136500493468e+00,-2.389127340980948588e+00,8.524204272502856616e-01
3.916795878772090234e-01,5.590321144515186802e-02,-3.829622575360502879e-02,-1.371523606143957297e+00,5.575216067023633926e-01,4.502173921387448985e+00
2.525276622590872933e-01,9.390527129887971114e-03,5.426722656502747100e-02,6.798682167262556364e-01,6.982325582130254338e-01,1.627069124771961750e+00
3.604053769302186794e-01,4.847737834793974798e-03,3.749213111046145741e-03,1.756428145650366091e+00,3.758209571040930230e-01,-1.235936682921484842e+00
2.489822423283811759e-01,-9.846565537554141656e-03,4.910903289392543059e-02,3.523803732239466080e-01,1.267546838550777766e+00,-2.358643172014542877e+00
3.520225115470099198e-01,8.760018448018058734e-02,1.157911275745426849e-02,-2.492891400682798686e+00,-4.999254340776669636e+00,2.915386133208422326e+00
2.542108224845476272e-01,-2.275431547117534592e-02,-9.960151564717634187e-03,1.113065202410449928e+00,8.937049904179474868e-01,2.555538313867391054e+00
3.719834213053812011e-01,-1.874553466642581157e-02,4.387984815745760159e-02,3.578644283659856651e+00,-2.292329688640035723e-01,1.138354883509690163e+00
2.423445820635788950e-01,1.671275798437577009e-02,2.441500939991847474e-02,2.013334487278773732e+00,2.537376796829303061e+00,-3.143385577191419866e+00
3.566850829265668654e-01,2.358518471980275422e-02,-9.308687845859253684e-04,3.423994849979697386e-01,9.391115243835417292e-01,-2.019036352753564856e+00
2.471521001547367646e-01,2.678741564997011437e-02,5.325763997979215958e-02,3.185051402681326471e-01,-2.889947832611639900e+00,1.568908500018704189e+00
3.712054172457199819e-01,5.559977870181498361e-02,-3.774017634528448184e-03,-7.338081128948844567e-01,1.306651832775634903e+00,4.204719804032109209e+00
2.476486395435483212e-01,6.076382530146062777e-02,6.860609345291912575e-02,3.255753201935750463e-01,-1.559090162811025415e+00,4.903650676724905511e-01
3.531168318396046280e-01,4.691536137500662562e-02,3.064170849312120026e-02,1.999701634323323429e-01,4.856130820218661270e+00,-3.131049670682594321e+00
2.662513143950531180e-01,-5.212042663662330710e-02,-6.311520212340759883e-02,-2.854922191615948623e+00,-1.700851343342479005e+00,-1.586116428221468366e+00
3.737376188483726436e-01,1.214775318447536279e-02,1.609887069339954735e-01,-4.734585374517030765e+00,-1.131785496539868818e+00,3.837063110847016123e+00
2.347001660293286385e-01,2.330664941641202859e-02,-4.674593449398400935e-02,1.754074917425131108e+00,-1.451578592055442485e+00,-3.977982748752408870e-01
3.423497885847845978e-01,4.948367495217453893e-02,1.223537923854696174e-01,1.366741863134718349e+00,-2.576984748087451926e-01,-1.065201398699423319e+00
2.334937407473649529e-01,-5.475742390526505687e-03,-5.003365968992312673e-03,2.290232596781262675e+00,3.323733606014162678e+00,-1.267110380421724747e+00
3.677342367530131995e-01,-8.314742321005041958e-03,3.273312943565898081e-02,1.042630129352604129e+00,-1.909408715167443704e+00,4.642435833713262627e-02
2.326990181241987976e-01,1.663649311631587580e-02,4.162294936214294694e-02,1.171270917038365056e+00,2.471681017314395490e+00,9.194597588393241816e-01
3.515221179841256927e-01,7.775474463606713016e-02,-4.642783718809440074e-02,9.080707511258002962e-02,-4.037534398301797500e-01,-1.227746603411603576e+00
1.991541135757493031e-01,7.250337104222026596e-02,5.175910370489589241e-02,-1.380943003521312606e+00,-8.252486907489127166e-01,-1.672892896074328561e+00
3.256078583178907415e-01,2.275814228383410409e-02,1.862455397605877749e-02,2.654303780156472836e+00,4.057065475644540342e+00,1.486378751592388525e+00
2.394136542333153983e-01,2.070992137345939454e-02,2.322929223815251021e-02,-1.672908202093845720e+00,-4.403762551760136645e+00,-1.974435930219985202e+00
3.347427495099273287e-01,3.348843874903195683e-02,6.313749024059589487e-02,-1.447680527905825354e+00,-7.665128542155828784e-02,2.285855780589431063e+00
2.264392888865862652e-01,3.608920194970366424e-02,7.010135555351126868e-03,-7.795802539691877309e-01,-1.985487226233751068e+00,6.318585242254394219e-01
3.153567074653897961e-01,4.533671288249863096e-02,5.173220941973610820e-02,1.054127640753660167e+00,-6.580634810392393952e-01,-9.267679838173927820e-01
2.317635906177186733e-01,1.344413332098426395e-02,-5.197643710608446099e-02,6.146739415910721371e-01,1.085429752964949035e+00,-4.694155629528398155e-01
3.693291895517738510e-01,2.620361231454282347e-02,5.480753578439667706e-02,-4.086631742067128314e+00,-4.532167867973866393e+00,2.709636827701473738e+00
4.890139047316486298e-01,4.608694007052349662e-02,-4.024432575392467015e-02,2.421939318366099325e+00,2.010028798010761619e+00,1.168936548526542385e+00
3.315485874716257442e-01,-2.896682858990473619e-02,2.067603271238205309e-02,1.484752960009922740e+00,1.821804400671505508e+00,-3.606869305671049908e+00
2.376349999431868198e-01,-8.295091213692984411e-03,-1.098716300190893946e-02,1.487125008100319556e+00,-1.712888011545654343e-01,-1.993233763976467898e+00
3.680492525068430609e-01,-2.417761562068676540e-02,3.848999464797664416e-02,-1.357437817919515233e+00,-1.408688615300999647e+00,1.177761651342848076e-01
2.302238853535785168e-01,-1.504474627276053411e-02,1.028758123181816586e-02,9.503293503181586832e-02,1.684825427075240745e+00,-1.735990849366834787e+00
3.334511395902870490e-01,-8.369983019752069708e-02,-2.843676444742371245e-03,4.116134906924679981e+00,-7.616818635690802974e-01,-9.709381010554192670e+00
1.763931434611547000e-01,-2.917280405601019311e-02,-2.086681419914349078e-02,3.341065341617332485e-01,1.718439467657452591e+00,-1.101418293895604350e+01
2.913346878422991004e-01,-6.550565816763764815e-02,6.677593869421372119e-02,-3.187485949188739731e+00,-5.463805897343668505e+00,-9.897800167267357452e+00
2.035373895380931941e-01,-6.389474283894358564e-02,6.007077684635042658e-02,1.287388267410760970e-02,1.391094353688794083e+00,-6.632795178747202591e+00
2.670437013264894688e-01,-1.137962332893849293e-01,-4.324602003878297296e-02,2.149163017348912685e+00,-8.686072473586057274e-01,-1.148825068764399582e+01
1.960124408425159004e-01,-4.713493228934240165e-02,6.590640618372312076e-02,1.429144002469077801e+00,-1.818583198959575320e+00,-1.253952902946956272e+01
2.803996636097387807e-01,-5.602242132804491348e-02,2.232433013946000244e-02,-2.992206026862350043e+00,-9.841130537182195548e-01,-1.058434584475470963e+01
2.219883848955213068e-01,-6.758164410134881450e-03,-8.284871276027061526e-03,-1.038556577010349535e+00,-1.712664331668552364e+00,-2.294711613534409889e+00
3.270273530925216221e-01,-1.366212206849937161e-02,6.529782446717291577e-02,8.220526489048644858e-02,1.917348941118964145e+00,-3.001372842845989375e+00
2.141878398243086679e-01,1.486178640060842326e-03,1.933465981952586787e-02,8.033470067041643681e-01,-3.686640193781774322e+00,-3.087446313847447055e+00
2.970253192704994660e-01,1.411010807650647791e-02,-1.742706451970299497e-02,2.234349928507147531e+00,2.077025691197276647e+00,-4.074335023878437489e+00
2.249790823628572412e-01,5.784609582638822189e-03,1.696885792293656436e-03,-7.988562779227856847e-01,1.767937007916509373e-01,-2.737521918990230230e+00
3.615287928307360232e-01,5.070134501560108475e-02,3.401326008095573172e-02,-2.936959164629492136e+00,-4.371379369374446822e-01,1.865510653726464296e+00
2.394560388022703989e-01,-1.327993056538190331e-02,5.351788821339731328e-02,7.000261568818720859e-01,-7.602387725800944240e-01,8.526384420882666682e-01
3.227814800825825614e-01,2.790387084534451390e-02,5.700258912863631622e-03,1.729600042776170687e-01,-4.125615235094672428e+00,-3.111617701313666551e+00
2.296175910899975747e-01,1.933947383097489592e-02,-5.400639955257524605e-02,5.585022710410815217e-01,4.027488495148567438e+00,-2.077931050944965552e+00
3.938227711959285671e-01,7.110976350602982166e-03,2.341654546220617306e-02,-1.804477463688227479e+00,-1.615127577906410317e-01,2.945539914316276653e-02
2.581527912192420615e-01,2.037648356790011661e-02,2.711148303453470021e-02,1.475416462261784911e+00,3.645767297983152355e-01,5.367085186211914660e+00
3.734524985831484400e-01,-1.081370338853915314e-02,-2.106780042300648859e-02,1.423398440846287860e+00,-1.569999140166542073e+00,-3.014829158535533349e+00
1.911095488945733223e-01,1.206894446756390238e-02,3.766230785529778302e-02,2.986126912446772086e-01,1.581904071938073642e-01,-3.959938399470074533e+00
3.590855258674388040e-01,3.162211569380435350e-02,-5.153030480775555588e-02,-6.603717713619077223e-01,3.096204035568814739e+00,-1.792451068897984223e+00
2.675039227151216892e-01,3.312772824159448959e-02,1.856898741621471061e-02,-1.570563689744850278e+00,-1.836045405339701730e+00,2.207813693001571043e+00
3.558233902935867832e-01,9.340160202652558752e-02,2.486834861872644353e-02,4.702555510146613771e-01,2.960809443496906557e+00,8.665624410897365237e+00
2.505195926330472389e-01,8.510213560974477787e-02,-4.784934441572907815e-02,1.632832402666772653e+00,-1.084409309144737765e+00,2.911741272362550870e+00
3.562911114682165703e-01,6.300860284076748030e-02,1.116062424668751163e-01,-2.467310034475700409e+00,1.652385946821811835e+00,4.439783329405609713e+00
2.448708219361925842e-01,5.685662547937120337e-02,-6.179378625469666986e-02,-1.131700792468805394e+00,1.241325436160477302e+00,5.801460327887553170e+00
3.630453554203771915e-01,7.855538454839283702e-02,2.098773156564703868e-02,9.799716729498053613e-01,-5.543215597936674399e+00,9.076277187516248901e+00
2.756423826121672249e-01,-2.445824343890556918e-02,2.234389941138203994e-02,-1.687456201828534175e+00,3.680589083940718265e+00,3.777549313098060857e-01
3.645201016942412053e-01,1.659203732475589277e-02,-1.188901113881577487e-01,1.537300199473050633e+00,-1.722581053233472659e+00,-7.749258288162516273e+00
2.036210633236184009e-01,-3.081518547537598351e-02,8.975534621995784335e-02,5.822818821689227375e-01,2.639804481371268885e+00,-7.220226771670414045e+00
3.586460994730629182e-01,-1.835234747917979803e-02,-1.114582689113721159e-01,2.347299819873487348e+00,-2.834901759644368191e+00,-2.908090315096606648e+00
2.178510119056689120e-01,4.035907981740827211e-02,7.846696841742861750e-02,-3.103358313444038785e+00,1.855645782698370772e+00,-1.866191767633564647e+00
3.454143925119126379e-01,1.761180023889608037e-02,-5.213733420525024087e-02,1.421236265248986497e+00,-1.933296956068228267e+00,3.658020063759800378e-01
2.296390181029615007e-01,3.488243211720565284e-02,3.540977038722736836e-02,1.551093284195413924e-01,-3.324696026568789708e+00,-3.795475983232894368e+00
3.884776027031335843e-01,-4.220388645166472941e-02,-5.388107282072418514e-02,-1.454845272823796387e+00,-1.369195915743763592e-01,-3.300999051904409232e+00
2.813861412811355933e-01,2.315490696822664063e-02,4.901789955819957356e-02,-3.595614399177136655e-01,2.295890397286472151e+00,3.498825293396555125e+00
3.997432199271315767e-01,-8.892109289652339044e-03,-8.787374305919470885e-03,-5.240568385208590474e-01,1.315441102968096243e-01,-3.747933032621115768e-01
2.471765965364731699e-01,8.630293608476513612e-02,6.900381026963842146e-02,-3.437965024621843918e-02,-3.400184115865764856e+00,-1.806996797954619982e+00
4.105172092286366592e-01,-1.908436969948645867e-02,-3.724266275136045579e-02,3.612082337450596370e+00,4.281358649938733052e+00,-5.809210679278349332e-01
2.826840677446238459e-01,1.856821480104020594e-02,5.620558100826755776e-02,-3.022745192290610561e+00,-3.194975156397532601e+00,-1.104866326728477066e+00
3.840565802013706787e-01,5.771714795015192578e-02,3.102070165803993973e-03,-2.471800212377726624e-01,3.174657431173060651e+00,4.775212422255732392e+00
2.536272409888642443e-01,1.860357104767729197e-03,2.485108403988789405e-02,6.165288514968554345e-01,-8.266350779806034277e-01,-9.180393035914481414e-01
3.392009868684091600e-01,1.015979199516259257e-02,-1.247908241786355177e-02,2.594639966229967953e+00,2.120775671220294090e+00,-1.301749041954373354e+00
2.319682681931514168e-01,-3.295758389452707604e-02,9.438161244396958693e-02,-2.194310489183950441e-01,3.784122727888023507e-01,-1.656395855435285114e+00
3.721063815270575503e-01,5.314481873513088317e-02,4.055543257781124566e-02,-4.365279561983172130e+00,-3.603464765489851285e+00,6.680709445577420746e-01
2.278162138151369476e-01,-5.068269238510225705e-03,8.103420842902053778e-03,2.867432417342021811e+00,1.818617687740793576e+00,2.154471602606518488e+00
3.450745216326698284e-01,-1.623331302691788380e-02,1.307674156716842617e-02,-9.295163013012430753e-01,-1.944186963063219364e+00,-5.237715258736554524e+00
2.086424512120341745e-01,5.583240088674834567e-02,2.484499310637033886e-02,2.139421607338592712e-01,1.880015240369292462e+00,-3.172777092057307069e+00
3.333007105407066462e-01,6.338890117994111506e-02,1.055501538674334938e-01,-2.474556681811995063e+00,-4.112232937450848169e+00,-5.166195141988904060e-01
2.497202174956569820e-01,1.853900707777178525e-02,-3.027556274779108492e-02,-2.040054968137381408e-01,-2.676098174711513344e+00,3.185250879561843274e+00
3.776137215365995559e-01,1.495873898733179885e-02,8.049415293793771298e-03,-4.053243640736556852e-01,1.404016383576980109e+00,1.509119264982127007e+00
2.332422494916350786e-01,4.884071759314423389e-02,-5.311147846287767038e-02,1.691456084869337850e+00,-1.282523255278916752e-01,1.328657101777318099e-02
3.474711892657129653e-01,2.741848542262026456e-02,-8.119548964483414011e-03,-4.507447693560862612e-01,5.098375120939557803e+00,-2.047835277042588942e+00
2.635405748439900719e-01,1.016268975405409947e-02,1.328190877476487231e-02,-4.026666448682876265e+00,-4.057989614300105075e+00,-2.932771593318531878e+00
3.689910386592138991e-01,3.769791521859389150e-02,1.458004410315894006e-02,3.961041001815999607e+00,2.516894926925171472e+00,5.097071343003903188e+00
2.444889605692956991e-01,-2.122216087262529527e-02,8.492197961112601945e-02,6.392550036196700258e-01,-3.719834090960744355e+00,-2.011736265927596357e+00
3.249779180462439854e-01,7.214403701477856146e-02,-1.159837779171137839e-01,3.544010192638378687e+00,4.814610614094750218e+00,-6.230968962889807727e+00
2.271124510588045098e-01,4.853528973608156605e-02,5.557352819519678633e-02,-6.312936834106183115e-01,9.434910842282178134e-01,-2.340419487573486279e+00
4.188621915997075007e-01,4.132765359491941126e-02,5.660951227564581245e-02,-1.735226578665430397e+00,-2.325568607904673346e+00,6.425759155100631226e+00
2.716418453505777819e-01,5.304473316372781966e-02,1.282354999752399749e-02,2.750574303443862334e+00,2.486317955755548592e+00,5.029170506889355963e+00
3.704267875881512850e-01,5.342983375119558787e-02,9.426405081496724847e-02,1.564937883266054541e+00,-2.673859412167256089e+00,-3.362347084382051765e+00
2.262029681991553076e-01,5.146223424652074385e-02,1.906314215926840916e-02,-1.487860812947596756e+00,2.999141268058261645e+00,-2.250167037395289782e+00
3.889045684360485922e-01,-2.624203697202265317e-02,-3.583372949980834221e-02,-3.424346730462953126e+00,-7.548903162591243721e+00,4.787396140925633814e-01
2.683096218806699795e-01,1.333012697795510348e-02,1.035110083525054847e-01,-1.314350976520110015e+00,5.351598885972409514e-01,2.638253394365241977e+00
3.789230876763447498e-01,8.488534940830305686e-02,-6.757828798223286526e-03,2.596559443411288637e+00,4.453894434811175862e-01,2.259841643379759901e+00
2.333828859014293045e-01,5.271006267146205460e-02,9.641077018589783165e-02,-1.159669147947365309e+00,8.441078331304839866e-01,-3.312444794660771130e+00
3.247011413770000132e-01,-1.315927759732993252e-02,-2.829398073269651093e-02,9.296247897937981453e-01,1.474148468912634735e+00,2.807779181144057112e+00
2.431211519000857635e-01,6.546208930059194131e-03,-6.041700572009567338e-02,-5.388186799262324467e-01,-1.342450008675309503e+00,9.001472644363822662e-01
3.753755579637410023e-01,4.856402124107717100e-02,1.445668894080291977e-01,-1.894828838303722340e-01,-1.256242960797604891e+00,4.445835057990235484e+00
2.514900423232155902e-01,5.955844964288203869e-02,-5.612380199598021591e-02,1.136342900502086195e+00,4.082445836253191795e-01,-1.550918177676089638e+00
3.312759495362245232e-01,2.176851590065176367e-02,2.544219512154732854e-02,-1.664250561878285684e+00,7.148634346902498216e-01,-5.031106983702028579e+00
2.303771969499601724e-01,1.772448200309106880e-02,-4.854962582301425300e-02,-4.799206357091109765e-02,2.876613240104998415e+00,-2.089326977576705158e+00
3.564942082931423784e-01,1.887783628617789589e-02,3.283777671759580130e-02,2.500544187318285427e+00,-2.969590459111146163e+00,1.408871383832934310e+00
2.313378727573160987e-01,1.115936906181325128e-02,1.019053199293296075e-02,-1.831765928345523431e-01,1.804990371898606893e+00,1.200508552083705327e+00
3.514734779472412640e-01,5.213561427151347516e-02,-3.047044091330874949e-02,-1.443788542731737623e+00,-1.640803794994944553e+00,-1.139391505695313889e+00
2.262066560945994453e-01,1.378329028981717386e-02,7.221916023672925178e-02,-1.467236486015327079e+00,1.444684655327000744e+00,-1.750859695639997549e+00
3.426996188838620228e-01,3.517218028816770925e-03,-8.541690078477692794e-02,2.132548372981828422e-01,-5.363655284276362956e-01,4.270981722636575939e-01
2.579385719856466253e-01,5.315187865619463992e-03,3.113421709087305089e-02,-1.996570843669938533e+00,-2.437726428369453746e+00,2.438107310879463085e+00
3.884490632882480199e-01,2.130979875501104459e-02,-2.930285882245087237e-03,2.184635120197520042e+00,3.718900497633078395e+00,4.461905343162100301e+00
2.650982606869276559e-01,2.468818822174156935e-02,2.432605994784609038e-02,-2.292919872869571662e+00,-4.868582067084699372e-02,-2.517029523329857188e+00
3.755895851385262496e-01,-4.777147487651234314e-03,3.211441862451458462e-02,2.510279659779052430e+00,3.351561552827095447e+00,-4.451915344975275524e+00
2.262993655151608330e-01,8.843711433197398719e-04,-8.741579660386022965e-03,1.017076607833926838e+00,-2.819772445471626199e+00,-5.497072958454599645e-01
3.749670423538704611e-01,3.540907504391732630e-02,3.753187017701620221e-02,-1.366831811583490097e+00,7.136045112429010295e-01,2.668172620043402610e+00
2.383411672634956346e-01,1.067302382570822772e-02,4.377189788578483842e-02,1.361022319656677526e+00,-8.615708964514515733e-01,1.677933810388940516e+00
3.342644632238660485e-01,1.951643243647893655e-02,2.132773203519278127e-02,1.705463658844646568e+00,2.730112073238712481e-02,-3.377059734469750829e+00
2.104844875820806038e-01,4.752734729860819129e-02,1.142006503133785600e-02,1.235158819741218661e+00,7.993968970034348587e-01,-2.453675994608372768e-01
3.509865473183237938e-01,1.846868223890396621e-02,2.630177482307693992e-02,-4.099086504052878333e+00,-5.410885226575261164e+00,4.744486452033688906e+00
2.205711089830564298e-01,-7.055556075363789148e-02,-1.184592169638420955e-02,-1.240813919757303013e-01,1.044252258165071279e+00,2.424361898193229781e+00
2.429606499211791615e-01,-1.858530226581596168e-01,-3.920367342213637585e-02,7.415151590691356764e-01,-2.616350579793693676e-01,-8.392599234241636452e+00
1.525932918152848039e-01,-9.265103173876099163e-02,1.496145855830377513e-02,-3.010263749964374735e-01,4.288889167490154142e-01,-1.468510640044459947e+01
2.824870722200039097e-01,-4.236074491242902695e-02,2.833027425388934262e-02,3.068357743852707653e+00,5.801617220273735942e-02,-1.225049730406233373e+01
2.058064054168644574e-01,-3.090910012811765029e-02,-2.323874404320314113e-02,-1.166866656438120931e+00,6.828941774608461301e-01,-2.643253601814387732e+00
2.887378329363112783e-01,1.417934411767696190e-02,-3.556614360843290967e-02,-1.042007967956766423e+00,2.178272008526688897e+00,-9.444241295914957979e-01
2.126960573346208250e-01,3.931980169042947892e-02,1.827729720974602401e-02,1.053979320119038388e+00,1.853359118631987545e-01,-4.365798433264215239e-01
2.905815520448555844e-01,9.887192401627142857e-02,1.758337686202970929e-02,-9.064399933945168630e-01,2.730085882433437749e+00,3.443866282844859850e+00
2.206604794960265181e-01,5.561274728817355850e-02,2.177415791459225147e-02,-2.330904791957864486e+00,-1.253905965309407344e+00,4.777862093358705486e+00
3.537980924123549364e-01,1.046562231153300715e-01,1.141193445450383592e-03,-1.386084647469105091e+00,-4.947620617783211827e+00,1.587864074095373823e+01
2.219810253268257316e-01,-1.156826321951243131e-03,1.302045655310912764e-02,3.777295394188414090e-01,9.474297112541749666e-01,6.295135795181369787e+00
3.274857497024671882e-01,1.411497192031241354e-02,2.517472891025818171e-02,-6.330973559521402283e-02,-1.796045942350416480e+00,1.897283410528070702e+00
2.012366884523409116e-01,2.138623255128280221e-02,-2.977549909180510213e-02,-6.797718163074135678e-01,2.360492934355930661e+00,-1.417068462224621239e+00
3.426565766553408277e-01,5.357716488908614849e-02,4.042447041827834653e-02,2.001206492858654595e+00,-3.775756159710163651e+00,1.646859884945007568e+00
2.449661141981911983e-01,2.441995525555107349e-02,1.630986810647883090e-03,3.067126782541317320e-01,-2.483131591765162849e+00,1.121399586204426813e+00
3.697008621950441110e-01,7.649780379931137020e-02,-2.172997904822793203e-02,6.874521437879856922e-01,1.664867097671873575e+00,3.269622070803553715e+00
2.184904559643308097e-01,2.971583149501455523e-02,8.575862105461240503e-03,3.933736745851235672e-01,2.837179561311599096e-01,-2.231431987180443777e+00
3.355039475574916885e-01,3.212861287770607532e-02,-3.372535875422322249e-02,-2.402948503626701690e-02,3.118094801282572437e+00,-2.487555791027841412e+00
2.362100567876161961e-01,2.412257288190211568e-02,-6.705839240369826371e-03,-2.366464928412230495e-01,-4.274898413004001974e+00,7.668612884369777616e-01
3.674514625647387067e-01,3.000178748070680967e-02,3.406244555299053900e-02,1.062168944549163108e+00,2.088103553586957872e+00,3.576041704692229484e+00
2.214396484658465170e-01,5.357588742908703239e-02,-1.767135139267494992e-02,-1.283285725954487866e+00,-7.334953624250083459e-01,-1.453078642701028489e+00
3.154766447936521168e-01,4.497889942446775535e-02,-1.381505965868612407e-02,-1.381657521445992742e+00,7.773413783493385854e-01,-4.111420987981562192e+00
2.113441651532590448e-01,6.056491343103331815e-02,-7.023382673971134693e-02,1.914693240988049272e+00,1.577673541883549690e+00,5.213767069501842322e-01
3.560956470993952294e-01,4.745832209113132194e-02,2.865931145901789989e-02,-2.236647064305577359e+00,-4.867376537402422265e+00,3.031853204731095541e+00
2.337344322846122147e-01,1.951046215217822066e-02,9.322828769189328568e-03,-4.196905433740059643e-01,2.252096040758436057e+00,2.266527783537026330e+00
3.347435016382984685e-01,2.452358958232814246e-02,1.275531255530459873e-02,1.583361803679998125e+00,-2.120061019859942331e+00,-1.001439317776624982e+00
2.039306126056765756e-01,-1.553804485346788056e-02,4.115861344798510402e-02,1.707446709862557643e+00,2.419559794352064142e+00,-4.364775491396411411e+00
3.397444824045821044e-01,-3.284075562336141729e-02,-5.538225224635517918e-02,1.067582440096188856e+00,4.382494614886862649e-01,-2.017820693443880486e+00
2.417140544570157701e-01,4.497652121903783495e-03,-4.375804003085903560e-03,-3.775231882503599312e+00,-4.018665253200794041e+00,3.017483765669111140e-01
3.472023635796048779e-01,3.408687943426436107e-02,-4.023542080451747438e-03,9.751625662799897620e-01,4.705985415145051753e+00,3.171780405545004733e+00
2.185451488933161102e-01,5.026575082526996141e-02,1.248165625306008053e-02,1.763018365707172963e+00,-2.250083995488112720e-02,-3.673820495545042419e+00
3.265321048572644713e-01,2.445358062167812818e-02,-2.789066820794694479e-02,1.719573235521347332e+00,4.515629594478085096e+00,-1.138555409155872056e+00
2.336692483164162226e-01,-7.094292049993455862e-03,-6.444216055575324731e-03,-2.927740026592374534e+00,-3.158789670030243801e+00,8.653290740498833511e-01
3.594639147387699296e-01,4.393229046413615890e-02,4.884211683875250287e-02,-7.449604647972580818e-01,-9.774231670129480687e-01,2.696692406231367745e+00
2.134515784162180907e-01,3.376834133645267855e-02,-1.842702369549975572e-02,-1.479617371666657633e+00,1.103733005728890548e+00,-1.261950200199341454e+00
3.118049768324810955e-01,4.874980646481930080e-02,1.794417232653344740e-02,2.179721591906579992e+00,-3.530286101168044866e+00,-1.769305205172338580e+00
2.275623804667130656e-01,3.072370684723324530e-03,-4.751794298239708780e-02,2.634307111083721953e+00,4.075956672193858488e+00,-1.142686430812847265e+00
4.097313649785467859e-01,1.022088517258268325e-02,-6.591396844470409633e-03,-2.678195481292342084e+00,-2.371949530360397240e+00,1.772712795108341677e+00
2.695583048462513176e-01,3.753176798633361955e-02,-1.085070798806597736e-03,9.969046345922194519e-01,2.308328984152756114e+00,4.750331940545531317e+00
3.551003988600776040e-01,4.002891699660438007e-02,-2.327686860970068494e-02,5.564463268565604359e+00,-1.393509404398042273e+00,2.149594316869915200e+00
2.680512414475781924e-01,-1.726267747374787831e-02,1.850180361649833571e-02,2.159043991481148783e+00,1.250050582744235639e+00,-3.135462952425507765e+00
3.362408498925955058e-01,-2.847135892540997304e-02,-1.046589839884646267e-01,4.016779385328806740e+00,-5.292161128655598290e+00,2.431085997428158452e-01
1.941158255176063108e-01,-6.782889317192175582e-02,1.163588187187869494e-02,-3.642689583614755922e+00,1.306850873160759985e+00,-3.603705805895723202e+00
1.828315390816541708e-01,-1.703801055063447478e-01,2.873336473951759729e-02,2.770909994516947528e+00,-1.382104419992759681e+00,-1.883928361796055029e+01
1.108753203762233852e-01,-9.990394420502823891e-02,2.074050148706874097e-02,2.158635780331766618e+00,-2.793133171534921910e+00,-1.907076977636371140e+01
1.769971732167736622e-01,-1.159716016425100804e-01,8.645033977343175025e-03,5.224431353618610885e+00,3.483008121201448815e-02,-2.292216009501351692e+01
1.786604303512748793e-01,-2.499818079503413060e-02,8.087464808681943396e-03,-4.876864301181046635e+00,-1.558646239709136960e+00,-7.450310153064225283e+00
3.550460740548984084e-01,3.872140552321212681e-03,5.102735262683566475e-02,-2.146469136025067836e+00,-7.702762828260903971e-01,-5.544269037695475077e+00
2.488663929733858637e-01,-3.798265441908199591e-03,-3.920631806374963446e-02,-3.082458524909008069e-01,6.991841620734428053e-01,-3.497171196674222493e+00
3.417452930646245335e-01,-1.564096732457187500e-02,4.529612936676308266e-02,1.367438099526594009e+00,3.855996233760944358e-01,-6.234053219464606777e+00
2.478481338514546550e-01,8.946019991086018308e-03,-6.884956957264876110e-05,-8.715685585647924283e-01,1.224719360397052537e+00,-2.506718306134667618e+00
3.959190903826925734e-01,4.282430071048004550e-02,9.048389006590440431e-03,-1.054307559298441888e+00,8.972760145566045509e-01,1.491685229006776803e+00
2.440987658074145195e-01,6.820877861247964802e-03,6.959818280071772278e-02,-2.008722437355101587e+00,-4.750062610617604708e-01,9.508244143534345938e-02
3.483185706253979497e-01,1.154689552020471410e-03,9.436085624408008243e-03,5.385623018938973772e+00,-1.284593190625371362e+00,-1.662957549976436189e+00
2.699342699060349737e-01,1.534495124079171546e-02,4.396954184253765163e-02,-2.287117871372474909e+00,3.003603710150059225e+00,-5.493435947456258184e+00
5.669233555828983029e-01,1.076057162808439216e-01,1.007686373531626600e-01,-2.554650567523390148e+00,-2.951716336088200165e+00,1.985609305454313800e+00
2.454939666875812776e-01,3.769806486010729429e-02,4.457742791148255890e-02,3.975124761086885616e-01,-1.243703701730345612e+00,7.921282980225184955e-01
5.244299816083852761e-01,8.603558414944068033e-02,1.081699086992848891e-01,3.614703261310251659e+00,7.388891934185184418e-01,-1.491619772551300072e+00
5.563662796850872283e-01,1.087500109323791264e-01,7.829206608325733896e-02,-4.882381326977079716e+00,-1.484530455931786230e+00,1.798349470788273674e+00
4.293245717693352503e-01,4.453487165877412224e-02,7.144172331709164325e-02,-5.702431101648385292e-01,2.099837473028007384e+00,5.646535443759378436e-01
3.102342964315513152e-01,2.679846270339680814e-03,7.538689618740868070e-02,3.420481719991598446e+00,-1.451778302767724460e+00,-3.746064660308062955e+00
4.626455812666514511e-01,-2.257069861309979331e-02,4.319935773685124047e-02,6.461650098310132151e-01,4.168471429086872404e-01,-6.334670937787697298e+00
2.784756557277858757e-01,-2.643467743719263296e-02,8.266796837756196226e-02,1.157631893450045357e+00,-1.721789055946713498e+00,-6.572852337345215012e+00
2.624304228808056472e-01,-6.760423948024829599e-02,5.703613648480754250e-02,3.507260838243305034e+00,-4.322780525501949356e+00,-1.847276491569395418e+01
3.036534037195890434e-01,-6.198011577348161438e-02,-1.727746774065153090e-02,1.177030997641453247e+00,2.108914545346246838e-01,-1.421188750505712406e+01
4.305501979332264639e-01,-1.043435134626147232e-01,3.857971806561799610e-02,2.839235212336937764e+00,3.366785516579256843e+00,-2.025357385969338964e+01
3.476801060473579952e-01,7.909967572551002135e-02,4.905546145685768522e-02,-4.353980686024125912e-01,-3.130146711459325104e+00,-1.263691494335972543e+01
4.095848060063200791e-01,4.914275405607673730e-02,7.718868406647771963e-02,-3.941045183505856198e+00,-2.487797167861654390e+00,-4.652158484002153038e+00
3.271314516127041827e-01,8.089355873249162721e-02,7.155887962500351307e-02,-9.707375959380166730e-01,7.236616401641915441e-02,6.121436679591660379e+00
4.516195984576079070e-01,5.262098292039962821e-02,4.297164208820447584e-02,4.352393006525789865e-01,-2.623642843409489167e+00,1.062018190315237698e+00
3.449933307058534737e-01,2.468352143431862267e-02,2.105810931998775004e-02,1.625021142125846474e-01,1.852901101861541333e+00,-2.185893591580577056e+00
4.729230809694771054e-01,-3.680645725631792597e-02,3.872393136210838804e-02,-2.702760833673849561e+00,-3.537639897964324653e+00,3.996192531499376699e+00
3.429352897614901252e-01,-3.708834646246472744e-02,-5.110635482950165454e-02,1.953458197699685872e+00,9.820506166038958096e-01,-7.751792915419972729e-01
3.668507075191973499e-01,-3.134672699934148987e-02,1.010381329163720920e-01,4.755126015531804029e+00,8.015564913061125063e-01,-3.417460529008174763e+00
3.651750489548390988e-01,-2.916426645605421641e-02,-4.052692910253341552e-02,-1.574061073524372745e+00,1.623124232145026991e+00,-3.835007870628997839e+00
3.829154998480870375e-01,-3.367870138477664643e-02,1.140656185567721081e-01,-3.380732591401083731e+00,-1.684472725595867137e+00,2.462369235445134752e+00
3.844528760261405331e-01,3.497883508379162620e-02,-3.802179007400496857e-02,1.067907050140926462e+00,1.029859852945012477e+00,2.516447555404081715e+00
3.480193490103493659e-01,-1.526090470707697211e-02,8.261129232349517792e-02,3.276544113758482202e-01,1.144846137973040356e+00,-4.815488075890742792e+00
2.243846023685689417e-01,-3.604792237990783743e-02,-2.071771969085389742e-02,6.196008615849540879e-01,1.244447274176530893e+00,-1.730025616503987784e+00
3.647071132653261216e-01,-4.992466679555995768e-02,6.544499945405313213e-02,1.472791597942370578e-01,-3.957989637763861701e+00,6.192881954393693045e-01
2.578742483290685783e-01,-6.960575010330261048e-03,5.288804528764323720e-02,1.711823138223508289e+00,3.568763098535323142e+00,1.821165786603257786e+00
4.557363653873847120e-01,1.189439460167553836e-02,1.428320602744292955e-02,8.730127509995559976e-01,-2.140271676691441360e+00,-2.948086296495635139e+00
3.285392097481074636e-01,2.263272114917561084e-02,1.803309696145483088e-02,1.877396815462582524e-01,1.123820502936318855e+00,-4.629243111993355808e-01
3.150334025065337773e-01,6.350077205234189170e-02,-8.247197717391685501e-03,-3.710532396094659457e+00,-1.332150452326656964e+00,2.846636262096990944e+00
3.320539257881260919e-01,9.363913395553846719e-02,9.545681274633821545e-02,-1.865945170321607671e+00,3.727393722547393540e-01,6.541500143500836195e+00
3.609922895775278251e-01,2.117205576145304580e-01,2.103278285635568068e-02,1.590309518854237325e+00,-1.264724038116246785e+00,1.062192123475938565e+01
3.455160330573600613e-01,1.317472949995275311e-01,-4.267435664136343121e-03,-1.929045372534358371e+00,-1.201335436340995821e+00,1.259769998143577752e+01
4.781412882404131315e-01,3.132949451271738184e-01,6.331745391094756314e-02,5.947195538249313573e-01,1.035144264946797454e+00,2.731864652796737047e+01
2.152227270378581636e-01,5.987834598314067946e-02,1.285839851294134917e-02,4.928976241947697484e-02,1.487003260346164701e+00,5.267967133661024093e+00
3.734817578816813644e-01,3.083062986895357405e-01,4.860757448667385461e-02,-4.415660299504615693e+00,-6.106540160535973705e-01,1.521576829184533253e+01
3.460988630412242806e-01,-3.083121300092583894e-02,2.563101380841459331e-02,1.588787528906746571e+00,-9.642802424441350162e-01,1.191371969652892737e+01
4.254141012769196983e-01,5.686615674430739453e-03,2.849323147459692507e-02,1.182913485596347458e+00,-2.426613081916227710e+00,3.370471761157085133e+00
2.931528343077385301e-01,2.873000357587141007e-03,5.415097839913229905e-03,-1.406689768125239381e-01,2.681334860179178659e+00,-2.102874854463168131e+00
3.714334817288640345e-01,-2.226898660491560822e-02,2.979212133254982575e-02,-1.838787436203589865e+00,-2.321479460480114998e+00,3.994217664673477941e+00
2.464172178469645758e-01,-2.595998786600883790e-03,7.134541828696328025e-03,2.046081900548196053e+00,2.138803672100844988e+00,1.927263550074830301e+00
2.251910319264043281e-01,2.451919087006122766e-02,2.289614227626302068e-02,2.348631337872533642e+00,-1.104314931655792087e+00,-2.031891305586972507e+00
8.224354489023877335e-02,3.140846204788994012e-03,1.725614826905363941e-02,-2.851563475501708300e-01,1.333204298689616873e+00,-7.131068757986270060e-03
2.002042930179737112e-02,-1.169918622231480576e-03,2.005953369549828835e-02,-2.697558955570862338e+00,-1.422922871678756529e+00,2.156714860530349220e+00
4.934730114065644102e-03,-9.741330124220987097e-03,-4.301177085356044927e-03,2.441598787246472557e-01,-1.033706636470326901e+00,-3.412679582076243168e-02
2.252575104315290844e-02,-1.813378434242110537e-02,1.196772459232775532e-03,2.715121080637821274e-02,9.977446110764487397e-01,-7.752432876491185398e-01
1.026700172365124786e-02,-8.147166746987954955e-03,5.937569364554917684e-03,-1.127596140138185987e+00,6.225501324642530587e-01,-2.211765326310992097e-01
1.668075691781290004e-02,8.731755330829205075e-03,-8.404322081048576365e-03,-2.660143526554898386e-01,1.662704674147963635e+00,1.196873289879516911e+00
3.370251430477644305e-02,1.692452851431158756e-04,-1.742175220241293232e-02,-6.374183668392642277e-01,-2.384137008674567515e-01,1.636970014062423706e+00
1.080215263959800609e-01,-3.535759560167162086e-03,-1.057326631437760511e-02,-1.191641318723323018e+00,2.006177200502690550e+00,1.566926541504162218e+00
1.857230708951878029e-01,-7.795320463558574886e-03,-7.385941503848414413e-03,1.057119867749304554e+00,-1.602019245967509997e+00,-3.495185678859264594e-02
3.164041198772515884e-01,2.756216741365447032e-03,1.236911253834911406e-01,1.987574620323390828e+00,-4.246585581075688509e+00,-7.237522140103741286e+00
3.029111815528660046e-01,-4.047328506746833421e-02,-1.031553315463753506e-01,-3.213507650117676473e+00,2.110070678550007628e+00,-4.074652010121637247e+00
4.885791855495069669e-01,-4.401987134143192648e-03,1.370648978809505536e-01,1.270139986786984032e+00,1.384819864550271007e-01,3.256904746856989163e+00
3.708594780356513354e-01,3.602385642989824888e-02,-1.709025923742579778e-02,1.948033616439183824e+00,4.769685351410894031e-02,-3.626204271982831351e+00
3.482283688366996088e-01,-2.940186734602023844e-02,1.733561902243074826e-02,-1.304054999263828951e-01,2.293159975559898811e+00,-3.389036930822665994e+00
3.809699548906770872e-01,1.692840557765973308e-02,7.119364384415405311e-02,-2.770505157055535239e+00,-4.741297968581628552e+00,2.771617507127996038e+00
5.045954017194587138e-01,6.437842750799993574e-02,-1.773187644067242275e-02,-7.517019061388192647e-01,8.857539770086028108e-01,6.216313717168559627e+00
3.694241637743784779e-01,2.779514928540038898e-02,1.060084923989883521e-01,8.908814837226366468e-01,2.050429869647273085e-01,-9.834857009595792121e-01
5.308908824687872396e-01,2.031179635618307611e-02,-4.432157839384132103e-02,-2.534235952184870744e+00,-1.906619818260839150e+00,3.308695268704281656e+00
2.917584584517936008e-01,-4.800098702432986641e-02,5.245758906375996844e-02,6.443802783866912076e-01,2.971976921663153082e+00,-7.772963402327452698e-02
3.673096718689343732e-01,1.480668033194687538e-03,-2.117362677422462980e-02,3.846008883919640464e+00,-2.693832186430159759e+00,-1.809521328970436826e+00
4.784843502127085202e-01,-9.234887688677712037e-02,1.011347819731600595e-01,1.628287810973158001e+00,2.845497655808667314e+00,-5.507162348431714705e+00
4.867412058265667696e-01,1.571193997408881771e-02,1.275905263428356307e-03,-3.064831318818258765e+00,9.551413117231832839e-01,2.991690303999378298e+00
3.648387272106319301e-01,-2.842148577510172913e-02,5.594805842816974462e-02,2.477174829852562432e+00,-3.618760381085420086e+00,6.138442198874738409e-01
4.553755318199179669e-01,-5.770286392744461423e-04,1.661742158386481094e-02,3.366683444525698121e+00,3.433984404036967142e+00,-4.928310565021453371e+00
3.598538103504207442e-01,1.416211765011532453e-02,4.889807315938021759e-02,-5.326508889583242201e+00,-3.035899034405202368e+00,2.013036834023631538e+00
5.121698093304729582e-01,-1.417008624427662511e-02,4.192661115683726791e-02,1.740487953638682805e+00,-1.373941790163343946e+00,2.767317369641986158e+00
2.429371984486774494e-01,-6.633136073954304379e-02,-4.093769302881433703e-02,2.462868494614125936e+00,2.192648804022303111e+00,-2.061729248787457003e+00
4.962360294930920901e-01,4.638088876340690225e-02,8.666432537066448560e-02,2.110748150498758524e-01,-6.955167921463361047e-01,-8.191068093711149078e-01
3.951927937655277390e-01,-5.084566156468289799e-02,1.413255773834620754e-02,1.137501454967287801e-01,1.409992877194645056e+00,3.081258936521417358e+00
4.724521113590256505e-01,3.931368307655822014e-02,3.160042185649025726e-02,-2.622554161842132192e+00,-1.385843088832701131e+00,-1.857701885808556108e+00
2.181679597177428320e-01,4.764271753318483071e-02,3.749776620604272637e-02,1.140894935095892126e+00,2.462780356460065878e+00,-1.784722090781552251e-01
4.955165439139417316e-01,2.433816621465345609e-02,5.000082129687122290e-02,-3.334727517861019397e+00,-3.896712828616955004e+00,3.408551882272074174e+00
2.461463262092031812e-01,-8.598034833602052895e-03,-1.720382369867934358e-02,3.435803354971659340e-01,2.142833845059490372e+00,1.124650082295661990e+00
4.655248603320032430e-01,-3.535368466639832175e-02,4.336303097302263154e-03,2.344926318882278871e+00,1.739778789153868521e-01,-3.982418921439440318e+00
2.038887465788281617e-01,-1.415027496222542869e-02,5.601850651867046338e-02,-2.137014140352414548e-01,1.734227939536212348e+00,-3.644018333867302228e+00
5.075824477246708710e-01,6.704923043641963787e-02,5.083948959036277415e-02,-5.194379598399552656e+00,-4.947907752660152703e+00,2.636500109003717451e+00
3.719278947773982935e-01,1.413206172921377402e-02,-5.380072636664756658e-02,2.087441625766147446e+00,2.366069227359858473e+00,2.650148133313880106e+00
4.783832492271393733e-01,1.158907679546405944e-02,1.121210298779384829e-01,4.049355360130512338e+00,-1.628459103750088621e+00,-4.807907144468833494e+00
2.596279429448706821e-01,-7.521371280803546000e-02,-2.587437455598795566e-02,-7.832602470112224324e-01,1.137432164067428308e+00,3.918902094120584323e-01
6.507594797304108170e-01,4.083730286321363145e-02,5.218233183819087628e-02,-1.307192152631493798e+00,9.621641190034160296e-01,4.055341983549274332e+00
2.410606213444630441e-01,7.159798146273099739e-03,3.928234833286659011e-02,2.434528780228898182e+00,-3.739949549674483897e-01,5.185737098177272131e-01
4.943609640750956657e-01,-9.640658661278830865e-02,-5.413599972660243509e-02,-9.610154976020107709e-01,2.970945498483674729e+00,-7.711789455154746342e+00
2.525510310787524304e-01,3.261395026440183642e-03,7.631565826673814001e-02,-9.869198230974043362e-01,-2.761402314759123566e+00,2.296518801846538782e+00
5.077530417761479953e-01,3.583527189819135650e-02,6.724841339563880638e-02,-2.459649744417839567e+00,-1.452882232745664748e+00,1.611960127550160493e+00
3.509852873093102232e-01,6.719750273600277879e-02,6.593387471403922007e-02,1.824804718362041278e+00,2.947792288948838824e+00,-1.150450329648146086e-01
6.563295118832392916e-01,-7.492094070233723535e-02,4.452197581044003982e-02,-2.678316160920545030e+00,-3.009219941957826272e+00,-2.844191057874830175e+00
3.927104067235980267e-01,4.347141674537535749e-02,3.947762741761451366e-03,3.440656314929918747e+00,8.576205905836098431e-01,2.385510666761572640e+00
6.280920924494921564e-01,2.069639293595115781e-02,3.219308156488054351e-02,6.257095689255479654e-01,3.421391694465037325e+00,-5.413007756631474265e+00
3.642036021727825812e-01,7.662031309952999081e-02,8.005571117420640093e-02,-3.245751379107460810e+00,-5.560742902919937336e+00,4.805187550002514740e+00
7.413652120358733555e-01,1.557796168565239725e-02,6.040136946161211995e-02,5.094634754919924902e+00,-3.262761823903050362e-01,6.683280653430766494e-01
3.271248452837021148e-01,1.561712638880485837e-02,-1.471439292053844383e-03,7.305267132481977344e-01,1.441767108279599086e+00,-6.475302513139579830e+00
6.540515723650379698e-01,-2.490575973002506771e-02,4.473651823684932083e-02,-1.760558337411611163e+00,-1.339354746288877074e+00,-2.957269569012378474e-01
3.763023912742440302e-01,-7.208266340332691868e-02,2.253919502306267475e-02,2.038637249310544686e+00,1.954454769251708357e-01,-1.004332358730512276e+01
4.924621926106347303e-01,-1.654680959898806591e-01,5.246504703288046301e-02,7.500533474100485876e-01,-2.862926948134182137e+00,-2.239485690888905367e+01
2.678304217497320394e-01,-1.125490929374333149e-01,5.710199348788336238e-02,-9.542631120028152170e-01,7.030245001793904436e-01,-1.356190416558832723e+01
3.875432389068542705e-01,-1.583980551281847227e-01,1.586417594893063665e-02,2.341797519968492391e+00,-3.101893689122299236e+00,-1.652482028264375202e+01
2.903756084597581832e-01,-6.147192840996495988e-02,9.441128020699807166e-02,2.193022666481504235e+00,3.164952890397915858e-02,-1.189584095288894439e+01
4.666195194505702304e-01,-1.467015508708868765e-03,-3.169702636908944271e-02,-3.691099316760430238e+00,5.606089563377751883e-01,-3.822142288998056525e+00
4.826552412929978608e-01,5.064584748083333920e-02,5.314883959476901509e-02,-1.553450109219728370e+00,1.393180550114440086e+00,3.770811169019406273e-01
4.885375832880218816e-01,2.640131970679249207e-02,2.517360424343273451e-02,2.123768287183969594e+00,1.675263779556461552e+00,5.192576270020895501e-01
3.758142776307256128e-01,-3.169264630195911536e-02,5.421627257909733544e-02,-1.245429122827398594e+00,-3.551802472755583029e-01,4.379558463658300704e-01
5.902913374889635634e-01,-4.220984099564972780e-02,6.042438178154441175e-02,4.440684386095862024e+00,9.272858768261701967e-02,-2.365068765253383276e+00
3.906273506301989329e-01,-1.535747263356412873e-02,3.503152080019233949e-02,1.074621530664207486e-01,-1.040682674725637913e+00,-3.741299631879803744e+00
5.077250072843226825e-01,3.355883939786252768e-03,7.076089252350392655e-02,-3.640390691394163714e+00,-8.624543288933602669e-01,9.804409502589856995e-01
3.524775824726473772e-01,2.561373362992824809e-02,5.468790161932268745e-02,-2.010609383872148104e-01,-2.140710907358722270e+00,-2.557066121491635147e-01
6.005601557318449579e-01,3.155321937894939310e-02,-4.002606061624724987e-02,-1.292652047945039628e+00,1.230928818740534947e+00,-3.034764953971755830e+00
3.728598357818841968e-01,-1.083143064846936454e-02,7.031017916908233190e-02,-1.153192037538153691e+00,9.668845356393077628e-01,3.336379343215311266e+00
5.497014580452868060e-01,8.342783944394227547e-02,9.797611559598351505e-02,2.957448333081988956e+00,-2.689015991652194515e+00,-7.806539390496205488e-01
3.521018629756884621e-01,6.117484293607589052e-03,-9.479214402156799224e-02,1.214654114109029182e-01,2.827689233756537579e+00,-2.522513110597477848e+00
6.163933571512272280e-01,7.657998374664742869e-02,1.199723244390824561e-01,1.458340356937687821e+00,-5.900084436017802858e-01,6.352596991158280026e+00
3.386580683652340440e-01,4.299877560616849337e-02,6.673655602428496536e-02,1.202302824613114662e+00,-1.099912385483943655e+00,-3.382898048760032417e+00
4.473547871344578652e-01,-9.920767191239576732e-03,-2.865335577034322512e-02,-3.183494126549266667e-01,-4.867047865501398229e-01,-5.106546970451321110e-01
3.794335063112690420e-01,-6.418974710572555864e-02,8.901155648369751816e-02,-2.875881840764086927e+00,-1.628947070869050662e-01,3.015056582513523153e+00
4.646285990837295543e-01,1.502696688195470642e-02,5.181410284795617827e-02,-9.021593395410262284e-01,-1.143432997092365566e+00,-1.251530930901161298e+00
3.307433049133177150e-01,-3.070653254084731998e-02,-3.029990853068653678e-02,2.375468983680070423e+00,1.009982972877520702e+00,-2.415595183668849621e+00
5.265817375929078281e-01,-4.845712627292897423e-02,7.640360178084470988e-02,-5.592928443075328993e+00,-7.077081331030743439e-01,3.915535513216684915e+00
3.848409892268485066e-01,5.623374089969601641e-02,-5.044041738713644918e-02,3.051365412368782337e+00,-1.331042421891621474e+00,1.145920629343748276e+00
4.772213004151879545e-01,-3.394631688005489423e-02,1.994574612162658411e-02,2.774824805943800321e+00,1.334697171970490981e+00,-3.912640850203580101e+00
3.745555842739705099e-01,1.306823118721212040e-02,-6.372046602553638195e-03,1.246742910861204034e+00,-2.145542212738921428e+00,-1.578402777766394482e+00
4.711295271963003017e-01,-1.062844455728750859e-01,4.255962884002606472e-02,3.148542929905990384e+00,2.296433447972086483e+00,-5.650033313899998966e+00
4.042837686612923420e-01,-1.634037132790560065e-01,6.004356835685342730e-03,4.040227189481078618e+00,-3.206129519650730009e-02,-1.944779677254887673e+01
3.423099209697575418e-01,-1.056415585099692578e-01,1.167233703597503336e-01,-3.845056997732209325e+00,-4.190153953983148938e+00,-1.843953719368552058e+01
2.997322939550315368e-01,-4.525223923432974971e-02,3.910880135132011048e-02,3.643999114420166219e+00,1.577565779231214549e+00,-7.376759085347945444e+00
5.357303551169216860e-01,-7.232386006686297719e-02,7.842674705958785353e-03,7.613619004613535468e-01,9.939888813451073224e-01,-1.915473140207967262e+01
3.555699051888172590e-01,-3.955764443741571768e-03,2.191879395464724212e-03,6.044636763354126197e-02,-5.158948736308063054e+00,-6.804276021255150297e+00
5.998207636032795165e-01,5.759688124287265509e-02,4.643120389010668703e-02,2.323822015260676999e+00,-9.466106077123417339e-01,-4.049797231820273957e+00
3.233026994671632792e-01,3.787616250074776758e-02,2.737695524840688677e-02,1.858443666766497859e+00,1.584487492857796997e+00,-7.197838678398171375e+00
4.902986235587256658e-01,5.850777064225098911e-02,4.946472739486829084e-02,-5.572526215231799362e+00,-1.985499137501431477e+00,-3.617567264991751408e+00
2.566019603598448384e-01,4.047822112049459520e-03,4.755337215062560574e-02,8.435151528352573536e-01,1.932638125204831470e+00,3.282364168337110311e+00
6.002586078109040102e-01,2.953795885781929087e-03,5.920778544072113903e-02,1.782836042746247740e+00,-2.559175098325042197e-01,-3.360076500856317594e+00
3.543644633564255741e-01,-4.126892353307098915e-03,2.049562333752952270e-02,-2.589299824666162486e-01,-8.042862979291164338e-01,-1.658290464164125178e+00
5.179297928043311572e-01,1.676994022736977286e-02,5.561350896308425718e-02,-3.782880729139224130e-01,4.590912805317449719e-01,2.537152001320312600e+00
3.541172451739278415e-01,2.059538242781044914e-02,1.361776666547775960e-02,3.260756584607380049e+00,4.772102377261855377e-01,-1.605634277368687579e+00
4.495752551085061555e-01,2.796890035673449404e-02,3.976154731798509090e-02,-1.397522850857693122e+00,-3.090392105213258800e-01,-1.164911815416824981e+00
3.852633955269944011e-01,3.317445201638236085e-02,3.607360184439123429e-02,-3.940762608056825211e+00,-3.991044518988099643e+00,5.798039102437738679e-01
5.123547747022669796e-01,3.349044659653976908e-02,4.357535727977435158e-02,-4.582665480215848963e-01,1.119833103184375345e+00,4.993981694812720917e+00
3.649275526278010773e-01,-1.352373825681318920e-02,-1.553356445783116158e-02,3.203349645926243938e-01,4.318017897860427778e-01,4.487675466754866838e-01
6.147755959648542046e-01,4.210903663324216950e-03,6.137771806077196857e-02,-1.909237607184771424e+00,-2.623729376773698885e+00,-6.644081598115525455e-01
2.383840455905552602e-01,-5.016674834935841432e-03,-2.538206001277032442e-02,1.054014077920077064e+00,2.495156782714157195e+00,-2.448348875531808078e-01
4.614069132591236411e-01,1.057510132691064086e-02,5.668959085996227998e-02,2.265236256365884771e+00,2.660579087278922561e-01,-4.429879371689207979e+00
3.736668413302375313e-01,7.058382767814563863e-03,-4.613664019777274916e-02,9.650902557455820485e-01,-1.559744236473623813e+00,-1.099473383937108473e+00
3.935518592678910466e-01,3.364401211689127535e-03,8.839770516000555745e-02,-1.054461211984458524e+00,3.104200867251884155e+00,2.460762059160264581e+00
3.502516378196922631e-01,7.379516338092173555e-02,-3.012092140378008764e-02,1.816057109226943078e+00,-2.489083183973748614e+00,2.417928842070277973e-01
4.468738866914456764e-01,5.398027279861139505e-02,-3.839840975156327829e-02,-1.361715723611151285e-01,2.077260973350193218e+00,6.843434420384417738e-01
3.956796069147809902e-01,1.898931869876463452e-02,-4.578712445756671912e-02,-3.612978584214627364e+00,-1.860981309701699615e+00,1.168193027208650703e+00
3.524706924139398012e-01,3.058160390888708946e-02,-1.159007133903244835e-01,1.566380297737165694e+00,2.210279219638525028e+00,4.155463490827511208e+00
3.317060407125413946e-01,4.350057350566061132e-02,-2.849726040857092357e-02,5.373321941764583443e+00,2.090972534982193487e+00,-3.969175396107460063e+00
4.608147076521191821e-01,-3.506379521354574536e-03,-4.393853008612680355e-02,-8.764471190107990806e-01,-9.977549053766231468e-01,-3.095058779579694039e-02
3.636779950684267959e-01,1.340977902733904159e-01,-2.890753202201601368e-02,-1.318888123196341411e+00,9.652208200064468224e-01,8.946388517747504210e+00
4.117693461688265444e-01,2.764358530995121299e-01,3.344064369946053716e-02,3.045018599175352003e-01,-9.372404308861225219e-01,1.829017112921016519e+01
3.077736730386919639e-01,1.898279672843141697e-01,-1.538269491828181401e-02,-1.604717799300671599e+00,1.774196721050863845e-01,1.713623328700972692e+01
4.088682466661411885e-01,3.056874576214632100e-01,7.148197134894473947e-02,-2.245120322362209819e+00,-3.007499860728465979e+00,2.949019710767617042e+01
4.323176952167635534e-01,-2.250329606678747041e-02,5.572859694543197406e-02,6.001304297740830407e-01,-1.242414620838753647e+00,9.225307908689194036e+00
5.722382089581259379e-01,7.843236244967322079e-02,7.677370602214139694e-02,1.473900195070510843e+00,-6.035054117613700697e-01,6.669092968998713289e+00
3.910792335967681055e-01,7.345468568758484196e-02,-5.023408064346668311e-02,-2.668957414717207488e+00,-1.692559352424407360e+00,4.991293858190398502e+00
4.958506326551841425e-01,1.193862867894779356e-02,1.010813157972734189e-02,-2.929111054085994370e-01,-9.770514789678361733e-01,7.848579207658321621e-01
4.631615274953997385e-01,-1.385897426914084463e-03,5.857286710143583264e-02,4.475405611535449246e+00,2.149832741393877811e+00,-9.170628797074091842e-01
4.983720784507408297e-01,7.866576187525886610e-02,-4.329936118401533918e-02,-5.567822972378642987e+00,-2.551198650800049705e+00,2.334050470395702792e+00
3.475154876739434684e-01,-8.800125976929606963e-02,6.203048808763256261e-02,1.368163120490438089e+00,-7.292443344275020278e-01,-1.722312980210676692e+00
5.647169632318238541e-01,3.928487682153303240e-02,-7.029595332195448520e-02,4.453684343370483134e+00,4.576418009420880395e+00,-5.675522916446978705e+00
3.769435188963008443e-01,6.920576603487837986e-02,9.032795576253249692e-03,-1.712121909801289366e-01,-2.576632300411919374e+00,3.172513651639963683e+00
4.943123305214776053e-01,-8.182681873334374245e-03,9.170987982205858202e-02,-2.978492543050418551e+00,7.871113956037977255e-01,2.710591959660454631e+00
3.432224014876830154e-01,5.516292364746355759e-02,-2.551091603040056555e-02,1.217165683470341042e+00,7.981536779681336347e-01,-2.912931793998042362e+00
4.821791337274383693e-01,6.297853155778732059e-02,-8.104144249543310252e-04,1.906727192260882775e-01,-1.266975182645006637e+00,3.411495206311188966e+00
3.768983241241130600e-01,-1.434327738501828264e-02,4.826052003641123633e-02,1.614992963205958310e+00,7.167703386158779111e-01,4.140250988990926473e+00
5.710622991163525342e-01,-1.105395074349591056e-01,-2.515583537601173703e-04,2.968395380682272711e-01,3.327472942856896654e-01,-6.103842913513506829e+00
3.991516210372942908e-01,-1.531196515390398361e-02,3.914104997389955543e-02,-4.694359813418855332e+00,-7.529170975468348903e-01,-8.082291583961677128e-01
5.045738474417014174e-01,-5.652609119199780707e-02,4.826491486398332142e-02,3.408964025775502726e+00,1.556179647198116189e+00,2.440715099906860974e+00
4.391461616571135096e-01,-1.363562545426333372e-02,-3.301886237207085628e-02,-1.057244124558082976e-01,7.212314370155725740e-01,-4.179372248573158366e+00
4.939473195844463760e-01,3.404272122398133149e-02,8.159966806489116209e-02,-1.717023519989614666e+00,-4.817192819382822400e+00,1.310431933904174340e+00
3.803786902008994275e-01,-2.216504134428198824e-02,-2.458839503232290724e-02,-7.560664003045837189e-01,2.873621257268068607e+00,2.900788140444598096e+00
4.600793681580768180e-01,-3.996295473208988369e-02,5.501109296309181218e-02,-2.178775821899378573e-01,-1.140102624559267142e+00,-3.566611140800751034e+00
3.706404542909034205e-01,-1.134180940788098724e-02,-2.457557250926889481e-02,2.772865659825802354e+00,-2.280594990291312241e-01,5.930765052800763826e-01
5.278410008346199334e-01,-8.912772420829995212e-03,5.100472308714465441e-02,-2.895163740856074419e+00,1.918216646457516772e+00,5.556155900475365783e+00
3.584709652718629513e-01,-3.447550549400446585e-02,3.726357301221305818e-02,2.119072197040473338e+00,-4.006786484974801610e+00,5.496760430487045435e-01
4.739136576955296221e-01,-4.524669061950437055e-02,-4.158033776629466161e-02,1.491557427124403867e+00,1.019988707325372390e+00,-2.459022723242890951e+00
4.072895699094765121e-01,-6.222490657729196073e-02,7.140773777415176937e-03,-4.837198765902738451e+00,-9.743769634766061838e-01,1.151020544943597068e+00
4.814027294869909213e-01,3.683780716189488658e-02,3.545418661600585608e-02,6.160201161461470454e-01,-9.955385640116963808e-01,-1.420969004149402748e+00
4.513921537834164610e-01,-1.998312728425055695e-02,5.379619263871759927e-03,3.356842894190101290e-02,2.441943637593992911e+00,1.340543629057628916e+00
3.914916786707003382e-01,-4.269109323378472709e-02,1.467018323678637159e-02,-1.166756685964425833e+00,-2.586437195608862094e+00,3.524250673538112277e+00
5.082500407070078552e-01,-9.910702517967262537e-02,7.354952085652577409e-02,7.806462512642437623e+00,5.597009503918929374e-01,-2.158474213479387949e+00
4.295043696739249128e-01,-1.623943854136244980e-01,-1.705495932631961864e-02,5.428458404614215027e+00,4.702243465257215371e-01,-1.502619196471080798e+01
3.444973032350695519e-01,-1.192460705615587813e-01,-3.782934479138155837e-02,-3.326363232216449806e+00,-1.331814090510104576e+00,-7.965444191589087453e+00
3.808281271413491709e-01,-1.217195204410206344e-01,6.709340146183428999e-02,-3.365824631503498310e+00,-7.664990556449614578e-01,-2.027126276785310921e+01
1.863856228749831700e-01,-1.731592544386231225e-01,3.182697757417152218e-02,9.003402760931495941e-01,-7.560899463687607014e-01,-2.093127374246286365e+01
2.801606928120916606e-01,-2.125527833818736667e-01,-5.249671566214253460e-02,-4.235954913700717306e+00,-2.254972690172788674e+00,-2.013157306643890720e+01
2.899834881351495142e-01,-1.102708174503135297e-01,1.088375295237575813e-02,1.212466954816317166e+00,2.881485082285767940e-01,-5.562700573089824019e+00
4.135009097952320190e-01,-9.520261222506221088e-02,2.820077419195143875e-02,1.811144501848048316e+00,3.380581148579376860e-01,-6.947081788232049249e+00
3.428833911513038402e-01,-5.070221279186526431e-02,3.689870210292056640e-02,2.146830514974865434e+00,1.741177845576517225e+00,-4.347086734900540428e+00
5.075398225291944954e-01,-3.694612244390071965e-02,4.227480261904936754e-02,-4.474541408736956605e+00,-2.814797533662176221e+00,2.253217513036939401e+00
3.721795689423519349e-01,-5.435178233110349311e-03,1.115989584302568005e-02,5.279768726258559086e-01,-8.709359731460063481e-01,6.875140009835319921e-01
4.467956961391124082e-01,1.170119279993642181e-02,-1.001785484953821026e-02,1.190332254253952060e+00,2.476553584961945553e+00,-2.106029314139932218e+00
3.730275709481238877e-01,2.695163303122782850e-02,3.430862789046074113e-02,-4.009145724000314104e+00,-1.978130825882547406e+00,-9.477004718397125105e-01
3.610981689673113948e-01,4.727074099183425915e-02,-8.898013305543628348e-03,1.837101741904966667e+00,2.606832577813813945e+00,4.485330393912463798e+00
3.631924475631702620e-01,2.058029897195723379e-03,4.630474876982049182e-02,1.480336124416319121e+00,-5.198845959757062651e+00,-4.350015031480047312e-01
4.344302829985648984e-01,1.198398430364733258e-02,1.248360415843308147e-03,2.883685466068052872e+00,1.233781269829150151e+00,-2.463292908409557835e+00
5.146154525460104878e-01,4.362375810689655964e-03,1.455838232938155841e-02,-9.214845610449221569e-01,-2.203680534448428929e+00,3.404016766722272713e+00
4.806360657509154422e-01,-2.727611160041121252e-02,4.451150752629473573e-03,2.446076554869583974e-01,-5.750647073047276958e-01,-3.217308743058573839e+00
3.455966037868130059e-01,2.862772702457050400e-03,-5.305200973099388762e-02,-7.001736803550485666e-01,5.260118188620245938e+00,-1.050419808237454289e+00
4.004137405540797445e-01,5.266052515009178592e-02,1.522112022532517983e-02,-1.356770975683038838e+00,-1.625108012817556791e+00,1.266466675585181001e+00
3.891921623651928286e-01,-5.471721462136969194e-02,3.829498674252285184e-02,1.401081834790846248e+00,2.290577315769506850e+00,2.187338847293360367e+00
4.903573009148196604e-01,9.234631795946768307e-02,6.673435372060687598e-02,1.623392797016411704e+00,1.243158822853338563e+00,-2.012320194338647728e+00
3.928847574161586920e-01,3.157703895738350752e-02,-1.609448130338009264e-02,-1.777500789410252802e+00,-2.973275835457524607e+00,-3.267417180581525527e-01
6.560577464977463968e-01,1.125720701721952821e-01,6.328213954442318823e-02,-1.779331349689729391e+00,-5.573193432681363690e-01,5.299967048017876436e+00
4.748482238016416002e-01,-3.541539602584364843e-02,6.599843924615100832e-02,3.216260573522426558e+00,1.954793570042431705e+00,-3.266297701270085785e+00
5.072927524156648493e-01,-8.211865485081304428e-02,8.339274144821828827e-02,-6.581368072650055634e-01,-3.822153019699666032e+00,-5.831720715798182075e-01
3.892598272296297068e-01,1.767170976902932011e-02,2.212035041065973928e-02,-7.635036853096782705e-01,1.381466498711946711e+00,2.551881363264020930e+00
4.924248027191636679e-01,-1.925266930883395844e-02,8.083968168860167225e-02,9.340345747809992993e-02,2.399298183207228430e+00,-1.661822946743830132e+00
2.469992223198311243e-01,1.209497677417559203e-02,-3.080051685214080237e-02,1.153430311972314382e+00,-6.855179174646514051e-01,3.007896344455627813e-01
5.083489303102843859e-01,-6.836296766677207870e-02,1.476007188162089534e-01,-3.010446916667691930e+00,-1.537593626100150823e+00,3.251837375775313621e+00
3.517904580306669970e-01,-9.043791782886501096e-03,-2.382905835513859927e-02,6.058680797049813549e-01,-1.511777587150471280e+00,-4.585351961789723152e-01
4.748732145204448418e-01,-5.238758342141380808e-03,5.288114338800120606e-02,2.557757964168288822e+00,2.583391225699361637e+00,-9.216987241588772695e-02
3.831537381421719068e-01,-5.235312359244304048e-02,-3.519773787598268200e-03,-3.749513680778108871e+00,-3.087964484953488409e+00,-1.740759014216529232e+00
4.906741166173462787e-01,4.435537772430109271e-03,5.173967069842966282e-02,1.662326568190603426e+00,2.388311999994283230e+00,4.962334322821778443e+00
3.729601852902648673e-01,-2.549551137411398827e-02,8.814813431913570696e-02,-3.786341852577396194e-01,5.643530529871910728e-01,-3.097511792895031757e+00
5.007375251656300819e-01,-1.078033097929775863e-02,-6.100819422787218116e-02,1.018103183512666821e+00,-1.056833903542003128e+00,-1.020108544619448221e+00
3.647893479909933845e-01,4.183062536398551856e-03,1.467482349968385336e-01,-3.432911124450999552e+00,1.156963492106645036e-01,2.760423233497451889e+00
4.825113359599608742e-01,2.266619336317532429e-02,8.218310983068022324e-04,2.235523547093663854e+00,-1.009883057852757560e+00,-2.814016811391632511e-01
3.713826571911296170e-01,-3.918402171355239716e-02,2.099092777740807492e-02,9.231646484640444461e-01,2.943987700777456862e+00,-2.091690349245170388e+00
4.082816612227926356e-01,-2.423803852802564052e-02,2.168475904185918068e-02,1.024844876312084041e-01,-2.258015587700245241e+00,-2.878196986295979420e-01
3.884547520954653166e-01,-4.286747713475591581e-03,7.645379806632668362e-02,1.483809022645276698e+00,7.551347917445380142e-01,2.121482656224736196e+00
4.824483972952195998e-01,7.542140764327953661e-02,1.404895616437507044e-02,3.425602018576475727e-01,7.375079503532357972e-01,-1.670805481688632410e+00
3.992976078921497418e-01,1.273232123791245840e-02,5.931031534403885530e-03,-7.456337543774399501e-01,-2.783149399787313349e+00,-9.958916283133626424e-01
5.038287913654233563e-01,4.469074828179486758e-02,3.816332873854122454e-02,-5.756057235641224290e-01,1.682862015564281721e+00,-4.042288719885322318e-02
2.468454305116143388e-01,-2.087798823890096855e-03,-3.069526331415772802e-02,1.200217251024106258e+00,-2.472539959878510274e+00,-3.026467222554607428e+00
4.637367921791666348e-01,-5.861765277296626664e-02,-2.105242780667815339e-02,1.484197568598165651e+00,3.297181298385045700e+00,-2.813062772653928345e+00
3.811114540035172027e-01,-7.913678777615373860e-02,-2.769103829196950528e-02,1.291118848956315679e+00,9.846089444517936995e-01,-1.857885468986883337e+00
4.362543228908730697e-01,-1.437669668755425789e-01,1.791855243590489977e-02,-2.685900277765192357e+00,-6.553210731403839029e-01,-1.145274029985513486e+01
2.022436227133508346e-01,-4.706183713014766568e-02,8.257781471672664964e-02,-1.774596583348876377e+00,9.027386101321271950e-01,-7.136615983140033315e+00
4.276103556679737849e-01,-1.670433799309130052e-01,2.551521293828429293e-02,-4.513239533837202444e+00,-2.590728676924072271e+00,-1.274185360987325666e+01
3.176381253029436635e-01,-2.995871951846638126e-01,-1.972912884877509043e-02,-2.619473475134239226e+00,1.162421919890466837e+00,-1.483958151845831530e+01
3.913368752443311394e-01,-1.667316154608329271e-01,-1.323982177190430320e-02,2.647430423595444449e+00,-1.482028763729772436e+00,-2.201112191502746640e+01
3.215425868261014841e-01,-9.333462426730143591e-02,-3.987787232973971641e-02,2.556036140480725916e+00,2.028339734293157282e+00,-8.935879784266164805e+00
4.838248084653429260e-01,-2.755856166167802712e-02,-4.922402338127795929e-04,-3.151496337293254957e+00,5.295578054890979214e-01,1.043276714239555147e+00
4.267764922869936584e-01,-3.968722794215828742e-02,8.185135176065116980e-02,-5.663111719515501186e-01,-2.027892360277368855e+00,-5.762381914608448952e+00
4.762039869812504378e-01,-1.928135157337429462e-02,-1.126802926994585619e-02,-4.932313635482879488e-01,-9.399257751423607810e-02,-3.196292957406087876e+00
3.795411337281429098e-01,-3.626398385142337588e-02,-3.422485856251356040e-02,-2.425043788235196729e+00,1.414016910248975245e-01,-1.006406876047170051e-01
5.899155808537344114e-01,-4.499065605578778104e-02,8.118410665223407818e-02,2.184557468795617297e+00,-9.544095742190683573e-01,-8.632309408975000764e+00
3.682769780410737326e-01,2.758452691625912223e-02,-3.304631411273284414e-02,6.053733137521021268e-01,-1.114510781563238906e+00,-3.509936564691436001e+00
5.039579941627145843e-01,9.147090295255910775e-02,1.470081400368883351e-02,-2.512348345968346219e+00,3.575365513552735131e-01,3.557522695190658446e+00
3.417955716008513889e-01,9.404471869363639769e-02,4.159220131684193689e-02,1.195653350102805490e+00,4.860801676077374234e-01,1.090664988955808989e-01
4.428071244474800494e-01,2.219990179337383296e-02,9.317715318745811715e-03,2.227032822332237760e-01,-1.780892716468437942e-02,2.503145701318113314e+00
3.727310907146303975e-01,2.240967500294388515e-02,6.705412153921486151e-02,-3.723324949786443128e+00,-2.254242484315008843e-01,6.913223570084982228e+00
4.541344868972245763e-01,1.506571235674964981e-01,-1.905760821736102173e-02,3.574890337009735131e+00,2.636831715846751578e+00,1.216888300424305491e+01
3.216805581521775537e-01,7.139767700387444904e-02,3.488602982754329673e-02,1.731011667929089004e+00,8.601631447383000229e-01,3.353064517878241890e+00
5.746536801763753033e-01,1.135933373345920927e-01,-2.068809914602631750e-02,-8.033130246019933862e-01,-6.221913381540158383e+00,2.376058945134472911e+00
3.163073947161656463e-01,1.819813458320496125e-02,-7.170421376114077816e-02,1.266198809903473776e+00,1.281958656157493381e+00,-4.892344315666842469e+00
5.038866714623058130e-01,-1.292398426197713945e-01,-6.347357475520176706e-02,-2.727385453463795351e-01,-2.489737914832920729e-01,-1.198670204440940701e+01
3.697157196257059297e-01,-4.535755384237560861e-03,3.516093169933398599e-03,-7.686959111991991556e+00,3.751034864483092646e-01,1.681978643929071260e-01
5.010826223456668060e-01,7.744729592050525468e-02,-7.681203199334873943e-02,6.150852907524066993e+00,-3.620207246055950345e-01,-1.530352953027790841e+00
3.940888759251706119e-01,-7.282186881720598137e-02,5.443685291073663279e-02,1.778310054555064523e+00,2.031401614927664134e+00,-6.467767248174823180e+00
7.154992355004239357e-01,1.226018766043104335e-01,9.455474832476440383e-03,-2.094442263033055307e-01,1.679212171782811680e+00,7.199729872958438470e+00
3.898092323733930442e-01,-3.472887378158873162e-03,7.925690018654663049e-02,1.282715412257690923e+00,-4.213702264696631339e+00,-1.377825049462189533e+00
6.609997027750154075e-01,6.434768725668860156e-02,-2.348435565419926263e-02,-6.772178196333320521e-01,-6.762620699512534861e-01,-2.350305862872957618e+00
3.840172527100627065e-01,-3.580719269216281475e-02,8.842598342739194095e-02,2.896962100246081584e-01,3.045139955173152391e+00,9.577674446299430100e-01
6.388976702888520265e-01,-1.804668693877609087e-02,2.901157334902038087e-02,2.764422428672719256e+00,2.728485696665102100e+00,-3.850668023959924469e+00
3.986929252710833538e-01,2.879463973048856928e-02,3.897453913637960454e-02,-3.702405046386256782e+00,-1.940226206832874389e+00,2.817003995727856425e-01
6.392681489181573085e-01,2.042531317590601248e-02,1.215708504077017693e-01,9.606390994556373020e-01,-1.649513201617239577e+00,1.470942287596143982e+00
3.550082572709190032e-01,9.074281521136917661e-02,-3.156017097030172636e-03,3.268729108667386418e-01,2.150292036676886287e+00,2.672329085279314675e-01
6.586681194941785833e-01,6.856927253017630619e-02,9.444782492363756887e-02,-6.073737379070977660e+00,-6.106358239885156358e+00,5.726903238909442528e+00
3.847941368493010827e-01,-5.073155622193326053e-02,2.599292110704709557e-02,1.066980560588721261e+00,2.027393360036335856e+00,1.334357452869030292e+00
4.806127963310569129e-01,-7.953605008531994258e-02,-3.110410539133923180e-02,2.161191041501235865e+00,1.627703488994011405e+00,-3.347082106910789889e+00
3.878652100072326192e-01,-6.028148319932036259e-02,5.073093802083761261e-02,4.593728598351451975e-01,-4.130865846558410048e+00,1.284676151563239610e-01
5.140446522644825933e-01,-2.712954844830939294e-02,3.371994208828610340e-03,3.049321069135048745e+00,2.226443659839436151e+00,9.961680963363159780e-01
3.928986971328374267e-01,2.641717910100815914e-02,-4.875185817243377073e-02,1.150554851727363381e+00,2.276916167703359140e+00,-3.037134259422565208e+00
5.418371850808370027e-01,-2.644495997504492379e-03,5.110913141058048836e-02,-1.453815414669776152e+00,1.857458001048073015e+00,-1.631494262381336213e+00
3.732276796278384268e-01,3.544335900232375991e-02,1.086067903816765323e-01,2.244943000431985081e-01,2.675159356453197024e+00,2.405913131645557979e+00
5.024833646858235525e-01,2.269959598792326005e-02,1.705127123038074899e-01,1.802399399190113050e+00,-2.218716634803143961e+00,-1.229018948125098487e-01
3.707685829238798192e-01,5.805213753180993308e-03,3.214825804425558431e-03,-2.895969696466111465e+00,-1.607910799910566624e+00,-4.183997649030740118e-01
6.241794309844648225e-01,-3.368786459898842622e-02,1.476324629723126947e-01,5.912911300109881946e-02,-7.643986468248312738e-01,5.333451047220189700e+00
3.729391766556240384e-01,7.440535907973000462e-03,7.996502828256879525e-02,3.357712327127586605e-01,-2.255137023376105443e+00,-4.183074981473497544e+00
4.831013092271749798e-01,-1.962085435208038575e-03,-4.661889627436188732e-02,-5.902840656841890077e-01,2.422961694071430028e+00,-1.082557736552628297e-01
5.366342761553548613e-01,-1.788592508477826470e-02,1.288575675800718301e-01,-3.957186000016522875e+00,1.675831923321692507e+00,2.358055422608506202e+00
5.009553841534888363e-01,-4.179182083241705925e-02,4.581890095415630526e-02,-5.596248107098462654e-01,-2.963935473196667392e+00,-1.880831292483412742e+00
3.825569187958945960e-01,1.145430359550125843e-02,-4.245791512374630372e-02,3.730201426566874812e+00,7.181908990207969135e-02,-1.026712416800508176e+00
5.545045632017897574e-01,-3.285041302653191053e-02,1.249355042438580199e-01,-1.833094261431750471e+00,1.541302041722893978e+00,2.363412254265330414e+00
3.892605179629007317e-01,2.328607983802832848e-02,3.566561330436535115e-02,2.816651678005885895e+00,-2.453899512214399614e+00,-1.549112954692267063e+00
5.992286758215965570e-01,-6.813889067382916664e-02,-4.270974587334031014e-02,-3.669363753068165757e+00,-8.508966067391697807e-01,-3.445519114519394743e-01
4.035763727229011444e-01,-3.017840095045798421e-02,7.071547315105952691e-02,-1.794612419644253887e+00,1.330205525258146393e+00,4.296581772224956630e+00
6.813893858042472385e-01,-1.861669521300690633e-02,1.286121922362681858e-02,2.345785022927132424e+00,2.883507076449362660e+00,-4.425736797263221334e+00
3.650386024582004119e-01,-5.980335991586649413e-02,2.601854381866886001e-03,8.768285236756189205e-01,-2.187094603301944939e+00,1.477912361345007808e+00
5.116331450782849455e-01,-6.547218159518664038e-02,1.216920116651323269e-01,2.831475325921081865e+00,2.897502763874900467e+00,4.363272901931074088e+00
3.369280438418228441e-01,-3.998490432956103291e-02,4.741506435441777967e-02,8.190450907412659687e-01,-1.906593794511614037e+00,-5.777678744310759562e+00
5.741723348847335151e-01,-5.439474965820778607e-02,-1.407046344715467967e-02,-2.320977116676047114e+00,-3.005320526662845104e+00,-4.725439840297162242e+00
2.875228197565622423e-01,-1.853695146698370877e-01,5.946621854305256250e-02,2.519846083506626755e+00,1.281116356836442982e+00,-7.716491586131115632e+00
4.041097037989986873e-01,-2.014320291548727937e-01,3.174501336445878508e-02,-1.769008485198720226e+00,1.126696752507621913e+00,-2.021091437002584712e+01
2.620532678910452162e-01,1.983860291916617058e-02,-6.816463663707139631e-03,-2.194730784617091590e+00,2.868917600615224828e+00,-6.119606984270160588e+00
4.458348231175621734e-01,2.994460047116476176e-02,7.085809394505737657e-02,1.415875110039366058e+00,-1.334462013100810307e-01,8.247142472879264830e+00
3.330630810298407241e-01,5.350488653387941440e-02,8.094283499064935938e-02,-1.824188686471357235e+00,-5.155344856162102474e+00,7.259154536863024809e+00
4.828750515552129308e-01,8.873994973288290566e-02,1.352318109146111169e-02,1.200897945366338870e+00,-8.124871732603535790e-01,1.154435988534738478e+01
3.941186518538432049e-01,3.760412839160132137e-02,-3.054515764187115678e-02,-1.301416143168604433e+00,-3.874433723507149097e+00,1.288204670034574129e+01
4.607000673458130358e-01,-6.653905289024031333e-02,-1.427759101287939814e-02,2.419955862394040480e+00,5.214399103995508433e-01,4.243887508574911926e+00
3.317974812893451642e-01,-9.329247248501815193e-03,-2.676736658034428729e-02,-1.230225033646919597e+00,4.096827921434956110e+00,-5.055999282219914015e+00
4.978816535417167621e-01,-8.114222104861568141e-03,4.628545013707707767e-02,2.614356755722647474e+00,1.319788469291461208e+00,-5.635041817901405015e-01
3.495918266443047706e-01,2.662543701952024833e-02,7.450420697511006551e-02,-4.683909737479167168e-01,-7.842552655221610713e-01,9.622838099429902314e-01
5.886732479080274416e-01,8.397048961291808666e-02,-2.091878624969467637e-02,2.494824525233740431e+00,-6.159848995951341388e-01,4.244835336639674495e+00
3.742403683141866111e-01,-4.921850625137125235e-02,5.927860982282773250e-02,2.941289018293955504e-01,-8.386634846173813829e-01,-2.390408217240155508e+00
5.231302913906707985e-01,-1.433637540847243486e-03,4.162540674405690311e-02,-1.570013117492142340e+00,3.515731073280751739e-01,2.719160520655616864e+00
3.814603331260046915e-01,-2.578451000066639409e-02,2.613297053780172519e-02,-6.533084501993754456e-01,-1.242143062169976275e+00,6.066611627230061865e-01
4.915762054583332485e-01,-8.961566640917517645e-02,5.499992569436606971e-02,2.696009747148343294e+00,5.843538141549218246e-01,-5.219316138106406822e-01
4.945870902742921515e-01,-8.495088565560671157e-02,8.575085060099318923e-02,-3.012710281415594160e+00,1.725601876266299461e+00,-3.922986855148353214e-01
4.885630718207529810e-01,-7.078874455755990169e-02,2.639090503808105836e-02,2.415782320832216445e+00,-2.683841620163156971e+00,-3.381311647907780493e+00
3.747761684421071493e-01,-3.010397853820290237e-02,-4.642419494767935362e-02,2.433650662507138129e+00,1.031730746341895433e+00,-3.320919129113719115e-01
6.528994166015085199e-01,-5.592749210843450669e-02,7.757450286745637413e-02,-5.656755751103777818e+00,3.564432650776512279e-01,2.683313344478118534e+00
3.817215729651497469e-01,-3.627400654181833772e-02,2.800759913139216906e-03,1.242020278620575624e+00,-1.956831026892849046e+00,-9.255401973937457116e-01
4.808145079210710549e-01,-5.554679224534275761e-02,6.596405487636403109e-03,-1.609254305949809449e+00,-1.986308012767553921e-01,1.103711022631702759e-01
3.920486810844199255e-01,-3.942617779818391455e-02,1.480409349236211369e-03,2.061052491257941988e-01,-1.366322104814825300e+00,1.783246378869902005e+00
4.922926407969683282e-01,-6.125359910739103242e-02,-4.597381744360085065e-02,2.970924136735729970e+00,3.275376865017344818e-01,-1.961068652063506113e+00
4.719097626695045733e-01,-4.641120212776872478e-02,-4.917228777802229445e-02,4.818523533717171681e+00,1.549868224280017248e+00,-8.891734960530724985e-01
4.535963441200348001e-01,-1.019305493735807033e-01,-2.107226404039685974e-02,-3.605178950456069259e-02,-9.731231030445690600e-01,-5.567210563317098071e+00
2.657431468345521353e-01,-1.502357157743841043e-01,-2.895169790129159537e-02,-1.649036578653347296e-01,-3.277541639346571500e+00,-1.428996930430317391e+01
3.124908267785819760e-01,-3.790717443619051608e-01,1.508699681313352414e-02,2.136077966938675576e+00,1.301812768654461161e+00,-3.672651737286148688e+01
2.936420681040479153e-01,-1.471485080985974747e-01,2.356549650768613446e-02,3.612550670647774798e+00,1.075378039852552092e+00,-9.346904227006419319e+00
5.215602839277823088e-01,-1.526842499236575890e-01,2.835275665034764359e-02,-7.532414137129312959e-01,-1.172060475319464112e+00,-9.089005421258709916e+00
3.369173499071189681e-01,-9.489936857641190215e-02,2.496198836040619540e-02,1.022726724549555710e+00,2.748786025043741255e+00,-7.822762946189354416e+00
5.469425656756854437e-01,-6.537479297341874940e-02,8.318790463446390504e-02,-2.455275997705598900e+00,1.647019829731070362e-01,-1.835606153090074910e+00
5.866253546946296193e-01,-6.051134596629381690e-02,4.820771676940260875e-02,2.541053058546766774e+00,-4.188095921986521031e-01,-3.044968743562980418e+00
5.568092565556992390e-01,-3.880430127805922780e-02,-4.775219951119069606e-03,-2.962787046098648069e+00,-3.309387576341147330e-01,-4.463371467087700495e+00
3.403684215443012473e-01,-2.478268257288185339e-02,1.181823315579695333e-01,-4.209008587716512317e-01,3.445497626596586982e-01,2.992413909584740850e+00
7.397893840448617198e-01,-5.915329856309625711e-02,1.400143943747114150e-01,2.630076561935430046e+00,-1.361375928670652380e+00,-8.141949408095400242e-01
3.253415022661712008e-01,-8.749547189658812840e-03,3.310071126866276359e-02,-1.166080506126259964e-01,-3.320112063184785356e+00,1.899498711245571680e+00
6.254967153076733677e-01,-6.512865598424255609e-02,7.982650600403573549e-02,2.051789820292778010e+00,6.155928253078882806e-01,4.574886586073961814e-01
4.644586555083241031e-01,-7.362944671864823931e-02,8.836884014375101515e-02,2.448978930290529321e-01,3.732133981614840224e+00,-8.165048072629080167e+00
5.315200784918999721e-01,-8.341255120901180931e-02,1.076281127206950572e-01,-3.218311844052867521e+00,-4.759567841792244902e-01,-4.600638693867244444e-01
3.002419111865539669e-01,-1.365569037259248830e-01,-2.122899799932476128e-02,4.277514866855248066e+00,-2.452936461226667308e+00,-3.243869239870838417e+00
3.346143989540983910e-01,-5.356348261538332878e-01,1.426626624757290074e-01,6.825543333132210178e-01,-9.386305180289623573e-01,-2.830877178533815197e+01
2.735596714025665399e-01,-2.248209004877175232e-01,2.689348107288580536e-02,-5.567931540272925695e-01,2.612858898223526793e+00,-1.689162970427284449e+01
5.825848141161191762e-01,-3.901422969877712532e-01,1.220652504079442480e-01,7.583538087935115968e+00,-3.355965015349783087e+00,-3.098894282710805115e+01
4.793710730801130637e-01,7.020051908696300913e-02,3.045411234823625080e-02,-4.359354920314446602e+00,-2.128904449653976627e+00,-4.687643887661960385e+00
5.710005469646945997e-01,1.364102731583261008e-02,6.558549172348726586e-02,2.061160822398147463e+00,-2.230541429467043923e-01,-1.062157854609916408e+00
3.885475155097690703e-01,-2.604374875531095812e-02,3.431757156899806205e-03,-1.249794496001325639e+00,9.356255638216733894e-01,-3.236498166340963767e+00
7.478728305564343870e-01,3.667922124237718573e-02,6.185849465420822924e-02,-1.741394705571094992e+00,-5.003655207190519372e-01,3.201230139033877542e+00
3.313574886614709669e-01,-3.774092581868448981e-02,1.104098175813721383e-01,1.872032523496428569e+00,2.098628868035099515e+00,-3.461887289913497590e+00
5.804665296069391189e-01,-9.074406328167122782e-02,6.774791431050175561e-02,-1.979032536461475367e+00,-7.162189386302248550e+00,2.318708245292520509e+00
5.003691035907724682e-01,2.465079725608931849e-02,-5.495632349361478930e-02,1.533262140939464224e+00,1.844948385675838631e+00,-1.461544446774374784e+00
5.855515416047176736e-01,5.868414657671516821e-04,-2.800170858418482567e-02,2.671479925595580673e-01,2.526353130987227580e+00,-2.982652806887178709e+00
5.003059894008963226e-01,2.657679425848463728e-03,1.688701015156013341e-01,-2.739304089611565018e-01,-2.389857006001440354e+00,8.431482793342473414e+00
5.993200060620811342e-01,2.819253727062098758e-02,-2.221614933464621799e-03,-7.761680914245130403e-01,3.358613034203051129e+00,-5.813022787731127572e+00
5.057285669224858005e-01,1.067804427073870688e-02,-1.741102287368612167e-02,7.296580784151703858e-01,-4.939333921444914566e+00,5.117376856096455207e+00
5.859042757076742269e-01,1.797509255551323903e-01,5.221523346387435538e-02,2.261835141698795848e-01,4.330835661934395731e-01,1.064613461150218932e+01
4.351351166257032554e-01,2.912691411824483989e-01,1.959162146120441150e-02,4.373372653618511352e-01,-4.484597959791532529e-01,2.141404095456351797e+01
5.267426510596923128e-01,1.460717405819209613e-01,-4.312823704346158138e-03,-3.456614925466886534e-01,-1.558161817231501933e+00,2.954958136518451894e+01
2.931576970723923647e-01,9.844389031522737810e-02,9.532475078696478477e-03,-3.311119054119939342e+00,-6.635209492815141274e+00,8.881546780204713443e+00
2.663814893246968518e-01,5.786527085951176375e-02,1.810133889692444598e-02,7.840344934756455331e+00,5.457192368599375953e+00,1.860950795985578665e+01
3.694534168610275060e-02,2.744137812833907786e-02,-4.345645645388529488e-03,-2.791519943923780112e+00,8.073016003948685348e-01,4.834306621184696340e+00
3.057183380629768799e-02,-2.932365458003427516e-02,-3.271082264804547890e-02,7.914181496829589824e-01,9.819488911953488941e-01,5.667099097203098790e-01
1.283934947397069593e-02,-4.176558898958182553e-03,1.366100828128580247e-02,-5.759962355314232063e-01,6.713701005407464173e-01,1.375695901751884109e-01
-9.278032755396736775e-03,-3.234280999138250401e-02,-7.030372087106329104e-03,-4.854239695509889041e-03,-3.117550417545594810e-01,-1.395368064680263309e+00
-5.157725885841291102e-03,3.514176485809872297e-03,7.327039340729868400e-03,2.025580863223174433e+00,-1.813832256926584341e+00,5.336243219160724527e-01
7.422802407006212633e-03,5.046795814887428122e-03,-1.738247643553947341e-02,6.570812866277489506e-03,1.320608565717397820e+00,9.483118922438739107e-01
