9.999003187485794308e-01,-4.113046546133314330e-03,1.350686546162913233e-02,5.050942482550189322e-02,3.982142789845110470e-03,9.999449832233897606e-01,9.704280765524448543e-03,-1.564232726674172694e-02,-1.354603651591467471e-02,-9.649527163762171983e-03,9.998616861947583478e-01,9.732410818343788933e-03
9.995595551940599233e-01,-1.669323620454628981e-02,2.453632990633083238e-02,2.001842339417080063e-01,1.621702785703433430e-02,9.996787014404270311e-01,1.948080834733592615e-02,2.029667678641413828e-02,-2.485364415407230118e-02,-1.907432178088348113e-02,9.995091128253219548e-01,-1.648225096235721512e-02
9.999093356962304169e-01,1.312863750637449124e-02,-2.993203091886065433e-03,3.186919782927103428e-01,-1.306342905105358984e-02,9.996972020017691474e-01,2.085308445438794830e-02,5.461931676189313301e-02,3.266069342673013579e-03,-2.081209232777820120e-02,9.997780701755709654e-01,1.834837377184789231e-03
9.979800628550974384e-01,6.310122845523906399e-02,-7.350449726069126048e-03,5.307952240329213422e-01,-6.301369977053633553e-02,9.979454043756947890e-01,1.158635087762095207e-02,1.133975746592561507e-01,8.066460497916587424e-03,-1.109976814489243430e-02,9.999058592498422104e-01,-2.806568797142975497e-02
9.968917243680924800e-01,7.540078888078549646e-02,2.283880300205325120e-02,6.740332458638848001e-01,-7.575938021329597927e-02,9.970092907024261653e-01,1.526402839167522764e-02,1.304793958400856102e-01,-2.161957899933854288e-02,-1.694683714442975914e-02,9.996226280525524199e-01,-6.431098813336232067e-02
9.989500778546748228e-01,4.548797306095597737e-02,5.439325412686632326e-03,9.433490337831815786e-01,-4.564342764821126275e-02,9.984105323241623253e-01,3.306185803467185519e-02,1.097055895954161531e-01,-3.926762873138507984e-03,-3.327541511368470317e-02,9.994385060034209900e-01,-1.108364064416473699e-01
9.976919164821498320e-01,6.441278970783485824e-02,-2.149028404255476365e-02,1.116362142467099750e+00,-6.300605519600664672e-02,9.961638239298939990e-01,6.072785935638000399e-02,1.013495935538285819e-01,2.531949436330041200e-02,-5.923367636256215291e-02,9.979229904104636173e-01,-8.716477244261409962e-02
9.998805794857063001e-01,1.263035586183647654e-02,-8.905104049471731023e-03,1.379170342842914954e+00,-1.212380213283544006e-02,9.984232114910728262e-01,5.480970879046632993e-02,1.109120061553132142e-01,9.583328710442937451e-03,-5.469519966738618094e-02,9.984571072130101754e-01,-1.207575899651452123e-01
9.995136226062123486e-01,-2.133954441181831058e-02,-2.274075787880281904e-02,1.564794548771945015e+00,2.047741024414188871e-02,9.990870698527133387e-01,-3.749269959354774306e-02,1.456576820308040643e-01,2.352007428345858839e-02,3.700879216368643115e-02,9.990381150928555609e-01,-6.404393274413959503e-02
9.969156228753736082e-01,7.768625794118388939e-02,-1.113939828275490110e-02,1.916425559002251866e+00,-7.797715659962037305e-02,9.965441235848444546e-01,-2.862468859484377723e-02,1.476233759973937798e-01,8.877156957285407823e-03,2.940501786446221913e-02,9.995281591874970450e-01,-8.542120824406404522e-02
9.978316288109223553e-01,3.693154963791177303e-02,-5.448028254225894401e-02,2.114882150733536914e+00,-3.742127003488703030e-02,9.992675877630923242e-01,-7.996036212142199409e-03,1.526115215143081238e-01,5.414507450837956204e-02,1.001741920218379191e-02,9.984828302074151285e-01,-1.002106744182764547e-01
9.962412275914031001e-01,1.873795205669856728e-04,-8.662206033159175478e-02,2.427936689878774867e+00,4.582024566498986255e-03,9.984836628209311504e-01,5.485781740616544472e-02,1.670728812563693766e-01,8.650099131250837958e-02,-5.504852376414341719e-02,9.947297314011187552e-01,-8.903104512121598479e-02
9.940595401630685224e-01,-5.335893194678730661e-02,-9.486018654992964261e-02,2.726780545081998408e+00,5.831559338386314850e-02,9.970317020145049725e-01,5.027003825686196525e-02,2.005173667510852242e-01,9.189625769897956375e-02,-5.550323918075917434e-02,9.942205330113466077e-01,-1.441415463768264682e-01
9.946199700944446942e-01,-1.251976591580050528e-02,-1.028317584734397550e-01,2.890351725385114090e+00,1.642830644807960483e-02,9.991709113228967043e-01,3.725051292827012694e-02,2.010076512583698627e-01,1.022801341247374096e-01,-3.873945569551533880e-02,9.940010204903417801e-01,-7.489560891314793467e-02
9.971858810406754037e-01,5.534987802216890466e-04,-7.496674124058351485e-02,3.055276311677375567e+00,3.490409260609567653e-03,9.985455806781300403e-01,5.380093262545602995e-02,1.943322761756304529e-01,7.488748691420860082e-02,-5.391119500878924914e-02,9.957336226905257881e-01,-1.168940113670585840e-01
9.976774617461202643e-01,-5.358017493588046465e-02,-4.205766490973367883e-02,3.130522164844403488e+00,5.597434443010564087e-02,9.967473906750633494e-01,5.797854730908499205e-02,1.958578706352928911e-01,3.881436704931427034e-02,-6.019804013663868081e-02,9.974315218972520380e-01,-1.159093781715911792e-01
9.968630841254018105e-01,-7.727893161383701803e-02,-1.708678543835288888e-02,3.168106244092764978e+00,7.793214309424054131e-02,9.960901665602801547e-01,4.160482129094388720e-02,1.771369917371701519e-01,1.380480281391998666e-02,-4.280592027437882946e-02,9.989880282609655548e-01,-1.569224083312205364e-01
9.965412791434030693e-01,-8.103977983137232444e-02,-1.838567507906751011e-02,3.196014427542464009e+00,8.171420413330679478e-02,9.958726614652876341e-01,3.950229093235235051e-02,1.676337508888678107e-01,1.510853421383437367e-02,-4.086803434136086072e-02,9.990503170326219262e-01,-1.607287591818143679e-01
9.941176182275883733e-01,-1.042431911623733082e-01,2.938568062496258945e-02,3.288234004138112176e+00,1.036867434767955592e-01,9.944115584029646904e-01,1.986735366785768661e-02,1.662718684119208201e-01,-3.129249681128976751e-02,-1.670358077992430829e-02,9.993706869987950547e-01,-1.869908218352096807e-01
9.951610078938574189e-01,-9.630866812715326020e-02,1.947328455233347452e-02,3.391210117519600331e+00,9.589199595598041359e-02,9.951636780411902139e-01,2.130678340595042880e-02,1.833150524522286218e-01,-2.143113341054363533e-02,-1.933634792569974975e-02,9.995833192734037143e-01,-2.046257001085425853e-01
9.978718698648673113e-01,-6.505841382869949341e-02,4.374256792555802215e-03,3.605970294955574751e+00,6.486250172942366332e-02,9.972595311405869634e-01,3.558487626305165130e-02,2.519147725710668140e-01,-6.677364883997350883e-03,-3.522542177674921338e-02,9.993570845592959495e-01,-2.184248134671041564e-01
9.996880405457737595e-01,-2.492676403320683368e-02,1.574174254822788320e-03,3.763422552603356674e+00,2.485888575610307669e-02,9.991127378362978373e-01,3.399666001568277945e-02,2.728964634391364275e-01,-2.420204271695434398e-03,-3.394692221821794809e-02,9.994207067512625997e-01,-1.965267137150888410e-01
9.992634851638249049e-01,-2.254363971501121763e-02,3.105272172686575002e-02,3.967200169604983451e+00,2.138807397943493296e-02,9.990842996344835303e-01,3.705553285709766581e-02,3.073578569331149590e-01,-3.185965332040828490e-02,-3.636408299782904058e-02,9.988306242592034367e-01,-1.840336135111401150e-01
9.988116734868995872e-01,-4.865399131569045355e-02,2.833731700784694087e-03,4.296765854223719927e+00,4.865909895365702620e-02,9.988138898599755455e-01,-1.762246237793650954e-03,2.529564823541584073e-01,-2.744630269730504498e-03,1.898038945103251414e-03,9.999944322109224348e-01,-1.508848712657381297e-01
9.986645307613642997e-01,-3.597413003058964193e-02,3.708122122755108663e-02,4.472795253716161490e+00,3.600510747635910641e-02,9.993515918344720861e-01,-1.677305049500314358e-04,2.863107426634530217e-01,-3.705114350192415668e-02,1.502619861672900743e-03,9.993122409431153264e-01,-1.825756949189184242e-01
9.998559169918922462e-01,-1.630206770882292044e-02,4.731579516351238322e-03,4.749766975449148276e+00,1.637241169627276852e-02,9.997499672705909557e-01,-1.522980885303527529e-02,2.777385386360702868e-01,-4.482119091495669234e-03,1.530508186417816469e-02,9.998728244519802244e-01,-1.398399078390282213e-01
9.994344462513804483e-01,3.359518953617936926e-02,-1.466589998931625916e-03,4.926011701138955701e+00,-3.360363471337679542e-02,9.994161696455942101e-01,-6.173782064391108819e-03,2.840864987721620216e-01,1.258324380564566089e-03,6.219573213399811652e-03,9.999798665617205540e-01,-1.459311961495660115e-01
9.977936015177932827e-01,6.383963475904842755e-02,1.823265762259019054e-02,5.205395071043927402e+00,-6.445960869381819891e-02,9.972806636134677882e-01,3.572445702486254371e-02,2.980737823153850052e-01,-1.590244060486127597e-02,-3.682090461290576239e-02,9.991953429466613468e-01,-1.168980007063621651e-01
9.987227150034581058e-01,3.506189092743165758e-02,-3.638134605418490153e-02,5.433215915146670127e+00,-3.270968735724480436e-02,9.974551905378481464e-01,6.334997412861559374e-02,3.228057950787608932e-01,3.850993234365359535e-02,-6.207903570206169119e-02,9.973280194786414699e-01,-1.121144844382018918e-01
9.978812627340997166e-01,-5.912165071905064323e-02,-2.715908504447681060e-02,5.692849919109129075e+00,6.120026841788677591e-02,9.946310691733371012e-01,8.344796810398109888e-02,3.010632765350544915e-01,2.207968817209957080e-02,-8.493330707890175968e-02,9.961419681545717886e-01,-8.831226187686769258e-02
9.977194742465226307e-01,-6.616603303470196262e-02,-1.333817010287256279e-02,5.893162814568396968e+00,6.673045705476923772e-02,9.966349976547531631e-01,4.759965914764622413e-02,3.124444581345829919e-01,1.014380650959144023e-02,-4.838116908634223362e-02,9.987774355016911798e-01,-6.783866064948523844e-02
9.991766929860194102e-01,2.596814555660284865e-02,-3.117036428842416898e-02,6.159378124109109898e+00,-2.435403035055757476e-02,9.983969881454841655e-01,5.109144025872121297e-02,3.137256482054134876e-01,3.244714778229525892e-02,-5.029025231968362736e-02,9.982074299074399359e-01,-7.204029824885031796e-02
9.996456371204881508e-01,-1.294750912148260463e-02,-2.325859397131694109e-02,6.397210510807499695e+00,1.412014976863638742e-02,9.985997546643834433e-01,5.098187280538985650e-02,3.673180211627410929e-01,2.256593797041761204e-02,-5.129222155242253722e-02,9.984287087477666800e-01,-7.330993121290348136e-02
9.976356364279546085e-01,-6.627461159808910318e-02,-1.818825957898880658e-02,6.603068671695319303e+00,6.690514616322654207e-02,9.970886243227842227e-01,3.657836331734216906e-02,3.297965966755577183e-01,1.571108990068906947e-02,-3.770876693317656153e-02,9.991652568772155796e-01,-6.685979988482504410e-02
9.972698995081900053e-01,-5.910713224957620665e-02,-4.426165894039849058e-02,6.842925329033696435e+00,6.210217513401965900e-02,9.956355633892087775e-01,6.966451577580243248e-02,3.277889558078230237e-01,3.995081198860167548e-02,-7.222306994226007637e-02,9.965880597265688312e-01,-5.276960246503360763e-02
9.951406900986442539e-01,-1.845887731939959212e-02,-9.671751009047840908e-02,6.969485672812456123e+00,2.441413151595092298e-02,9.978539875000379533e-01,6.075664418478588652e-02,3.487985651126757625e-01,9.538845366351370036e-02,-6.282268283336986392e-02,9.934557631969839209e-01,-3.402702765814657332e-02
9.958171103507430511e-01,2.754460315181387481e-02,-8.711818162648589381e-02,7.131880848687600860e+00,-2.690587567996462551e-02,9.996018521369840482e-01,8.497708997494239636e-03,3.762927324765812931e-01,8.731756173067710403e-02,-6.118173054179439768e-03,9.961617395643584949e-01,-9.535655817819690960e-03
9.968464736639044421e-01,1.662972891433571465e-02,-7.759226804311579462e-02,7.197792162032382812e+00,-1.319650782271495140e-02,9.989199114456400741e-01,4.455179792915568704e-02,3.864518960188412233e-01,7.824934584470377708e-02,-4.338735568885253302e-02,9.959892455449532722e-01,-1.141034842639625756e-02
9.977599900180654791e-01,-2.188178881778923487e-02,-6.321542246385707109e-02,7.256765293078709433e+00,2.499484380782495199e-02,9.984917879292074527e-01,4.888156320084106193e-02,3.738268725373470880e-01,6.205046415759266770e-02,-5.035212762206840720e-02,9.968020882511025027e-01,-2.892894841210055107e-02
9.982494457942219235e-01,-3.195529293393975512e-02,-4.976849631077134156e-02,7.280507718661394456e+00,3.405822381048650982e-02,9.985371347354060623e-01,4.199557054358276503e-02,3.511037294926018237e-01,4.835371094759918081e-02,-4.361708160700729364e-02,9.978774818732428775e-01,-2.321173870905576808e-02
9.990153056867795422e-01,-4.187782501160905446e-02,-1.465151104315474094e-02,7.388043853190522370e+00,4.270608515550356615e-02,9.971792562710578567e-01,6.172293863217603177e-02,3.210073148151534883e-01,1.202536046201974768e-02,-6.228786908377546144e-02,9.979857774892192390e-01,-6.603071080320616071e-02
9.988651071850705998e-01,-4.762460489659610385e-02,-6.282170013963241702e-04,7.526763116280730692e+00,4.758500908434455667e-02,9.972958652378571820e-01,5.600557195419959833e-02,3.344178936509170086e-01,-2.040725018361893347e-03,-5.597190534471116474e-02,9.984302585826826393e-01,-5.362407820617775406e-02
9.995584842042780638e-01,-2.215675924000194696e-02,-1.979683498003585382e-02,7.800031265504637545e+00,2.299701242718446906e-02,9.987984534661775715e-01,4.327570649909973782e-02,3.733222470708972840e-01,1.881419875174345988e-02,-4.371186765116418654e-02,9.988670074398179333e-01,-4.117814303703792866e-02
9.997106529653851936e-01,2.155952344083064340e-02,-1.066758156884003127e-02,8.106380859345724943e+00,-2.087577832515750964e-02,9.979488767239547142e-01,6.051645499131936418e-02,3.862780132468409677e-01,1.195040697392645880e-02,-6.027625066642559176e-02,9.981101950079239726e-01,2.287805992047109438e-02
9.969338751801388732e-01,-1.639657143425028024e-02,-7.651144335008529251e-02,8.345036492767700764e+00,2.412154305209049387e-02,9.945776729849811204e-01,1.011602864792631312e-01,3.738012185941190779e-01,7.443789142028363337e-02,-1.026956904888514516e-01,9.919236843003197412e-01,4.318323830191836410e-02
9.986040659267407804e-01,-9.104359312819524860e-03,-5.202912795814682023e-02,8.721008000953853312e+00,1.576582228053430290e-02,9.915066913340666588e-01,1.290965525782584722e-01,3.813773131958355656e-01,5.041188711406023593e-02,-1.297366242865734820e-01,9.902661510706725068e-01,3.223884376538137253e-02
9.962394719078109251e-01,2.153558361958983133e-02,-8.392337726170238932e-02,8.966002509787829311e+00,-1.206769203864459933e-02,9.936652042997216050e-01,1.117310725485683581e-01,3.946598111177581636e-01,8.579793366804831789e-02,-1.102981432398418143e-01,9.901883831757151144e-01,4.435184167456378279e-02
9.968638470739741297e-01,5.759603491939910974e-02,-5.426939430692052924e-02,9.306723330701695218e+00,-5.126027325098230641e-02,9.924227246714215633e-01,1.116670047148528994e-01,4.233130799503659891e-01,6.028975686724324934e-02,-1.085349359299377925e-01,9.922627237277298340e-01,4.677272742547192164e-02
9.925619578348405803e-01,8.059343649357421369e-02,-9.124394694019256902e-02,9.546035942365744376e+00,-6.699209892234274377e-02,9.873957214181190434e-01,1.433936818941895786e-01,3.937273778988989448e-01,1.016504724093672124e-01,-1.362144901225607607e-01,9.854505538785817143e-01,2.543765799330946140e-02
9.937056872623198922e-01,9.831831875583120495e-02,-5.368906126528492917e-02,9.908279754996367927e+00,-8.788333931852586323e-02,9.814099523085568766e-01,1.706195304762666842e-01,3.500578241084530973e-01,6.946600443919037637e-02,-1.648272238034227399e-01,9.838731933133003649e-01,6.497357839296809268e-02
9.863567177908538763e-01,1.472768251062521738e-01,-7.355244425222341731e-02,1.013998777841096555e+01,-1.345140029440155816e-01,9.786116658309740313e-01,1.556444361726560532e-01,3.209709654404537815e-01,9.490209840056976209e-02,-1.436271015029859099e-01,9.850709859868067575e-01,5.022537533250272246e-02
9.625100015733735193e-01,2.670079754006924322e-01,-4.776230672452973919e-02,1.046088034412544765e+01,-2.639377884259242468e-01,9.625418456452982108e-01,6.204868429367132315e-02,2.901902633465419656e-01,6.254071243643569145e-02,-4.711620161013430758e-02,9.969296478858357125e-01,1.213863253418256405e-01
9.405672467586978502e-01,3.366863722929566705e-01,-4.444705881126219393e-02,1.073823325063442624e+01,-3.334846625130848952e-01,9.404053359523546485e-01,6.652656597836388574e-02,2.051862303367589790e-01,6.419683943386253477e-02,-4.775029659120755277e-02,9.967941989107654832e-01,1.783556772123832956e-01
9.276290251428318534e-01,3.636251965164112310e-01,-8.532940976569125535e-02,1.106136729030332333e+01,-3.553505978999070281e-01,9.295615693795770129e-01,9.818982281661002565e-02,1.352825811546951029e-01,1.150232336736304317e-01,-6.076187283963475905e-02,9.915027234073952034e-01,2.304044299213605096e-01
9.070627775305334373e-01,4.109372094108922346e-01,-9.147528376661692717e-02,1.144261629732987728e+01,-4.026512567247717556e-01,9.102530952031637757e-01,9.649491246186447935e-02,-4.263718564662846711e-02,1.229190102325777301e-01,-5.069430534734101212e-02,9.911210845950126913e-01,2.499211302077504748e-01
9.318426075760395388e-01,3.389545653881850251e-01,-1.295343865867058519e-01,1.163406158397703116e+01,-3.322207770962530282e-01,9.405153361935837397e-01,7.113548798056287814e-02,-6.423144440741287986e-02,1.459407755613534585e-01,-2.325306403847985509e-02,9.890200124574696217e-01,1.624393672306526926e-01
9.860825504009985698e-01,-2.481965278963764801e-02,-1.643933959441933879e-01,1.185886077391778137e+01,4.967524792851296667e-02,9.876096237776937903e-01,1.488610115675825518e-01,5.404694352962577386e-03,1.586618212989606147e-01,-1.549555286431723022e-01,9.750975390211032989e-01,2.820177319648796144e-01
7.924308545887878141e-01,-5.897484723767033588e-01,-1.557243719686443040e-01,1.199917105779479698e+01,6.096931758067911655e-01,7.734088295235858057e-01,1.735310167940804782e-01,1.811531080377747904e-01,1.809895218827963989e-02,-2.324554188318751768e-01,9.724386387764445416e-01,2.876901288728708761e-01
5.263624660205846739e-01,-8.355192190997656754e-01,-1.576394267930678605e-01,1.200810749871715721e+01,8.489305354657212810e-01,5.060629798410077873e-01,1.523719343853213448e-01,3.584657661490779912e-01,-4.753420156701609889e-02,-2.140277901333328403e-01,9.756703360931031632e-01,3.332736775305086274e-01
1.903676844099106980e-01,-9.780620765633566416e-01,-8.458557277091503790e-02,1.185966918696241734e+01,9.780544258927207357e-01,1.815214482783509276e-01,1.022717155746963591e-01,5.530513345599959996e-01,-8.467399083585412656e-02,-1.021985234898481615e-01,9.911537605600986289e-01,2.245388039163411509e-01
3.437616317531894117e-03,-9.977260441365921606e-01,-6.731213594591085869e-02,1.175359631123346915e+01,9.907732717211680251e-01,-5.721778742637169055e-03,1.354089557265473476e-01,7.066183649157962154e-01,-1.354861868862917706e-01,-6.715654919341565443e-02,9.885006277506585004e-01,1.633227895766387605e-01
-2.037659297529225144e-01,-9.750966009120625166e-01,-8.755606638988218393e-02,1.161411518821114264e+01,9.705026058753304374e-01,-2.129548023384742472e-01,1.130262984892261707e-01,9.475925067360256859e-01,-1.288570442821082296e-01,-6.194248179338558008e-02,9.897267254591822772e-01,9.366861971058047798e-02
-2.648331872118084296e-01,-9.605051892709821626e-01,-8.540002537909660574e-02,1.155790988617917492e+01,9.567903738498448885e-01,-2.727667359124837931e-01,1.007496317011857961e-01,1.133126328531816940e+00,-1.200648302356285696e-01,-5.502807613541120524e-02,9.912398031643632201e-01,8.890536593828703149e-02
-2.325713705576305246e-01,-9.695248164748867525e-01,-7.702069745388340216e-02,1.146618988842457654e+01,9.695182133638579058e-01,-2.373894162573610689e-01,6.066876465483118930e-02,1.451061406334160697e+00,-7.710377132604542827e-02,-6.056315124171486597e-02,9.951819497755043376e-01,4.500595364398272263e-02
-1.249369849723157705e-01,-9.896873519213981174e-01,-7.006921744131393293e-02,1.140880596221615484e+01,9.905852870516512754e-01,-1.284099047220695899e-01,4.745192773815973264e-02,1.678664230782714650e+00,-5.596015424233387325e-02,-6.348103508985866728e-02,9.964128759310041383e-01,3.643537337061000803e-02
-6.671778332119614532e-03,-9.968074758838604277e-01,-7.956345515331951501e-02,1.133877703386979441e+01,9.986670475182856110e-01,-1.071432177250664433e-02,5.049090522129829478e-02,2.026095989716864665e+00,-5.118218024857856818e-02,-7.912053672089457146e-02,9.955502624649343879e-01,-2.600059446796323948e-03
8.055754415687801928e-03,-9.934361523837808017e-01,-1.141039699471659008e-01,1.133673346852573083e+01,9.997970387709461670e-01,5.894613864832838092e-03,1.926485899851389585e-02,2.310143644357892878e+00,-1.846580855641660399e-02,-1.142360042381303648e-01,9.932820089229764671e-01,-9.986896364646921653e-02
1.841585429875444713e-02,-9.840254925534159813e-01,-1.770725453464039034e-01,1.130929154380167745e+01,9.998088805029639037e-01,1.696202359811541799e-02,9.720711026871503221e-03,2.727964656056042436e+00,-6.561918763442528731e-03,-1.772177185285495338e-01,9.841497962514030862e-01,-2.005165461311880226e-01
1.097024319171797572e-04,-9.908151946492712581e-01,-1.352229197196367638e-01,1.129364839748214777e+01,9.998905033433019840e-01,2.109659115022322236e-03,-1.464686527205177891e-02,3.023748015025136571e+00,1.479761093067614650e-02,-1.352065064652782089e-01,9.907069351327866258e-01,-1.597396131092575777e-01
6.885727920316196682e-02,-9.955762386020200472e-01,-6.392674113226513855e-02,1.127811076207627927e+01,9.962136354264747862e-01,6.520930485067576166e-02,5.749903608983027159e-02,3.435120406716289931e+00,-5.307605572295083507e-02,-6.764391836629116139e-02,9.962967593126804688e-01,-1.829238473604833104e-01
7.037412979191177975e-02,-9.924588281232389342e-01,-1.003641187690019754e-01,1.124129258088971639e+01,9.973108499391356574e-01,6.793877506357616503e-02,2.748438532222947581e-02,3.697594154956334478e+00,-2.045850555908608481e-02,-1.020284142928232080e-01,9.945710895794133144e-01,-2.421645727025568962e-01
1.549112484325036038e-02,-9.829509651607472032e-01,-1.832141510381943839e-01,1.122753413271991008e+01,9.997802570383146348e-01,1.263914662831292987e-02,1.672392325115817230e-02,4.195927131202797256e+00,-1.412312598164651954e-02,-1.834329634009751742e-01,9.829307632028024821e-01,-3.345737500877105641e-01
4.237281653065858023e-02,-9.885704785674468420e-01,-1.446822495131600550e-01,1.120399544828626404e+01,9.985714813606700879e-01,4.662187735835485181e-02,-2.610358528517847318e-02,4.401171582114002057e+00,3.255059189042854018e-02,-1.433694857928690392e-01,9.891337874681421782e-01,-3.380579544693542160e-01
1.184822685553724303e-01,-9.814747417150656572e-01,-1.505632206527137140e-01,1.121669509044373569e+01,9.918427499680118054e-01,1.241596591576807351e-01,-2.885027510686501845e-02,4.652150084580594758e+00,4.700969446684259007e-02,-1.459167927731201408e-01,9.881793249268784329e-01,-3.318541033292414233e-01
1.078595256262912111e-01,-9.807909850080003267e-01,-1.625280482215537281e-01,1.120995183217902458e+01,9.923765227715405368e-01,1.160217006459118988e-01,-4.156683811763663139e-02,4.709937207685764626e+00,5.962516065839041507e-02,-1.568056399057975725e-01,9.858279928619368970e-01,-3.098629937870027717e-01
4.569529475272476188e-02,-9.841834333383329136e-01,-1.711575577642786006e-01,1.120622649791709335e+01,9.989426694563703357e-01,4.415317755769232466e-02,1.280781210593546181e-02,4.786177981109199564e+00,-5.048086453664586172e-03,-1.715618443999995801e-01,9.851604185964979443e-01,-3.576429991762544169e-01
1.180553386690948690e-02,-9.896862383545872444e-01,-1.427647679984950790e-01,1.122215496591764605e+01,9.992087789859335212e-01,6.253261432005869855e-03,3.927738177251763330e-02,4.835606102062198097e+00,-3.797953880128567689e-02,-1.431154999747052958e-01,9.889770008950826696e-01,-3.554587802562634846e-01
-4.862175281413161354e-02,-9.883568995426640358e-01,-1.441754635147509123e-01,1.122220584775398855e+01,9.979024591364971108e-01,-5.424497533695403495e-02,3.532937446412290350e-02,4.868533816733298991e+00,-4.273882547069378368e-02,-1.421552734762417392e-01,9.889212663403902370e-01,-3.593485344077643751e-01
-1.315364802781355813e-01,-9.806588459955559722e-01,-1.449357862182541201e-01,1.119393583241935985e+01,9.895796981237571233e-01,-1.385337176370550205e-01,3.924831383577912641e-02,4.918148781338160802e+00,-5.856769943693068692e-02,-1.382629265143792419e-01,9.886623224004974508e-01,-3.947875956711697776e-01
-2.740989526576988466e-01,-9.493918839581572122e-01,-1.533780128516891439e-01,1.108255806118597597e+01,9.592152269918161611e-01,-2.813516703393068585e-01,2.733835957628144228e-02,5.075227246046526197e+00,-6.910797681159769335e-02,-1.396291096858483516e-01,9.877893496436097598e-01,-4.914431148642415814e-01
-3.450432508084477212e-01,-9.243977629016426611e-01,-1.625851500413751372e-01,1.098454314116901465e+01,9.361522407197044870e-01,-3.514140428454950449e-01,1.127620000099336869e-02,5.151412696852100126e+00,-6.755839893763072868e-02,-1.483136758138736688e-01,9.866300807798035200e-01,-5.228633378421712052e-01
-5.195343391071350903e-01,-8.305470000925605500e-01,-2.006881937876763555e-01,1.079856250576251320e+01,8.451869308645139078e-01,-5.340164100150897042e-01,2.203464840700464916e-02,5.284683516639629985e+00,-1.254715999114394964e-01,-1.581712820705577227e-01,9.794073325965148014e-01,-4.271057193535977570e-01
-6.914723928909188855e-01,-6.995371129671730248e-01,-1.803157160406676507e-01,1.066334292804829431e+01,7.117552127115510663e-01,-7.024137661805798238e-01,-4.406615248670062851e-03,5.406257965623615824e+00,-1.235736502966614941e-01,-1.313877036163085266e-01,9.835989143399823664e-01,-4.352478453223120325e-01
-8.438426482709102672e-01,-5.033428886946489378e-01,-1.859449417426090878e-01,1.045265454671849525e+01,5.131542340499880561e-01,-8.582791322340439510e-01,-5.446397722151353864e-03,5.543735849983185027e+00,-1.568512576797086999e-01,-1.000143368327951060e-01,9.825450704126453827e-01,-4.105487729483878190e-01
-8.969087346507828018e-01,-4.088285943086611418e-01,-1.685642375557027395e-01,1.027592823035978498e+01,4.065335567537605166e-01,-9.122926744491803852e-01,4.952316003144524581e-02,5.642819852770203148e+00,-1.740264029975575888e-01,-2.410926423529392154e-02,9.844458108183329337e-01,-3.626701333822685003e-01
-8.650234027061977082e-01,-4.905745361599133103e-01,-1.052194717819683323e-01,1.014493147191830502e+01,4.834992349521834987e-01,-8.710730361805885114e-01,8.637277024494247057e-02,5.696647569261499733e+00,-1.340261264501962646e-01,2.384093350978616979e-02,9.906909746828919117e-01,-3.952299836018888790e-01
-7.709857025786920337e-01,-6.272960160589706735e-01,-1.099124863506573402e-01,9.972336968060584894e+00,6.243051082762872683e-01,-7.785446149900890900e-01,6.412031074525631480e-02,5.779695022482832734e+00,-1.257941898474383424e-01,-1.918308386256762504e-02,9.918708742039704651e-01,-4.370256690938740252e-01
-7.103946562911187534e-01,-6.970799747387610434e-01,-9.705122941637869816e-02,9.892813390982485799e+00,6.973219839778984630e-01,-7.157997399128509519e-01,3.705108637845139913e-02,5.865076225573623070e+00,-9.529681513120076553e-02,-4.135506207109088117e-02,9.945895011847581957e-01,-4.424968640367165085e-01
-5.884009808866043079e-01,-8.039299389561505027e-01,-8.649242129597881079e-02,9.781978508007192374e+00,8.042600737471587991e-01,-5.929360658320856903e-01,3.990683665469076796e-02,6.012431745010398565e+00,-8.336677676326752218e-02,-4.608117929837272225e-02,9.954529147310660075e-01,-4.715582011836025877e-01
-4.628380412596025950e-01,-8.831877856104933810e-01,-7.589652766369840708e-02,9.734666945453087195e+00,8.826155330947510480e-01,-4.670951080662235633e-01,5.302811292580680153e-02,6.114141828053421435e+00,-8.228467842097277052e-02,-4.244402630566226214e-02,9.957046431186918900e-01,-4.977434737009410193e-01
-1.755848506098893480e-01,-9.810222406006539053e-01,-8.225158772433871501e-02,9.638357121013170214e+00,9.783602959839661217e-01,-1.831755657740413157e-01,9.621768728007649985e-02,6.254624049838274580e+00,-1.094581722781325650e-01,-6.357731946403390177e-02,9.919560640327267365e-01,-4.314616185325493292e-01
-5.599734147818598989e-02,-9.955464284540354036e-01,-7.583934691035149056e-02,9.588087247287052861e+00,9.921501606348707147e-01,-6.399089317586664771e-02,1.074393984660909074e-01,6.350256018224342824e+00,-1.118139369648345066e-01,-6.922769953543232713e-02,9.913148688068066372e-01,-4.416986482721717011e-01
2.665136836016918781e-02,-9.912572804177022245e-01,-1.292234830958771952e-01,9.546570608349664866e+00,9.953730356775483123e-01,1.437695652834172430e-02,9.500433130675964288e-02,6.526382139307719932e+00,-9.231589468013053079e-02,-1.311575660794376819e-01,9.870539339111745747e-01,-4.642017206553876174e-01
-1.793146493452062000e-03,-9.883280003540118042e-01,-1.523303920492969643e-01,9.570344618649512469e+00,9.976718965996708155e-01,-1.215296488409091900e-02,6.710508311403941273e-02,6.678539637131199136e+00,-6.817309851304316493e-02,-1.518554219011148121e-01,9.860488626221145525e-01,-5.070923988894910917e-01
7.401762255248680797e-03,-9.898598947469235965e-01,-1.418541599218194060e-01,9.540025350098968460e+00,9.969064804811299529e-01,-3.795909774448334110e-03,7.850516061833791304e-02,6.905272919247862795e+00,-7.824757561895162583e-02,-1.419964078439754362e-01,9.867696474198850431e-01,-4.920944332668575338e-01
7.912126562443411171e-02,-9.859685310777035472e-01,-1.469893909452739122e-01,9.501289237301969948e+00,9.953889853435253787e-01,7.011949966478253637e-02,6.545245315148880139e-02,7.040825273982222576e+00,-5.422723654009183047e-02,-1.514903016408488123e-01,9.869701592885116170e-01,-4.979115118908490900e-01
1.654979734866889041e-01,-9.733467251981062773e-01,-1.587657813192779044e-01,9.493487662074342026e+00,9.839305310431459839e-01,1.520223252085017296e-01,9.364786553549271642e-02,7.316852050397146812e+00,-6.701590000106323608e-02,-1.717130314924351087e-01,9.828649469600215793e-01,-4.825548412422603350e-01
1.407055784781066354e-01,-9.737545127643643106e-01,-1.788968670943572592e-01,9.480151948055617339e+00,9.885446275142399930e-01,1.282132749308690645e-01,7.962961474372609594e-02,7.478934674644595937e+00,-5.460274350135100457e-02,-1.880518678517606734e-01,9.806401151286796569e-01,-5.285480973240666014e-01
-5.846350359439824590e-02,-9.740109723511005679e-01,-2.188256029059003627e-01,9.448628370750871142e+00,9.975091635104503807e-01,-6.566264508879095241e-02,2.576598052908915526e-02,7.753055190996986923e+00,-3.946501564866840284e-02,-2.167741746140590953e-01,9.754237385671132854e-01,-5.403363117650928915e-01
-1.783699858690512285e-01,-9.617670749237746675e-01,-2.078178089905678705e-01,9.410353945193111969e+00,9.814296146315711900e-01,-1.890448526586776812e-01,3.252622338029244331e-02,7.918990965419284933e+00,-7.056953779925220771e-02,-1.981568501864742204e-01,9.776266174051192470e-01,-5.425603361093546129e-01
-2.983749250430087763e-01,-9.331711654643551901e-01,-2.004095308399157227e-01,9.263493791183018189e+00,9.517028566672481871e-01,-3.067999406790069550e-01,1.163911554874690925e-02,8.147818857821407690e+00,-7.234691919479213640e-02,-1.872575027742666154e-01,9.796430732352309212e-01,-5.756590162767778462e-01
-4.279633335888143320e-01,-8.854534403715217383e-01,-1.811617786338623193e-01,9.133342475502081115e+00,9.002086416503704003e-01,-4.354552781485829804e-01,1.761315001737696635e-03,8.262073038696744476e+00,-8.044741513276706946e-02,-1.623296204233107554e-01,9.834517312668072941e-01,-6.244978097892944779e-01
-6.922321107709976662e-01,-6.967283919251413549e-01,-1.881070245975285660e-01,8.880417886204622135e+00,7.106031888736276114e-01,-7.035328148673518633e-01,-9.202519625192993880e-03,8.421363280594524880e+00,-1.259278078113011679e-01,-1.400397311130927303e-01,9.821054225130889659e-01,-6.665090102415468509e-01
-8.444307123668814974e-01,-5.036359756118704567e-01,-1.824488314049720616e-01,8.698796459151544980e+00,5.217366373176287597e-01,-8.504614579859202106e-01,-6.712815922514342448e-02,8.480133292991494542e+00,-1.213575432021157946e-01,-1.518753190941265763e-01,9.809211151555480290e-01,-6.666427247601011130e-01
-9.699786541260940753e-01,-1.571178706798717073e-01,-1.856216184951359205e-01,8.434939860452528748e+00,1.707394919681338719e-01,-9.835039779339772581e-01,-5.973233019484985862e-02,8.499715323660792521e+00,-1.731745836495475477e-01,-8.963202609037831947e-02,9.808040902630553726e-01,-6.494006739803015460e-01
-9.856448712936100032e-01,1.387821440161516803e-02,-1.682604613616193179e-01,8.278444024741821394e+00,-7.620379124592254090e-03,-9.992570167753075383e-01,-3.778020973089547818e-02,8.432687741914614676e+00,-1.686597685122320778e-01,-3.595566145039984229e-02,9.850183109440476814e-01,-6.699194188066953659e-01
-9.735523764974705063e-01,1.503729036411152464e-01,-1.719993025179648027e-01,8.048169517247703908e+00,-1.559474757745628049e-01,-9.875769339138638081e-01,1.929208129866032823e-02,8.270026799866272427e+00,-1.669615375338549257e-01,4.560470865855509315e-02,9.849081457336514855e-01,-7.305059640455003889e-01
-9.510660036629927649e-01,2.577261942030262265e-01,-1.704425577669123892e-01,7.898228671835631154e+00,-2.623568450346694392e-01,-9.649588289365722549e-01,4.831596093788150491e-03,8.180259458555418917e+00,-1.632248220705357911e-01,4.931193850359925218e-02,9.853557683299263292e-01,-7.359962728756086481e-01
-8.703310825084255020e-01,4.726910218692950139e-01,-1.381557261349413979e-01,7.672581364995362918e+00,-4.736347094367769905e-01,-8.802738402042957766e-01,-2.807362229427701542e-02,8.049706397155109272e+00,-1.348850208008724461e-01,4.100200112363902583e-02,9.900125590452909519e-01,-7.728700179439553786e-01
-8.427253319397998155e-01,5.208222015805668015e-01,-1.362286652937793885e-01,7.493410669487314379e+00,-5.186548419910627095e-01,-8.532895880313356995e-01,-5.379622511421300324e-02,7.998986239536471921e+00,-1.442607700872961252e-01,2.532021520611506954e-02,9.892157079806894737e-01,-8.199248491726878196e-01
-9.068336733938768823e-01,4.043815418768517689e-01,-1.188623463854991125e-01,7.242517805045030954e+00,-4.022900509856616735e-01,-9.145403004228369603e-01,-4.217527451553425288e-02,7.935382917180912266e+00,-1.257593085100290886e-01,9.571180272380611434e-03,9.920146111984808890e-01,-8.444843414658346203e-01
-9.593625641780807456e-01,2.579019585563767092e-01,-1.144991276230596516e-01,7.102155267025024088e+00,-2.546152259380284888e-01,-9.660987542822623286e-01,-4.271163418539762613e-02,7.855342131516383830e+00,-1.216328786726014050e-01,-1.182272164288689087e-02,9.925047436051734895e-01,-8.724680096128679674e-01
-9.853636640303585770e-01,1.053206354656765487e-01,-1.340373580527887964e-01,6.855171311343443818e+00,-1.043247039556234879e-01,-9.944382824960216194e-01,-1.445193588879097393e-02,7.806077962688076077e+00,-1.348139672038364267e-01,-2.570048018599593669e-04,9.908708938077123163e-01,-9.062758929110288353e-01
-9.903535795534432751e-01,7.458084960676247821e-02,-1.167796400817107533e-01,6.669710488785979052e+00,-7.329860877747068626e-02,-9.971935534118772093e-01,-1.524240745684548280e-02,7.789699009696287035e+00,-1.175886959574253682e-01,-6.535587634376022019e-03,9.930408776466885801e-01,-9.150466070024960707e-01
-9.902954543435396051e-01,6.115629973130112113e-02,-1.247991190261224931e-01,6.404611880652470113e+00,-5.926779733780696696e-02,-9.980652047600827581e-01,-1.879295734944424340e-02,7.780841951454194216e+00,-1.257069660171852288e-01,-1.121401134244973119e-02,9.920040345907700230e-01,-9.648013815810494442e-01
-9.884219502596959250e-01,2.156457847006067186e-02,-1.501899370804391232e-01,6.147538977408690819e+00,-1.780916280667359589e-02,-9.994953162438497962e-01,-2.630487648196014674e-02,7.721727247654227355e+00,-1.506813922318981092e-01,-2.332556027225003020e-02,9.883071568460092271e-01,-1.013446679079136992e+00
-9.879260848427460218e-01,-4.350505003120411218e-02,-1.486921703018168617e-01,5.959346731927903207e+00,4.807457181806876201e-02,-9.984712862367034480e-01,-2.727500880534586628e-02,7.692205023529236740e+00,-1.472782619119041569e-01,-3.409400508307616068e-02,9.885073152919019446e-01,-9.920134239663369602e-01
-9.901063109038763521e-01,-4.384107668789024442e-02,-1.332946101804636518e-01,5.668638844395046839e+00,4.938409566931706990e-02,-9.980350256872224657e-01,-3.856551045206078193e-02,7.629094864008439281e+00,-1.313419361941911556e-01,-4.476658906317133174e-02,9.903258293614329855e-01,-1.024170610519796965e+00
-9.886410068834238229e-01,-4.378632080270689758e-02,-1.437766240356591896e-01,5.442040386392514861e+00,5.436879138328366834e-02,-9.960277402887625087e-01,-7.051790622800571673e-02,7.652865123329353203e+00,-1.401177862801501472e-01,-7.753385509455423819e-02,9.870944773840683029e-01,-1.033152489507534577e+00
-9.880599765588433669e-01,-6.589836589530236044e-02,-1.392655308928430757e-01,5.117336096455892047e+00,6.947940820980426369e-02,-9.973622205421829312e-01,-2.100506772140771361e-02,7.675962540739238449e+00,-1.375139794979111929e-01,-3.043035339089018507e-02,9.900322717139848905e-01,-1.052533558373592637e+00
-9.873917871762531995e-01,-1.028472298080174568e-01,-1.203324808092161996e-01,4.915251404124146184e+00,1.043002398113220125e-01,-9.945288107705472225e-01,-5.822759021411767592e-03,7.649083385721009876e+00,-1.190752644010677763e-01,-1.830005104194116702e-02,9.927165705979115184e-01,-1.113896058813922396e+00
-9.726484959398326025e-01,-1.627550128883318292e-01,-1.657278163909103041e-01,4.557104328096912127e+00,1.645057170308846517e-01,-9.863709340456440211e-01,3.201489353055279527e-03,7.636565003500670912e+00,-1.639901594917657357e-01,-2.414924946333309869e-02,9.861663355338302628e-01,-1.171183232550768283e+00
-9.779597536882282949e-01,-1.440131567786803457e-01,-1.511784734699288812e-01,4.142739108538552095e+00,1.518427876803171150e-01,-9.875317495100086607e-01,-4.153085045085351534e-02,7.599564670786003617e+00,-1.433125535168807696e-01,-6.357086112630845609e-02,9.876336656980313489e-01,-1.265001377738122823e+00
-9.835203535879640802e-01,-1.227731918921685234e-01,-1.327194689215332457e-01,3.838331668182914047e+00,1.366493187944113341e-01,-9.854529780969574215e-01,-1.010415341968855796e-01,7.565764736883209274e+00,-1.183836042331383731e-01,-1.175124304592751051e-01,9.859899345005128657e-01,-1.285371107764980980e+00
-9.822813483064039008e-01,-1.264429095171220041e-01,-1.383312813581843714e-01,3.407347179714748986e+00,1.317648965162210584e-01,-9.908275586958263936e-01,-2.997934247006963510e-02,7.601804184794290542e+00,-1.332717705120696761e-01,-4.767535591595709055e-02,9.899321671826131208e-01,-1.350182492376097221e+00
-9.753492904155434129e-01,-1.369180683292173240e-01,-1.730526054438099315e-01,3.100857286476212060e+00,1.369444974305795426e-01,-9.905079070384739115e-01,1.184443826221339910e-02,7.613611983510212511e+00,-1.730316916330101318e-01,-1.214613762713457300e-02,9.848413603374716052e-01,-1.350398014149751802e+00
-9.878127716269671232e-01,-1.206727568896730773e-01,-9.830571679863937817e-02,2.642945540439466612e+00,1.208363600316995773e-01,-9.926630841074258749e-01,4.309935570569744211e-03,7.636209868666030687e+00,-9.810454783004621260e-02,-7.621495586756726372e-03,9.951469291014685137e-01,-1.381789423787602722e+00
-9.814152944174913129e-01,-1.551539034193235023e-01,-1.129215928738841190e-01,2.346380660865340140e+00,1.622443265706749460e-01,-9.851306507094741427e-01,-5.651884224181874528e-02,7.621435789937209826e+00,-1.024734032764408054e-01,-7.378934399000178224e-02,9.919951281808137011e-01,-1.445582587897664251e+00
-9.878741115196469913e-01,-1.393823345093556099e-01,-6.839082260061850327e-02,1.922569111086575466e+00,1.404378440278485074e-01,-9.900300166809088420e-01,-1.085255894287175983e-02,7.613176997120472578e+00,-6.619631223925367958e-02,-2.032562170072614929e-02,9.975995776604971166e-01,-1.447653256141745448e+00
-9.816543273812524673e-01,-1.562214268925462557e-01,-1.093144423821329481e-01,1.641695402071981391e+00,1.567654117769370636e-01,-9.876291092172958530e-01,3.653532134477993978e-03,7.594858437909841165e+00,-1.085328853576974367e-01,-1.355021794316473710e-02,9.940005052260413310e-01,-1.514292214195939623e+00
-9.847321454709487831e-01,-1.336516745790585214e-01,-1.115339928380340573e-01,1.211703412416612169e+00,1.298810934335318801e-01,-9.907042722052606942e-01,4.044683674596329104e-02,7.572342472811800285e+00,-1.159029906632752238e-01,2.534314338155390159e-02,9.929371691294723856e-01,-1.611959326976228235e+00
-9.763445404791233351e-01,-1.553347153838047223e-01,-1.504076609526288633e-01,7.478295538129953179e-01,1.575223391202778545e-01,-9.875118213346438800e-01,-2.667471163929941488e-03,7.585731148264734713e+00,-1.481149923359706966e-01,-2.629693748265645586e-02,9.886204631325149483e-01,-1.653283764091786123e+00
-9.796282871882042720e-01,-1.652471569332214230e-01,-1.141130845529611387e-01,4.692800822272367722e-01,1.723681774087744423e-01,-9.834634024917033868e-01,-5.557829950815854070e-02,7.570094990035210358e+00,-1.030418864223724834e-01,-7.411553875489786114e-02,9.919119197577926927e-01,-1.750657028759904588e+00
-9.875271530863231062e-01,-1.382938624944943795e-01,-7.526572602170571169e-02,7.901289352546908562e-02,1.415308700275048071e-01,-9.891455665072150794e-01,-3.949760864125471949e-02,7.570541412457227892e+00,-6.898648234602201834e-02,-4.965738470232004126e-02,9.963809559591388920e-01,-1.720532473115863326e+00
-9.936848507442234135e-01,-7.789832495773189869e-02,-8.076056197308724427e-02,-1.423057803171912383e-01,8.059353885481645996e-02,-9.962752781835109150e-01,-3.066352189858407087e-02,7.578166043304483068e+00,-7.807111435278984990e-02,-3.697865667040173970e-02,9.962617527811483686e-01,-1.750931602830817058e+00
-9.956414572423620823e-01,-4.454929878154234579e-02,-8.193563692543877341e-02,-4.227257727942268506e-01,4.561650891484164694e-02,-9.988962542506865105e-01,-1.119854268955415046e-02,7.573521488508955457e+00,-8.134631359027033604e-02,-1.488735107467116514e-02,9.965747057011092869e-01,-1.695162934460998416e+00
-9.952545252197908532e-01,-5.101036120926109169e-02,-8.286358113687790350e-02,-5.598058945723620727e-01,5.194584295735710927e-02,-9.986077864743697630e-01,-9.171597036979631246e-03,7.553613541200995485e+00,-8.228037086071499084e-02,-1.343249202716704713e-02,9.965186946209101393e-01,-1.731495930342652478e+00
-9.910683063344255528e-01,-1.108085802433953632e-01,-7.419616380821086876e-02,-7.342653576979204511e-01,1.088884347327006979e-01,-9.936174805619476524e-01,2.945523897695392218e-02,7.521241610536610445e+00,-7.698649856224235033e-02,2.111304966531819816e-02,9.968085664624652953e-01,-1.777090349404662595e+00
-9.843380440082090121e-01,-1.638402352085479852e-01,-6.507681956656825861e-02,-8.206545657361443702e-01,1.595531453003290467e-01,-9.849539717141495565e-01,6.639629077963676851e-02,7.502258077823041660e+00,-7.497605579692741273e-02,5.497318374743984798e-02,9.956688908094928347e-01,-1.754192804855704058e+00
-9.937825698018032394e-01,-6.899911662161761772e-02,-8.738035170196581380e-02,-1.035760787687727724e+00,6.867499493468040561e-02,-9.976164952205668346e-01,6.713682637273210227e-03,7.465797704497853182e+00,-8.763531838730546919e-02,6.710955735798622337e-04,9.961523982814508571e-01,-1.776026600516678045e+00
-9.947445265078210808e-01,4.363042501216018998e-02,-9.262674017792109360e-02,-1.136961601995205573e+00,-4.423734493490057151e-02,-9.990108771657564279e-01,4.508283222698857701e-03,7.426225431170389690e+00,-9.233842264106816022e-02,8.582151115172687028e-03,9.956906961433330538e-01,-1.795635697326849245e+00
-9.422241357030340936e-01,3.292215220879750603e-01,-6.186168032592009175e-02,-1.345300656598226396e+00,-3.296682476797899719e-01,-9.440916381827071380e-01,-3.134515150506336605e-03,7.356776368384755571e+00,-5.943504496849050245e-02,1.744041592303939917e-02,9.980798100963792496e-01,-1.798136840958316940e+00
-8.371835473786918280e-01,5.436659481872824218e-01,-5.959064339350353401e-02,-1.426033097375045244e+00,-5.446008013400667203e-01,-8.386951385339546094e-01,-6.570991307005303326e-04,7.262771244842516793e+00,-5.033562533818744522e-02,3.190299956325277908e-02,9.982226822912211306e-01,-1.799860665335510035e+00
-6.441835440484288133e-01,7.603396408728527733e-01,-8.313357982516016154e-02,-1.476825877847910418e+00,-7.636553875954791293e-01,-6.454747899362551777e-01,1.388324721185738887e-02,7.060794069399569217e+00,-4.310464677508166198e-02,7.242876551541713170e-02,9.964417009300181594e-01,-1.806823244068257228e+00
-5.595596378147456029e-01,8.242363630276028363e-01,-8.676076066782432983e-02,-1.451343667587262631e+00,-8.282955738792276978e-01,-5.597688745848200531e-01,2.419192712713025273e-02,6.893370807216309792e+00,-2.862610732725649754e-02,8.540038002885161350e-02,9.959354000487259384e-01,-1.808583210868575764e+00
-4.253258150169939578e-01,9.010773451981801685e-01,-8.460241752295610818e-02,-1.438131523859353500e+00,-9.049738989400610834e-01,-4.222999763540081219e-01,5.181671746288023239e-02,6.636344928948334498e+00,1.096327128889983300e-02,9.860196723190942092e-02,9.950665599549827212e-01,-1.809494790161172206e+00
-2.969469965210540519e-01,9.518846313985838137e-01,-7.575044398752041330e-02,-1.432949048486276133e+00,-9.548469354006469123e-01,-2.967838946269212852e-01,1.366198543657085734e-02,6.461926834495081096e+00,-9.476877814871881647e-03,7.638696483862637832e-02,9.970332092711978733e-01,-1.807706925645544915e+00
-1.219772189813101843e-01,9.898718680670622883e-01,-7.263086712279356871e-02,-1.413330772799395563e+00,-9.922961785793762424e-01,-1.200230483856371960e-01,3.070442692813802471e-02,6.194674599644965696e+00,2.167607036231458673e-02,7.581657249996373582e-02,9.968861496219141305e-01,-1.771683452334722908e+00
-3.251178399657924517e-02,9.925271435355315086e-01,-1.176131508231841871e-01,-1.396283109657390664e+00,-9.985525872776053191e-01,-2.721172168327553806e-02,4.639237700562721944e-02,6.011354044973994171e+00,4.284523710472491059e-02,1.189512149926567341e-01,9.919752487381982009e-01,-1.762295902600402808e+00
-1.062084033682034623e-03,9.934292774209976251e-01,-1.144427487449458936e-01,-1.337787833617580358e+00,-9.988207239128186199e-01,4.501079293999011612e-03,4.834151184501567222e-02,5.748781597849860425e+00,4.853898906835657501e-02,1.143591318958944447e-01,9.922529695053771137e-01,-1.757175547212541877e+00
-1.426729953020086476e-02,9.935928858563475297e-01,-1.121143226343961213e-01,-1.285638281573504127e+00,-9.983886355381738076e-01,-7.996976178780595620e-03,5.617989676226781137e-02,5.574981291795602978e+00,5.492337018372581148e-02,1.127352010139245214e-01,9.921059408450343398e-01,-1.739248426710052531e+00
-6.549365797633641129e-02,9.914597089560679422e-01,-1.127751137513352125e-01,-1.232063247101095937e+00,-9.978519158751272267e-01,-6.490848514281551129e-02,8.856779369641879993e-03,5.302369476842658358e+00,1.461078100705193086e-03,1.131129261986125734e-01,9.935810642205145093e-01,-1.726487157826447794e+00
-7.119964746904119957e-02,9.914430334041747228e-01,-1.094135353354951518e-01,-1.230340501409252330e+00,-9.974369260721255293e-01,-6.998913916087436127e-02,1.486939498797848654e-02,5.117272925226942881e+00,7.084398921086827033e-03,1.101917960369423050e-01,9.938850936491999688e-01,-1.720712218711614172e+00
-5.610579211032731828e-02,9.938479805828570601e-01,-9.548995540395076309e-02,-1.212575443068906411e+00,-9.983887995045216401e-01,-5.503407593974813522e-02,1.382228307399972593e-02,4.791969931744127109e+00,8.482046662954868116e-03,9.611161208113076782e-02,9.953344226477716106e-01,-1.691085678182610907e+00
-8.220869948857030540e-02,9.912577128417042749e-01,-1.031982386488744657e-01,-1.177749996375539565e+00,-9.966068402458611031e-01,-8.134359429424187216e-02,1.257082505065968032e-02,4.590659277065867627e+00,4.066411631715539064e-03,1.038815017177062705e-01,9.945813681631658909e-01,-1.712410460875412488e+00
-1.421263196048511701e-01,9.772455282154804967e-01,-1.574524907977805366e-01,-1.131511598424382425e+00,-9.893930898752140157e-01,-1.354274033195351779e-01,5.254266968193196941e-02,4.294354287023031347e+00,3.002370701223451913e-02,1.632501026430712987e-01,9.861277711352973707e-01,-1.686419293594018320e+00
-1.586116657784410466e-01,9.782221661320523731e-01,-1.338795472314665003e-01,-1.107496770275467446e+00,-9.873019963202421811e-01,-1.583464931026906386e-01,1.269473056602690199e-02,4.100731055839621497e+00,-8.781089969517333338e-03,1.341930766097631789e-01,9.909162985080791630e-01,-1.693874997268166149e+00
-1.413758815287906034e-01,9.823246933962930250e-01,-1.226827488518061199e-01,-1.077561841972253021e+00,-9.899544862842338810e-01,-1.405017699016990473e-01,1.579138183340798515e-02,3.761442803945576951e+00,-1.724879032278292795e-03,1.236828581427833335e-01,9.923202987916529549e-01,-1.717851168827412511e+00
-1.266143806264355132e-01,9.906128775127555075e-01,-5.152596941816456333e-02,-1.072520374187773573e+00,-9.919043334192501060e-01,-1.259280751796162390e-01,1.636805503625428371e-02,3.522540937130655969e+00,9.725839948157585443e-03,5.318126349998008456e-02,9.985375111881614751e-01,-1.683367678796516387e+00
-1.240598995906778412e-01,9.916791646339643274e-01,-3.437405626970582717e-02,-1.067228592207341675e+00,-9.920333752973127250e-01,-1.231912691854169656e-01,2.633806167330463716e-02,3.168274302353111693e+00,2.188432337934438643e-02,3.736770835049944145e-02,9.990619253894422735e-01,-1.698860036277971997e+00
-1.637999639108276562e-01,9.846640584183825595e-01,-6.005217632901301006e-02,-1.019203327755067834e+00,-9.864776852209617974e-01,-1.638390528134957558e-01,4.305964963744041835e-03,2.802576965503279283e+00,-5.598962752527154169e-03,5.994544880318851410e-02,9.981859520068789848e-01,-1.748998943662837924e+00
-1.739413409843624525e-01,9.832968979985313718e-01,-5.358750118289459796e-02,-1.008963942419787596e+00,-9.847463436959895677e-01,-1.734407282575310960e-01,1.389072924207845720e-02,2.565653915122641404e+00,4.364455744010487491e-03,5.518626792927795038e-02,9.984665379260817542e-01,-1.742174295264220740e+00
-1.287662789719049572e-01,9.914912507361959282e-01,-1.908782631162262572e-02,-1.012862638242258750e+00,-9.914453292730409650e-01,-1.282984049027208751e-01,2.399329827448690167e-02,2.198265728460573776e+00,2.134020764661606617e-02,2.201406398170217826e-02,9.995298777548412561e-01,-1.755646182654820864e+00
-1.167901300814252891e-01,9.929571179604054221e-01,-1.990546174618047781e-02,-1.009748597170706752e+00,-9.929438539569018785e-01,-1.163268107906397925e-01,2.303423496652326138e-02,1.967426642170412299e+00,2.055646868453328210e-02,2.245517719911065829e-02,9.995364908857392594e-01,-1.721976210516200423e+00
-1.291130961768106322e-01,9.872374929950754607e-01,-9.323057878419122035e-02,-9.853058388202015072e-01,-9.916294260566714813e-01,-1.284517038760907837e-01,1.308591417689613373e-02,1.583290587075242728e+00,9.432784073639744523e-04,9.413974822638206119e-02,9.955585457569628982e-01,-1.676226066376468316e+00
-1.453736387879539238e-01,9.857267647184485559e-01,-8.490730512299252131e-02,-9.702770707992801613e-01,-9.893522273364613318e-01,-1.454388860378465209e-01,5.449834167459578944e-03,1.394195913138872145e+00,-6.976776471421780590e-03,8.479549366428383583e-02,9.963739503039495959e-01,-1.640338960921731593e+00
-7.079656934537204016e-02,9.966678501714193450e-01,-4.050977911080586719e-02,-9.427723905800411419e-01,-9.934362103166352043e-01,-6.679264404046068859e-02,9.286139528246374619e-02,1.086705741205109987e+00,8.984621194378561437e-02,4.681814965122606947e-02,9.948546220742943147e-01,-1.591660839172110764e+00
9.712840364132439841e-02,9.950994035952324124e-01,-1.852701191503165062e-02,-9.037170084721379837e-01,-9.926966848814713362e-01,9.819853411430949641e-02,7.007381624499296746e-02,7.048556761024110662e-01,7.154973816460873104e-02,1.158554539987993216e-02,9.973697459349578631e-01,-1.504328744743394619e+00
2.261976011692101995e-01,9.740788474657380291e-01,-2.245917432423737495e-03,-7.734333526138864601e-01,-9.697396828785417311e-01,2.254062288345108911e-01,9.379221424632637472e-02,5.264458561641294221e-01,9.186725573303737569e-02,-1.903761861217748846e-02,9.955892608910851260e-01,-1.518493187214303486e+00
5.613069387787928965e-01,8.261055083526848142e-01,-4.984184535238973812e-02,-4.962592377476989225e-01,-8.233617119016326535e-01,5.635062000996469145e-01,6.735171730304227722e-02,3.327029992512655632e-01,8.372581354153538213e-02,3.232880852814962354e-03,9.964835857294382926e-01,-1.448475592316852412e+00
7.615909720142771677e-01,6.467268210350044511e-01,-4.151638592537391925e-02,-2.979428714623299501e-01,-6.422743615225707803e-01,7.617833603444584822e-01,8.467441427655875152e-02,2.068741019383929791e-01,8.638770674766858837e-02,-3.782235921067955697e-02,9.955433859288185250e-01,-1.421268030716235087e+00
9.461635667500005731e-01,3.161732430769379487e-01,-6.934684792495818262e-02,6.235409071226211131e-02,-3.044846575284512191e-01,9.420587945886047532e-01,1.407633505854636036e-01,1.410327605112671745e-01,1.098344130256875273e-01,-1.120701026165143721e-01,9.876116108141023142e-01,-1.361197322888319627e+00
9.892669568607959096e-01,1.175381698894592403e-01,-8.680821782766420802e-02,2.592474448093495809e-01,-1.023035576308023858e-01,9.813298832296104557e-01,1.628669468512242979e-01,1.217685819893740695e-01,1.043305811325691973e-01,-1.522380993693598361e-01,9.828218001962231165e-01,-1.312192817829188618e+00
9.967273442676367612e-01,-2.069169304825130978e-02,-7.814380991466443604e-02,5.592722449185778544e-01,2.967069953351841177e-02,9.928581787691085347e-01,1.155520940549322334e-01,1.244496318643705662e-01,7.519475233268599346e-02,-1.174925133363190488e-01,9.902228327662113694e-01,-1.375096384638268665e+00
9.960978420243241649e-01,1.661129212177748712e-02,-8.667845227349080250e-02,7.776093936029162546e-01,-7.256147110079646904e-03,9.942166433928352198e-01,1.071476286709140413e-01,1.212908658707527315e-01,8.795702043384458213e-02,-1.061005700961504955e-01,9.904575869675951161e-01,-1.411516196601645401e+00
9.949280253845237398e-01,-3.200812016637569288e-03,-1.005384459144117171e-01,1.158514523673497054e+00,1.240605109825625510e-02,9.957673711911885217e-01,9.106828409021819337e-02,1.358139340203659007e-01,9.982141153379091303e-02,-9.185367316239095858e-02,9.907565737990221555e-01,-1.350980136044914515e+00
9.921279079459524031e-01,-1.294377281484648725e-03,-1.252219583868560970e-01,1.396168806760487602e+00,1.454013710932461172e-02,9.943741185129840732e-01,1.049223372040836710e-01,1.138707235316365751e-01,1.243816653998025962e-01,-1.059171233511302102e-01,9.865651343390319239e-01,-1.352977686933650947e+00
9.957130427659609540e-01,-1.215527810517634533e-02,-9.169397842789925313e-02,1.705209549293501547e+00,1.803416330600729131e-02,9.978150167055664932e-01,6.356069060922729663e-02,1.425157098337442863e-01,9.072103074592212379e-02,-6.494183282796565926e-02,9.937566366718468824e-01,-1.363033356245968442e+00
9.949195176206777624e-01,4.089509382136598259e-02,-9.199317778388840794e-02,1.844650776741535214e+00,-3.804960258719747995e-02,9.987479744119297509e-01,3.247631985037024993e-02,1.538161473923078115e-01,9.320612211862885910e-02,-2.881102062421469698e-02,9.952298949942156581e-01,-1.238769514509145520e+00
9.920314180275455751e-01,4.230659372874060603e-02,-1.186752618422512451e-01,2.005859874735473447e+00,-3.965936824560752083e-02,9.989108572413079035e-01,2.458116750268024911e-02,1.890865022263763517e-01,1.195859530070940563e-01,-1.967870454341060990e-02,9.926288069721115326e-01,-1.252360360908186587e+00
9.951036491586676691e-01,1.355772475160015034e-02,-9.790258183858792373e-02,2.072488832239804069e+00,-1.026926113983312946e-02,9.993685518655849309e-01,3.401528800003977837e-02,1.995724066707272037e-01,9.830193134798265175e-02,-3.284335003685812798e-02,9.946145206317933418e-01,-1.263933587978562922e+00
9.973641233117647165e-01,1.608153793779139654e-02,-7.075443214462846797e-02,2.137551809302926653e+00,-1.597264553776461121e-02,9.998702142820845573e-01,2.104563143095339230e-03,2.157660691364203798e-01,7.077909384188521558e-02,-9.688803092953988429e-04,9.974915443981803298e-01,-1.236887092067573635e+00
9.966160458066923855e-01,4.474988948664695293e-02,-6.894856511606474447e-02,2.178163323463218948e+00,-4.500708307118283374e-02,9.989842880375399137e-01,-2.180533777119775772e-03,2.140905282192134829e-01,6.878095458813404672e-02,5.276328748518801029e-03,9.976178329605388528e-01,-1.202841718021159467e+00
9.970098490373020539e-01,3.955660076367809724e-02,-6.638249964137796222e-02,2.356918916374454831e+00,-3.910889101302757187e-02,9.992026816869868933e-01,8.030912355714887527e-03,1.983007956408794625e-01,6.664724725257355209e-02,-5.410752771755939980e-03,9.977619296145230354e-01,-1.208737107515074349e+00
9.978492546097654792e-01,2.731086253115071541e-02,-5.959011547680104215e-02,2.576732418249228829e+00,-2.885599215353424826e-02,9.992652568239560607e-01,-2.522455592053790899e-02,2.162396969613430142e-01,5.885742766693980582e-02,2.688983622779804808e-02,9.979041737141258750e-01,-1.186625531141168421e+00
9.985801599465123912e-01,2.941859664988630361e-03,-5.318843504849236209e-02,2.913671598290715092e+00,-4.141202803496711951e-03,9.997393267663838845e-01,-2.245281621618611459e-02,2.273662762467484888e-01,5.310851721274563453e-02,2.264120090474536565e-02,9.983320396646867545e-01,-1.076407171887151737e+00
9.988381445816525428e-01,-2.308482138829307320e-02,-4.230191426107189623e-02,3.144983758134821450e+00,2.232709683476976834e-02,9.995832532035471285e-01,-1.829810541953131448e-02,2.614107332372935799e-01,4.270669356917395493e-02,1.733236673060122024e-02,9.989372990272732400e-01,-1.050490650182505092e+00
9.979306527769612467e-01,3.891291695743562956e-02,-5.118786127599517233e-02,3.488116018538095719e+00,-3.962475238901293217e-02,9.991305103544255717e-01,-1.296542621801057525e-02,2.922887397667391918e-01,5.063883140689752482e-02,1.496690257765544499e-02,9.986048771065431096e-01,-9.177931948670511320e-01
9.973291267586464892e-01,5.348084036270417396e-02,-4.974346824391473465e-02,3.734542762145923511e+00,-5.399903554529267291e-02,9.984992337172031718e-01,-9.131507341967841709e-03,3.161489349529921777e-01,4.918045423755838114e-02,1.179321755320441971e-02,9.987202826320938920e-01,-9.057046973226124953e-01
9.937876849817874891e-01,-2.227331462570804506e-03,-1.112702843219799120e-01,4.076635380782732021e+00,5.771188911996002167e-03,9.994859179567052720e-01,3.153717147723560793e-02,3.354928989998522959e-01,1.111428385325860801e-01,-3.198341446434911639e-02,9.932896509287310050e-01,-9.161109358512449230e-01
9.978404607020286976e-01,-2.136240819776415861e-02,-6.211330374367605989e-02,4.323003098364541330e+00,2.557333445909167058e-02,9.973704804704444093e-01,6.780950708270024052e-02,3.308535881651193389e-01,6.050140122844714641e-02,-6.925151407837509820e-02,9.957629277329249629e-01,-8.989978696799432178e-01
9.952415948855416472e-01,1.273779509230720149e-02,-9.660184462974089059e-02,4.651074610972386836e+00,-6.196897566670261752e-03,9.976858020905441382e-01,6.770996062246961711e-02,3.886313698838155251e-01,9.724076444696648502e-02,-6.678913746362181991e-02,9.930173436786661201e-01,-8.670452181399208591e-01
9.934010402746307200e-01,5.155203517784531786e-02,-1.024537010083203942e-01,4.849480599741608167e+00,-4.344840893618426292e-02,9.958625710208707238e-01,7.981212564902605278e-02,3.948588028636509373e-01,1.061442836058268391e-01,-7.483399834783679982e-02,9.915307679286008424e-01,-8.512882589975829806e-01
9.913508147536800319e-01,6.926724156374551578e-02,-1.114702262192167337e-01,5.173592918983601407e+00,-5.942999662734636812e-02,9.942321975296312120e-01,8.927716895306749001e-02,3.852692300426383554e-01,1.170112712010565464e-01,-8.188031901226765219e-02,9.897494510078604923e-01,-8.416838866493112636e-01
9.928823336986722925e-01,4.493218387753102755e-02,-1.102985506753053763e-01,5.398433460531601114e+00,-3.502517074677133357e-02,9.953103296908938358e-01,9.016975670791485542e-02,3.789319816303749477e-01,1.138328109256583481e-01,-8.566473289867188035e-02,9.897998003102251863e-01,-7.761179331988017349e-01
9.953972214370612193e-01,3.455350879475373865e-02,-8.938918606491420837e-02,5.706223087295324348e+00,-2.497323609478711848e-02,9.940359064063090111e-01,1.061553307843860622e-01,3.346717043365651234e-01,9.252409974882760957e-02,-1.034343840555899119e-01,9.903234921785450950e-01,-7.069066348694557078e-01
9.958358590719745829e-01,6.691456730884908291e-03,-9.091845903445534838e-02,5.900314833295480454e+00,1.966621589377277012e-03,9.954936989949947357e-01,9.480731860351247764e-02,3.573440967705289184e-01,9.114315216134159792e-02,-9.459132977224918304e-02,9.913351633761466886e-01,-6.435569928726210254e-01
9.952853811778987758e-01,4.020737416897141037e-02,-8.826311277084993023e-02,6.192496827402611537e+00,-3.227266788893272398e-02,9.954590048966124316e-01,8.955358439268429338e-02,3.537543778982213949e-01,9.146302488379710882e-02,-8.628288725282272364e-02,9.920633943687378054e-01,-5.393121930400833763e-01
9.928693389399573244e-01,2.077183747933364702e-02,-1.173840132243871709e-01,6.408912705066958537e+00,-9.840087734326534441e-03,9.956220458216448188e-01,9.295114064552634225e-02,3.501410212319514548e-01,1.188008773802270573e-01,-9.113326857770330525e-02,9.887269991721838736e-01,-5.611390935382765122e-01
9.962548804489389509e-01,-2.144995712867675541e-02,-8.376223803628427000e-02,6.733530906747362543e+00,2.891673975675869077e-02,9.956142138956506349e-01,8.897280062348497665e-02,3.521070897847052850e-01,8.148641201764363073e-02,-9.106171768709610259e-02,9.925057824659591077e-01,-4.928844609186286974e-01
9.960087896859439738e-01,3.677852468699698094e-03,-8.917939374966940558e-02,6.948714267438623970e+00,5.193293108941188403e-03,9.950699469996553415e-01,9.903953899725385923e-02,3.790072893048834213e-01,8.910398742494501922e-02,-9.910738609872822569e-02,9.910793133981015135e-01,-5.351881833188290027e-01
9.933241181456909930e-01,6.068754012297277595e-02,-9.810310282507314628e-02,7.247241355692924714e+00,-5.333627929098632564e-02,9.956882062271688039e-01,7.589622712307626806e-02,4.243591717528901186e-01,1.022860578059306830e-01,-7.015709838602419979e-02,9.922779569881490236e-01,-4.738888068111666296e-01
9.947595976176720756e-01,6.225670910557690868e-02,-8.110144954851070120e-02,7.458223965161469238e+00,-5.721054046791358011e-02,9.963644032428535802e-01,6.312630204504472708e-02,4.275512334152051785e-01,8.473663320486155004e-02,-5.815563706001865285e-02,9.947047928261165683e-01,-4.698558379412721697e-01
9.948076331503694636e-01,3.272951601265677163e-02,-9.636675675426639720e-02,7.829096058533970393e+00,-2.551817311627745458e-02,9.968467115554942026e-01,7.513625291299746989e-02,4.483165042507998854e-01,9.852205776660580283e-02,-7.228701434265685788e-02,9.925059151918730338e-01,-4.596908758027627440e-01
9.968506465638403702e-01,3.727596687440790785e-02,-6.999493366544862205e-02,8.082308723755135205e+00,-3.127421511721825004e-02,9.958929633855420072e-01,8.496545738102273537e-02,4.459071212633461956e-01,7.287463148486214570e-02,-8.250883451329613094e-02,9.939223210659887675e-01,-4.384686973605065874e-01
9.868456418953958087e-01,1.327888973813338425e-01,-9.221056232510993489e-02,8.427886256456041281e+00,-1.239182091888934162e-01,9.876312824790055567e-01,9.606626515220323403e-02,4.842785838714471769e-01,1.038265693523626465e-01,-8.337600734699066041e-02,9.910945892776293897e-01,-4.407518312684063355e-01
9.729775770885502606e-01,2.151577179523194994e-01,-8.379612692985012601e-02,8.632631636383974794e+00,-2.057186674050635877e-01,9.725714977866227740e-01,1.085564902443479779e-01,4.829450221161346035e-01,1.048544913867695549e-01,-8.838460328946803890e-02,9.905522184808757125e-01,-4.187191469125345900e-01
9.621818943698915438e-01,2.442269097146383683e-01,-1.206615875828078860e-01,8.949981820349695028e+00,-2.338471453237672970e-01,9.677205501803871623e-01,9.398111183900063892e-02,4.476189793221783120e-01,1.397194144372588542e-01,-6.221055641776476741e-02,9.882349578412518154e-01,-3.852559656086828599e-01
9.689653075436581720e-01,2.352457145840769204e-01,-7.593211801767266178e-02,9.177385232725153941e+00,-2.221705976549254447e-01,9.634412877385400975e-01,1.497368044882679827e-01,4.169906089169041485e-01,1.083810791350403036e-01,-1.282198847703883426e-01,9.858058646787365431e-01,-3.264531649313296979e-01
9.720217935679962284e-01,2.204693412977727640e-01,-8.103642623278008161e-02,9.523089035729830343e+00,-2.016486310823339401e-01,9.601586042593784898e-01,1.934768312984885552e-01,3.611129854175065823e-01,1.204635314585924266e-01,-1.717228121549646269e-01,9.777524294902643076e-01,-2.912869542406427703e-01
9.539762533142950307e-01,2.882346384748689649e-01,-8.276533873355543247e-02,9.752640702451168764e+00,-2.683820748737033579e-01,9.437425321818387891e-01,1.931866839031548544e-01,3.505677275937464366e-01,1.337922643462780004e-01,-1.620827755632080203e-01,9.776649752685329098e-01,-2.280353375948682981e-01
9.489363758662568982e-01,3.029735910859788217e-01,-8.790197757888394692e-02,1.009327502206954996e+01,-2.827814875709334097e-01,9.404402072192763473e-01,1.886977661037231024e-01,2.991972169701682671e-01,1.398369938356170128e-01,-1.542051223203417809e-01,9.780932447395722651e-01,-1.495415456366929463e-01
9.508782157155358794e-01,2.910794758828286755e-01,-1.053724707758864065e-01,1.034536670965819560e+01,-2.723142099517171233e-01,9.483924643601524540e-01,1.624706268937551601e-01,2.157664807269953910e-01,1.472263221574500458e-01,-1.257953586769223475e-01,9.810708118170339276e-01,-1.229609989759939542e-01
9.444612062641059014e-01,3.194821406398714592e-01,-7.696877077304734027e-02,1.070375722249171702e+01,-3.050594800472871126e-01,9.394441921643874593e-01,1.561516040323666366e-01,1.379646458404146792e-01,1.221955134013815863e-01,-1.239990791125791664e-01,9.847296506573791630e-01,-2.165769643133219624e-02
9.277794567667743131e-01,3.554400486777248847e-01,-1.135237922090527596e-01,1.094732102345330560e+01,-3.361323097464358756e-01,9.282503811386005887e-01,1.592680139280002183e-01,9.816627718824770532e-02,1.619887340097256045e-01,-1.096065769560395364e-01,9.806865188947511136e-01,2.115724665571328683e-02
9.057058609487385059e-01,4.149313398117100982e-01,-8.676909982915664843e-02,1.126942925238498638e+01,-4.020397624094859124e-01,9.056908561153755866e-01,1.344920168289664431e-01,1.806894234308051295e-02,1.343909330454515771e-01,-8.692557961301193570e-02,9.871084138655256135e-01,6.633075222444463626e-02
8.835772475907301970e-01,4.510150925157949686e-01,-1.260025153040883750e-01,1.158197557724856885e+01,-4.277825759230816649e-01,8.868511927145328322e-01,1.746339878644028454e-01,-9.933620022160333241e-02,1.905080451755278570e-01,-1.004009377634513533e-01,9.765379339378565948e-01,9.141225369959544989e-02
8.873399609605848726e-01,4.451030784940609997e-01,-1.204617914426644176e-01,1.175233621365505776e+01,-4.213552877667188223e-01,8.887927006816865871e-01,1.802976890755408068e-01,-1.711505279733473717e-01,1.873166173981680449e-01,-1.092281315873554481e-01,9.762078160496578949e-01,1.672826594572492942e-01
8.929551115979071918e-01,4.227486626093452937e-01,-1.546439036405182210e-01,1.201562660683257100e+01,-3.891040915371755671e-01,8.976257927500211897e-01,2.070409189965264352e-01,-2.752451998332414718e-01,2.263386282104694336e-01,-1.247056712900698749e-01,9.660327742514199789e-01,2.049404723291824992e-01
9.263499560966436119e-01,3.337557907363807308e-01,-1.745933303126976921e-01,1.216293620341519421e+01,-2.953500441080993966e-01,9.312924719408920415e-01,2.132198000926921744e-01,-3.048600002950054288e-01,2.337607971518944616e-01,-1.459500046459649703e-01,9.612775280109031595e-01,2.783941156645954873e-01
9.802783246883726154e-01,3.993129843555966174e-02,-1.935455955360567137e-01,1.235157172131351722e+01,5.616054404493990267e-04,9.788064849974713599e-01,2.047865950843099359e-01,-2.581095212657036342e-01,1.976210786973037759e-01,-2.008565566073112485e-01,9.594803556729898375e-01,3.107562928265595881e-01
8.851573467800757378e-01,-4.434390612287505973e-01,-1.409193755940621462e-01,1.250802763585834576e+01,4.621765656422319735e-01,8.729250270110117116e-01,1.561880897795249190e-01,-1.771264038339216973e-01,5.375214983987749995e-02,-2.033806681924037740e-01,9.776231432373119201e-01,2.508449374309846824e-01
7.300405435996749626e-01,-6.808368577147096978e-01,-5.917751158886665197e-02,1.253291094466460009e+01,6.833747403937103782e-01,7.264683737590033052e-01,7.240625746286624698e-02,-1.391697407296150768e-01,-6.306258202831286838e-03,-9.329992017739638377e-02,9.956180773782533633e-01,8.851420385275218794e-02
4.723218075613507261e-01,-8.790701252271361232e-01,-6.440361041995006086e-02,1.246752978934964773e+01,8.809372859790374211e-01,4.683647249487446484e-01,6.770511498827183616e-02,-4.109562346282670531e-02,-2.935316463121148689e-02,-8.871414406301175726e-02,9.956245237886113264e-01,1.329893212055424656e-02
3.184559795125347370e-01,-9.431684358878470453e-01,-9.496889310497055869e-02,1.236546021401010087e+01,9.463077493846705490e-01,3.104365094744920284e-01,9.017104324456963471e-02,7.651006806115955017e-02,-5.556467013519268000e-02,-1.185853073958346576e-01,9.913879625568396969e-01,1.017395858954456452e-02
1.076921894389784862e-01,-9.872984502874313506e-01,-1.168082291359419655e-01,1.223476165630311918e+01,9.880101121881081916e-01,9.320832366412007408e-02,1.230781321509526599e-01,2.414406145466074793e-01,-1.106273499089713980e-01,-1.286622650964923953e-01,9.854986610809560732e-01,-5.899773544483730148e-02
-4.136414196119804487e-02,-9.895859612280775153e-01,-1.378717995099617288e-01,1.211998801912166357e+01,9.900445681307085133e-01,-5.917625832242495026e-02,1.277103111179253569e-01,2.999587826936128687e-01,-1.345390682095478352e-01,-1.312165987642532061e-01,9.821819807622448328e-01,-8.137699049406503515e-02
-2.428076240942808051e-01,-9.497464153217904936e-01,-1.975505106677746536e-01,1.197780549819524687e+01,9.524025332116430320e-01,-2.720827249461158504e-01,1.374787456952613063e-01,4.199707933247380787e-01,-1.843200271639950927e-01,-1.547667191915141904e-01,9.706046518624141806e-01,-1.044394599708685367e-01
-3.376186626259266021e-01,-9.218750561403357136e-01,-1.901578804912716358e-01,1.190392476990298931e+01,9.276104234690343286e-01,-3.601621492397833468e-01,9.910665228217384326e-02,5.224702588099213729e-01,-1.598516215691278552e-01,-1.429321766476424060e-01,9.767383743666910867e-01,-1.123970112918406539e-01
-4.220258822739701432e-01,-8.954994346886580026e-01,-1.413326471950845098e-01,1.179221521415053964e+01,8.922450837390638601e-01,-4.378897452854707550e-01,1.102328513524771930e-01,7.279590050292439329e-01,-1.606015729510389123e-01,-7.958224328403734615e-02,9.838057741848903470e-01,-1.305001673826468311e-01
-4.174424979879868824e-01,-8.936576481880336154e-01,-1.646747360968938978e-01,1.169158681117884591e+01,8.928719393720351283e-01,-4.370582453377822585e-01,1.084425657400295562e-01,9.101531437151745285e-01,-1.688829794726816602e-01,-1.017649154536674760e-01,9.803685231723511251e-01,-1.960763462504708232e-01
-3.525662028434071726e-01,-9.213606820782215268e-01,-1.636812943892344274e-01,1.162554597820322932e+01,9.254471591626446392e-01,-3.692253223330538292e-01,8.497185972922968733e-02,1.041012166152332385e+00,-1.387250093183343969e-01,-1.215201829673045741e-01,9.828469956820440334e-01,-2.154162952480606352e-01
-1.930530796150599915e-01,-9.705111225662370611e-01,-1.443560508824034139e-01,1.152829577213343448e+01,9.678802132938619796e-01,-2.125115126396819598e-01,1.343381915533440885e-01,1.276298412866142762e+00,-1.610540318196643783e-01,-1.137849637290294924e-01,9.803645142822199343e-01,-2.453399706366367061e-01
-8.726903567981236787e-02,-9.819243274335623939e-01,-1.679545492258573691e-01,1.146987457165580082e+01,9.838736376882522006e-01,-1.113808122290868285e-01,1.399534913079167886e-01,1.435371420148508825e+00,-1.561306519348510391e-01,-1.530324470866701869e-01,9.758095560431158111e-01,-2.847933919642026135e-01
-4.226655153854880220e-02,-9.865685377111756971e-01,-1.577848504117894401e-01,1.139746483222864804e+01,9.902410581626486241e-01,-6.235734557929707711e-02,1.246363036246759537e-01,1.731229277874063666e+00,-1.328013002570280765e-01,-1.509770904830791682e-01,9.795763026938256735e-01,-3.165962791060344395e-01
-1.628514339138699418e-02,-9.899891318660670736e-01,-1.402009732198457315e-01,1.134948002907804465e+01,9.872078903298872055e-01,-3.816249995884395813e-02,1.548037624455711192e-01,1.912491320432052389e+00,-1.586044620278238004e-01,-1.358865055256087417e-01,9.779465641030198331e-01,-3.379911061605642142e-01
3.371736213711976071e-02,-9.936194246267925356e-01,-1.076270342192665735e-01,1.127274827584307282e+01,9.877088778809807179e-01,1.668286371328496845e-02,1.554118869759262833e-01,2.213869311771918369e+00,-1.526247425734386098e-01,-1.115442560719502874e-01,9.819692290961796743e-01,-3.346758112238175653e-01
1.034036845797463577e-01,-9.883637927179551586e-01,-1.115557764506635852e-01,1.125158830454240189e+01,9.825754619607074414e-01,8.408958592157295131e-02,1.657540439694941137e-01,2.409604681262018211e+00,-1.544446165071317045e-01,-1.267515474608352788e-01,9.798371832341572496e-01,-3.583763606362296850e-01
1.262294530514077862e-01,-9.776391679762953535e-01,-1.681897215080590813e-01,1.126877697865534245e+01,9.847921207068496274e-01,1.030950053298651525e-01,1.398424072652530992e-01,2.695701072409399046e+00,-1.193758944513020614e-01,-1.832841431075011573e-01,9.757849756525766027e-01,-3.986352269078756727e-01
9.725781961821368393e-02,-9.791269254720296189e-01,-1.784695501725723776e-01,1.127439914472683391e+01,9.891759747640358480e-01,7.530050944525713830e-02,1.259393672641887230e-01,2.909809305803845003e+00,-1.098717774168169736e-01,-1.887863795218658325e-01,9.758523942862948886e-01,-3.967932305295815976e-01
1.078693220138865899e-01,-9.775581425939051661e-01,-1.809538262005459808e-01,1.125893808357277237e+01,9.877058636560008820e-01,8.466360640023271045e-02,1.314123306651995282e-01,3.199860407630228387e+00,-1.131429903609490611e-01,-1.929045142023879944e-01,9.746725153263129382e-01,-4.778145337953086935e-01
1.633357960072033543e-01,-9.714675856132862775e-01,-1.719655426106757035e-01,1.122231821377672745e+01,9.797185642301637909e-01,1.392106436178841000e-01,1.441247085210608236e-01,3.413276237086428466e+00,-1.160730487472424188e-01,-1.920185584941859480e-01,9.745029094611949994e-01,-4.502551017875712214e-01
2.077402248276306873e-01,-9.541074966402708357e-01,-2.156916406433025402e-01,1.121095870914257731e+01,9.751948550069694521e-01,1.847827367863326409e-01,1.218619503934206677e-01,3.682806519894285646e+00,-7.641330876556350071e-02,-2.356570071960236157e-01,9.688275291314294435e-01,-4.448037076832604964e-01
1.669501409203202613e-01,-9.575413795310715459e-01,-2.350365012767510753e-01,1.125032813201590898e+01,9.834635885624322116e-01,1.447549345951429645e-01,1.088364777189101268e-01,3.895617095162964727e+00,-7.019273764848024677e-02,-2.493201062812356872e-01,9.658739380402205921e-01,-4.337295410390354378e-01
1.563439492526798869e-01,-9.686133883923111476e-01,-1.932476994927482261e-01,1.126292416161305709e+01,9.823195096052901309e-01,1.320873180333107244e-01,1.326699719740263017e-01,4.208703832701735870e+00,-1.029803407495699374e-01,-2.105731327637286043e-01,9.721388816301764768e-01,-4.735847844189295941e-01
1.586451521056258251e-01,-9.634132150208156720e-01,-2.160247505186304873e-01,1.125674868798742523e+01,9.829750618398060968e-01,1.335769403087172236e-01,1.261635003429694979e-01,4.408973192014803644e+00,-9.269165827846706507e-02,-2.323621702020681468e-01,9.682024986254536003e-01,-5.300076513688419810e-01
9.999743445754441518e-02,-9.727645617033471304e-01,-2.091162848656275552e-01,1.122919881221232785e+01,9.911637006041876807e-01,7.897980085065259281e-02,1.065678641157981471e-01,4.717322028566071523e+00,-8.714947909495029954e-02,-2.179249837712149973e-01,9.720667002535335888e-01,-6.195656203040690313e-01
-1.516886400767246054e-02,-9.768570028260761262e-01,-2.133548724411286901e-01,1.115257535728407134e+01,9.968531443972250550e-01,-3.137860909842681706e-02,7.279554516873124048e-02,4.900231810061439930e+00,-7.780561721419160248e-02,-2.115792497403792549e-01,9.742589527477873990e-01,-5.963904920058543668e-01
-3.494013353296061553e-01,-8.844384852212604509e-01,-3.093335945696948919e-01,1.100951864320218121e+01,9.300769892433338182e-01,-3.673646118226187030e-01,-1.898959495493957744e-04,5.165543960491998376e+00,-1.134702646068218440e-01,-2.877704082075464576e-01,9.509535694291906260e-01,-6.240540595416140812e-01
-5.680534014862942405e-01,-7.595270943566935218e-01,-3.169131205834292975e-01,1.085000925034731978e+01,7.957234411593636647e-01,-6.051804711107527934e-01,2.409984596771434090e-02,5.316332048913197106e+00,-2.100941175981602960e-01,-2.384851993819432081e-01,9.481483383028225242e-01,-5.563395447517895942e-01
-7.688911797108280988e-01,-5.833568756407400135e-01,-2.617271659678515050e-01,1.059283506652372786e+01,5.875356045679469563e-01,-8.061063283983153083e-01,7.067178136402196831e-02,5.470398330661066844e+00,-2.522067943729224826e-01,-9.943511934352883275e-02,9.625509804229961386e-01,-6.055985790669851099e-01
-8.099989285944060313e-01,-5.338139920916394887e-01,-2.427845907859465246e-01,1.043265149501614530e+01,5.296362363232215431e-01,-8.436543042018458394e-01,8.793675099224326774e-02,5.507924069479126494e+00,-2.517681331091852770e-01,-5.735884281335246193e-02,9.660863161756445550e-01,-6.426370377523603628e-01
-8.918419073395148500e-01,-3.785328548949594696e-01,-2.476507421311027191e-01,1.013124300273092082e+01,3.707398374677670083e-01,-9.253470560829550884e-01,7.927672239050881364e-02,5.524017653176485965e+00,-2.591717292209693713e-01,-2.111169258208069055e-02,9.656004925479951817e-01,-6.779327061319626591e-01
-9.321735366914523091e-01,-3.193662896962223274e-01,-1.704631059725718600e-01,9.978366650857934061e+00,3.120754535344881786e-01,-9.475691656333460333e-01,6.871380969039406206e-02,5.582457196398263655e+00,-1.834704575494119083e-01,1.085584389134974098e-02,9.829652800887804798e-01,-6.746770728826736452e-01
-8.867985610437993937e-01,-4.456585668593971428e-01,-1.223795485997279248e-01,9.773999994090706522e+00,4.472869186747567838e-01,-8.942585069110621232e-01,1.536669123914332323e-02,5.722414906075062646e+00,-1.162872500022496952e-01,-4.111161152310367078e-02,9.923644042814545596e-01,-7.434595254634086547e-01
-7.607642799872514905e-01,-6.122169189081885232e-01,-2.154719343627875261e-01,9.681398052468939142e+00,6.231290740641335368e-01,-7.818283371793282033e-01,2.132154401965398807e-02,5.835467196391062927e+00,-1.815154741377491276e-01,-1.180461578619633189e-01,9.762772338135182748e-01,-7.314412820618196864e-01
-4.477931140655614928e-01,-8.404828268029369553e-01,-3.050736711760121955e-01,9.672421304910097106e+00,8.780589628470109043e-01,-4.777661873360650180e-01,2.742130562886074818e-02,5.999496861650973401e+00,-1.688010212039515179e-01,-2.555935994654484622e-01,9.519338880157579563e-01,-7.814770306479952300e-01
-2.446761370289692317e-01,-9.278799105900213950e-01,-2.813760108680786742e-01,9.643547886409281844e+00,9.622036578292842979e-01,-2.681471553414386810e-01,4.755232846285974840e-02,6.077045297573376637e+00,-1.195730271780622300e-01,-2.591061068476526175e-01,9.584186541202783793e-01,-7.919974513956894446e-01
-5.023696894777909816e-02,-9.563792702814448710e-01,-2.877758473653913018e-01,9.602283165636123385e+00,9.931530060202780064e-01,-7.826509421716898451e-02,8.672762916201129380e-02,6.116847051105778199e+00,-1.054673104986817017e-01,-2.814485146578445951e-01,9.537627482833800352e-01,-7.637628148110449100e-01
4.420701755342463027e-03,-9.622829127253864634e-01,-2.720148034073416876e-01,9.582703420126643223e+00,9.931556106492274161e-01,-2.752389478066397110e-02,1.135093311233188323e-01,6.140415826428601953e+00,-1.167149966026238689e-01,-2.706548190829925482e-01,9.555749988751277568e-01,-7.230236022906848525e-01
2.622462804622760837e-02,-9.748224598732266877e-01,-2.214349579685792879e-01,9.587718290162104751e+00,9.931644523786011813e-01,2.038823896831939812e-04,1.167233008592737653e-01,6.166027003897196046e+00,-1.137393485797695281e-01,-2.229823539177049896e-01,9.681643612661887666e-01,-7.053010746079731996e-01
2.512594016557385609e-02,-9.777120042371308939e-01,-2.084416558689904386e-01,9.584296210571666919e+00,9.919518653985990309e-01,-1.499807117719678543e-03,1.266066637695243413e-01,6.174166885166473939e+00,-1.240974772629793721e-01,-2.099452008244538648e-01,9.698055623617253262e-01,-7.020516151583944264e-01
3.324935394697654117e-02,-9.755194082628793062e-01,-2.173852905891950071e-01,9.592075506540142626e+00,9.924422827351535581e-01,6.519484808432522184e-03,1.225390213657279181e-01,6.192268021900257935e+00,-1.181219535122338543e-01,-2.198166973190905649e-01,9.683634770468055875e-01,-7.034338587101036655e-01
4.016361496468146691e-02,-9.744517905154793658e-01,-2.209764512208110820e-01,9.596631465959161389e+00,9.930853638552572527e-01,1.451433776757998957e-02,1.164937513158542520e-01,6.193477780754829354e+00,-1.103102177018987079e-01,-2.241272896377039803e-01,9.682967592170359517e-01,-7.093288820380183601e-01
4.651710734409798126e-02,-9.751795619754266564e-01,-2.164739721762201641e-01,9.595600718830763043e+00,9.928210942490882651e-01,2.122896128615762296e-02,1.177098382326402931e-01,6.189822541414294221e+00,-1.101927109131143195e-01,-2.203954471129656589e-01,9.691663496807413347e-01,-7.178002184787743989e-01
4.721810014261166449e-02,-9.765611836535088575e-01,-2.099969180730480445e-01,9.594300896746716489e+00,9.923644889779175138e-01,2.188023230315339421e-02,1.213835921776798832e-01,6.187235164278269473e+00,-1.139437231027648628e-01,-2.141249869016134955e-01,9.701377829720181367e-01,-7.093815346188550031e-01
4.578225197554420395e-02,-9.753028817938048656e-01,-2.160746958085237313e-01,9.597573207793015371e+00,9.927053806149939152e-01,2.026848012621119619e-02,1.188495520034218850e-01,6.182447005762641723e+00,-1.115348048910673739e-01,-2.199397132808707245e-01,9.691163551503184648e-01,-6.951298925124371753e-01
4.836501642686668462e-02,-9.757259927551831247e-01,-2.135874814869548055e-01,9.595746258466673950e+00,9.924695520207107435e-01,2.285218029335479850e-02,1.203410410776405981e-01,6.188363721293279163e+00,-1.125389421393291900e-01,-2.177993684971361588e-01,9.694835849999769994e-01,-6.849563763271697692e-01
5.003238393737500372e-02,-9.738735868984841337e-01,-2.215107159914005697e-01,9.595835131991085731e+00,9.932103495900566070e-01,2.519359702277428059e-02,1.135714935019009469e-01,6.193732886362208312e+00,-1.050236260312001207e-01,-2.256889882349908394e-01,9.685218214189720287e-01,-6.854448804991940536e-01
5.272631741986998077e-02,-9.728977156315967711e-01,-2.251443323074309999e-01,9.593429923611880739e+00,9.935310317833652149e-01,2.839975857303124809e-02,1.099524560729588651e-01,6.201042957700360070e+00,-1.005784486598473304e-01,-2.294852688775758376e-01,9.681014859163080688e-01,-6.790006948358119354e-01
6.214492453263145005e-02,-9.743996955123300774e-01,-2.160630503818527226e-01,9.598715987202307787e+00,9.922841139874140071e-01,3.704935227381527668e-02,1.183198319146206573e-01,6.207885366211105982e+00,-1.072858121237235951e-01,-2.217489095386223907e-01,9.691837677320970235e-01,-7.082230826918000099e-01
7.581402482715510205e-02,-9.724568774362459811e-01,-2.204083827045891508e-01,9.594837326767580166e+00,9.920951028725571996e-01,5.139816721726878784e-02,1.144794097774632091e-01,6.219825752343900227e+00,-9.999770245259759216e-02,-2.273452219283499109e-01,9.686664077847179088e-01,-7.096824356016450119e-01
1.058111770414512237e-01,-9.708065762704787272e-01,-2.152639920727406897e-01,9.583963868348199355e+00,9.884376283363301985e-01,7.904066460398131988e-02,1.293971724104216181e-01,6.277651987854156346e+00,-1.086050169281061878e-01,-2.264666969091726489e-01,9.679451355779897792e-01,-6.915183213872464485e-01
7.057854415028219641e-02,-9.638510311562125121e-01,-2.569238386073424696e-01,9.628721273961167171e+00,9.917193509367113746e-01,4.009797168555020302e-02,1.220036132431064069e-01,6.460216509542977548e+00,-1.072911836233312877e-01,-2.634071798676145271e-01,9.586997754828635587e-01,-7.301034184122705550e-01
-2.913761653381045924e-02,-9.653558113672056074e-01,-2.593051421825103287e-01,9.636234578020363983e+00,9.946810759076432085e-01,-5.364228687449589666e-02,8.793214594270071238e-02,6.614838573308841951e+00,-9.879552891676114668e-02,-2.553637846650102516e-01,9.617841654693727316e-01,-7.447810777650569758e-01
-1.315577821620698418e-01,-9.542555164183227356e-01,-2.684938720674956425e-01,9.570461075499640202e+00,9.789608561537310738e-01,-1.676789094033283023e-01,1.162730642069146753e-01,6.913435549799982205e+00,-1.559749725800641529e-01,-2.475483644189761800e-01,9.562382627787574529e-01,-7.115700607728272509e-01
-1.811847297582868666e-01,-9.510823505898432506e-01,-2.502288074920917538e-01,9.489009278028113670e+00,9.700246701718679976e-01,-2.147270386504325224e-01,1.137736266907907468e-01,7.102524210819982642e+00,-1.619389791260141820e-01,-2.221140726494250373e-01,9.614786039068723422e-01,-6.874198579532130315e-01
-3.392391927774254801e-01,-9.126916168412784192e-01,-2.278393790181428846e-01,9.347111010156419653e+00,9.273355451474504241e-01,-3.651440432982113182e-01,8.196715409184394951e-02,7.400872070219975285e+00,-1.580049264732012460e-01,-1.834770835594662364e-01,9.702425485509841296e-01,-7.008902468489556226e-01
-5.437450263151941687e-01,-8.090742150569932845e-01,-2.230252471972582751e-01,9.207073384178420028e+00,8.253194257667192391e-01,-5.637112220775968296e-01,3.282534928795818874e-02,7.596717713881238510e+00,-1.522799783608507207e-01,-1.662184485359356756e-01,9.742598398562486439e-01,-6.963400446073217953e-01
-7.976923760923274598e-01,-5.574833442276447837e-01,-2.299982478910161665e-01,8.969023486895901343e+00,5.773030960017866420e-01,-8.161791874443996564e-01,-2.393051042817342933e-02,7.810346389654046817e+00,-1.743789220947523644e-01,-1.518678863070220264e-01,9.728967759416758954e-01,-6.886165184202154288e-01
-8.828182734745354532e-01,-4.174936361952747976e-01,-2.152462769849623203e-01,8.779751522517054596e+00,4.281761051440384214e-01,-9.036891724640433443e-01,-3.332049659795121004e-03,7.846116126187633988e+00,-1.931246203960556018e-01,-9.510490685396796873e-02,9.765541140608517967e-01,-7.084887188428508065e-01
-9.523745083316594862e-01,-2.435299655159422483e-01,-1.835100863054484333e-01,8.452568319531671648e+00,2.451753890902366451e-01,-9.693772966399595292e-01,1.402445519285767071e-02,7.866660262821707938e+00,-1.813058864584376761e-01,-3.163562319300426001e-02,9.829177803258561941e-01,-7.609279116736926696e-01
-9.623569940914111775e-01,-1.674259051302902090e-01,-2.140971326632981897e-01,8.236167896358185914e+00,1.719491191180979872e-01,-9.851025461271796235e-01,-2.544415111434367768e-03,7.856169489757081514e+00,-2.104816295020844330e-01,-3.926244904552564363e-02,9.768090620674505509e-01,-8.009695247832471221e-01
-9.906754357781150100e-01,3.074691590442193024e-03,-1.362083962810841653e-01,7.887714533889836233e+00,1.598428599144091806e-03,-9.994142111004084006e-01,-3.418595730066414234e-02,7.865060650847379264e+00,-1.362337181899351546e-01,-3.408490754238688997e-02,9.900901944297650914e-01,-8.951418295079837106e-01
-9.854653338048282585e-01,5.137083545532934725e-02,-1.619231704653754378e-01,7.650711797480767906e+00,-4.940031189589538102e-02,-9.986480770393688644e-01,-1.617490062288717487e-02,7.850859480592125905e+00,-1.625351809717697493e-01,-7.940748717431845780e-03,9.866707958869962436e-01,-9.102075213730452807e-01
-9.911666500478072406e-01,4.301852497109613649e-02,-1.254514979676127628e-01,7.311215017555286799e+00,-4.536322009603792338e-02,-9.988441389647768620e-01,1.589227228036581979e-02,7.777613384199238311e+00,-1.246228313573612551e-01,2.144277419146006086e-02,9.919724579540738496e-01,-9.732101013038750859e-01
-9.897461554896510583e-01,1.387284330771390919e-02,-1.421622028248523961e-01,7.076469945259026062e+00,-2.012472472556035147e-02,-9.988880480718617116e-01,4.263405767585111417e-02,7.763665323342562985e+00,-1.414126696876037703e-01,4.505786987582685588e-02,9.889247924964140735e-01,-9.532563296681049181e-01
-9.875132267962204446e-01,-7.891613735069479690e-03,-1.573383276101930350e-01,6.724986949320260976e+00,-2.909606866651313992e-03,-9.976604904952482977e-01,6.830139012248274966e-02,7.774263450773704953e+00,-1.575092412857021229e-01,6.790631883292218285e-02,9.851799687225487601e-01,-9.810544898829424154e-01
-9.880342464469724639e-01,-3.033659674695530009e-02,-1.512217535468210750e-01,6.485627730095740340e+00,2.186809924126461788e-02,-9.981144535990690292e-01,5.735262637584634393e-02,7.745227426986123653e+00,-1.526765014124211728e-01,5.335942666901385967e-02,9.868346657378911368e-01,-1.003390903485999130e+00
-9.876800733856997416e-01,-9.519102652530536321e-03,-1.561968607927468888e-01,6.115266240685032884e+00,3.173064500076748420e-03,-9.991611669789629557e-01,4.082761397530453029e-02,7.733960603585535054e+00,-1.564544799566204014e-01,3.982899805328663639e-02,9.868817794526216769e-01,-1.027244687700776593e+00
-9.842290837008994542e-01,-6.854595139108607404e-02,-1.630783963165517991e-01,5.864256108013377045e+00,6.151483989334592672e-02,-9.969615601484651535e-01,4.778673518075757937e-02,7.695079401720323453e+00,-1.658584796450980614e-01,3.700135314053799168e-02,9.854551560551013667e-01,-1.018679606472218113e+00
-9.779555834581165064e-01,-1.003521648506571357e-01,-1.831183218383167222e-01,5.521294890738089656e+00,8.896842418960745902e-02,-9.936153130007321366e-01,6.937744062500887654e-02,7.697110084853379774e+00,-1.889113450280653639e-01,5.155630689106065895e-02,9.806398171293272403e-01,-1.089055138719399185e+00
-9.872296304399228450e-01,-5.582341928786917207e-02,-1.492025557437411110e-01,5.276079027066577609e+00,5.124471137020174261e-02,-9.980948312314782411e-01,3.436113248414781468e-02,7.689986322028762977e+00,-1.508364556002231294e-01,2.627648621903775489e-02,9.882094463897523884e-01,-1.104710263526115899e+00
-9.847423603477279963e-01,-8.130563808927859099e-03,-1.738285870302537228e-01,4.905842113160909790e+00,1.292223255073790718e-02,-9.995665726234529425e-01,-2.645151790936575015e-02,7.698885159228648689e+00,-1.735381792076032270e-01,-2.829418360642031727e-02,9.844206110862135928e-01,-1.140162516609526833e+00
-9.893161996628218047e-01,-1.709712222459114014e-02,-1.447796446201924658e-01,4.671221410561880560e+00,2.038587504407523773e-02,-9.995660675344603119e-01,-2.126247239583748186e-02,7.678044120812027806e+00,-1.443532929426938893e-01,-2.398676813023863444e-02,9.892354430423857536e-01,-1.180155141254477513e+00
-9.799953065684832154e-01,-8.070868425875150909e-02,-1.819211570680161760e-01,4.307719494853731845e+00,7.854797045382995446e-02,-9.967280558981044258e-01,1.906302502676248539e-02,7.678563333343584318e+00,-1.828644728790390916e-01,4.392137384919438288e-03,9.831283200517932919e-01,-1.191934770711474911e+00
-9.834375946415515601e-01,-7.357913722334143147e-02,-1.656399952037793943e-01,4.079155581783781237e+00,6.925147218793469006e-02,-9.970935337836933643e-01,3.176032881681140063e-02,7.682317588423735799e+00,-1.674954657459210017e-01,1.976348785556533358e-02,9.856747300719127525e-01,-1.276719626966638987e+00
-9.843668178977051930e-01,-4.654802386520674740e-02,-1.698683292912201714e-01,3.688128558901270893e+00,4.790885319721910340e-02,-9.988440244898909581e-01,-3.918740380144381669e-03,7.691533517582246127e+00,-1.694895560418798464e-01,-1.199567484904009648e-02,9.854589764052285039e-01,-1.273982876921067042e+00
-9.857234663670949582e-01,-6.437089978990705175e-02,-1.555816027474858088e-01,3.307800405367973262e+00,6.599349965212393532e-02,-9.978060765192310333e-01,-5.281256002626643492e-03,7.691172646192251605e+00,-1.549003094151324700e-01,-1.547323242047443821e-02,9.878089254615775028e-01,-1.338650091737280334e+00
-9.781346961744173951e-01,-9.742232327503165534e-02,-1.837427741911924484e-01,3.055780768420660376e+00,9.786239916295809416e-02,-9.951774451185448900e-01,6.693545950921178135e-03,7.674247874212938747e+00,-1.835087653760714421e-01,-1.143431917617416388e-02,9.829515702083828632e-01,-1.362170720881474617e+00
-9.803049794788275539e-01,-8.874420659858749116e-02,-1.764273590013834547e-01,2.670171027578514877e+00,8.529469639967394989e-02,-9.959883529959913107e-01,2.705578426920522694e-02,7.681397416660507460e+00,-1.781206388240934579e-01,1.147460202018728628e-02,9.839417521039409698e-01,-1.394570361993501928e+00
-9.798563813328696748e-01,-6.350693932101190986e-02,-1.893365802462156910e-01,2.406785260184509667e+00,6.717376426304838555e-02,-9.976565174815789083e-01,-1.300609554256087173e-02,7.701910164326115193e+00,-1.880668959598862378e-01,-2.546255652143445888e-02,9.818261052036679759e-01,-1.456715280158237702e+00
-9.831803645117835888e-01,-5.006857464875714286e-02,-1.756402820286929178e-01,2.011182187450695658e+00,4.968080254055481926e-02,-9.987432927394463977e-01,6.607046760602368514e-03,7.728259045090420720e+00,-1.757503590249627490e-01,-2.230031527199624608e-03,9.844322415798776316e-01,-1.471770690609816690e+00
-9.805592929934603408e-01,-9.104339567798921951e-02,-1.738233960880614104e-01,1.762837717565604478e+00,8.611016855911310386e-02,-9.956447106139126868e-01,3.573022666120582308e-02,7.722183087435140258e+00,-1.763193460596056972e-01,2.006764385674734627e-02,9.841284356602799654e-01,-1.528175198897685050e+00
-9.749421778189234500e-01,-1.261057386378547085e-01,-1.832623599987094898e-01,1.360955776400057715e+00,1.182636587068381095e-01,-9.915585881514437094e-01,5.315329992004498572e-02,7.714588516927674000e+00,-1.884183030890785038e-01,3.014811678561368086e-02,9.816260154026640317e-01,-1.542348847633537412e+00
-9.777094552826969265e-01,-1.250751327537566182e-01,-1.686429133330035468e-01,1.079026629540632554e+00,1.221796760680923521e-01,-9.921275085823114681e-01,2.747969195885383714e-02,7.723574246106855945e+00,-1.707522995649213282e-01,6.262418134221297769e-03,9.852940851910162445e-01,-1.615965653921398681e+00
-9.821936441837475495e-01,-8.926856362199694916e-02,-1.653081028682991671e-01,6.574685834132441009e-01,9.063931523075728636e-02,-9.958835019286057522e-01,-7.517452481197265399e-04,7.704826913622104811e+00,-1.645605051631465476e-01,-1.572177265082693592e-02,9.862416874200582440e-01,-1.617694378311262060e+00
-9.725807497776800536e-01,-1.272672756266627070e-01,-1.946528338259002899e-01,2.322913827454523017e-01,1.260288686511717160e-01,-9.918486947816042010e-01,1.878539130643423760e-02,7.686922954177719980e+00,-1.954569247389101871e-01,-6.261566465144038397e-03,9.806922980002488188e-01,-1.717217244528966402e+00
-9.709341633287636997e-01,-1.419988427109388773e-01,-1.926737635222510181e-01,-2.917134059775444710e-02,1.420136114003580641e-01,-9.897684181269914561e-01,1.380625421404895609e-02,7.687407336930006885e+00,-1.926628782565602271e-01,-1.395733309587180067e-02,9.811657394114141617e-01,-1.726494306736404472e+00
-9.823672887541985421e-01,-1.088950280368793239e-01,-1.519749415350208910e-01,-4.314604636408049809e-01,1.164594564790893128e-01,-9.923168257749698240e-01,-4.176735903172723585e-02,7.715836720087072109e+00,-1.462590338485821317e-01,-5.872980634003108213e-02,9.875014455001774882e-01,-1.738662021655282386e+00
-9.821986996879493725e-01,-9.391561086193297991e-02,-1.626824279623715896e-01,-6.797962171269118503e-01,1.020353570023610629e-01,-9.938819428685536916e-01,-4.227847633526511661e-02,7.722275309696254197e+00,-1.577165186424770993e-01,-5.812522409643670201e-02,9.857722648112161590e-01,-1.752541489348309112e+00
-9.660401128903669532e-01,-1.994433610798342082e-01,-1.642828232285615531e-01,-1.042989544330984675e+00,1.991426487151738145e-01,-9.797964622839646642e-01,1.846883749818199749e-02,7.751265016644314443e+00,-1.646472160392410955e-01,-1.487407869444505766e-02,9.862403642284760519e-01,-1.844080739589832429e+00
-9.557423718883945041e-01,-2.394521229737783530e-01,-1.709362436129251983e-01,-1.258429967028723118e+00,2.293737895566069218e-01,-9.703074688150995497e-01,7.675337533996778872e-02,7.766178290430842068e+00,-1.842394725393770027e-01,3.414815902779268220e-02,9.822880025702354079e-01,-1.845246982990023321e+00
-9.505820191234065630e-01,-2.567459712754089907e-01,-1.745718509757950843e-01,-1.623113669219698574e+00,2.496439998623323775e-01,-9.663588136211485047e-01,6.187500844011301071e-02,7.813543454675107469e+00,-1.845852059402480205e-01,1.523645531531165644e-02,9.826984034674213220e-01,-1.875982500311243140e+00
-9.320712803957122983e-01,-3.289377430582853812e-01,-1.517995041270553402e-01,-1.960206193155850540e+00,3.267753265079155756e-01,-9.442676079946301648e-01,3.970605089588311043e-02,7.862162555679569564e+00,-1.564001734242745911e-01,-1.259546282687535115e-02,9.876134568083970722e-01,-1.901294849970792900e+00
-8.807343714418791603e-01,-4.589512313269083488e-01,-1.169219150732396934e-01,-2.173412703972571247e+00,4.575920945285779640e-01,-8.882702193516570643e-01,3.981824252663623137e-02,7.892674727997927242e+00,-1.221328865859954843e-01,-1.843324921103926817e-02,9.923425685405691254e-01,-1.966367233355136079e+00
-8.481127931633768435e-01,-5.007693263607070344e-01,-1.730166808399124234e-01,-2.472642385154559808e+00,5.006400368064661821e-01,-8.643450281850277861e-01,4.761539455098316026e-02,7.922038813045184646e+00,-1.733904369307489035e-01,-4.623585219361600607e-02,9.837672500916526674e-01,-2.001126057245357970e+00
-8.871015654730252109e-01,-4.318274725270151437e-01,-1.630210002000939129e-01,-2.712301083646331268e+00,4.348857001699245051e-01,-9.002993297577210896e-01,1.831787721093290980e-02,7.959085815618486492e+00,-1.546778598346350564e-01,-5.464568426445818444e-02,9.864525375649069172e-01,-2.026752669164702869e+00
-9.669508528929872115e-01,-1.878985931437482937e-01,-1.723373632852896742e-01,-2.976723002457819955e+00,1.870717964463008698e-01,-9.821179843228771134e-01,2.117564270393544265e-02,7.965902969262418587e+00,-1.732344973262521237e-01,-1.176365437147059399e-02,9.848103499516783765e-01,-2.045967095897220922e+00
-9.859589059173542447e-01,-5.950533455499634750e-02,-1.560261228184338100e-01,-3.142638334367846564e+00,6.128028504880603938e-02,-9.980988664625718432e-01,-6.586306284128866373e-03,7.890363936755524499e+00,-1.553375759647099563e-01,-1.605515261931008894e-02,9.877309702382408574e-01,-2.077635466699472744e+00
-9.398972084178267572e-01,3.002904919270468209e-01,-1.625387894214485596e-01,-3.304344596857651251e+00,-3.022688941115025951e-01,-9.531338527290628138e-01,-1.301439335753115135e-02,7.729274676319721316e+00,-1.588293211626481960e-01,3.689822814264844680e-02,9.866163223355588485e-01,-2.115373932374362553e+00
-7.914040080057425097e-01,6.012459097232309979e-01,-1.103768642131700423e-01,-3.365877420019412813e+00,-6.004942062014160253e-01,-7.984347728494312069e-01,-4.368777659037448302e-02,7.633580710655754054e+00,-1.143958234857399975e-01,3.170598596420720616e-02,9.929291646552914630e-01,-2.125447252095537642e+00
-3.925393926067584638e-01,9.181083193211331261e-01,-5.468033691596045631e-02,-3.341408852442533384e+00,-9.171757187430148450e-01,-3.951868655734164237e-01,-5.114726020516408705e-02,7.381144987717042305e+00,-6.856767605916076758e-02,3.007416285757148061e-02,9.971930698356563649e-01,-2.112267585056540220e+00
-1.900690848351024864e-01,9.810757975498324290e-01,-3.693267458373993700e-02,-3.239118215474088291e+00,-9.810618212879977929e-01,-1.912267065860424331e-01,-3.082287298962219785e-02,7.217817241339797185e+00,-3.730208842713353401e-02,3.037476173103500349e-02,9.988422938826505559e-01,-2.069419413497818994e+00
1.724792392073411229e-01,9.845081071212010704e-01,-3.153884993287005278e-02,-3.018263376697950751e+00,-9.849666486236515750e-01,1.720715357925821365e-01,-1.523442381832162615e-02,7.128733976724597632e+00,-9.571475411377304912e-03,3.369233714976990063e-02,9.993864183967249293e-01,-2.005254440439018015e+00
4.433996860583223065e-01,8.962960672615539748e-01,7.076596276093677536e-03,-2.853183641410538485e+00,-8.958726840975600458e-01,4.434131242818789564e-01,-2.823003900844446926e-02,7.051570008868432105e+00,-2.844032860597314402e-02,6.177461133620009565e-03,9.995764036244177975e-01,-2.002009388171774873e+00
7.877132787280626269e-01,6.160377638062716210e-01,-2.294358310152692405e-03,-2.575584202177190196e+00,-6.154398230972701889e-01,7.871024279763044751e-01,4.127459290906590472e-02,7.027533472881238197e+00,2.723260291428407018e-02,-3.110050543604377452e-02,9.991452066142005872e-01,-1.935587660391842268e+00
9.010576037323138054e-01,4.334837848215856715e-01,1.367490595709568851e-02,-2.386070746990353708e+00,-4.336721157326032805e-01,9.001989972585803246e-01,3.962652357519904495e-02,7.035051096169134155e+00,4.867318788516398695e-03,-4.163620577576852833e-02,9.991209814513990484e-01,-1.925632973334374443e+00
9.370761941383957128e-01,3.485072739714085155e-01,-2.075780258406596107e-02,-2.160056768955838535e+00,-3.488544260217645854e-01,9.370336735272032369e-01,-1.638548507496302362e-02,7.051624206774895320e+00,1.374029927352549314e-02,2.259589929909550793e-02,9.996502535940944290e-01,-1.907099637711525464e+00
9.336151963679570898e-01,3.582516250707051264e-01,4.293977762126715940e-03,-1.987957563824984675e+00,-3.577937387983879947e-01,9.329105117486198306e-01,-4.076294328923039251e-02,7.052280941525310709e+00,-1.860928766753426264e-02,3.652054494568248572e-02,9.991596189845621812e-01,-1.856930836972913612e+00
8.937747966866245175e-01,4.480701430325587098e-01,-1.999399236188681428e-02,-1.684056594036774657e+00,-4.485107040378488730e-01,8.926588603179269610e-01,-4.470243236530652142e-02,6.980855476639769464e+00,-2.182010828858685532e-03,4.892142698945684681e-02,9.988002467010389518e-01,-1.886979984073042793e+00
8.086559976194658272e-01,5.870659825654280795e-01,-3.780224369739039469e-02,-1.508342802526768667e+00,-5.882596454221171722e-01,8.063966429911834100e-01,-6.062213902855001502e-02,6.842923634959866774e+00,-5.105593198903248323e-03,7.125999078754556570e-02,9.974447085583464379e-01,-1.826958052738825389e+00
5.541735495517813304e-01,8.290138532114577075e-01,-7.501805223193415417e-02,-1.273951623547041612e+00,-8.318879337068423307e-01,5.484139470957748452e-01,-8.487996456051839778e-02,6.581658440597114357e+00,-2.922572035281515573e-02,1.094448437082676528e-01,9.935631250481926635e-01,-1.827627964720493381e+00
3.101377036210797300e-01,9.447677389947658488e-01,-1.059647306765950647e-01,-1.214274753774720716e+00,-9.481926491132188772e-01,2.993187069872329520e-01,-1.064847961689786016e-01,6.388717665920734312e+00,-6.888617394151545781e-02,1.334999288472152879e-01,9.886518416700017520e-01,-1.823931902966700269e+00
5.959894212738891389e-02,9.952035381132214864e-01,-7.757502062019555611e-02,-1.181456860398229169e+00,-9.960477335787801811e-01,5.416234194767031995e-02,-7.039426927897284025e-02,6.158128191857416667e+00,-6.585498105589999984e-02,8.146384745193045729e-02,9.944982468704779421e-01,-1.870950026414614387e+00
-3.751306918759272913e-02,9.988304469081741299e-01,-3.050422871252328472e-02,-1.202874794307867923e+00,-9.987103294989208013e-01,-3.851868203515852740e-02,-3.307550281451386576e-02,5.943437079053763838e+00,-3.421180194443900618e-02,2.922412468309961917e-02,9.989872387294140843e-01,-1.792557710086308820e+00
-2.947135253899720031e-02,9.952607985794817980e-01,-9.266812931345957960e-02,-1.168056739607364447e+00,-9.983317895245864548e-01,-3.391313659535820368e-02,-4.672833391961230681e-02,5.591047621745549812e+00,-4.964954586056578162e-02,9.113639216689717326e-02,9.945999600938254526e-01,-1.777279123531948279e+00
-1.232740528100753075e-01,9.775229504229537847e-01,-1.710332988051861680e-01,-1.155204878016404368e+00,-9.908523079691914370e-01,-1.307798847676556186e-01,-3.329152342994978753e-02,5.358578204720181759e+00,-5.491094331649375854e-02,1.653647578432714815e-01,9.847026379407780583e-01,-1.707218940123419015e+00
-2.021307893597143746e-01,9.608604041950868924e-01,-1.894476910465657526e-01,-1.168421323393995737e+00,-9.762878006981184908e-01,-2.129975132077568112e-01,-3.865474841909945919e-02,4.985154777413753457e+00,-7.749370426590528049e-02,1.771421548287344105e-01,9.811296462658638529e-01,-1.770588874420801373e+00
-2.042207077699700613e-01,9.663851944249172154e-01,-1.561843734637029524e-01,-1.164387695993792438e+00,-9.780521525694821916e-01,-2.081604644905075685e-01,-9.121835193646040188e-03,4.715366176650241492e+00,-4.132661820348715320e-02,1.508935950244831015e-01,9.876857970065421322e-01,-1.723296508067085453e+00
-1.629757392585328979e-01,9.777037525770548854e-01,-1.324170706890983318e-01,-1.176954364986310786e+00,-9.861133881479916541e-01,-1.657596266062187629e-01,-1.020450403777270650e-02,4.336774636641032465e+00,-3.192638608463247568e-02,1.289151596365361863e-01,9.911415577441292646e-01,-1.692945471869272911e+00
-1.812333370439713209e-01,9.688611457204459043e-01,-1.687084996589476860e-01,-1.173903103076832766e+00,-9.818515399478361383e-01,-1.880049842157450191e-01,-2.493349979649597120e-02,4.074298990661651132e+00,-5.587513799509618434e-02,1.611279188201225343e-01,9.853505785915603887e-01,-1.639077717981298088e+00
-2.104122621318692543e-01,9.597414663611432140e-01,-1.860725602863415595e-01,-1.186726072177430646e+00,-9.729783769535119697e-01,-2.240974684775504377e-01,-5.561836569753402654e-02,3.690369217380411460e+00,-9.507764156446714410e-02,1.693417915604932822e-01,9.809605495154323229e-01,-1.667763310218545847e+00
-1.870612851600962911e-01,9.714061892472967141e-01,-1.462124860820724626e-01,-1.210905818893549535e+00,-9.818780083015979931e-01,-1.894938926480109476e-01,-2.764319589519045883e-03,3.425180229476773253e+00,-3.039165029975156654e-02,1.430457274480816943e-01,9.892493454387041307e-01,-1.719470755827096964e+00
-1.321407504676396227e-01,9.898377461975456093e-01,-5.253625670348383708e-02,-1.213580945854316750e+00,-9.912109904181235498e-01,-1.322888173361499442e-01,6.642906948201765440e-04,3.015314750450436954e+00,-6.292419262391690457e-03,5.216229491086342429e-02,9.986187963629846731e-01,-1.724478305009794044e+00
-1.178037868488248374e-01,9.913833020760429715e-01,-5.728364660948183362e-02,-1.206935625997810124e+00,-9.930110171922629236e-01,-1.180209748251177942e-01,-4.113831765687179544e-04,2.761094907004915999e+00,-7.168510226394057480e-03,5.683482969211819252e-02,9.983578589839415818e-01,-1.752373539264687308e+00
-1.362618997695093648e-01,9.868597785497938979e-01,-8.683589207152786482e-02,-1.209381800428968923e+00,-9.884328983809947955e-01,-1.413215712913341304e-01,-5.503288912910203612e-02,2.390436317869264027e+00,-6.658152949093408546e-02,7.833256646122345457e-02,9.947014169901657876e-01,-1.711883201629937901e+00
-1.410815163035151754e-01,9.893171230580665165e-01,-3.671015910635083701e-02,-1.185972406013212188e+00,-9.898392933318248543e-01,-1.416257959279479950e-01,-1.266125207594289738e-02,2.165829428308965632e+00,-1.772509898016356653e-02,3.455088930675438708e-02,9.992457440060745766e-01,-1.752573049507189618e+00
-9.804070526791383577e-02,9.949140652829248088e-01,2.310893361400083099e-02,-1.181735000285803361e+00,-9.951809169067312721e-01,-9.797396052905545105e-02,-4.005706296058004871e-03,1.829586136537306951e+00,-1.721259785574049544e-03,-2.339029201307932238e-02,9.997249279198210381e-01,-1.722831318261905276e+00
-8.721164999440765564e-02,9.961545760330969834e-01,-8.377872855099876073e-03,-1.136882624576223577e+00,-9.961882048626263808e-01,-8.719335101501717034e-02,2.525872394136973245e-03,1.589202025681090813e+00,1.785664535281053164e-03,8.566223619257648178e-03,9.999617148746597906e-01,-1.677715700028747037e+00
-5.454643468394636957e-02,9.933088373907119628e-01,-1.017950884118908189e-01,-1.110819168737452012e+00,-9.981224164163186030e-01,-5.139636287231747619e-02,3.331749886692493556e-02,1.276148513373257742e+00,2.786266876163406153e-02,1.034213104007665335e-01,9.942473053745057854e-01,-1.646148171458566178e+00
-7.577825018385059286e-02,9.921948740349992857e-01,-9.903024153130338125e-02,-1.106670050986146236e+00,-9.971122082323060631e-01,-7.490563167531934241e-02,1.250562023320435368e-02,1.174630785732621252e+00,4.990089495151738691e-03,9.969191683379263758e-02,9.950058395430814162e-01,-1.616830546949368008e+00
-9.799149379272353855e-02,9.931721884492034080e-01,-6.329827197714811560e-02,-1.116567942461015095e+00,-9.951859133570171156e-01,-9.768861298582341701e-02,7.869736251432732713e-03,1.074273559048068094e+00,1.632482781506195465e-03,6.376471582253187553e-02,9.979636245956250429e-01,-1.571403936715629612e+00
-9.695184826605081352e-02,9.936882796104553606e-01,-5.642643070948911987e-02,-1.119616863589510292e+00,-9.952666891210599776e-01,-9.641351212666267323e-02,1.219230107102921810e-02,1.065701095126119879e+00,6.675076314289831413e-03,5.734141299460480262e-02,9.983323122647981274e-01,-1.537193506684119360e+00
-8.691392171851894388e-02,9.939310077095209195e-01,-6.743235221350427078e-02,-1.130980307510817351e+00,-9.961878876806466998e-01,-8.721907777633083891e-02,-1.588996607633802504e-03,1.046012285730000491e+00,-7.460740571823275789e-03,6.703718658614152281e-02,9.977225831686544755e-01,-1.562505845647774505e+00
-8.583843061796082863e-02,9.943438356365826847e-01,-6.254678537364487256e-02,-1.139761496001181484e+00,-9.961642401859001072e-01,-8.672705123027875385e-02,-1.162863533482448412e-02,1.028782098909237330e+00,-1.698736012143802973e-02,6.130868712043782698e-02,9.979742854801774143e-01,-1.556590541773842595e+00
-5.205393741961032716e-02,9.980322961003050830e-01,-3.495602294127581749e-02,-1.130456297723759995e+00,-9.986433267884208265e-01,-5.207022013073265426e-02,4.450129140176904198e-04,9.723331125683239984e-01,-1.376030549076050560e-03,3.493176371574555072e-02,9.993887524000022449e-01,-1.549949820410717383e+00
3.467394736566948438e-02,9.993986719428019638e-01,1.090552576499278874e-04,-1.093220599536164572e+00,-9.993296544916410173e-01,3.467283486633535722e-02,-1.174887977427544090e-02,9.061469259259171682e-01,-1.174559609816649280e-02,2.983978859514491893e-04,9.999309735831758417e-01,-1.537567022269261008e+00
1.954137679436773190e-01,9.807182065363810874e-01,-2.293178170429464261e-03,-9.739252470755620505e-01,-9.797971851055747861e-01,1.951277208588777234e-01,-4.384801719135029974e-02,7.044558930949254005e-01,-4.255508615015823892e-02,1.081535577255367947e-02,9.990355813094262682e-01,-1.538844117444777559e+00
2.508262669417631319e-01,9.675756972907132436e-01,-2.972295113968710309e-02,-8.633859673558336167e-01,-9.680230859581759884e-01,2.508383099216265344e-01,-3.383389967614729762e-03,5.594227114177052762e-01,4.181968922640858129e-03,2.962114596120939830e-02,9.995524492731096000e-01,-1.529124548074867196e+00
4.874351462615598152e-01,8.731504118570545536e-01,-3.916179621849448338e-03,-6.569058744173540410e-01,-8.726273991544004627e-01,4.872898862383265306e-01,3.271068655449788087e-02,4.319954963005459558e-01,3.046966415960664087e-02,-1.252697264697123433e-02,9.994571899397693970e-01,-1.461229793253414844e+00
6.728495098647390149e-01,7.397132486042838906e-01,9.891759908140188018e-03,-4.852215815178231306e-01,-7.393279441769651239e-01,6.719117417381261781e-01,4.391813148918220777e-02,3.158998951587346227e-01,2.584043408775928141e-02,-3.686354776384822424e-02,9.989861614719275362e-01,-1.449812994639305019e+00
8.796408057476622355e-01,4.740150459948525574e-01,-3.926562152958391894e-02,-2.497184176978139436e-01,-4.639462616163730346e-01,8.732802818462506167e-01,1.487797555809464434e-01,2.569609844509667673e-01,1.048137357210284504e-01,-1.126556057594693683e-01,9.880904793060030222e-01,-1.409524086429139178e+00
9.410557664499635822e-01,3.360005852212598065e-01,-3.895704252437157122e-02,-1.410766744136289219e-01,-3.259338156533077568e-01,9.315499649504936919e-01,1.611887422074224641e-01,2.583702125459118037e-01,9.044994331092599815e-02,-1.389901778245741237e-01,9.861544190558297895e-01,-1.385140048433854520e+00
9.761772696145369910e-01,2.128034772376143358e-01,-4.233932407928678310e-02,-7.926291573766341969e-02,-2.081924694792675057e-01,9.736149838313233884e-01,9.343317885664231826e-02,2.252142787118369127e-01,6.110510567894158335e-02,-8.239261699153348217e-02,9.947248980121334849e-01,-1.416195914402942124e+00
9.828553088874590893e-01,1.832901247799711142e-01,-2.000429828519595735e-02,-6.638005411935389566e-02,-1.816293076197892375e-01,9.811508882511730256e-01,6.598279395032712047e-02,2.042103646881399670e-01,3.172122956784830666e-02,-6.121817248234595610e-02,9.976202177946391636e-01,-1.439204922892934446e+00
9.831595828030231798e-01,1.821340681416592777e-01,-1.498051950895013147e-02,-4.793416825050976493e-02,-1.805379596328756386e-01,9.807082999446651295e-01,7.494848598366896097e-02,2.093566388102192088e-01,2.834219247317442889e-02,-7.098176978503532852e-02,9.970748760669859712e-01,-1.426926331565406603e+00
9.844559365873389867e-01,1.738987613289131873e-01,-2.461157707701643049e-02,-5.452373399954333483e-02,-1.713125573929500101e-01,9.816572309645424932e-01,8.367250787753059693e-02,2.161203264557292059e-01,3.871067808028092611e-02,-7.815562489864795459e-02,9.961893302476514389e-01,-1.410808500467353399e+00
9.871253747326231842e-01,1.590075557578804755e-01,-1.732315707040069444e-02,-3.093088943646962741e-02,-1.573410996425089470e-01,9.847980516145706797e-01,7.359739057488920433e-02,2.056849801158458502e-01,2.876235251621528377e-02,-6.992420716784349122e-02,9.971375694103994380e-01,-1.401199074900015606e+00
9.892127220466090387e-01,1.451686792468096787e-01,-1.960217097359959540e-02,-1.120889163556390566e-02,-1.434583683917426966e-01,9.871198351312908681e-01,7.081050507342531719e-02,2.036769795712815856e-01,2.962915927798398172e-02,-6.723455700836922233e-02,9.972971609627522271e-01,-1.386467126714017617e+00
9.910826992619103937e-01,1.313104770942931654e-01,-2.264159510719133267e-02,3.496248949021108637e-02,-1.289945379986064677e-01,9.880830320575071379e-01,8.397815743734217409e-02,1.938398665991662440e-01,3.339898786272938597e-02,-8.030865685163858514e-02,9.962103328335982777e-01,-1.407193606769134409e+00
9.957241018819761313e-01,9.133518990334280052e-02,-1.383459492199119907e-02,1.168600737546582613e-01,-9.010744337184715957e-02,9.932998581874309396e-01,7.236048903801552135e-02,1.849385234981248960e-01,2.035096018188065417e-02,-7.080448298061234325e-02,9.972825896452426342e-01,-1.443444586033876931e+00
9.970705369591335021e-01,7.646669699755376248e-02,-1.785659069535334292e-03,3.195167244906086390e-01,-7.614622606032867003e-02,9.945537140860800651e-01,7.116643910127165573e-02,2.059686180615498685e-01,7.217796394850052241e-03,-7.082198844899842416e-02,9.974628561341671862e-01,-1.436283512253124339e+00
9.930232770555137423e-01,1.138035570273437241e-01,-3.087914561408282993e-02,5.011996873247616113e-01,-1.112114630039113539e-01,9.909173588461728244e-01,7.559628584696856390e-02,2.202427959942142022e-01,3.920180764277447771e-02,-7.163475654492861000e-02,9.966602630446773636e-01,-1.403081054131394723e+00
9.936742640839166807e-01,9.344092879592164058e-02,-6.229165050827679961e-02,7.708570191624319889e-01,-8.750824806429693958e-02,9.919075379101661705e-01,9.198773156085364444e-02,2.267928533086065179e-01,7.038297676290163063e-02,-8.595480825846681106e-02,9.938098447486022335e-01,-1.464898116357187474e+00
9.929263728228824304e-01,9.237385326592364998e-02,-7.459416455462986040e-02,9.809343480586036890e-01,-8.378074810681641893e-02,9.902719082152755536e-01,1.110960577443733249e-01,2.182203378836625463e-01,8.413087661173901388e-02,-1.040606507402516423e-01,9.910062444647124158e-01,-1.515676794663373572e+00
9.933156286804755153e-01,5.542900526027305652e-02,-1.012506157757655373e-01,1.351392008909757525e+00,-4.067979696250467736e-02,9.889836810089491781e-01,1.423250955280923324e-01,1.975905229658030393e-01,1.080241451630348931e-01,-1.372548872494083194e-01,9.846277875359528142e-01,-1.466254972391112466e+00
9.973696959848307175e-01,9.173740467822287525e-03,-7.189945769586149338e-02,1.559471188413779297e+00,-1.553646014633110152e-03,9.944361546055128231e-01,1.053295808282931623e-01,2.149908583279086793e-01,7.246568646739770525e-02,-1.049408257030203795e-01,9.918347379405374475e-01,-1.455833690812704306e+00
9.964903774730519137e-01,5.873962045084281380e-02,-5.963710751628584217e-02,1.904389624074691145e+00,-5.695691324889133600e-02,9.978900602665713437e-01,3.116629035254716434e-02,2.409350342749068674e-01,6.134197287972006918e-02,-2.766016287862431075e-02,9.977334702979293590e-01,-1.416710719445371192e+00
9.929579463001179107e-01,1.004735580107350007e-01,-6.276608176490711122e-02,2.110844891720208061e+00,-9.819148301038821414e-02,9.944244743198912273e-01,3.844993547238952786e-02,2.414534796752088597e-01,6.627932968638139410e-02,-3.201607431078815763e-02,9.972873314356537344e-01,-1.423012017103774562e+00
9.890945157106176833e-01,9.421644854019976811e-02,-1.132046810677626164e-01,2.465703673009024488e+00,-8.897832546533790410e-02,9.947537227153843142e-01,5.047661578662793885e-02,2.317138527296424833e-01,1.173665053947088865e-01,-3.985338088993820721e-02,9.922886734429011701e-01,-1.361183190267511334e+00
9.901234895988165752e-01,9.915545622909517631e-02,-9.911443307947413739e-02,2.702113182501080679e+00,-9.641840446081181848e-02,9.948248921109188458e-01,3.204567549190147357e-02,2.198200709836490019e-01,1.017790087684917882e-01,-2.217272054803171022e-02,9.945599045998182453e-01,-1.273023185197806439e+00
9.912295637411175919e-01,8.024699979023214302e-02,-1.049970046728158496e-01,3.022178527492548117e+00,-8.036161167673795680e-02,9.967608126907111510e-01,3.145417758014711507e-03,2.290961449913523629e-01,1.049093100459339428e-01,5.319897444677102079e-03,9.944675637530173695e-01,-1.181520770654844288e+00
9.918068654071791057e-01,9.715243786097377265e-02,-8.294905393588568321e-02,3.235600995338504315e+00,-9.942635944758113076e-02,9.947619779579304211e-01,-2.372775286934342143e-02,2.713917864680618353e-01,8.020935592678138382e-02,3.178067064896588495e-02,9.962712723926703262e-01,-1.110684496509275920e+00
9.933572404003633283e-01,9.807822706979160698e-02,-6.018350537335206279e-02,3.574091962315669058e+00,-9.760917543735217472e-02,9.951673897131596558e-01,1.069183435799155903e-02,2.487467455235143066e-01,6.094129810414259524e-02,-4.746348738249763465e-03,9.981300668545329824e-01,-1.025647014108413080e+00
9.959506018550414730e-01,7.229447238277980636e-02,-5.344069542473376538e-02,3.808614128706754087e+00,-6.874707217770539835e-02,9.954829857414237981e-01,6.547873827690743609e-02,2.243626337843294682e-01,5.793305387753139996e-02,-6.153969745000338609e-02,9.964219120965689402e-01,-1.006821547724108035e+00
9.968701871232750200e-01,5.348716714127582650e-02,-5.821471442866463231e-02,4.133684409364974499e+00,-4.720628573564011887e-02,9.934164464804992045e-01,1.043806996005727655e-01,2.521239456372822429e-01,6.341448266646040888e-02,-1.013059070995425692e-01,9.928321693896111633e-01,-9.844741982334642705e-01
9.964693980710299659e-01,2.274407907472633314e-02,-8.081735936669116882e-02,4.349942344122741389e+00,-1.438527566382416870e-02,9.946244541107509551e-01,1.025439375534648451e-01,2.941327903392294552e-01,8.271518936711753922e-02,-1.010193157368216854e-01,9.914400109416725559e-01,-9.130594144938773971e-01
9.965016012149592317e-01,6.120320298934048275e-02,-5.690981215810923810e-02,4.665174388276045470e+00,-5.284424028393241990e-02,9.889823060924626263e-01,1.382804559757130347e-01,3.419070951992519980e-01,6.474600408395608797e-02,-1.347893400083354509e-01,9.887566883593128519e-01,-8.433643680028970468e-01
9.966110575418353212e-01,2.523436542992206835e-02,-7.829193308826347397e-02,4.914193107308490127e+00,-1.588767294579737296e-02,9.929119322146870985e-01,1.177857237277370878e-01,3.353960575332148308e-01,8.070924255446437767e-02,-1.161426780604293274e-01,9.899479261553275622e-01,-8.885818754566364719e-01
9.991900713293356828e-01,6.894468021255275919e-04,-4.023339433838040574e-02,5.297178427619646968e+00,3.274813450136481591e-03,9.951432918866907062e-01,9.838243852329682515e-02,3.231903123205199235e-01,4.010582194329674610e-02,-9.843451262657038070e-02,9.943350389935075029e-01,-7.532873004858349208e-01
9.987995523675606835e-01,1.125340870218088755e-02,-4.767404936593217651e-02,5.511133141513685274e+00,-7.775404724242787786e-03,9.973365834745429037e-01,7.252090970680735715e-02,3.135581411428076115e-01,4.836318095140045015e-02,-7.206316712378341149e-02,9.962268329413485057e-01,-7.492212483723456051e-01
9.981772129463447607e-01,5.931638891060740659e-02,-1.112733396983383617e-02,5.842981786008645706e+00,-5.957520440853213833e-02,9.979210906981764717e-01,-2.458234649999866545e-02,2.874942167404304083e-01,9.646065226410666799e-03,2.520045131282490358e-02,9.996358790476037592e-01,-6.620947329857507224e-01
9.937533821639384923e-01,1.113826730174561630e-01,-6.936540147856421271e-03,6.046843500916571301e+00,-1.114184365833944951e-01,9.937609966810929674e-01,-5.001346290284653349e-03,2.878007243044727881e-01,6.336199732354818974e-03,5.742963249915699481e-03,9.999634348045229881e-01,-6.123541298844163983e-01
9.976599216252700630e-01,5.208836600423696894e-02,-4.428863183337085341e-02,6.376502103602825322e+00,-5.062787685834395368e-02,9.981561512283564364e-01,3.348306810633245451e-02,2.799410102896568997e-01,4.595104860043484896e-02,-3.116247570405252659e-02,9.984575109840740925e-01,-5.333312659225217800e-01
9.984259998777285094e-01,3.152008999152082491e-02,-4.638972618034877676e-02,6.603134021339214677e+00,-2.908122079217699898e-02,9.982057379877664616e-01,5.234106653037910728e-02,2.936770945522954035e-01,4.795628598419546945e-02,-5.090961181572078303e-02,9.975512047305503671e-01,-5.601406665224053505e-01
9.943809384406210317e-01,8.145424581051494139e-02,-6.761475508639391840e-02,6.927635392494034150e+00,-7.908438811422111026e-02,9.961802901486487283e-01,3.702011717911959238e-02,3.101578230581656381e-01,7.037193206493597142e-02,-3.146482732825404277e-02,9.970244509632895102e-01,-5.570181831173151021e-01
9.926364381262894332e-01,1.158072948513495931e-01,-3.551861713480337218e-02,7.224889217072614223e+00,-1.131562526615186581e-01,9.911594016753736414e-01,6.927267104797014963e-02,3.657461249305765105e-01,4.322689194886149971e-02,-6.474342383385725541e-02,9.969652576106694530e-01,-5.223616277301471600e-01
9.930072267266719654e-01,8.950745256483767787e-02,-7.697443474271334352e-02,7.445224563757818714e+00,-8.259317566004288624e-02,9.926235742615395763e-01,8.875137832528404158e-02,3.707870838596287744e-01,8.435054832658819834e-02,-8.177319704892208052e-02,9.930750874135346740e-01,-4.791996907225914426e-01
9.965350099097014525e-01,4.934609641911985589e-02,-6.695473689343535428e-02,7.780569402458847428e+00,-4.229292542051153736e-02,9.937868036210792955e-01,1.029519179421931607e-01,3.486039210600810900e-01,7.161900923392643115e-02,-9.976347887276168502e-02,9.924303329703059173e-01,-4.698393791394865904e-01
9.944821548108370157e-01,7.553356236100833287e-02,-7.280058186479777815e-02,8.085687366162940037e+00,-6.733240200334678072e-02,9.917384623492175866e-01,1.091841102801673902e-01,3.604723323599191009e-01,8.044620191940125842e-02,-1.036798112183262566e-01,9.913520592314682967e-01,-4.176589859743676802e-01
9.898875211668910490e-01,1.210267449585327310e-01,-7.399474604871118799e-02,8.272735073521415572e+00,-1.135820149217701830e-01,9.887154786465784939e-01,9.767716299617128228e-02,3.989371587582853373e-01,8.498129985109427464e-02,-8.828493240305654299e-02,9.924635758486070047e-01,-4.204099990963340860e-01
9.912427017166846044e-01,1.208710501496012696e-01,-5.317984137945010181e-02,8.561388037660798034e+00,-1.162098270225367658e-01,9.897159372295141200e-01,8.341246727737558486e-02,4.444787603820661293e-01,6.271508906796520455e-02,-7.650197925308802049e-02,9.950951033813576485e-01,-3.595272117112914834e-01
9.875460494085390728e-01,1.368692065927562818e-01,-7.758621388017276910e-02,8.794842717020054934e+00,-1.271159627315859297e-01,9.847072569988483126e-01,1.191350075864726771e-01,4.506706799442223854e-01,9.270562181665349677e-02,-1.077888598161999278e-01,9.898420224374741005e-01,-4.070851516907057488e-01
9.927875317535463928e-01,1.078495761268671305e-01,-5.235824408781897948e-02,9.099176088674795437e+00,-9.999452724713490948e-02,9.858379243757066090e-01,1.346279368601606408e-01,4.534014687632780261e-01,6.613630860069523443e-02,-1.284213992754189571e-01,9.895119670286028901e-01,-3.247225779870677176e-01
9.874310618197889022e-01,1.274817779421882902e-01,-9.342534156290857594e-02,9.293474598495480521e+00,-1.121953439410863090e-01,9.817166768911751440e-01,1.537679131408508371e-01,4.581932313905630605e-01,1.113198228142172341e-01,-1.413533254170186715e-01,9.836804025912886384e-01,-3.010194709009010317e-01
9.830011932347770820e-01,1.634762386109613608e-01,-8.357136775606609225e-02,9.579536926919274720e+00,-1.521167882767492374e-01,9.800577175960801801e-01,1.278567671448460896e-01,5.079262689485372073e-01,1.028063073131898070e-01,-1.129707466115762726e-01,9.882653862129578970e-01,-2.699997729672802826e-01
9.841091227121552265e-01,1.589049631205823876e-01,-7.923665370497363913e-02,9.780769733558265955e+00,-1.477281248961212490e-01,9.802924367120147142e-01,1.311607397047580004e-01,5.252698727556623925e-01,9.851718484300764356e-02,-1.173709982102470184e-01,9.881894621325085781e-01,-2.272404078273217998e-01
9.895894936350675408e-01,9.901206256761362068e-02,-1.044473338731107398e-01,1.011188788886019374e+01,-8.367056095730671106e-02,9.862913881641972580e-01,1.422270539040759174e-01,5.135394736566293306e-01,1.170976998757174842e-01,-1.320072312384829305e-01,9.843079902066039777e-01,-2.072350104449603436e-01
9.925769028945475858e-01,9.543467838870360598e-02,-7.538775763422270182e-02,1.038001321776352270e+01,-8.508374490807006640e-02,9.878218825062033970e-01,1.302639044183818984e-01,5.246765603824996571e-01,8.690137048798450559e-02,-1.228826700668065319e-01,9.886091245808731331e-01,-2.114208135124326648e-01
9.919862002797815714e-01,1.116361360198640379e-01,-5.916714957676577624e-02,1.059240613470566572e+01,-1.066539270433762981e-01,9.909449481944671012e-01,8.156622765638615880e-02,5.312994907996285709e-01,6.773712645743817928e-02,-7.460216338968868321e-02,9.949101461523373047e-01,-1.755849598580523363e-01
9.959570983153034351e-01,5.339580865493258333e-02,-7.223811966995503930e-02,1.088879478779594656e+01,-4.688878155460217412e-02,9.949313693797905422e-01,8.895511445882038626e-02,5.750529211071598867e-01,7.662180159517054112e-02,-8.520832026359215217e-02,9.934126240783158757e-01,-1.278236792102161457e-01
9.894312893881479498e-01,-1.134298281958255883e-01,-9.032938422892328179e-02,1.110008683664987039e+01,1.243668942743267475e-01,9.841479309433666112e-01,1.264346694085570766e-01,6.405363620663774293e-01,7.455601376327482266e-02,-1.363324029545356919e-01,9.878536717127543998e-01,-1.279237473043385032e-01
8.835401411796243165e-01,-4.568976749749261157e-01,-1.029627773848421635e-01,1.135328854799294973e+01,4.683341556366571456e-01,8.639820728995577515e-01,1.849272731975595274e-01,8.187254950995467295e-01,4.465152673034274156e-03,-2.116116544774690189e-01,9.773436294880692987e-01,-1.493224542743348260e-01
7.413359745441008286e-01,-6.587284121363115030e-01,-1.284439640120400294e-01,1.144269112722561665e+01,6.702654824919737075e-01,7.169569946281753037e-01,1.916164158769764481e-01,9.932447727902111723e-01,-3.413437895368937741e-02,-2.281436979145170241e-01,9.730289293106002546e-01,-2.095346713277011774e-01
4.475179541151230178e-01,-8.898212864686546597e-01,-8.913898637457898233e-02,1.148456136130155691e+01,8.854753402402595341e-01,4.269588160287565159e-01,1.834109899698526946e-01,1.351035739416578174e+00,-1.251443269629691768e-01,-1.610100852822397566e-01,9.789865422294572461e-01,-2.559645663981853225e-01
3.038356343809042737e-01,-9.445938413735083250e-01,-1.242029875630904917e-01,1.147539988245756426e+01,9.352313753274746899e-01,2.708443409932466128e-01,2.280035472421785836e-01,1.596047073989856901e+00,-1.817310702203568107e-01,-1.854341332958338584e-01,9.657059595577652811e-01,-3.312561317570579256e-01
1.209609384056072323e-01,-9.637141096604960877e-01,-2.379570680213486944e-01,1.144428912213277449e+01,9.782263340278330999e-01,7.500027751280977095e-02,1.935153683495711152e-01,1.972551500668720426e+00,-1.686466447768931454e-01,-2.561836708580059185e-01,9.518026244927101365e-01,-3.807562518327791135e-01
-1.214747418062512739e-03,-9.697354790017419512e-01,-2.441549203968191029e-01,1.140232487232069225e+01,9.837153501592290628e-01,-4.504066882525304544e-02,1.739984138228894139e-01,2.202388741022901719e+00,-1.797293360857311062e-01,-2.399675788873167903e-01,9.539983893241851254e-01,-3.959274913733884516e-01
5.471119492522816263e-02,-9.776695099052243876e-01,-2.029014897716046872e-01,1.134046350279922599e+01,9.924464272275432819e-01,3.089865798994488252e-02,1.187238898356486189e-01,2.494641608062505789e+00,-1.098033434515565815e-01,-2.078643844820541320e-01,9.719751146149545606e-01,-4.156050621405292245e-01
7.781801600280335851e-02,-9.822886344418039206e-01,-1.704505647742133312e-01,1.132973057985930687e+01,9.921712973072726038e-01,5.955314332591085669e-02,1.097703963717419351e-01,2.629596137313004789e+00,-9.767534584015204191e-02,-1.776582724402785973e-01,9.792328962246622526e-01,-4.176303848054332968e-01
4.364793738204762047e-02,-9.871011306761755533e-01,-1.540331632477670853e-01,1.131762418389241986e+01,9.932558735262908556e-01,2.629924421797920353e-02,1.129208548457289601e-01,2.737823322820924332e+00,-1.074133477172177498e-01,-1.579231065151121549e-01,9.815919035733711162e-01,-4.478581912215148231e-01
4.376820627305577638e-02,-9.862180566691045591e-01,-1.595565380028619584e-01,1.131304459619068936e+01,9.924630688820876845e-01,2.462377741530166753e-02,1.200446853923678864e-01,2.782951907948159942e+00,-1.144613516641757450e-01,-1.636081119187588750e-01,9.798627376778783482e-01,-4.860931868773920028e-01
3.548771622630407518e-02,-9.857735016369213454e-01,-1.642900650298991516e-01,1.131309631031084528e+01,9.911648288853311950e-01,1.369470619958277138e-02,1.319270139236902173e-01,2.807594161501900665e+00,-1.278002503039633586e-01,-1.675203226256273270e-01,9.775500179170617532e-01,-5.389969573429852501e-01
4.541925797021734157e-02,-9.859663112069281254e-01,-1.606472040542326896e-01,1.131447777795397158e+01,9.908249156615209774e-01,2.397143881521006381e-02,1.330088591991925862e-01,2.822326275277452279e+00,-1.272913096396481869e-01,-1.652144160965865471e-01,9.780087521101663572e-01,-5.400220050288471185e-01
4.820416081073023579e-02,-9.864409609473596685e-01,-1.568776257016512576e-01,1.132386558640466134e+01,9.901423376134095289e-01,2.651267139446849413e-02,1.375326489273871466e-01,2.835540539469810550e+00,-1.315085934301944703e-01,-1.619608249570958225e-01,9.779949800654533787e-01,-5.496217415220361335e-01
4.188769983264998414e-02,-9.870422677073842355e-01,-1.548966828624763203e-01,1.132370162757194443e+01,9.897082066248257259e-01,1.975921194176466847e-02,1.417294580632894596e-01,2.842326206678591038e+00,-1.368323293019710063e-01,-1.592392392047549121e-01,9.777115005743185483e-01,-5.669488442828048980e-01
3.936236211346895442e-02,-9.872408440558642084e-01,-1.542923208611410857e-01,1.133111443427196896e+01,9.910726229690479672e-01,1.888872521843120225e-02,1.319783014774623120e-01,2.831322335889820518e+00,-1.273799844956082783e-01,-1.581098728337093640e-01,9.791708776625276389e-01,-5.590007497471303211e-01
4.366682180144937364e-02,-9.870989457866391481e-01,-1.540418121831549081e-01,1.133127115736538926e+01,9.906501352716907682e-01,2.283412422491389038e-02,1.345024618996390753e-01,2.823385311969977884e+00,-1.292498284716195045e-01,-1.584748371123664290e-01,9.788667978035947570e-01,-5.579863153832843592e-01
4.848541610691145531e-02,-9.862251531909090874e-01,-1.581426939144266741e-01,1.133094576304034717e+01,9.903148727207001789e-01,2.684339660793146759e-02,1.362199872512645793e-01,2.819272295802936590e+00,-1.300984907411495972e-01,-1.632157445595296685e-01,9.779749503104623320e-01,-5.534648572813611889e-01
4.911657793531799820e-02,-9.863738000692907626e-01,-1.570168408445256070e-01,1.133103663968776686e+01,9.904624793295289109e-01,2.783948378221813222e-02,1.349408766206309507e-01,2.816027463860940827e+00,-1.287308774627459462e-01,-1.621471235625560336e-01,9.783336197371829135e-01,-5.470313347027248030e-01
6.004031061388611507e-02,-9.858123620795548048e-01,-1.567454875666963732e-01,1.133131194043056844e+01,9.898857992245724269e-01,3.858162373468217859e-02,1.365194594317134247e-01,2.806246141814125572e+00,-1.285350753487929376e-01,-1.633568029839241875e-01,9.781581105955977629e-01,-5.417429074575226267e-01
6.842798447617980118e-02,-9.833590144789242649e-01,-1.682933735581148005e-01,1.133002319504819866e+01,9.907724698633233462e-01,4.720010776506915195e-02,1.270514178901523961e-01,2.800368229711610368e+00,-1.169936917165193546e-01,-1.754343138328680329e-01,9.775148477790651658e-01,-5.365430581055917747e-01
6.109326704076449566e-02,-9.811225399933500846e-01,-1.834834440468341432e-01,1.132397508003147379e+01,9.928344130294607384e-01,4.081894367729217710e-02,1.123104720919579358e-01,2.784657633326996784e+00,-1.027007352784499589e-01,-1.890300911338504974e-01,9.765859837306656299e-01,-5.714884390467174224e-01
5.379275957213820042e-02,-9.813206766722247787e-01,-1.847053560489939072e-01,1.131532727714377273e+01,9.931991686068089020e-01,3.345385882670053046e-02,1.115179394014662734e-01,2.785508422564684672e+00,-1.032557528487397791e-01,-1.894480637672883994e-01,9.764464555921453792e-01,-5.708433178501407523e-01
4.734693276530382161e-02,-9.843687761349071419e-01,-1.696360236753600981e-01,1.131166751878967780e+01,9.924352463769846588e-01,2.710000947960977680e-02,1.197408503179301503e-01,2.787413817010807815e+00,-1.132720164311276367e-01,-1.740221309399311023e-01,9.782053711960233544e-01,-5.680216515215715800e-01
4.213125206426614894e-02,-9.843589277114228597e-01,-1.710627342068385126e-01,1.131010817614463981e+01,9.925220395180593957e-01,2.160282466161326381e-02,1.201387491093251630e-01,2.778561468111723887e+00,-1.145642119966396866e-01,-1.748451297619174338e-01,9.779080846010658190e-01,-5.766658062742656687e-01
3.718946841603105319e-02,-9.824461524527555722e-01,-1.828018078950932879e-01,1.129933885573002605e+01,9.917296608185874884e-01,1.379851882637941202e-02,1.276004730823888378e-01,2.795499605843048130e+00,-1.228381996432068163e-01,-1.860353687043933002e-01,9.748341491245750001e-01,-6.145820382373821111e-01
3.151428026690439310e-02,-9.828627610200177944e-01,-1.816250069218747487e-01,1.128903423603128431e+01,9.915044208441274876e-01,7.798173897176091489e-03,1.298390231418227736e-01,2.812539529647826164e+00,-1.261975973852604294e-01,-1.841737806637562813e-01,9.747585264721742027e-01,-6.201677664297440273e-01
4.829177813276930992e-02,-9.805711207794945983e-01,-1.901267505061449425e-01,1.128242344116287832e+01,9.850643369721809872e-01,1.525846211630913808e-02,1.715092748495095909e-01,2.869706483490747306e+00,-1.652760000433659560e-01,-1.955695692767552840e-01,9.666624992118850734e-01,-6.452751567481112005e-01
5.938106893963441407e-02,-9.799578219397547807e-01,-1.901487729928402759e-01,1.128430493243521937e+01,9.811207102097587729e-01,2.217279517659142760e-02,1.921211054297713161e-01,2.958083768528408264e+00,-1.840544502289651052e-01,-1.979672558105333435e-01,9.627735585161021348e-01,-6.579506757232211900e-01
5.234351131634792237e-02,-9.766037210913841582e-01,-2.085793105117133284e-01,1.130866332120297102e+01,9.927862056665914814e-01,2.832849493338033750e-02,1.165034171728180079e-01,3.207150690828829198e+00,-1.078689327897960626e-01,-2.131728601986558891e-01,9.710415155973057821e-01,-6.781815568566995633e-01
3.878595594302929744e-02,-9.785228843991811143e-01,-2.024564504497120276e-01,1.130374774852079511e+01,9.939086194401699492e-01,1.686238621497853848e-02,1.089096696059370650e-01,3.401586364282901620e+00,-1.031567051825658526e-01,-2.054473768103358411e-01,9.732163528926273122e-01,-6.908825299492518113e-01
1.949867873958132519e-02,-9.702565724763874133e-01,-2.412923229068588415e-01,1.128905686419787990e+01,9.945960261841352290e-01,-5.791082170080577574e-03,1.036590954331948755e-01,3.725828192917175485e+00,-1.019732623099768587e-01,-2.420096009121879832e-01,9.649004129132611185e-01,-6.736084958253982791e-01
6.076003887558971417e-02,-9.710971144208804251e-01,-2.308216021937306017e-01,1.126575177505426595e+01,9.938527333902716920e-01,3.741745756403552781e-02,1.041953847448676002e-01,3.955496218767076133e+00,-9.254707995676700327e-02,-2.357335958935158349e-01,9.674010077308096145e-01,-6.458643284003050544e-01
6.048802469762978862e-02,-9.695501664363243011e-01,-2.373050223477779497e-01,1.119436316558335243e+01,9.961886994950395202e-01,4.366941546507483590e-02,7.550534518378385074e-02,4.231398114655414489e+00,-6.284324837691515619e-02,-2.409677507805534913e-01,9.684963960785791803e-01,-6.590345730918443223e-01
-1.499808634179465756e-02,-9.634910851314495428e-01,-2.673200072540595773e-01,1.114584778878669624e+01,9.970610911123696241e-01,-3.449906998028887117e-02,6.840317799859893522e-02,4.437653482287585938e+00,-7.512814383369831317e-02,-2.655084613392225124e-01,9.611768926484757225e-01,-7.376178752229797242e-01
-1.866303610522720702e-01,-9.412789027846543144e-01,-2.813594418284557364e-01,1.103915469357544232e+01,9.791221412346429176e-01,-2.016933600310835406e-01,2.529073078148596013e-02,4.760655312352499280e+00,-8.055396251947012642e-02,-2.707652409226364298e-01,9.592691193979487885e-01,-7.958714150042124347e-01
-3.711356742117195018e-01,-8.910146658818196563e-01,-2.614405793118697585e-01,1.086327222861034514e+01,9.171720288994843484e-01,-3.957421868514472973e-01,4.672890915097004105e-02,5.112631925123953813e+00,-1.450992099627614051e-01,-2.224432213612003162e-01,9.640877722171524722e-01,-8.202581165449573941e-01
-5.030352073800784529e-01,-8.329054179772997779e-01,-2.307035865350719195e-01,1.068135881385870434e+01,8.512702444942824576e-01,-5.236094869755623105e-01,3.423559533344036621e-02,5.277879854696003292e+00,-1.493135994299515101e-01,-1.791693887170807131e-01,9.724216056690725418e-01,-9.007518023162043308e-01
-7.335734317400126603e-01,-6.493048031877690640e-01,-2.006820689610257225e-01,1.036327971647540913e+01,6.491411693609767664e-01,-7.568657627817112488e-01,7.596024861415512364e-02,5.498031709219092455e+00,-2.012107414773060265e-01,-7.454857266343031807e-02,9.767070941833050357e-01,-8.863482383854872637e-01
-8.221416006402976207e-01,-5.421759580737253170e-01,-1.735753985547828782e-01,1.010617490055084744e+01,5.398115976790838211e-01,-8.392907055687481854e-01,6.476534997257563098e-02,5.730249091781473680e+00,-1.807944343937811782e-01,-4.045172471915901152e-02,9.826886742297763488e-01,-9.011335987616044818e-01
-7.866356663618777612e-01,-5.993753146007990695e-01,-1.481673400402456486e-01,9.988214810402574528e+00,5.928627722874780792e-01,-8.002829608420912733e-01,8.978260311120354886e-02,5.864482810048097683e+00,-1.723892735729604941e-01,-1.721670215263632064e-02,9.848784308349796124e-01,-9.572944522615396412e-01
-5.767753243526225759e-01,-8.005598738565028460e-01,-1.625857115148540422e-01,9.852642992343747963e+00,7.927198492182868650e-01,-5.965718005664270018e-01,1.252889756693301437e-01,6.077855777012308280e+00,-1.972953772222386937e-01,-5.662133113761756015e-02,9.787075962650622074e-01,-9.515646176689290803e-01
-3.892667542939625691e-01,-9.056143516765589041e-01,-1.683271815212669942e-01,9.795763870179348132e+00,8.940678575983785903e-01,-4.154364258814721156e-01,1.674969911976793013e-01,6.240908334507160760e+00,-2.216169217611564934e-01,-8.529491244076771450e-02,9.713962723321662995e-01,-9.317340052599597522e-01
-2.069463453768675409e-01,-9.578304222861655504e-01,-1.993341222126002177e-01,9.732565389187408655e+00,9.603160808316122399e-01,-2.378121151929593613e-01,1.457340823680750574e-01,6.498224958617507596e+00,-1.869926068896094751e-01,-1.612646272762891797e-01,9.690343053566599085e-01,-8.717941340549982820e-01
-1.375540307203082235e-01,-9.758250919359552356e-01,-1.698360344001968447e-01,9.693445088415186817e+00,9.704601429992476547e-01,-1.670877490126029818e-01,1.740367632995486469e-01,6.669144746232625209e+00,-1.982069612361729294e-01,-1.408796439450709648e-01,9.699829516230834558e-01,-8.627422963854411986e-01
-5.890385978174637882e-02,-9.883524636610443448e-01,-1.403201442343901817e-01,9.606822521727927722e+00,9.782241671667674110e-01,-8.517166250089591717e-02,1.892703534041173530e-01,6.990993769047408435e+00,-1.990171200517633077e-01,-1.261158018726492858e-01,9.718472052973745612e-01,-8.441031102906163541e-01
-1.230498607132171907e-01,-9.864309993264460674e-01,-1.086858562384746124e-01,9.507581888120487434e+00,9.711395206989480444e-01,-1.422374832236472375e-01,1.914589504380034835e-01,7.216752355971337352e+00,-2.043202464639189420e-01,-8.199013315049211159e-02,9.754644303873332145e-01,-8.230730986463995480e-01
-4.580608206054293530e-01,-8.764019512133094381e-01,-1.486603663919480456e-01,9.309055097212956653e+00,8.617601813735134009e-01,-4.788354989375435689e-01,1.675886474565772832e-01,7.541623749052606129e+00,-2.180588783456692548e-01,-5.134379092686466167e-02,9.745840860120195126e-01,-8.750118524584326041e-01
-7.050960590262225214e-01,-6.887202197679678228e-01,-1.688312957613475329e-01,9.125071934488179437e+00,6.725615379676669336e-01,-7.249739087705892038e-01,1.485725723290197142e-01,7.693664261615399624e+00,-2.247232190768414239e-01,-8.791500705746274624e-03,9.743829762075481016e-01,-8.861531251495463612e-01
-8.901462490894319624e-01,-4.147596999498638359e-01,-1.887168421988815181e-01,8.823588209797057047e+00,4.067511817425131793e-01,-9.099200952310113610e-01,8.123359185619059841e-02,7.792891099205321304e+00,-2.054096672094247455e-01,-4.451021488260990984e-03,9.786659578347562949e-01,-8.704257295490964719e-01
-9.380860872862897271e-01,-2.896978876234713729e-01,-1.899200535657092070e-01,8.603214644615617246e+00,2.891765289354278345e-01,-9.567712176055339635e-01,3.107687684571389455e-02,7.791249911017702701e+00,-1.907129464739094338e-01,-2.576763606008896854e-02,9.813075975345910695e-01,-8.851890231932455499e-01
-9.773601593189895631e-01,-8.613616487982447834e-02,-1.932554787729410251e-01,8.280806804373090912e+00,8.261288487932393065e-02,-9.962364192731057999e-01,2.623181590775019653e-02,7.803427857978536331e+00,-1.947876541977912046e-01,9.672539154657161173e-03,9.807977425333012089e-01,-9.299021799657474219e-01
-9.897796090938266733e-01,4.817618616151447646e-03,-1.425240890970522478e-01,8.035705414534831448e+00,-2.614285366248006361e-03,-9.998742294851266088e-01,-1.564259324889076541e-02,7.823544870404935736e+00,-1.425815238174251987e-01,-1.511012119063679000e-02,9.896677186326235942e-01,-9.486449559541783039e-01
-9.828290856967795142e-01,8.929514440512111018e-02,-1.614724914470098971e-01,7.688633214583799891e+00,-8.910109696624844700e-02,-9.959866807482428142e-01,-8.457321769402413592e-03,7.832138464788824805e+00,-1.615796485571354690e-01,6.075274295736244820e-03,9.868409741262169632e-01,-1.025585934055781800e+00
-9.854996118080785461e-01,7.253562454606765630e-02,-1.533919759891046453e-01,7.473570181608008234e+00,-7.685843741542863761e-02,-9.967895934576752603e-01,2.243405831639209633e-02,7.803638373471480705e+00,-1.512722569547664542e-01,3.389822334867133996e-02,9.879107321664297725e-01,-1.060914530685032942e+00
-9.839883122523408465e-01,1.653102706901742741e-02,-1.774647190143351927e-01,7.120575357786455228e+00,-3.303993296997800866e-02,-9.953501888153911681e-01,9.047853035116448783e-02,7.763421918218202933e+00,-1.751438385445885093e-01,9.489323879608344003e-02,9.799591364187861808e-01,-1.047375388048086275e+00
-9.853287152662677517e-01,1.765330660166894525e-03,-1.706581567912603958e-01,6.892773974925123781e+00,-1.493135524149287463e-02,-9.970039466454783117e-01,7.589588265508662168e-02,7.761989671654440315e+00,-1.700128745194976476e-01,7.733055011444396609e-02,9.824029766427887500e-01,-1.080543838876336427e+00
-9.890681939089099872e-01,6.272340270808370033e-03,-1.473253730533126415e-01,6.494399150950902921e+00,-9.314182307852532372e-03,-9.997572668258281059e-01,1.996630754266427027e-02,7.752664202097243162e+00,-1.471643768230158911e-01,2.112025512344335720e-02,9.888865359675046429e-01,-1.093701873245091605e+00
-9.823798870603311917e-01,3.992005796411709356e-02,-1.825818897686089237e-01,6.238164441522485504e+00,-4.529223440156498331e-02,-9.986521597601295541e-01,2.534713611721598620e-02,7.727313622811827543e+00,-1.813239394074831479e-01,3.317005846501359240e-02,9.828638645403421359e-01,-1.079676215443746479e+00
-9.861136949958633213e-01,-2.278402959181625304e-03,-1.660559827936499699e-01,5.871824887927241221e+00,-3.267367591163303827e-03,-9.994461686554139135e-01,3.311616325966188629e-02,7.636446361050822418e+00,-1.660394677497899762e-01,3.319886805256973966e-02,9.855601099422558464e-01,-1.086490356906793187e+00
-9.788761080411204629e-01,-4.436238178505045454e-02,-1.995834266381602551e-01,5.638942490630102888e+00,3.300312862762242588e-02,-9.976593950825659585e-01,5.988760225856108038e-02,7.624902498950172358e+00,-2.017730373639176067e-01,5.203566551749349428e-02,9.780490432013557722e-01,-1.092242088104294462e+00
-9.892684193038145946e-01,-3.183056622690130094e-02,-1.426001739894124376e-01,5.264393992869262462e+00,2.803719221971491538e-02,-9.991995777983567750e-01,2.853278079723110816e-02,7.701902033620503296e+00,-1.433942482129967333e-01,2.422847046891269188e-02,9.893690266013807078e-01,-1.132384185577800739e+00
-9.883633497151901315e-01,-3.235669400115475953e-03,-1.520770179327100291e-01,5.024993823805993465e+00,3.632640514912971116e-03,-9.999906814887522533e-01,-2.332564801438861100e-03,7.735375117463045846e+00,-1.520680533927557532e-01,-2.857862697307652668e-03,9.883658936639500014e-01,-1.107610564385085761e+00
-9.877082714172722433e-01,-4.099260845891453640e-03,-1.562548131560281273e-01,4.670469765295407250e+00,-7.807392512741759662e-04,-9.995142017201306128e-01,3.115687734665274072e-02,7.720009229006689289e+00,-1.563066250039626126e-01,3.089589973265332787e-02,9.872252439841566751e-01,-1.182366304588337247e+00
-9.828676584620048562e-01,-4.046466039550273425e-02,-1.798159537096097327e-01,4.413355953959174016e+00,2.645110554032896466e-02,-9.964711772292483838e-01,7.965884738717406155e-02,7.723932945712533638e+00,-1.824047832846335260e-01,7.353777403780550892e-02,9.804696276909590225e-01,-1.161405822629097306e+00
-9.855745994690371381e-01,-3.317346687589732557e-02,-1.659585188439716974e-01,4.051469140737764540e+00,1.926535660941528644e-02,-9.962182465151417921e-01,8.472338133603303512e-02,7.759001893236878722e+00,-1.681414729213560888e-01,8.030396257802309423e-02,9.824864979622374150e-01,-1.184196591972509482e+00
-9.909306016544910944e-01,5.563081582933802893e-02,-1.223182530730170109e-01,3.810084829167038833e+00,-6.490229632729327403e-02,-9.952057042042655732e-01,7.316623709566359712e-02,7.756129901587026865e+00,-1.176615257257727643e-01,8.044139885318224437e-02,9.897903549309943205e-01,-1.207629839135308636e+00
-9.833371731928711723e-01,8.720384844643043476e-02,-1.595101646704356613e-01,3.460396934759229826e+00,-1.019621938458885185e-01,-9.909946291616589242e-01,8.679490767828722253e-02,7.758579097496923538e+00,-1.505048665099939509e-01,1.016126654944190244e-01,9.833733529885408942e-01,-1.278498132420593292e+00
-9.876321283727885758e-01,4.646988993252920003e-02,-1.497442096893853714e-01,3.221457697892841310e+00,-5.457265905998039124e-02,-9.972338901483916995e-01,5.046179963726531159e-02,7.736552311843364116e+00,-1.469850464808008794e-01,5.800963427885805906e-02,9.874362148725694954e-01,-1.302453850857386852e+00
-9.795125203625822952e-01,8.404668225548438121e-02,-1.830064962092654290e-01,2.862070388349498007e+00,-9.562254218365530412e-02,-9.938770020035192498e-01,5.536094575451758204e-02,7.690612349866214004e+00,-1.772330439824396087e-01,7.172628590931658110e-02,9.815517245822407144e-01,-1.360026038842008900e+00
-9.805901771115662635e-01,1.370910113894308335e-01,-1.401747450453694199e-01,2.615514938989048854e+00,-1.478818166649051302e-01,-9.865488033203262397e-01,6.965936381508662512e-02,7.694005873442107735e+00,-1.287395543420862820e-01,8.903658384876332599e-02,9.876733335897757149e-01,-1.416206102554430579e+00
-9.727848787078402504e-01,1.725548750984030877e-01,-1.546427975598967108e-01,2.235551757239512938e+00,-1.797107711117714168e-01,-9.831506888225080010e-01,3.344789700778565827e-02,7.678511923435830333e+00,-1.462655752519690933e-01,6.032858483012121936e-02,9.874040932407575077e-01,-1.440761437415526203e+00
-9.750789609770833533e-01,1.739833231224006960e-01,-1.376619887083643246e-01,1.997324437313384049e+00,-1.796488584564753521e-01,-9.832804112671755803e-01,2.976441623050050944e-02,7.687265562928332407e+00,-1.301818248264366984e-01,5.375347517643128126e-02,9.900319471569151153e-01,-1.482115292479662561e+00
-9.866151909866623937e-01,5.421195244165923077e-02,-1.537905365320600404e-01,1.651049422004817746e+00,-5.952174753902024495e-02,-9.977721564531889520e-01,3.013113633199044489e-02,7.602645843518974544e+00,-1.518144475478430955e-01,3.888171831618324886e-02,9.876439568470618546e-01,-1.532651810223900846e+00
-9.877290424197913143e-01,3.858128911582731080e-02,-1.513367863100278377e-01,1.422797068854347646e+00,-4.427383064698524329e-02,-9.984260863694024435e-01,3.442641394225767065e-02,7.598993713291064545e+00,-1.497703798497158623e-01,4.070422812488225933e-02,9.878825836770411817e-01,-1.539062537093286220e+00
-9.903303747419944791e-01,6.921589688676800523e-02,-1.202285676598742470e-01,1.080175857085170721e+00,-7.131763386719951192e-02,-9.973654867744914387e-01,1.326200929983282345e-02,7.573775783471244694e+00,-1.189938820400815445e-01,2.170818760847966628e-02,9.926576502640692690e-01,-1.592364220444311140e+00
-9.876003333888198066e-01,7.694844949521306710e-02,-1.368375592101029048e-01,8.421145988556043571e-01,-7.837356006301839095e-02,-9.969112731075148170e-01,5.049617233538146455e-03,7.591426275385249944e+00,-1.360263451444032878e-01,1.571145032895774826e-02,9.905806296083188300e-01,-1.608275977751344232e+00
-9.961942665033971522e-01,-5.632209247890711864e-04,-8.715885593531116915e-02,5.377030326279326200e-01,-1.858393243003460520e-03,-9.996145462046764907e-01,2.770027780683308183e-02,7.605358407095605067e+00,-8.714086159957809552e-02,2.775683336065613155e-02,9.958092329565281231e-01,-1.658052238944373702e+00
-9.920240783087510561e-01,-1.422071628479255542e-02,-1.252437594613979854e-01,4.084795390852384300e-01,7.558719342424376382e-03,-9.985388282706186835e-01,5.350770222916576696e-02,7.627081589231963221e+00,-1.258216746732434832e-01,5.213424655914795230e-02,9.906820511739008461e-01,-1.672677263837233363e+00
-9.873297177384158241e-01,-1.746078552962083280e-02,-1.577185767095077296e-01,2.991438196769670710e-01,1.301498704597232534e-02,-9.994895198537484537e-01,2.917721396431264408e-02,7.614760319527269949e+00,-1.581475215827848335e-01,2.675482519499434650e-02,9.870529574171817977e-01,-1.699542825066265639e+00
-9.870042170755423117e-01,-1.235467254771501801e-02,-1.602187178245377541e-01,2.775029208363670175e-01,4.878118830112269586e-03,-9.988841867157557397e-01,4.697430665678362788e-02,7.646723229091156426e+00,-1.606202958277046511e-01,4.558227282008835840e-02,9.859631722193140657e-01,-1.675048614573528605e+00
-9.882286033255858193e-01,-1.325895178358936846e-02,-1.524087522643199355e-01,2.793761282718126293e-01,6.257899715713353961e-03,-9.989068534367918639e-01,4.632425766440981946e-02,7.651866282389875096e+00,-1.528563582593620018e-01,4.482519776432668940e-02,9.872312978147885776e-01,-1.679847331254776588e+00
-9.877756413806320079e-01,-1.066076868702807434e-02,-1.555172990573304159e-01,2.738821200135390654e-01,4.262381239430068636e-03,-9.991328061882469580e-01,4.141820498973540488e-02,7.633922888882948676e+00,-1.558239853207944725e-01,4.024901998066113262e-02,9.869644887174707781e-01,-1.690673785263818729e+00
-9.912892714349272882e-01,5.807001386459696712e-03,-1.315745380874006609e-01,2.654902542457788228e-01,-8.539598517844177936e-03,-9.997592116478408730e-01,2.021370778568220422e-02,7.620551144471146898e+00,-1.314254754420512983e-01,2.116122539430428245e-02,9.911001699851733626e-01,-1.665192726296401693e+00
-9.916726645474088775e-01,1.385193649337495593e-02,-1.280369096972826248e-01,2.631003457118832878e-01,-1.477531062951575186e-02,-9.998712132642965100e-01,6.264749092213623902e-03,7.611175182824966967e+00,-1.279336413350606605e-01,8.104365537816774281e-03,9.917496169265602735e-01,-1.673892536329890213e+00
-9.911947006832700913e-01,1.572215371328334124e-02,-1.314757742704817101e-01,2.492543425607734175e-01,-1.786096648569142353e-02,-9.997263862701341042e-01,1.510425342275018706e-02,7.626797042577911689e+00,-1.312023292994594637e-01,1.731954034833221162e-02,9.912043090647437715e-01,-1.649638335920847521e+00
-9.912516983164708639e-01,1.683515212282485699e-02,-1.309070213461364096e-01,2.488120562682352710e-01,-1.917311161027800831e-02,-9.996780352988545726e-01,1.661979338635214895e-02,7.629462628001395075e+00,-1.305850771562214463e-01,1.898429335072860519e-02,9.912553325102845259e-01,-1.654403869213858735e+00
-9.911250652620126056e-01,1.988367492595771724e-02,-1.314372263889279913e-01,2.428321364120505366e-01,-2.224823895268346688e-02,-9.996155494383930362e-01,1.654597185078746785e-02,7.627354776006122883e+00,-1.310577005478113510e-01,1.932337425041364201e-02,9.911864034250551514e-01,-1.663068573272473927e+00
-9.910812490930938079e-01,1.650256912200308984e-02,-1.322332140895421393e-01,2.409639650936892530e-01,-1.862520600241686364e-02,-9.997165257202136335e-01,1.483138237913516656e-02,7.618276730265307606e+00,-1.319509734615274821e-01,1.716197582686967288e-02,9.911076667992588796e-01,-1.667448718643181449e+00
-9.912380221374909040e-01,1.773258978418384285e-02,-1.308920881050688600e-01,2.446565661131964442e-01,-1.955262537385027768e-02,-9.997290180876482468e-01,1.263270495577504225e-02,7.611929292028800198e+00,-1.306326081418767993e-01,1.508130143772803446e-02,9.913161332476098098e-01,-1.676699128794829852e+00
-9.911550679468423830e-01,1.834311902053924193e-02,-1.314350077714943610e-01,2.436642980352409227e-01,-2.009599281976563734e-02,-9.997257696058207133e-01,1.202233998190673815e-02,7.610729484767120745e+00,-1.311784370843104564e-01,1.455732017408829446e-02,9.912518862899905026e-01,-1.684060356064721820e+00
-9.911696961423672736e-01,1.303434141276580208e-02,-1.319573392918595989e-01,2.410796798266707786e-01,-1.514885219410166094e-02,-9.997722351231136395e-01,1.503296890630984213e-02,7.618662344756108595e+00,-1.317313391955489132e-01,1.689922545184376415e-02,9.911413978100563904e-01,-1.672967465192327419e+00
-9.904266986524367100e-01,7.229511482399727032e-03,-1.378502403340866600e-01,2.288839545992206737e-01,-9.926512043159727711e-03,-9.997723414768246997e-01,1.888728611018119369e-02,7.618952818658890180e+00,-1.376823117001475805e-01,2.007484449943921709e-02,9.902729834056992475e-01,-1.683000364271139082e+00
-9.867732880298015763e-01,-2.048302117496861655e-02,-1.608071014427047973e-01,1.924772612560526341e-01,1.572498276136724202e-02,-9.994016883391213524e-01,3.080568554783309071e-02,7.586219372746949574e+00,-1.613418821881447418e-01,2.786953871995504275e-02,9.865049852198017888e-01,-1.678776825125393168e+00
-9.813317493261227709e-01,-6.674778700714302515e-02,-1.803683195413908202e-01,1.475422458304602447e-01,6.467783161504349343e-02,-9.977555345892042959e-01,1.733987584127127946e-02,7.557220388541764144e+00,-1.811208874263597057e-01,5.350338892425796945e-03,9.834462862869642885e-01,-1.684730709017583816e+00
-9.809358268391891178e-01,-5.121477808054664127e-02,-1.874618631334946106e-01,-2.487425517685715182e-03,5.708063575411802260e-02,-9.980303321059484922e-01,-2.602416604618228504e-02,7.588921022418951168e+00,-1.857598036315343815e-01,-3.622847916562357135e-02,9.819270811277776012e-01,-1.752987211316297200e+00
-9.842062637839569250e-01,3.912085273405020713e-02,-1.726487451729354361e-01,-1.759162627111176269e-01,-3.250136308899731485e-02,-9.986302446176836822e-01,-4.100360877027482004e-02,7.623380954460226455e+00,-1.740163547652506804e-01,-3.474468903572596606e-02,9.841296229958848008e-01,-1.757299205044367874e+00
-9.646324318529572173e-01,2.081826754945944324e-01,-1.616918211950330586e-01,-4.376197939041337470e-01,-2.061776162857624495e-01,-9.780766615243812190e-01,-2.927173934096223562e-02,7.552679729273496179e+00,-1.642408656826165880e-01,5.100765161857177994e-03,9.864070763303482980e-01,-1.751683439682243382e+00
-9.365984588444927761e-01,3.144400550461008415e-01,-1.546311051267839076e-01,-5.963544275256176252e-01,-3.132683039021673665e-01,-9.491072277097932774e-01,-3.253367608022668389e-02,7.442781300352041995e+00,-1.569913904021016104e-01,1.797003315629888687e-02,9.874364694743524851e-01,-1.789835620110738379e+00
-8.805762771622399621e-01,4.687563050263288122e-01,-6.966309350838288672e-02,-8.829866926546028338e-01,-4.666630194014171340e-01,-8.833003313797107570e-01,-4.479007599512226795e-02,7.195683060001575093e+00,-8.252906410621241307e-02,-6.931888816133347300e-03,9.965645500895518039e-01,-1.780454073915477275e+00
-7.399489506291683227e-01,6.721048796322257601e-01,-2.739673771360630339e-02,-1.051823682236952440e+00,-6.694367483201747460e-01,-7.397731679397421267e-01,-6.775027671465386203e-02,6.980852456391339445e+00,-6.580266302596129990e-02,-3.179136315026635795e-02,9.973260844717424245e-01,-1.794942483573672032e+00
-3.820180363491605946e-01,9.240557104805690036e-01,-1.353749726449714891e-02,-1.221828114922124842e+00,-9.239655794187036086e-01,-3.821952766420502190e-01,-1.464167210289910211e-02,6.572057571747214944e+00,-1.870368822971373371e-02,6.914798678252666482e-03,9.998011590340561972e-01,-1.794250948698840942e+00
-1.717528227203704294e-01,9.851395233193880330e-01,-1.042823876812763902e-03,-1.235548310209360734e+00,-9.851180242463275505e-01,-1.717559646120273842e-01,-6.508988032468391964e-03,6.307816637547655425e+00,-6.591372588480221006e-03,-9.063247046651827770e-05,9.999782725605353972e-01,-1.776948429517978933e+00
-3.714980973230185696e-02,9.970315128825345541e-01,-6.743926123573885933e-02,-1.183355998440137169e+00,-9.992391145085369741e-01,-3.626035695125642139e-02,1.436588145452133251e-02,5.929986804248889243e+00,1.187786483555531084e-02,6.792163744298193584e-02,9.976199514314104677e-01,-1.781652418179292319e+00
-5.667381348238143685e-02,9.926910992265555178e-01,-1.065479252812617794e-01,-1.216771366739161531e+00,-9.980457323859155405e-01,-5.914405767686920640e-02,-2.016671782367132626e-02,5.678082510406938788e+00,-2.632099792235789715e-02,1.051967773170460474e-01,9.941030344539123487e-01,-1.764339269093051721e+00
-3.669144369231751995e-02,9.956628006769073780e-01,-8.549459227339820111e-02,-1.308796100912362093e+00,-9.991753214213031642e-01,-3.506262351343398392e-02,2.047655964740074594e-02,5.280681508094456689e+00,1.739008402544171480e-02,8.617540124987090044e-02,9.961281971699270654e-01,-1.855628885457986987e+00
4.442025569540524604e-02,9.928196124491538432e-01,-1.110678082086389434e-01,-1.326662333991676546e+00,-9.983706481358628482e-01,4.810252426412400806e-02,3.069521298508037441e-02,5.006953378253051312e+00,3.581745139921044263e-02,1.095233504588662837e-01,9.933386863902597952e-01,-1.761161643243170039e+00
5.088484653655274415e-02,9.915648788259823210e-01,-1.192049641238597107e-01,-1.314395314244160007e+00,-9.980627137027409113e-01,5.476707736842675867e-02,2.951926070965287321e-02,4.632967248334868060e+00,3.579876966147108042e-02,1.174719469292139912e-01,9.924307481005323339e-01,-1.762951962586560173e+00
4.554620722795345300e-02,9.874956198470733471e-01,-1.509236356241026866e-01,-1.285832911813572288e+00,-9.989610634052439320e-01,4.479216040772035501e-02,-8.393817145756711853e-03,4.378141610102620263e+00,-1.528661969041101437e-03,1.511491420711930656e-01,9.885097875305657311e-01,-1.750982810389152267e+00
-2.331408131623614877e-03,9.876155220843135796e-01,-1.568762093953588177e-01,-1.292875365448784786e+00,-9.998969963330023303e-01,-8.062269832444051137e-05,1.435235953505245056e-02,4.040053296980324227e+00,1.416196527204791056e-02,1.568935117782540578e-01,9.875139820283648229e-01,-1.789435690269627566e+00
3.237754932444229100e-02,9.953939667573178385e-01,-9.023605289948737063e-02,-1.272931273057970047e+00,-9.988110454144522032e-01,3.551592399462905753e-02,3.339333318043720411e-02,3.643253661424347811e+00,3.644433917407724488e-02,8.904757203845363456e-02,9.953604071170496503e-01,-1.786920179068875125e+00
6.213801343774882913e-02,9.943247424229814113e-01,-8.635492974628673768e-02,-1.265046783762255878e+00,-9.969576961008195237e-01,6.591537620511601914e-02,4.159946351921651325e-02,3.376424552849014216e+00,4.705549353007155294e-02,8.350730378364597251e-02,9.953955549144394288e-01,-1.753432320132227495e+00
2.400205795828663780e-02,9.990202613277594512e-01,-3.718089119946407783e-02,-1.211788681644303312e+00,-9.992660722039485854e-01,2.508536679382071533e-02,2.894894324349788287e-02,2.984644193772218124e+00,2.985327713774102096e-02,3.645876889636948115e-02,9.988891530168378941e-01,-1.764852182214451171e+00
6.019711445701304495e-03,9.987765415622676946e-01,-4.908342998436889676e-02,-1.208857800327446386e+00,-9.998099672465209364e-01,6.921542212760155993e-03,1.822420500078479264e-02,2.738577162047507230e+00,1.854164147598912418e-02,4.896439806958691188e-02,9.986284069928395013e-01,-1.796854761191609029e+00
4.775280506492431132e-03,9.996259582129856103e-01,-2.692843038238576167e-02,-1.201820972492274153e+00,-9.994642417125323419e-01,5.642992297275539575e-03,3.223951265029680741e-02,2.363719154873408890e+00,3.237941065059770501e-02,2.676005053634240155e-02,9.991173471926156902e-01,-1.790434933574440279e+00
5.375948386041234234e-02,9.979165983592308553e-01,-3.567044454738412668e-02,-1.171872536876759296e+00,-9.985466472673701910e-01,5.386105653406290245e-02,1.892041260564196860e-03,2.097632939968383514e+00,3.809347209059070222e-03,3.551688764771677304e-02,9.993618161435114944e-01,-1.769277975974020922e+00
2.405929645171125952e-02,9.994434408412181670e-01,-2.310754884706927442e-02,-1.107402247038258070e+00,-9.994203577070126521e-01,2.460276020027627256e-02,2.352982769417387432e-02,1.747069397097926746e+00,2.408524143616634638e-02,2.252804363451872335e-02,9.994560462546415724e-01,-1.792025195918834912e+00
7.923088893447097214e-02,9.964503860121961543e-01,-2.844458568521161454e-02,-1.049538599042476150e+00,-9.963214702359939334e-01,8.009070673019463849e-02,3.047961027061150616e-02,1.504481272693358740e+00,3.264956638982789705e-02,2.592502481402725670e-02,9.991305714985132536e-01,-1.746616831546455417e+00
1.824697627541846112e-01,9.825106478837535295e-01,-3.711620233109576283e-02,-9.441945542476177788e-01,-9.779677289336458079e-01,1.852608102393728806e-01,9.621618031194652254e-02,1.104494696554143118e+00,1.014095993720572353e-01,1.874190450574904354e-02,9.946682030560208831e-01,-1.634850729190027829e+00
1.735716085636117845e-01,9.847652469366441341e-01,-1.050262474122261487e-02,-9.036443677771741623e-01,-9.788366589907080417e-01,1.736809384029903702e-01,1.082299711326192571e-01,8.438682611934860134e-01,1.084052199691089430e-01,-8.505296071950010917e-03,9.940704040570641498e-01,-1.518486443594736501e+00
3.541784469837184340e-02,9.993621169518630554e-01,-4.575530397349163517e-03,-8.466175968330972301e-01,-9.939980453672843108e-01,3.570119016453379701e-02,1.034084659341607676e-01,5.807054047262512064e-01,1.035058553075261234e-01,8.855632845310946674e-04,9.946284500730530054e-01,-1.467770396867461358e+00
4.020747658903498639e-02,9.988142673355344670e-01,-2.744846431635099976e-02,-8.033705879528846294e-01,-9.942030107312556098e-01,4.273319279806314652e-02,9.866229110553198511e-02,5.379411036582202321e-01,9.971826452185779399e-02,2.332238410341967716e-02,9.947423455953197102e-01,-1.444927268867568504e+00
4.623065313467947940e-02,9.984090747693079582e-01,-3.228073928892831457e-02,-8.018431092419925355e-01,-9.967027383150321995e-01,4.826057500569860131e-02,6.522705217498361852e-02,4.475482819479184027e-01,6.668116785164690530e-02,2.915881202000947595e-02,9.973481766843108609e-01,-1.448631905629065741e+00
5.386571756923128756e-02,9.972226579598004736e-01,-5.143398606317295396e-02,-8.127280070460286554e-01,-9.976968778208463728e-01,5.587483954826009958e-02,3.845701876112432582e-02,4.156694023940078475e-01,4.122407618478507452e-02,4.924401239796743351e-02,9.979356706650267528e-01,-1.467992657737175577e+00
6.513796228631760221e-02,9.954307495026142316e-01,-6.981882850531177798e-02,-8.277955288941506451e-01,-9.976999247915598890e-01,6.628216748645243683e-02,1.419627923843364697e-02,3.803272109481803387e-01,1.875915616715901138e-02,6.873352324714537831e-02,9.974586692399476373e-01,-1.464826512668556457e+00
6.781250528007674860e-02,9.943637175100740189e-01,-8.150007010542743846e-02,-8.322068117852381430e-01,-9.972492959084303665e-01,7.000535384787384685e-02,2.435348522851975978e-02,3.660112196888943847e-01,2.992166335251413359e-02,7.962441668347802759e-02,9.963757555912486907e-01,-1.479169127181238386e+00
6.147694414578026845e-02,9.958494166893963051e-01,-6.711575536258275465e-02,-8.387183423168489416e-01,-9.978996547969711806e-01,6.270048270125458401e-02,1.627662204259854722e-02,3.522766374411961943e-01,2.041725482488840684e-02,6.597415212356461112e-02,9.976124232170474615e-01,-1.490705702123602316e+00
7.105460431428523016e-02,9.960688461754529932e-01,-5.289704041292415254e-02,-8.276336023865492608e-01,-9.971428834306799160e-01,7.229424126074608659e-02,2.190006173700485489e-02,3.478184292405446798e-01,2.563812062714058287e-02,5.118980718111128952e-02,9.983598000778406423e-01,-1.487276337045449592e+00
1.188969881732675066e-01,9.924510447110169720e-01,-3.007374362033081450e-02,-7.971744678589168798e-01,-9.920721338006482926e-01,1.199840739802656708e-01,3.737249426153806120e-02,3.540675338882712242e-01,4.069874125272480297e-02,2.539184599657596034e-02,9.988487706441485647e-01,-1.462654041629791069e+00
2.069364224071841563e-01,9.773481922570192992e-01,-4.436020934639913621e-02,-7.606295406397104442e-01,-9.773121470304770853e-01,2.085957189620549213e-01,3.672592132791837466e-02,3.606591874708574008e-01,4.514736258073350633e-02,3.575384066984395315e-02,9.983403119825204897e-01,-1.462067064665711458e+00
3.657175194506387950e-01,9.299059674889161853e-01,-3.905877104286577944e-02,-6.786878916590259880e-01,-9.297957909841689794e-01,3.669058653778821677e-01,2.932359151660927227e-02,3.301155367263577389e-01,4.159907492958123121e-02,2.559252976583318781e-02,9.988065575401400276e-01,-1.433616061185517543e+00
4.450297186849623832e-01,8.948774255802290911e-01,-3.380743518946224130e-02,-5.715476762381302978e-01,-8.936075921711593706e-01,4.462280558943712006e-01,4.843545547215600405e-02,3.322285870872633273e-01,5.842962177909710730e-02,8.655363633986739094e-03,9.982540077450789973e-01,-1.458984989222482653e+00
6.621899774578000608e-01,7.485552755240957312e-01,-3.419697705190339471e-02,-3.814846769484099842e-01,-7.453103590608360918e-01,6.626704169288767377e-01,7.335112271750708623e-02,3.548414964326120913e-01,7.756869491649699688e-02,-2.308501705346041946e-02,9.967197096258255673e-01,-1.434792859870934079e+00
8.341157959329849048e-01,5.502073466912708044e-01,-3.902197614216835336e-02,-2.040819767287234687e-01,-5.457530273634393359e-01,8.334863085293304774e-01,8.633774735185764659e-02,2.900138734618777359e-01,8.002794573602219075e-02,-5.071931723816266308e-02,9.955014207725492170e-01,-1.399529588372288025e+00
9.644546655509317334e-01,2.502819148164054930e-01,-8.477122868567595060e-02,1.010907477923884690e-01,-2.343668531996489501e-01,9.583687532556830480e-01,1.630996962119921068e-01,2.587827315054248567e-01,1.220630010213547972e-01,-1.374346968526646007e-01,9.829610001839717004e-01,-1.379994685219419592e+00
9.943280773718230492e-01,5.205388751854000268e-02,-9.274733065844169289e-02,2.807981104302132436e-01,-3.991846762173181795e-02,9.909443003458263677e-01,1.282026113417959468e-01,2.155670102522948828e-01,9.858088299864138648e-02,-1.237731247336429918e-01,9.874016523689209679e-01,-1.339663657258619800e+00
9.929817557943915185e-01,-5.635731768410236209e-02,-1.039763694449177267e-01,5.734411944032444808e-01,6.653382097428307829e-02,9.930430630798123826e-01,9.715310358206798169e-02,2.045303050237765874e-01,9.777772407892817985e-02,-1.033892045259994924e-01,9.898233120418125086e-01,-1.371670783345544153e+00
9.878450712649233800e-01,-8.440650884192647807e-02,-1.305283740905469891e-01,7.872273547664728754e-01,9.709670984962658069e-02,9.908146644591041552e-01,9.411976216062525880e-02,1.942267870625434822e-01,1.213851066399067591e-01,-1.056496188252130236e-01,9.869669771213741560e-01,-1.354234873523164184e+00
9.875637880084138231e-01,-1.203537946161947064e-01,-1.011569510017036461e-01,1.111671378344710082e+00,1.260265308509181392e-01,9.906801577291536320e-01,5.167338389755538747e-02,1.859269548232549418e-01,9.399509634103789257e-02,-6.377922234728318485e-02,9.935276204819936119e-01,-1.394440918057986645e+00
9.883772794413844265e-01,-1.059178976269958966e-01,-1.090493119938416300e-01,1.346095372660484513e+00,1.099443440102818997e-01,9.934359080397210384e-01,3.158065606421175259e-02,1.652983956798633469e-01,1.049885455857063193e-01,-4.320295799565464917e-02,9.935345538612240235e-01,-1.365121062413700903e+00
9.930903957407466454e-01,-8.821960325420465099e-02,-7.738712741253185590e-02,1.708932439922801638e+00,9.137054832106043800e-02,9.950855067269770426e-01,3.816093816229199770e-02,1.546627423595478557e-01,7.364026607095888743e-02,-4.496816544610300614e-02,9.962705331933731090e-01,-1.373866227246919980e+00
9.916421599371918472e-01,-6.843696759381805161e-02,-1.093718798488395594e-01,1.923125064878162815e+00,7.207251112014173566e-02,9.969590219140697096e-01,2.963548152098919447e-02,1.783054089889878346e-01,1.070111198705230443e-01,-3.727049893288827270e-02,9.935590219676674328e-01,-1.337525227219006130e+00
9.946325450375371746e-01,-1.874247692700825238e-02,-1.017586355588440405e-01,2.258340000654854851e+00,2.012615019919382353e-02,9.997182015797704269e-01,1.258791119571727249e-02,1.861619309339960227e-01,1.014940315009538463e-01,-1.456835573262470554e-02,9.947294730633694515e-01,-1.291173860842542931e+00
9.918621172385203577e-01,-4.031765073960824619e-02,-1.207643466672356225e-01,2.491048208454644808e+00,4.009135352542856495e-02,9.991867488670383990e-01,-4.303981995690339332e-03,1.850886206567043391e-01,1.208396613683788146e-01,-5.726494207013531476e-04,9.926718734370456598e-01,-1.287437063959645078e+00
9.867964842454369778e-01,-7.332395066929858762e-02,-1.444170936527152116e-01,2.839335843242597246e+00,7.548552880692507849e-02,9.971012795131218853e-01,9.537994235490480574e-03,1.955312470708331918e-01,1.432991054458813418e-01,-2.031345986146928725e-02,9.894709342506550209e-01,-1.206042319185818945e+00
9.877752955075889130e-01,-8.740964358736397211e-02,-1.290717621822498329e-01,3.032409007294497805e+00,9.229121891370917208e-02,9.952072190001461927e-01,3.232525578273381939e-02,1.962997091358331392e-01,1.256276104060058407e-01,-4.384227934228800833e-02,9.911082473906405177e-01,-1.198628437586515716e+00
9.852473128986296569e-01,-4.841727520288030551e-02,-1.641447528493191477e-01,3.299721998490401820e+00,5.086247406499432716e-02,9.986480879047037185e-01,1.072405036678074700e-02,2.287296926558032850e-01,1.634036142746644327e-01,-1.891465004196328861e-02,9.863779675437627237e-01,-1.125845187683470305e+00
9.907663104080601801e-01,-2.433457714829763419e-02,-1.333789582933475326e-01,3.436463572761225826e+00,2.294865704338934151e-02,9.996655977797435089e-01,-1.191854670566511523e-02,2.109406124935916116e-01,1.336243888678631531e-01,8.747626574319676551e-03,9.909934418193713235e-01,-1.062118593451262916e+00
9.908818182795668950e-01,-3.458302093542139216e-02,-1.302199557132672214e-01,3.547025636381664349e+00,3.791290181761376027e-02,9.990121890751729739e-01,2.317882557424078005e-02,1.911497605747985440e-01,1.292897292082905436e-01,-2.790449322623927975e-02,9.912141570715337080e-01,-1.009175166650840838e+00
9.890551852995639326e-01,-6.701262063795167256e-02,-1.314501772812983194e-01,3.584240704001450339e+00,7.069208418561594154e-02,9.972208065239155372e-01,2.352216548890515360e-02,1.976473010791879592e-01,1.295085698536767027e-01,-3.255720674485930444e-02,9.910436714007234693e-01,-9.814385966251517601e-01
9.885016721497744685e-01,-9.954563585392926794e-02,-1.138205189741386403e-01,3.623779614906499802e+00,1.031352725983346180e-01,9.943253270176968250e-01,2.608178669531045768e-02,2.058441956158804098e-01,1.105782967094930819e-01,-3.752080001264935377e-02,9.931589147076290702e-01,-9.747015088628294688e-01
9.877787398869471991e-01,-1.139752824715181273e-01,-1.063146086523295009e-01,3.627992936244929467e+00,1.173997224514210652e-01,9.927309012975299440e-01,2.650778710728713544e-02,2.022732401258570123e-01,1.025205647452733237e-01,-3.866513409434200327e-02,9.939791452589809007e-01,-9.812678476161181829e-01
9.881988147555286206e-01,-1.177104080868362074e-01,-9.801715331412569343e-02,3.638264502339526363e+00,1.208279907502934486e-01,9.923201669487519139e-01,2.648174688442070032e-02,1.889603649666986296e-01,9.414722070789718900e-02,-3.801244657784924597e-02,9.948323249362890364e-01,-9.985237606153296586e-01
9.886190822880465134e-01,-1.154737848047062837e-01,-9.642673466846773955e-02,3.632451065960824010e+00,1.185564243878505231e-01,9.925840469479222383e-01,2.685673064345873648e-02,1.843642849071231160e-01,9.261039019632054392e-02,-3.798308527968247833e-02,9.949776886243827390e-01,-1.007937829394756513e+00
9.875990145878738025e-01,-1.209968175135942847e-01,-1.000397747730806530e-01,3.624714341856528854e+00,1.242731998470730237e-01,9.918759329332410557e-01,2.717177704134949093e-02,1.914645045318805472e-01,9.593934638528846259e-02,-3.926708315366891910e-02,9.946123556420179979e-01,-9.852480362585177565e-01
9.873519023209615941e-01,-1.232200489135451271e-01,-9.976492634652790736e-02,3.625632641950438995e+00,1.265300021453914514e-01,9.915805454153888698e-01,2.753507782465691722e-02,1.903208978313734034e-01,9.553208644362376489e-02,-3.981006781539125211e-02,9.946299708737212919e-01,-9.900326266005395892e-01
9.884600183604650425e-01,-1.125338211706741892e-01,-1.014047888196706049e-01,3.621528144165578667e+00,1.158488228805971271e-01,9.928889000314694568e-01,2.739858447952088147e-02,1.957845680352151285e-01,9.760042182293818258e-02,-3.883003073689186152e-02,9.944678910718809384e-01,-9.916345212287988042e-01
9.918660139820186794e-01,-7.430447422858783846e-02,-1.033472564562857576e-01,3.625157258992582676e+00,7.736785506997088946e-02,9.966648375721441910e-01,2.595027069543043990e-02,2.036516235681526954e-01,1.010743553494172636e-01,-3.373494711581953576e-02,9.943067575118810231e-01,-9.749418164455481151e-01
9.907729815659784833e-01,1.128697665306648140e-01,-7.502875983368473278e-02,3.637803960101271272e+00,-1.139061687432098430e-01,9.934444788416236793e-01,-9.667066842687590048e-03,1.599024860412555094e-01,7.344578763353785955e-02,1.812410721693694104e-02,9.971345109946181395e-01,-9.687286745259217069e-01
9.415522450470183990e-01,3.283298119632857004e-01,-7.535850597695589737e-02,3.663358051114248504e+00,-3.297831756027380656e-01,9.440279143670530226e-01,-7.372515525141658081e-03,3.870252466735427110e-02,6.871991659117659967e-02,3.179357595409986609e-02,9.971292501936499519e-01,-1.014863661429955544e+00
7.973005199742365656e-01,5.954567991039187991e-01,-9.870704761937300342e-02,3.734311744900240537e+00,-5.969312242894829756e-01,8.021100647473662359e-01,1.710431229947018475e-02,-2.033149631835498294e-01,8.935879540971264356e-02,4.528404169126363371e-02,9.949695278002371746e-01,-9.589480533568470744e-01
6.777182418648673989e-01,7.309482507829874187e-01,-8.007895679196913585e-02,3.814758714000727302e+00,-7.340924643910110570e-01,6.788555737315906669e-01,-1.622848538490887296e-02,-3.746371094208147956e-01,4.249986315188289399e-02,6.978369932046825375e-02,9.966564086691158675e-01,-9.665269926937184453e-01
4.187861907773081649e-01,8.969213214614386587e-01,-1.419516450137325581e-01,3.943925060593371779e+00,-9.080813764136531629e-01,4.140697013149976513e-01,-6.272556307915599927e-02,-6.187234035243247554e-01,2.517980325639268980e-03,1.551722448145337607e-01,9.878842210574557692e-01,-9.254108661825163340e-01
2.667975466733179535e-01,9.488312493907035128e-01,-1.689329135153399553e-01,3.995713859671144341e+00,-9.618499686403974014e-01,2.511393970501749617e-01,-1.085064102979370892e-01,-7.727189642847108741e-01,-6.052856280771998221e-02,1.914373616328782501e-01,9.796366824774747073e-01,-9.296641217166832227e-01
9.685672243925771974e-02,9.922937739387928113e-01,-7.727769096342457233e-02,4.073501383599699821e+00,-9.948390892344377567e-01,9.416141134916376776e-02,-3.779967121459022750e-02,-1.038728970234788607e+00,-3.023180195625083111e-02,8.054001995932050240e-02,9.962928000018008712e-01,-9.120370337579842834e-01
5.752317265168988003e-02,9.968538560727896458e-01,-5.452957216868545287e-02,4.105026368165932915e+00,-9.983437206127286911e-01,5.748918339524441284e-02,-2.193012924113472636e-03,-1.254572700966597232e+00,9.487471850494798645e-04,5.456540502336711118e-02,9.985097478008979621e-01,-8.812862430544008419e-01
-4.160721998712044525e-03,9.971155722679121425e-01,-7.578406120873773522e-02,4.173543266760579407e+00,-9.999386188106134110e-01,-4.926758089192527328e-03,-9.923994450670159395e-03,-1.588060514905614617e+00,-1.026873914245585162e-02,7.573811851089826130e-02,9.970748669988885871e-01,-8.573882579514436886e-01
-9.625014466137454816e-02,9.923816828153124714e-01,-7.690582075057292299e-02,4.161436634589220418e+00,-9.953022145845972224e-01,-9.676907393198089236e-02,-3.041048067144395701e-03,-1.797347163288302019e+00,-1.045998545240719654e-02,7.625183239110648603e-02,9.970337239839643928e-01,-8.518351067770073559e-01
-1.290962000258501774e-01,9.863738229929160939e-01,-1.019845696820418091e-01,4.138620612629885009e+00,-9.913864034817430060e-01,-1.306689851572535865e-01,-8.866527477615045519e-03,-2.048197470374723661e+00,-2.207193082681878013e-02,9.996148074292762753e-02,9.947464663105144433e-01,-8.519106853099012167e-01
-8.999354003227177934e-02,9.902824597147511509e-01,-1.060274150103093782e-01,4.101789883092895828e+00,-9.955267680000394748e-01,-9.251990971806881014e-02,-1.914472515235665293e-02,-2.230346557068543678e+00,-2.876833237883286848e-02,1.038302281952065975e-01,9.941788907259448971e-01,-8.721650680530586008e-01
-3.931180708111324529e-02,9.901633985888861345e-01,-1.342796556404961816e-01,4.050982956818286240e+00,-9.979115167008668630e-01,-4.579724393059030757e-02,-4.555455283658154525e-02,-2.474917112924677198e+00,-5.125608900215010422e-02,1.322083830294993045e-01,9.898958312857605302e-01,-8.829860315249997704e-01
-7.728209438319039691e-03,9.917509364100473013e-01,-1.279466877596996122e-01,4.065857378468178851e+00,-9.997171440116888741e-01,-1.054074491193272671e-02,-2.131958409108916652e-02,-2.626366606949083859e+00,-2.249237088421233641e-02,1.277457350618881882e-01,9.915518748030799356e-01,-8.919111077399843879e-01
1.462642409939310384e-01,9.856009147516435753e-01,-8.483872139064120577e-02,4.172986223915049031e+00,-9.879574361580066855e-01,1.499107307260980348e-01,3.829983228773710391e-02,-2.820493571207796091e+00,5.046658445516653824e-02,7.821514977226069754e-02,9.956583320595124853e-01,-7.905613124344128551e-01
4.003402176661854939e-01,9.125647182897703713e-01,-8.338671987618508086e-02,4.259843452251926621e+00,-9.139386978387781246e-01,4.042426157427271294e-01,3.611044461426234087e-02,-2.920694265698482006e+00,6.666158347768727510e-02,6.175388692379126659e-02,9.958627871037500912e-01,-7.474529504391678181e-01
8.512822474205773426e-01,5.212819064446607698e-01,-5.986408973664371358e-02,4.437819386479906925e+00,-5.191754574468726569e-01,8.533305103823989324e-01,4.779000350856475038e-02,-3.009888837043873000e+00,7.599591838648937780e-02,-9.602815417345058474e-03,9.970618869080557500e-01,-8.250306542259958631e-01
9.875436365576718556e-01,1.485408169381226273e-01,-5.189596899384327916e-02,4.546260703867697650e+00,-1.428327057529111543e-01,9.846481506322711796e-01,1.003336315686518265e-01,-2.945147761525425789e+00,6.600290949463367973e-02,-9.167139771928331515e-02,9.935995022031938184e-01,-8.466158036972296630e-01
9.130938121249103645e-01,-4.004800473460203847e-01,-7.665130094743453915e-02,4.590312593047492840e+00,4.069003671500722730e-01,9.070731526217622465e-01,1.079369584802042092e-01,-2.733654084305609633e+00,2.630173896041173090e-02,-1.297460113858987796e-01,9.911983611049339782e-01,-8.525039731916831398e-01
7.763795543507110430e-01,-6.194702847741593299e-01,-1.161522873989979526e-01,4.551027983546858557e+00,6.296166174172257435e-01,7.706570947101046842e-01,9.833899249573060941e-02,-2.544831766814074303e+00,2.859550066511112876e-02,-1.494797934665629824e-01,9.883511970382308220e-01,-8.399224856055507171e-01
4.781753071331784066e-01,-8.708907968517639597e-01,-1.135675816727476362e-01,4.499179727617998559e+00,8.782253301393637690e-01,4.729197516282575009e-01,7.118411354703221838e-02,-2.257867204833495123e+00,-8.285236852463104956e-03,-1.337764122660325961e-01,9.909769050646566324e-01,-8.586006792883468242e-01
2.863453785208328051e-01,-9.502505425750205070e-01,-1.225978406646965890e-01,4.441947292877850728e+00,9.556483194801991266e-01,2.740600560387325135e-01,1.078303072365199566e-01,-2.060167192639110745e+00,-6.886663687473902618e-02,-1.480371305447769903e-01,9.865811645808112429e-01,-8.823867468971435812e-01
2.034404588590699864e-02,-9.888690939539342972e-01,-1.473907555436343719e-01,4.411215298572875199e+00,9.980279677289611850e-01,1.133016593472523786e-02,6.173980053981011074e-02,-1.761848650717855236e+00,-5.938261890314407154e-02,-1.483561335524177238e-01,9.871495136044889929e-01,-9.511149574912094451e-01
-5.838767376567630812e-02,-9.856887365822251112e-01,-1.581410576895706244e-01,4.382760465411865702e+00,9.967340891290191740e-01,-6.641251727389861637e-02,4.594053893341739497e-02,-1.565025967277999364e+00,-5.578561750470731329e-02,-1.549422218902496429e-01,9.863472374145574317e-01,-9.538537519674253895e-01
-1.402262870488860391e-01,-9.739013725997152093e-01,-1.784732609353028021e-01,4.302803383310369156e+00,9.886583189379688497e-01,-1.475150069033228373e-01,2.817891291491475894e-02,-1.301858993384709340e+00,-5.377096628513249738e-02,-1.724976498005409697e-01,9.835411755478523643e-01,-1.013695144224352696e+00
-1.191317976768322962e-01,-9.834008415041587403e-01,-1.368590505271953806e-01,4.241230804687239342e+00,9.907207434422575787e-01,-1.268206703272702351e-01,4.887664156799639836e-02,-1.106394375496740912e+00,-6.542188697607682901e-02,-1.297663381107026226e-01,9.893839872354042164e-01,-1.006634375341053156e+00
-5.040553936306736010e-02,-9.914168863781596119e-01,-1.206310035014230980e-01,4.199441062556829252e+00,9.951630626352492293e-01,-6.005530393571351794e-02,7.774213295005596991e-02,-8.159990224962992977e-01,-8.431939496908870402e-02,-1.161288847506566219e-01,9.896485849828785542e-01,-9.776332116959149943e-01
-4.589876471615395720e-02,-9.918774043455392819e-01,-1.186276449496208724e-01,4.221738632230560562e+00,9.974960964616691461e-01,-5.190391013483861699e-02,4.803666991425677851e-02,-5.962329507951195096e-01,-5.380372609092853864e-02,-1.161257889595454229e-01,9.917761643623291823e-01,-9.669567719076243018e-01
1.215727822397442703e-01,-9.900943665634366342e-01,-7.023677041152689982e-02,4.239230907047435437e+00,9.912903721613895991e-01,1.175006858502340573e-01,5.947257254283139227e-02,-3.877415910641852648e-01,-5.063059034443218726e-02,-7.685528039164360448e-02,9.957558983994493351e-01,-9.722640552044793383e-01
3.552280817625525500e-01,-9.316818232719017434e-01,-7.603939841982454428e-02,4.307051883305960338e+00,9.344201411210208974e-01,3.516588585448191528e-01,5.652474745038778281e-02,-2.439451007606632804e-01,-2.592315171181024114e-02,-9.113192301112378602e-02,9.955013625372992614e-01,-9.696982364151204292e-01
7.157188596480392739e-01,-6.981194454318880860e-01,-1.938437138495778186e-02,4.474372106642648284e+00,6.966676113838039530e-01,7.117328979745559669e-01,8.994732452679991830e-02,-5.152139516619583248e-02,-4.899748149549971316e-02,-7.788146024964812120e-02,9.957578646219565899e-01,-9.458174024011452019e-01
8.438083527934534533e-01,-5.343338970198251436e-01,-4.974686172626936742e-02,4.621560552348221051e+00,5.363601980315048090e-01,8.427474496828494255e-01,4.576542385537782365e-02,6.081804907402928173e-02,1.747002357213121512e-02,-6.529948352524794775e-02,9.977127721582615960e-01,-9.411761387207556728e-01
9.332799088921563957e-01,-3.537853126655139402e-01,-6.184306105312042945e-02,4.875006802354628022e+00,3.578288089348394263e-01,9.307135628808396177e-01,7.570209617924701651e-02,1.883277377602777247e-01,3.077588592599766332e-02,-9.278047430263489104e-02,9.952108462198582250e-01,-9.287846034783590055e-01
9.670833343297589035e-01,-2.431330063120102358e-01,-7.507440111867112742e-02,5.034071607447758723e+00,2.498892199471444142e-01,9.631058264565721672e-01,9.991268587929785783e-02,2.363551776876161026e-01,4.801252144858898091e-02,-1.153841769355360702e-01,9.921599112527454967e-01,-9.071251465137450953e-01
9.940913677368545809e-01,-5.232898051973753489e-02,-9.510010719679662383e-02,5.296670208414857584e+00,5.795038480747224940e-02,9.966713120607311183e-01,5.734150866354048581e-02,3.411429271389690987e-01,9.178292592712061770e-02,-6.251378658271926347e-02,9.938148323482322022e-01,-8.242160806075203849e-01
9.957680185417047136e-01,-2.675999921868674886e-02,-8.792016657940705804e-02,5.442684580809855177e+00,3.167383562965492283e-02,9.979850395639843219e-01,5.497844071072165162e-02,3.487293657527767987e-01,8.627178789175808660e-02,-5.753054187379530449e-02,9.946091771975889007e-01,-7.868382245704935718e-01
9.950857458149536816e-01,-5.210789914242486276e-02,-8.419694366702194788e-02,5.718424496294572279e+00,5.757779062617773141e-02,9.962940291771812396e-01,6.389839945186480408e-02,3.655102650533604836e-01,8.055530089642130853e-02,-6.843226046876391133e-02,9.943982447815463699e-01,-7.657149303816506158e-01
9.940729408380812870e-01,-4.526418785862741656e-02,-9.884402658246489726e-02,5.913744439526800178e+00,5.452380291147617547e-02,9.941644287217377141e-01,9.308191865478274152e-02,3.593575173380226251e-01,9.405393776768083969e-02,-9.791956884036909226e-02,9.907399329937737198e-01,-6.861543147001296639e-01
9.960441846941390232e-01,-5.118411202981505009e-02,-7.263724122455875176e-02,6.190762727076391414e+00,5.795617170125854506e-02,9.938447599753420514e-01,9.441226208122102670e-02,3.595170921170510181e-01,6.735773377073925317e-02,-9.824856103413456831e-02,9.928797288473514282e-01,-6.364970688214155459e-01
9.931906851938074876e-01,-3.294129800342255471e-02,-1.117458443527641065e-01,6.366479997822537484e+00,4.449765867221347482e-02,9.937317997281833737e-01,1.025527599905577680e-01,3.758957645009733950e-01,1.076671779928951439e-01,-1.068268744035848067e-01,9.884309777056791146e-01,-6.508393379987139626e-01
9.892183579649241887e-01,1.465986952886770209e-02,-1.457124857058690603e-01,6.603076815473342798e+00,-1.991230268263426747e-03,9.962315255975296990e-01,8.671091285208219757e-02,4.296396111808625795e-01,1.464345426025062957e-01,-8.548587971717414025e-02,9.855197050804075376e-01,-5.975900822278895630e-01
9.907746994377888416e-01,5.511319009739237829e-03,-1.354072387900281393e-01,6.686433906866326993e+00,5.872293425032131670e-03,9.964882589368493360e-01,8.352643875409354601e-02,4.492522897435445861e-01,1.353920644790422290e-01,-8.355103328974353150e-02,9.872629911590513618e-01,-5.748971835639988814e-01
9.945705816449942338e-01,-2.608895129619010975e-02,-1.007408792229370631e-01,6.788549434518385439e+00,3.550748292067077566e-02,9.950456604752655476e-01,9.286200636420094412e-02,4.644641312608471795e-01,9.781910234194410303e-02,-9.593487473078539385e-02,9.905694942947732562e-01,-5.740819978138922419e-01
9.962665457980182104e-01,-6.492713314529453481e-03,-8.608608713089663245e-02,6.831626821117502857e+00,1.470097381720061533e-02,9.953628332476043283e-01,9.506161979543462093e-02,4.652951852043217262e-01,8.506968374526281684e-02,-9.597226090449781366e-02,9.917421409037522340e-01,-6.045039330069703620e-01
9.974262809558887000e-01,-8.342471723869579470e-03,-7.121247941230963996e-02,6.864538445583868054e+00,1.518737786221396359e-02,9.952532384931780385e-01,9.612666031084002305e-02,4.478625275861896626e-01,7.007251681067680482e-02,-9.696078812789014900e-02,9.928184365499232999e-01,-6.008598693963029813e-01
9.952814648331652636e-01,-1.867552463224557077e-02,-9.521570531832838913e-02,6.853791955118211376e+00,2.907928997816845718e-02,9.936077698455851870e-01,1.090779290088157577e-01,4.494307328494394072e-01,9.256997706558013628e-02,-1.113320460702886538e-01,9.894624676377974382e-01,-5.911049915905106644e-01
9.942732872949994194e-01,-5.180713175226112077e-02,-9.347005547878331488e-02,6.867654451791795900e+00,6.207901155796375497e-02,9.919281726967987822e-01,1.105653496099926331e-01,4.593183166856601995e-01,8.698750769845821351e-02,-1.157347022720381369e-01,9.894638205585950530e-01,-6.271466378922633256e-01
9.928111900992981909e-01,-4.533738672247730750e-02,-1.107721182373938296e-01,6.853008462745815876e+00,5.637212030618062031e-02,9.935284996439884830e-01,9.860681744866564569e-02,4.542175661743558801e-01,1.055846810186413798e-01,-1.041424109589618452e-01,9.889419767477992673e-01,-5.895520052348834916e-01
9.938966911194927478e-01,-5.859461106095692484e-02,-9.346677985437430725e-02,6.850747113544422007e+00,6.563363692266664662e-02,9.950883680830112654e-01,7.410374761236517005e-02,4.524452089127344867e-01,8.866562516575751673e-02,-7.978603424477578865e-02,9.928608138371939340e-01,-5.911563028992935509e-01
9.899593464493132711e-01,-9.892292727119857132e-02,-1.009690390057915027e-01,6.840183150931614442e+00,1.069885907472292869e-01,9.912071317437400886e-01,7.785796960025337388e-02,4.581921220006729967e-01,9.237929328360330872e-02,-8.787875989366818186e-02,9.918383889182608160e-01,-5.861376846128205642e-01
9.902700209546249077e-01,-9.050043075199895592e-02,-1.057116721664975029e-01,6.831420585263568768e+00,1.052631610629381070e-01,9.840148070240289924e-01,1.436472292823823826e-01,4.764649135969614147e-01,9.102171456071665723e-02,-1.533770895250318733e-01,9.839667249898524926e-01,-6.036392961315402150e-01
9.906036654991746682e-01,-1.002273832219331695e-01,-9.305293951343297787e-02,6.839294536576086436e+00,1.100387832956421508e-01,9.881400085404851152e-01,1.071017725923761460e-01,4.761718599846042621e-01,8.121480204015650572e-02,-1.163348407576070137e-01,9.898840137892310764e-01,-6.076796728632312128e-01
9.882569012095521188e-01,-1.068017543721292428e-01,-1.092780054481995861e-01,6.833639827726485372e+00,1.188493841552478864e-01,9.867530955215670918e-01,1.104226080317245867e-01,4.605305979533776961e-01,9.603708188829937487e-02,-1.221135280861404410e-01,9.878588791728977192e-01,-6.124453762634800569e-01
9.874577635722171509e-01,-1.057619240195746685e-01,-1.172244880075864332e-01,6.824591323005488874e+00,1.181717600122977746e-01,9.874772491314507405e-01,1.045185035454637701e-01,4.609778768481073707e-01,1.047024369179590519e-01,-1.170602318273144676e-01,9.875901487094606024e-01,-5.750437784578914524e-01
9.891541016993700142e-01,-1.144245647917333936e-01,-9.209333343702312547e-02,6.836985321327916587e+00,1.247820496386023437e-01,9.853885421776389375e-01,1.159261016036570446e-01,4.584965185195538639e-01,7.748292185578674329e-02,-1.261603737995971586e-01,9.889792499862848363e-01,-6.063666174326953762e-01
9.882563143788799520e-01,-1.153957276250063696e-01,-1.001662774399436212e-01,6.843702222726341766e+00,1.265428512195245214e-01,9.854840240465182477e-01,1.131730761016914166e-01,4.545025141535464219e-01,8.565257670096070031e-02,-1.245193334184733769e-01,9.885133138756926341e-01,-6.148239614754297255e-01
9.894805780707706111e-01,-1.054852031999587852e-01,-9.900029053798399536e-02,6.833538400749485042e+00,1.175564045997298940e-01,9.851319510310760919e-01,1.252818055237664152e-01,4.530435596046544222e-01,8.431297265739530478e-02,-1.356020315613791216e-01,9.871693936088673516e-01,-6.203297099212213839e-01
9.886951258283953603e-01,-1.078149974068533662e-01,-1.042011252210937600e-01,6.825579262955047355e+00,1.199692172163352027e-01,9.856878670810167442e-01,1.184348580857035316e-01,4.598535466815222295e-01,8.994073094923059342e-02,-1.295968943433475906e-01,9.874792706142626608e-01,-6.103727068895700159e-01
9.860511546479834299e-01,-1.240349808191610476e-01,-1.109884856666552705e-01,6.824574764064928800e+00,1.370994280840024948e-01,9.833763940681458093e-01,1.190571896551193276e-01,4.624833099029905803e-01,9.437620058270350387e-02,-1.326129372373811288e-01,9.866645537571756552e-01,-6.052690349808599324e-01
9.859471177430779720e-01,-1.282725569902002372e-01,-1.070253808090459863e-01,6.822003802772810488e+00,1.408501254036621519e-01,9.827712260497133423e-01,1.196743891671093601e-01,4.660143525947808008e-01,8.983052481143806445e-02,-1.330671573753025583e-01,9.870276634624568501e-01,-5.923389886373540136e-01
9.809314266806375970e-01,-1.463789858231860919e-01,-1.278543259325738701e-01,6.803174809434857195e+00,1.591032528873976837e-01,9.826127797665661356e-01,9.569890260643290625e-02,4.553838769459576663e-01,1.116229863018652346e-01,-1.142161002170966611e-01,9.871651287298649491e-01,-5.965239465818585884e-01
9.769543025542284376e-01,-1.746355645188646666e-01,-1.227302339522221425e-01,6.800364324348523226e+00,1.874630636767437575e-01,9.769492589403718785e-01,1.021163317633007744e-01,4.649947182664543877e-01,1.020680678651220280e-01,-1.227703753396577058e-01,9.871724998505780890e-01,-5.866409870146581662e-01
9.714550607834893103e-01,-1.794287418780395882e-01,-1.551785792763278327e-01,6.795887830666495155e+00,1.990072275672305491e-01,9.724472213912883634e-01,1.214187999626596126e-01,4.946224167731695376e-01,1.291169557190710304e-01,-1.488345665375862270e-01,9.803963910324270392e-01,-6.041472457231794602e-01
9.723473571689384976e-01,-1.783362192223463816e-01,-1.507873002612250823e-01,6.795838325578479555e+00,1.973980216969464241e-01,9.726286580332893505e-01,1.225867635697265728e-01,4.852670923235485323e-01,1.247983895598089588e-01,-1.489620303495050868e-01,9.809361220168368867e-01,-6.300181542109480892e-01
9.782912161122477857e-01,-1.631180368068339270e-01,-1.278233255157781578e-01,6.800059770275899140e+00,1.765435771368516482e-01,9.790108789784220944e-01,1.018335122326006065e-01,4.780227715716119374e-01,1.085295436706202044e-01,-1.221892176510948474e-01,9.865551850963328873e-01,-6.200941425817879660e-01
9.785395309929618701e-01,-1.637665241529328297e-01,-1.250636312080768975e-01,6.800384126751347402e+00,1.766131691636586565e-01,9.792263406199258613e-01,9.961707842575619198e-02,4.791750176204653822e-01,1.061516592524686803e-01,-1.195671334564009508e-01,9.871350089197354905e-01,-6.241047486958198887e-01
9.804663886643761872e-01,-1.561929925115074225e-01,-1.195383193362923729e-01,6.804633745385599397e+00,1.681723938512127980e-01,9.809058252078608486e-01,9.768217861843357663e-02,4.784025488561043371e-01,1.019985619790697712e-01,-1.158771382266180205e-01,9.880125415148384160e-01,-6.291971167467779180e-01
