9.931449086658215020e-01,1.160149087212648533e-01,1.427344897191281520e-02,1.780710653695088685e-01,-1.164686400466481142e-01,9.925170443498338990e-01,3.667386754562752121e-02,-8.231936687187908774e-02,-9.911925990519345614e-03,-3.808487402455858900e-02,9.992253480039885449e-01,3.381169609658305625e-02
9.637463229472780224e-01,2.649302365653992131e-01,3.170165230713872795e-02,2.826816526771999682e-01,-2.650152115105226525e-01,9.642429579199389700e-01,-1.567089608045807957e-03,-1.558620444306519082e-01,-3.098326441216366078e-02,-6.891143243926385782e-03,9.994961478020600865e-01,2.994323918802197643e-02
8.951977410666278612e-01,4.456517614547989559e-01,3.938515131629139951e-03,4.918692246921332889e-01,-4.446515842369731519e-01,8.937157402871027667e-01,-5.964179908944441250e-02,-2.594826288893159472e-01,-3.009938578704002624e-02,5.163993682520009315e-02,9.982120736095773106e-01,6.404994361613397524e-02
8.379784981795580512e-01,5.444901641270364356e-01,-3.636616226172085381e-02,6.393406931235330326e-01,-5.449252685701513332e-01,8.313664926733342897e-01,-1.090238805665400823e-01,-3.423070505930805307e-01,-2.912882185192560563e-02,1.111765084401906689e-01,9.933736938879381695e-01,9.047595627099047633e-02
7.591530553636818279e-01,6.481139925165658733e-01,-6.029005918245512741e-02,8.734465167267797536e-01,-6.496924867904858569e-01,7.488056543152672440e-01,-1.311097428625306038e-01,-5.245472500058774301e-01,-3.982852168963055967e-02,1.387023603610315903e-01,9.895328918688338637e-01,9.924873721634860924e-02
7.242532686476911286e-01,6.826608868565110511e-01,-9.711496490972817974e-02,9.949680884091157695e-01,-6.895192998620405245e-01,7.179398426351744078e-01,-9.552757442090996365e-02,-6.516111980979882867e-01,4.509763951380941875e-03,1.361488006310119792e-01,9.906781344694350899e-01,1.569244988277224140e-01
6.572529648145809533e-01,7.466022669261160871e-01,-1.029737600713327983e-01,1.158897702668907126e+00,-7.532338042377640930e-01,6.460644459773684511e-01,-1.234486443727172561e-01,-8.211164845728166073e-01,-2.563935248693456972e-02,1.587003045515059940e-01,9.869938383492118383e-01,1.711737899019039610e-01
5.409157951258725117e-01,8.294160818489011433e-01,-1.395674236839052618e-01,1.259454538820680369e+00,-8.408228241826408711e-01,5.291782523485649703e-01,-1.139620795477444548e-01,-9.366923762977974466e-01,-2.066593614800232848e-02,1.789953642185624916e-01,9.836328474951367973e-01,1.835081621917935280e-01
3.541961486875851439e-01,9.189355384084529899e-01,-1.735009063516654848e-01,1.394922760296390285e+00,-9.337599930799745929e-01,3.373333432508325846e-01,-1.195762972101993143e-01,-1.161540809666160357e+00,-5.135526826108679360e-02,2.043616690604750374e-01,9.775474129885715069e-01,2.361454204647062682e-01
2.761384102864710699e-01,9.419413505872512582e-01,-1.910342126906236504e-01,1.487633935490583204e+00,-9.601399138386509380e-01,2.613892170296489570e-01,-9.903041489631117522e-02,-1.354511869653298062e+00,-4.334655947556968758e-02,2.107656738524868456e-01,9.765750900504979182e-01,1.822641159449587267e-01
2.086897317677918473e-01,9.604106100138763980e-01,-1.845536670658747269e-01,1.539359439049108547e+00,-9.755555782313373170e-01,1.911472548423311935e-01,-1.084160539217447483e-01,-1.624027763685909731e+00,-6.884700165155271945e-02,2.026676766014144093e-01,9.768243973327936924e-01,2.773302143889011528e-01
1.562884865855198036e-01,9.744641951926892309e-01,-1.612248158574637324e-01,1.595568023633296528e+00,-9.784542792333706940e-01,1.304515009462256792e-01,-1.600300888920038744e-01,-1.786622951158788108e+00,-1.349115725603760862e-01,1.827619713954250213e-01,9.738567294016837739e-01,2.510057528978106856e-01
9.905584234237840846e-02,9.842514305090587223e-01,-1.464140076588111294e-01,1.668780537559091393e+00,-9.854305011771561373e-01,7.658425164990924350e-02,-1.518603955906966951e-01,-2.091732746631994821e+00,-1.382558043902006317e-01,1.593234883502614441e-01,9.774974980082163922e-01,2.946171912816374916e-01
1.953210482397220726e-01,9.765306954261497863e-01,-9.076061373226566864e-02,1.759792826137539956e+00,-9.712737470513742588e-01,1.797793784015558338e-01,-1.559060081919034224e-01,-2.343400053234988789e+00,-1.359301158806240084e-01,1.186051263313333409e-01,9.835933242985175351e-01,3.031113171998129907e-01
3.176954895894333886e-01,9.452081583849066826e-01,-7.517388653744445925e-02,1.818450770493596602e+00,-9.454409517360989890e-01,3.097405817108531134e-01,-1.010058355827136850e-01,-2.532410635115772912e+00,-7.218713649169179736e-02,1.031615692205030549e-01,9.920416866044962090e-01,3.013483757215985048e-01
4.870392778844234161e-01,8.717699558143392480e-01,-5.300835724002052329e-02,1.919286790734677783e+00,-8.683083144646507323e-01,4.767870224292452552e-01,-1.368020697014924736e-01,-2.782926095928932586e+00,-9.398623744664512392e-02,1.126555785681317562e-01,9.891791080426752814e-01,3.390613324473470414e-01
5.501648664014887613e-01,8.337264651695258655e-01,-4.710415112663078607e-02,2.061547369590326806e+00,-8.304142367050290074e-01,5.402961816627457337e-01,-1.359861447290191261e-01,-2.991622241491960654e+00,-8.792505476277312493e-02,1.139307568507537671e-01,9.895903027962521525e-01,3.361721202206883752e-01
6.675555116793117083e-01,7.436387473049578256e-01,-3.702772384695539321e-02,2.205708617773625146e+00,-7.398933767755273561e-01,6.569914551869058261e-01,-1.446375428963715959e-01,-3.080938839967396703e+00,-8.323118304025473035e-02,1.239501565876613004e-01,9.887916508808183291e-01,3.755304762551567865e-01
8.813467137509893856e-01,4.724359740582574907e-01,5.676317112175405417e-03,2.421459012225243512e+00,-4.682723471806183868e-01,8.750511625162363805e-01,-1.225009054861954244e-01,-3.173982541109927613e+00,-6.284090249420912211e-02,1.053077081443190149e-01,9.924521689124894408e-01,4.311066127855917030e-01
9.837292609692663836e-01,1.784669162936199927e-01,2.064705551665138930e-02,2.572325747718938072e+00,-1.781807461263302528e-01,9.838838798597950852e-01,-1.497106081413774117e-02,-3.191429749492296075e+00,-2.298614414654692392e-02,1.104856283334902135e-02,9.996747303181129363e-01,4.457856471692565048e-01
9.331791233167728850e-01,-3.576459114838007602e-01,3.558266157359560311e-02,2.750865793133127735e+00,3.551751268447016496e-01,9.328049580334856206e-01,6.103719799431665122e-02,-3.126781997053826423e+00,-5.502138744697206846e-02,-4.432056257617474765e-02,9.975010449399747126e-01,4.418394836432162354e-01
7.773677860757118863e-01,-6.281662350207601886e-01,3.326419022898233213e-02,2.795852126673653792e+00,6.203420767932849023e-01,7.743050518871608112e-01,1.250095771603750294e-01,-3.018882137589105952e+00,-1.042834259676064385e-01,-7.654324138592778770e-02,9.915977507369578836e-01,4.849976764389069550e-01
4.857515151178813939e-01,-8.723599750943921149e-01,-5.507757632644047496e-02,2.801710533033266337e+00,8.655782262924540671e-01,4.712860533037193655e-01,1.693038396782939325e-01,-2.800004059271473889e+00,-1.217365997927188359e-01,-1.299135474641336940e-01,9.840237143769409167e-01,4.868809855193249603e-01
2.221696374201183599e-01,-9.712259434316080631e-01,-8.579521556588520781e-02,2.770549052333896700e+00,9.554936588828814026e-01,1.993614821898408163e-01,2.174554373973529853e-01,-2.646769050102840914e+00,-1.940941010005652057e-01,-1.302887801172962767e-01,9.722922985050992395e-01,4.387586145797452986e-01
-1.152800070775221591e-01,-9.826889899072240864e-01,-1.450271322316157019e-01,2.692326072734621878e+00,9.623152294892838299e-01,-1.466837201453388695e-01,2.289831551387813691e-01,-2.437921818813855612e+00,-2.462923447068414706e-01,-1.131646382906078274e-01,9.625662811356743287e-01,3.899445698114691883e-01
-2.471785315817986717e-01,-9.482010228122624840e-01,-1.995434635933875656e-01,2.647690378475598294e+00,9.462496353095442014e-01,-2.805425472259123754e-01,1.609580904227918552e-01,-2.284808175772106154e+00,-2.086010575275697720e-01,-1.490325452167301501e-01,9.665789669057580635e-01,3.892958027027431656e-01
-4.292406313818537544e-01,-8.803776239542089321e-01,-2.017119719095762376e-01,2.564289137422394838e+00,8.685137343872537663e-01,-4.636247695516583223e-01,1.753167597204519645e-01,-2.066398771749282659e+00,-2.478636188544301455e-01,-9.993654135957531770e-02,9.636266466580671874e-01,3.830885394610108463e-01
-4.428495213186761648e-01,-8.737140851130986707e-01,-2.012659905269662819e-01,2.469411997332511710e+00,8.612324545083053229e-01,-4.769492747607379513e-01,1.754937281124483717e-01,-1.921549499853666854e+00,-2.493250103166926579e-01,-9.561948954155680136e-02,9.636876840815145062e-01,3.546046118831847616e-01
-4.720419552251529094e-01,-8.677639342729707161e-01,-1.554417797193233253e-01,2.342386287184597737e+00,8.526976376981774131e-01,-4.941858379723358397e-01,1.693726548517446584e-01,-1.716379305039925640e+00,-2.237926074989128045e-01,-5.259383920837491788e-02,9.732167060352800991e-01,3.463802166079198441e-01
-5.114468094487156780e-01,-8.343480514403956994e-01,-2.056343603640801709e-01,2.193424635768317810e+00,8.222708726342627950e-01,-5.446837378265394491e-01,1.648946262453627742e-01,-1.500468598560639633e+00,-2.495852021294873990e-01,-8.475231445173136979e-02,9.646368602085748645e-01,3.025173058935967663e-01
-5.531816181213766725e-01,-8.163467773110691938e-01,-1.660362506998011300e-01,2.112524971089750458e+00,8.097766535379586905e-01,-5.737242609011852235e-01,1.228911869836644688e-01,-1.316909694490500105e+00,-1.955808496695937149e-01,-6.647113378919426718e-02,9.784322764582629173e-01,3.166328552358701476e-01
-5.146363047559708859e-01,-8.352649858199567845e-01,-1.936023690203898806e-01,2.034677867243648297e+00,8.137660806051730811e-01,-5.469479778998983521e-01,1.965519664814057155e-01,-1.051600841410954557e+00,-2.700633997483080084e-01,-5.639426331108889773e-02,9.611896000175953469e-01,2.945665451374142041e-01
-4.316511922927399603e-01,-8.846816413977753868e-01,-1.761125820774721018e-01,1.981252008716640534e+00,8.643836324072825539e-01,-4.614937228967912475e-01,1.996609119313337566e-01,-8.558434400407247677e-01,-2.579111944422882163e-01,-6.604496271933496532e-02,9.639086464394608367e-01,2.720626801743807333e-01
-2.910379761668697718e-01,-9.497437766155986116e-01,-1.152547405039500011e-01,1.849796855184956179e+00,9.251674897154932298e-01,-3.100720383046622342e-01,2.189073937424803329e-01,-6.258547394884343973e-01,-2.436432071743957206e-01,-4.291957410707435139e-02,9.689148041784899634e-01,2.478860276052596845e-01
-2.502278260642601393e-01,-9.608889988869798726e-01,-1.186522940407489096e-01,1.775876787143744862e+00,9.365491197155447756e-01,-2.712991700546232843e-01,2.219741126521548313e-01,-4.744452580138053266e-01,-2.454827517834869688e-01,-5.557960188460138451e-02,9.678063475877578536e-01,2.121864339453620463e-01
-2.027927700302678271e-01,-9.696822245390609440e-01,-1.363505622886444502e-01,1.732667580886648517e+00,9.608170450150697040e-01,-2.239125490842764632e-01,1.633823012786009277e-01,-1.850807921447514270e-01,-1.889595153252695559e-01,-9.787519489411118656e-02,9.770950556585981106e-01,1.977373222017312915e-01
-1.009879285276808619e-01,-9.853296694533192346e-01,-1.375750005876829329e-01,1.753771453784316758e+00,9.704618584207190812e-01,-1.280155538004095761e-01,2.044891178908529172e-01,1.873464724449655505e-02,-2.191009348275187729e-01,-1.128603583203042215e-01,9.691528877723678548e-01,2.161949267802528440e-01
1.468852962011429064e-01,-9.887520912933068784e-01,-2.817821362355946851e-02,1.791317999137874040e+00,9.655323186629372056e-01,1.371310920172658654e-01,2.212293046129399088e-01,2.830944890951707649e-01,-2.148768283861137995e-01,-5.970230787217940122e-02,9.748146403585965514e-01,1.955537252203180254e-01
2.801523003481706242e-01,-9.588838415245746205e-01,4.534828632597873166e-02,1.814656887669279683e+00,9.327686099875094339e-01,2.830772207913765937e-01,2.231815567895345520e-01,4.417060578255214698e-01,-2.268422553925935337e-01,-2.022536852827514636e-02,9.737214825792315231e-01,1.844548713509853721e-01
4.660448150819418434e-01,-8.833567211444941503e-01,4.983104999984536848e-02,1.908965502182795149e+00,8.650250164240609330e-01,4.667552654534117273e-01,1.840414168932325012e-01,6.633926863152249664e-01,-1.858331275520928860e-01,-4.266644325888061667e-02,9.816545335930783045e-01,1.731967044407357326e-01
6.108109724003276675e-01,-7.861504613109181472e-01,9.421999881127657295e-02,2.088306564240315577e+00,7.779420530343866824e-01,6.180219247503240254e-01,1.133801686740178172e-01,8.637815229958573093e-01,-1.473638969219072670e-01,4.043848233452004316e-03,9.890740766876129353e-01,2.090060788428591831e-01
7.245008827649277450e-01,-6.761694633656082365e-01,1.337659436654416167e-01,2.223254727957162835e+00,6.662102256111509524e-01,7.367273549303560154e-01,1.157442862022187713e-01,9.664274797877687728e-01,-1.768117817453935259e-01,5.259401979938428499e-03,9.842306297442853236e-01,2.123285220448370703e-01
8.872018751484324062e-01,-4.428927431220341937e-01,1.293013952861510607e-01,2.420248198404798767e+00,4.415758967931833201e-01,8.963198566570634851e-01,4.026713217448651960e-02,1.114437276808892152e+00,-1.337294287148571847e-01,2.137130440803777787e-02,9.907874177862255882e-01,2.455207283807018248e-01
9.306166332540409813e-01,-3.303147180020539753e-01,1.576225522637465237e-01,2.543888385477394820e+00,3.340395778014972894e-01,9.425541961078459652e-01,3.024543220109541034e-03,1.172470631164101995e+00,-1.495668491782581599e-01,4.983748058154657129e-02,9.874948015843788562e-01,2.887035828329330700e-01
9.693921365033524307e-01,-2.244038622480305500e-01,9.960819390809683149e-02,2.752597289271879077e+00,2.256201183492035911e-01,9.742148726079972176e-01,-9.716920683733424897e-04,1.235818522385474516e+00,-9.682173248583060554e-02,2.341556314827893462e-02,9.950262627292261186e-01,3.078064243517343868e-01
9.841591042080294338e-01,-1.635283594600704937e-01,6.847870659370929036e-02,2.924728584917573926e+00,1.626077675937532552e-01,9.865107845903146044e-01,1.884637379387359840e-02,1.251338200800876654e+00,-7.063689915777365824e-02,-7.412660743637706703e-03,9.974745515240346361e-01,3.286778406991235357e-01
9.963143540563810241e-01,-1.139362471667853399e-02,8.501701722027182884e-02,3.168765159826403277e+00,1.397950538205017072e-02,9.994556431737381397e-01,-2.988295094938404894e-02,1.201018242388645518e+00,-8.463026249805546963e-02,3.096130882223059946e-02,9.959312807746950602e-01,3.584949717649167922e-01
9.731244702157361148e-01,2.149254063706451945e-01,8.267910959702147455e-02,3.334538306712552913e+00,-2.106277583808093268e-01,9.758620519347497302e-01,-5.769924603646030270e-02,1.164076922041411111e+00,-9.308443944515357171e-02,3.873403271173577606e-02,9.949044988555774127e-01,3.708826286671947359e-01
9.085969278326628817e-01,4.164889195555969148e-01,3.144205178513000132e-02,3.546440476286698562e+00,-4.082421872114674888e-01,9.014667050953186767e-01,-1.438613783660777634e-01,1.134682324472857662e+00,-8.826063286564420074e-02,1.178760344260126047e-01,9.890982262617568077e-01,4.232990314473287774e-01
8.662625325077067950e-01,4.995833148569528426e-01,-2.395055296557009519e-03,3.675834784861502058e+00,-4.940462587280634588e-01,8.559296103026751146e-01,-1.526525350065144060e-01,1.077890760958161165e+00,-7.421266071323612268e-02,1.334204396771750678e-01,9.882770194971709499e-01,4.295952737211266026e-01
8.001392381428629186e-01,5.982421231396009009e-01,-4.340001941914611860e-02,3.859442225793163761e+00,-5.985054736244835860e-01,7.915232870077816285e-01,-1.236207270886663379e-01,9.292550017308969235e-01,-3.960300021074084770e-02,1.248889435691597910e-01,9.913800250905236977e-01,4.770633170165892722e-01
7.242481045459213673e-01,6.892825035428988834e-01,-1.882321362772079384e-02,3.956947240623199580e+00,-6.844822787991677870e-01,7.153683297573768529e-01,-1.404712169451110826e-01,8.074611737033262626e-01,-8.335882119811487134e-02,1.146201687739811653e-01,9.899058156403997000e-01,4.881260191848430519e-01
5.685644108343256287e-01,8.191127102466753129e-01,-7.608468075088088700e-02,4.117639304764280972e+00,-8.158297954420973275e-01,5.495664588721821397e-01,-1.799957003697501001e-01,5.801631504452364752e-01,-1.056231773879322822e-01,1.644112988667068287e-01,9.807204847475349263e-01,5.035889324446684023e-01
4.925534866464534312e-01,8.620419375324226419e-01,-1.194770301261709744e-01,4.279253590410982966e+00,-8.621337793227682456e-01,4.645792310005181225e-01,-2.022164302760996180e-01,3.627968141000560420e-01,-1.188124965778565439e-01,2.026075913146279106e-01,9.720255935923816093e-01,5.628287298940227723e-01
4.480675456854349425e-01,8.889795116481350457e-01,-9.460920871286930545e-02,4.365671028148913280e+00,-8.876272459836449524e-01,4.297624828413864617e-01,-1.655961368193652472e-01,1.563486668568847548e-01,-1.065520844043952586e-01,1.581759659741381330e-01,9.816450565745376000e-01,5.807841219324617610e-01
4.403084996227106807e-01,8.921920823470641526e-01,-1.006067262026164449e-01,4.437941379126304042e+00,-8.879510084895190225e-01,4.161227911558214032e-01,-1.959204665243929055e-01,-1.252704620139030167e-01,-1.329339372863239388e-01,1.755992906531787523e-01,9.754452611190729261e-01,5.970071519230969459e-01
3.449713812518335199e-01,9.323947575248823227e-01,-1.078645551482012160e-01,4.472409243543689072e+00,-9.202388577308180384e-01,3.133501026337955353e-01,-2.344614209239338498e-01,-2.707460696071588568e-01,-1.848112302850729027e-01,1.801436352456201040e-01,9.661227043398840086e-01,6.275599734715958666e-01
1.583338995053050480e-01,9.830628238895823268e-01,-9.229225619566007455e-02,4.552802260719273519e+00,-9.664306307889214409e-01,1.351403600727740240e-01,-2.185152602275858003e-01,-5.287514103104455909e-01,-2.023418200480869567e-01,1.237924366253542879e-01,9.714593251876196822e-01,6.078511849560569447e-01
1.064484816385171811e-01,9.863737155578721216e-01,-1.254416757438036323e-01,4.579994476841764417e+00,-9.785031744098009465e-01,8.150692934852427074e-02,-1.894417011592710864e-01,-6.890264517221891261e-01,-1.766359488518633725e-01,1.429108593660184945e-01,9.738461006999350467e-01,6.196673063974951212e-01
1.614014563033132899e-01,9.803767680879786894e-01,-1.131855224688237127e-01,4.611956218186276324e+00,-9.731872957488755249e-01,1.390656325845159302e-01,-1.832136382119527729e-01,-9.607003332536265816e-01,-1.638781782183383606e-01,1.397216605513952603e-01,9.765356113714437347e-01,6.100265288908350847e-01
2.497449594730990485e-01,9.669301111271197957e-01,-5.170701512829132401e-02,4.651706389027093991e+00,-9.607589023622254976e-01,2.407869277515513329e-01,-1.377097925192760641e-01,-1.118559608084193968e+00,-1.207053716680118322e-01,8.407030165085929707e-02,9.891220337404383889e-01,6.489425270811797208e-01
3.446844906488312765e-01,9.387138800439219777e-01,-2.975452745822676579e-03,4.759836016829869010e+00,-9.301785767353307754e-01,3.411204142035744180e-01,-1.356638433637256946e-01,-1.358947905936037426e+00,-1.263345451125355012e-01,4.952892514954088804e-02,9.907504571206314781e-01,6.631536927884775778e-01
4.177274680926695849e-01,9.068829518016588986e-01,-5.538117128049385024e-02,4.872100361893421550e+00,-9.035598496521922707e-01,4.082565404533610720e-01,-1.300238257918994167e-01,-1.572780994322655168e+00,-9.530666554547288782e-02,1.043547263355374538e-01,9.899629945578969359e-01,7.164350389894044158e-01
5.770209789376978815e-01,8.141801843047569154e-01,-6.447803774351813788e-02,4.975780852017201106e+00,-8.141118160023608219e-01,5.670610362216366163e-01,-1.251548330851962043e-01,-1.663086104858706227e+00,-6.533560217155895411e-02,1.247092967052480517e-01,9.900398226355151543e-01,7.180674973885208257e-01
8.338449770082493329e-01,5.472929395318081314e-01,-7.192351949638119135e-02,5.139984454343154319e+00,-5.519657377784479291e-01,8.281108505607593928e-01,-9.780717510607485343e-02,-1.792938794751875342e+00,6.031470534365427488e-03,1.212553401800091218e-01,9.926030242957268879e-01,7.192878980878680828e-01
9.506692405702124038e-01,3.043776635248446882e-01,-5.985175837695733136e-02,5.260821539888490328e+00,-3.058874343154940889e-01,9.519030213251418182e-01,-1.770636947406291004e-02,-1.829995496843223490e+00,5.158364626062488661e-02,3.514080163036119309e-02,9.980502249382213753e-01,7.557539448249960268e-01
9.786158072425480414e-01,-1.976315567669680862e-01,-5.703393362624370466e-02,5.404001320904960437e+00,2.003796708244144631e-01,9.785763206526461033e-01,4.729029687187479708e-02,-1.812251154227812355e+00,4.646600192955583492e-02,-5.770747289385760870e-02,9.972516022734118080e-01,7.920851715727574849e-01
8.777898420683191150e-01,-4.751048280802980250e-01,-6.132206370033474463e-02,5.472504208620796895e+00,4.787459949258902059e-01,8.745522677908701414e-01,7.720494313362900873e-02,-1.736963614163495206e+00,1.694890864029176963e-02,-9.712740723728711945e-02,9.951276306380328895e-01,8.038560950063606825e-01
5.988419601090617661e-01,-7.988902273277859178e-01,-5.623798976579389569e-02,5.512054006604062195e+00,7.963672265306963594e-01,5.865735514469726519e-01,1.474133957640676729e-01,-1.551413304790659753e+00,-8.477940386995663768e-02,-1.330634188011337871e-01,9.874748499361433174e-01,7.786059029471331661e-01
3.283396997061071576e-01,-9.407749211741961437e-01,-8.447241731234156337e-02,5.486662351242595825e+00,9.271131720580153557e-01,3.038747100389835309e-01,2.193657375144301425e-01,-1.416946642062549833e+00,-1.807047531013773745e-01,-1.503419711471497278e-01,9.719789524049168294e-01,7.505603115866467112e-01
-7.497363624499413237e-02,-9.790247596969002819e-01,-1.894451735163289463e-01,5.402843025254220777e+00,9.610790564597920804e-01,-1.216023490508287425e-01,2.480724006004647042e-01,-1.196519597995915785e+00,-2.659060005012300887e-01,-1.634728986888928925e-01,9.500371625845435153e-01,7.284883076924860701e-01
-3.237184446573139196e-01,-9.129348273273711900e-01,-2.485082888786501187e-01,5.342532946872860400e+00,9.113063080443015718e-01,-3.714743272893609727e-01,1.775602350854000311e-01,-1.066278754890503722e+00,-2.544153719949233672e-01,-1.689876481215762949e-01,9.522163584370008094e-01,6.998595682629142889e-01
-5.592052022372706599e-01,-7.838019031281068250e-01,-2.700816884639408166e-01,5.224349710246977807e+00,7.670292171553428906e-01,-6.127749282986272306e-01,1.901921851146240183e-01,-9.175057442299642263e-01,-3.145722839361983492e-01,-1.008040867295177390e-01,9.438658878663808149e-01,6.462523064925929095e-01
-5.985719157953268699e-01,-7.624072062885693946e-01,-2.458595400231055050e-01,5.043487145646630587e+00,7.477755934847047925e-01,-6.418581379355683403e-01,1.698522668511776579e-01,-6.923615419537858529e-01,-2.873035388047121552e-01,-8.217896668336553689e-02,9.543077564523633205e-01,6.672693563262803718e-01
-6.082240249361259288e-01,-7.515143886560615716e-01,-2.555184125134759010e-01,4.916791284248779981e+00,7.152224087275107500e-01,-6.584846698096281647e-01,2.342111134846587284e-01,-5.609393789239145445e-01,-3.442679792610945921e-01,-4.029966834370692780e-02,9.380061274783174641e-01,6.444554477504100820e-01
-6.123614399934486086e-01,-7.496092012417773232e-01,-2.511961628345789621e-01,4.756193720177575912e+00,7.071137034825942802e-01,-6.614260942249249320e-01,2.500114641881282518e-01,-3.145636873916815568e-01,-3.535585908393131804e-01,-2.452686877746303867e-02,9.350907739635184734e-01,5.692986133310179442e-01
-5.573690304823047947e-01,-7.818139972258189019e-01,-2.794756475992220546e-01,4.660108713853016837e+00,7.521049146315942346e-01,-6.180146474232790510e-01,2.289019286884316218e-01,-1.261868034232680458e-01,-3.516787756550271982e-01,-8.261216201062136777e-02,9.324683744994849421e-01,5.621472209624581717e-01
-4.160114156372334282e-01,-8.481707047166854307e-01,-3.279343802041925771e-01,4.550080326804661013e+00,8.414316707006296303e-01,-4.957937521826016325e-01,2.148983453604184080e-01,1.362010272762867458e-01,-3.448582978579076697e-01,-1.865342085439020692e-01,9.199335538186693695e-01,5.550262830436795136e-01
-3.848776443288034477e-01,-8.606573354293286515e-01,-3.333738890009247391e-01,4.458331556272472795e+00,8.742623155271997959e-01,-4.557392895997713911e-01,1.672336795149722277e-01,3.163736901476535968e-01,-2.958624723497923492e-01,-2.270917235100950449e-01,9.278441391571554675e-01,5.387983424554150247e-01
-3.607962141765029274e-01,-8.892257730207158151e-01,-2.812536514102796370e-01,4.347159427747459226e+00,8.714158705056714860e-01,-4.288812017075332439e-01,2.381077391702055845e-01,5.996887787906368672e-01,-3.323559424273130336e-01,-1.591805246178507049e-01,9.296241649804711793e-01,5.688443060954451180e-01
-3.322727320492493419e-01,-9.035706170213719801e-01,-2.704717574759820664e-01,4.302444157173630934e+00,8.867472442407362543e-01,-3.969777969633039305e-01,2.368289542045552976e-01,8.178191247353592264e-01,-3.213629667027443348e-01,-1.611482819448613046e-01,9.331436517804909681e-01,5.012443524995694455e-01
-3.218198383624548131e-01,-9.194323471446097518e-01,-2.260003333194864072e-01,4.246344402722272982e+00,8.941296223334278537e-01,-3.736366367194252081e-01,2.468357392414621543e-01,1.146354266772450448e+00,-3.113907675289140364e-01,-1.226369549734164927e-01,9.423353793488822294e-01,5.313872751311892184e-01
-2.661847079082380607e-01,-9.369898630056922029e-01,-2.262646633930753270e-01,4.202609736724950196e+00,9.117150298100133998e-01,-3.209363649790649697e-01,2.564674522284495217e-01,1.363633395340760890e+00,-3.129239615215388404e-01,-1.380211804709701728e-01,9.396960934509975827e-01,5.068854397800093281e-01
-1.836034974182562951e-01,-9.688824186792438509e-01,-1.660018509235502704e-01,4.098211652250458137e+00,9.308556411002182340e-01,-2.256376212573936169e-01,2.873942228111207031e-01,1.685629978156560460e+00,-3.159074724783941246e-01,-1.017571749193406233e-01,9.433175214023892252e-01,4.979469456738152555e-01
-1.892175947046879636e-01,-9.671771166888551985e-01,-1.696028502343251421e-01,4.023398990596795954e+00,9.232614890351187320e-01,-2.340483985107420228e-01,3.046466313931827652e-01,1.889942568956610280e+00,-3.343425260400316179e-01,-9.894327722483929610e-02,9.372434599255302645e-01,4.904889164583566830e-01
-3.008927240831238414e-01,-9.282650157794944956e-01,-2.186038176101547659e-01,3.923094921732823259e+00,9.202319116131432164e-01,-3.427724323472066126e-01,1.888922668390675685e-01,2.192523102647514932e+00,-2.502734453406091908e-01,-1.443299002378798657e-01,9.573568208639161581e-01,4.491639844855476738e-01
-3.506308714245613412e-01,-9.053754382589650485e-01,-2.394855064538176093e-01,3.874238706407484134e+00,8.898120587874164267e-01,-4.018144602314104308e-01,2.162860133837630205e-01,2.381706166582930884e+00,-2.920487836655952241e-01,-1.372605381977249905e-01,9.465025370346964451e-01,4.411421232758704902e-01
-3.364683246931913230e-01,-8.982292883426015173e-01,-2.827953536423514214e-01,3.779762577031430038e+00,8.936078047466065044e-01,-3.992865692822046841e-01,2.050251859816240585e-01,2.721944748492230559e+00,-2.970760134613857351e-01,-1.837236543137344136e-01,9.370119855538122655e-01,3.951820486650213793e-01
-3.764289191635880050e-01,-8.885586112057989316e-01,-2.622305536533771075e-01,3.686518604501346275e+00,8.823737834460584351e-01,-4.301225103981828890e-01,1.908170127002700722e-01,2.903007101138984858e+00,-2.823433638398869516e-01,-1.595563239134972222e-01,9.459513752803513364e-01,4.317850537984155301e-01
-4.680834800820260488e-01,-8.517648887714628358e-01,-2.353602131424063215e-01,3.549392169227760352e+00,8.280863482974266665e-01,-5.157700132007939642e-01,2.196685986805746449e-01,3.195724341798631851e+00,-3.084977397611430305e-01,-9.207533730045357190e-02,9.467582990517028341e-01,3.793812975442136803e-01
-5.379195098596687430e-01,-8.016852377748060476e-01,-2.606595105617446895e-01,3.452374052819426886e+00,7.890500803010572772e-01,-5.876574875530350406e-01,1.790492895818101005e-01,3.398107105239497994e+00,-2.967196853753218955e-01,-1.093593016474093405e-01,9.486822289122742724e-01,3.781833857509395158e-01
-5.749164205373999970e-01,-7.603758057178835461e-01,-3.021584741081152492e-01,3.349242779919474611e+00,7.457456572506517833e-01,-6.389026114215806684e-01,1.888567388537653602e-01,3.663981909745828602e+00,-3.366519331420183003e-01,-1.167565295714367291e-01,9.343625574230679520e-01,3.452923680131544382e-01
-5.646780124508476995e-01,-7.600823837692579632e-01,-3.215797135053834466e-01,3.250008823879704245e+00,7.543525023822663655e-01,-6.334015710110193487e-01,1.724956578885005753e-01,3.803153081970849669e+00,-3.348000065773208966e-01,-1.451799563452778885e-01,9.310379884147632623e-01,3.332316984974348362e-01
-5.999978426162246858e-01,-7.482998816346775328e-01,-2.829308678836676139e-01,3.035607203766278239e+00,7.343209650857147608e-01,-6.554832121668272560e-01,1.763929669886068197e-01,4.054951849308845446e+00,-3.174512704202983038e-01,-1.019266683110341548e-01,9.427808044267504961e-01,2.731669776982749154e-01
-6.441243329883499236e-01,-7.150393266911441170e-01,-2.717031559209248104e-01,2.914791171514290458e+00,6.951709851114425964e-01,-6.954069373149561750e-01,1.820617834511679134e-01,4.217529865569832559e+00,-3.191255945728898591e-01,-7.160972573128382423e-02,9.450031227827713209e-01,2.823761949255584325e-01
-6.721083112233905421e-01,-6.874388378706260960e-01,-2.751331717033166369e-01,2.771232989371616107e+00,6.716222609889258566e-01,-7.224304678648512112e-01,1.643707931619729778e-01,4.443275978216651545e+00,-3.117594529899068156e-01,-7.431058664589253182e-02,9.472507483152372565e-01,2.226545943853942555e-01
-6.149403616789759219e-01,-7.349561739895908996e-01,-2.858107308914663580e-01,2.709447713876332209e+00,7.131643388103141579e-01,-6.729910018582879738e-01,1.961625276831074349e-01,4.549310848380246242e+00,-3.365189109506008802e-01,-8.320176519979256835e-02,9.379938639672754652e-01,2.521145896932266428e-01
-4.562145034419995415e-01,-8.471711490657910515e-01,-2.723405424091661642e-01,2.613635925017652184e+00,8.363490406981581859e-01,-5.127383656781392407e-01,1.939578574974005765e-01,4.756822155294027077e+00,-3.039549456291852914e-01,-1.392853637402709233e-01,9.424494567218441032e-01,2.066847873602720154e-01
-3.796286334243504368e-01,-8.846268904393687071e-01,-2.707717957910960593e-01,2.516877683733725224e+00,8.654262136533958927e-01,-4.430216450225263891e-01,2.340283973433182341e-01,4.923015007828597689e+00,-3.269855798134032598e-01,-1.454891293296834420e-01,9.337630019662284120e-01,2.092037083468893666e-01
-3.757831189852312015e-01,-8.825936638299861636e-01,-2.825163217460093801e-01,2.408922853637679662e+00,8.623740978087593989e-01,-4.446562331752984543e-01,2.420573273563175476e-01,5.190188573042503251e+00,-3.392609068464274569e-01,-1.526737006347773373e-01,9.282202207559484552e-01,1.530046881610220844e-01
-4.307790331705411147e-01,-8.461667504962541164e-01,-3.137375574190403582e-01,2.364382481098585842e+00,8.422130859183101226e-01,-5.018359920699697607e-01,1.970729686464057495e-01,5.360483500281816305e+00,-3.242013918671721728e-01,-1.793389735048153411e-01,9.288331336109985070e-01,1.779268217065641811e-01
-5.473998231412673388e-01,-7.645807242785270796e-01,-3.402495403180346156e-01,2.263740371376465887e+00,7.499204800254883896e-01,-6.286109368778066697e-01,2.060765966235560964e-01,5.573567359468144744e+00,-3.714467758148547460e-01,-1.423538060584627896e-01,9.174762594407651628e-01,1.362803488423022791e-01
-6.263865645726784948e-01,-6.969034147034381954e-01,-3.492355971225254985e-01,2.171486942272816023e+00,6.978511663739619397e-01,-7.009684579649558822e-01,1.471290947730370391e-01,5.651704899767793222e+00,-3.473379065310021052e-01,-1.515547805676902282e-01,9.254120850592667535e-01,1.244743689930952191e-01
-7.790290746919658060e-01,-5.335618705849324295e-01,-3.292801710435793172e-01,2.028171341654591675e+00,5.418657191312077348e-01,-8.371532794697142954e-01,7.453810504380938007e-02,5.790681197922173062e+00,-3.154286658105115992e-01,-1.203582856766043235e-01,9.412856313861318602e-01,1.685450838605795920e-01
-8.936830890676724648e-01,-3.082635159122990576e-01,-3.260431582963394526e-01,1.944711640220541549e+00,3.037957321827145507e-01,-9.504538674017171118e-01,6.592115782272127411e-02,5.831573727008819041e+00,-3.302100686260671103e-01,-4.013789603987366617e-02,9.430536887576760341e-01,1.487384121770624623e-01
-9.237899722347950870e-01,1.921025416652228368e-01,-3.312230376712937963e-01,1.872359026684770278e+00,-1.822030300128395230e-01,-9.813667249787032532e-01,-6.100333563597260672e-02,5.784796826730940644e+00,-3.367701635427015061e-01,3.995571340381753878e-03,9.415784047847982619e-01,1.163587308971024137e-01
-7.962174430125055213e-01,5.178556949903914131e-01,-3.128310448287506262e-01,1.824486948687300325e+00,-5.014019841992330973e-01,-8.541688835678459268e-01,-1.378099001724195360e-01,5.720241010915234625e+00,-3.385761859370807203e-01,4.712746025916225712e-02,9.397580373722906888e-01,1.089335309440702115e-01
-5.089168725286014050e-01,8.095423634682301639e-01,-2.926512918235297800e-01,1.844440965062901894e+00,-7.814287194176920970e-01,-5.770670030463270761e-01,-2.374085728535444695e-01,5.533996536231067687e+00,-3.610717010857174558e-01,1.078648957974894934e-01,9.262787868291394444e-01,8.391488689710412119e-02
-3.654235606081744359e-01,9.032829234709751631e-01,-2.248234452146259943e-01,1.908905524818599986e+00,-8.796553677698495388e-01,-4.140941523079052500e-01,-2.339497103611982154e-01,5.399478857974652435e+00,-3.044208522853436016e-01,1.122764142201160137e-01,9.458974318094627298e-01,8.075745129556403945e-02
-1.037257451913026068e-01,9.836898791721341295e-01,-1.469530244629990157e-01,2.051082969385825017e+00,-9.665796191104650825e-01,-1.345238095251459487e-01,-2.182365335848034937e-01,5.216396342002101782e+00,-2.344457500249847448e-01,1.194050513385256085e-01,9.647681711219880940e-01,1.083868626225972104e-01
1.406243525072527478e-01,9.863237682269889728e-01,-8.596636384325326286e-02,2.147795616806293495e+00,-9.694994510569960866e-01,1.195786875700714513e-01,-2.139433380107997607e-01,5.088182598323076178e+00,-2.007376543703244809e-01,1.134299859364086283e-01,9.730560273737405286e-01,1.233117824773636156e-01
4.019400454520007382e-01,9.147712893830743930e-01,-4.046835779312828868e-02,2.267986496906529759e+00,-9.032603352530582663e-01,3.888567085001239931e-01,-1.814145170954715169e-01,4.825091133049627778e+00,-1.502163993063907743e-01,1.094712216743679023e-01,9.825737046168819822e-01,1.488041074120579066e-01
4.623298129971181725e-01,8.854767540386758728e-01,-4.671254725639934630e-02,2.313906726672594338e+00,-8.759150043868768609e-01,4.478736211039585080e-01,-1.793937697055444924e-01,4.669869816899637982e+00,-1.379276952029137304e-01,1.238553090358232162e-01,9.826677023895982188e-01,1.858854351922973325e-01
3.466465367968466493e-01,9.358443960929495598e-01,-6.349365974785314837e-02,2.401998141120049279e+00,-9.188228421831586834e-01,3.251658452876472483e-01,-2.236777989448950066e-01,4.400729334685911986e+00,-1.886816451306682352e-01,1.358765592727215477e-01,9.725928220128864377e-01,1.484817079979244281e-01
2.548622846245116591e-01,9.617052321167489648e-01,-1.008378024118203875e-01,2.468443361728845264e+00,-9.514589560279963498e-01,2.307974102638788438e-01,-2.036133846523913993e-01,4.258780634277782973e+00,-1.725429536958558163e-01,1.478364026035454415e-01,9.738446114217355065e-01,1.947830383622546901e-01
2.639749833637160537e-01,9.625981493154965873e-01,-6.100828708059104905e-02,2.591152891938456992e+00,-9.455923660803992048e-01,2.458017276846872490e-01,-2.131585979445723700e-01,4.044825851969596542e+00,-1.901901295246384016e-01,1.139575078772994132e-01,9.751109685721904841e-01,1.841397575667973463e-01
3.109896226582301026e-01,9.504101130866536851e-01,-2.464049818249854865e-03,2.681209101407736828e+00,-9.370189392332836098e-01,3.061720204121271549e-01,-1.680898611900447925e-01,3.873753816920598059e+00,-1.589998808711004241e-01,5.458306385108036007e-02,9.857685970975154088e-01,1.790692077624339296e-01
3.644103109811940300e-01,9.312376960930500713e-01,-1.215987622664276230e-03,2.777689101138074435e+00,-9.240690224285867949e-01,3.614427434182579946e-01,-1.243204931544271002e-01,3.568572959708612213e+00,-1.153324197199818851e-01,4.642732606550045021e-02,9.922413700082961530e-01,2.449569805822700563e-01
3.362895744808331311e-01,9.416754546761583189e-01,-1.251639548558249222e-02,2.869918786734670491e+00,-9.248142605209206391e-01,3.277000177619179833e-01,-1.932130479444443549e-01,3.353337918622663061e+00,-1.778423617495101527e-01,7.655087471276794675e-02,9.810769887975485659e-01,2.518144962698857792e-01
2.085175331930147757e-01,9.714784449219330265e-01,-1.129162052283171486e-01,2.946986429700165999e+00,-9.542729312652885598e-01,1.768076937155480255e-01,-2.410440044832964923e-01,3.105472755069730972e+00,-2.142046008036576632e-01,1.580147793564015690e-01,9.639230874398082571e-01,2.936573231467587974e-01
1.782388597904070449e-01,9.740903716157236492e-01,-1.392079623662297316e-01,3.007006343959954364e+00,-9.567862089696327343e-01,1.385342058318124459e-01,-2.556724939059108470e-01,2.957919342463151580e+00,-2.297630500888566407e-01,1.787630323643310537e-01,9.566884127414596595e-01,2.925774781493357124e-01
1.204932685538377818e-01,9.843605462459562583e-01,-1.285133737304258728e-01,3.048450507035483259e+00,-9.721334800231659079e-01,9.077861353044726356e-02,-2.161382435931676615e-01,2.699332930943140418e+00,-2.010916936406434152e-01,1.509753566641024447e-01,9.678680552786539382e-01,2.804698739629922222e-01
4.720371350300636704e-02,9.911968867405686057e-01,-1.236953562076257007e-01,3.020227576069140607e+00,-9.849159567808858373e-01,2.554773870441190420e-02,-1.711369951982454618e-01,2.526000619761277211e+00,-1.664703202072945754e-01,1.299078317996890108e-01,9.774515782007738851e-01,3.095916896494401716e-01
-1.973484445121934661e-01,9.625752667359174231e-01,-1.857483440488665316e-01,2.946589687156151882e+00,-9.591781646776639247e-01,-2.287421035032076444e-01,-1.662958162147116781e-01,2.292069516426336495e+00,-2.025607065899179271e-01,1.453475350778476449e-01,9.684230760326738574e-01,3.077656482712451402e-01
-3.459920839538873638e-01,8.942253158079922493e-01,-2.839904266156582646e-01,2.843199036518256229e+00,-9.107085183484863178e-01,-3.928700621349300315e-01,-1.275268947540169340e-01,2.157582449721945572e+00,-2.256091142856417597e-01,2.145092045721897489e-01,9.503085439503602405e-01,3.127092973203707826e-01
-5.476997342398634006e-01,7.626690223356340503e-01,-3.440362822191752601e-01,2.688209503199218808e+00,-7.806052564625473034e-01,-6.137920138420689398e-01,-1.179609991765893234e-01,1.977656255184681910e+00,-3.011319224137891104e-01,2.039493224144334482e-01,9.315171706361983217e-01,2.421924336794519794e-01
-6.266216175132388599e-01,7.090528323519627030e-01,-3.234028902139748918e-01,2.556903527751395622e+00,-7.239521250726369539e-01,-6.832404863371076553e-01,-9.526677507214457996e-02,1.880166331655336753e+00,-2.885111246865632029e-01,1.744319889340623375e-01,9.414535634690648358e-01,2.365598088493530149e-01
-7.011986992983061384e-01,6.416240149556416972e-01,-3.108681513673713925e-01,2.330343111051970784e+00,-6.472004897525397427e-01,-7.557347409203882815e-01,-9.998263564273214554e-02,1.739656258543722966e+00,-2.990851219409565442e-01,1.310863257483289301e-01,9.451795940641996019e-01,2.381821356463137140e-01
-7.742985537762971937e-01,5.391862471988583261e-01,-3.312701925189570629e-01,2.152057497705528455e+00,-5.400101125745341291e-01,-8.358948470751506044e-01,-9.833047823767822326e-02,1.671442069741021719e+00,-3.299254884624312489e-01,1.027521068631835066e-01,9.383981972478431244e-01,1.976194888254810267e-01
-8.641387803945695945e-01,3.540971506234576460e-01,-3.576022596943914111e-01,1.933765641567634308e+00,-3.622814737995696532e-01,-9.309158133597167373e-01,-4.634524979358461971e-02,1.580053481349478428e+00,-3.493083193395168373e-01,8.950394604243060159e-02,9.327232932027775814e-01,1.982031287135176123e-01
-8.918571561245535184e-01,2.558791887762134065e-01,-3.729834497945605509e-01,1.776102457204896901e+00,-2.714257293315811559e-01,-9.623940254909224556e-01,-1.121664638819581429e-02,1.549110556713757303e+00,-3.618271500678788555e-01,9.123365854006668108e-02,9.277701940799509828e-01,1.611575604963867703e-01
-9.302793925632502070e-01,1.616731688482125617e-01,-3.293053875154918209e-01,1.506419442340008352e+00,-1.794890843075867548e-01,-9.834617858710165139e-01,2.421950341802735218e-02,1.561365841634898111e+00,-3.199436206374093317e-01,8.163762739061669604e-02,9.439128018029288025e-01,1.279724107792315491e-01
-9.328984432556782780e-01,4.654382267950849666e-02,-3.571192617901073896e-01,1.326958910342915354e+00,-7.577267858554977142e-02,-9.947839826035991262e-01,6.828857250883410557e-02,1.627934431162460172e+00,-3.520781102981316302e-01,9.076618602597449903e-02,9.315591788626172987e-01,9.518960505272380801e-02
-8.906623770111227190e-01,-2.591399872036647123e-01,-3.735866662623039125e-01,1.079042662542338382e+00,2.172727937230454209e-01,-9.643697104004312903e-01,1.509423557851551079e-01,1.721911949552308085e+00,-3.993908652994959119e-01,5.326845871877525229e-02,9.152318875678693288e-01,5.837767348601993062e-02
-8.329844515089207535e-01,-4.426950833195547608e-01,-3.319005374341474357e-01,9.578436411933796135e-01,4.001787739403921962e-01,-8.962837114000671290e-01,1.911346582032855679e-01,1.765187902934554520e+00,-3.820914189457119137e-01,2.639264828725477671e-02,9.237475714092225898e-01,5.077122824143624757e-02
-7.238910105733727951e-01,-5.946076899590615472e-01,-3.498906970078096146e-01,7.700790274833928528e-01,5.646615402128060124e-01,-8.020208395488307440e-01,1.947303723970443268e-01,1.888087289209471331e+00,-3.964078074604025503e-01,-5.660625381473593370e-02,9.163277700765688483e-01,1.348588962579939238e-02
-7.073583015185916922e-01,-6.336704025038915056e-01,-3.132188600057321248e-01,6.303786204787604763e-01,6.180792520144180457e-01,-7.694770603183503921e-01,1.608822298239568627e-01,2.013214355769120889e+00,-3.429610349617452925e-01,-7.979269787635330513e-02,9.359545148475862941e-01,-4.584790437603639135e-03
-6.403442209892977743e-01,-7.015289435444344024e-01,-3.127561670295888052e-01,4.787145010149611024e-01,6.891692479579049069e-01,-7.045430459183981142e-01,1.693069523592071468e-01,2.206348022717430357e+00,-3.391239099720715910e-01,-1.071272039094494366e-01,9.346222423352636977e-01,-4.185643662083300687e-02
-5.428225443449424814e-01,-7.812442652353798200e-01,-3.082224576303867480e-01,3.545723183003418599e-01,7.663082662279787627e-01,-6.109125770357729523e-01,1.988905838147730365e-01,2.328287811107309313e+00,-3.436791039058863517e-01,-1.282311243666815759e-01,9.302910578319575352e-01,-5.178397470268956970e-02
-4.617819231972702942e-01,-8.557917362177520637e-01,-2.331908223529321200e-01,1.812191752188024030e-01,8.105042958908802442e-01,-5.139182001564690516e-01,2.810175615337326405e-01,2.547472860598334332e+00,-3.603335146092571661e-01,-5.923333326212373157e-02,9.309410134267355197e-01,-8.073855495536050308e-02
-4.368800139299019447e-01,-8.768595890517942859e-01,-2.006317883998645635e-01,9.576994677679620538e-02,8.202172867965544789e-01,-4.798988013545851250e-01,3.113530839714498399e-01,2.692649615613212255e+00,-3.692958920279354462e-01,-2.853772146391190048e-02,9.288735880543372847e-01,-1.010610496066164099e-01
-4.010489253347107041e-01,-8.962080009461372843e-01,-1.896601658968027349e-01,-2.036012326005119666e-02,8.469752272351849243e-01,-4.416462283078311235e-01,2.959418413664671732e-01,2.947227242002397052e+00,-3.489881429759203457e-01,-4.195030466630975813e-02,9.361877204923280127e-01,-1.052206782050882777e-01
-3.247459821855516182e-01,-9.254276800203647957e-01,-1.952528005086415219e-01,-7.370798080136620190e-02,8.699641870032625013e-01,-3.732692943547459841e-01,3.222302704955941621e-01,3.101894845064072648e+00,-3.710826867237203008e-01,-6.521995817260224648e-02,9.263066428941704178e-01,-1.099760254811455729e-01
-1.271802527417066897e-01,-9.733179589003164711e-01,-1.909904034099050019e-01,-1.413260097201263221e-01,9.336353571515878524e-01,-1.824838585941541969e-01,3.082607033486701176e-01,3.327848872697279692e+00,-3.348883443611965216e-01,-1.391107193379116924e-01,9.319324034372366006e-01,-1.287871431421681867e-01
-6.752169965782438277e-02,-9.828064105807796658e-01,-1.718498745901296532e-01,-1.799090697493961888e-01,9.428792087970914171e-01,-1.191744179603189541e-01,3.110888228818115553e-01,3.475210575052009698e+00,-3.262201981691050801e-01,-1.410284277198883551e-01,9.347145900655263739e-01,-1.084226118278907164e-01
-9.329379080500045662e-02,-9.784710838586254678e-01,-1.840940157901944096e-01,-2.004983759939439891e-01,9.511300891975742466e-01,-1.422522167387083869e-01,2.740727280411883182e-01,3.721841052705215258e+00,-2.943600210970372388e-01,-1.495280739040361351e-01,9.439245378176690515e-01,-1.537593888268112829e-01
-2.232132547924750854e-01,-9.508340658896866637e-01,-2.146867998472127559e-01,-2.296403223324465503e-01,9.348929634051887927e-01,-2.711754463987969821e-01,2.289956860857401133e-01,3.956163230300369094e+00,-2.759546880565992288e-01,-1.495943060885027431e-01,9.494580315766902867e-01,-1.214859474580809867e-01
-3.042476214253715394e-01,-9.221372616027706526e-01,-2.389482279087830896e-01,-2.844982140631422962e-01,8.927200809976706397e-01,-3.635354778228439554e-01,2.662570437521425415e-01,4.097152264223111295e+00,-3.323916994157904981e-01,-1.323058091236375966e-01,9.338152553003304934e-01,-1.564008646248748191e-01
-4.867002167413033709e-01,-8.370769685569825480e-01,-2.498500505011382600e-01,-3.756873036546396483e-01,8.195878738576112266e-01,-5.365319525155458624e-01,2.010203496052521410e-01,4.244888700151098426e+00,-3.023220402973120779e-01,-1.069374239511552971e-01,9.471883504927413044e-01,-1.737248396866254430e-01
-6.956840799177413937e-01,-6.547573531620437537e-01,-2.954936030259212587e-01,-4.478986780281686286e-01,6.410124295001680128e-01,-7.515014547279071921e-01,1.560404715711048995e-01,4.284584021325158254e+00,-3.242325186888235788e-01,-8.086020048252888504e-02,9.425151997727281294e-01,-1.766262541837184397e-01
-9.285355065498490656e-01,-1.559239300118826499e-01,-3.369117705362416615e-01,-5.784419395565564281e-01,1.467114282882933940e-01,-9.877689855380908934e-01,5.280329552841699081e-02,4.267098020142649162e+00,-3.410242951547941548e-01,-3.990723015295450835e-04,9.400543978172075654e-01,-1.917703965663221100e-01
-9.122928756866356403e-01,1.803723989490959301e-01,-3.676785371336724340e-01,-6.464895339489955539e-01,-1.927924884579605425e-01,-9.812349528358083051e-01,-3.003951979934894444e-03,4.205492645544266495e+00,-3.613208620680458116e-01,6.814517613638390592e-02,9.299481004893467295e-01,-2.092383450100582798e-01
-8.035436057575694457e-01,5.199578547126995076e-01,-2.897611136241223795e-01,-6.938582379749635987e-01,-5.056088662044513349e-01,-8.531054956758400420e-01,-1.287271830777406978e-01,3.994886489904516225e+00,-3.141295084222003320e-01,4.306788328032898350e-02,9.484027674823484189e-01,-2.103777056153348923e-01
-6.960369675900019981e-01,6.800587174577051863e-01,-2.303316751076503743e-01,-6.947655786748131446e-01,-6.661017351280660304e-01,-7.313462671041918162e-01,-1.464278527198482061e-01,3.850067592574199171e+00,-2.680317485065804584e-01,5.150512986632102552e-02,9.620323297010122676e-01,-1.925062824577212783e-01
-4.089193009232177101e-01,8.930626006275186324e-01,-1.876811037181976283e-01,-6.866642466747725493e-01,-8.739224382203676367e-01,-4.424478287639585505e-01,-2.012448528460499264e-01,3.637909498183318657e+00,-2.627633484857346824e-01,8.172582322909394126e-02,9.613929022569751570e-01,-2.041911894323787113e-01
-1.957525931607206060e-01,9.744987093971473335e-01,-1.096958871341499192e-01,-6.760991161569570584e-01,-9.631751304724912588e-01,-2.120820650249182759e-01,-1.652720960539540151e-01,3.483521038730347907e+00,-1.843219745720899028e-01,7.330390902306081757e-02,9.801285357603782833e-01,-2.033866614162968545e-01
1.625600118288671181e-01,9.843389281728807116e-01,-6.819909851063862827e-02,-6.314188894730659030e-01,-9.718090275515499643e-01,1.477617360986804851e-01,-1.837217551473334098e-01,3.232552428563727709e+00,-1.707672583474693084e-01,9.614231029348625779e-02,9.806096061368756445e-01,-1.971505394860063320e-01
2.627694211666118385e-01,9.639069727974405311e-01,-4.284365871676777682e-02,-5.607414329037978540e-01,-9.448760913743761147e-01,2.480833176675260876e-01,-2.136909905544845389e-01,3.052435685866309534e+00,-1.953494388239882806e-01,9.663340668499850739e-02,9.759613626899392713e-01,-1.994155261765142850e-01
3.780664980649396378e-01,9.222619055750103101e-01,-8.061451833301898351e-02,-4.237229983947631284e-01,-9.191204552399739880e-01,3.634972469619718316e-01,-1.519451881782762082e-01,2.811731452864866476e+00,-1.108301033130325575e-01,1.315398379815741758e-01,9.850959137177467406e-01,-1.321611273155040012e-01
4.590093683940910108e-01,8.875460913775284899e-01,-3.965268473798760213e-02,-3.205589602906321334e-01,-8.784532346303549621e-01,4.467314039510362211e-01,-1.695611019408754527e-01,2.657542675351039385e+00,-1.327791937538614631e-01,1.126631634759496653e-01,9.847216344234874796e-01,-1.176817011628646659e-01
5.496334627265840878e-01,8.350131597560257468e-01,-2.561405249942413573e-02,-1.721378633164278860e-01,-8.308343526563617409e-01,5.431655181448964420e-01,-1.211837379538686088e-01,2.429611919894033800e+00,-8.727734584226569392e-02,8.788767224500035335e-02,9.922995626170977301e-01,-1.183533697739011098e-01
5.882382705878145268e-01,8.085780497241867870e-01,-1.331444779509288572e-02,-9.527575042159362739e-02,-8.024249046630147486e-01,5.815585673457350779e-01,-1.338054749377963759e-01,2.284686635061730531e+00,-1.004490387829080900e-01,8.939334567520806907e-02,9.909181703635174809e-01,-1.093970615422353299e-01
5.084005373543469819e-01,8.608907685880338168e-01,-1.989920042906825198e-02,1.913726794864333003e-02,-8.504408159615589602e-01,4.983329393591823253e-01,-1.685666043327589958e-01,2.099215200697582162e+00,-1.352010065215886736e-01,1.026224444726511198e-01,9.854893818433587693e-01,-1.051516286463140548e-01
3.700763926742750010e-01,9.261974833633583870e-01,-7.212271068517571437e-02,1.012470159486740934e-01,-9.198161551419319348e-01,3.544214466205659053e-01,-1.682964019677787859e-01,1.983493384204091381e+00,-1.303138685064282321e-01,1.286221597811469664e-01,9.830944185011533110e-01,-8.468264367819963723e-02
2.532790205964933206e-01,9.603643351615499535e-01,-1.164048172344921278e-01,1.814012623776337652e-01,-9.510686107178240034e-01,2.251835301902091746e-01,-2.115676616081592076e-01,1.828256414387308793e+00,-1.769695890059943544e-01,1.642946179300748544e-01,9.704066380060775154e-01,-8.220160810713530997e-02
1.922271921938338013e-01,9.732831314332619499e-01,-1.255732959220983436e-01,1.926900296554378278e-01,-9.561904292256303561e-01,1.569699005598022001e-01,-2.471038513976500095e-01,1.712264122572728864e+00,-2.207907825036655447e-01,1.675720632614802474e-01,9.608178984467907746e-01,-6.392243495955272914e-02
1.609359056155942047e-01,9.844635205715402959e-01,-7.022258146477802776e-02,1.980557427708175000e-01,-9.756485934706520258e-01,1.479440480687542747e-01,-1.619332600171125014e-01,1.478318350238449597e+00,-1.490283742863359184e-01,9.457343868612791415e-02,9.842999585251698269e-01,-5.274240340128669158e-02
2.108435632076127164e-01,9.774785633457870881e-01,-8.980537476897539062e-03,2.248808108014024865e-01,-9.633240424577040883e-01,2.062128691473215369e-01,-1.717062661086615483e-01,1.311280271116725071e+00,-1.659872919137676262e-01,4.485432863711213969e-02,9.851072571682972789e-01,-3.002595874122408401e-02
1.919578658024394258e-01,9.813762404808236139e-01,-7.269963981872522470e-03,2.850111711120248414e-01,-9.576757662462824783e-01,1.856927078977670398e-01,-2.199439587217426051e-01,1.043483321398634978e+00,-2.144977960286998109e-01,4.918224123928771618e-02,9.754854189814980980e-01,-3.346272581416474823e-02
1.797907032050379827e-01,9.809183912916571435e-01,-7.398927399850536990e-02,3.391293669183940707e-01,-9.697765897587722339e-01,1.641307140090160765e-01,-1.805393992311322970e-01,8.852339325301296080e-01,-1.649505046881809267e-01,1.042123713609777041e-01,9.807808688277082076e-01,3.855004868187975053e-02
2.773470327421542758e-01,9.578142279522446900e-01,-7.530290938183309413e-02,4.602963104431320174e-01,-9.371672986592328725e-01,2.524353719060809520e-01,-2.408190966979084358e-01,6.611276416674171097e-01,-2.116508392444508835e-01,1.373618860633636918e-01,9.676443739846956049e-01,1.275403816564345955e-02
3.772041940327480747e-01,9.246265800398547618e-01,-5.275114679234694376e-02,5.392696537861192407e-01,-9.136567999674055640e-01,3.622030861334668561e-01,-1.844998001861095083e-01,4.939341921739269781e-01,-1.514867910988512700e-01,1.177905424013104829e-01,9.814158854651663377e-01,2.473757884464439227e-03
4.753843536192273733e-01,8.797570451094628430e-01,-6.103926137863216472e-03,6.284092630702770022e-01,-8.723861116686371098e-01,4.704812143274991754e-01,-1.326269170741735393e-01,2.217956381960078938e-01,-1.138076820856454285e-01,6.837374163513944281e-02,9.911472357591994964e-01,6.669824854407120640e-02
4.642766742074091457e-01,8.856900543166958961e-01,-5.454093839526761396e-04,6.948396182665389498e-01,-8.738607756566296736e-01,4.579753105401687674e-01,-1.631746294753910198e-01,5.242203609334308845e-02,-1.442723624111784675e-01,7.623478615517162438e-02,9.865970519032434272e-01,7.079470628395972964e-02
3.212339214744268645e-01,9.462150438472217706e-01,-3.854683503691019170e-02,8.225346085081737257e-01,-9.341622185919962185e-01,3.099371001576253226e-01,-1.768613674637943278e-01,-1.700981529578035056e-01,-1.554017922980392707e-01,9.282286756550342521e-02,9.834806547194878679e-01,1.102313430887271739e-01
3.340108407803381030e-01,9.408433178869971547e-01,-5.701411604681171780e-02,9.033727057152096673e-01,-9.232719462428791157e-01,3.143965069531863832e-01,-2.207345684221731219e-01,-2.757249122845849554e-01,-1.897516047945302931e-01,1.263672726738317154e-01,9.736660828409688939e-01,1.387808391606382419e-01
4.714726595516967600e-01,8.810753357427504318e-01,-3.768002177614041687e-02,1.061840090055844232e+00,-8.622741258704665901e-01,4.516100694327652709e-01,-2.291978992950360616e-01,-4.546714617828389038e-01,-1.849239388223559433e-01,1.405510509840936229e-01,9.726502654693982564e-01,1.308864217175227385e-01
5.537365355220253971e-01,8.314986990223115493e-01,-4.456189798773058097e-02,1.163042064144196752e+00,-8.245123133977383389e-01,5.400288809354466535e-01,-1.689622822144656034e-01,-6.082754049445258104e-01,-1.164272059424950878e-01,1.303024223865900943e-01,9.846146375291244812e-01,1.775056158496408076e-01
6.248951465500043323e-01,7.791115519067914885e-01,-4.991237826071277806e-02,1.310438853028494055e+00,-7.761058822750883657e-01,6.130081000561748983e-01,-1.479213600651621829e-01,-8.250803037678153817e-01,-8.465054823364717707e-02,1.311726303422733331e-01,9.877388449042747709e-01,1.955724553110933239e-01
5.828808930512113795e-01,8.124493147914719771e-01,-1.326557238458958218e-02,1.412969511678228152e+00,-8.091113972397491194e-01,5.788294337007819923e-01,-1.014654302626017413e-01,-9.919963588335458660e-01,-7.475701554078399702e-02,6.987558641257053671e-02,9.947506175172414755e-01,2.051714739677643062e-01
4.323902239281079973e-01,8.963292164179178512e-01,-9.814596296864663838e-02,1.536020214482585855e+00,-8.997098315510969613e-01,4.216754171379211158e-01,-1.127477786559850093e-01,-1.177359327001960887e+00,-5.967338822037285967e-02,1.370539250703987355e-01,9.887645363589335767e-01,2.318535089479601408e-01
3.581679684521295592e-01,9.280995700937906268e-01,-1.017196852462502882e-01,1.586507645067187333e+00,-9.275620552547205744e-01,3.412831643220939903e-01,-1.521658154840941080e-01,-1.318543790618675882e+00,-1.065098118790709786e-01,1.488522413066740990e-01,9.831066423493756146e-01,2.366507769901891045e-01
2.690032887048950938e-01,9.567309709449672850e-01,-1.109192494594686412e-01,1.626059948637756492e+00,-9.549950324164173665e-01,2.500090241912147904e-01,-1.596244839707381680e-01,-1.574734845238612735e+00,-1.249868742145298084e-01,1.488668433790996393e-01,9.809265743247159719e-01,2.405188287476066888e-01
2.307775050044959808e-01,9.656585993562917247e-01,-1.193533102730949813e-01,1.641647808757391136e+00,-9.558972597304591368e-01,2.021053452603778777e-01,-2.131052750566835852e-01,-1.736251616679556742e+00,-1.816649994459611506e-01,1.632694059106883366e-01,9.697117762870927082e-01,2.472577155600080290e-01
1.744417879642456704e-01,9.797970378273097580e-01,-9.781527118332476733e-02,1.694971249589616979e+00,-9.599828945032953254e-01,1.471239949113323231e-01,-2.383010121304720008e-01,-1.985929087293315742e+00,-2.190956523368597919e-01,1.354706417869211699e-01,9.662529691239888363e-01,2.526687386796259704e-01
1.751336825687300480e-01,9.772691844958463214e-01,-1.194702233392902907e-01,1.745247294145527706e+00,-9.702832979494194765e-01,1.507424217711859082e-01,-1.892803317805580310e-01,-2.185732074777837930e+00,-1.669686046845797744e-01,1.490693238509597784e-01,9.746280427610838348e-01,2.581167273779989002e-01
3.243162281845788919e-01,9.412007902272365722e-01,-9.465757556453011090e-02,1.830495948932426842e+00,-9.382577168614824048e-01,3.073304776370936464e-01,-1.588094275074251882e-01,-2.398407449101302991e+00,-1.203804007553071348e-01,1.403176752621791146e-01,9.827611658602553035e-01,3.217195927376121922e-01
4.602272307723711542e-01,8.869373919732566058e-01,-3.915301744787726829e-02,1.898572015485189057e+00,-8.851260159653536741e-01,4.549730485663526780e-01,-9.773157595957160382e-02,-2.530886410979940937e+00,-6.886822138618631239e-02,7.963408690955439684e-02,9.944423463857438028e-01,3.442276131705337416e-01
6.754062657872683673e-01,7.374239187560255315e-01,-5.686842868044258113e-03,1.978293988387445079e+00,-7.351469908784739049e-01,6.726723610302349776e-01,-8.408802832946114802e-02,-2.694181283017304640e+00,-5.818314135232371953e-02,6.097424663345645673e-02,9.964421023370383379e-01,3.963612082772194900e-01
7.647254072548680393e-01,6.443172616725039159e-01,7.093504756028923969e-03,2.076421846298657226e+00,-6.413451239703684692e-01,7.621686295005076772e-01,-8.817829758366123316e-02,-2.788169933315650884e+00,-6.222124603630575790e-02,6.288279984356616448e-02,9.960794496552584087e-01,3.776162557409408205e-01
8.154700949452846626e-01,5.787916257609327930e-01,2.962802549304426655e-03,2.247162321809450525e+00,-5.783459590897707114e-01,8.146182963540986588e-01,4.373765939875408348e-02,-2.872519914661744611e+00,2.290143782523456142e-02,-3.738027814455770204e-02,9.990386573858748287e-01,4.156893575872857571e-01
9.568873133463245972e-01,2.893657890997466953e-01,2.518153401870228819e-02,2.401393464809029155e+00,-2.901083908495454833e-01,9.563933731494810297e-01,3.389450330727850069e-02,-2.891039819950813605e+00,-1.427554256557073652e-02,-3.973859452019865707e-02,9.991081287778699194e-01,5.348523365198352142e-01
9.993596506212072406e-01,-3.575123488611693656e-02,-1.462160858943711839e-03,2.526137839633201931e+00,3.578087306452406441e-02,9.983654375746304765e-01,4.456660385489573384e-02,-2.870164527876925664e+00,-1.335402567493763426e-04,-4.459038304989602908e-02,9.990053452842292403e-01,5.087136113124871573e-01
8.527271123476428683e-01,-5.197993240894134281e-01,-5.162494109866484771e-02,2.684845897226394662e+00,5.223564160157391223e-01,8.484580506417137569e-01,8.522154040180975054e-02,-2.809595827011857505e+00,-4.965022096531437066e-04,-9.963733726597502616e-02,9.950236954505660147e-01,4.973143579989149909e-01
6.019092275055574204e-01,-7.985483279782644717e-01,-5.084262658670263280e-03,2.767357113336814223e+00,7.892270736735870207e-01,5.938884031055634560e-01,1.562600103588636935e-01,-2.676978145980171142e+00,-1.217616853706098567e-01,-9.806697986500381714e-02,9.877028700149980134e-01,4.286254368214745814e-01
4.690047392021380324e-01,-8.827652711185471901e-01,-2.756865453614768674e-02,2.781052454649210581e+00,8.719312176447473473e-01,4.578278651910638319e-01,1.735787934948942457e-01,-2.536419884613335896e+00,-1.406076324474760386e-01,-1.054472472926247933e-01,9.844340362542947087e-01,4.124476244750203691e-01
2.349051427289708949e-01,-9.685653483061315017e-01,-8.185804774183889909e-02,2.753156629777250064e+00,9.692458310241002239e-01,2.270469803745806259e-01,9.493254313030910496e-02,-2.327793254759761510e+00,-7.336274914345181086e-02,-1.016407141031980405e-01,9.921124292511940279e-01,3.786428367464163003e-01
3.758989942995487332e-02,-9.896581129069345062e-01,-1.384334461693863261e-01,2.712765005106745786e+00,9.922476829235900020e-01,2.054367848146483599e-02,1.225662800578481010e-01,-2.164524705281123396e+00,-1.184547812188874727e-01,-1.419675203415786680e-01,9.827582042264758622e-01,3.369945580282619479e-01
-2.084297093573024007e-01,-9.560940077768133039e-01,-2.060128747202530364e-01,2.658435591673971476e+00,9.700432820728505101e-01,-2.289643497173730058e-01,8.118717548871054457e-02,-1.926939834843133248e+00,-1.247921758868097003e-01,-1.829195857522442625e-01,9.751755421387791056e-01,2.813740829663977094e-01
-3.584510765381031527e-01,-9.037737792317547258e-01,-2.338926713298811189e-01,2.599231012054830536e+00,9.236835410643827737e-01,-3.796781022524786664e-01,5.150975283109959085e-02,-1.769074204196167788e+00,-1.353570895647479844e-01,-1.975790845284724762e-01,9.708969892122697454e-01,2.849801501639206980e-01
-4.367886276640967069e-01,-8.623599340953727044e-01,-2.560293709915736349e-01,2.510148189343011982e+00,8.736978247630289296e-01,-4.744447269211921059e-01,1.074909861385081461e-01,-1.559482666998716960e+00,-2.141677047261515698e-01,-1.767414641890843741e-01,9.606740597562886119e-01,2.471569938126144672e-01
-4.243475590764044791e-01,-8.779563929419177404e-01,-2.216342058399735915e-01,2.435044273830479167e+00,8.864469044861563729e-01,-4.527287089116324714e-01,9.616965037952013295e-02,-1.408769681002408181e+00,-1.847729272182744575e-01,-1.556575992993110558e-01,9.703760493476557558e-01,2.461017609049654387e-01
-4.692966738124131898e-01,-8.670223347098132693e-01,-1.674302931459886179e-01,2.293678704738600249e+00,8.533755447700117625e-01,-4.940369176860796019e-01,1.663661730993573062e-01,-1.187505223434095036e+00,-2.269599337704619468e-01,-6.480582595403187873e-02,9.717455394213662112e-01,2.459876909204475048e-01
-5.023328268263373975e-01,-8.389289408880856724e-01,-2.094277040724492056e-01,2.200370920737074076e+00,8.290995104110582270e-01,-5.360829504591088090e-01,1.587736504058591680e-01,-1.055418533095935141e+00,-2.454704318829575571e-01,-9.387919027906729830e-02,9.648476380775048433e-01,2.217252394674317229e-01
-5.192748576342552935e-01,-8.291790680687625148e-01,-2.069195382402160277e-01,2.074016875729946641e+00,8.345818045698083498e-01,-5.441257564520792789e-01,8.602541860669292439e-02,-8.129025032293734077e-01,-1.839207267001946866e-01,-1.280204446253527528e-01,9.745685876571223982e-01,2.608440806263339073e-01
-4.186617205275275921e-01,-8.830477741381896895e-01,-2.120117740940840045e-01,1.976077068888694832e+00,8.770627010082485686e-01,-4.537136261114151914e-01,1.578130665722852211e-01,-5.746944335375550050e-01,-2.355491079691187650e-01,-1.198773292596292533e-01,9.644407932395486771e-01,2.483560261308962736e-01
-2.781268829940365950e-01,-9.469823831211743315e-01,-1.608409245626392092e-01,1.896448369707793624e+00,9.383382642931989981e-01,-3.036579901754246635e-01,1.652668350451783619e-01,-3.983818941073766773e-01,-2.053454131926245596e-01,-1.049580442880146541e-01,9.730452559978823857e-01,2.534647740573863217e-01
-1.722622071588935377e-01,-9.804480477318293641e-01,-9.511759923164916919e-02,1.815868788380771814e+00,9.597281428068125120e-01,-1.888033786707938588e-01,2.080268639072390680e-01,-1.238426736516983206e-01,-2.219180566996167558e-01,-5.545187013382917723e-02,9.734872706971189338e-01,2.167613858248522152e-01
-1.141385076814206700e-01,-9.880974188757538634e-01,-1.031304604631085586e-01,1.774234592246914044e+00,9.706926895922146636e-01,-1.330186828506355889e-01,2.001542714630792641e-01,5.618812668075512384e-02,-2.114901970222073102e-01,-7.726267419496010702e-02,9.743214950619484283e-01,1.817269422408114288e-01
-5.085858017017649141e-02,-9.952869069589375117e-01,-8.256741281635489316e-02,1.773703114365769329e+00,9.875472953546057253e-01,-6.244226752754378912e-02,1.443998014673951724e-01,3.241416443688215354e-01,-1.488749282481039715e-01,-7.419525633173093548e-02,9.860686181382052329e-01,2.195390132461343402e-01
8.676402425964421794e-02,-9.930339732326330937e-01,-7.972159117882457458e-02,1.763356034597475697e+00,9.843484532275312837e-01,7.313271550022959477e-02,1.603425350683048145e-01,4.754384123503091475e-01,-1.533953282301645238e-01,-9.238578856823231877e-02,9.838367442557657272e-01,1.765210973157138874e-01
3.524888340383035557e-01,-9.334723681702152831e-01,-6.618881885189559222e-02,1.814217098214782942e+00,9.320499353150841770e-01,3.438520539363512096e-01,1.142308324529818786e-01,6.874483959678627798e-01,-8.387216437809448533e-02,-1.019563772720669809e-01,9.912468699451659759e-01,1.916522898103872052e-01
4.820243709501280116e-01,-8.750486914234009150e-01,-4.407145843205965974e-02,1.852025198671025663e+00,8.703325524337115482e-01,4.724227028602898670e-01,1.390612742513168965e-01,8.312637971944923931e-01,-1.008650285498167848e-01,-1.053877481511644593e-01,9.893026172790964079e-01,2.093118457695515300e-01
6.311925395432677055e-01,-7.745363175022388358e-01,-4.110317378248296016e-02,2.005788113322681809e+00,7.716135451381693766e-01,6.216612927624756146e-01,1.347210972349719704e-01,1.007282809958319092e+00,-7.879413039197707969e-02,-1.167507171325288945e-01,9.900306839006612902e-01,1.931949345291905928e-01
7.050412085970433340e-01,-7.087448163623971675e-01,-2.444748370392963582e-02,2.143335952432465774e+00,7.087019255702374787e-01,7.029132982295779319e-01,6.045226104170900450e-02,1.093411780466891692e+00,-2.566076524695471220e-02,-5.994731396359200687e-02,9.978716574166689446e-01,2.687191832168259742e-01
8.635266369968392919e-01,-5.035278980448336661e-01,2.795358809673838957e-02,2.348189726325048632e+00,5.010543132643096031e-01,8.629261978620496043e-01,6.559689171430894972e-02,1.191154765437675067e+00,-5.715174849610087787e-02,-4.263839741241806647e-02,9.974545827805584297e-01,2.528832330584666055e-01
9.452246950379324941e-01,-3.257983118484786833e-01,2.014288676259187380e-02,2.501155417085870081e+00,3.242136242536534096e-01,9.442085877910824099e-01,5.792813297424277003e-02,1.269309625620408388e+00,-3.789197459568515586e-02,-4.822450350446425005e-02,9.981175259071380923e-01,2.534608605470649589e-01
9.938124955323021092e-01,-1.047460876479040376e-01,3.694564719039702266e-02,2.699305211321191500e+00,1.036580988977336970e-01,9.941534009328589772e-01,3.023266357003282293e-02,1.309583632344665682e+00,-3.989639403213513652e-02,-2.621588327881965719e-02,9.988598526355649820e-01,3.011150210993166487e-01
9.990374950886773409e-01,-3.539471927665520986e-03,4.372133970289540650e-02,2.842201946287435721e+00,2.337899736366735003e-03,9.996189833551278880e-01,2.750313329212196803e-02,1.322408934969278027e+00,-4.380202771294296887e-02,-2.737444528268633340e-02,9.986651201046817805e-01,2.849795600190021538e-01
9.965822409508201529e-01,8.213943607468793262e-02,8.772118488447746415e-03,3.099867389278142316e+00,-8.220798223036018815e-02,9.965849695540713871e-01,7.761837187437645863e-03,1.287008713943544436e+00,-8.104608507254992475e-03,-8.456447258972803888e-03,9.999313995573391178e-01,3.388070515711908426e-01
9.833505318602888678e-01,1.807110572319740038e-01,1.911139147710204031e-02,3.266990358868154587e+00,-1.808424169658857383e-01,9.834974243301238817e-01,5.369968524107367885e-03,1.243647971829794363e+00,-1.782559160380092073e-02,-8.736711630554236732e-03,9.998029396605401242e-01,3.835112179625984608e-01
9.055370367445941815e-01,4.242631255223202613e-01,-1.864244043344258231e-03,3.506052473964799798e+00,-4.235305950994239788e-01,9.036972704534699252e-01,-6.287351103347781078e-02,1.160610987979861841e+00,-2.499020005019629911e-02,5.772385726007211310e-02,9.980197624318211114e-01,4.079944657515472972e-01
8.519207074288158710e-01,5.233568786788693750e-01,-1.812969369567451333e-02,3.644988810030491688e+00,-5.224953059152709356e-01,8.471804514573634259e-01,-9.635319384953741628e-02,1.087389204364541007e+00,-3.506798469394892259e-02,9.155796092099517669e-02,9.951820819535956986e-01,4.142343267020638375e-01
7.550158400833880679e-01,6.556894525718538480e-01,-4.735293993018670558e-03,3.800125411020303545e+00,-6.546596357304970137e-01,7.533827837538448202e-01,-6.192852725942758069e-02,9.787113042115698214e-01,-3.703839316696216910e-02,4.985702487444999137e-02,9.980693535532872973e-01,4.360531129135410966e-01
7.182906079902208196e-01,6.955119946065685399e-01,-1.793510054149157970e-02,3.918382621913942820e+00,-6.957431262986557563e-01,7.180638183728618174e-01,-1.805145290439520364e-02,8.528067716000460319e-01,3.235447626418633889e-04,2.544441200302282810e-02,9.996761861806080507e-01,4.587029338001025192e-01
6.469251207460151587e-01,7.625201695875736263e-01,-7.132960107390895477e-03,4.071100562679711210e+00,-7.624417429943972646e-01,6.466418215912090872e-01,-2.317203290325874077e-02,6.222072287266791069e-01,-1.305667214190129981e-02,2.042903672085978617e-02,9.997060456810469287e-01,4.773608284358186737e-01
4.526142501446488442e-01,8.879368617294570720e-01,-8.190525104071179341e-02,4.222672366661695875e+00,-8.916563301006401598e-01,4.497020054836114444e-01,-5.212576383591398244e-02,4.102641246469083125e-01,-9.451431503065814421e-03,9.662419907074161485e-02,9.952760594912747338e-01,5.615527463141520848e-01
3.837714530257761436e-01,9.161230740084257418e-01,-1.159223236130066670e-01,4.295900691191142151e+00,-9.222034461324880583e-01,3.737674748640574807e-01,-9.919011379724630706e-02,2.755107955987361468e-01,-4.754235778597142720e-02,1.449703004173610588e-01,9.882931428544112773e-01,5.672494303790219794e-01
3.375795833625482301e-01,9.357089618368809036e-01,-1.024146651359870708e-01,4.398460409535567273e+00,-9.390687576509124668e-01,3.272992903377365259e-01,-1.050002045159300207e-01,5.683667239517836700e-02,-6.472938514107570707e-02,1.316203376479551379e-01,9.891846103820537417e-01,5.673428165203994178e-01
3.156209263136223186e-01,9.418432022472921217e-01,-1.153898316728938916e-01,4.431650750585670373e+00,-9.485824954964303668e-01,3.162507761516368254e-01,-1.329269804266111285e-02,-1.226307877349911701e-01,2.397248653555286019e-02,1.136522281526182454e-01,9.932313380704653749e-01,5.872639778326937954e-01
1.864623480758135776e-01,9.780744977965352138e-01,-9.274734233448916898e-02,4.455535387585165097e+00,-9.806613200417753085e-01,1.795762327193845542e-01,-7.781871250693808695e-02,-3.893884543632756268e-01,-5.945727982323388561e-02,1.054639910223864607e-01,9.926440341198101702e-01,5.820191488285517689e-01
6.909963860847515016e-02,9.938797700632633347e-01,-8.618725313626329765e-02,4.477729618133090561e+00,-9.919821761821822070e-01,5.928936970718948901e-02,-1.116070462676415631e-01,-5.556244199981450471e-01,-1.058139975666805427e-01,9.320822548852798761e-02,9.900078911908922752e-01,5.829914244723116701e-01
7.195938065634988057e-02,9.911665303325025711e-01,-1.114035757244094121e-01,4.578862919405924714e+00,-9.898860738084830357e-01,5.727880913989023826e-02,-1.297871291906232682e-01,-8.636940650864488589e-01,-1.222595943702665527e-01,1.196162496157840843e-01,9.852636928316559350e-01,6.261772852589171379e-01
2.304188420575895568e-01,9.722625049671226316e-01,-4.015941558211265361e-02,4.677842637412158666e+00,-9.709014697032010144e-01,2.269370808117070482e-01,-7.648462251215022711e-02,-1.160243368564823241e+00,-6.524947013581924860e-02,5.661433376555593394e-02,9.962616743904567640e-01,6.428693250960073602e-01
5.068548707729096936e-01,8.620313017417058354e-01,-4.180804691452359874e-04,4.811435072916408373e+00,-8.605037124290970674e-01,5.059277025913549997e-01,-5.975383373789957403e-02,-1.409799718961296078e+00,-5.129815658988626237e-02,3.064628147320233933e-02,9.982130556961996692e-01,6.669660059396448348e-01
6.391180122120354579e-01,7.685335933318115931e-01,2.973688596056517711e-02,4.915784613215191889e+00,-7.643904693668659434e-01,6.389984138357011068e-01,-8.595485708534432445e-02,-1.539325000609568672e+00,-8.506101814133644468e-02,3.220470518344926980e-02,9.958551501884226331e-01,6.674616601786599324e-01
8.007579014789451000e-01,5.970080133189987759e-01,-4.866431189218446002e-02,5.091647221027514547e+00,-5.989257054359018451e-01,7.992005327601173770e-01,-5.066071262875642550e-02,-1.729341788062237262e+00,8.647692590819384961e-03,6.971327326161003146e-02,9.975295870018122679e-01,7.188818784921159333e-01
9.272085660282401998e-01,3.733162694494113198e-01,-3.031893877150775712e-02,5.194270696929744524e+00,-3.742237075790384448e-01,9.267263159540765072e-01,-3.368904872484704272e-02,-1.789162554893392931e+00,1.552068844009686990e-02,4.258284023595639012e-02,9.989723769693453770e-01,7.413713609021265194e-01
9.970178120664080490e-01,-7.185446515804802536e-02,-2.814992467423331826e-02,5.348534794746546694e+00,7.303235910579801426e-02,9.963880267971376714e-01,4.332637278552212146e-02,-1.815239128243163247e+00,2.493505455690514169e-02,-4.525302080700432245e-02,9.986643115492235268e-01,7.701269024443553324e-01
9.035102632116239763e-01,-4.283938405076886391e-01,1.216230596295880297e-02,5.407670975265984836e+00,4.252409858171301016e-01,8.996668496733550846e-01,9.884160854669325758e-02,-1.812519574984571724e+00,-5.328515977773422979e-02,-8.413249677678452665e-02,9.950288512066196578e-01,7.606202852605431497e-01
5.531453455339552239e-01,-8.330013680361717521e-01,-1.178760213060311111e-02,5.526154634157038892e+00,8.139746431669387938e-01,5.373894088303405869e-01,2.205853656937233620e-01,-1.579598405901077918e+00,-1.774133788511384480e-01,-1.316105775644393905e-01,9.752964415385594332e-01,7.618035544434829109e-01
3.235813006625746779e-01,-9.400760531588587821e-01,-1.074809570983658175e-01,5.517600593073029636e+00,9.225313949615345788e-01,2.881969011764590749e-01,2.566678231929617193e-01,-1.381075345301026047e+00,-2.103115954288859168e-01,-1.822074653507658737e-01,9.605048008201758636e-01,7.154676437092463148e-01
3.091105749012886331e-02,-9.794222171926600939e-01,-1.994407856840159088e-01,5.427610526202979457e+00,9.811807306131321571e-01,-8.316408767928029286e-03,1.929124444370733937e-01,-1.140054727939388446e+00,-1.906013651533588482e-01,-2.016505834720547785e-01,9.607331376542892487e-01,7.199122063814714645e-01
-2.121391077845058148e-01,-9.546557851378900672e-01,-2.088763530205236252e-01,5.350518176148501226e+00,9.447092340251567189e-01,-2.550274019401034264e-01,2.061200800681106948e-01,-1.001693564732885955e+00,-2.500429205076543648e-01,-1.536012895858666072e-01,9.559734210434730484e-01,7.132913697357786686e-01
-4.975931218551120083e-01,-8.321935926008783291e-01,-2.446526303078077058e-01,5.199408508861973921e+00,8.055014671437854545e-01,-5.479622821161522772e-01,2.256207521644873759e-01,-7.557415957578019761e-01,-3.218205579382619752e-01,-8.480071822869907072e-02,9.429954224046913636e-01,6.500777079170465544e-01
-5.988458580518499774e-01,-7.521701801521010200e-01,-2.749975606875474932e-01,5.066281471871671549e+00,7.359305161728439959e-01,-6.522751246475582132e-01,1.815032703054830499e-01,-5.897990303297695469e-01,-3.158954156991142792e-01,-9.368661513775559946e-02,9.441572456345995734e-01,6.405148060975399682e-01
-6.692469406614957039e-01,-6.902075864301260300e-01,-2.751763435499683941e-01,4.892931196842551955e+00,6.725242161567803745e-01,-7.201334974367780140e-01,1.706426809218120066e-01,-3.604394292068222039e-01,-3.159425756335122459e-01,-7.086066259763267039e-02,9.461284560768090657e-01,6.196064667955221150e-01
-6.138549767993034534e-01,-7.343517936121027878e-01,-2.896713839463883611e-01,4.751762146947581478e+00,7.202102766228341002e-01,-6.712188437557149445e-01,1.753921926258493191e-01,-2.325737061423923946e-01,-3.232324626419635916e-01,-1.009589372266274793e-01,9.409187361767652469e-01,5.859560233974104859e-01
-5.214429818944255057e-01,-8.145066064536532480e-01,-2.543151680030216188e-01,4.625887226069167468e+00,8.000486165725122500e-01,-5.703167648160977210e-01,1.861746462064856056e-01,-7.645599177295567261e-02,-2.966806831484990470e-01,-1.063850356631735328e-01,9.490325581525034249e-01,6.041308089193224706e-01
-4.800499812317161052e-01,-8.364431125948357248e-01,-2.644143243322756298e-01,4.571932801762643273e+00,8.236881179550840093e-01,-5.334822717582163865e-01,1.921836362943141197e-01,4.068817274028836695e-02,-3.018110333620054320e-01,-1.255371861734884131e-01,9.450664077347162850e-01,5.584933486486632903e-01
-4.587314743193174338e-01,-8.438506929607324514e-01,-2.783548858175815544e-01,4.484605356383307928e+00,8.601748226445167234e-01,-5.002845979667484011e-01,9.906864047580435373e-02,2.871521586681505256e-01,-2.228558030595134687e-01,-1.939879610360962237e-01,9.553554113604826314e-01,5.705455806611581249e-01
-4.212035456366157171e-01,-8.642512348655095877e-01,-2.750588594766344985e-01,4.418308005124277571e+00,8.718588402336515664e-01,-4.693920523122258048e-01,1.397614536721402956e-01,4.714656402250535505e-01,-2.498994514791428589e-01,-1.809444783892558417e-01,9.512146760279002189e-01,5.844940757136998233e-01
-2.847014012177767617e-01,-9.307239159700705367e-01,-2.295606769156542937e-01,4.364189845672221679e+00,9.277915133858022356e-01,-3.277679404809576980e-01,1.782444525985458217e-01,7.507316194433348855e-01,-2.411390052105180926e-01,-1.622380024353419492e-01,9.568337424714238315e-01,5.216150163967080422e-01
-2.246911190604279351e-01,-9.575355776128644525e-01,-1.806641044064165313e-01,4.322924752742736132e+00,9.457349092981279792e-01,-2.589560518197068228e-01,1.962835819950616567e-01,9.467017917980000696e-01,-2.347325762441917207e-01,-1.267571727025696704e-01,9.637599477142713145e-01,5.507813740107232459e-01
-1.792879695849777522e-01,-9.661454646704698002e-01,-1.855229502212064896e-01,4.285963930866812710e+00,9.452731422374901493e-01,-2.214311210748652059e-01,2.396391979288682861e-01,1.223601056224189687e+00,-2.726068790888425686e-01,-1.324054368831293627e-01,9.529712953479911874e-01,4.854607564358947025e-01
-2.052167291000938643e-01,-9.626809625277436000e-01,-1.764410906906832832e-01,4.262536509006538132e+00,9.529858858821496082e-01,-2.376135159563170229e-01,1.880364814186138434e-01,1.417568057200062182e+00,-2.229439288405813402e-01,-1.295576374496544281e-01,9.661836384309088199e-01,5.000120286897327126e-01
-2.269069677662785556e-01,-9.486706668031336109e-01,-2.203115837317973502e-01,4.185796285472117795e+00,9.361930613496135534e-01,-2.748128250307452225e-01,2.191357184017722060e-01,1.732997483498100566e+00,-2.684320768089250020e-01,-1.565307546328212340e-01,9.504958405980145075e-01,5.059111457219489516e-01
-1.810302814787191072e-01,-9.451531769737405719e-01,-2.718703905249389430e-01,4.134752483507360132e+00,9.412867246979821356e-01,-2.466120224827699769e-01,2.305684546383223177e-01,1.929252730609881006e+00,-2.849690142718710462e-01,-2.141681171962915853e-01,9.343043821375949243e-01,4.465149408892665206e-01
-1.897336860279633663e-01,-9.523974394234109297e-01,-2.386215534396977367e-01,4.045161966224334549e+00,9.437357994591780708e-01,-2.439492004283386473e-01,2.232745584018064611e-01,2.194725499260839818e+00,-2.708576548768549253e-01,-1.828329975417628817e-01,9.450969398979681690e-01,5.086504933477070667e-01
-2.720680731637678540e-01,-9.256685187237490009e-01,-2.629006599625360319e-01,3.984079649590775762e+00,9.213895081801439790e-01,-3.293906458788339320e-01,2.062599733905687849e-01,2.388736303035618569e+00,-2.775253822274783566e-01,-1.861171562519336187e-01,9.425179395471392496e-01,4.617579462103963417e-01
-4.235544342241727711e-01,-8.523908152512524872e-01,-3.066456249881092111e-01,3.853527498142816921e+00,8.772521644511509509e-01,-4.703727691077475015e-01,9.580239061569219283e-02,2.674841086654789812e+00,-2.258988296003608676e-01,-2.284280108857413838e-01,9.469901597313301611e-01,4.454934776931306906e-01
-5.011422696811752564e-01,-8.105572090722498180e-01,-3.030733184557942161e-01,3.743569205004051437e+00,8.226801042772821093e-01,-5.548858931573181774e-01,1.236894967300237319e-01,2.888258468663268630e+00,-2.684285222645340641e-01,-1.873463541038677405e-01,9.449060651931842081e-01,4.614622227719504255e-01
-4.609889823033931355e-01,-8.298787715560153044e-01,-3.143093742088564069e-01,3.587861308940639038e+00,8.428941420123653439e-01,-5.202479636250343376e-01,1.373736572463754857e-01,3.176897231434684610e+00,-2.775222938001947748e-01,-2.016017878509150929e-01,9.393285344218988975e-01,3.821804275175867405e-01
-4.370575951341260090e-01,-8.471472875362459076e-01,-3.021955190858355289e-01,3.510675398037153894e+00,8.540441725526521921e-01,-4.962612657320771836e-01,1.559913698345312960e-01,3.327627141902500529e+00,-2.821155966344844890e-01,-1.899111090852227401e-01,9.403959595731943288e-01,4.162117341834671302e-01
-5.191008401915691017e-01,-8.031120051417859340e-01,-2.924814949865190417e-01,3.388581074334355403e+00,7.939271319075914546e-01,-5.798151056726699171e-01,1.830140772038528485e-01,3.590418156238699865e+00,-3.165659914352678683e-01,-1.372062332072864765e-01,9.385949193532175938e-01,3.590359945061061264e-01
-5.909107356800136213e-01,-7.519553529650946366e-01,-2.922116520696038111e-01,3.297838055227100718e+00,7.596991394103599360e-01,-6.405453388081057131e-01,1.120664379302235142e-01,3.762494540212092620e+00,-2.714437695679617901e-01,-1.557716793205701222e-01,9.497649519140954899e-01,3.279693943568158243e-01
-6.334329441867402322e-01,-7.036718788105335021e-01,-3.218828858298839468e-01,3.126926140516544272e+00,6.981198181310616091e-01,-6.991112874683514944e-01,1.545060751782867670e-01,4.039721767338114056e+00,-3.337535389349040593e-01,-1.268435836201395051e-01,9.340874051944109135e-01,3.240504631292336901e-01
-6.106932040768071612e-01,-7.217513165387229312e-01,-3.257742279079568481e-01,3.014785449339622225e+00,7.190871758995849294e-01,-6.777443271985564843e-01,1.535456297226859557e-01,4.176130142362561415e+00,-3.316133953132222589e-01,-1.404907969398619394e-01,9.328959706334026825e-01,2.607014141203294888e-01
-5.725974718429260868e-01,-7.651896476275035219e-01,-2.943075575019922230e-01,2.842309562184808680e+00,7.531005935243690885e-01,-6.327943524828197885e-01,1.800300072184982947e-01,4.394055208552666514e+00,-3.239932580661720185e-01,-1.185584692442814836e-01,9.386012242151184903e-01,2.682278775535347215e-01
-5.935857563414648208e-01,-7.664722305697476701e-01,-2.453085192853459995e-01,2.765298619838671090e+00,7.454873139485121980e-01,-6.385169500867691195e-01,1.911668621747073804e-01,4.504299902067200101e+00,-3.031577388264469208e-01,-6.940046265932087177e-02,9.504098911376646086e-01,2.621672747392562730e-01
-5.930189096526545800e-01,-7.777492204876510495e-01,-2.084099873452087970e-01,2.634592539184641868e+00,7.619832105335838657e-01,-6.257207206577108938e-01,1.668986716679548288e-01,4.743388520263263075e+00,-2.602117592640837418e-01,-5.983084296955854670e-02,9.636960675286799782e-01,2.090077090178020514e-01
-5.542414770295563953e-01,-7.997331224172868902e-01,-2.307451365658543807e-01,2.579183470641765563e+00,7.782226419398667883e-01,-5.962275526034227502e-01,1.971857628954676589e-01,4.907223954593471049e+00,-2.952725939064279603e-01,-7.028256131667036388e-02,9.528244627750368512e-01,1.966786305498198772e-01
-4.449892265241128797e-01,-8.557936212316135105e-01,-2.638216559283100837e-01,2.498492179601766061e+00,8.336559546996566983e-01,-5.034650849216628643e-01,2.270256757695656435e-01,5.097255055857795369e+00,-3.271121175855100649e-01,-1.189125145815461415e-01,9.374739870549030352e-01,1.288827855745532380e-01
-3.713934011791129586e-01,-8.855089817161543309e-01,-2.791787686423022885e-01,2.433114320251255069e+00,8.790953141375481561e-01,-4.321217104571789536e-01,2.011523204265087128e-01,5.260164160739881467e+00,-2.987613934597590504e-01,-1.707181028818661184e-01,9.389339482234089207e-01,1.366078213530987906e-01
-3.394047313595528470e-01,-9.074484450493157661e-01,-2.476726628199627522e-01,2.348439668118838863e+00,8.733282564273736615e-01,-4.018096277086698476e-01,2.754029404457129515e-01,5.431239715753531705e+00,-3.494312305107746264e-01,-1.228264737676741658e-01,9.288764570627916495e-01,1.578898961003566415e-01
-4.433215377224582476e-01,-8.586102148764314101e-01,-2.573995203982430424e-01,2.275579612002418539e+00,8.297994846005254388e-01,-5.017078773121174118e-01,2.443808936878517635e-01,5.505585082427700172e+00,-3.389672986411792488e-01,-1.052506757831969397e-01,9.348922214346857551e-01,1.242432046387421385e-01
-7.110089507286811994e-01,-6.286696607663841974e-01,-3.150249666543611937e-01,2.126714077349429299e+00,6.268544251161833891e-01,-7.696607945470276269e-01,1.211436793625604302e-01,5.640718920217573817e+00,-3.186217219461978667e-01,-1.113405540183781683e-01,9.413200727355811592e-01,1.278846969633530006e-01
-8.690006529721130413e-01,-3.693064654907861621e-01,-3.293183864905605551e-01,2.057183725424939436e+00,3.673310146712951418e-01,-9.273991045317945270e-01,7.070238025826140749e-02,5.673411117117399094e+00,-3.315204228921641016e-01,-5.952844244837943166e-02,9.415681460972806782e-01,1.350959165950516572e-01
-9.195900126119322948e-01,1.615620829722719254e-02,-3.925470489480785141e-01,1.954828083221897161e+00,-2.580255831668908789e-02,-9.994805471506336136e-01,1.930968285046118921e-02,5.624728888965590201e+00,-3.920311680067053439e-01,2.788570961851470978e-02,9.195292004663960794e-01,8.709097250591227302e-02
-8.284262962960603494e-01,4.353074664692097584e-01,-3.524447208305895862e-01,1.872146223589975067e+00,-4.143679949758031777e-01,-8.997007995829090499e-01,-1.372502676485853612e-01,5.453000916529314956e+00,-3.768408634223821552e-01,3.234008141661703223e-02,9.257132832519145982e-01,1.025501961203757334e-01
-6.859164677430447110e-01,6.910085777712549060e-01,-2.280915270794924010e-01,1.876858218817798463e+00,-6.565535154040119670e-01,-7.228439297230786487e-01,-2.154858108394428762e-01,5.311860070615155749e+00,-3.137771194487265491e-01,1.949027718173085332e-03,9.494946659151977109e-01,7.932191123655606135e-02
-2.655615425778785621e-01,9.575434142124673587e-01,-1.121948171797218508e-01,1.960083923433390440e+00,-9.293730857744390006e-01,-2.852080697122999497e-01,-2.343544845081534655e-01,5.128573546130540173e+00,-2.564034604714924281e-01,4.203530503418780040e-02,9.656553725780880892e-01,1.210172150903481014e-01
1.678994824133034705e-02,9.990785229980735371e-01,-3.949939900863935066e-02,2.026286666791508484e+00,-9.604434087802519171e-01,5.132788909799100747e-03,-2.784279314447074549e-01,5.004245813700995527e+00,-2.779686244320115351e-01,4.261172798652566873e-02,9.596445615275361884e-01,1.145491149529749425e-01
2.485577711708352733e-01,9.684778548872694515e-01,-1.642190560021290421e-02,2.163072186755701232e+00,-9.278162582932157898e-01,2.331848076476173148e-01,-2.911732067500751309e-01,4.839458368110605591e+00,-2.781654637753669390e-01,8.760987430249686514e-02,9.565293956211358140e-01,1.431048451428303947e-01
3.385382133095843904e-01,9.399948984610927427e-01,-4.244371562760669570e-02,2.260476906703275723e+00,-9.087394442898383273e-01,3.149141069842110174e-01,-2.739009448945630698e-01,4.689771028671402497e+00,-2.440993660806024534e-01,1.312962150614389034e-01,9.608209007872321461e-01,1.504872290013567204e-01
4.345415877311822328e-01,9.003646851294239140e-01,-2.273856424357552017e-02,2.406854130182386253e+00,-8.672888339855930884e-01,4.115035083556254913e-01,-2.801337913478552655e-01,4.478942327904568366e+00,-2.428655738798222441e-01,1.414506853387692553e-01,9.596916258055068205e-01,1.228217638904126885e-01
4.538323519179727206e-01,8.906709047474634655e-01,-2.723115474853646939e-02,2.496844476470908347e+00,-8.674509723478323053e-01,4.345962826134937007e-01,-2.421876993394464495e-01,4.299455857476164766e+00,-2.038749786643846984e-01,1.335343048615955097e-01,9.698471954383983684e-01,1.614300287434453640e-01
4.701602205199095219e-01,8.824083557087043506e-01,-1.746026391934579758e-02,2.618094233607263899e+00,-8.539176083898443181e-01,4.498010185818526740e-01,-2.617322329490536226e-01,4.068281139489739573e+00,-2.231010648169122201e-01,1.379657111683580684e-01,9.649825788165136142e-01,2.220736432912912006e-01
3.988679981973242139e-01,9.170063021579090146e-01,-1.939540342303891192e-03,2.717980531597758986e+00,-8.874835181244968840e-01,3.854924357213451724e-01,-2.525244286380861625e-01,3.919745559056808659e+00,-2.308188143792155311e-01,1.024452234333282086e-01,9.675885753378180576e-01,2.195047437293917714e-01
3.405365587969758634e-01,9.400311174943405401e-01,-1.939974909780409901e-02,2.821709993411131379e+00,-9.175238765536346541e-01,3.277343852494559173e-01,-2.252556518251061790e-01,3.660905662295113938e+00,-2.053893572625080655e-01,9.450751751847594195e-02,9.741065347567423593e-01,2.825675453961668526e-01
3.529651250537138019e-01,9.353321009596509139e-01,-2.386380963350473103e-02,2.890295267618939956e+00,-9.111676012431310090e-01,3.378276566654639934e-01,-2.358942068741020359e-01,3.500803956154917351e+00,-2.125775692321666965e-01,1.050063584090467211e-01,9.714856878786294336e-01,2.506486036168278364e-01
3.642391197774272893e-01,9.294426006446487865e-01,-5.887542552440169774e-02,2.994121002893350703e+00,-9.166244028533736543e-01,3.465994223606695956e-01,-1.991696375277812459e-01,3.217555560710041007e+00,-1.647105573952768742e-01,1.265120252235506781e-01,9.781948373184007339e-01,2.816995322128266199e-01
3.152448003686914024e-01,9.465740765217194319e-01,-6.795758601922426145e-02,3.071666462359222471e+00,-9.272916780788301727e-01,2.920071806627997368e-01,-2.342262799241611182e-01,3.046703112021796667e+00,-2.018684215182072195e-01,1.368551208337456804e-01,9.698040092180109095e-01,3.162906787204894377e-01
1.150128071012597730e-01,9.862152332813501898e-01,-1.189603625015608068e-01,3.118466886646554581e+00,-9.762953873711768260e-01,9.011863526833260862e-02,-1.967890956713258255e-01,2.841618188337628137e+00,-1.833558583750557192e-01,1.387737194903537474e-01,9.732021804221148154e-01,2.963826290159196075e-01
-4.816613773551309263e-02,9.847175279984468066e-01,-1.673661053746371141e-01,3.109522668325082950e+00,-9.790705323428295914e-01,-7.971718916414835543e-02,-1.872593454268626223e-01,2.667527860778633908e+00,-1.977395152051640015e-01,1.548436624611989609e-01,9.679475834579207572e-01,3.377014039540900958e-01
-2.066122023107111183e-01,9.566635896109392245e-01,-2.051978902645756886e-01,3.029161738776740886e+00,-9.485044851936003107e-01,-2.473061420894375195e-01,-1.979366405000947959e-01,2.435928794607161940e+00,-2.401054756225743103e-01,1.537349940565053141e-01,9.584961722294477182e-01,2.870948995866531295e-01
-3.030090193035446799e-01,9.246984061231412477e-01,-2.304742760787608091e-01,2.945987572744213523e+00,-9.283596381890554250e-01,-3.410417861570602116e-01,-1.477798439445983658e-01,2.269021239704131609e+00,-2.152531449298523136e-01,1.691843899658783124e-01,9.617914149074533459e-01,3.061379232586323162e-01
-4.821606059468627747e-01,8.311183167292077734e-01,-2.770622559465018564e-01,2.813937953231651523e+00,-8.313549777164748189e-01,-5.338191495501700690e-01,-1.545510161712778663e-01,2.077732519734441841e+00,-2.763513182508736676e-01,1.558186740116326574e-01,9.483409142973112660e-01,2.831889479397137754e-01
-6.032155841475106417e-01,7.324771736767525798e-01,-3.156075871776475306e-01,2.661361780075448991e+00,-7.448501231289242908e-01,-6.588449550226881390e-01,-1.054590883517383809e-01,1.945878281141736998e+00,-2.851828415532839389e-01,1.714657845859347274e-01,9.430112574089047905e-01,2.334353738497640385e-01
-7.406313127814814212e-01,5.442554998814592704e-01,-3.940193007663012059e-01,2.429988993648707574e+00,-5.602230978269973072e-01,-8.239600902531678539e-01,-8.508731004747825677e-02,1.793912140695876456e+00,-3.709654150843496589e-01,1.577203871374149857e-01,9.151551454767216098e-01,2.580121047779101451e-01
-7.838882733870329300e-01,4.684218433761214717e-01,-4.075538633044905046e-01,2.278319288588295688e+00,-4.859946307014719191e-01,-8.714060170056855403e-01,-6.678901448313583067e-02,1.755046680043219398e+00,-3.864303220189096444e-01,1.457138640432162902e-01,9.107354588737369694e-01,2.045972685701366589e-01
-7.861868667523747023e-01,5.060578588914169673e-01,-3.547050239287867779e-01,2.023930276438575149e+00,-5.364853236349519383e-01,-8.437811106540566986e-01,-1.472870760484619110e-02,1.682373500042767756e+00,-3.067469772799508720e-01,1.787145230742117064e-01,9.348622418153220703e-01,2.116380107799446519e-01
-8.053039081390478415e-01,4.841555928184481106e-01,-3.421680544390366396e-01,1.854919598787720947e+00,-5.034703930234726288e-01,-8.632403243252488867e-01,-3.651993712522860064e-02,1.626211411841439025e+00,-3.130545940962501938e-01,1.428618367565590019e-01,9.389288134431563737e-01,1.707256033926605465e-01
-9.130171008907507213e-01,2.822385763381517476e-01,-2.945185215018989444e-01,1.631492777150468365e+00,-2.792215566710453123e-01,-9.587528530534901172e-01,-5.318166086154638150e-02,1.590676876386959648e+00,-2.973803890159017471e-01,3.368015422185018093e-02,9.541648450033896056e-01,1.237476187877213363e-01
-9.522661957641699315e-01,1.028998959600485735e-01,-2.874033817063558760e-01,1.462543918485081695e+00,-1.135630223828505841e-01,-9.933165203889343653e-01,2.063323216787475711e-02,1.602106985101858561e+00,-2.833593696211754165e-01,5.228672617244622955e-02,9.575873672485748500e-01,1.606600012998807003e-01
-9.503509675454299144e-01,-7.090702855120566139e-02,-3.029937817637621822e-01,1.237524995774315739e+00,5.143347437256893390e-02,-9.960931840594390296e-01,7.178416527547132331e-02,1.633788169699546433e+00,-3.069000426839879614e-01,5.263612801459044421e-02,9.502851160721171864e-01,9.967982900551999870e-02
-9.577464286965599038e-01,-1.339549906894051123e-01,-2.545149087742984428e-01,1.076705920746130918e+00,1.129183004188476225e-01,-9.889937568368808440e-01,9.560756438793269196e-02,1.697016719155571174e+00,-2.645207661971107349e-01,6.282841241886651107e-02,9.623312084949845469e-01,7.234106846961561865e-02
-9.185893031730114622e-01,-2.777915634738776229e-01,-2.811148152603535344e-01,8.272435493407263030e-01,2.587401331335550947e-01,-9.603805269469406491e-01,1.035508907115146732e-01,1.817307471718704326e+00,-2.987427582421934291e-01,2.238505581535586361e-02,9.540711051457270164e-01,5.616442936576111766e-02
-8.410633124897958224e-01,-4.369607857082656865e-01,-3.188695283919584234e-01,6.970741838158568404e-01,4.228451916395176702e-01,-8.987163409751217635e-01,1.162363212237442350e-01,1.926964252709641556e+00,-3.373639700546479658e-01,-3.707034148083022951e-02,9.406441099010083295e-01,1.491086562279731603e-02
-7.525314004801579859e-01,-5.943319755511698999e-01,-2.836652853784166206e-01,4.911338307148679361e-01,5.828851391591979292e-01,-8.015753636325748666e-01,1.331234425811967936e-01,2.111541942518428527e+00,-3.064986228985965844e-01,-6.516470866006413010e-02,9.496379072607158411e-01,-1.173124934489021970e-03
-6.892208519411900935e-01,-6.599526043475509862e-01,-2.990604909785775645e-01,3.821253881404709229e-01,6.453899972498609028e-01,-7.467824592746253876e-01,1.605855222912961067e-01,2.238358768846790525e+00,-3.293119625815102980e-01,-8.233175896717814801e-02,9.406248523008965412e-01,-3.581407786873340438e-02
-6.559340364417751701e-01,-7.087946382933391076e-01,-2.595394007926684066e-01,2.169170077050903422e-01,7.057910569153016400e-01,-6.978331108292692431e-01,1.220161194626651902e-01,2.471671990045249068e+00,-2.675995586984077912e-01,-1.031460622465136118e-01,9.579934060459156520e-01,-5.626618618928613813e-02
-6.224423993864370841e-01,-7.349453217306290975e-01,-2.691111917262453690e-01,1.374724218502770823e-01,7.296250246544387918e-01,-6.693037944897579639e-01,1.402845468311552102e-01,2.628340605178541622e+00,-2.832186131666943885e-01,-1.090312099716238131e-01,9.528375582480241857e-01,-4.713623093801953823e-02
-5.090431477105571423e-01,-8.139053157350181200e-01,-2.800592986979916210e-01,3.941532266318772959e-02,8.084653199183636785e-01,-5.637739626520660297e-01,1.689459840448594152e-01,2.829198709832482006e+00,-2.953961750907186934e-01,-1.404174350067312893e-01,9.449994940146277944e-01,-8.801209559406635019e-02
-3.999783716659158772e-01,-8.788282249686153458e-01,-2.601504433938131022e-01,-4.381849705875173751e-02,8.760135894142954127e-01,-4.500311153339904280e-01,1.734133397196649384e-01,2.957079401609410407e+00,-2.694763317268613623e-01,-1.585337384589144138e-01,9.498681805436340886e-01,-1.000294411173257431e-01
-2.853584683935483923e-01,-9.354258841727568496e-01,-2.086838751214539767e-01,-1.210570892759192524e-01,9.111880606368625291e-01,-3.322972417778652932e-01,2.435464252656097672e-01,3.156011427301963934e+00,-2.971647062975717457e-01,-1.206522205615842974e-01,9.471727292340269555e-01,-1.072843830738804960e-01
-2.716269043386406179e-01,-9.349523997785715856e-01,-2.282166404706264806e-01,-1.430082671151944873e-01,9.217622629133828127e-01,-3.209186412895035923e-01,2.176362937143064002e-01,3.319907283890737748e+00,-2.767185492665923396e-01,-1.512456142213419175e-01,9.489739768142223530e-01,-1.081742356176476350e-01
-3.194159226790171391e-01,-9.192997039434609441e-01,-2.299163384115604780e-01,-1.686294184068179158e-01,9.072964867739825578e-01,-3.667069594458991499e-01,2.057646494943514426e-01,3.556378233324053451e+00,-2.734713027480240033e-01,-1.428777807197836591e-01,9.512094334844911625e-01,-1.228679840224132652e-01
-3.254232459326482085e-01,-9.149626595856950040e-01,-2.386274137028953912e-01,-2.111792604899950243e-01,8.942953891931297861e-01,-3.797884816750060621e-01,2.366357243843442981e-01,3.744575438918124721e+00,-3.071407948719422354e-01,-1.363966302768036265e-01,9.418388882258807993e-01,-1.473914424809343870e-01
-3.930725776247615544e-01,-8.787709378727082132e-01,-2.706576942740562819e-01,-2.881439930765267721e-01,8.886277013774281919e-01,-4.386846149775719961e-01,1.337782378664375549e-01,3.935479515332698242e+00,-2.362937939601784110e-01,-1.879293679346097923e-01,9.533350909326696598e-01,-1.450856268264340554e-01
-5.387909932671322011e-01,-7.878296635274130155e-01,-2.983767531837929754e-01,-3.626903995491470023e-01,7.950137006754939284e-01,-5.926592301230367843e-01,1.292604064987685764e-01,4.059382354114885239e+00,-2.786709193878585955e-01,-1.675692639366005987e-01,9.456548315697805851e-01,-1.513618334235201646e-01
-8.387203917326090385e-01,-4.629626240468145415e-01,-2.867293379261851571e-01,-5.044555108775331531e-01,4.664688147245093508e-01,-8.824737640805934147e-01,6.038957359463633517e-02,4.157628952386276389e+00,-2.809892335684971987e-01,-8.310032758731231151e-02,9.561063676042892423e-01,-1.610817379042321640e-01
-9.485066494400503645e-01,-1.335037670903554963e-01,-2.872488122528890075e-01,-6.003657534341364510e-01,1.392149497867761765e-01,-9.902620347535752154e-01,5.479795397873994363e-04,4.186389943192102336e+00,-2.845247506349427580e-01,-3.946956673685179939e-02,9.578558448836271833e-01,-1.753438807187916726e-01
-9.107238836114974756e-01,2.960507390115951765e-01,-2.879860547843976493e-01,-6.841498680392370524e-01,-2.991044964890304803e-01,-9.535994077874613284e-01,-3.441903030953021719e-02,4.070970034081679678e+00,-2.848131106526472500e-01,5.479169095851194049e-02,9.570158632970867663e-01,-2.088333077050574249e-01
-8.508496747847155151e-01,4.899252540919059040e-01,-1.898106327941816163e-01,-7.319500447051450198e-01,-4.842696562748279865e-01,-8.713996175074072426e-01,-7.839391953082923414e-02,3.953294430289956196e+00,-2.038080737610903637e-01,2.521808896264038022e-02,9.786860155631451619e-01,-1.507091395151280988e-01
-6.640598572187659254e-01,7.192093788444158253e-01,-2.043584483519682582e-01,-7.631848748277335615e-01,-7.139994995325995575e-01,-6.911094943482903874e-01,-1.121266314880167980e-01,3.811610381329531894e+00,-2.218765888907429373e-01,7.145303495220989287e-02,9.724532086935211428e-01,-2.228220545958237153e-01
-4.995398369804315286e-01,8.433391573709350109e-01,-1.980884068148556776e-01,-8.019265125690026030e-01,-8.401773073495777400e-01,-5.273660178223474881e-01,-1.264404028031166083e-01,3.706845786408129673e+00,-2.110972370363452255e-01,1.032673660508638125e-01,9.719947569943658827e-01,-2.035236836480323053e-01
-1.794681077306138350e-01,9.757766743098831297e-01,-1.251042772263986080e-01,-8.114756153191857724e-01,-9.721155861234138662e-01,-1.954148039287008642e-01,-1.296315610545551722e-01,3.488171166688801783e+00,-1.509386813362507684e-01,9.835108681785967311e-02,9.836384387559374831e-01,-2.039845472838393015e-01
6.808796805300530719e-02,9.929970950249259465e-01,-9.654427936689796708e-02,-7.691220357171462130e-01,-9.925294888643806379e-01,5.759909027517569335e-02,-1.075525849716565258e-01,3.370455218726009061e+00,-1.012385417764706946e-01,1.031460812223752299e-01,9.895007041874399611e-01,-2.023217178239679059e-01
3.037673307171573911e-01,9.505762143542511033e-01,-6.426717274718428408e-02,-6.702766258378780595e-01,-9.459697296992938265e-01,2.928888247554781166e-01,-1.391308981714766413e-01,3.193900546106174243e+00,-1.134313857872689402e-01,1.030582215900216342e-01,9.881863810441228191e-01,-2.087669365738701877e-01
3.174761498379441993e-01,9.462322932108991891e-01,-6.207528951942613282e-02,-5.781175734061165805e-01,-9.429746251211728048e-01,3.081213693732259284e-01,-1.259368020602143479e-01,3.082394656000782884e+00,-1.000387458021186893e-01,9.851735390484905874e-02,9.900942279994991990e-01,-1.802371378169268512e-01
3.907573240106962942e-01,9.155575840162722967e-01,-9.519991639853934984e-02,-4.489390219932392068e-01,-9.179801368744532342e-01,3.799627106589434922e-01,-1.137576670500506648e-01,2.876662165341834942e+00,-6.797927651837817886e-02,1.318432738481449262e-01,9.889368883326374871e-01,-1.329664465931350570e-01
4.750701306079017083e-01,8.778745711326902956e-01,-6.037059187045446668e-02,-3.530907314735500235e-01,-8.771995904638231201e-01,4.670523066959998415e-01,-1.112790245286540552e-01,2.694810285141143957e+00,-6.949280174445784941e-02,1.058223991815686743e-01,9.919538146189875727e-01,-1.319668211010333325e-01
5.684711237002690876e-01,8.208775735510429605e-01,-5.477764836051497721e-02,-1.921654208766856164e-01,-8.148868416415451232e-01,5.526643247321765262e-01,-1.747042629353869059e-01,2.402368993265952213e+00,-1.131371594058430685e-01,1.439519135311576048e-01,9.830960429949322510e-01,-8.971282417208112370e-02
5.401866916290527509e-01,8.391888738264048353e-01,-6.293148840470755290e-02,-8.600335917803927921e-02,-8.356360539355346395e-01,5.260453222511910498e-01,-1.580781588350869959e-01,2.271220260080146769e+00,-9.955261699176665147e-02,1.379795382787369629e-01,9.854191613047089682e-01,-9.130412835074872002e-02
4.164959831459635886e-01,9.059778772359122767e-01,-7.573098429566517409e-02,4.884336140751430189e-02,-9.034072289419105006e-01,4.030945145578708200e-01,-1.461854679127008172e-01,2.099819847661756889e+00,-1.019140555506362900e-01,1.293015788475429806e-01,9.863542096978921148e-01,-7.265035091351938756e-02
3.638101969573196981e-01,9.262739645450672743e-01,-9.827859988747539299e-02,1.168041194031700369e-01,-9.278963959443019549e-01,3.511531153066199118e-01,-1.252987150933042304e-01,1.965198895523637024e+00,-8.155010106341793741e-02,1.367773088506342993e-01,9.872393574002827910e-01,-3.597150001456395074e-02
3.175547256154122033e-01,9.479008628591059082e-01,-2.535646722801847969e-02,2.255178529898860251e-01,-9.482278068941513149e-01,3.173017968992901117e-01,-1.354975708977253918e-02,1.757250803060222744e+00,-4.798173822458663002e-03,2.834649670500562213e-02,9.995866413935919903e-01,-2.447015622643578664e-02
3.350283199921008648e-01,9.420868036085677799e-01,1.511553075036313303e-02,2.808645991239653306e-01,-9.415333367093010608e-01,3.353523389775133201e-01,-3.246204872405456660e-02,1.589190206012172757e+00,-3.565109631305107135e-02,-3.356070455999584940e-03,9.993586624044297206e-01,2.371997951272002136e-02
2.100539525184414724e-01,9.775791370287485460e-01,1.470944857941816966e-02,3.443499553717260797e-01,-9.746314356668063228e-01,2.105622604007244270e-01,-7.587555011332303145e-02,1.395418824414929038e+00,-7.727160954349442112e-02,1.601668213989281908e-03,9.970087928486333073e-01,1.654678221880665628e-02
1.372223711090936604e-01,9.886851145072235170e-01,-6.059509236761250611e-02,3.293060784960183951e-01,-9.868860164316466399e-01,1.312102889152667873e-01,-9.402047997351188624e-02,1.276392098583491785e+00,-8.500594943223399591e-02,7.270216251676100971e-02,9.937245011201595313e-01,1.283293510591594980e-02
4.994338872315962075e-02,9.965222996968873259e-01,-6.670055569241925553e-02,3.519837357160042202e-01,-9.971844651733235976e-01,4.601340446608165324e-02,-5.921071715859200363e-02,1.073363493847171446e+00,-5.593568038239443013e-02,6.946994181853706485e-02,9.960146218022537523e-01,2.438723757188362984e-02
1.110112626428615828e-01,9.894894649418474186e-01,-9.266659773368801645e-02,3.571885942771613753e-01,-9.929726729462365897e-01,1.065858719004930399e-01,-5.142686742568824271e-02,9.342787617419400226e-01,-4.100939341718231462e-02,9.772436073114637578e-02,9.943682310750089348e-01,6.480145346729851430e-02
2.274870144825096030e-01,9.709256750092429833e-01,-7.451839940366028481e-02,3.685541617440799000e-01,-9.737806983327705890e-01,2.267491348090216186e-01,-1.832979590456978308e-02,7.195434810264741410e-01,-8.998868692932206551e-04,7.673436955634083123e-02,9.970511655539108231e-01,4.532765085411556705e-02
3.082774711671638634e-01,9.468920115133128146e-01,-9.143587536111638658e-02,3.890930207817898112e-01,-9.512043202213630311e-01,3.054825151283512286e-01,-4.348303281824704436e-02,5.972461451284196698e-01,-1.324167523369326228e-02,1.003790390626038143e-01,9.948611493841099662e-01,3.820547421624709283e-02
3.329217563037097372e-01,9.400996288546334956e-01,-7.331979273727182167e-02,4.510227548033707290e-01,-9.409082559858932271e-01,3.260739484459687643e-01,-9.147367906912777513e-02,4.201783495778050881e-01,-6.208669742577263562e-02,9.944077620492935976e-02,9.931046138401131707e-01,1.292836813635901000e-02
2.303484142207037899e-01,9.720121057875318327e-01,-4.617438974689207221e-02,5.034014781742484068e-01,-9.724775193254895367e-01,2.282317112411081372e-01,-4.688027720160150430e-02,3.097555064595625129e-01,-3.502973697518498020e-02,5.570235350904179095e-02,9.978327341498682834e-01,3.418599037225773796e-02
1.840581389864411888e-01,9.792562908952923140e-01,-8.473321789502347157e-02,5.401985515426067641e-01,-9.808453741489140398e-01,1.885785442256705524e-01,4.879021078459332833e-02,2.247493107538531820e-01,6.375698772311998164e-02,7.412994941131721693e-02,9.952084189338170628e-01,9.042906093850680560e-02
2.018028874604309297e-01,9.782026943746030545e-01,-4.893958858534240564e-02,5.694817383195511784e-01,-9.770415557785259164e-01,2.045447541333156039e-01,5.959229680437307108e-02,1.525303443667751779e-01,6.830368141258282011e-02,3.579011420506245794e-02,9.970224043774921219e-01,8.085881800576522060e-02
3.371052971274793864e-01,9.395202240094022716e-01,-6.051253858432748683e-02,5.849130084448814770e-01,-9.343061995846999590e-01,3.417618751153802537e-01,1.013446897238109018e-01,3.994989549492250491e-02,1.158962642460491660e-01,2.237340821030815025e-02,9.930093083848022806e-01,1.186653909339021873e-01
3.906278812425195701e-01,9.168339119342376886e-01,-8.261619891610735844e-02,5.748044923887060120e-01,-9.155491315925677887e-01,3.962794070580257233e-01,6.879258086331632716e-02,-3.290936972141138284e-02,9.581046934482910504e-02,4.876688906527900519e-02,9.942042770451235967e-01,1.085265576313397817e-01
3.427858987825907477e-01,9.326121381876588678e-01,-1.128380578566368919e-01,5.922016293061772574e-01,-9.333565998541797359e-01,3.517279028392737428e-01,7.164453833288456086e-02,-5.651461091488804711e-02,1.065048595344701421e-01,8.075940854991814355e-02,9.910270595832429974e-01,1.419328598094931615e-01
3.168255299389859947e-01,9.389511382373967319e-01,-1.341355418283347312e-01,5.987122322201323676e-01,-9.431063260961701777e-01,3.269010031948806350e-01,6.071401640120825671e-02,-6.302863987085174924e-02,1.008565379946494145e-01,1.072683276316026835e-01,9.891013419416897490e-01,1.198182032581814049e-01
3.188033075954487261e-01,9.383903763721448410e-01,-1.333714834526070203e-01,6.019245196672213805e-01,-9.449896385193927717e-01,3.255565869409604574e-01,3.174101117389863114e-02,-7.253830729152366263e-02,7.320542436999026570e-02,1.159155305880111148e-01,9.905576992842506368e-01,1.143744294599809280e-01
3.066241798625748416e-01,9.435460598759203288e-01,-1.253093979565478855e-01,6.114371969801388751e-01,-9.497563099475992976e-01,3.119798245985891394e-01,2.513047469020071589e-02,-7.150087793173037776e-02,6.280576437178861382e-02,1.113077802135259697e-01,9.917993819445599657e-01,1.170137546591551586e-01
2.973822110255638917e-01,9.468647775399233746e-01,-1.225190337042428856e-01,6.145156912481516409e-01,-9.526434135691340677e-01,3.028071251722637136e-01,2.789931053374729644e-02,-6.977198601171820391e-02,6.351651083691892130e-02,1.084201918425869715e-01,9.920739462620307147e-01,1.214477819110922341e-01
2.943377544917062938e-01,9.477383420982681272e-01,-1.231150729911217462e-01,6.117086260120094821e-01,-9.535870074864453150e-01,2.998039751749234649e-01,2.809618519233104961e-02,-6.793509013300910726e-02,6.353822026015445990e-02,1.091311659707850379e-01,9.919945983623235097e-01,1.218775835687707504e-01
2.763529877562053150e-01,9.536310636637956861e-01,-1.192343095492212346e-01,6.228365670447115754e-01,-9.578982727803381225e-01,2.833661619668073062e-01,4.620083610334156654e-02,-5.265961173430114967e-02,7.784552114711087989e-02,1.014466000793618344e-01,9.917906342417592835e-01,1.202549336473600211e-01
2.679469867989174303e-01,9.566005479929436950e-01,-1.145417122492234929e-01,6.227787552873830235e-01,-9.608098202283308353e-01,2.740903901428525247e-01,4.146019035343811304e-02,-4.545466909359466984e-02,7.105562341001019078e-02,9.894366887750818962e-02,9.925528946967365762e-01,1.179953286755120179e-01
2.378558768579927818e-01,9.653700408588307136e-01,-1.071693335630043153e-01,6.270789727297754190e-01,-9.685105318249993545e-01,2.440813658219077587e-01,4.910841682004111336e-02,-3.718904542193637863e-02,7.356583166235679261e-02,9.211390270059724439e-02,9.930272389723703297e-01,1.226894555782443580e-01
1.952029589217661176e-01,9.752418784212273373e-01,-1.039186383745816650e-01,6.276320694037279546e-01,-9.780679744513560703e-01,2.014201254926759055e-01,5.303744336917239066e-02,-1.629582708654046114e-02,7.265564108044687830e-02,9.128642626346183953e-02,9.931706531101456292e-01,1.178044094458675362e-01
7.935338906557901084e-02,9.883244985856266540e-01,-1.300681557464396509e-01,6.041695213661937292e-01,-9.967163236928751058e-01,8.077371010148366726e-02,5.672551507330543530e-03,-4.690646419514251167e-03,1.611240912988082252e-02,1.291909178383475465e-01,9.914888284898197846e-01,8.153937764682418765e-02
9.025563997955191042e-03,9.844659826794429636e-01,-1.753432865595973833e-01,5.830529131439073920e-01,-9.975890320175975212e-01,-3.201498092649189206e-03,-6.932440845876251811e-02,-6.137326259463847349e-03,-6.880888309450614027e-02,1.755462313949374131e-01,9.820635713895106145e-01,8.872560604856909172e-02
-1.847302623626546347e-01,9.678034430897264340e-01,-1.709714178191755751e-01,5.086787587568861735e-01,-9.762895208661703794e-01,-2.006848857222061633e-01,-8.114399601677424467e-02,3.212968176068806136e-02,-1.128428181778978329e-01,1.519278519111593728e-01,9.819289313383783302e-01,1.035541584148875621e-01
-3.498931180910205274e-01,9.144674073761356325e-01,-2.032834640577428909e-01,4.401717742983540238e-01,-9.290412886038794671e-01,-3.665827798337508159e-01,-4.999349556296894814e-02,5.230457844918283417e-02,-1.202376396216601473e-01,1.713663513532684979e-01,9.778427704094758699e-01,7.241104864639011374e-02
-5.868085049248857876e-01,7.755794302780903982e-01,-2.326635465158579386e-01,2.624842012056078366e-01,-7.922893487036933857e-01,-6.092674813985252680e-01,-3.272191988524746076e-02,8.212319881184518278e-02,-1.671327809811706255e-01,1.651353488500060251e-01,9.720066615418259115e-01,5.875193500118301715e-02
-7.394246993101836196e-01,6.481679076127346839e-01,-1.820150477047924042e-01,1.691075547445934912e-01,-6.557829353826351015e-01,-7.545962684239257978e-01,-2.309141272470829551e-02,1.198652495329384227e-01,-1.523149884646351204e-01,1.022880013570439256e-01,9.830245719550444461e-01,5.049586557006168624e-02
-8.660788272515728137e-01,4.488831199731193600e-01,-2.200259293577515873e-01,6.008134656280772479e-02,-4.609154092168753492e-01,-8.874359787336586480e-01,3.790672166691386527e-03,1.333708985916479961e-01,-1.935573572173989454e-01,1.046963621728741745e-01,9.754866586554536978e-01,1.348256103170052123e-02
-9.232147240165179403e-01,2.829881079568422053e-01,-2.599851997982101648e-01,-4.737070522250129423e-02,-2.916270999566977218e-01,-9.565158685850053688e-01,-5.570252769888065121e-03,1.005270659564527491e-01,-2.502562844964225097e-01,7.067619047515984188e-02,9.655965348788093650e-01,-5.631228968392423817e-03
-9.799647481104201141e-01,6.853064659464418173e-02,-1.870097402228154682e-01,-1.922121052015521858e-01,-7.639787577633617988e-02,-9.964565101412511394e-01,3.518221104455225567e-02,3.100789314106615346e-02,-1.839360134333358765e-01,4.876447348674949750e-02,9.817278487889660177e-01,6.252112855899154276e-03
