9.999199134142261469e-01,1.233278150225832794e-02,-2.840643959389421973e-03,3.201369396279137025e-03,-1.235940647681821498e-02,9.998779737399808853e-01,-9.554198091462054801e-03,-1.516365557244466096e-02,2.722467488739716782e-03,9.588541601707115461e-03,9.999503227864496857e-01,7.814528399463574471e-04
9.997966460040664805e-01,2.016580750489439453e-02,-8.274475883536613170e-05,4.517396037730155717e-03,-2.016513414907602705e-02,9.997089094471992565e-01,-1.324627255650594020e-02,-2.239882447667185944e-02,-1.844011099140888696e-04,1.324524743321239817e-02,9.999122608592533323e-01,1.352121358741990506e-02
9.997588991300296879e-01,2.110151109977289469e-02,-6.072053986704932169e-03,5.353644421158534547e-04,-2.123035308128007337e-02,9.995325168642769098e-01,-2.200045088192894432e-02,-2.265002876343587268e-02,5.604972645381914309e-03,2.212405840414791158e-02,9.997395212360938865e-01,1.651584275440298386e-02
9.997498594905599445e-01,1.975494060232063295e-02,-1.048621811734550685e-02,2.891436916427450902e-04,-2.000020127784496102e-02,9.995161021101740539e-01,-2.382338286914478798e-02,-2.552969508037059715e-02,1.001051434499996770e-02,2.402715014900761240e-02,9.996611854314768619e-01,2.004568368790230967e-02
9.997555340148657210e-01,1.817326051375519474e-02,-1.259384011927900185e-02,-2.910818113029506240e-03,-1.842846860494431332e-02,9.996209454052562560e-01,-2.045377842791407455e-02,-2.485928001800771087e-02,1.221735452245521075e-02,2.068086336207479795e-02,9.997114774469040288e-01,2.327548155082843906e-02
9.996153402776425390e-01,2.325119384227069402e-02,-1.511798486975063881e-02,-4.337635973010546542e-03,-2.356039717947541745e-02,9.995100135871114455e-01,-2.060680527975198434e-02,-2.655989429728811829e-02,1.463144443854476340e-02,2.095506439983902888e-02,9.996733497046123018e-01,1.959861642643131313e-02
9.997312546436276648e-01,1.656009299394823123e-02,-1.622287917447152311e-02,-3.800454500261297650e-03,-1.683992858809880630e-02,9.997090839014451946e-01,-1.726743669688427310e-02,-1.773053646671772510e-02,1.593220932028724043e-02,1.753598828024699463e-02,9.997192875108538157e-01,1.832264707075175261e-02
9.998331507989371980e-01,1.188446434697570941e-02,-1.387191661793552196e-02,1.035902649880815832e-03,-1.207396548159313417e-02,9.998338265234928413e-01,-1.365791700587080590e-02,-1.662270975517107438e-02,1.370729444561507616e-02,1.382312723573869001e-02,9.998104976606343453e-01,1.042943740072712830e-02
9.999900516723841948e-01,8.378200057933010312e-04,-4.381165815152024239e-03,1.186914374556146713e-02,-8.806399242755245070e-04,9.999517784872559156e-01,-9.780857503185911780e-03,-5.936829961982073231e-03,4.372759950618854835e-03,9.784618429542805973e-03,9.999425684571098261e-01,-2.499194059051077985e-03
9.999877943523046708e-01,-4.612689643521437205e-03,1.770378678375992935e-03,1.609064233998622195e-02,4.627361102182698041e-03,9.999542262001374082e-01,-8.374546776659151995e-03,-6.678634886000763340e-03,-1.731668456230801845e-03,8.382636741324044419e-03,9.999633656917736868e-01,-5.191423766491516656e-03
9.998229036887048560e-01,-1.642477502644313844e-02,-9.186295489319167354e-03,1.563502700613599722e-02,1.623934277118640676e-02,9.996699106588445849e-01,-1.990862802148054417e-02,-5.496192575246622476e-03,9.510257927431400166e-03,1.975592287564654007e-02,9.997596003567479350e-01,-9.549921298137743070e-04
9.995994977108902946e-01,-2.438060349968195276e-02,-1.436768419497883205e-02,1.882433228962090282e-02,2.407671557226746459e-02,9.994904232237328268e-01,-2.095723386555446016e-02,-6.037033034940129592e-03,1.487131276611052162e-02,2.060291379962323616e-02,9.996771298772303416e-01,2.658599085415509506e-03
9.995248873229966025e-01,-2.155472292826431102e-02,-2.203164863181893487e-02,3.007621265056904802e-02,2.148310330894660433e-02,9.997631468166401358e-01,-3.482318122500770250e-03,9.417721223569203506e-03,2.210149076798439971e-02,3.007355445391646492e-03,9.997512090110501903e-01,-1.684859361284359730e-02
9.993451546345333281e-01,-6.128382577423906359e-03,-3.566097075886796169e-02,3.261842143465428639e-02,6.336318196316390733e-03,9.999635610409904896e-01,5.720809552508122897e-03,1.133707655279053532e-02,3.562461200062588818e-02,-5.943022564803650959e-03,9.993475709194463708e-01,9.818272883057834605e-03
9.981470413746408310e-01,2.956703716126938067e-02,-5.318152036708449770e-02,2.523202837823249750e-02,-3.068028832248168719e-02,9.993243081685321272e-01,-2.023973843541020806e-02,-8.338767585496677584e-03,5.254715694973327578e-02,2.183385941579139497e-02,9.983797267971292744e-01,1.507687264623473050e-03
9.963382750561458057e-01,5.742533750320842623e-02,-6.334328907458144919e-02,1.142691458592119506e-02,-5.828346074903689028e-02,9.982305447041340818e-01,-1.178209755531930969e-02,-1.429018528054038645e-02,6.255461502766093695e-02,1.543082085730334771e-02,9.979222464232420098e-01,1.174505611297239991e-03
9.969328601687622582e-01,4.219754501871542801e-02,-6.591084516317528841e-02,-6.887816056974025922e-03,-4.320761906864906826e-02,9.989683729871264850e-01,-1.397467086809704891e-02,-1.249482085028660178e-02,6.525315295178539532e-02,1.677965928875226748e-02,9.977276527509915116e-01,1.894950159968803588e-02
9.969327978878878005e-01,4.095749387839549976e-02,-6.668943087647778711e-02,2.277897132394304802e-03,-4.149956989328775631e-02,9.991156338033484463e-01,-6.762838783026701821e-03,-1.289384832139723984e-02,6.635346407008033132e-02,9.509678487429510524e-03,9.977508626009625736e-01,1.067194628087038584e-02
9.971181171243636010e-01,4.553405292648361746e-02,-6.068039655812674377e-02,9.794364876162146155e-03,-4.532753519614446391e-02,9.989607609173614122e-01,4.776264277475083392e-03,-7.545274294769198885e-03,6.083481778887497859e-02,-2.012006832539809439e-03,9.981458193936889600e-01,2.230879781065437870e-02
9.973809856368853755e-01,4.670616408039154205e-02,-5.522412269009083219e-02,8.124354187724920975e-03,-4.777586747788659105e-02,9.986920642707900475e-01,-1.821063560898765130e-02,-5.417938166123459354e-03,5.430134415214861454e-02,2.080132205999059986e-02,9.983079029156410877e-01,1.281954528078776620e-02
9.971932622840455895e-01,5.227985567507336534e-02,-5.359490970135021709e-02,1.826934058365142430e-02,-5.269823478033686809e-02,9.985898319954211733e-01,-6.422109185671483894e-03,9.809718993937259143e-04,5.318358493312463908e-02,9.228441144076801259e-03,9.985421083598378100e-01,1.562361340503316473e-03
9.905294414544865145e-01,1.318136198288846483e-01,-3.842649137598944109e-02,3.199697204830931341e-02,-1.330718952703053570e-01,9.905813255360328418e-01,-3.225690915826621985e-02,-6.304930675551508046e-02,3.381266480228401622e-02,3.706490424757651753e-02,9.987406553115203423e-01,3.623442875647592959e-02
9.642887169044822571e-01,2.629654761280396658e-01,-3.156626071393727612e-02,2.163532355143656105e-02,-2.637790309393314159e-01,9.642558139945468509e-01,-2.512663953696765706e-02,-5.059286409172082666e-02,2.383051169014538048e-02,3.255585266072465872e-02,9.991857801080425983e-01,9.309207209899292290e-03
9.514871719630850766e-01,3.065069332227434717e-01,-2.693810453760598148e-02,3.404229167834154496e-02,-3.073422638844447996e-01,9.509189725314968200e-01,-3.596999457918304000e-02,-3.631887190963083850e-02,1.459090196234226651e-02,4.250420645101803813e-02,9.989897386929924572e-01,7.392951247781975530e-03
9.445761066538971296e-01,3.282431286381873314e-01,-5.694492109005174461e-03,5.905166852616759721e-02,-3.281892932949206365e-01,9.437020809798036813e-01,-4.145081568519897591e-02,-4.495140561477503627e-02,-8.232041371723263987e-03,4.102232143848146689e-02,9.991243179097638594e-01,3.355989972332088303e-03
9.453678142987685940e-01,3.259152402272314508e-01,7.678012476857951248e-03,7.235377774438331300e-02,-3.258304740071569783e-01,9.453697088928666448e-01,-1.051740063360437870e-02,-2.791945176757438390e-02,-1.068634157419016267e-02,7.441081604327595342e-03,9.999152126097072824e-01,-2.300512204384642934e-02
9.514605331025207668e-01,3.076717213068392853e-01,7.808063546950965057e-03,6.602547334259081802e-02,-3.071951412750268395e-01,9.509262185874326478e-01,-3.701988627781431507e-02,-3.173316410950746680e-02,-1.881486447687098079e-02,3.282436154889394053e-02,9.992840247715476520e-01,-4.524323842391098083e-03
9.450755838902581418e-01,3.264642005548213377e-01,1.591434857569381384e-02,6.362002519628633113e-02,-3.250477936173013505e-01,9.438531106708379914e-01,-5.903589875242547247e-02,-4.433767780846006173e-02,-3.429391489771453638e-02,5.062046259254876501e-02,9.981289977592592289e-01,-1.285378841700167071e-02
9.388800983028948721e-01,3.442427346361806029e-01,1.049123896490593679e-03,7.110119123952107767e-02,-3.440722913019670925e-01,9.385028584649889316e-01,-2.875140016170633570e-02,-4.573058747879626268e-02,-1.088206639202522578e-02,2.663314294724357031e-02,9.995860424834821512e-01,1.292324030601830001e-02
9.358521348747590451e-01,3.523866377745626388e-01,2.106933386313287852e-03,6.417191074096409431e-02,-3.520698994794764225e-01,9.352334794329588696e-01,-3.721726519012354129e-02,-5.375813935394638254e-02,-1.508534158932710832e-02,3.408806925684792349e-02,9.993049764728844098e-01,1.426385300689621272e-02
9.388910561033425584e-01,3.442142591422650555e-01,3.585697859527028106e-04,7.717643448604347145e-02,-3.442143425184881478e-01,9.388894573117206876e-01,1.753098247922575074e-03,-4.255568915776265781e-02,2.667840228707942874e-04,-1.769393128563612411e-03,9.999983990358385366e-01,-1.434545906202182655e-02
9.408200662901267108e-01,3.376357670215330842e-01,2.932049954592104435e-02,9.380187053141762765e-02,-3.376334958146617327e-01,9.412634112099926842e-01,-5.178148443065150146e-03,-4.512921247141920417e-02,-2.934664154230029465e-02,-5.027876799256811476e-03,9.995566492626006827e-01,-2.324621265988829205e-02
9.397859444085747693e-01,3.416642644114794014e-01,8.240698771698347011e-03,8.532692353910031891e-02,-3.417567758234981712e-01,9.396465740107439180e-01,1.632856786734294616e-02,-4.316788082959914508e-02,-2.164456238992215273e-03,-1.816167321679863778e-02,9.998327203863426327e-01,3.169857748745497777e-03
9.469520610844490704e-01,3.213430061415673555e-01,-4.523981853897276507e-03,7.940530573460229113e-02,-3.211827463410693584e-01,9.467788973136618269e-01,2.124530664251433887e-02,-3.141451515673496231e-02,1.111024125400487429e-02,-1.866526199726815244e-02,9.997640574324774265e-01,-1.380284938100989622e-02
9.494594238847786638e-01,3.136515154486113066e-01,1.222821545335266678e-02,7.574428372336294846e-02,-3.136214532613400552e-01,9.495381183794071589e-01,-4.352677192209078623e-03,-3.355900608121814566e-02,-1.297638049030942764e-02,2.976596779980513418e-04,9.999157589257635648e-01,-3.115308676557330611e-02
9.544473387131195974e-01,2.981530842422260852e-01,1.161963770052447040e-02,6.755023781668691163e-02,-2.977681586062081442e-01,9.542609556431149720e-01,-2.683565269108575263e-02,-3.164905957807615661e-02,-1.908929919382961957e-02,2.215325917187995278e-02,9.995723244289784759e-01,-1.451602374740910278e-02
9.540061712477474476e-01,2.996489230641257717e-01,9.096599789084662546e-03,5.559803476931787086e-02,-2.994524294367985062e-01,9.539358762706985351e-01,-1.829170489739544853e-02,-2.967884294963038516e-02,-1.415866256439563160e-02,1.472640044830227611e-02,9.997913109265467169e-01,-3.953160325102567096e-03
9.539317712742906297e-01,2.999676680860647870e-01,5.794295168739506396e-03,4.972087679740586075e-02,-2.997054004732054855e-01,9.536315110464024247e-01,-2.763356774921272088e-02,-4.344956426862151000e-02,-1.381479933584351359e-02,2.462395667562761181e-02,9.996013265682205384e-01,-1.951415841195927592e-02
9.560281078382929509e-01,2.930732661068057299e-01,1.087739475344573145e-02,4.770614097386223496e-02,-2.926372521942141036e-01,9.557373636215155122e-01,-3.048820109508600454e-02,-4.723033673100886232e-02,-1.933120925738663828e-02,2.596444629264836254e-02,9.994759386185153582e-01,-1.486015949859881280e-02
9.485459590228983995e-01,3.164758887781914942e-01,1.017720213926336277e-02,3.388306246022531470e-02,-3.160438131005366413e-01,9.482429508367294924e-01,-3.084824775128328436e-02,-6.583796480099572690e-02,-1.941318681213415401e-02,2.604453897662927647e-02,9.994722658319695752e-01,-1.163058957557933613e-02
9.409327638980279351e-01,3.381504751437319767e-01,1.731444435394822665e-02,3.943120326449545132e-02,-3.376068924745122546e-01,9.408644782170297871e-01,-2.820673293912464089e-02,-8.725094192238956603e-02,-2.582866579831261805e-02,2.069516343168480849e-02,9.994521450442808153e-01,-1.646193048176764276e-02
9.278769190814427636e-01,3.728864337036955634e-01,3.613802276539992888e-04,5.795580969120148196e-02,-3.727940911257860979e-01,9.276678532846901470e-01,-2.137567785762979275e-02,-1.418646270173101742e-01,-8.305941104337917491e-03,1.969927770029588493e-02,9.997714487823989860e-01,-6.711323437559531951e-03
9.391602162133219078e-01,3.418582359207724131e-01,3.333218887627952681e-02,1.292590491648683559e-01,-3.405476855049193174e-01,9.394013898276953878e-01,-3.939927267141569989e-02,-2.074280918943889329e-01,-4.478127040838787015e-02,2.565102966610461818e-02,9.986674433952870134e-01,-3.246839361870942908e-02
9.343053796723965743e-01,3.497723322938331436e-01,6.879515300477868911e-02,2.811871771364283790e-01,-3.480245801044085652e-01,9.367814005518999565e-01,-3.632491188110880537e-02,-2.862297560296304111e-01,-7.715146893202221023e-02,9.996156348939102404e-03,9.969692711913832328e-01,-7.273032743667465216e-02
9.386719902908485791e-01,3.438876574146729759e-01,2.522248443879565941e-02,4.353911204222807307e-01,-3.435600198612808187e-01,9.389861696582368911e-01,-1.647683050432988822e-02,-3.256417585448643237e-01,-2.934974269620184081e-02,6.800902028440852266e-03,9.995460671401119601e-01,-5.742869184732148080e-02
9.220443841414365238e-01,3.868128291435041222e-01,1.449099317634899679e-02,7.220528504409042814e-01,-3.851661763821343509e-01,9.205546574509154700e-01,-6.500876261392415922e-02,-4.278560945708131946e-01,-3.848597464538795754e-02,5.435952405443863350e-02,9.977794705746196868e-01,-3.305371468746472197e-02
9.213724615934094642e-01,3.881788976996606855e-01,-1.974665536178478453e-02,9.048931461216247474e-01,-3.885225615070849181e-01,9.212576116028451390e-01,-1.829295667172999018e-02,-5.367456426131247404e-01,1.109081679924258171e-02,2.452664764081171830e-02,9.996376530214474698e-01,-7.846558671938225205e-02
9.621939762157705189e-01,2.721862437367860155e-01,9.869187126788933270e-03,1.287032141677125319e+00,-2.721620610691101172e-01,9.594463551730378903e-01,7.342005216414428104e-02,-6.272398297945130929e-01,1.051497259619903549e-02,-7.333035023529085872e-02,9.972522725397368060e-01,-2.029612718525986709e-02
9.823691824664890770e-01,1.864376204528110370e-01,1.384929673358868164e-02,1.556910332582976508e+00,-1.867901218457760359e-01,9.819008021028065025e-01,3.130918732104888413e-02,-6.718232910977957051e-01,-7.761425188822802627e-03,-3.334409257661426901e-02,9.994137940659411079e-01,-4.594395267612666478e-02
9.837678531603365473e-01,1.792058202118027022e-01,-9.278205134452877090e-03,1.930537018209384392e+00,-1.791871434293312304e-01,9.838109841952986656e-01,2.813362101291990661e-03,-6.865093235110349967e-01,9.632170987806823112e-03,-1.105160120356683817e-03,9.999529988470301500e-01,-1.964906070761096579e-02
9.897194485423570498e-01,1.415339996547483881e-01,2.058009034824167388e-02,2.327164377681241625e+00,-1.411019249228067651e-01,9.897696741516843755e-01,-2.112436774783739077e-02,-6.736575103231104977e-01,-2.335936557552054788e-02,1.800330723497342925e-02,9.995650158786626438e-01,-1.268242912485574858e-01
9.971360961687185664e-01,7.537200262336317402e-02,6.218274515580186380e-03,2.760050236519909994e+00,-7.512439414433226548e-02,9.966150098675704561e-01,-3.338933229503296407e-02,-6.479330589379538319e-01,-8.713846559037737027e-03,3.282656435274322604e-02,9.994230763550235874e-01,-7.682521512708065381e-02
9.968261295523832555e-01,7.551358501583758931e-02,-2.520646583062225582e-02,3.021079888415031611e+00,-7.580054810270146770e-02,9.970663505058207088e-01,-1.062871564831016809e-02,-6.378649629710823055e-01,2.432990647217042612e-02,1.250564540751109531e-02,9.996257622150379607e-01,-1.038856745089723199e-01
9.654203650156909511e-01,2.519404332142028968e-01,-6.700400678175075231e-02,3.344997715366111013e+00,-2.527257600575604779e-01,9.675320659575340487e-01,-3.375136630265775702e-03,-6.494186610566021756e-01,6.397819172419370870e-02,2.019206417838895901e-02,9.977469977543990121e-01,-8.217935145761910698e-02
9.541735816482709298e-01,2.978971732173633091e-01,-2.846138214517518472e-02,3.578321371414860508e+00,-2.983305335279375359e-01,9.543828734471745401e-01,-1.233789429558369496e-02,-7.253587152136897753e-01,2.348763183988143710e-02,2.026339211032754384e-02,9.995187472432599529e-01,-9.033380497924439756e-02
9.624365244308613621e-01,2.674201241113945970e-01,-4.692988026502367682e-02,3.933184248894033175e+00,-2.675316626171586609e-01,9.635407471606773910e-01,4.004754466990534043e-03,-8.330699763863940177e-01,4.628980383132037801e-02,8.700906923316676159e-03,9.988901582656463107e-01,-9.817535215909778401e-02
9.626890921039654714e-01,2.701691247627938108e-01,-1.543878132974704082e-02,4.146596398923763971e+00,-2.703902518474322059e-01,9.626391449623458163e-01,-1.466247905521882514e-02,-8.913037605902611737e-01,1.090062612532711854e-02,1.828990462162980585e-02,9.997733021735506487e-01,-8.307098403889372207e-02
9.529581622623284343e-01,2.994622117290358654e-01,-4.683080955907897858e-02,4.436769883691753513e+00,-3.002841417599041440e-01,9.537808983283275754e-01,-1.146438796991902133e-02,-9.578622394567490872e-01,4.123318063310955212e-02,2.498763154764597691e-02,9.988370453104523650e-01,-7.951823648403832934e-02
9.513410105326138844e-01,3.078219330550327482e-01,1.399782872615318308e-02,4.745909410954711305e+00,-3.064623252345657911e-01,9.499184623878008660e-01,-6.112084772496050727e-02,-1.027446315670766275e+00,-3.211113343697480360e-02,5.385696189962190655e-02,9.980322152938418956e-01,-1.055988652341712797e-01
9.840309191301801484e-01,1.759428468496819775e-01,-2.696784823156520364e-02,4.966424544533706964e+00,-1.756009571642224709e-01,9.843534630975924182e-01,1.457955866218330933e-02,-1.069765363101999434e+00,2.911106385586805650e-02,-9.611156548738253660e-03,9.995299753539026444e-01,-1.250296099189956156e-01
9.986869154743055477e-01,1.938947013487292079e-02,-4.741828031787563569e-02,5.229403241526099144e+00,-1.829151782293238909e-02,9.995569573216506187e-01,2.347997967664832569e-02,-1.080505135654926230e+00,4.785253636066878757e-02,-2.258179615910405752e-02,9.985991173869911419e-01,-6.799949618409661944e-02
9.849116944652610561e-01,-1.721558085275572414e-01,-1.764459395365994276e-02,5.557411487574149156e+00,1.725570491873213708e-01,9.846943415379771913e-01,2.451771846751493386e-02,-1.014383199906684574e+00,1.315366417887819245e-02,-2.719248670701437942e-02,9.995436707744971283e-01,-8.409187123793944452e-02
9.716005263568502359e-01,-2.354004690614187600e-01,-2.406317412050717683e-02,5.761015885762516220e+00,2.346447287003348425e-01,9.716017579531571746e-01,-3.052663157767610339e-02,-9.414861332596833332e-01,3.056580566966787468e-02,2.401339434559644423e-02,9.992442586353774692e-01,-6.512489527020121072e-02
9.203702435548102301e-01,-3.897086109019669564e-01,3.233903782917901121e-02,6.032026952562131505e+00,3.909984356526734484e-01,9.157832046094416256e-01,-9.198557208835636545e-02,-7.759870725835955607e-01,6.232021824384677625e-03,9.730529658821077121e-02,9.952350682928425840e-01,-1.009908506414755047e-01
8.404320490070512628e-01,-5.417839916427681368e-01,1.200322462661005188e-02,6.184930212603291011e+00,5.413151887640640370e-01,8.382493423770350782e-01,-6.569555858498006551e-02,-6.154954970644149759e-01,2.553110681371221699e-02,6.171018071676848127e-02,9.977675160981985814e-01,-1.467783354280996488e-01
6.071439643262864783e-01,-7.932022202368823605e-01,-4.697280482832687926e-02,6.408657481622209495e+00,7.942208571905579051e-01,6.076054236460564084e-01,5.373933325811695340e-03,-3.104456927401970656e-01,2.427831513212036149e-02,-4.056953249885708601e-02,9.988817129406103446e-01,-1.332771857232224744e-01
4.492522030428757751e-01,-8.922749046953110108e-01,-4.492162632959012525e-02,6.495442949432786328e+00,8.933641072402743744e-01,4.491443736604153747e-01,1.303470383167425195e-02,-1.129003700730078497e-01,8.545756602472304522e-03,-4.598723801410664613e-02,9.989054729972819402e-01,-1.134501710655502343e-01
4.063753530225542865e-01,-9.137032592422785759e-01,-2.329486173133948554e-03,6.626019084378159008e+00,9.127604951805364797e-01,4.060693817710713249e-01,-4.445149745329806529e-02,2.162769714911080277e-01,4.156141111144713574e-02,1.593773001705914988e-02,9.990088277229219882e-01,-1.357894600993694578e-01
3.747448400419537418e-01,-9.261223841405694657e-01,4.316983270429967240e-02,6.675784721821933054e+00,9.270786424147964278e-01,3.747988499884483682e-01,-7.142326348853336032e-03,4.253280442970658881e-01,-9.565335345255084401e-03,4.269837984190442970e-02,9.990422176858231307e-01,-1.946150219050412356e-01
2.781577536674163520e-01,-9.597938073199161479e-01,3.773740193807522542e-02,6.749065378991063291e+00,9.600793318014658739e-01,2.766004771526744954e-01,-4.171154140717579090e-02,7.714255906044857891e-01,2.959629575380179345e-02,4.783328829645596553e-02,9.984167645870134500e-01,-1.999507785789553516e-01
2.212497169691823029e-01,-9.742696199245206579e-01,4.297988405273044099e-02,6.796079211669058040e+00,9.751301795908587922e-01,2.204263145556438208e-01,-2.309486311964132135e-02,1.015363104537951422e+00,1.302672607200959162e-02,4.702071398379589068e-02,9.988089691549115745e-01,-2.082949998733134300e-01
1.551579289482530322e-01,-9.870918480623017688e-01,3.969509508035134332e-02,6.847528564245748406e+00,9.878864811990206718e-01,1.551343520472100446e-01,-3.692299975418893241e-03,1.351183069418657956e+00,-2.513433648406005784e-03,3.978713741703043816e-02,9.992050171748797505e-01,-2.313069536905832113e-01
2.142767157422060809e-01,-9.756290596869541254e-01,4.725914710490401738e-02,6.891466681348338952e+00,9.767279110333842995e-01,2.135510205651295901e-01,-1.996370266138213639e-02,1.570271867744062355e+00,9.384929360104425633e-03,5.043708466932713547e-02,9.986831447415958074e-01,-1.965479757020826279e-01
2.330198764807610567e-01,-9.687101094186829631e-01,8.545443859117832219e-02,6.937596853136668962e+00,9.720638988785951229e-01,2.345664804679817306e-01,8.387057756299337238e-03,1.878768435767835809e+00,-2.816937453750543996e-02,8.111282359101232298e-02,9.963067781498112785e-01,-2.313409537278189321e-01
2.173885369268987455e-01,-9.734061750280303960e-01,7.226785198192235693e-02,7.000703362454784973e+00,9.760459987585086150e-01,2.161200485944132499e-01,-2.502664386314851219e-02,2.107205691379501644e+00,8.742557994469270580e-03,7.597725325942780716e-02,9.970712234674433683e-01,-2.638155617814118559e-01
1.049313161382817855e-01,-9.941681600741987257e-01,2.488148685608488481e-02,7.030122994439164330e+00,9.944133439279606579e-01,1.051800167706100492e-01,8.903116878058243283e-03,2.455085112081439647e+00,-1.146823053038536176e-02,2.380826677471128625e-02,9.996507620772787650e-01,-2.671904747991736828e-01
-1.829832626808773708e-03,-9.998548390627340909e-01,1.693967282420167156e-02,7.021406151653065919e+00,9.998066379344694443e-01,-2.160882852272216596e-03,-1.954526355591294784e-02,2.658762999097911361e+00,1.957903099566504074e-02,1.690063277312069470e-02,9.996654591197682294e-01,-2.722026892553806032e-01
-1.179840302741978486e-01,-9.930011033746402038e-01,-5.345773751581885114e-03,6.967955363349723541e+00,9.901328793377014437e-01,-1.172299392182610672e-01,-7.677253809347604763e-02,2.954515051456629404e+00,7.560853030372086114e-02,-1.435095981558946396e-02,9.970343023676170313e-01,-2.667494478509318534e-01
-3.242856389716104459e-01,-9.459544085142658210e-01,3.013531018362467211e-03,6.888351127194185963e+00,9.436677291084923924e-01,-3.237200556709485810e-01,-6.853132565197926629e-02,3.084791995841163370e+00,6.580305005084705061e-02,-1.937995275592760760e-02,9.976444136240035787e-01,-2.563483258027082212e-01
-8.055944799758839592e-01,-5.915048347476709045e-01,3.375743329275105592e-02,6.693361195060139934e+00,5.870105005722329183e-01,-8.045933541446232962e-01,-8.971179790997414749e-02,3.241711101926569416e+00,8.022596867798363618e-02,-5.245536136977576452e-02,9.953955138603164388e-01,-2.289220037090587967e-01
-9.853740036010201209e-01,-1.587978800363192278e-01,6.181671556518064659e-02,6.583926608987015427e+00,1.535009204829124729e-01,-9.846847614789746572e-01,-8.266430863433177345e-02,3.219249857568657447e+00,7.399689478751333982e-02,-7.196633801343634007e-02,9.946583864597631219e-01,-2.014685239340391343e-01
-8.851176125392219429e-01,4.632105310794220054e-01,4.475283086002910388e-02,6.512591629482741062e+00,-4.623233861979812453e-01,-8.862337972108857986e-01,2.909885316649821543e-02,3.045748392672827709e+00,5.314036645807577314e-02,5.065627137206115023e-03,9.985742039900721290e-01,-2.361989515864106326e-01
-7.023294965802322487e-01,7.116667325304539826e-01,-1.624007520868714707e-02,6.534775656694996826e+00,-7.116407597569701649e-01,-7.013825842630446727e-01,4.037201437894788469e-02,2.850163594747829876e+00,1.734091364024304555e-02,3.991155599471686577e-02,9.990527315473394232e-01,-2.621946757636406389e-01
-4.814415706259638217e-01,8.726315779845845721e-01,-8.202525938598458077e-02,6.584101111308890530e+00,-8.763327023750882017e-01,-4.809541722071425385e-01,2.690871577233499429e-02,2.604915594409985324e+00,-1.596899562211109846e-02,8.483639160569809989e-02,9.962669209795854686e-01,-2.405848311137113449e-01
-3.292659266135044005e-01,9.433002014283246028e-01,-4.205567211009160478e-02,6.575119941654827826e+00,-9.436158669007495003e-01,-3.303382596529971793e-01,-2.158077715409975270e-02,2.411974996389635972e+00,-3.424974896982692363e-02,3.257858490957361852e-02,9.988821704789767608e-01,-2.630345615956329874e-01
-1.688729307112434574e-01,9.841148041950428249e-01,-5.477212281030389984e-02,6.531238244090446621e+00,-9.853908939387676647e-01,-1.673259027898613971e-01,3.173055937283749545e-02,2.137917144046193485e+00,2.206171832724781665e-02,5.933038361336758632e-02,9.979945822321570903e-01,-2.718860629514137650e-01
-1.482398872401919920e-01,9.889504593994927761e-01,1.387330006246732502e-03,6.507736713416353069e+00,-9.885029950386784448e-01,-1.482147634367490530e-01,2.990338942243534609e-02,1.927637395395456421e+00,2.977859349560385907e-02,3.061495209799508944e-03,9.995518308804711705e-01,-2.207485379972279338e-01
-1.032608508472098452e-01,9.944709225851166012e-01,-1.909923597991305261e-02,6.496227555393400799e+00,-9.912549021300418595e-01,-1.013027831292226538e-01,8.456633569827719243e-02,1.625204610899834812e+00,8.216395612110136137e-02,2.766460306926223425e-02,9.962347886173961165e-01,-2.602234533213197976e-01
-1.669091357889422311e-01,9.844095513172602674e-01,-5.549032046706465354e-02,6.462360180016543332e+00,-9.824067768346516072e-01,-1.612600408338522862e-01,9.419195326360940701e-02,1.410427126590648506e+00,8.377508710552362958e-02,7.023556439307243604e-02,9.940063884477032818e-01,-1.822516418747174016e-01
-1.830460119901455018e-01,9.810019956490432236e-01,-6.425917854358877135e-02,6.415991131282705595e+00,-9.830769036316996390e-01,-1.821610809910145790e-01,1.942014722121779280e-02,1.086251979441603677e+00,7.345681752718061230e-03,6.672649477365327764e-02,9.977442637543988413e-01,-2.312934826651803777e-01
-1.790806755905181291e-01,9.837447465158829507e-01,-1.328101398401070228e-02,6.375145464666156059e+00,-9.838342469525235279e-01,-1.790569916537877171e-01,2.961125335914377692e-03,8.381274335136426057e-01,5.349330828919309725e-04,1.359659671738888513e-02,9.999074189165212401e-01,-2.323926487755699766e-01
-1.379459564424559137e-01,9.902269725846442050e-01,-2.052939032277800030e-02,6.323011310064345025e+00,-9.898626498798367424e-01,-1.371284796633122360e-01,3.698262346149701341e-02,5.152428293693995798e-01,3.380602718513870536e-02,2.542288007046996506e-02,9.991050143477803180e-01,-2.036331110925630461e-01
-2.373790257966892636e-01,9.713894465323772431e-01,7.330844244371704718e-03,6.312162827069294657e+00,-9.682324046950863128e-01,-2.372046371463981673e-01,7.911997607820071832e-02,3.073017063766977364e-01,7.859522002122124040e-02,1.168346189132752656e-02,9.968381453917420920e-01,-1.855209863664454284e-01
-3.687839767579222383e-01,9.291613097210416061e-01,-2.564447316849232175e-02,6.231115269714468496e+00,-9.289905584333816302e-01,-3.675087981656148250e-01,4.374729263049166594e-02,1.925177336690031549e-02,3.122372220355428343e-02,3.995677399819284187e-02,9.987134400734831718e-01,-1.483695388022460981e-01
-4.120001988934088311e-01,9.110470644531892814e-01,-1.578234656243366479e-02,6.120671597511178952e+00,-9.100741960852172241e-01,-4.105822536682350310e-01,5.645503159646047403e-02,-1.822196137340040267e-01,4.495323938979017137e-02,3.762259060642052927e-02,9.982803949514507114e-01,-1.834945353867890594e-01
-4.463283803768844926e-01,8.940010733617349548e-01,3.940885304359789676e-02,5.954115080890780121e+00,-8.912102970026456461e-01,-4.480505361066311476e-01,7.067477351230352922e-02,-4.337665770516694330e-01,8.084048111312831797e-02,-3.577418430268923966e-03,9.967206322188636447e-01,-1.430295980347844331e-01
-6.017800849560072107e-01,7.985308234584141962e-01,1.446559149038384971e-02,5.820207995514481425e+00,-7.913130381933612956e-01,-5.985964607954358252e-01,1.245229003371225301e-01,-6.029555627851138633e-01,1.080944260150888264e-01,6.348859039232233881e-02,9.921112810337673338e-01,-1.581196672364497957e-01
-7.448317354576892146e-01,6.670257956508698349e-01,-1.738602287499700291e-02,5.666057728041701935e+00,-6.633487076698438845e-01,-7.374084819545239089e-01,1.272683101729229771e-01,-6.965259679451716313e-01,7.207064511875745094e-02,1.063264721405133006e-01,9.917159388828623579e-01,-1.297314000274160661e-01
-9.004939459077589969e-01,4.343761893936562424e-01,-2.068766471401602830e-02,5.413524827087373481e+00,-4.336725491551022271e-01,-8.934748404053189930e-01,1.167511441999776883e-01,-7.704026037945064243e-01,3.223000919622134169e-02,1.141053708224770563e-01,9.929457139525175169e-01,-1.444070633027560169e-01
-9.504255489691704195e-01,3.107571054637890962e-01,1.101350400271751406e-02,5.246354829009270304e+00,-3.087308300666413152e-01,-9.472698801404045854e-01,8.581986218320918069e-02,-8.073968148108452425e-01,3.710189257993545126e-02,7.816518139523384590e-02,9.962497949733467584e-01,-1.172625497517042759e-01
-9.923185850148665832e-01,1.197432813225563775e-01,3.107044274225131270e-02,4.973224238235013139e+00,-1.172107339985912211e-01,-9.903877326762595690e-01,7.344237741173907652e-02,-8.426578171067052869e-01,3.956601660015704458e-02,6.923644663386421816e-02,9.968153514006045102e-01,-1.335358389239641175e-01
-9.971305370490198827e-01,-6.553118129089137434e-02,3.789929238063242251e-02,4.837077420577667652e+00,7.006514875855704427e-02,-9.884642083783409250e-01,1.342735405223987322e-01,-8.278482253760324205e-01,2.866299031457794633e-02,1.365436671310658323e-01,9.902192989194996686e-01,-1.319918616314106341e-01
-9.437989684380475586e-01,-3.289572819683980742e-01,3.210317453524273723e-02,4.629461085250941466e+00,3.305200518979899971e-01,-9.393510635070169146e-01,9.152089805932546451e-02,-7.955916656724990599e-01,4.968527272910449401e-05,9.698807209239372618e-02,9.952855426475222256e-01,-1.507558549445871809e-01
-9.431600012707683778e-01,-3.252271860582079954e-01,6.838486273717896136e-02,4.467222923293498127e+00,3.302781061920796457e-01,-9.401335384147178065e-01,8.405535389250801126e-02,-7.391573738934450466e-01,3.695381675952161271e-02,1.018636706411135268e-01,9.941117683794015170e-01,-1.196239226985269799e-01
-9.024925833156995925e-01,-4.191156869642039817e-01,9.924302494723349910e-02,4.295547464382039493e+00,4.249923341513507924e-01,-9.039641604504103922e-01,4.722618483183282229e-02,-6.096738112608657278e-01,6.991890282849298754e-02,8.479880636959101492e-02,9.939419044720625429e-01,-1.243561352333303754e-01
-8.191907898892338835e-01,-5.574499962614841708e-01,1.348182162347616730e-01,4.172424938075791623e+00,5.682719263436351032e-01,-8.206793766593852846e-01,5.960183265350168375e-02,-5.078255780739510117e-01,7.741748827200232996e-02,1.254386798162087369e-01,9.890761700271720747e-01,-1.358857838441268617e-01
-5.070623006825910606e-01,-8.557125971990666713e-01,1.031686687968020044e-01,4.081976990114283055e+00,8.609283298090582015e-01,-5.085531921904524744e-01,1.326882229458602874e-02,-3.212556609028268673e-01,4.111245746318012428e-02,9.554894927589589748e-02,9.945753687547308486e-01,-8.978180735486833430e-02
-3.529347050577608669e-01,-9.294925022745497145e-01,1.071484119396380608e-01,4.051131027717794097e+00,9.340301118227081201e-01,-3.432750574922791009e-01,9.874201290297376921e-02,-1.542420330540197060e-01,-5.499858338402530133e-02,1.349293263863264036e-01,9.893276670075901169e-01,-1.443537419964681101e-01
-1.501433561456168853e-01,-9.831500400520972738e-01,1.042735409914181816e-01,4.052011213289850033e+00,9.886300854485331469e-01,-1.484241599344667262e-01,2.410026750418063288e-02,1.354890363174661994e-01,-8.217466236958018838e-03,1.067064547874517211e-01,9.942566096110886376e-01,-1.447419109383939473e-01
-7.453837332021284734e-02,-9.905325457667947253e-01,1.152792552002678134e-01,4.041463974528652692e+00,9.962676389492115536e-01,-6.892198776737301635e-02,5.196682773420592538e-02,3.412685108926141186e-01,-4.352955875424274063e-02,1.187225142041138798e-01,9.919728535276122194e-01,-1.329401994372357287e-01
7.169602444518277662e-02,-9.939711112612966692e-01,8.295245660459775461e-02,4.032193312428641541e+00,9.973653450549911925e-01,7.236442006505718061e-02,5.075351414974721767e-03,6.610132417276438632e-01,-1.104755910114755754e-02,8.237002298548790069e-02,9.965405815877622642e-01,-1.787329648403832849e-01
1.312750627884938792e-01,-9.833461460696665268e-01,1.256869718777969269e-01,4.024464090119653115e+00,9.909447134253795975e-01,1.337699699355063554e-01,1.158318081295203229e-02,8.582809850695899412e-01,-2.820341866102221012e-02,1.230282575402364548e-01,9.920023261174557572e-01,-1.552159806012369803e-01
1.957563507094463306e-01,-9.737723402543114748e-01,1.159606852021874135e-01,4.036006794475140325e+00,9.798366756475210826e-01,1.990437715866116564e-01,1.736853616718472479e-02,1.158468924099333108e+00,-3.999425224872228679e-02,1.102225310370668898e-01,9.931019350695310388e-01,-1.824041831944193115e-01
1.563914669369736166e-01,-9.850302341592864774e-01,7.250618498722680161e-02,4.024712128391145782e+00,9.876508723872539086e-01,1.552674207763733161e-01,-2.092324826953406020e-02,1.377872580580359108e+00,9.352183809010714347e-03,7.488301434606509099e-02,9.971484697979775547e-01,-2.015822526724815600e-01
8.561784685733903055e-02,-9.947237444511889404e-01,5.651775406470346819e-02,4.014077493564757404e+00,9.962288265545735655e-01,8.627203046810728859e-02,9.233737087811673405e-03,1.714472164111469965e+00,-1.406091893192493170e-02,5.551404312347433395e-02,9.983588941732695066e-01,-1.766959799091803451e-01
9.821205938815097403e-02,-9.949568738748622021e-01,2.037671514006732590e-02,3.998207096515636216e+00,9.944986577657558557e-01,9.737621269159110748e-02,-3.860431198650500495e-02,1.926419781630825057e+00,3.642541822474773539e-02,2.405602483792946417e-02,9.990467939872225145e-01,-1.820360396002283498e-01
6.749472783192719816e-02,-9.974200696582826708e-01,2.444721574658454202e-02,3.920158399426144413e+00,9.974454816557372094e-01,6.688154784229240202e-02,-2.508724143409949911e-02,2.220886413659866054e+00,2.338745046916765324e-02,2.607802141814214922e-02,9.993862936619982706e-01,-1.763706773930197591e-01
-7.637220843393409918e-03,-9.999701699455775250e-01,1.154156315805900460e-03,3.870449659373041307e+00,9.997305741575367444e-01,-7.660680446538924333e-03,-2.191102621369491257e-02,2.408054776410835096e+00,2.191921422931126379e-02,9.865060101688246080e-04,9.997592584484826794e-01,-1.654304928147055931e-01
-2.806186495897554090e-01,-9.597599499791402700e-01,-1.067763637045340309e-02,3.738779373476798007e+00,9.596354070490302757e-01,-2.803297301649944617e-01,-2.269642975144924371e-02,2.675672409016096154e+00,1.878986536042688213e-02,-1.661567939204200775e-02,9.996853805863505915e-01,-2.060552491329366576e-01
-4.532309156168175535e-01,-8.913151664960581311e-01,1.179029699561490174e-02,3.627470650329445157e+00,8.913915308483160160e-01,-4.532156111041327207e-01,4.092503317311054975e-03,2.799506549983305170e+00,1.695836382312072236e-03,1.236461991374723443e-02,9.999221171238047434e-01,-1.854399234885785175e-01
-6.646270842849458793e-01,-7.447558671136716990e-01,6.007942438683780417e-02,3.409722411557641220e+00,7.470697644759067835e-01,-6.637325224002265101e-01,3.668658766013857542e-02,2.890624828978198391e+00,1.255411648836132071e-02,6.926642121544497599e-02,9.975192013446158024e-01,-1.920387774616398313e-01
-8.205691452171974820e-01,-5.689791015684270148e-01,5.412078986769033873e-02,3.263984389935201680e+00,5.707806557807277859e-01,-8.206891435971899185e-01,2.605326406100100245e-02,2.913426907416303724e+00,2.959258190896494473e-02,5.226960455270480976e-02,9.981944537693364650e-01,-1.724720536557612927e-01
-9.978962599605535333e-01,-4.205898168363317313e-02,4.933656267388675937e-02,3.039097782991725616e+00,4.305382789008771471e-02,-9.988867498769987696e-01,1.927767683554644160e-02,2.860571333262037719e+00,4.847083928249238532e-02,2.136124949297004208e-02,9.985961519850498069e-01,-1.775440874816404113e-01
-9.297572179884041610e-01,3.681087055180052858e-01,6.891771928957250194e-03,2.965387829229389816e+00,-3.680720120294254105e-01,-9.297776558890884502e-01,6.041901190942696245e-03,2.723300516015162209e+00,8.631891975293721694e-03,3.080832882312483853e-03,9.999579985727784504e-01,-1.998477317128565245e-01
-6.398781860415015954e-01,7.679668278555272787e-01,-2.797960581844815067e-02,2.999004594740575680e+00,-7.684565736091607535e-01,-6.391762320525705698e-01,3.046701258649816418e-02,2.468668612613688751e+00,5.513755988935559703e-03,4.099628876613163608e-02,9.991440851059957273e-01,-1.955608585504355068e-01
-5.096167875033125183e-01,8.570559656928827819e-01,-7.580106572498317152e-02,3.082631871198769691e+00,-8.603849769706849449e-01,-5.070796057256443667e-01,5.106823729362358621e-02,2.286271104157294953e+00,5.331162908511743667e-03,9.124332922117632527e-02,9.958143569836085396e-01,-2.071178547525108771e-01
-3.296320705187338884e-01,9.396031824152758505e-01,-9.213336898549745468e-02,3.165673174692508418e+00,-9.410070958314505907e-01,-3.348854640265777061e-01,-4.855277106985888408e-02,1.997398172807221872e+00,-7.647446423735998478e-02,7.069360352103069844e-02,9.945622508122953231e-01,-1.771668518904674638e-01
-2.345532906376744109e-01,9.709050909682042096e-01,-4.824995526486371145e-02,3.218053622657282897e+00,-9.700044076391760584e-01,-2.370182617938446923e-01,-5.397955850870671951e-02,1.796204473412161384e+00,-6.384514869282818805e-02,3.414158619992479354e-02,9.973756308834413886e-01,-2.247441388704927157e-01
-1.615990891229295012e-01,9.844572493720890050e-01,-6.877251306575597745e-02,3.249480014270558215e+00,-9.854628549790672709e-01,-1.646808432843056558e-01,-4.175142287006498171e-02,1.459085267256664986e+00,-5.242800636248475671e-02,6.102576516447630328e-02,9.967583258417982428e-01,-1.821757700828056936e-01
-1.556172139780302166e-01,9.849100341221316279e-01,-7.573313277065116256e-02,3.277009658329572694e+00,-9.870910257359978290e-01,-1.579847489130975502e-01,-2.630828809178728175e-02,1.260565251519079055e+00,-3.787597688735071244e-02,7.066147321140719972e-02,9.967810023161665089e-01,-1.996477035135066913e-01
-2.874745295452234006e-01,9.533774269959579550e-01,-9.181435921095983110e-02,3.318031709707054855e+00,-9.574783644143125549e-01,-2.836196172343267152e-01,5.286865232201615195e-02,9.759695038998199568e-01,2.436342630348021371e-02,1.031086534410195210e-01,9.943716755038498611e-01,-1.414761396154857742e-01
-3.489600381380532634e-01,9.312667790708130111e-01,-1.047333661340151545e-01,3.305136415026437735e+00,-9.364709833032263120e-01,-3.507418693297469359e-01,1.496171835854654937e-03,7.927065147232985609e-01,-3.534104149252847299e-02,9.860186254907886416e-02,9.944992124119932386e-01,-1.411553270647545599e-01
-4.460120479040691754e-01,8.935576405712226666e-01,-5.126398444529644410e-02,3.211381521933855065e+00,-8.948793136243302637e-01,-4.441660941133390161e-01,4.367487707306341727e-02,4.940429164574854370e-01,1.625629636989044113e-02,6.535460057937067524e-02,9.977296773231936200e-01,-1.303441296330375698e-01
-4.713870306912215646e-01,8.818987729492208105e-01,6.987243145322030204e-03,3.133838835928701272e+00,-8.815264558632591729e-01,-4.713970353512810241e-01,2.638072544840027248e-02,2.997089053325547314e-01,2.655889510643784368e-02,6.276092150451125992e-03,9.996275485189687338e-01,-1.107129604701636572e-01
-5.273346752061596199e-01,8.494782770853022136e-01,-1.745843880191598821e-02,3.028676692337757714e+00,-8.495171731380238844e-01,-5.267625259053051456e-01,2.901402842493116044e-02,5.088724323800419835e-02,1.545033555605405604e-02,3.013134683429017843e-02,9.994265301007152491e-01,-1.438296348445039230e-01
-6.317063741454899128e-01,7.748415486327502322e-01,-2.382501576828710901e-02,2.921933498970140430e+00,-7.746566304860433849e-01,-6.298003831798895114e-01,5.708399241883061609e-02,-1.023934912224045979e-01,2.922604502781276856e-02,5.451652830898623403e-02,9.980850597184423023e-01,-1.361549612226845285e-01
-7.782727301164474865e-01,6.222143926027133842e-01,-8.450329694826837212e-02,2.730924169888707009e+00,-6.274462652579055888e-01,-7.758650584713207010e-01,6.591354380701484883e-02,-2.738217752027165552e-01,-2.455079980361350375e-02,1.043199917625062395e-01,9.942407140867206561e-01,-1.238007216968302626e-01
-8.364816529235593601e-01,5.479456464567222795e-01,-7.349343602961037371e-03,2.553827213461392187e+00,-5.462208531567812608e-01,-8.326203582051034946e-01,9.157575377294049912e-02,-3.537962357690119797e-01,4.405932249760573238e-02,8.061580261666181912e-02,9.957709919803459098e-01,-1.115601701449880495e-01
-8.969752032422022570e-01,4.420806178804772557e-01,4.605030130257935705e-04,2.285697969992402268e+00,-4.405884784760661921e-01,-8.940322238852584924e-01,8.116757535446626759e-02,-4.622403833748807145e-01,3.629431639740399174e-02,7.260241007840644023e-02,9.967003625202766059e-01,-9.239306050217560573e-02
-9.515274653621195178e-01,3.075194726657339839e-01,-5.220784704316562552e-03,2.167527364224194120e+00,-3.064963534339981699e-01,-9.466754713655221032e-01,9.932541088023197351e-02,-4.983412205640441739e-01,2.560210915533954815e-02,9.611100793485523319e-02,9.950413087709187865e-01,-1.071421648185588715e-01
-9.987513565557216699e-01,-5.703719886650022823e-03,4.963058893021289608e-02,1.883283730273983547e+00,1.174763090445320179e-02,-9.924170134028472701e-01,1.223538502733120814e-01,-5.037523514243897882e-01,4.855636875053427615e-02,1.227841157806088962e-01,9.912448436010826702e-01,-8.296330351214412091e-02
-9.705453738327598501e-01,-2.405407422687383390e-01,1.348438506689420176e-02,1.605767457948408694e+00,2.397356732204654894e-01,-9.587275231479487347e-01,1.528670773715782027e-01,-4.622909975923767956e-01,-2.384290916305536676e-02,1.515971228862957043e-01,9.881547591421286914e-01,-6.768839701441960177e-02
-9.335287221220091025e-01,-3.551568845653213513e-01,4.886422330399845665e-02,1.403359606854422736e+00,3.584904672165478701e-01,-9.259072666754203373e-01,1.190811422203848086e-01,-3.934383153511469833e-01,2.951251956150831041e-03,1.286830247682492212e-01,9.916813849459835684e-01,-9.977580396995253120e-02
-8.311312484759952879e-01,-5.544859144837974707e-01,4.202640177078942330e-02,1.170641007655311094e+00,5.536555371753748567e-01,-8.181020950420759830e-01,1.554815366621117578e-01,-2.720560576606342318e-01,-5.183043470567421512e-02,1.524937137289017752e-01,9.869444124728540269e-01,-9.617132622303825595e-02
-6.641082691172548458e-01,-7.411036582962959862e-01,9.861832765733850870e-02,1.046688958162143912e+00,7.473239050196917033e-01,-6.542167147068842503e-01,1.162216467971789041e-01,-1.580827039999255779e-01,-2.161452928473815704e-02,1.508835904198251865e-01,9.883152099739334062e-01,-9.710061474845553542e-02
-3.841634545802479761e-01,-9.171771827582140268e-01,1.058511010461145041e-01,9.381482932588237622e-01,9.169665530367545614e-01,-3.656578270649334383e-01,1.595828753909460385e-01,7.513509801690465562e-02,-1.076604884665700729e-01,1.583678279634360142e-01,9.814931738373331438e-01,-6.438776497949540156e-02
-2.350539565148548615e-01,-9.686631422465451502e-01,8.025804869146427323e-02,9.107552415489676978e-01,9.696360683428418836e-01,-2.279520391624670350e-01,8.856502024110249338e-02,2.444387749663102238e-01,-6.749468494145532960e-02,9.863865720254921809e-02,9.928317494973305513e-01,-1.589201258392551885e-01
-1.606074145663674846e-01,-9.738820001712984453e-01,1.604964427289821971e-01,8.318288345094757563e-01,9.851793186473392083e-01,-1.482528837998329796e-01,8.627162079499764435e-02,5.676262897898304294e-01,-6.022431814366570324e-02,1.719736380593951397e-01,9.832589177407673464e-01,-6.342553211520451928e-02
-6.213772893886376596e-03,-9.905778866657404258e-01,1.368095006761525789e-01,7.810935696659998539e-01,9.976854980704721321e-01,3.122908009005696990e-03,6.792565336777557639e-02,8.582342585572950711e-01,-6.771289364881037665e-02,1.369149294065562517e-01,9.882657871945688122e-01,-1.317966333391941691e-01
8.118237096714903123e-02,-9.846976674229069859e-01,1.542074136221656677e-01,7.594171262798697919e-01,9.954527935867695243e-01,8.783985838688659897e-02,3.684962711976592226e-02,1.061679219049912470e+00,-4.983129924501646102e-02,1.505146605831375328e-01,9.873510918437750083e-01,-1.089513782165710543e-01
1.947708190916256910e-01,-9.750061862313940120e-01,1.068983855859796661e-01,7.637097447106001580e-01,9.747672502100285241e-01,2.045277562043103237e-01,8.942709242733788699e-02,1.342176919738188534e+00,-1.090556552791047268e-01,8.678325732848178597e-02,9.902401376934293342e-01,-1.076424175434865932e-01
2.393106242698294084e-01,-9.667922786685444470e-01,8.968341551517365617e-02,8.043865591983301311e-01,9.693979570096322718e-01,2.431172300250073193e-01,3.408245018358550121e-02,1.561706693777615174e+00,-5.475423323482656729e-02,7.878262734797625289e-02,9.953869958820108499e-01,-1.522080502729983298e-01
3.053442146996934725e-01,-9.451350408085342769e-01,1.161234911001089720e-01,8.829511085307519824e-01,9.471168572506701855e-01,3.140693757029555111e-01,6.580338864501787677e-02,1.894007913943993149e+00,-9.866392076660776556e-02,8.988983191331982592e-02,9.910525964133053423e-01,-1.022891985711971985e-01
3.274714707826505977e-01,-9.383860178452509970e-01,1.104269773922072762e-01,9.281075684791502134e-01,9.410572111234346560e-01,3.343944418586315970e-01,5.090857144563452202e-02,2.109668876716154440e+00,-8.469805910426231321e-02,8.724699861075574381e-02,9.925795686076678281e-01,-1.120108629190893768e-01
3.797619349892103480e-01,-9.182554536779085064e-01,1.121953409194349077e-01,9.778601868217926540e-01,9.231099888586469238e-01,3.840734516997979520e-01,1.885556068615804395e-02,2.409092495082582275e+00,-6.040547328378233216e-02,9.640801569464997611e-02,9.935072588095070767e-01,-1.026470103136980644e-01
3.887121960748069482e-01,-9.155151737940298018e-01,1.036088566464630628e-01,1.008826063605254619e+00,9.182284115821061077e-01,3.941966610498757739e-01,3.828284969185636460e-02,2.601038821802565515e+00,-7.589079513420157741e-02,8.025558528859685903e-02,9.938810936142622454e-01,-1.064607441270047639e-01
2.349817016525764801e-01,-9.704734735103042187e-01,5.445031773372310813e-02,1.039673388677579080e+00,9.717071195820971008e-01,2.359166681009638444e-01,1.134017043969011949e-02,2.893386384723158677e+00,-2.385107213358367631e-02,5.024502885841757027e-02,9.984520836941018773e-01,-1.211512079524708074e-01
7.600156544709624207e-02,-9.961720051028246647e-01,4.318678384654059399e-02,1.049348508494874599e+00,9.963853283424176643e-01,7.752360325219384563e-02,3.473281449532461540e-02,3.098264879138052041e+00,-3.794785255532938384e-02,4.039092952896021493e-02,9.984630855961696971e-01,-1.023040761954269184e-01
-1.018674793635780812e-01,-9.945393276164770091e-01,2.268352865574924104e-02,9.952456665062887620e-01,9.947792486403211898e-01,-1.016991559591097910e-01,8.457431749678660793e-03,3.351164064491290784e+00,-6.104352767223585399e-03,2.342664084690676898e-02,9.997069217405278874e-01,-1.032808688890149845e-01
-2.689578165427097822e-01,-9.630246925399087443e-01,1.565677102699712317e-02,9.409268966647716947e-01,9.630789238942091268e-01,-2.691020696490853403e-01,-7.941187653542293792e-03,3.486201350046634229e+00,1.186082928584116826e-02,1.294286170028581713e-02,9.998458896548297892e-01,-1.109154482057507080e-01
-5.392895255704623914e-01,-8.417426865999517727e-01,2.522017377974525298e-02,8.280698192230914190e-01,8.405239424593822228e-01,-5.398689276588306551e-01,-4.539871254825673247e-02,3.604473642970515535e+00,5.182962244238915189e-02,-3.284890256796943464e-03,9.986505393447093759e-01,-1.137199472161551511e-01
-8.065360754458317238e-01,-5.911752216594589049e-01,-3.378801610773288135e-03,7.078533996125435657e-01,5.907876868245846014e-01,-8.057715677981720503e-01,-4.125638889348167554e-02,3.640746656203742937e+00,2.166721257778121690e-02,-3.527092037308369316e-02,9.991428797099760617e-01,-1.529813818330767461e-01
-9.991614291370946033e-01,-3.033445703956645645e-02,-2.750016801463609981e-02,5.634791183531060454e-01,3.097629801167009825e-02,-9.992503251730370240e-01,-2.322189921323799047e-02,3.589693240036573751e+00,-2.677512812687710478e-02,-2.405427940496891737e-02,9.993520321468786216e-01,-1.480376898551555298e-01
-9.111092787320915765e-01,4.117488997766750591e-01,-1.851285339933260096e-02,4.854922105325906179e-01,-4.118906349480375706e-01,-9.112223723839405487e-01,4.460146755826678057e-03,3.364392584596384683e+00,-1.503286567458178916e-02,1.168895203509145650e-02,9.998186742354486789e-01,-1.636652842949716524e-01
-8.475009876246063500e-01,5.299077653262842524e-01,-3.065674839606956012e-02,4.659386245455556241e-01,-5.307102793466736967e-01,-8.449284487301290669e-01,6.665220118098895419e-02,3.183836508197339654e+00,9.416760116494875960e-03,7.275765783338081216e-02,9.973051929351955947e-01,-1.556735076170726872e-01
-7.156711257229085854e-01,6.952310017694913746e-01,-6.684829081654830585e-02,4.431465052957672124e-01,-6.980813785712753905e-01,-7.150781424806437192e-01,3.668295296806841493e-02,2.899902281416221417e+00,-2.229862548524992258e-02,7.291847725384754952e-02,9.970885953497047316e-01,-1.262747702106176151e-01
-5.896954189210904529e-01,8.051440255752968511e-01,-6.326461083326878621e-02,4.261434096287233797e-01,-8.064869703758605901e-01,-5.912128305632640135e-01,-6.793790645629036416e-03,2.689171190922306831e+00,-4.287282959455778614e-02,4.701581710209432746e-02,9.979736636929738003e-01,-1.525986051423509904e-01
-4.204244178011466992e-01,9.063789322498823076e-01,-4.147939356029547997e-02,3.785874366625207044e-01,-9.072124059336976742e-01,-4.206598913870320255e-01,3.302468507007517810e-03,2.358408630629992953e+00,-1.445542931070356932e-02,3.901905882787158608e-02,9.991339017427187663e-01,-1.439143368255563216e-01
-3.648958507202400559e-01,9.281731509426351945e-01,-7.311374697259270805e-02,3.851829051766280099e-01,-9.306099901502872251e-01,-3.660071821598620545e-01,-1.946494253186953393e-03,2.171404253646179949e+00,-2.856684021086013797e-02,6.733011567357634342e-02,9.973217089604279328e-01,-1.433594087785190208e-01
-4.559524195165494120e-01,8.869362378384063605e-01,-7.383428164516987746e-02,3.740135166249058396e-01,-8.899657189716602135e-01,-4.551320584320355245e-01,2.856271070245361074e-02,1.877092694279249852e+00,-8.271045415115887284e-03,7.873321660183459081e-02,9.968614098315111693e-01,-1.395163324056655219e-01
-5.429957833362946129e-01,8.351928112567416074e-01,-8.722698724628885625e-02,3.313991624989536811e-01,-8.393978151859189385e-01,-5.427864786921432483e-01,2.818060343724691427e-02,1.698248758019403892e+00,-2.380939184667201641e-02,8.852009135808219797e-02,9.957897902096841669e-01,-1.073351046423049043e-01
-6.220012220384204538e-01,7.823920541155613417e-01,-3.125945360277049279e-02,2.186245863779481824e-01,-7.820105090866495967e-01,-6.186842829209914241e-01,7.542759272690389982e-02,1.421357941176395245e+00,3.967421657386224765e-02,7.136127607722349275e-02,9.966611885770805257e-01,-1.440698209887505132e-01
-6.587007902354202749e-01,7.518022509881326920e-01,-3.011053557160831354e-02,1.506622415927557634e-01,-7.502443063151982283e-01,-6.532523620730013025e-01,1.019550503293939619e-01,1.261902947036406930e+00,5.698025785181048963e-02,8.974813009316419399e-02,9.943332053994374808e-01,-1.099841823006150465e-01
-8.305728474364417746e-01,5.551712004073725559e-01,-4.397366643296677508e-02,2.780616113331842165e-02,-5.560218589980379100e-01,-8.222016242775678219e-01,1.217545947867804818e-01,1.105282710206959118e+00,3.143942457626491133e-02,1.255763802375441940e-01,9.915856671557669033e-01,-9.447170073859016692e-02
-9.298932329686266929e-01,3.661673278743209359e-01,-3.492940418236160222e-02,-1.055866531728987950e-01,-3.674157897177168786e-01,-9.201469388662317783e-01,1.354077116016936533e-01,1.018159065380461969e+00,1.744169559594748939e-02,1.387483293322139821e-01,9.901740697282757075e-01,-9.028643671900830892e-02
-9.820091471941697625e-01,1.780374190097258336e-01,-6.293418990766995458e-02,-3.259485194032382127e-01,-1.845208676375542367e-01,-9.755411011278871669e-01,1.194638414603825666e-01,9.140142598964995369e-01,-4.012585492252630087e-02,1.289272563988795861e-01,9.908419037990835454e-01,-7.740207884017240303e-02
-9.827374320633084359e-01,1.817582015299774867e-01,-3.451225576809038159e-02,-5.299439648874137987e-01,-1.843269168657192258e-01,-9.779100032116351260e-01,9.856781085829036115e-02,8.599173751313530234e-01,-1.583437211866416117e-02,1.032278150267913475e-01,9.945316942483032330e-01,-2.752280578943290534e-02
-9.477382542481085359e-01,3.183683828489414780e-01,-2.082724746329284865e-02,-8.232737245939263371e-01,-3.185855432437021406e-01,-9.478602052530876731e-01,8.017663854724620467e-03,7.373272255822397314e-01,-1.718874837975849570e-02,1.423390669218896516e-02,9.997509403993645183e-01,3.960369729505620884e-03
-9.076076268961168481e-01,4.184958200172618770e-01,-3.331132282090522312e-02,-9.657277376572357408e-01,-4.187761933167321593e-01,-9.080880625149890806e-01,1.603318096328767072e-03,6.130843684725796328e-01,-2.957863267877552937e-02,1.540517269785195327e-02,9.994437378577153419e-01,-3.776761349718408406e-02
-8.110241776889829390e-01,5.847918796100330940e-01,1.606987075472776291e-02,-1.101140633105953670e+00,-5.843658335077602795e-01,-8.111131433314257011e-01,2.473946935147190371e-02,4.031016138667471438e-01,2.750192416339905868e-02,1.067362436929074690e-02,9.995647642399827504e-01,9.636569742847121700e-03
-6.999067834484689055e-01,7.137059723337177974e-01,2.746415005057714284e-02,-1.180820988515377978e+00,-7.133530265818617266e-01,-7.004357799326628164e-01,2.274154033081092485e-02,2.185366066975467092e-01,3.546764651503155064e-02,-3.674676217476169435e-03,9.993640691986979130e-01,4.777656756324375441e-03
-3.138167027833298484e-01,9.480596044454252525e-01,5.198137621286396531e-02,-1.191948276500643500e+00,-9.489849968922684509e-01,-3.149554821723080655e-01,1.518288256518971445e-02,-5.942054076792330219e-02,3.076609704819777830e-02,-4.456490399846626399e-02,9.985326317171746568e-01,3.488114878900241272e-02
4.828879223510144231e-02,9.969361303915273975e-01,6.153490444002355370e-02,-1.109119542833756134e+00,-9.987927263039678705e-01,4.763902873710343377e-02,1.198385677779696332e-02,-2.146624631545913098e-01,9.015676722269929874e-03,-6.203930093862355249e-02,9.980329867856496673e-01,4.721035317696839484e-03
5.123564408959102590e-01,8.570793017828225446e-01,5.390684490809416474e-02,-9.191550056749211439e-01,-8.577576483402323815e-01,5.137928983070413347e-01,-1.639128924407289370e-02,-3.231326474507397739e-01,-4.174558882454822845e-02,-3.784082589901989480e-02,9.984114270725120699e-01,-1.345022807147074756e-02
7.000003235269900426e-01,7.123151054674434768e-01,5.105621984650415834e-02,-7.518047978155031341e-01,-7.117799112006434337e-01,7.017098206024419138e-01,-3.118790921641403924e-02,-3.603433819718025455e-01,-5.804226971192835011e-02,-1.450924508696504155e-02,9.982086839602690720e-01,-1.247373871786833233e-02
7.855536334763899564e-01,6.187916854869520700e-01,1.529347657976524305e-03,-4.827712210980001917e-01,-6.183409060996547524e-01,7.850710936921753147e-01,-3.630291576207232696e-02,-4.097208081751731457e-01,-2.366458907098684811e-02,2.757222916610863050e-02,9.993396616781058395e-01,-1.614676931955276798e-02
8.244547701940674322e-01,5.655269667736010364e-01,2.129745891176340611e-02,-3.073348469336458777e-01,-5.635327278420091401e-01,8.238426028837537718e-01,-6.094448559684434441e-02,-4.522424688044542895e-01,-5.201150406583782138e-02,3.824415675069281484e-02,9.979139180907518059e-01,-9.849763179541923264e-02
9.065199731934553418e-01,4.199314755694398271e-01,4.334851816856422763e-02,-4.028938559497041716e-03,-4.203565888211029389e-01,9.073586679946825662e-01,7.654081263335751938e-04,-5.445817810420878757e-01,-3.901123474106769906e-02,-1.891569298195317980e-02,9.990597179963706109e-01,-1.164533826058836985e-01
9.518255771609147597e-01,3.062533962444174418e-01,1.539246409939986140e-02,2.544271208102763526e-01,-3.065784724640474024e-01,9.514402608080462231e-01,2.776815325379908272e-02,-5.783742438463481683e-01,-6.140918815800130992e-03,-3.114943662854168654e-02,9.994958737852897013e-01,-9.009262103974201297e-02
9.812793418822057800e-01,1.912923903035827766e-01,2.231758515536115192e-02,6.148989515664637917e-01,-1.913785457932720147e-01,9.815147052243554660e-01,1.770773389577999209e-03,-6.104970015801567396e-01,-2.156630254070546551e-02,-6.008730338998092939e-03,9.997493634678811247e-01,-8.976493569718307919e-02
9.780184374200114883e-01,2.082096261136349158e-01,-1.134405836283989763e-02,8.607359481236025456e-01,-2.081930443003215392e-01,9.780842011526940105e-01,2.636619134238737082e-03,-6.241500376935251726e-01,1.164441374579162219e-02,-2.169080804596553813e-04,9.999321779897869522e-01,-9.336857530462680521e-02
9.673083140921580059e-01,2.509123041756941008e-01,3.684618163977119304e-02,1.170362073498377953e+00,-2.489280076979830114e-01,9.671702302114585370e-01,-5.115264192810926175e-02,-6.852136662800669686e-01,-4.847135722980688843e-02,4.030832923797299933e-02,9.980109048113358083e-01,-7.816119622596542915e-02
9.685913122836348199e-01,2.476739952749023865e-01,2.210117266648893922e-02,1.409062165137564104e+00,-2.473432071600294990e-01,9.687846357505978112e-01,-1.666335516546967738e-02,-7.242574059543049891e-01,-2.553835625988217645e-02,1.067340611744365883e-02,9.996168619833265545e-01,-1.450272988007167974e-01
9.904585671718312279e-01,1.312141539383475386e-01,4.212686223975001948e-02,1.811847170007062857e+00,-1.316435379903046488e-01,9.912681871966910752e-01,7.573635664559182426e-03,-7.569703722599732121e-01,-4.076525016871935386e-02,-1.304710151827155086e-02,9.990835638327012491e-01,-7.151705615097288249e-02
9.964425297472881971e-01,7.073453470898882767e-02,4.581386810047425456e-02,2.048555246328316315e+00,-7.214947856116032954e-02,9.969424660492732793e-01,3.000286871191888693e-02,-7.252513000801181775e-01,-4.355155168507050811e-02,-3.320158109329911927e-02,9.984993326781572698e-01,-1.112090835853549176e-01
9.941150386444580489e-01,7.477065304425241365e-02,7.838775021815463928e-02,2.421959534121462365e+00,-7.523471136126007319e-02,9.971614018590799766e-01,2.979404104961490187e-03,-6.766089826847025979e-01,-7.794246690550379886e-02,-8.859350188862582035e-03,9.969184940439781428e-01,-8.138143165437819460e-02
9.920117488585549204e-01,9.296441436878959130e-02,8.526609987362923637e-02,2.641397972105400616e+00,-9.248160391081633458e-02,9.956680790513341428e-01,-9.603608504492612205e-03,-6.749666063438438668e-01,-8.578952770982292697e-02,1.641346792361596382e-03,9.963119305298068218e-01,-1.527644863391731112e-01
9.996623162175164445e-01,2.531663318258580223e-02,-5.858465578042685966e-03,3.002049168041623695e+00,-2.533788753946197847e-02,9.996725244723755344e-01,-3.582634514418425297e-03,-6.794281480411267227e-01,5.765846830107612675e-03,3.729865858814671899e-03,9.999764212775243966e-01,-1.050346348030607446e-01
9.972090131469919516e-01,6.809640048256795919e-02,3.061150665551162428e-02,3.236749003649615375e+00,-6.833422676947191465e-02,9.976393774918574930e-01,6.790134717060199165e-03,-6.853117001814279519e-01,-3.007686071086896479e-02,-8.862997177887578862e-03,9.995082939779947884e-01,-1.133851236744624902e-01
9.805456791267986860e-01,1.955322529783947993e-01,1.724265614569201605e-02,3.553837762001702316e+00,-1.957500597864438585e-01,9.805805042314427178e-01,1.199119738856872612e-02,-7.248444119637775795e-01,-1.456314661633660232e-02,-1.513316775831383999e-02,9.997794266708170952e-01,-1.196632966644205903e-01
9.578001867441390260e-01,2.823526387468414112e-01,5.381254189859911025e-02,3.748213493665990548e+00,-2.826208724584757248e-01,9.592278469249452266e-01,-2.716640304130754201e-03,-7.604389609400930006e-01,-5.238553926134899286e-02,-1.260654894997719280e-02,9.985473600184757714e-01,-9.278710916618868043e-02
9.493524862205001691e-01,3.106735265990115402e-01,4.702995617145252355e-02,4.061393354564147629e+00,-3.118459881908584586e-01,9.499244751069241266e-01,1.988897287693826982e-02,-8.469443046299131028e-01,-3.849592908635822430e-02,-3.354774900595273307e-02,9.986954550714695067e-01,-1.663416251760091447e-01
9.575830396284793489e-01,2.804971128383136891e-01,6.600069624824346504e-02,4.292675341117156762e+00,-2.839739736660049085e-01,9.574812112013323384e-01,5.087742600374651342e-02,-9.229569465824022378e-01,-4.892345548120358156e-02,-6.746184021947720932e-02,9.965216483438672501e-01,-1.529208679960721573e-01
9.719520022193569586e-01,2.251241527951891863e-01,6.803250113020919976e-02,4.584057891140311369e+00,-2.282957935835599195e-01,9.726402564067423429e-01,4.303443097191966132e-02,-1.011778805873904563e+00,-5.648305952970224253e-02,-5.735893518252348222e-02,9.967545417708859601e-01,-1.272949217996253712e-01
9.669977351437434310e-01,2.511466554645619964e-01,4.290381889570750451e-02,4.810430532373484169e+00,-2.532819449558225688e-01,9.658298542429475386e-01,5.496316050265013381e-02,-1.068895329316839726e+00,-2.763397521650455546e-02,-6.401601441834180173e-02,9.975661949523559890e-01,-1.495621281904947752e-01
9.770300114115091361e-01,2.026258464448166818e-01,6.599335689104030012e-02,5.100375976842519421e+00,-2.066760578051334563e-01,9.764614783077885107e-01,6.170890139270840402e-02,-1.107480988349266671e+00,-5.193615245044146816e-02,-7.393069547547692633e-02,9.959100804466005652e-01,-1.150191230941819825e-01
9.944256510057255527e-01,9.278146368778970865e-02,5.009216124096015771e-02,5.302693305775876276e+00,-9.590365678644197089e-02,9.933303444602997745e-01,6.401027565452255264e-02,-1.112262972929772831e+00,-4.381909671395837341e-02,-6.845748147814859075e-02,9.966912561033327567e-01,-1.464128196965313600e-01
9.833476062784748395e-01,-1.813404314319905231e-01,1.196382691504721714e-02,5.649469464794362850e+00,1.811256841190053979e-01,9.833112785258404376e-01,1.710017766857585900e-02,-1.074312031365777687e+00,-1.486511953588019568e-02,-1.464846244266131484e-02,9.997822016665667277e-01,-1.227523699127670842e-01
9.490790176068504280e-01,-3.134758645222930906e-01,3.133529480341156609e-02,5.861527392014769688e+00,3.121807562664594138e-01,9.491731716702039856e-01,4.016796731756054617e-02,-9.835062627755432052e-01,-4.233430943475052777e-02,-2.834029893145286957e-02,9.987014737653870933e-01,-1.453788628496575086e-01
8.886414356435837769e-01,-4.585960648431767206e-01,2.459302271635378703e-03,6.125096571284008640e+00,4.580068478668012366e-01,8.877474279602421969e-01,4.619774298695779324e-02,-7.706988016739750869e-01,-2.336934240467639784e-02,-3.992685137003999796e-02,9.989292869744310632e-01,-1.351843174755407440e-01
8.261904645745621334e-01,-5.629337209511195983e-01,2.269233487757971179e-02,6.268453630397869070e+00,5.618782870937202301e-01,8.262531471906373604e-01,3.998158638913242025e-02,-6.036745778977437027e-01,-4.125659630526704730e-02,-2.028207518209363541e-02,9.989427064089358987e-01,-1.439056282932137665e-01
7.025576714991665916e-01,-7.110959313627869260e-01,-2.748262390966018515e-02,6.437064007511457575e+00,7.116189359897467925e-01,7.018441028618027655e-01,3.183308371694005406e-02,-3.282573753518159276e-01,-3.347858791683260612e-03,-4.192173275761009593e-02,9.991152887250339676e-01,-1.712103164130951705e-01
4.859209366822859200e-01,-8.721440760190344310e-01,-5.696976354799590525e-02,6.608793837654120651e+00,8.738141304662350173e-01,4.834286953790513652e-01,5.239810952356834667e-02,1.506703306014883781e-02,-1.815788234751594329e-02,-7.524232285763228500e-02,9.969999419055344259e-01,-1.686442876462110330e-01
3.782989789842967077e-01,-9.247652951812876942e-01,4.121930770530238958e-02,6.695822657095636288e+00,9.233499585430051670e-01,3.801308110828599540e-01,5.408715673906027560e-02,2.561710901889413527e-01,-6.568665433760416394e-02,1.759872989031229656e-02,9.976850946807701570e-01,-1.839173623577940453e-01
3.816236966965875776e-01,-9.231384557899591226e-01,4.667703462475547571e-02,6.764659293368038284e+00,9.228583969061366910e-01,3.833716291725650649e-01,3.685882805254399319e-02,5.882534905426095584e-01,-5.192045241968976099e-02,2.901009112881842641e-02,9.982297737661554038e-01,-1.895218600320476288e-01
3.605522208085145675e-01,-9.286819366195806502e-01,8.690199460629982608e-02,6.803454797188119407e+00,9.274661127514299830e-01,3.668472627318761226e-01,7.231663379804061098e-02,9.088536137783809199e-01,-9.903891037263463926e-02,5.452473221057106689e-02,9.935886210145344899e-01,-2.263329622731310720e-01
2.925635147053660678e-01,-9.561318729293202257e-01,1.477942596697203424e-02,6.839749365246698076e+00,9.554790279462720415e-01,2.929128514378786519e-01,3.552307162080365482e-02,1.244849840359214976e+00,-3.829382480360212643e-02,3.728676870013645540e-03,9.992595658539913384e-01,-2.401129240694076517e-01
2.352304321733661718e-01,-9.719125188635006074e-01,-7.259439092432949658e-03,6.858448201632174168e+00,9.706410873437012476e-01,2.345236443599136023e-01,5.342789343012046416e-02,1.483664277253108343e+00,-5.022472836927278222e-02,-1.961417631586418950e-02,9.985453223302787062e-01,-2.094962596021000822e-01
2.467858748765558996e-01,-9.690377242543758429e-01,7.913338948449786386e-03,6.910697960677598672e+00,9.690463412997859516e-01,2.468287151537052748e-01,4.977327502580401915e-03,1.838793726624840641e+00,-6.776457401190791145e-03,6.440058033188995196e-03,9.999563016840368190e-01,-2.392826236656789007e-01
2.840130762479222692e-01,-9.585078567260449933e-01,2.447981034721260357e-02,6.929692052778171352e+00,9.577778298436576687e-01,2.848020643924780715e-01,3.936258093360350818e-02,2.047870354761092138e+00,-4.470124360869619923e-02,1.226673192932714422e-02,9.989250853330330360e-01,-2.526909288275722143e-01
2.835238454440541234e-01,-9.570270292497889963e-01,6.093844722291168192e-02,7.004908935279934745e+00,9.580321845968715611e-01,2.854779765381381673e-01,2.601265438655471149e-02,2.348158181025780777e+00,-4.229139795703882460e-02,5.100578591702417675e-02,9.978025092481093150e-01,-2.761622183098292882e-01
2.079678348090502338e-01,-9.775209083596103632e-01,3.467352599084303627e-02,7.049713841594826391e+00,9.781355726032153752e-01,2.078525384882724536e-01,-6.937135731661956371e-03,2.554125366848768675e+00,-4.257851737076605368e-04,3.535811029711603132e-02,9.993746158189130702e-01,-3.027314978463525041e-01
2.311932542074017147e-02,-9.996930502541466756e-01,8.905170725478528393e-03,7.045216069979973739e+00,9.995708974704281546e-01,2.327492568579808685e-02,1.778479025689272755e-02,2.822890288031723927e+00,-1.798659840689810149e-02,8.490177140705320452e-03,9.998021800185603603e-01,-3.077281557772859610e-01
-1.486074367169858967e-01,-9.888447229412982153e-01,-1.009671548345834197e-02,6.994983678521738746e+00,9.887454906020552992e-01,-1.483987459065709835e-01,-1.897806701053085174e-02,3.011474998135912795e+00,1.726802149946916887e-02,-1.280336379643949238e-02,9.997689179550378613e-01,-2.824631274543105142e-01
-4.889495172417607782e-01,-8.714191607845125365e-01,-3.945903960646396369e-02,6.863535833859904400e+00,8.721323248690817653e-01,-4.874300804103479656e-01,-4.239250676252137584e-02,3.208674379210128880e+00,1.770811981825441694e-02,-5.514129966528943938e-02,9.983215211362130859e-01,-2.236020116720481565e-01
-7.714055506999144551e-01,-6.353525710179254160e-01,-3.550474405306076886e-02,6.734405331606765799e+00,6.359896639093776116e-01,-7.679139490470023865e-01,-7.632374636686288516e-02,3.273987265604606733e+00,2.122790026821752551e-02,-8.145721183510501451e-02,9.964507508603979158e-01,-2.152680940308599744e-01
-9.995102382503572302e-01,-1.139795644736966464e-02,-2.914395686137837699e-02,6.531389510489551853e+00,1.363216279817112443e-02,-9.968875375892959356e-01,-7.764922109456465216e-02,3.260891139376778991e+00,-2.816820495094001647e-02,-7.800848664070020311e-02,9.965546790025457957e-01,-2.188818221174013146e-01
-8.776421815368218304e-01,4.792269583220812867e-01,-9.258704264323487990e-03,6.453529913490489101e+00,-4.781749419012558122e-01,-8.767210940674703412e-01,-5.204659599692220556e-02,3.112309887271928588e+00,-3.305943322288799890e-02,-4.125100767863072726e-02,9.986017365499003651e-01,-2.104622802554354799e-01
-7.000676741197291442e-01,7.139136160300036948e-01,-1.525124583621657176e-02,6.446996606197930468e+00,-7.140569602045317987e-01,-7.000468402215266339e-01,7.555069775897376057e-03,2.942117309633620170e+00,-5.282919274015192117e-03,1.617931836696544223e-02,9.998551497197591953e-01,-2.446406562160766684e-01
-4.467624450977644712e-01,8.913515076426125061e-01,-7.678416160581741368e-02,6.472091279919101936e+00,-8.944940600780449946e-01,-4.466508788967339938e-01,1.957980760550535188e-02,2.638748244786083497e+00,-1.684322223806770935e-02,7.743049918485556127e-02,9.968554677888969984e-01,-2.418299262231612956e-01
-3.208228401703775989e-01,9.434619474566078301e-01,-8.338020704218057633e-02,6.475484092967154659e+00,-9.446203365206997660e-01,-3.251434583834987291e-01,-4.443142246132322087e-02,2.443404140128198065e+00,-6.902988524205400100e-02,6.450802408849842795e-02,9.955267900823483451e-01,-2.362033015227646693e-01
-1.784869510895613631e-01,9.829983281209244694e-01,-4.308938618986363905e-02,6.456184037677346055e+00,-9.829956230211296386e-01,-1.800646961720012706e-01,-3.600430965571540382e-02,2.123117076178026252e+00,-4.315105342923214460e-02,3.593037856676980363e-02,9.984222525985654295e-01,-2.461216961074970400e-01
-1.083704294111789285e-01,9.932757847752473612e-01,-4.073162663523639121e-02,6.437371458537419322e+00,-9.938886836992912865e-01,-1.091209176563763261e-01,-1.667062519280000307e-02,1.898731989703269951e+00,-2.100320079714636592e-02,3.867609997072937733e-02,9.990310429848144880e-01,-2.088595985442291414e-01
-7.737642419705839658e-02,9.946557730863769820e-01,-6.835775043415212582e-02,6.436607035911424468e+00,-9.969992183559984733e-01,-7.703361970080159493e-02,7.640682778310503923e-03,1.592278844800003812e+00,2.334004285221376231e-03,6.874383246323362284e-02,9.976316143358031630e-01,-2.363418694614124183e-01
-1.557725147093985962e-01,9.863765114691588343e-01,-5.288006508166923775e-02,6.436740150808875072e+00,-9.877359550630564478e-01,-1.561152675320311156e-01,-2.388790294845045958e-03,1.366147974315002678e+00,-1.061163214499668238e-02,5.185943371589755296e-02,9.985980134157502741e-01,-1.823811313308932869e-01
-1.886658838539519989e-01,9.797811703855483501e-01,-6.658860583862091787e-02,6.390137194050772962e+00,-9.820133142589375641e-01,-1.887385224493384195e-01,5.255545815256420020e-03,1.029534943574363703e+00,-7.418550248055923342e-03,6.638243970783629100e-02,9.977666745340063592e-01,-2.287980707803818903e-01
-1.400505411393487554e-01,9.895537986556059984e-01,-3.419247713803565819e-02,6.338022908088032814e+00,-9.893904313668441253e-01,-1.385130891597271541e-01,4.382577382269439714e-02,7.697742711483210876e-01,3.863185533085593953e-02,3.996753304482093816e-02,9.984538928042717698e-01,-1.931089084507391640e-01
-9.850974955983596293e-02,9.941750014236466759e-01,-4.372523054198305947e-02,6.292439547306328151e+00,-9.948345071269043549e-01,-9.730312576141714187e-02,2.892066988549044440e-02,4.567139327915772373e-01,2.449760541820667978e-02,4.634833612276616222e-02,9.986249040893293571e-01,-1.746582174152413736e-01
-1.540736583804323823e-01,9.877571744437010359e-01,-2.443505940784276506e-02,6.263063003323686040e+00,-9.871543451261374225e-01,-1.528272166865035364e-01,4.658476938272684137e-02,2.424001958914002719e-01,4.228009805872366689e-02,3.129866091147258389e-02,9.986154350566041060e-01,-1.711915341893170683e-01
-2.978414391030166919e-01,9.520254402977089692e-01,-7.027117601831116278e-02,6.174606191779509423e+00,-9.546014624043936969e-01,-2.966319136250899491e-01,2.730486759735250429e-02,-5.675802980308308765e-02,5.150255181642970047e-03,7.521348845166897501e-02,9.971541535923580390e-01,-1.240051897450500928e-01
-4.042198509297722508e-01,9.106743826149865662e-01,-8.531401387301505712e-02,6.069531200238017732e+00,-9.146552928788126424e-01,-4.028081278557428258e-01,3.393092014849986154e-02,-2.181508139699709081e-01,-3.465158450254550524e-03,9.174846583002607692e-02,9.957761855430911080e-01,-1.716928937674511435e-01
-5.751168860577180464e-01,8.170900301014121236e-01,-4.005558737737430208e-02,5.875296722597326493e+00,-8.163141458840720288e-01,-5.699858595230330449e-01,9.352718948704732971e-02,-4.419203707483921328e-01,5.358901567327935267e-02,8.648700857736670022e-02,9.948106426584433226e-01,-1.714032364326585900e-01
-7.041102476264547994e-01,7.080630786330990301e-01,-5.362309077281440101e-02,5.731627660891914999e+00,-7.100905449981573803e-01,-7.020548566403707058e-01,5.376240481867674420e-02,-5.659873527153583828e-01,4.208225655094809895e-04,7.593190992122542116e-02,9.971129163560568109e-01,-1.418082273042532981e-01
-8.817637766739396810e-01,4.710271110856892318e-01,-2.502204563938301499e-02,5.527859039139134012e+00,-4.715689614033438115e-01,-8.790860566466331960e-01,6.950122049606669017e-02,-6.945261159505511372e-01,1.074042767683459389e-02,7.308327874241073163e-02,9.972680068976319534e-01,-1.593240850329550318e-01
-9.594382056430525996e-01,2.790725218191784651e-01,-3.996069466266074371e-02,5.362366500782623113e+00,-2.818205294629891888e-01,-9.531654493726923194e-01,1.097853145705400407e-01,-7.484129055537014352e-01,-7.451088889467427472e-03,1.165939693450567805e-01,9.931517142847423596e-01,-1.587857836208892148e-01
-9.965388898361213776e-01,8.307706438365260182e-02,2.905583862831809250e-03,5.121929341789683399e+00,-8.222658337824760577e-02,-9.902651041433578882e-01,1.123112305243034875e-01,-7.788697379835161083e-01,1.220778563579937720e-02,1.116835927490583691e-01,9.936688306878354027e-01,-1.518291919525207034e-01
-9.995438626941920424e-01,-3.019827199472288268e-02,3.618271762195839048e-04,4.917649761454786272e+00,3.010530591592714550e-02,-9.953734967270266853e-01,9.124293161181784573e-02,-7.899569410121914936e-01,-2.395225684804845167e-03,9.121220522464711100e-02,9.958285979584905467e-01,-1.361348037408578460e-01
-9.875923011617390168e-01,-1.566772618923513993e-01,1.066218983019140247e-02,4.627805191279712460e+00,1.569190909732553763e-01,-9.818973708200723349e-01,1.060846457540162158e-01,-8.072254051727640878e-01,-6.151875664109683270e-03,1.064414805540746384e-01,9.942999374651831923e-01,-1.222229044717542124e-01
-9.685457226949819587e-01,-2.486586290589831438e-01,9.384521498763984809e-03,4.461627511373008836e+00,2.467009231491824883e-01,-9.546241295992892173e-01,1.668275328120004397e-01,-7.588653353085154096e-01,-3.252441493086097313e-02,1.638952634498781202e-01,9.859414308426731610e-01,-1.030760360344863957e-01
-9.291250782867388480e-01,-3.685287109378963533e-01,3.021883705757578975e-02,4.249488157801279087e+00,3.686088121861493261e-01,-9.166608511714082752e-01,1.544682087305474794e-01,-6.244113818177302599e-01,-2.922554494574683068e-02,1.546592161630219731e-01,9.875355155023343157e-01,-1.135786208783949730e-01
-9.086222658721515577e-01,-4.118955476563506690e-01,6.890308978725338818e-02,4.091899669394008399e+00,4.175762775411034911e-01,-8.984364610072117507e-01,1.358012443527327751e-01,-4.793739771655169402e-01,5.969120225839568902e-03,1.521643300964794498e-01,9.883371824686231211e-01,-1.253604361125554845e-01
-7.279807485992954019e-01,-6.801004790505401632e-01,8.664506947330248565e-02,3.952436973866892078e+00,6.852598597984994599e-01,-7.178219190452986842e-01,1.230878429702299548e-01,-2.735697320686076850e-01,-2.151637092421158567e-02,1.489799682284470850e-01,9.886060969106451601e-01,-1.463523111796527221e-01
-3.452256210462616992e-01,-9.343999487411958071e-01,8.784080125813731321e-02,3.880045248419786041e+00,9.371955869216085366e-01,-3.382552351622600262e-01,8.513417492396535557e-02,-3.542982227521190852e-02,-4.983675779866442862e-02,1.117145097011715549e-01,9.924898820110669151e-01,-1.344690958145068060e-01
-1.246124490126441636e-01,-9.877337404524181297e-01,9.409460942553639351e-02,3.887400016312640982e+00,9.868774900746198897e-01,-1.135700312857087640e-01,1.147809547694218640e-01,9.330233246600300179e-02,-1.026866940508259912e-01,1.071629878532524283e-01,9.889244343726537601e-01,-1.502640692905252984e-01
5.798932528523722402e-02,-9.953521101683888705e-01,7.688572647960358053e-02,3.908146910164686627e+00,9.970715579518198979e-01,6.159104173283273809e-02,4.533047431688078110e-02,3.439582602904449615e-01,-4.985525525450547335e-02,7.403188746478038540e-02,9.960089021499294315e-01,-1.823232191525359369e-01
6.874120183796605943e-02,-9.916951751078332267e-01,1.086983295074673839e-01,3.926439817851961500e+00,9.951991331871109514e-01,7.577366179926042777e-02,6.194382520600784370e-02,6.782859017585105565e-01,-6.966586304276418951e-02,1.039183903136169096e-01,9.921429512329013045e-01,-1.466682719910760713e-01
1.015584630808550465e-01,-9.906236970942916553e-01,9.138144960488132906e-02,3.918633897005513678e+00,9.947924127654198534e-01,1.019192548202633025e-01,-7.218041527246791926e-04,9.958804182391556292e-01,-8.598492949774615840e-03,9.097887805483788337e-02,9.958157006529235744e-01,-1.923665941537351931e-01
1.476247854848302954e-01,-9.797254554807403037e-01,1.354435476263513016e-01,3.930709883060546250e+00,9.865612341530074492e-01,1.555630618157027578e-01,4.997064203126621446e-02,1.204927762312116180e+00,-7.002752299668334179e-02,1.262464481939101490e-01,9.895241181201037683e-01,-1.877744271962544786e-01
1.947529411247333475e-01,-9.794353236128626738e-01,5.270425772773271178e-02,3.951241043771137385e+00,9.804852132447379187e-01,1.958687970296459080e-01,1.685707443712181758e-02,1.532462998205279314e+00,-2.683353371595978074e-02,4.839278055169381199e-02,9.984678764280741081e-01,-2.049306620450069838e-01
1.043617341597034842e-01,-9.944858541795288387e-01,-1.032057556488383612e-02,3.949885852860102187e+00,9.944646522637907715e-01,1.042210403754220277e-01,1.334279359507536955e-02,1.771482878436363650e+00,-1.219359836289413135e-02,-1.165592466841126884e-02,9.998577176674122713e-01,-2.066840055894789974e-01
-5.472137814297352298e-02,-9.985013018765444004e-01,-8.490730109212453469e-04,3.941177342705095565e+00,9.976840058843008396e-01,-5.471095386155475776e-02,4.041455097129870166e-02,2.113621469734792591e+00,-4.040043535392312535e-02,1.364433363354899519e-03,9.991826375317018893e-01,-2.251937015149257648e-01
-1.270204121824422550e-01,-9.915686915757613296e-01,2.563873584507753850e-02,3.886651599789010980e+00,9.914895374842092046e-01,-1.261817851458352790e-01,3.204144436128945200e-02,2.339014170422737404e+00,-2.853615160370672962e-02,2.949045581440765812e-02,9.991576457534150357e-01,-2.274425660675341854e-01
-2.979059948488189669e-01,-9.545090279317627324e-01,1.282707409721320531e-02,3.759784079637347620e+00,9.545658995568778726e-01,-2.977646507553636801e-01,1.183875684788733389e-02,2.656238372781600354e+00,-7.480751052027337193e-03,1.577112416083227900e-02,9.998476433969324395e-01,-2.361415653557327188e-01
-5.209544585482808188e-01,-8.534815988697180833e-01,1.325188701490294212e-02,3.623575502335960152e+00,8.535819101723117752e-01,-5.208520675996936022e-01,1.053785100056020031e-02,2.815059863034951704e+00,-2.091589169298995864e-03,1.680131149382783212e-02,9.998566603202843073e-01,-2.795660070357165461e-01
-8.798920236768136283e-01,-4.743452891088672518e-01,-2.804591539147226545e-02,3.379075955788551244e+00,4.751702204317539424e-01,-8.785769148687911922e-01,-4.812344828120632828e-02,2.959201946687100460e+00,-1.813362831446180354e-03,-5.567002209323346218e-02,9.984475751662571508e-01,-2.718606068399438969e-01
-9.780871000156183825e-01,-1.975836805298264165e-01,-6.562251116289284647e-02,3.258253101259946938e+00,1.983758504321450344e-01,-9.801093423867230925e-01,-5.718297962435088012e-03,2.972350851411161621e+00,-6.318739390384400800e-02,-1.861091493053536328e-02,9.978281350498626745e-01,-2.395647600993668080e-01
-9.906529248789766040e-01,1.287643488214828547e-01,-4.501694015931171494e-02,3.119726180131589643e+00,-1.301312810958218102e-01,-9.910763767030108529e-01,2.886979774073179794e-02,2.850085564547247152e+00,-4.089782523665357744e-02,3.445806166646536023e-02,9.985689810309053005e-01,-3.660906885755956797e-01
-8.748385355796890472e-01,4.831064079254452359e-01,-3.557717366735679149e-02,3.118620076036282995e+00,-4.843151038842092304e-01,-8.737853795109241650e-01,4.402261580797758866e-02,2.588021206816460307e+00,-9.819206404383442124e-03,5.574324330645058501e-02,9.983968519638191097e-01,-2.294550411612550078e-01
-7.197779213543826771e-01,6.933381668840572498e-01,-3.466886604171339620e-02,3.118087633603093156e+00,-6.936991746093863487e-01,-7.164516426121045889e-01,7.401688283541915658e-02,2.391194579641726214e+00,2.648016384049690572e-02,7.732548183018859989e-02,9.966541881629292776e-01,-2.381060042602379523e-01
-4.143040895345324048e-01,9.101363235940732599e-01,-1.998466818736610150e-03,3.146037520539572530e+00,-9.101381755791703165e-01,-4.143048388966388829e-01,4.266436927344140494e-05,2.040407188653296622e+00,-7.891440811781247474e-04,1.836556967027618828e-03,9.999980021530663343e-01,-2.623265931977244447e-01
-1.305958394125505129e-01,9.913443599814735219e-01,-1.345684439431410820e-02,3.164119485425835432e+00,-9.913633087045710113e-01,-1.307382839029394839e-01,-1.030976607100715127e-02,1.805973156001571489e+00,-1.197985319008303996e-02,1.199420922927941016e-02,9.998563007065096597e-01,-2.331608481771585417e-01
1.136150350650083490e-01,9.922911271535663769e-01,-4.949689666514987818e-02,3.242714770147967940e+00,-9.935201785085229220e-01,1.133206749537643276e-01,-8.722357732580248227e-03,1.494198013677879411e+00,-3.046096447687431704e-03,5.016715659001416000e-02,9.987361902404970904e-01,-1.812287785570185772e-01
7.786245547081210860e-02,9.953656474125246456e-01,-5.643284486095118124e-02,3.299440220225319464e+00,-9.956405384161473027e-01,8.055020860650502490e-02,4.702746172027532506e-02,1.285049375186221976e+00,5.135519730717746228e-02,5.252515439761196170e-02,9.972982261415318517e-01,-1.647795964741612385e-01
-6.503018932596608395e-04,9.976014616980954930e-01,-6.921633279269899519e-02,3.319279543112100939e+00,-9.993278432264726119e-01,-3.185290304515657825e-03,-3.652007226172290094e-02,9.936154102240255526e-01,-3.665295158337380371e-02,6.914605949363973603e-02,9.969329885186500873e-01,-1.430587358594503922e-01
-2.204905234865985053e-02,9.982900080153830347e-01,-5.413777966606232034e-02,3.303166967119969044e+00,-9.996843849059536824e-01,-2.266725891299154957e-02,-1.083171032549767876e-02,7.871146317590338448e-01,-1.204034325632675172e-02,5.388186401764898797e-02,9.984747241989911926e-01,-1.880167633545425376e-01
-2.570093979038285889e-02,9.990278582433030907e-01,-3.581619951486453290e-02,3.261823804783780645e+00,-9.991824033982934505e-01,-2.455340170138048048e-02,3.211938984631845101e-02,4.579427746403298416e-01,3.120875571214372021e-02,3.661241481639904843e-02,9.988421019601696482e-01,-1.223966338470192650e-01
-2.162350774534199660e-01,9.761676463196360398e-01,-1.841514478613093253e-02,3.200477482863376189e+00,-9.752552325160620539e-01,-2.150667025907255780e-01,5.122055141047907045e-02,1.762069871853992886e-01,4.603936064667708827e-02,2.903514621166669238e-02,9.985175699784709646e-01,-1.584743016291283446e-01
-5.051150338899330627e-01,8.617816640267216277e-01,-4.680989303240461891e-02,3.069819109693946668e+00,-8.615225216354910343e-01,-5.002500785770916947e-01,8.676867867172895210e-02,-4.546320879021137351e-02,5.135900362347668724e-02,8.415594115061966751e-02,9.951281476854402230e-01,-1.159613448333037117e-01
-6.071112962939432256e-01,7.935555041041175706e-01,-4.105527759431455009e-02,2.925501919926482230e+00,-7.926033374222882788e-01,-6.010883870612404589e-01,1.023362127849461733e-01,-1.692330389867135187e-01,5.653161433514609924e-02,9.467002084173342658e-02,9.939022908387354915e-01,-1.310678147723874643e-01
-6.277007497480338039e-01,7.772160538689520948e-01,-4.389731625200783693e-02,2.686122748493308787e+00,-7.770212138081483699e-01,-6.221272693136614684e-01,9.589418161931374807e-02,-3.799657594609570088e-01,4.722077993709570404e-02,9.430199565597238709e-02,9.944231149553149907e-01,-1.039104633158726976e-01
-7.046263748818413220e-01,7.032907091532502042e-01,-9.425417889723357312e-02,2.548291504927166162e+00,-7.095163103522621473e-01,-6.965623943354145586e-01,1.067119306442634308e-01,-5.031042825373135408e-01,9.395592849140901176e-03,1.420669180929567676e-01,9.898124638630192429e-01,-1.214479714323124654e-01
-9.124967693152875592e-01,4.087992022513051160e-01,-1.525969291492590765e-02,2.295070773366854944e+00,-4.055235639104754486e-01,-8.990148940918546439e-01,1.652962773759805715e-01,-5.868278709508717439e-01,5.385429511662506025e-02,1.570204841404658491e-01,9.861258958458516410e-01,-7.341635377465194345e-02
-9.906950277904909008e-01,1.343556164962062816e-01,-2.172395514452548151e-02,2.061582624972594591e+00,-1.360954625549073149e-01,-9.765755439963136331e-01,1.666680291485711229e-01,-6.173691250129205166e-01,1.177702493447628116e-03,1.680737194930460310e-01,9.857737254728430321e-01,-1.105799989479324674e-01
-9.980192734347395067e-01,6.193491061758656102e-03,6.260327883794056247e-02,1.863730836624702736e+00,1.658423903140569073e-03,-9.922056939461511016e-01,1.245998014885782296e-01,-6.016448333360804313e-01,6.288703747951984724e-02,1.244568261257832237e-01,9.902301343363290043e-01,-1.129877002361236726e-01
-9.851492233931300468e-01,-1.674833035874262743e-01,3.781997709350283510e-02,1.570645095834944716e+00,1.710665713870080651e-01,-9.763144452531012929e-01,1.324625688412454649e-01,-5.235342820458230850e-01,1.473892132431979182e-02,1.369651306339325358e-01,9.904662120378582291e-01,-6.875533584086050698e-02
-9.194417004545034633e-01,-3.849294564540058916e-01,8.035093664266168556e-02,1.365171101800909614e+00,3.912837587305565967e-01,-9.158815431680912278e-01,8.976646945113940512e-02,-4.452871712414724348e-01,3.903818155366060860e-02,1.139750518230142201e-01,9.927163280327985229e-01,-1.497284938013784816e-01
-7.085391269703270600e-01,-7.022349856351247643e-01,6.955810881673880897e-02,1.189036150264841663e+00,7.042399581943401543e-01,-7.099336808738400117e-01,6.344292186961196164e-03,-2.608195745535728527e-01,4.492646029411510866e-02,5.348077889257164819e-02,9.975577273794651312e-01,-6.534959625060339505e-02
-5.765896241697995306e-01,-8.133168111095576691e-01,7.784709414170670749e-02,1.102063071164760322e+00,8.167242797674175714e-01,-5.763717802251848710e-01,2.751402912048598812e-02,-9.583632348807091805e-02,2.249124581076422658e-02,7.944391560484977133e-02,9.965855749183043510e-01,-1.137401010274158436e-01
-3.930047207955678634e-01,-9.098272997085588010e-01,1.332725558298799018e-01,9.873712470483974046e-01,9.192471304381940600e-01,-3.923681962999528428e-01,3.212338265915117008e-02,1.890429195176193677e-01,2.306518184497481638e-02,1.351350555457501712e-01,9.905586878873473555e-01,-8.383103175160744325e-02
-2.885943182822217623e-01,-9.515315440622797993e-01,1.063063502791419535e-01,9.426930643334863191e-01,9.574466761104367674e-01,-2.871598931816826683e-01,2.889737276916240841e-02,3.659571054668813161e-01,3.030158460308859415e-03,1.101222793186601157e-01,9.939134276874250773e-01,-9.498324717274704565e-02
-1.102485715293269192e-01,-9.847226443129178941e-01,1.347834049618708008e-01,8.762511360338391952e-01,9.933139728185382822e-01,-1.138374964205377537e-01,-1.919311887513787396e-02,6.545626406874660574e-01,3.424330415123306298e-02,1.317662255135094995e-01,9.906891833136803882e-01,-9.387761644715791887e-02
-1.775868952475325932e-03,-9.942085209069947416e-01,1.074535399388392015e-01,8.709304450443896561e-01,9.990851704329056782e-01,2.827297993131976279e-03,4.267116833541163140e-02,8.456407555543139498e-01,-4.272784233394678194e-02,1.074310166664271399e-01,9.932939686454868022e-01,-7.498439362538081299e-02
9.046637338132157424e-02,-9.929097541431349816e-01,7.711066991440909679e-02,8.829312042492063473e-01,9.957049237991641988e-01,8.864663481527822186e-02,-2.671102502762444028e-02,1.166021498667425327e+00,1.968603589682583338e-02,7.919592327477635585e-02,9.966646706527340083e-01,-1.420848644468445665e-01
1.069918154936177340e-01,-9.931743105440182795e-01,4.644933038044432583e-02,9.015507565302141035e-01,9.941346341827728139e-01,1.061199649089146074e-01,-2.085382856969660373e-02,1.399817410769658155e+00,1.578228550189645155e-02,4.840807704446252469e-02,9.987029475981293869e-01,-1.106272563097609185e-01
1.708313580841375467e-01,-9.825486376404204414e-01,7.358547252060705646e-02,9.242759648465015410e-01,9.851591037218502267e-01,1.715940914703550368e-01,4.124090981455260339e-03,1.736275413269962042e+00,-1.667895227792417015e-02,7.178887409212579562e-02,9.972803869060563597e-01,-1.242751197437417798e-01
2.343348493253322173e-01,-9.684420141880585309e-01,8.489548602280555523e-02,9.373264794875214578e-01,9.719459010761527518e-01,2.352043879391765846e-01,2.475387281042539726e-04,1.952980226422428300e+00,-2.020751773322757017e-02,8.245581270918146688e-02,9.963898309284010546e-01,-1.345986282790442856e-01
2.811575950650084255e-01,-9.574160331874854712e-01,6.561208831304238265e-02,9.505958237514942066e-01,9.579322026067182971e-01,2.840969524907776544e-01,4.067943945647572307e-02,2.243343887473427056e+00,-5.758734189300043771e-02,5.141459890916415948e-02,9.970156654098802917e-01,-1.207566976204850345e-01
2.308261538872378171e-01,-9.727423392620603293e-01,-2.217268789745717450e-02,9.643261298085777922e-01,9.728359352995308296e-01,2.311405333507926818e-01,-1.281783258579529718e-02,2.468692127240291523e+00,1.759345536021508782e-02,-1.861169657187746254e-02,9.996719837422686217e-01,-1.733469218544718693e-01
-7.776715901567848171e-03,-9.980218670124998415e-01,-6.238489925189123070e-02,9.307630660280212798e-01,9.998657135094444204e-01,-8.660709770342245664e-03,1.391211898033009597e-02,2.791237338547875702e+00,-1.442489646532151351e-02,-6.226833120580802655e-02,9.979551980378712495e-01,-1.182828842246775175e-01
-1.379412428499842969e-01,-9.889657736671235710e-01,-5.402695656788102097e-02,8.961678875550395107e-01,9.904388612651271462e-01,-1.378322371765026144e-01,-5.756430383312120640e-03,2.972994874256843723e+00,-1.753743663995308488e-03,-5.430444650216590535e-02,9.985228848019722658e-01,-1.041469431821763769e-01
-2.876468408135808286e-01,-9.571784473667577231e-01,-3.269120472738587524e-02,7.987263703791799285e-01,9.554275781668036815e-01,-2.844173721845608127e-01,-7.915112935356444224e-02,3.202692413068914945e+00,6.646380855985994929e-02,-5.400165086542123988e-02,9.963264444224723126e-01,-9.748253344996431202e-02
-4.658395924497791829e-01,-8.848535518191165128e-01,5.259842137963314200e-03,7.424619197305367679e-01,8.807179965961887680e-01,-4.642211097558754940e-01,-9.399240250476895153e-02,3.343781428468186157e+00,8.561124095478320206e-02,-3.915294484603785985e-02,9.955590200144156521e-01,-9.321916117543119218e-02
-8.698115813286276810e-01,-4.878864285981396320e-01,7.344825237092539316e-02,6.284413501620328413e-01,4.865051956597024607e-01,-8.728994248183243876e-01,-3.686853330351609614e-02,3.501650895479868186e+00,8.210059428959622096e-02,3.664279136581639548e-03,9.966173114469278893e-01,-1.057981182606494430e-01
-9.909812092443904818e-01,-1.171309454156071878e-01,6.508905092694451666e-02,5.447477062583051532e-01,1.108993988066933056e-01,-9.895382603852063141e-01,-9.227867889243406008e-02,3.469445695571623745e+00,7.521679512474704898e-02,-8.422810017960294382e-02,9.936035732983728996e-01,-1.244530519305521721e-01
-8.928163351041148443e-01,4.467461034670827114e-01,5.741873220678717776e-02,4.525716253909661813e-01,-4.496805808799489435e-01,-8.913826151604274939e-01,-5.678387596165202639e-02,3.304771053598665631e+00,2.581408434805611274e-02,-7.651766088122739784e-02,9.967340069559859073e-01,-1.302639133334498045e-01
-7.325807671139407118e-01,6.804125917571769433e-01,1.908205002169836503e-02,4.386419257354990386e-01,-6.801999989021576543e-01,-7.328290661921845750e-01,1.701532360535612520e-02,3.137141456724434008e+00,2.556132133234120460e-02,-5.145115843067050651e-04,9.996731236407093713e-01,-1.267671734051696031e-01
-5.916389143781418669e-01,8.057451801625802323e-01,-2.716798921937424102e-02,4.769802852924196479e-01,-8.053242092109192951e-01,-5.890852198688458774e-01,6.656967621132367507e-02,2.860916637186713629e+00,3.763393484956806256e-02,6.126425039811500550e-02,9.974118399993524564e-01,-1.208028030567314393e-01
-4.519471690771767469e-01,8.907326769382225562e-01,-4.836377360786722757e-02,4.902462184652109367e-01,-8.920164179594859410e-01,-4.516998959779903733e-01,1.655034936790304029e-02,2.655979940113772919e+00,-7.103974511041696686e-03,5.062116363675499969e-02,9.986926611016051503e-01,-1.173343566463807414e-01
-2.521133802667135937e-01,9.676393045979679863e-01,-1.063107180163276079e-02,4.964138208220328363e-01,-9.675049423642173574e-01,-2.518286842123951819e-01,2.272664314555217571e-02,2.345863415913191918e+00,1.931398434563546054e-02,1.601530533624881750e-02,9.996851904493141427e-01,-1.714557282889487277e-01
-1.674595382677800393e-01,9.858678806866314481e-01,4.671709921501629795e-03,4.886230651672156533e-01,-9.846949262863181618e-01,-1.674887139433699768e-01,4.820200045202857608e-02,2.141435161166290513e+00,4.830326271716608999e-02,3.471675682495697565e-03,9.988266828027924094e-01,-1.082783017552704508e-01
-1.120470462207141527e-01,9.936351920574446606e-01,-1.160019560943863388e-02,4.844601574994466531e-01,-9.928174177061011019e-01,-1.114468656587984247e-01,4.351058761057666202e-02,1.859969765115290441e+00,4.194084563526653819e-02,1.639210907094101888e-02,9.989856176280033084e-01,-1.272846990038123405e-01
-1.522152950963640006e-01,9.871462331086168218e-01,-4.871158381939919707e-02,4.876619087317118351e-01,-9.863149293853639143e-01,-1.485585469286966054e-01,7.150677035062920350e-02,1.667483444397293679e+00,6.335111688258100726e-02,5.892938650538869644e-02,9.962499502613920699e-01,-9.981920602041505219e-02
-2.760470238559907252e-01,9.574766524363951259e-01,-8.388385219721332386e-02,4.178128218340735334e-01,-9.603385527202334959e-01,-2.711907048523701791e-01,6.484956253422835548e-02,1.387940609920664370e+00,3.934342104414315783e-02,9.845842595160626820e-02,9.943631296360869731e-01,-9.202237617212834231e-02
-2.992933359441292129e-01,9.508477298211002182e-01,-7.944868629180630581e-02,3.595233292804972391e-01,-9.501021889232048601e-01,-2.893131516792976643e-01,1.166350327677122684e-01,1.195181129520036745e+00,8.791660629692642226e-02,1.103924587979193683e-01,9.899920077342944102e-01,-1.203135624955694039e-01
-3.196743038642028689e-01,9.471165012395490468e-01,-2.790470441864093334e-02,2.626872190732847390e-01,-9.370574071770489955e-01,-3.116388819406962218e-01,1.574948345736380539e-01,9.516236081266433722e-01,1.404697657987746817e-01,7.649536157510891665e-02,9.871254755875410458e-01,-1.732398582089056394e-02
-4.124155173838688349e-01,9.108246705860042480e-01,-1.765957170747904648e-02,2.053256789403419547e-01,-9.034490500904653887e-01,-4.064321559391248506e-01,1.363551117828346038e-01,8.241029191425112144e-01,1.170181819702857534e-01,7.218948725797914856e-02,9.905026113129623555e-01,-7.034780870365089922e-02
-7.527390578995705184e-01,6.580232807499293290e-01,-1.972999502193322971e-02,8.654714151716075277e-02,-6.480038373587191369e-01,-7.353269231131668304e-01,1.984574083104388986e-01,7.428827702216057594e-01,1.160815983730471013e-01,1.621717550500710869e-01,9.799109063497234429e-01,-5.017699808580063092e-02
-9.269736280391617234e-01,3.744923880977403807e-01,-2.180238924439350384e-02,-4.026140974808428696e-02,-3.725018946647314921e-01,-9.120688220543550218e-01,1.713849535623385156e-01,7.237198201588290747e-01,4.429708106747611007e-02,1.669907634967585097e-01,9.849628691050588136e-01,-1.180856076432760388e-02
-9.851295338522539913e-01,1.658674280925740152e-01,4.480845712579575868e-02,-2.913684262298987249e-01,-1.595829992061456315e-01,-9.799753767100185531e-01,1.190862183731891955e-01,7.466236792452309867e-01,6.366370941447815901e-02,1.101646828162728964e-01,9.918723076906508229e-01,-3.602706343917502080e-02
-9.894898879479896436e-01,1.425983406828127409e-01,2.398905757177637044e-02,-4.845791852485653028e-01,-1.400031812036483525e-01,-9.862512684567438237e-01,8.779262338215429451e-02,7.859457766702702131e-01,3.617832087773281691e-02,8.351136869894150438e-02,9.958498784437821438e-01,-3.218218171602992006e-02
-9.886223405026902666e-01,1.426148974245664003e-01,-4.782111344962380189e-02,-7.716657987811166297e-01,-1.451682750845352809e-01,-9.878764797750122506e-01,5.501120446153711513e-02,7.973254834682867997e-01,-3.939593593205174132e-02,6.132741426074035662e-02,9.973399162232140513e-01,-5.094057890678616030e-02
-9.791142601479601026e-01,2.026914882900330006e-01,1.585642297881201951e-02,-9.326257977521066334e-01,-2.019462259694253525e-01,-9.786012923258615714e-01,3.946178499330487560e-02,7.553401711347822456e-01,2.351568394960536212e-02,3.543545163989132718e-02,9.990952614117722952e-01,-1.759409697784774379e-02
-8.923464597152382938e-01,4.380087899601459722e-01,1.089316104320871420e-01,-1.171356150276583685e+00,-4.427007977697134944e-01,-8.963956651166162803e-01,-2.215434978049635184e-02,6.558035319201235280e-01,8.794202344578599950e-02,-6.799346643454398653e-02,9.938023390164030246e-01,3.007975259111199395e-02
-7.282470033308648949e-01,6.763980744026024672e-01,1.101905036020142670e-01,-1.270127007212690895e+00,-6.821910495093568283e-01,-7.308298096424925561e-01,-2.243125737087823396e-02,5.478011106646629713e-01,6.535804547977927537e-02,-9.150647125950854555e-02,9.936573310798315628e-01,3.516857624828768902e-02
-2.374752091093746409e-01,9.628372361135972834e-01,1.286467326113899801e-01,-1.344368984562420044e+00,-9.713743668951511090e-01,-2.345454179376969261e-01,-3.768668549333677176e-02,3.085443885081313731e-01,-6.112642432029389422e-03,-1.339137919616884831e-01,9.909741328233234725e-01,-3.369275081690342732e-02
9.570347787831742781e-02,9.928379347846921776e-01,7.150999632541271689e-02,-1.307535028414125611e+00,-9.951631098837961931e-01,9.703210890444274872e-02,-1.533475033920890518e-02,1.439015825405731697e-01,-2.216368760842308064e-02,-6.969652139111880140e-02,9.973219970789634070e-01,-5.201602156788839859e-02
4.370697904221045871e-01,8.994231292690986201e-01,-2.834225848237209317e-03,-1.148101939401977134e+00,-8.989853090321063833e-01,4.367538867974787298e-01,-3.273311032794645054e-02,-3.116452140406178462e-02,-2.820305736659312057e-02,1.685458107094343211e-02,9.994601095852190253e-01,-5.852431403611874777e-02
5.190359147011021079e-01,8.543880570138032704e-01,-2.495530569973384086e-02,-9.875234418024171346e-01,-8.543703790977186241e-01,5.177099253645995880e-01,-4.502986230713443283e-02,-1.085038552396900002e-01,-2.555336711293207386e-02,4.469318976262925264e-02,9.986738928289012884e-01,-6.209367022094300359e-02
6.940810944263687832e-01,7.195993902630866135e-01,2.069183154984069115e-02,-7.521503290049496027e-01,-7.169471004538768844e-01,6.935508440270587993e-01,-7.052717136062651437e-02,-2.450626195496562743e-01,-6.510214674394519674e-02,3.411662765204144521e-02,9.972952252001311413e-01,-4.179530166697228988e-02
7.796225706850523629e-01,6.256454577640946368e-01,2.750288089611593878e-02,-5.777027062902838628e-01,-6.250116690847150602e-01,7.800907303024384731e-01,-2.861583484969712141e-02,-3.621876345612209391e-01,-3.935810953751291835e-02,5.119929234300340908e-03,9.992120523383749564e-01,-6.789936233123544662e-02
9.097034872657956406e-01,4.121899721503758385e-01,-5.038841250844922071e-02,-2.925509168287275807e-01,-4.116555011792697449e-01,9.110965219383909686e-01,2.104462070481601804e-02,-5.349288398734248773e-01,5.458308900467805785e-02,1.598302361436533927e-03,9.985079528097247081e-01,-4.225150570043617604e-02
9.455549713510033039e-01,3.219545953561358531e-01,-4.765537411949385960e-02,-1.058215610785719352e-01,-3.225572745307048184e-01,9.465348977299944400e-01,-5.337792295570593232e-03,-6.238296893827820488e-01,4.338894790986395217e-02,2.041876363384111104e-02,9.988495749065215978e-01,-1.146705111687459228e-02
9.554908189082087500e-01,2.945478460428018197e-01,-1.669914290212162408e-02,2.593252269546224009e-01,-2.949610307485289185e-01,9.549052265596988942e-01,-3.397055531977331150e-02,-7.680475830731392506e-01,5.940144937985890848e-03,3.738415012428383116e-02,9.992833131787997036e-01,-4.160325132795040376e-02
9.512919387303928609e-01,3.077929733243356392e-01,1.752520695268152198e-02,4.452732630124975333e-01,-3.074799593275827636e-01,9.513755078851682256e-01,-1.845853754079042688e-02,-7.956158229353157418e-01,-2.235446081829911558e-02,1.217080804228850600e-02,9.996760222757767878e-01,-5.184739495137850873e-02
9.820328948641818823e-01,1.884195289541120422e-01,1.046300689973622688e-02,7.314645009611745463e-01,-1.885599300247129406e-01,9.819528729651753052e-01,1.461875728344270813e-02,-8.449752629872968601e-01,-7.519720323809927359e-03,-1.632900438323819925e-02,9.998383956530686456e-01,-1.061043024288601810e-01
9.961468334964039828e-01,8.741020878287247831e-02,-7.137332528412834894e-03,9.740962813653017971e-01,-8.699603461682449412e-02,9.951593390640288694e-01,4.571192223689823225e-02,-8.806384689163576640e-01,1.109847178824899250e-02,-4.491486696160618824e-02,9.989291659821456504e-01,-7.276018291878275090e-02
9.996638015706916791e-01,-2.103137803319322929e-02,1.516459584877192200e-02,1.332112125875022368e+00,2.062658958379288629e-02,9.994393540725379221e-01,2.637273844728024036e-02,-9.135552028850898454e-01,-1.571074891192318634e-02,-2.605107807926071439e-02,9.995371497345825196e-01,-6.418538696996130277e-02
9.999712831874107977e-01,4.561273590781436162e-03,-6.052072682313297362e-03,1.599637050451500286e+00,-4.324859774637133426e-03,9.992485677450008152e-01,3.851746938069470355e-02,-9.077114891415402065e-01,6.223213675559902298e-03,-3.849018891604789883e-02,9.992395993798253162e-01,-9.593148599500814222e-02
9.977828756436014634e-01,4.085389922225421931e-03,6.642772509703852302e-02,1.907773637276575451e+00,-5.065317874007040089e-03,9.998807291766222960e-01,1.459006429251486110e-02,-8.627014402526032022e-01,-6.636019610594606766e-02,-1.489419384887386358e-02,9.976845630570672085e-01,-6.100285475662054618e-02
9.994641650221538498e-01,-1.682978663001642727e-02,2.807385115291131245e-02,2.119632866454699283e+00,1.644379740168464346e-02,9.997678384684267616e-01,1.392374558731708858e-02,-8.380166124864573129e-01,-2.830166715195589142e-02,-1.345464403676494870e-02,9.995088734925079432e-01,-1.376857332811569634e-01
9.940468382141605108e-01,-1.089322544806193838e-01,-2.155776008593181595e-03,2.463917018661674341e+00,1.089311604783884530e-01,9.932462897010261305e-01,3.994759406992123840e-02,-7.846434809046463066e-01,-2.210364961151654178e-03,-3.994461076181517190e-02,9.991994507393526792e-01,-8.336887258674025025e-02
9.907339032503319487e-01,-1.343950503138243435e-01,1.960365786035113411e-02,2.706186306347147852e+00,1.340160392282172264e-01,9.907869323644147297e-01,1.951809123587439423e-02,-7.420798369792737104e-01,-2.204618288825417952e-02,-1.671003013328424547e-02,9.996172971257555329e-01,-7.789016516538105339e-02
9.989482724544380687e-01,-8.394185291978733046e-03,4.507645298353558927e-02,3.070078028551629590e+00,1.043230863470654378e-02,9.989247670815781799e-01,-4.517163543157701189e-02,-7.109400296542355280e-01,-4.464880621968785740e-02,4.559437864799795875e-02,9.979617411197978516e-01,-9.215919337186573301e-02
9.934485615565135097e-01,1.043837169063197429e-01,4.651876165714891043e-02,3.213902088769586829e+00,-1.015559382964381085e-01,9.930492872686043082e-01,-5.949373456125760934e-02,-6.983260876551670160e-01,-5.240560025439211511e-02,5.437970853302659391e-02,9.971441723050075145e-01,-1.048207791129668193e-01
9.896061999754464100e-01,1.436662013180520225e-01,-6.292183166194178015e-03,3.500664288463323448e+00,-1.437541095433761684e-01,9.894675593771287136e-01,-1.699131924417344661e-02,-7.179553044716091570e-01,3.784832829415048488e-03,1.771924205793650592e-02,9.998358382761364238e-01,-1.554224875571162401e-01
9.861973307063195415e-01,1.633075690987164097e-01,2.730316433671225659e-02,3.744525240112454245e+00,-1.631103024034145643e-01,9.865638413323928324e-01,-9.317522489271607561e-03,-7.518985674243231498e-01,-2.845793663630228135e-02,4.735488416184766708e-03,9.995837738738375666e-01,-1.188062786127230541e-01
9.683633424905513376e-01,2.491477191167297267e-01,1.406595106836082930e-02,4.060820117818569663e+00,-2.491474372613910748e-01,9.684638934425854329e-01,-1.800445530334612507e-03,-8.168043034017474779e-01,-1.407094263391469625e-02,-1.761010209598990427e-03,9.998994486529301229e-01,-1.326438228928766283e-01
9.504149950987555995e-01,3.106833797004266429e-01,1.368117938453332003e-02,4.238503310683730874e+00,-3.098109630146664295e-01,9.497301430173007430e-01,-4.505355302593026801e-02,-8.667525153169376440e-01,-2.699081857512689378e-02,3.858099301802263292e-02,9.988908862785699228e-01,-1.378455901795509475e-01
9.384603286408818024e-01,3.432177639070896347e-01,3.864942568608684126e-02,4.548003904419940291e+00,-3.426257534048296471e-01,9.392321053504907313e-01,-2.122840980044314596e-02,-9.300229752741182576e-01,-4.358674880074246000e-02,6.679731843487933529e-03,9.990273151978774635e-01,-1.275499135726590461e-01
9.624891946585392155e-01,2.712160111587221811e-01,7.511688006514087752e-03,4.767580001267612388e+00,-2.713169555418851742e-01,9.622408664784508625e-01,2.190033137376846267e-02,-9.624240029177051348e-01,-1.288332657856482285e-03,-2.311688062760122730e-02,9.997319390861787447e-01,-1.444889758419069803e-01
9.872836965446774027e-01,1.560402568166001369e-01,3.037006403822187575e-02,5.112640932935896387e+00,-1.565799138401060553e-01,9.875312496567814069e-01,1.627149449616419399e-02,-1.012403523638858660e+00,-2.745237911185064925e-02,-2.081992324490239063e-02,9.994062725824641724e-01,-1.265761917185031504e-01
9.962978479514823515e-01,8.492175646419784785e-02,1.337510546796946177e-02,5.327985551441942746e+00,-8.514809695572816972e-02,9.962168095991389416e-01,1.737440234738625924e-02,-1.003100295654729912e+00,-1.184904013249706012e-02,-1.844894444532359928e-02,9.997595894497790514e-01,-1.512160045384555174e-01
9.991351471186223909e-01,2.819412553900388710e-02,3.056221649911127630e-02,5.656248986150619551e+00,-2.893310863186711671e-02,9.992928703192209827e-01,2.401321623746281719e-02,-9.348810328762597877e-01,-2.986357341552033778e-02,-2.487670826820785608e-02,9.992443726979868268e-01,-1.155638587617347640e-01
9.949962844886668378e-01,-8.842737378412747484e-02,4.650799306989286674e-02,5.866475230046556355e+00,8.586175811192967022e-02,9.948130836896247331e-01,5.454069135852805672e-02,-8.842560735476364675e-01,-5.108965010328134909e-02,-5.027452720393983665e-02,9.974278518102165370e-01,-1.440217739163785482e-01
9.101847150351687343e-01,-4.113840438857662707e-01,-4.823850072858554966e-02,6.205118345657433920e+00,4.139697153080058589e-01,9.073876006643619707e-01,7.264170268089098492e-02,-7.178812439287782787e-01,1.388738003214479676e-02,-8.608664586777349526e-02,9.961908602667854939e-01,-1.565144481685441513e-01
7.883821548973285465e-01,-6.149538622600119187e-01,-1.689156981864205556e-02,6.368487768304653684e+00,6.146866047230776786e-01,7.863394784160543383e-01,6.189186261844449588e-02,-5.350571381579052321e-01,-2.477813175885915098e-02,-5.917746172200224336e-02,9.979399141284410746e-01,-1.598480262145834663e-01
6.834050475929553947e-01,-7.297980322743328196e-01,-1.877160123647878681e-02,6.551470509272299125e+00,7.299497109431757336e-01,6.826920781330297894e-01,3.324072725404170897e-02,-2.390571017983724178e-01,-1.144379388335112040e-02,-3.641920568758071075e-02,9.992710748533852883e-01,-1.779252476011761452e-01
6.006999321267060266e-01,-7.992703478082169299e-01,-1.806938453577826287e-02,6.630194495929456089e+00,7.994641635712350647e-01,6.004233347049167113e-01,1.867807022075379866e-02,-3.497605528432157218e-02,-4.079547562690650359e-03,-2.566574090800726946e-02,9.996622564823209878e-01,-1.406641740814231767e-01
4.497416012391324269e-01,-8.930033687119434127e-01,-1.665759838575960050e-02,6.716208599956184244e+00,8.928666076563192000e-01,4.499932626137250757e-01,-1.718384516195036599e-02,2.915380831138871809e-01,2.284103866196337054e-02,-7.144723323813328975e-03,9.997135789222170166e-01,-2.517374948483896979e-01
2.878226524494583716e-01,-9.553084823647909340e-01,-6.740789463287848171e-02,6.771963830495264958e+00,9.573748486927393664e-01,2.888037165654236960e-01,-5.080589390153755595e-03,5.362203868057319189e-01,2.432118063565246596e-02,-6.307231421056723464e-02,9.977125654980047997e-01,-1.745007353206017298e-01
1.635405066895316284e-01,-9.864979389361289153e-01,8.736083018150613347e-03,6.816501342885640469e+00,9.864891315982802222e-01,1.636131086392634826e-01,8.363248164784278446e-03,8.625742806372019844e-01,-9.679664777301101239e-03,7.250321107707086848e-03,9.999268657925104442e-01,-2.206906935878114040e-01
2.103969641124510404e-01,-9.772645020046337727e-01,2.621470224698665974e-02,6.832177575783216383e+00,9.775867790539575219e-01,2.101075547869026838e-01,-1.337553140536741625e-02,1.062232129912924927e+00,7.563525049332891700e-03,2.844131753457062803e-02,9.995668484627353578e-01,-1.803205235018983943e-01
2.723847123931498748e-01,-9.588631126222301182e-01,7.992558856153930691e-02,6.840995091656632887e+00,9.611931364318985205e-01,2.749397995654909166e-01,2.271257561563055916e-02,1.357737164043318456e+00,-4.375297624973460003e-02,7.063736877386064816e-02,9.965420408602914115e-01,-1.742359991616805326e-01
2.897901901228696064e-01,-9.560054067601632122e-01,4.555554800334410404e-02,6.849537495787370034e+00,9.570746401706954343e-01,2.891856421402770883e-01,-1.948839454772205437e-02,1.598695385116033929e+00,5.457000154298510645e-03,4.924760527425367518e-02,9.987716928928583870e-01,-2.717499729887881132e-01
1.892474905259189655e-01,-9.817268437712536322e-01,-1.994471229609041246e-02,6.872324829057953721e+00,9.819208661386872317e-01,1.892915849083608160e-01,-3.294303103396469066e-04,1.926188696473278172e+00,4.098776779880811995e-03,-1.952178531312873458e-02,9.998010301690510859e-01,-1.784325462900566706e-01
1.969210963043617757e-01,-9.804091787909869904e-01,4.463627747684871007e-03,6.897884128655189073e+00,9.803685622365371222e-01,1.968625209952491184e-01,-1.107384331017887899e-02,2.132306943531857346e+00,9.978176614599210126e-03,6.556673682300440814e-03,9.999287204704497833e-01,-2.344032588458947186e-01
2.747273045430925209e-01,-9.614543679250017183e-01,1.141956813638309205e-02,6.911213595240274010e+00,9.615220213024758822e-01,2.747009973759190204e-01,-3.842472000510351298e-03,2.467087305820145460e+00,5.573947318537202144e-04,1.203579821237931932e-02,9.999274118017282831e-01,-2.093317234514198155e-01
2.928869582282357387e-01,-9.558537407016851617e-01,2.368240035145159281e-02,6.950523023763525821e+00,9.555683719497852779e-01,2.934815103009977277e-01,2.752616283975256595e-02,2.642765275486067988e+00,-3.326133234023791879e-02,1.456809864186978803e-02,9.993405096727102643e-01,-2.191852973403547733e-01
1.785200102132782629e-01,-9.828289233407532244e-01,-4.666811972113141943e-02,7.005285240608507991e+00,9.838868544946649530e-01,1.787855418976453392e-01,-1.545173439393939798e-03,2.939850641528813480e+00,9.862226221501218387e-03,-4.564030513942222977e-02,9.989092546576670006e-01,-2.699319883246728558e-01
-2.988321956872764737e-02,-9.989643469136959553e-01,-3.431073860322882141e-02,6.985208058103159701e+00,9.993538210148998902e-01,-3.054555784810754349e-02,1.894490218148257854e-02,3.193812567094321153e+00,-1.997332248588450793e-02,-3.372243305338258612e-02,9.992316367578812919e-01,-2.617640565524399499e-01
-2.780051860004575937e-01,-9.603130847956465876e-01,-2.262511275373801575e-02,6.860509619187195263e+00,9.603790600740396144e-01,-2.773888132481713842e-01,-2.697234242838012636e-02,3.456854555795386474e+00,1.962594018519716807e-02,-2.922713559417376705e-02,9.993801063743495972e-01,-2.662543025792663554e-01
-4.837745316834771714e-01,-8.751469292562933378e-01,-8.947329641380430063e-03,6.724263779225696069e+00,8.742070227831929552e-01,-4.827193966443163453e-01,-5.238382784687896365e-02,3.556821222196118626e+00,4.152449651682191961e-02,-3.316378019206268901e-02,9.985869415691337458e-01,-2.312819569899789429e-01
-8.663995456085623603e-01,-4.983604015644792495e-01,3.144419694898710482e-02,6.570185956562236917e+00,4.925240536929849644e-01,-8.632350742318525283e-01,-1.106583171287007228e-01,3.618434826521059300e+00,8.229145704812915185e-02,-8.038729233167897503e-02,9.933609612464526784e-01,-2.119778476798788169e-01
-9.954171666345543734e-01,-9.318135864803567259e-02,2.149183030225512714e-02,6.462825494904664403e+00,9.176834397323425929e-02,-9.940103781782616554e-01,-5.934592756303995464e-02,3.556726391635638418e+00,2.689303652703997974e-02,-5.710168539030933965e-02,9.980060932238543625e-01,-2.311600698814484933e-01
-9.128614457936453652e-01,4.074724780263889179e-01,2.549824375458607448e-02,6.412444809756421726e+00,-4.080682027449418214e-01,-9.125911188916681072e-01,-2.564744877302312098e-02,3.348845936746387864e+00,1.281884129117175780e-02,-3.381758966994716925e-02,9.993458099861459720e-01,-2.223722757542185291e-01
-7.867194790537854754e-01,6.171766812325788498e-01,1.286100385190682913e-02,6.391445788458009147e+00,-6.173025360752285584e-01,-7.866452997471750086e-01,-1.125838979458618563e-02,3.167524482256586449e+00,3.168632580687431519e-03,-1.679632484843712401e-02,9.998539109485713450e-01,-2.537166487384977520e-01
-6.154907580842372550e-01,7.874822418920938150e-01,-3.229311718449152935e-02,6.438707757627947892e+00,-7.877290700888948116e-01,-6.159795816031233828e-01,-7.215759483556087074e-03,2.890613174712246547e+00,-2.557418326702870504e-02,2.099699389532334870e-02,9.994523937624960608e-01,-2.326293651047460775e-01
-4.830912747214070047e-01,8.755302877766469871e-01,-8.338793305170051282e-03,6.464785446887255205e+00,-8.743555816357000410e-01,-4.829007832195741923e-01,-4.805362034661860710e-02,2.685189236684760061e+00,-4.609920986895767181e-02,-1.592321423774511677e-02,9.988099489381330187e-01,-2.699307796742360099e-01
-2.727315740084665374e-01,9.620554104912619753e-01,8.177755398176337481e-03,6.440943946095258887e+00,-9.620533605076504458e-01,-2.727856380634709477e-01,6.428623666099344582e-03,2.377431488062200060e+00,8.415466404201361536e-03,-6.114148411062157208e-03,9.999458970936411228e-01,-2.391170092200309572e-01
-1.658489739249869310e-01,9.861436206842216778e-01,-3.857101481872693156e-03,6.423844542532736845e+00,-9.856232167290200907e-01,-1.656309499463247681e-01,3.336559702172103847e-02,2.180781173819312357e+00,3.226441527080849830e-02,9.335298800260327309e-03,9.994357706744051439e-01,-2.409384031450110819e-01
-8.451881876907370306e-02,9.963833112467066488e-01,-8.767345261106103058e-03,6.404257502724614248e+00,-9.959376805364228424e-01,-8.420020694730236122e-02,3.191334576254983152e-02,1.885772662160543067e+00,3.105971283848662015e-02,1.142900779062743129e-02,9.994521859595445479e-01,-2.315777071332287274e-01
-9.762023107670293742e-02,9.952023443889916887e-01,6.525657605506262997e-03,6.397783168581392843e+00,-9.910483511434519110e-01,-9.780858195453556725e-02,9.086609374176167486e-02,1.693735080465394782e+00,9.106841483398633863e-02,2.403126858044084789e-03,9.958417388324957154e-01,-2.303990875466233323e-01
-1.138513003945813007e-01,9.934499372559462138e-01,-9.752105650453467625e-03,6.394291613924663942e+00,-9.916851249888246622e-01,-1.130454126656204455e-01,6.149266257983360823e-02,1.396572018826757189e+00,5.998745097402232579e-02,1.667203771031311454e-02,9.980598924334272981e-01,-2.156774556934474285e-01
-6.301485541916367061e-02,9.978751283854185861e-01,1.656369965571239875e-02,6.351307836002109575e+00,-9.947493408239973522e-01,-6.414119058074736757e-02,7.974745513874019476e-02,1.034011187533915299e+00,8.064041745131989014e-02,-1.145145495851297018e-02,9.966774740369169772e-01,-2.266128800829670387e-01
-2.858339211886699524e-02,9.995906277000098372e-01,-1.251682578680988166e-03,6.330857980540301355e+00,-9.967783996807088043e-01,-2.840905530319762576e-02,7.500498321273933733e-02,8.173432634333956948e-01,7.493871913065079660e-02,3.391547003724310321e-03,9.971823733821101321e-01,-2.101379451590186243e-01
-1.042585918221230340e-01,9.943102980707407834e-01,-2.184438558854075868e-02,6.321000882506408125e+00,-9.919625904015503259e-01,-1.023788711650270161e-01,7.435580665166158232e-02,5.035302787363986621e-01,7.169634073725540679e-02,2.942104500943916456e-02,9.969924958771951840e-01,-2.136625849720330816e-01
-2.160355129033550425e-01,9.755679442828801839e-01,-3.994800686214223379e-02,6.295415436296806000e+00,-9.742898544634608360e-01,-2.127121256774490432e-01,7.424844159541552080e-02,3.081276704861839466e-01,6.393697407722326309e-02,5.496123795416197472e-02,9.964393236260769005e-01,-1.844497111126402189e-01
-3.220347290986113054e-01,9.437980632631314259e-01,-7.442344412310104851e-02,6.207743455179342007e+00,-9.459800237756904595e-01,-3.176606072135645942e-01,6.491173424005790282e-02,1.670626360954724499e-02,3.762217260774852745e-02,9.130692419235772461e-02,9.951118619144295740e-01,-1.813330193766401754e-01
-3.777245625562535292e-01,9.232759951096114470e-01,-6.989700777602493587e-02,6.079882317868833042e+00,-9.222935948395984962e-01,-3.684996187553171709e-01,1.165442229157447190e-01,-1.774022792767268875e-01,8.184546266920790514e-02,1.084871781895893061e-01,9.907228938552508080e-01,-1.528977049185324122e-01
-5.439993456193470411e-01,8.377179567796836368e-01,-4.788879675448577677e-02,5.933764059633589660e+00,-8.374425267878845558e-01,-5.384791727032084419e-01,9.343551194267540883e-02,-4.047724329023846268e-01,5.248548649717416775e-02,9.093297231333179187e-02,9.944729600413561021e-01,-1.641169487260424054e-01
-6.574252335476573617e-01,7.532417487159401848e-01,-2.046778654761331750e-02,5.836760746305301062e+00,-7.501541935198098310e-01,-6.516829383291680156e-01,1.121518338472625997e-01,-5.220818589508045005e-01,7.113893617036887163e-02,8.908544147059478668e-02,9.934802644635354341e-01,-1.643168634979486620e-01
-8.030357473234855936e-01,5.928653323644345052e-01,-6.036792361028989889e-02,5.636934507957726659e+00,-5.951562101229452839e-01,-7.927029248930972383e-01,1.319513486782903366e-01,-6.538040226780220676e-01,3.037555057449025167e-02,1.418899945251040073e-01,9.894162700203396055e-01,-1.282089674188656159e-01
-8.767363422571201603e-01,4.805528178061231892e-01,-2.005929869659311277e-02,5.473187281555762951e+00,-4.780950196549005327e-01,-8.661808301983248137e-01,1.454507531026215938e-01,-6.993498753760891695e-01,5.252178925727652575e-02,1.371122120583468385e-01,9.891621216755522861e-01,-1.674998846287225063e-01
-9.582274649890659690e-01,2.859739292148602563e-01,-4.363158264470876416e-03,5.213304849190475210e+00,-2.846363515941814359e-01,-9.520317591436107119e-01,1.123284333242223071e-01,-7.542032966771679003e-01,2.796913820233137143e-02,1.088781033602895798e-01,9.936615550160345922e-01,-1.203064960303764502e-01
-9.810661563332936375e-01,1.936400708449847741e-01,-3.566491352131191585e-03,5.037526858875565061e+00,-1.923231387361555578e-01,-9.718932391150353345e-01,1.357768097620388748e-01,-7.725038497912380953e-01,2.282558222892898045e-02,1.338919516835573309e-01,9.907330306749024817e-01,-1.197509309451361276e-01
-9.938865648263871533e-01,-1.103197902481852233e-01,-4.363500566998461394e-03,4.798721465094288874e+00,1.085191643318392518e-01,-9.834129708836938377e-01,1.453358856938821997e-01,-7.571477964477988376e-01,-2.032454748132761502e-02,1.439738607432007600e-01,9.893727508843043195e-01,-1.077276137533253603e-01
-9.794720217183949806e-01,-2.012966660314018108e-01,1.068695071198291421e-02,4.666057731150755394e+00,2.003357715040776921e-01,-9.661749427208491392e-01,1.623932225009054320e-01,-7.237468101606694404e-01,-2.236375028351690608e-02,1.612005964722381113e-01,9.866682473710453039e-01,-1.372885629022733978e-01
-9.429687841817601113e-01,-3.214008297503925804e-01,8.666821040341347870e-02,4.417922747289626528e+00,3.286143296420915849e-01,-9.403304084583210543e-01,8.826859737463112199e-02,-6.036227945069509992e-01,5.312715325188420434e-02,1.117149478107826305e-01,9.923191402079192258e-01,-1.304522293258532639e-01
-8.535050521158611403e-01,-5.137711292554811848e-01,8.699628012879002947e-02,4.317861606736531854e+00,5.201018996149575635e-01,-8.501874221347510696e-01,8.170288404198526588e-02,-4.911179266925403963e-01,3.198656014032873890e-02,1.149807548566895155e-01,9.928526003304690706e-01,-1.139604626590059316e-01
-5.601619587122326216e-01,-8.267536084180231448e-01,5.193313951082711294e-02,4.211288408225900781e+00,8.278431764561114958e-01,-5.609588254358626180e-01,-9.334670169896322478e-04,-3.236554109771473398e-01,2.990410016582621677e-02,4.246960246335149125e-02,9.986501277523956999e-01,-1.308803672971017573e-01
-3.727507729225003064e-01,-9.278444491008304151e-01,1.270982133836880308e-02,4.162852851406793064e+00,9.258540247001592061e-01,-3.709653427997989250e-01,7.196554306016056390e-02,-2.251265483966005121e-01,-6.205792642518424135e-02,3.859265103881129311e-02,9.973261357517921866e-01,-1.435456023121960412e-01
-1.327900671106280739e-01,-9.911310561536963437e-01,5.101725630742492620e-03,4.137991193272235968e+00,9.910685747662265621e-01,-1.327145990904975426e-01,1.303515627402066120e-02,-3.039562129689726833e-03,-1.224247473324453599e-02,6.787099226133315628e-03,9.999020237485769513e-01,-1.585763231095527470e-01
-5.138103645075609710e-02,-9.986222102095732023e-01,-1.066163070974823941e-02,4.108014249708877408e+00,9.986694782840925821e-01,-5.133069580537284043e-02,-4.942955787149486829e-03,1.894057611955411446e-01,4.388876510380445260e-03,-1.090141937003563134e-02,9.999309460251215587e-01,-1.809579643627516887e-01
-5.036060591734586867e-03,-9.998672868329152585e-01,1.549344426198244473e-02,4.070527129584426085e+00,9.995085253592760344e-01,-4.553650216094296335e-03,3.101567351894671948e-02,5.019849322969921479e-01,-3.094100560487285725e-02,1.564202643816543434e-02,9.993988098757503602e-01,-1.591759434149000452e-01
8.344467123034850220e-02,-9.946833192978802307e-01,6.034965744565806006e-02,4.027607951125870223e+00,9.964257382028356425e-01,8.248553520360291103e-02,-1.821770372764180621e-02,6.947045670324140110e-01,1.314287222003721403e-02,6.165412226870348178e-02,9.980110390757622740e-01,-1.642584213190848852e-01
1.993641855516929129e-01,-9.754936156681676129e-01,9.309203676981914199e-02,4.036533192465086017e+00,9.787335596461675946e-01,2.029052488212038374e-01,3.016751934027654333e-02,1.009775574246400964e+00,-4.831708540103836491e-02,8.509797759904830228e-02,9.952003785504202060e-01,-1.622612058670688806e-01
2.114557327023141586e-01,-9.771690154096387415e-01,2.066853721680654565e-02,4.010001417792350864e+00,9.766189966637705000e-01,2.104037423838380494e-01,-4.410896219958581471e-02,1.232987157430329050e+00,3.875317358329478934e-02,2.951237899983791269e-02,9.988129009093704713e-01,-1.655478651992594585e-01
1.185226357499954836e-01,-9.925194197766292747e-01,2.928457240826245339e-02,3.998171352798224998e+00,9.928904129959755798e-01,1.181370712159145742e-01,-1.456915183549066864e-02,1.586299045892020976e+00,1.100057251027658500e-02,3.080314546903488090e-02,9.994649336688399277e-01,-1.797991560061569516e-01
1.348761533355899433e-01,-9.882809041441918962e-01,7.147921212024418991e-02,3.975461505016658847e+00,9.907988036826768097e-01,1.353338261073388782e-01,1.576747323986682839e-03,1.798604291616932693e+00,-1.123182453432696251e-02,7.060885224307716923e-02,9.974408434100461296e-01,-2.131118124535714420e-01
1.771359070684475900e-01,-9.831696874913922191e-01,4.472399831314686353e-02,3.936666329947053011e+00,9.841864000085127628e-01,1.769539129648869391e-01,-8.027622605561540031e-03,2.137971896403053407e+00,-2.157129653731843026e-05,4.543873110564256024e-02,9.989671272119954315e-01,-1.714465575174561329e-01
7.861839461781724991e-02,-9.963083524864507767e-01,3.447919363107542629e-02,3.881372900102827650e+00,9.969022757119102573e-01,7.864874368580219988e-02,-4.772809005645741506e-04,2.368033394874910158e+00,-2.236226314668574196e-03,3.440990965371522325e-02,9.994053018718138670e-01,-1.935461418058900818e-01
-2.133579726851172198e-01,-9.768907116030025595e-01,1.276374065365926819e-02,3.750776508264711318e+00,9.768222593331726822e-01,-2.135369293131332002e-01,-1.484093968562666226e-02,2.702933880508504139e+00,1.722350611608107138e-02,9.301473178782982548e-03,9.998083983612922054e-01,-2.133171054749117834e-01
-4.151152030634633339e-01,-9.094446317081443798e-01,2.428641683771182516e-02,3.627596971144313009e+00,9.092443606059059658e-01,-4.156343669175070477e-01,-2.286407101630764938e-02,2.844722820051068357e+00,3.088787613181226410e-02,1.259106406622199567e-02,9.994435472870615289e-01,-1.730297405269701772e-01
-6.678738806074702161e-01,-7.399019784443141567e-01,8.055769296911456656e-02,3.374348889222800629e+00,7.386562115748629420e-01,-6.722123206821830621e-01,-5.017566167917953540e-02,2.951684858964302105e+00,9.127694508574936416e-02,2.599342642405604378e-02,9.954862435405870125e-01,-1.772943846113818334e-01
-8.536788101726722200e-01,-5.124117904878484620e-01,9.309482279485743750e-02,3.208407697642186029e+00,5.107603395724460427e-01,-8.586670549580285305e-01,-4.260004987724570757e-02,2.962252970784518435e+00,1.017662251535715046e-01,1.118238341063438647e-02,9.947454899215421031e-01,-1.493296726487352288e-01
-9.956427317034290958e-01,4.522080055644273761e-02,8.155139485726717319e-02,2.984206769710106677e+00,-4.759424311170754734e-02,-9.984909445479601686e-01,-2.739747576592108450e-02,2.909082322958211453e+00,8.018939349287611262e-02,-3.115947452629617975e-02,9.962925013862587997e-01,-8.922827414865544537e-02
-9.017078345950456653e-01,4.310600028773344805e-01,3.332048843135565486e-02,2.884798690816127831e+00,-4.315655804409218588e-01,-9.020316127671645923e-01,-9.493121054556229524e-03,2.785213820974899335e+00,2.596402912883371064e-02,-2.293999756010603464e-02,9.993996326311803680e-01,-1.477423199637364626e-01
-5.813841099302993198e-01,8.136263457634972385e-01,-2.164763287208836245e-03,2.881329445112822629e+00,-8.136238543871041617e-01,-5.813878817653573838e-01,-2.086745950385106210e-03,2.516286389888271469e+00,-2.956398624222434865e-03,5.481021125587722713e-04,9.999954796354070252e-01,-2.082319980398905923e-01
-3.610579835434649110e-01,9.309005769706308886e-01,-5.532854882672817026e-02,2.975032528014764921e+00,-9.324732448844803567e-01,-3.596672510568769687e-01,3.366178978895408708e-02,2.180606656427189094e+00,1.143591247492576832e-02,6.374624940287201835e-02,9.979006140858575069e-01,-1.852755058951932321e-01
-2.658976044833913921e-01,9.605742286994931600e-01,-8.121339229687214722e-02,3.050192978055023652e+00,-9.638107116508795036e-01,-2.632249049337301305e-01,4.220854806377840468e-02,1.995378569566295335e+00,1.916705603419932569e-02,8.949748924411085604e-02,9.958026026186017621e-01,-2.113952836770636168e-01
-9.477722653173946410e-02,9.947182329319711469e-01,-3.940703495121265082e-02,3.154839033203203247e+00,-9.948057016774618511e-01,-9.611361551422781258e-02,-3.352295963655995553e-02,1.699233680673641222e+00,-3.713345177818563880e-02,3.602512991618044003e-02,9.986607515936322121e-01,-2.240884264050453378e-01
-2.385241344208699488e-02,9.991189783610634478e-01,-3.453012383022257409e-02,3.197793181259934947e+00,-9.997131803504448744e-01,-2.376386887422446761e-02,2.972468624916089607e-03,1.467603836886759661e+00,2.149280480824022899e-03,3.459112046279132213e-02,9.993992370311988171e-01,-2.018998245411743331e-01
3.570327763528819559e-02,9.964233108056489430e-01,-7.658891335699022362e-02,3.250974893185930359e+00,-9.982785912079369384e-01,3.912797107625302917e-02,4.369045908835447745e-02,1.139811706216529608e+00,4.653096068203060182e-02,7.489717993731799528e-02,9.961050557724537846e-01,-1.793500904868021162e-01
1.394374158995996364e-02,9.932084093770447986e-01,-1.155102922392240300e-01,3.312337659003840695e+00,-9.977893601352564312e-01,2.132804460553862358e-02,6.294050614809297561e-02,9.602447989790348082e-01,6.497664866201025013e-02,1.143773144291413552e-01,9.913101760158774534e-01,-1.804162170404936816e-01
-1.445175079529293083e-01,9.863931628134915419e-01,-7.837868492051627833e-02,3.338459139525263186e+00,-9.895016164885114263e-01,-1.439741617095865456e-01,1.256947598919913589e-02,6.654200965825631808e-01,1.113939718562948497e-03,7.937234477332753835e-02,9.968444161570482187e-01,-1.140026410841222526e-01
-2.000322944110350110e-01,9.777536473955388274e-01,-6.312595502148930782e-02,3.286390631454101374e+00,-9.796520712788688856e-01,-2.006670354562398728e-01,-3.815772559366596706e-03,4.779577178368304979e-01,-1.639818379205898111e-02,6.107819484825761924e-02,9.979982733864818378e-01,-1.928182044372985238e-01
-2.956913991750853010e-01,9.550838495928779537e-01,-1.953040452030949115e-02,3.190420955798892955e+00,-9.469255303063232043e-01,-2.903445413326820046e-01,1.379568315539383139e-01,2.013002532483920692e-01,1.260897954156806056e-01,5.928648720543631262e-02,9.902456644322510382e-01,-1.056091625168344705e-01
-3.862468607378101160e-01,9.217003844891129560e-01,-3.580172904771220660e-02,3.109523766139554724e+00,-9.173375544957251826e-01,-3.797803243257413808e-01,1.194098671251075383e-01,1.040845541613244496e-02,9.646332817184304076e-02,7.896395688953836145e-02,9.921993347258187823e-01,-1.130370817720739579e-01
-5.740155650790677022e-01,8.183122744987780806e-01,-2.951529182632066720e-02,2.970648117781921282e+00,-8.125133709044309871e-01,-5.647337631269711000e-01,1.445607100354984464e-01,-2.471742644155687230e-01,1.016275216094383732e-01,1.069616669142893772e-01,9.890556347660320879e-01,-9.911536802050502359e-02
-6.978686916145828700e-01,7.096985733544678432e-01,-9.647395629277867590e-02,2.846001230339767041e+00,-7.160026662537946063e-01,-6.879320255298277953e-01,1.187000849531471836e-01,-3.694418469219695744e-01,1.787375678493547185e-02,1.519126829104739673e-01,9.882322933345851768e-01,-8.871680474739035427e-02
-8.186499645231497535e-01,5.736133792942624821e-01,-2.792716743352525663e-02,2.551128306865251716e+00,-5.698019664790342498e-01,-8.052178097221524000e-01,1.641645452065823296e-01,-4.825556523222744865e-01,7.167952694368660838e-02,1.503062540311392858e-01,9.860375628830044814e-01,-9.775199743853373036e-02
-8.730393150676619696e-01,4.870588555427144417e-01,-2.400053298589310130e-02,2.337124444151212010e+00,-4.829909169139999792e-01,-8.568635859437879754e-01,1.802902361807908471e-01,-5.648751480411060566e-01,6.724677334088741132e-02,1.689925037419456044e-01,9.833206014084455715e-01,-6.360102083164609343e-02
-9.645400346570711658e-01,2.607686180702860623e-01,4.077069257993106571e-02,2.040644391231469346e+00,-2.512268077785544396e-01,-9.544309555391219391e-01,1.610796143590956242e-01,-6.491815949642879557e-01,8.091731951277172930e-02,1.451250458686926537e-01,9.860989344201104290e-01,-1.020253290123211143e-01
-9.980582772106767475e-01,5.323786310154594165e-02,3.233272682028000972e-02,1.833516618847635504e+00,-4.762675765759625396e-02,-9.868141804100200032e-01,1.546915165635271705e-01,-6.732056550618924495e-01,4.014183909935567507e-02,1.528512455758219146e-01,9.874336076312374422e-01,-7.172582919567951909e-02
-9.726564704415510132e-01,-2.317760530843121780e-01,1.480715113855875578e-02,1.567880698089447966e+00,2.313582527083056228e-01,-9.613795455681672930e-01,1.490728958157815087e-01,-5.955044621869205468e-01,-2.031623518128352138e-02,1.484224732976838212e-01,9.887153382082511932e-01,-1.255464666603823831e-01
-9.370130575894006775e-01,-3.289187037333633490e-01,1.175543118789118269e-01,1.399344570566757540e+00,3.430226668365904397e-01,-9.299998866138047271e-01,1.320441628191979244e-01,-5.004007270757331316e-01,6.589370184830461996e-02,1.640508982988939657e-01,9.842486082408510306e-01,-9.037569672685857869e-02
-8.317826745874034033e-01,-5.452867419504542346e-01,1.039228141905456787e-01,1.189217217866015197e+00,5.550591439609722233e-01,-8.193242111321943355e-01,1.435868509227754275e-01,-3.479898472736352444e-01,6.850471628701132291e-03,1.771163631787485426e-01,9.841660758900386829e-01,-6.346930311473053532e-02
-6.972574881350265263e-01,-7.025679731473006839e-01,1.422330423893314044e-01,1.088032430199744605e+00,7.162371577102228937e-01,-6.908424281497734798e-01,9.869687625910754381e-02,-2.334536228496004173e-01,2.891935605804472550e-02,1.706897260406114725e-01,9.849003443340693664e-01,-1.008458333319907640e-01
-4.427443573618526917e-01,-8.865725207722530143e-01,1.340395442985807817e-01,9.755620258690010926e-01,8.947688125143553606e-01,-4.271789905385774966e-01,1.300264672829785084e-01,-1.625846268041875042e-02,-5.801901564046211407e-02,1.775028885792411804e-01,9.824085292637358968e-01,-3.690421316603684221e-02
-2.931286469833014885e-01,-9.495481980463730265e-01,1.115070217727260893e-01,9.329355906039275004e-01,9.521661631418607552e-01,-2.794055735538204521e-01,1.237421643368472324e-01,1.401262801762490073e-01,-8.634346579472429450e-02,1.424455862915583459e-01,9.860294421875083204e-01,-1.367683618155067782e-01
-1.643852514631509443e-01,-9.785634094352934076e-01,1.240610447149674417e-01,8.957917502186609759e-01,9.863411040904899174e-01,-1.617413158055231448e-01,3.116044195852982202e-02,4.520574747120124082e-01,-1.042667171004255967e-02,1.274888249058369338e-01,9.917852005556340167e-01,-1.051703192864461844e-01
-8.535006552483667686e-02,-9.878727674130183267e-01,1.297025894832048998e-01,8.752283118297966569e-01,9.948011335248155840e-01,-7.723399195516904292e-02,6.637480865818330689e-02,6.700164396024511637e-01,-5.555241716295847287e-02,1.346933773071709861e-01,9.893288750748863158e-01,-1.085719606329745707e-01
6.362591090749447620e-02,-9.873708070501633349e-01,1.450883622014488283e-01,8.532480094287625549e-01,9.977483943527609700e-01,6.602560011312820498e-02,1.177971545446719615e-02,9.678676431323340879e-01,-2.121049333887995922e-02,1.440121852997463259e-01,9.893485763155026591e-01,-1.257651327535572461e-01
1.669366197646102723e-01,-9.773607578285160580e-01,1.299927460992822414e-01,8.558661411860920554e-01,9.836181829579958569e-01,1.741813343622117538e-01,4.643417829798696800e-02,1.179743806769562697e+00,-6.802525366344608360e-02,1.201116639492834648e-01,9.904270558942527281e-01,-1.248342744909419905e-01
2.206567524339111963e-01,-9.709037114439200700e-01,9.304074757727627543e-02,8.528353670151596067e-01,9.752611532376427306e-01,2.183316247443387315e-01,-3.459746554416471415e-02,1.507069320966395454e+00,1.327707011740817539e-02,9.837319116972689792e-02,9.950610205752111748e-01,-1.656799679341312836e-01
2.416185543996131890e-01,-9.673719329503982500e-01,7.623658904783842116e-02,8.846852046060516006e-01,9.701579509160412895e-01,2.424661672002451918e-01,1.925626550004337374e-03,1.749926865180667201e+00,-2.034759062466777457e-02,7.349626591215414895e-02,9.970878970545876685e-01,-1.377378831709758500e-01
2.440226704600217678e-01,-9.667919407847797020e-01,7.593602264509556610e-02,9.007002314091464568e-01,9.697371799808280901e-01,2.439048597964141862e-01,-1.096453968582876935e-02,2.064975297358526696e+00,-7.920736354075117586e-03,7.631358071331656445e-02,9.970524055105230987e-01,-1.098862880889512478e-01
2.755779512636742368e-01,-9.580012009119268646e-01,7.931262086591116256e-02,8.999758034927619610e-01,9.612687382276815518e-01,2.742593528429139171e-01,-2.728040110310878813e-02,2.264334375832220747e+00,4.382428947177202834e-03,8.375862003095138619e-02,9.964764361925638747e-01,-1.228658701801958186e-01
2.729606646211559795e-01,-9.603706674060003001e-01,5.639731160018345707e-02,8.911103821604416941e-01,9.598866559786816133e-01,2.757921875450669580e-01,5.055963768827932692e-02,2.594907405649954590e+00,-6.410993092837370677e-02,4.033423453169068112e-02,9.971274072459852533e-01,-1.473807861440492306e-01
1.816813145109054117e-01,-9.831266151594348912e-01,2.130630241828722696e-02,9.070491083920003694e-01,9.833368380940974429e-01,1.817751838747065640e-01,2.538774196037558734e-03,2.845760151343378563e+00,-6.368893521778650271e-03,2.049002421829312567e-02,9.997697715488506054e-01,-1.385745634549724048e-01
-5.671777090277022038e-02,-9.978592733988858043e-01,3.255710299867286411e-02,8.773143904747948696e-01,9.983819050379468818e-01,-5.655379181044792314e-02,5.936356176941217158e-03,3.199621836748701931e+00,-4.082420436421068353e-03,3.284111940397305140e-02,9.994522473433502530e-01,-1.286323346286349922e-01
-3.107213478966418529e-01,-9.496779772624560634e-01,3.954723080042041317e-02,7.711860831522527882e-01,9.498449580140345683e-01,-3.117836345222750327e-01,-2.419754077166455519e-02,3.444314883413416517e+00,3.531005092900689479e-02,3.004504529484141109e-02,9.989246696105873458e-01,-1.444543166429009817e-01
-6.555583645392756287e-01,-7.523552029446778366e-01,6.484504055562564928e-02,6.458926656410146627e-01,7.535256910899758021e-01,-6.573564568979634037e-01,-9.028922523163628727e-03,3.644747222950861953e+00,4.941926294433782174e-02,4.294341831559853745e-02,9.978544980473902370e-01,-1.318609884335990301e-01
-8.886766769710642278e-01,-4.517367111524678847e-01,7.866198322453053782e-02,5.275744718722975568e-01,4.524513277439095038e-01,-8.917383962900401473e-01,-9.509395608533479163e-03,3.700990374706103481e+00,7.444165386688404717e-02,2.713994066351322829e-02,9.968559894941411148e-01,-1.560167929354578931e-01
-9.955089218384187699e-01,7.528999890932325245e-02,5.738817477791937488e-02,3.845693993617628204e-01,-7.463235012939917201e-02,-9.971194471909456958e-01,1.352110749104936532e-02,3.560719868840311886e+00,5.824086927811068792e-02,9.177368787162867858e-03,9.982603753770223909e-01,-1.566009055212511103e-01
-9.147256869404336577e-01,4.023753748618124626e-01,3.702668437985776745e-02,3.596819457951264676e-01,-3.996515945370785472e-01,-9.144270817464816847e-01,6.404463406549233684e-02,3.382060096701576590e+00,5.962818658421176199e-02,4.378549843757460064e-02,9.972599006734658156e-01,-1.467567000220770801e-01
-7.195135338070290931e-01,6.941545178092751733e-01,2.120801908457817589e-02,3.685796498790465670e-01,-6.904334696592518972e-01,-7.182803149589941372e-01,8.587789655490080110e-02,3.052450392124495870e+00,7.484583250126934650e-02,4.714758262496589192e-02,9.960799198908756313e-01,-1.409667358665086523e-01
-5.146889422633520450e-01,8.573766158242769331e-01,7.945750689018895663e-04,3.668352505716076517e-01,-8.568391715951892973e-01,-5.143986891790629512e-01,3.493740961964246494e-02,2.819038792234572988e+00,3.036324639925313401e-02,1.730107535874677097e-02,9.993891864831880856e-01,-1.467744576148111990e-01
-2.207315132693467297e-01,9.748069167708053318e-01,3.207918430412830951e-02,3.860227488773793070e-01,-9.752033002975093456e-01,-2.211220726427317040e-01,9.140682634648501087e-03,2.546034638153757523e+00,1.600381637827909612e-02,-2.926608969397759621e-02,9.994435320994146110e-01,-1.549521057333020924e-01
-5.413825160474790982e-02,9.983167279152705964e-01,-2.080289589759746691e-02,3.855698685514855062e-01,-9.984244219139052356e-01,-5.442845000188495375e-02,-1.364615536609095972e-02,2.276862255427412052e+00,-1.475545455295632427e-02,2.003134031804666357e-02,9.996904630764451571e-01,-1.249627646901715489e-01
-5.338945670676867664e-03,9.998197177587885287e-01,-1.822162560969374859e-02,4.265887448972199847e-01,-9.999370115083777710e-01,-5.517699431250962065e-03,-9.773843086520567561e-03,1.914457408946029560e+00,-9.872622489446951019e-03,1.816829583974871598e-02,9.997861993203643882e-01,-1.746563413859002767e-01
3.091629983426518857e-03,9.999527008018604946e-01,-9.221604150484744022e-03,4.445120812390847553e-01,-9.994453255065949282e-01,3.395575587647402162e-03,3.312870944429268522e-02,1.719312063308567451e+00,3.315845513683276374e-02,9.114067450443665008e-03,9.994085504074129434e-01,-1.313975583929191393e-01
-4.235111029228434687e-02,9.984621024824836821e-01,-3.577447921726980423e-02,4.413752427166009462e-01,-9.990807625619769761e-01,-4.208525557352748442e-02,8.152370323328097731e-03,1.421840085902945416e+00,6.634254712377179834e-03,3.608685591135402104e-02,9.993266360379089441e-01,-1.250291250671692056e-01
-8.295374750653307372e-02,9.952523899499139404e-01,-5.090536389816741752e-02,4.037399871910665183e-01,-9.936613668450617887e-01,-7.871624591752708622e-02,8.025484825388615184e-02,1.218835407989018460e+00,7.586675038661842840e-02,5.724013388902600419e-02,9.954736577419514010e-01,-1.294491570499705091e-01
-2.901349200110775461e-01,9.538927816185237551e-01,-7.687840637161312551e-02,3.117034832890096530e-01,-9.553991562622475842e-01,-2.840937832411598585e-01,8.064226272315058730e-02,9.595640100895440616e-01,5.508339498933501055e-02,9.684670102691869675e-02,9.937738857993050345e-01,-8.054640339314404762e-02
-5.327873938630338646e-01,8.444732625505178003e-01,-5.479508899453117143e-02,2.363617458887334322e-01,-8.439570340761592959e-01,-5.254668210044497467e-01,1.078014130559034750e-01,8.688340055632834957e-01,6.224240977026265081e-02,1.036799347065706922e-01,9.926612481432075530e-01,-1.086674089049029374e-01
-8.448252077296999341e-01,5.307512122057007620e-01,-6.762779847552692625e-02,7.231248079004556906e-02,-5.347001162097411164e-01,-8.329929122260402163e-01,1.421921021240953598e-01,7.963284780900502513e-01,1.913515376887566996e-02,1.562880639183845677e-01,9.875261449535821523e-01,-4.562368365906069312e-02
-9.422324039493351622e-01,3.273094412517958407e-01,-7.118024034303381542e-02,-3.675450563155779893e-02,-3.331051310346415661e-01,-9.379456414699177680e-01,9.643103922481742474e-02,7.867786542905077507e-01,-3.520040662052454500e-02,1.145709531906757422e-01,9.927912308530573160e-01,-7.646684056545936803e-02
-9.830064905356415972e-01,1.813160318145957683e-01,2.868337797066869074e-02,-2.356350944815116533e-01,-1.774800012407523886e-01,-9.786330198598962582e-01,1.038184068433041368e-01,7.746503649557422433e-01,4.689444236135983934e-02,9.696344180621442599e-02,9.941825799261968521e-01,-1.007256678569863756e-01
-9.912986218263395433e-01,1.305228119361457606e-01,1.705397107654232913e-02,-3.966948480367145091e-01,-1.283700230929042674e-01,-9.872483860970673319e-01,9.413692856611854953e-02,7.329907689906752788e-01,2.912352204534469566e-02,9.112858888963627779e-02,9.954131809206951953e-01,-5.595504522201652509e-02
-9.948246987344784298e-01,9.273380303918286882e-02,4.152421656988022902e-02,-6.585323283058721611e-01,-8.968887449355353314e-02,-9.935064797219554933e-01,7.000557508203619772e-02,6.841110918370447713e-01,4.774646143885642735e-02,6.591901489234128220e-02,9.966819748022384129e-01,-8.297236037845524825e-02
-9.939282159410904871e-01,9.432741276599009017e-02,5.664839589109001150e-02,-8.349128802380711978e-01,-9.081711702727458813e-02,-9.939581322421092713e-01,6.163994325623103898e-02,6.282808164165742948e-01,6.212047014482247748e-02,5.612103483232709633e-02,9.964895767835877383e-01,-4.895766047194747422e-02
-9.234581766009422044e-01,3.793230585331703320e-01,5.778419622960975083e-02,-1.072325448884681176e+00,-3.779292007688902499e-01,-9.252166285193733630e-01,3.381877462935415496e-02,4.787868518695980180e-01,6.629114024551231721e-02,9.391888855972174363e-03,9.977561210780245826e-01,-2.172126054551926089e-02
-7.116257986220190235e-01,6.982301670774533342e-01,7.786755754846227950e-02,-1.210983328574209761e+00,-6.981552224893315950e-01,-7.151983663504258848e-01,3.271975061875303376e-02,3.369503001461872094e-01,7.853666689162269732e-02,-3.107942330016446805e-02,9.964266462720084983e-01,-2.514189292189683567e-02
-2.277875589931815936e-01,9.730660849396003398e-01,3.542911667321436281e-02,-1.311915633188054375e+00,-9.733215112703642591e-01,-2.285745540733303272e-01,1.997270458781517932e-02,1.181348393029737764e-01,2.753295600371239923e-02,-2.993438775879710134e-02,9.991725920796680205e-01,-2.255914120311486998e-02
6.506658608865566185e-02,9.978807796802412478e-01,-5.375123434661248714e-04,-1.269281380109677393e+00,-9.975885012110446981e-01,6.506054872124272803e-02,2.417244819194024064e-02,-1.416941195245258189e-02,2.415619229656373532e-02,-1.036602548153967279e-03,9.997076591828670811e-01,-1.633591808664114700e-02
3.274267014098375395e-01,9.445048790564491981e-01,-2.650072909248844463e-02,-1.099294687001639348e+00,-9.446356659388517318e-01,3.278477528783403372e-01,1.339065229495787525e-02,-1.813583596015670152e-01,2.133574090894588965e-02,2.064907676348354953e-02,9.995591036995666867e-01,-4.479731435458719768e-02
5.338824587938758581e-01,8.453343472124454916e-01,1.947720757994771817e-02,-9.514949990600801710e-01,-8.454850422947659538e-01,5.339983473326900265e-01,-8.990560457384485843e-04,-3.031999868405023668e-01,-1.116079961387986610e-02,-1.598769742222389337e-02,9.998098969719759754e-01,-6.178764880333158238e-02
8.587420109998048501e-01,5.116786844873808526e-01,2.733280785562793372e-02,-7.069302700436637110e-01,-5.123909867023196396e-01,8.570534663960550636e-01,5.398918859113237267e-02,-4.288669481741666512e-01,4.199439275848104031e-03,-6.036786876948689595e-02,9.981673632863364842e-01,-7.827734555412566020e-02
9.403786705008324587e-01,3.389473564165977892e-01,2.833100148749853955e-02,-5.675896005621141605e-01,-3.385719236748253591e-01,9.407817571303871418e-01,-1.728403742731659046e-02,-5.011074876784219478e-01,-3.251166815486736944e-02,6.661458463529946507e-03,9.994491564881753387e-01,-6.208496218787235704e-02
9.683075487022979599e-01,2.477323913411667300e-01,-3.176717498506803627e-02,-3.351831524798801198e-01,-2.485108917648977955e-01,9.683456181661171946e-01,-2.343289253794991756e-02,-5.272651687332510217e-01,2.495651819383967740e-02,3.058473571681758277e-02,9.992205693142889311e-01,-9.114360145989260087e-02
9.711004685081698895e-01,2.375046921775189890e-01,-2.356695264290414524e-02,-1.631229707913448013e-01,-2.380737073801243164e-01,9.709178449983503212e-01,-2.528731140398203861e-02,-5.459367251635980356e-01,1.687571976222651537e-02,3.016719173906707782e-02,9.994023967477183579e-01,-7.116612600873636896e-02
9.843720465524352647e-01,1.760944350307565021e-01,-1.556893498872518981e-03,5.012888401924670001e-02,-1.760670198936082897e-01,9.839673897161559379e-01,-2.843554959831244219e-02,-5.377488370614845747e-01,-3.475409609152579123e-03,2.826527775157246236e-02,9.995944155514643326e-01,-8.217776617558086860e-02
9.946784903678317358e-01,8.952352004946248498e-02,-5.099255001980659840e-02,1.811357762896526336e-01,-8.892762160719930309e-02,9.959419061646290761e-01,1.384188066889067113e-02,-5.588930113229408914e-01,5.202479134850476750e-02,-9.233574774636134352e-03,9.986031054337975998e-01,-5.705003416497919644e-02
9.978505601318048424e-01,-4.565500368129906533e-02,-4.700936378532900861e-02,3.439694925591486596e-01,4.526069473193915227e-02,9.989308046317465495e-01,-9.418973943765335602e-03,-5.802137647468625925e-01,4.738912488138156964e-02,7.271051961822882354e-03,9.988500401193083356e-01,-9.301049363528852976e-02
9.983705980514939737e-01,-5.705871687321338592e-02,6.721421590529579005e-04,4.388841527823663657e-01,5.704466903738810574e-02,9.976904253719195426e-01,-3.687439295246481424e-02,-5.942068136800957578e-01,1.433415750770038969e-03,3.685265187174758400e-02,9.993196822685440628e-01,-8.113887414407436327e-02
9.995939644739900709e-01,-2.363005862305784036e-02,1.592251602730234902e-02,6.005233585351490433e-01,2.447666305447412233e-02,9.981719988947468369e-01,-5.525896839593376353e-02,-5.880018566107357847e-01,-1.458763698776075618e-02,5.562626135141434530e-02,9.983450905850020929e-01,-5.916981369810857955e-02
9.973157045522090813e-01,4.899948172804304003e-02,5.440989104851479130e-02,7.277220757755107350e-01,-4.410181829445633528e-02,9.951587326730072514e-01,-8.783009966848737138e-02,-6.119685923206993339e-01,-5.845010758459501937e-02,8.519476260332571604e-02,9.946483988567572654e-01,-9.111431599885451427e-02
9.947298544069117510e-01,9.105649565541966417e-02,4.712994112616564896e-02,9.216630887880616907e-01,-8.984708238149800852e-02,9.955846928053441180e-01,-2.717758707502446192e-02,-6.242718935537594493e-01,-4.939654379744973234e-02,2.279986953127267901e-02,9.985189769905337132e-01,-8.242760257959065584e-02
9.979844669196149543e-01,6.183980223022293721e-02,1.424228378090314565e-02,1.075780824774049904e+00,-6.191363473102879517e-02,9.980699569078951283e-01,4.802390265777006437e-03,-6.507592025122755919e-01,-1.391781669520837823e-02,-5.674502445077739959e-03,9.998870408203307525e-01,-9.301142015519756057e-02
9.998778739657944170e-01,3.520826394141819780e-03,1.522632375664300861e-02,1.255600233483620709e+00,-3.857174982509192600e-03,9.997479421325803361e-01,2.211728742013195637e-02,-6.839025059446016686e-01,-1.514461471263299670e-02,-2.217331691860148848e-02,9.996394273246885787e-01,-1.117492725954937066e-01
9.991807740902924895e-01,-2.459775868144514072e-02,3.213613163046000892e-02,1.307961311042480590e+00,2.507170242879004987e-02,9.995815166491454073e-01,-1.442918260734595524e-02,-6.790693601156951864e-01,-3.176775764266615010e-02,1.522306937654965137e-02,9.993793412579189406e-01,-9.498189950986465901e-02
9.986435756739582281e-01,-4.739195907471857594e-02,2.156411324836787768e-02,1.328967438706786020e+00,4.778989306275161636e-02,9.986892438045492648e-01,-1.832813220565710638e-02,-6.743460093555282420e-01,-2.066724186192198803e-02,1.933381814741523541e-02,9.995994540763124547e-01,-9.309398921972189545e-02
9.988346759149403509e-01,-4.074434657932644865e-02,2.586867626525140088e-02,1.326046507360438609e+00,4.140680086171141805e-02,9.988140745100104745e-01,-2.561096255726154694e-02,-6.784290770850338603e-01,-2.479449600801328368e-02,2.665225661242359018e-02,9.993372254575392244e-01,-7.577575085115070830e-02
9.999207430590009160e-01,-1.229934857868587167e-02,2.689539899718136270e-03,1.303439084665988013e+00,1.235415960907193002e-02,9.996943854111581818e-01,-2.141285870125642435e-02,-6.847310760840812360e-01,-2.425353723854942883e-03,2.144438858877402085e-02,9.997671008076661758e-01,-7.566645015873826874e-02
9.999084705959816466e-01,-7.357425561189959856e-03,1.135423795387121085e-02,1.306477557939279555e+00,7.684533242383444381e-03,9.995487176731208123e-01,-2.903978214219622364e-02,-6.843789661021320025e-01,-1.113545595152340764e-02,2.912437616724260561e-02,9.995137679560092137e-01,-8.275070008670055988e-02
9.996852536390317123e-01,-1.606084502728256577e-02,1.927285432080390326e-02,1.298168990790420141e+00,1.655492678415000640e-02,9.995311588251227786e-01,-2.575649310131718911e-02,-6.813929173114231519e-01,-1.885014736899472132e-02,2.606744703104496921e-02,9.994824461437274987e-01,-8.164184653296824301e-02
9.997728746783950404e-01,-1.357068851179217897e-02,1.643275602601473179e-02,1.295708810693687596e+00,1.400988015375947970e-02,9.995395961455055822e-01,-2.691317512588244434e-02,-6.833106761736831292e-01,-1.605996000530407475e-02,2.713728340484722681e-02,9.995026991129295491e-01,-8.977638494667901370e-02
9.998923370797390131e-01,-1.159423811672158182e-02,8.993769604930833272e-03,1.282882656494591433e+00,1.188499245839832325e-02,9.993853953030491510e-01,-3.297845674423514201e-02,-6.938931221179680531e-01,-8.605881911674027190e-03,3.308179707120376817e-02,9.994155959855042237e-01,-9.716326698690928854e-02
9.998502817034693457e-01,-1.312738019981214178e-02,1.127324560978885080e-02,1.285127040739655779e+00,1.349472639425505077e-02,9.993591919010026414e-01,-3.315264578458937406e-02,-6.950304105569610202e-01,-1.083081423685645570e-02,3.329981159201660101e-02,9.993867199492403319e-01,-9.605939327190356203e-02
9.995756989255689673e-01,-2.239567339298550314e-02,1.862406858694170067e-02,1.291112977874111056e+00,2.299736907778111850e-02,9.991990692677719110e-01,-3.274661799206224355e-02,-6.941594375900901337e-01,-1.787576943677656252e-02,3.316102814588828274e-02,9.992901495958764757e-01,-1.050374445712349281e-01
9.996196426752854691e-01,-1.900518904562511699e-02,1.998431302473616805e-02,1.293850812722249000e+00,1.967769736405274375e-02,9.992276961750143904e-01,-3.401175419206141359e-02,-6.962828258005746562e-01,-1.932247924515435172e-02,3.439206283595758196e-02,9.992216109601045337e-01,-1.068896446398541061e-01
9.993601093668267321e-01,1.766284062033178504e-02,3.110298808057879866e-02,1.287570816490855474e+00,-1.505021582260719290e-02,9.964925524575483085e-01,-8.231697212806529662e-02,-7.123366041189030939e-01,-3.244784754051935338e-02,8.179619158530899992e-02,9.961207357705816889e-01,-1.198581705423430177e-01
9.988198350442735185e-01,4.491281226856985026e-02,1.848719600844073510e-02,1.286776051743144800e+00,-4.368925240833001350e-02,9.971208145644462340e-01,-6.197846711831307698e-02,-7.066294310068282902e-01,-2.121759520132789761e-02,6.109763053067562844e-02,9.979062547140428174e-01,-6.578783524625521351e-02
9.985717965424592002e-01,5.200402991571920902e-02,-1.224532655695533684e-02,1.284047884595054256e+00,-5.226429841196070930e-02,9.983911144860854181e-01,-2.199148987079249315e-02,-6.995526625607314530e-01,1.108197913131244230e-02,2.260007495024738550e-02,9.996831629825395638e-01,-7.664117878667138506e-02
9.990321630516806328e-01,4.041765660624478673e-02,-1.735368038013435088e-02,1.285592326079707526e+00,-4.092495534645358007e-02,9.987133285781834013e-01,-2.994720938878201594e-02,-7.204431885149618076e-01,1.612095587013447420e-02,3.062842396769034983e-02,9.994008277098268556e-01,-9.331516218518240424e-02
9.995696601937820169e-01,2.661043151659276892e-02,-1.234420327860827164e-02,1.287148536618230921e+00,-2.701152971524646909e-02,9.990718931850611773e-01,-3.355189279398805569e-02,-7.174659212325902313e-01,1.143991619397359896e-02,3.387088989261625299e-02,9.993607412417978564e-01,-8.705797462768449790e-02
9.997886605899374279e-01,1.855908251529598749e-02,-8.842771735427560134e-03,1.285253648022346873e+00,-1.884370715418202252e-02,9.992686842093231325e-01,-3.327178172648235371e-02,-7.139032641284714931e-01,8.218811134331057908e-03,3.343138068877446467e-02,9.994072212710787273e-01,-9.149641524995681674e-02
9.998922655391440095e-01,1.230546155576686847e-02,8.002057916121957729e-03,1.293868602460132466e+00,-1.206265040707363116e-02,9.994856236179783249e-01,-2.971499025974900718e-02,-6.983147360766149836e-01,-8.363598516794025842e-03,2.961526290411493206e-02,9.995263810540312432e-01,-1.026737744005179753e-01
9.996804294445571504e-01,2.397466044536383789e-02,8.015899330139396664e-03,1.290832902497360379e+00,-2.377275347205735911e-02,9.994195776059611180e-01,-2.440008381703543880e-02,-6.944108459215904139e-01,-8.596230447012029666e-03,2.420172627006516447e-02,9.996701362287707671e-01,-9.327163061285463630e-02
9.993119581260125894e-01,3.521069847117938578e-02,1.165405764193648379e-02,1.299213387314372525e+00,-3.502238946572741596e-02,9.992586636660459876e-01,-1.598609784963092931e-02,-6.969706370346162583e-01,-1.220829973668302246e-02,1.556694579931698977e-02,9.998042946577188061e-01,-1.025187140872709651e-01
9.993678841337730878e-01,3.249202134565502831e-02,1.442569619998488283e-02,1.297874976506613987e+00,-3.225979990742486314e-02,9.993506599695169967e-01,-1.604879211725565927e-02,-7.034376060496646543e-01,-1.493778671402087865e-02,1.557327734818795759e-02,9.997671406686263751e-01,-1.071021586790748409e-01
9.994817403214938389e-01,2.742320769540730965e-02,1.685877942223248244e-02,1.297771822031499767e+00,-2.715518189827614143e-02,9.995043434180408415e-01,-1.592681966187404694e-02,-6.975967916352808773e-01,-1.728718774076330386e-02,1.546076221164303065e-02,9.997310228115604547e-01,-1.217479968275520241e-01
9.994936770505795653e-01,2.901894072396017654e-02,1.304954463443618734e-02,1.294231663177018099e+00,-2.883467256181083613e-02,9.994848300333599722e-01,-1.409383522814351697e-02,-6.981854692928413098e-01,-1.345181007002132709e-02,1.371041984930766039e-02,9.998155195801844419e-01,-1.160719176436446481e-01
9.995463235514785438e-01,2.892500808280603491e-02,8.395890788208433889e-03,1.284179068025393944e+00,-2.880848193303195762e-02,9.994912931425180558e-01,-1.368306621376974563e-02,-7.032214153113552912e-01,-8.787402541821025259e-03,1.343498566080139449e-02,9.998711330550854592e-01,-1.130539580376069969e-01
9.996467398746314847e-01,2.461251337251302643e-02,1.003093432854888258e-02,1.287290368060274748e+00,-2.445014329673754483e-02,9.995729995624775821e-01,-1.600028244873616043e-02,-6.969307918555517345e-01,-1.042045828093570228e-02,1.574937240521941811e-02,9.998216697581900902e-01,-1.176596670005972262e-01
9.995192197283694346e-01,2.738293849361288224e-02,1.454317960562152325e-02,1.299990983173099579e+00,-2.715162237052253305e-02,9.995053177344782602e-01,-1.587164840674229124e-02,-6.957945847861016775e-01,-1.497059772470077377e-02,1.546914671059176731e-02,9.997682665016976999e-01,-1.187401626221541023e-01
9.993802588370627182e-01,3.152389982076463787e-02,1.566339640215085385e-02,1.297601865028540580e+00,-3.127223921961913566e-02,9.993818693909944928e-01,-1.606008053377664876e-02,-6.994095723059664538e-01,-1.615999074725426449e-02,1.556029796151020897e-02,9.997483342453720168e-01,-1.171685970114474534e-01
9.993450679053862418e-01,3.183804592233267783e-02,1.719808376016428164e-02,1.301269631512430802e+00,-3.155083272781591258e-02,9.993622697040592806e-01,-1.672120946975609937e-02,-7.009899469431015717e-01,-1.771948665609372406e-02,1.616764434905789555e-02,9.997122721407621926e-01,-1.175652100741204492e-01
9.995365953035461049e-01,2.573697125623023926e-02,1.625432125762963850e-02,1.297730106929009919e+00,-2.546085687659862401e-02,9.995317453931311658e-01,-1.697158562036184259e-02,-7.056708204333435042e-01,-1.668350730810351165e-02,1.654987196071254843e-02,9.997238430296553346e-01,-1.201822784374222408e-01
9.996834441172713914e-01,1.692940735470554320e-02,1.861200484751493814e-02,1.293768317724003136e+00,-1.660338446427209527e-02,9.997084013744597097e-01,-1.753396263406248670e-02,-7.080979691590368885e-01,-1.890341720845747225e-02,1.721938988290916059e-02,9.996730232580560704e-01,-1.157229318255427325e-01
9.997720983646820603e-01,1.225611063975864425e-02,1.747967629739465706e-02,1.298695627538878128e+00,-1.188583413517554747e-02,9.997060372023439667e-01,-2.113211130236873972e-02,-7.030382560040586704e-01,-1.773353541702206437e-02,2.091953472643804171e-02,9.996238766598370962e-01,-1.160225682519395035e-01
9.997772495498201684e-01,1.022068147484320004e-02,1.846588618998777978e-02,1.300615194440215117e+00,-9.782863447958131675e-03,9.996725201462356436e-01,-2.364631149316245851e-02,-7.024065947716515712e-01,-1.870152040210557726e-02,2.346039502359031220e-02,9.995498301735563640e-01,-1.164865661840144007e-01
9.998148255275443042e-01,1.119138683882668281e-02,1.565463241169671310e-02,1.298293810439280938e+00,-1.083417996866047235e-02,9.996831694984229522e-01,-2.271962072731315355e-02,-7.037893722149963782e-01,-1.590393661104887515e-02,2.254580852863925788e-02,9.996193031940011631e-01,-1.159207187146686496e-01
9.998353609991453839e-01,1.408356129168078161e-02,1.144133720540136540e-02,1.289700177135544967e+00,-1.385361763014785093e-02,9.997053085339807632e-01,-1.993422603300559065e-02,-7.065577006097731871e-01,-1.171871043510550568e-02,1.977244017112771146e-02,9.997358263238425025e-01,-1.167801358263410583e-01
9.999337156495408108e-01,1.041731980708730451e-02,4.903443212254483471e-03,1.279293297412765762e+00,-1.031711140958963338e-02,9.997460212340431029e-01,-2.003622316858858290e-02,-7.027178768624805505e-01,-5.110921586272207905e-03,1.998430571063899291e-02,9.997872303674425476e-01,-1.160090996914119321e-01
9.999889305608563594e-01,-3.573711316935450030e-04,4.691592653310203316e-03,1.269814393806978581e+00,3.943207020289449380e-04,9.999688971238456237e-01,-7.877137557691470462e-03,-6.959446409282836754e-01,-4.688631669721792308e-03,7.878900354305535744e-03,9.999579689478310662e-01,-1.201071228162565868e-01
9.999932851824289148e-01,-3.565631310521668804e-03,-8.460871151317455327e-04,1.273246171713593888e+00,3.570532984161589422e-03,9.999764301479621142e-01,5.864336513719924614e-03,-6.897234606459110573e-01,8.251571110945382734e-04,-5.867318117721939674e-03,9.999824466928639577e-01,-1.168604852843577457e-01
9.999693921079841896e-01,-5.836493094273448312e-03,-5.210584952257493220e-03,1.275578465053279764e+00,5.848510640499207831e-03,9.999802657704727205e-01,2.294121379048175320e-03,-6.945622974773821845e-01,5.197092501791507162e-03,-2.324525322365056986e-03,9.999837932744473079e-01,-1.128810836705768650e-01
9.999615149791706292e-01,-5.674196561267122463e-03,-6.691192266064249078e-03,1.272079418794693106e+00,5.677630504835749076e-03,9.999837599480033701e-01,4.943198393353991516e-04,-6.987133099195735886e-01,6.688278732821082220e-03,-5.322909327494292769e-04,9.999774915436616674e-01,-1.205779706006478852e-01
