9.999427715057633836e-01,3.508667883834248012e-03,1.010658018587490790e-02,1.162246006055976666e-02,-3.229938322274538559e-03,9.996175602054601095e-01,-2.746453763160230585e-02,1.549268936138894007e-02,-1.019907896855747932e-02,2.743032224681924910e-02,9.995716863785352180e-01,4.390734262842036634e-03
9.988973642682726917e-01,-1.290893144384401038e-02,4.513773528740600699e-02,1.406715475797235548e-01,1.481924661520114296e-02,9.989973019873392701e-01,-4.224666320284570925e-02,-8.638082886371866581e-03,-4.454711649092062131e-02,4.286898775332773776e-02,9.980870725048739400e-01,3.350907474033278100e-03
9.992831012925398326e-01,-3.755235843567268639e-02,4.806646136585490670e-03,2.643980994759176362e-01,3.753135996533923935e-02,9.992858216795154069e-01,4.386753862220622337e-03,-2.670318611807715251e-02,-4.967946287523694951e-03,-4.203209037668654939e-03,9.999788260475668267e-01,7.933754520196158178e-03
9.941857391675842370e-01,-1.009614847823187000e-01,-3.743654132466830986e-02,4.982340129870913015e-01,1.011608119909332970e-01,9.948640560611913264e-01,3.464112412964814782e-03,-4.544682152267836422e-02,3.689452741449612133e-02,-7.231082078378604609e-03,9.992930027268461801e-01,3.938303665180561269e-02
9.916831911362380403e-01,-1.286215469235032771e-01,4.576689289478955668e-03,6.630429225635299240e-01,1.286887935209098111e-01,9.914743534152123949e-01,-2.044017959850446056e-02,-4.734347468131689524e-02,-1.908622534714617212e-03,2.085915115462585318e-02,9.997806024189148655e-01,2.482866707107819065e-02
9.988027254717292136e-01,-4.867909302930726462e-02,4.843706441295577911e-03,9.395733684402607366e-01,4.880154563685283609e-02,9.983697355223069003e-01,-2.960203264258849318e-02,-3.649237732519974853e-02,-3.394809817878823629e-03,2.980297124386688604e-02,9.995500278482001288e-01,2.772824104901639927e-02
9.995689470195031623e-01,-1.062602734022247836e-02,2.736800499281033874e-02,1.131434695282423020e+00,1.232214475556413745e-02,9.979644636128679469e-01,-6.257071291350027598e-02,-4.623364174991095865e-02,-2.664741831668821642e-02,6.288097414039951760e-02,9.976652235034605409e-01,8.863467074721859129e-02
9.987641625975810511e-01,-4.027759577086723053e-02,-2.911808355079885738e-02,1.467902408156503746e+00,3.938171872042223187e-02,9.987521365342217905e-01,-3.071237533882337570e-02,-5.850244440268743962e-02,3.031876879720259849e-02,2.952769966058722134e-02,9.991040422355300654e-01,8.532000397782515955e-02
9.946065195060846964e-01,-9.929311149290946659e-02,-2.997914885464533774e-02,1.680484192460013126e+00,9.940636930103305402e-02,9.950442442960280021e-01,2.307733895619126785e-03,-7.133672324666150144e-02,2.960143743771501135e-02,-5.275405520243471938e-03,9.995478602839475979e-01,1.070202545427881291e-01
9.952557501048006072e-01,-9.487204130033297100e-02,2.157052764395701525e-02,1.995156248203597382e+00,9.434362691830840142e-02,9.952425269799946017e-01,2.432267564174609917e-02,-1.010166511906069597e-01,-2.377544832868196123e-02,-2.217224097790923554e-02,9.994714201950887222e-01,8.976649933609939791e-02
9.975198227202014545e-01,-6.627350332477038863e-02,2.370708833491825054e-02,2.212363059703236434e+00,6.625310923770326432e-02,9.978014921552167404e-01,1.645530054243358152e-03,-1.225629697732109058e-01,-2.376402315675788662e-02,-7.078053482837936140e-05,9.997175932199656723e-01,1.574483027980947969e-01
9.961754844183106083e-01,-8.442728580879710343e-02,2.250416972261288368e-02,2.523909777523453801e+00,8.522741143748500947e-02,9.956613121509119146e-01,-3.734755447937084666e-02,-1.602113489158505932e-01,-1.925337849859412240e-02,3.912269030733461772e-02,9.990489089726819483e-01,1.610009610758313392e-01
9.885012882200542306e-01,-1.511996349576220089e-01,-1.968140232607119497e-03,2.739719902999468548e+00,1.511086733890774081e-01,9.882213629287864842e-01,-2.418070879366703355e-02,-1.532760212629191432e-01,5.601072565720980820e-03,2.360525873302092223e-02,9.997056665570424050e-01,1.553139058015141627e-01
9.802950677763637710e-01,-1.975211215614225690e-01,2.643223496471094371e-03,3.066351050897835329e+00,1.975087260090132857e-01,9.798245373944457492e-01,-3.056434311507988735e-02,-1.757736960401017901e-01,3.447208092218780572e-03,3.048413451088237067e-02,9.995293063735005701e-01,2.094294583748901595e-01
9.902277293405628011e-01,-1.392765065952137338e-01,7.148339364258522732e-03,3.366911587520184934e+00,1.391021306668639990e-01,9.900583908419136048e-01,2.085617336566028546e-02,-1.450012578618726233e-01,-9.982048335483030554e-03,-1.965801195831274120e-02,9.997569310971916590e-01,1.729693244359967463e-01
9.938209709726345542e-01,-9.977713304533536443e-02,-4.862511055271052235e-02,3.554417746708898207e+00,9.928938414960442049e-02,9.949819438130246274e-01,-1.235110040629777695e-02,-1.283071066267834903e-01,4.961346440435459443e-02,7.446825317382294723e-03,9.987407315927843143e-01,2.391182535078996696e-01
9.892653966888872441e-01,-1.458914514057060574e-01,-8.346215951851520057e-03,3.897126015083106854e+00,1.453708172698051637e-01,9.883338348066399437e-01,-4.542638509400859920e-02,-1.931152638116356846e-01,1.487616887129718929e-02,4.372545463613564110e-02,9.989328226745658457e-01,2.144581245766603583e-01
9.771018466200790398e-01,-2.127596821713710340e-01,-2.301950036044028095e-03,4.128762848906106342e+00,2.123389067717433298e-01,9.757453309680635956e-01,-5.322816702652564264e-02,-2.098917733208294223e-01,1.357092489891995046e-02,5.152054673972346344e-02,9.985797230371882272e-01,2.448598005643230213e-01
9.794312189526346302e-01,-1.991825403380078074e-01,3.226147804199468172e-02,4.423886932028804786e+00,2.007795093589697100e-01,9.779342695935477892e-01,-5.772480382040846153e-02,-1.690677572638387693e-01,-2.005183189954428888e-02,6.301491870209124935e-02,9.978111264455017393e-01,2.712488423705872731e-01
9.898839442690193779e-01,-1.386446931721185272e-01,3.012351130956554546e-02,4.613601445447877758e+00,1.400923971822131131e-01,9.887235632620547943e-01,-5.291347372952747569e-02,-1.448900934849394195e-01,-2.244765311005720090e-02,5.659827299126236888e-02,9.981446480166372703e-01,2.765203019272466922e-01
9.981345087940837191e-01,-5.610950925648942184e-02,2.406710047739033659e-02,5.008654041196240136e+00,5.780903884921324148e-02,9.953568269802836044e-01,-7.696039248256701659e-02,-1.746569809736343293e-01,-1.963714291140729665e-02,7.820811949367233173e-02,9.967436343732224424e-01,2.691111868919362493e-01
9.966561542749661218e-01,-8.167337990952225346e-02,-2.443186441785177420e-03,5.222833661563402785e+00,8.148642668812551559e-02,9.956957338971526017e-01,-4.415843933621679124e-02,-1.815232691322930803e-01,6.039239309319271651e-03,4.381169379474427611e-02,9.990215528582955251e-01,2.559266080391483511e-01
9.980960447255946555e-01,-6.167755226064679935e-02,-4.062637792607337638e-04,5.509093894661670987e+00,6.164605144233090833e-02,9.977579113792021115e-01,-2.605599013241782780e-02,-2.047922764581865396e-01,2.012422592959287829e-03,2.598133613473990397e-02,9.996604025007496119e-01,3.240862905481278200e-01
9.995073857249869853e-01,-5.004213832704594925e-03,-3.098295862434748485e-02,5.696241424736656178e+00,3.868594930990214113e-03,9.993223217751251441e-01,-3.660507034868513976e-02,-1.807603721920585660e-01,3.114514174733158322e-02,3.646717765181230198e-02,9.988494006103471046e-01,2.834770109636147173e-01
9.887291710549855894e-01,1.382109504624494667e-01,-5.755310136897046069e-02,5.956802351084960812e+00,-1.426728458581337233e-01,9.863334723253907033e-01,-8.240594896776469447e-02,-2.179562263786567755e-01,4.537714578575698793e-02,8.968843037317014710e-02,9.949356261073050156e-01,4.051996604087177434e-01
9.779049505219141736e-01,2.018881579246203650e-01,-5.425015607844694415e-02,6.129923229669599571e+00,-2.053768079611571762e-01,9.762424508217262265e-01,-6.907274401147195375e-02,-3.385548355105344465e-01,3.901633627620930411e-02,7.868830220173736456e-02,9.961354710079295405e-01,3.642500755486843822e-01
9.610185466023466461e-01,2.704434970877415134e-01,-5.747754317353405418e-02,6.403694371570693100e+00,-2.743980188024859324e-01,9.584189435387763245e-01,-7.835085157983433246e-02,-4.005670350687621228e-01,3.389808790452993048e-02,9.106834548276071528e-02,9.952675399546843105e-01,4.045299663909173171e-01
9.148019616091531692e-01,4.019277803920252579e-01,-3.989273599522447089e-02,6.590598290706878970e+00,-4.037228617161818245e-01,9.128705789305324725e-01,-6.062307358366174348e-02,-4.528948083341604036e-01,1.205080759705986007e-02,7.156371617078997882e-02,9.973632300040368159e-01,4.451411940878738926e-01
7.963579964129184896e-01,6.019748014394544766e-01,-5.865389996522565180e-02,6.783080838517627775e+00,-6.046453824222813855e-01,7.947352327252843462e-01,-5.291381086729803063e-02,-5.772773145611823642e-01,1.476154004886257899e-02,7.760314617988570141e-02,9.968750416367986311e-01,4.283869986108611028e-01
6.527424819114958643e-01,7.534702347520056964e-01,-7.880265002382198791e-02,6.860528640946012224e+00,-7.575516707500510316e-01,6.500748115485633916e-01,-5.931446310896729135e-02,-6.899280365093799494e-01,6.535935420860713996e-03,9.841414904807310737e-02,9.951240811151732535e-01,4.568402842276129139e-01
4.562049933353791165e-01,8.860896433588586474e-01,-8.198870646641695514e-02,6.940773485869438097e+00,-8.898111744562239300e-01,4.531311025783043567e-01,-5.392844971816417726e-02,-9.053941880878870752e-01,-1.063380781756776729e-02,9.755689523729153823e-02,9.951731378624320001e-01,4.134186875479786138e-01
4.014691864620448247e-01,9.090042433825441526e-01,-1.119543560297285301e-01,6.976916008736139041e+00,-9.155145945769737059e-01,4.017199234543942232e-01,-2.131033121174618489e-02,-1.089696369539302045e+00,2.560311383528382154e-02,1.110512882064996071e-01,9.934848222039500687e-01,4.330469828880509908e-01
3.271547601408851258e-01,9.358480579390759946e-01,-1.309892185212917781e-01,7.016581994441519754e+00,-9.447701941716154517e-01,3.210717470542430729e-01,-6.574354301726699490e-02,-1.353739312973594178e+00,-1.946902981884225323e-02,1.452630224633750522e-01,9.892015018097767287e-01,3.890299703671163956e-01
2.229363315173208404e-01,9.619331585250930905e-01,-1.580632487947034870e-01,7.046317749399181096e+00,-9.746597193627081213e-01,2.168899959860206561e-01,-5.474633405982484019e-02,-1.537632175792470690e+00,-1.837997664321657301e-02,1.662628285911228465e-01,9.859101623816814985e-01,3.737012651651535622e-01
8.538777197929117713e-02,9.871774405722698598e-01,-1.348689334932031136e-01,7.065075394360561312e+00,-9.951907425331876222e-01,7.798191731857874454e-02,-5.928074348015310857e-02,-1.804565416597496474e+00,-4.800327460344698538e-02,1.392821646748061970e-01,9.890885522696367671e-01,3.905325339239340554e-01
8.882795325441526779e-02,9.954945644784463088e-01,-3.316876263141063652e-02,7.101712282342463212e+00,-9.945703729925194914e-01,8.683449879175084152e-02,-5.735453761564829334e-02,-2.085359664753387410e+00,-5.421593756591140678e-02,3.808335480827384351e-02,9.978027311048993653e-01,3.976752811535477772e-01
1.060882249645547920e-01,9.933723658077856511e-01,-4.423382612109799661e-02,7.056736304693687956e+00,-9.943383726033199199e-01,1.062514901269812212e-01,1.349671951237524934e-03,-2.267640162271199689e+00,6.040636758649704091e-03,4.384020637767958861e-02,9.990202935938349293e-01,3.681388239177995070e-01
8.749762388682008618e-02,9.947924138755890322e-01,-5.227063333974237697e-02,7.032128108435562908e+00,-9.955053342148915130e-01,8.541037830080586146e-02,-4.091695037767380944e-02,-2.537534488359689977e+00,-3.623941726706374211e-02,5.561583024724570112e-02,9.977943596062531784e-01,3.585943317223099225e-01
5.238017332415420557e-02,9.973980393191577143e-01,-4.953250049038276925e-02,7.017844137570290464e+00,-9.985502608236823674e-01,5.169590805680657208e-02,-1.499698966915212310e-02,-2.719205436847669244e+00,-1.239734050052743002e-02,5.024623620213165137e-02,9.986599129313408207e-01,3.998532240240101343e-01
6.575965603901648415e-02,9.936960747928691440e-01,-9.079525636768151498e-02,7.065573646816883269e+00,-9.975070289398565437e-01,6.313078674759373121e-02,-3.153142845175892911e-02,-3.000089593045372371e+00,-2.560068071768384704e-02,9.264240231056519725e-02,9.953702780578281839e-01,3.775090057809957211e-01
1.079017243059563480e-01,9.908724328262775716e-01,-8.080247370429638476e-02,7.075385159437129090e+00,-9.941507402382597780e-01,1.079228529549646209e-01,-4.118676216901782927e-03,-3.200392093474046629e+00,4.639350764921011498e-03,8.077425131187047913e-02,9.967216245017894716e-01,3.857914006952007369e-01
1.719776673901652619e-01,9.813806860576751445e-01,-8.553146176701623138e-02,7.063031725500568569e+00,-9.843338535244637866e-01,1.746203708090775242e-01,2.438423474661737672e-02,-3.506502834207627206e+00,3.886575259422565820e-02,7.999796954589002973e-02,9.960370365321856712e-01,3.698885271321281643e-01
1.166786871088858757e-01,9.902378255046720978e-01,-7.625701878727772498e-02,7.048691616228814460e+00,-9.926621494690848202e-01,1.138203631778616082e-01,-4.082624079528146543e-02,-3.812942834574776452e+00,-3.174808633542069991e-02,8.046100835706823662e-02,9.962520188929112619e-01,3.749247269733413379e-01
1.917319422522743844e-02,9.957520399073345185e-01,-9.005700219073295432e-02,7.085466570179002943e+00,-9.998104792563811127e-01,1.879104680862922136e-02,-5.089413419989580536e-03,-4.017385124338092695e+00,-3.375528451275469719e-03,9.013751483270369957e-02,9.959236086304299462e-01,3.918793280724120476e-01
4.316350910795564016e-02,9.915007564947095897e-01,-1.227320714072083208e-01,7.112055542312305079e+00,-9.989728496692145132e-01,4.113689086985216486e-02,-1.900004824543221477e-02,-4.297880811770068199e+00,-1.378974638107277259e-02,1.234261158749578868e-01,9.922579487284373112e-01,3.935553423488761804e-01
1.174495452693960912e-01,9.884556422885160121e-01,-9.571336136615123114e-02,7.110228373381048961e+00,-9.928395057706329574e-01,1.189905069219805572e-01,1.053446930666647810e-02,-4.513426867840858669e+00,2.180183701285478073e-02,9.379073776469332158e-02,9.953531922952869593e-01,3.854024566068897095e-01
1.425940267367226122e-01,9.868748226611867569e-01,-7.579596253400473771e-02,7.093792221357777095e+00,-9.893197671600333365e-01,1.397708027161451427e-01,-4.135844550390386370e-02,-4.830755948266185484e+00,-3.022154604618679241e-02,8.088391128978524025e-02,9.962652513507852525e-01,3.672962805501260308e-01
1.278524939957512985e-01,9.894153505717376840e-01,-6.863675277917900830e-02,7.085254328622274222e+00,-9.911296715971525950e-01,1.249296174166829032e-01,-4.532730713200863737e-02,-5.027643059896958810e+00,-3.627277021106289218e-02,7.382313150446143113e-02,9.966114746460074114e-01,3.855975265273375863e-01
5.205634435553038730e-02,9.912471197414236546e-01,-1.213230588827559908e-01,7.129400709770700395e+00,-9.986432427257391220e-01,5.183441416259159523e-02,-4.986708998875077556e-03,-5.310829528578440595e+00,1.345648749477737320e-03,1.214180427809276458e-01,9.926005481142405884e-01,4.084379981567018980e-01
4.985213021304134989e-02,9.925776005831783433e-01,-1.109255242663328284e-01,7.138751145337716153e+00,-9.981151933720181502e-01,4.553212933118871292e-02,-4.114469538719004588e-02,-5.513572140627656992e+00,-3.578862770711829094e-02,1.127676018150015336e-01,9.929766573831095844e-01,3.717110360327145480e-01
1.189848589448842392e-01,9.928598477490794272e-01,-8.480923861173711789e-03,7.147806484141062455e+00,-9.926794276515024107e-01,1.187761355353861431e-01,-2.190396185083893360e-02,-5.845584501334525562e+00,-2.074023286632551560e-02,1.102507845562210841e-02,9.997241071344117325e-01,4.033620595782486662e-01
1.147027037621757284e-01,9.932137572911364787e-01,-1.922815844713658684e-02,7.133364802123839610e+00,-9.921304083032440602e-01,1.135564450494668531e-01,-5.274643786800727041e-02,-6.145018827052738608e+00,-5.020500642050230306e-02,2.512699972836118095e-02,9.984228018304505126e-01,4.030296673531371110e-01
4.893584482869048347e-02,9.983475173672189396e-01,-3.012503373626370176e-02,7.169646838638612074e+00,-9.986162547456530758e-01,4.832295741605111689e-02,-2.074771178538288574e-02,-6.318018987942639164e+00,-1.925769582959301063e-02,3.109865516827405030e-02,9.993307834736495643e-01,3.749110030590767084e-01
3.865089275556448517e-02,9.978258685061021094e-01,-5.338206280427040817e-02,7.077215759075501822e+00,-9.989739276329484552e-01,3.732295615163618713e-02,-2.565324255725689659e-02,-6.622339286852610307e+00,-2.360509264536488419e-02,5.431880967164384039e-02,9.982445925308376378e-01,3.954027776969255559e-01
1.164183475758761716e-01,9.907689150262322109e-01,-6.945304432091684022e-02,7.057140247398158373e+00,-9.930615762603158814e-01,1.172857179233269820e-01,8.530306359342326381e-03,-6.817885850524198155e+00,1.659741254162640928e-02,6.797806549873673665e-02,9.975487499405586433e-01,3.741769619093505139e-01
2.386559754886380669e-01,9.685215860399725152e-01,-7.077614526223416358e-02,7.067111737054729836e+00,-9.702836414230862072e-01,2.408156068748498191e-01,2.361140978958002276e-02,-7.128286284820878116e+00,3.991216043163132304e-02,6.303793191493575754e-02,9.972127348713345496e-01,4.104749370288541810e-01
2.572037729078420210e-01,9.646004643196878225e-01,-5.824228220298328929e-02,7.108372112833954759e+00,-9.662986364415986351e-01,2.560571849486430462e-01,-2.648892688051479247e-02,-7.320785443554399308e+00,-1.063787634239444883e-02,6.309248980993799327e-02,9.979509874320009466e-01,3.972754921983630005e-01
1.789600692537991478e-01,9.833367242739151637e-01,-3.197155465284333420e-02,7.147474473336830059e+00,-9.838499502388193818e-01,1.789814905231254527e-01,-2.213925290203601435e-03,-7.608981914492668253e+00,3.545282463451529184e-03,3.185141667751523187e-02,9.994863271840633834e-01,3.703593769244742928e-01
1.990770997275167209e-01,9.755955900096743294e-01,-9.263667263969417587e-02,7.165927984121046812e+00,-9.799797471757742962e-01,1.979119442070538248e-01,-2.169233656126368440e-02,-7.801803387552186386e+00,-2.829043899180171996e-03,9.510051048158217613e-02,9.954636554976569185e-01,3.964365063360483221e-01
2.342030579524326528e-01,9.650266427585750817e-01,-1.177816047260401983e-01,7.237891008109076374e+00,-9.721627466866776812e-01,2.333400189976094219e-01,-2.126098513257341019e-02,-8.081073726257548273e+00,6.965744780115901841e-03,1.194822760927619215e-01,9.928118976419199049e-01,3.578222189282972976e-01
2.302452224708895490e-01,9.606724805935532574e-01,-1.552273254280890635e-01,7.258660682414952880e+00,-9.726757933997048911e-01,2.320776132911669676e-01,-6.463926308980885195e-03,-8.294898843829448865e+00,2.981507108129967040e-02,1.524741500691277063e-01,9.878576289613362205e-01,3.240254269252144104e-01
1.306194441101541093e-01,9.868846932289044860e-01,-9.485337680253544401e-02,7.309684194908077970e+00,-9.912447306898630739e-01,1.281333000496923114e-01,-3.187069654014519637e-02,-8.551385877624138487e+00,-1.929882638744688864e-02,9.818584260913069961e-02,9.949809523861253835e-01,3.668157645372637221e-01
-1.146489653704257277e-03,9.971841990035665848e-01,-7.498239005984945471e-02,7.355709604304487392e+00,-9.999922503552729491e-01,-8.608497009432121211e-04,3.841636003990278429e-03,-8.723333590533655979e+00,3.766270153443324400e-03,7.498621336889772782e-02,9.971774581355739020e-01,3.550656384532815402e-01
-8.818866784740146680e-02,9.874365699364173743e-01,-1.311174252931373019e-01,7.350662030257682389e+00,-9.960499675968458311e-01,-8.878493446023623392e-02,1.302867303761837169e-03,-8.971140604102020077e+00,-1.035475318973719944e-02,1.307144053465122135e-01,9.913659885840778729e-01,3.778458057085062327e-01
-1.260021811356497601e-01,9.832754491135033970e-01,-1.315022491050821252e-01,7.339882044574705944e+00,-9.919240220591645230e-01,-1.268141370895123909e-01,2.215648033795152624e-03,-9.136736355967899570e+00,-1.449775193008370246e-02,1.307194163270266052e-01,9.913133961488131973e-01,3.519547104214515998e-01
-2.186378178531726835e-01,9.708021798787703771e-01,-9.869464092355027807e-02,7.306400873404964358e+00,-9.758058941362933725e-01,-2.174542841089631973e-01,2.272644476209782424e-02,-9.395899952410962541e+00,6.013096285172493801e-04,1.012756726232113269e-01,9.948582193264754459e-01,3.794946210701809486e-01
-3.181859086549874149e-01,9.423904612978154516e-01,-1.032373284635396404e-01,7.245012757922322244e+00,-9.473064120011777112e-01,-3.203017797679482692e-01,-4.163130905593904682e-03,-9.535381038542311671e+00,-3.699039489992587276e-02,9.647273362133694519e-02,9.946480394354442200e-01,3.807799139960948431e-01
-5.077718075115621454e-01,8.547779941989164243e-01,-1.073423128580554137e-01,7.114121199757996727e+00,-8.603749491229732982e-01,-5.095037342678339076e-01,1.268430876204539905e-02,-9.750381967688968032e+00,-4.384904124470450498e-02,9.879537135113046487e-02,9.941412053534001148e-01,3.819827063422133739e-01
-5.892683458097880411e-01,8.029646894062644202e-01,-8.950153179301310880e-02,7.025546242225688687e+00,-8.065049621932021129e-01,-5.911967983996364584e-01,6.007621805573531808e-03,-9.856293213913076556e+00,-4.808911087071003621e-02,7.572353087857901233e-02,9.959685659130734781e-01,4.106529770801975454e-01
-6.615952127215661838e-01,7.470132594884092425e-01,-6.529138268107553822e-02,6.861661954706450572e+00,-7.495240028857771408e-01,-6.613969783023814220e-01,2.770931595255254204e-02,-1.001052589485802180e+01,-2.248429678653738120e-02,6.726980928306508511e-02,9.974814430138706500e-01,4.077896726398695382e-01
-6.919526155303374892e-01,7.218982849459563145e-01,-8.027705326585417994e-03,6.708863509264197056e+00,-7.218750562677361815e-01,-6.916923363293621119e-01,2.140362122816635154e-02,-1.011834312466384844e+01,9.898535203536633700e-03,2.060529192498010767e-02,9.997386863303376892e-01,4.020122210364878157e-01
-7.415930961237013896e-01,6.705037725533598003e-01,-2.154926387080211697e-02,6.488324301466969146e+00,-6.703504668061049943e-01,-7.418978609515797240e-01,-1.475857609340452611e-02,-1.024016249811081281e+01,-2.588303371897283933e-02,3.500700955635101252e-03,9.996588486370338034e-01,4.136454356287817546e-01
-7.985457156351334351e-01,5.981687009685383583e-01,-6.722310036276614442e-02,6.335992758011633086e+00,-5.985930340003019490e-01,-8.008960168813784586e-01,-1.587292631662940573e-02,-1.031344982743050664e+01,-6.333340103834417256e-02,2.756402229631852233e-02,9.976117005066463816e-01,3.832300703358456073e-01
-8.764117994994647942e-01,4.703014263257182526e-01,-1.035322466389275026e-01,6.097319274369689346e+00,-4.701450717578209981e-01,-8.821623147392582132e-01,-2.744561815125154056e-02,-1.038603253800676463e+01,-1.042399597080768403e-01,2.462151193299356652e-02,9.942473595389581531e-01,4.077381189228632685e-01
-8.725373623391929900e-01,4.773017078819880021e-01,-1.042191487928201266e-01,5.946716002762013176e+00,-4.764040324678776583e-01,-8.785309636264029276e-01,-3.496489379372407641e-02,-1.045639299014259826e+01,-1.082485527409366988e-01,1.914224654002332632e-02,9.939395480746764377e-01,3.630157561228196661e-01
-7.878244621239871570e-01,6.155981480562709995e-01,-1.927529477695482177e-02,5.655234198208815677e+00,-6.150099084643330105e-01,-7.879825486254884437e-01,-2.909150309574194335e-02,-1.056271166961153263e+01,-3.309727133376447888e-02,-1.106450050238312957e-02,9.993908882208654143e-01,3.484567826595444395e-01
-7.004743404284059505e-01,7.127266088715443759e-01,-3.683041416895837389e-02,5.493570187915822522e+00,-7.113701177890903171e-01,-7.014257261838009461e-01,-4.420979715244568314e-02,-1.066716770193177410e+01,-5.734329880747331826e-02,-4.767772435240049712e-03,9.983431346124843619e-01,4.030917597328760871e-01
-6.219702079145956741e-01,7.761736715121222430e-01,-1.034770125103421784e-01,5.224196890854399200e+00,-7.789713951875137932e-01,-6.267666306207719806e-01,-1.916132093306872203e-02,-1.082226980075976996e+01,-7.972845129745276260e-02,6.868786204035817744e-02,9.944472593667463833e-01,4.101993904662341595e-01
-5.985969376572256584e-01,7.960963694704181748e-01,-8.895097944041768789e-02,5.122065340648754628e+00,-7.986219759278586627e-01,-6.017314063088387011e-01,-1.105686332858514358e-02,-1.098461603111817020e+01,-6.232692670484842740e-02,6.441960243283932630e-02,9.959746327241080222e-01,4.354025756669285263e-01
-5.621449821879822561e-01,8.252158861031666515e-01,-5.487950732137977794e-02,4.952327732041853281e+00,-8.262463029934791203e-01,-5.632726393536033882e-01,-6.401604894885741873e-03,-1.119602382933063467e+01,-3.619483099115451685e-02,4.174535996478370009e-02,9.984724628806399549e-01,3.901875621942648698e-01
-5.452839876608365222e-01,8.367466785915091965e-01,-5.020327346670782481e-02,4.714913850809240081e+00,-8.382503876609618265e-01,-5.442124713001326164e-01,3.419171928473843658e-02,-1.141385912305421613e+01,1.288560026164734017e-03,6.072711048187938443e-02,9.981535741886511381e-01,3.207347426894400222e-01
-5.613119151927582484e-01,8.239256113452945174e-01,-7.794562740730995309e-02,4.606481272548307082e+00,-8.276039079003473242e-01,-5.587209958682960442e-01,5.387597241822809219e-02,-1.150113930394917361e+01,8.399349429194829164e-04,9.474933110698217920e-02,9.955008080177883967e-01,3.381887879414948173e-01
-7.047512614162505518e-01,7.062885485942671515e-01,-6.694882864401695277e-02,4.423138916027626877e+00,-7.094495047830177148e-01,-7.019548139649374185e-01,6.277610464641669719e-02,-1.164251220683266119e+01,-2.657008718861879944e-03,9.173835226366186535e-02,9.957796016331198485e-01,3.745516642025865095e-01
-8.190365089109338248e-01,5.705124382105578595e-01,-6.078449570435611599e-02,4.283088310055169323e+00,-5.734764401616655460e-01,-8.172703357690445092e-01,5.651522672213032950e-02,-1.184042718852896137e+01,-1.743472542058611963e-02,8.114651020835995932e-02,9.965496847776893485e-01,3.387459416967192327e-01
-8.497626841841173784e-01,5.233302321744219832e-01,-6.347321214865636607e-02,4.149720792114495183e+00,-5.264502858032683585e-01,-8.487056738172134018e-01,5.048540193089345179e-02,-1.196383009206434167e+01,-2.744953817205488325e-02,7.631610133342188462e-02,9.967057617629219157e-01,3.402714112946864100e-01
-8.900588781938635341e-01,4.500549823895100832e-01,-7.242724746017578652e-02,3.861684222403525713e+00,-4.542795346260011802e-01,-8.888924352484006697e-01,5.916369645440015812e-02,-1.205750895007212442e+01,-3.775311600733087525e-02,8.556138956645677196e-02,9.956173717082242858e-01,3.118399720909733608e-01
-9.265162887821836168e-01,3.576374524008715250e-01,-1.168889184717789020e-01,3.663115198443959830e+00,-3.638558785770787951e-01,-9.307457248683091988e-01,3.634962536621808016e-02,-1.209222527647839662e+01,-9.579387374038839109e-02,7.620924011940495568e-02,9.924795642602581847e-01,2.992671987241556364e-01
-9.785081098314328818e-01,1.899409440863201737e-01,-8.027650187765046630e-02,3.382216159358980345e+00,-1.929893590043137153e-01,-9.806781395523140876e-01,3.202333391939027329e-02,-1.214656685476279385e+01,-7.264286823370177948e-02,4.682760258443990908e-02,9.962580937342356835e-01,2.863816304827052628e-01
-9.844263195734687111e-01,1.425231842104134616e-01,-1.029172643124450504e-01,3.200144211125317550e+00,-1.491636327223200831e-01,-9.869927099003211746e-01,5.996333276843236054e-02,-1.217010172381907473e+01,-9.303242447724234532e-02,7.438099600127476285e-02,9.928808767569968774e-01,3.065669636634296702e-01
-9.901692236932582158e-01,1.187299455372866491e-01,-7.394665971767515333e-02,2.918234268832053058e+00,-1.241653336002837699e-01,-9.895103328550328703e-01,7.383949556334273856e-02,-1.217610645715451945e+01,-6.440402458401833785e-02,8.229520767232890999e-02,9.945248214155077982e-01,2.826576173077238741e-01
-9.905992433648956874e-01,1.180590897947107337e-01,-6.910275220090004999e-02,2.714223371650750227e+00,-1.225762300474622785e-01,-9.903121942100771014e-01,6.524435474560734416e-02,-1.217501358149167245e+01,-6.073060902251909560e-02,7.310136329552001377e-02,9.954737484294040595e-01,2.344556215900133744e-01
-9.926828569430936611e-01,5.897092843584553212e-02,-1.053716049546102179e-01,2.433817481163562668e+00,-6.402960625086448476e-02,-9.969199775375309214e-01,4.528540504317888488e-02,-1.212934941883960605e+01,-1.023765356644542324e-01,5.170094763135352212e-02,9.934012567735975852e-01,2.076504585790410196e-01
-9.956148712797918687e-01,-1.144441443208068197e-02,-9.284424303546874591e-02,2.256538152417692622e+00,5.828809441369322934e-03,-9.981492795091673198e-01,6.053132078373051062e-02,-1.213803439912720705e+01,-9.336515981359760907e-02,5.972471175010790612e-02,9.938389737474306873e-01,2.101394542913190555e-01
-9.922284125362956786e-01,-9.119854535617237523e-02,-8.464988293328945534e-02,1.894504540884106136e+00,8.765260658477525002e-02,-9.951473053278869774e-01,4.470862620945215832e-02,-1.214279956697691709e+01,-8.831646457255919180e-02,3.694138632428459190e-02,9.954072212224713834e-01,2.008480316063060156e-01
-9.942388475123656866e-01,-9.867280529592355187e-02,-4.186635394101708568e-02,1.701899759286968017e+00,9.760303376874089609e-02,-9.948625019248420465e-01,2.687471047245515096e-02,-1.210797312929282477e+01,-4.430306870206427577e-02,2.263359800988329340e-02,9.987617124943793945e-01,1.893897972978019484e-01
-9.877881493990362527e-01,-1.332705526612002200e-01,-8.070645389437255957e-02,1.429701466747615113e+00,1.351470558268644540e-01,-9.906578639589463942e-01,-1.822827138333815017e-02,-1.204689123242087412e+01,-7.752319142138471009e-02,-2.891291008654197844e-02,9.965712209481915052e-01,1.050660253381787285e-01
-9.636164296641008820e-01,-2.529583829407820450e-01,-8.634484918855664382e-02,1.257484666523525974e+00,2.550744783646682889e-01,-9.668165353690335584e-01,-1.424069605065785525e-02,-1.198566465959755334e+01,-7.987732449451667716e-02,-3.574693605051358636e-02,9.961635255291153568e-01,1.295363388203666088e-01
-9.051666490301406576e-01,-4.117491954890857841e-01,-1.055269515225175508e-01,9.959076286476250539e-01,4.095675269169725685e-01,-9.112852315175222762e-01,4.258717780233060857e-02,-1.188931859448326023e+01,-1.137003886477963160e-01,-4.671919535178327941e-03,9.935040990298908969e-01,1.277929517635814916e-01
-8.460442390231492915e-01,-5.231950091166942540e-01,-1.023529581942878713e-01,8.409330442345357426e-01,5.205641447733686533e-01,-8.521717595379713073e-01,5.306847861325948018e-02,-1.178550532286991803e+01,-1.149874636302163911e-01,-8.382999542962395884e-03,9.933315702858491747e-01,1.107522625296862850e-01
-7.701321268189864622e-01,-6.303499647971192443e-01,-9.775187528397714931e-02,6.262369515021039001e-01,6.302538311248887526e-01,-7.755640243666013234e-01,3.578480767977733346e-02,-1.160739786953049624e+01,-9.836979004584302244e-02,-3.404946385113362395e-02,9.945672518325673339e-01,8.562808947144023852e-02
-6.759730675600623684e-01,-7.298634069808610514e-01,-1.017831964703825171e-01,5.304387855670203988e-01,7.285523151077070159e-01,-6.826493191447137177e-01,5.658119141955043896e-02,-1.149271813437586154e+01,-1.107787709113889074e-01,-3.590702189748323780e-02,9.931962291983462698e-01,7.863923396674234179e-02
-4.809189085437963196e-01,-8.720760104959033310e-01,-9.055625501638241148e-02,4.610294500369587212e-01,8.735260445296231246e-01,-4.854495477507792534e-01,3.593029525333073237e-02,-1.126222839822914779e+01,-7.529444158417189503e-02,-6.182368887498831955e-02,9.952429746350459627e-01,1.129821883818147576e-01
-3.417630647919225328e-01,-9.370729965965514108e-01,-7.135969866522100247e-02,3.980447685656763879e-01,9.380373818286125154e-01,-3.447723556438869741e-01,3.489832482919018319e-02,-1.110540504406358941e+01,-5.730512923073548953e-02,-5.501110645427469137e-02,9.968399572301079870e-01,1.002016010954022845e-01
-2.236792069810190908e-01,-9.712821221073788536e-01,-8.110888754586914606e-02,3.381956988002620679e-01,9.745620262245507925e-01,-2.240770661920489792e-01,-4.280823268805768883e-03,-1.083469177274013084e+01,-1.401675445448703587e-02,-8.000317294551402558e-02,9.966960534251206871e-01,6.040149860165263535e-02
-2.169583213686240020e-01,-9.707811011168100412e-01,-1.025336067021041381e-01,3.179298097770882903e-01,9.760796881876270259e-01,-2.142236068179165787e-01,-3.710375438502300921e-02,-1.063737863150111451e+01,1.405450448968571277e-02,-1.081309391263911290e-01,9.940373086092857413e-01,1.134330251913387155e-01
-1.497690215820072779e-01,-9.833390999344966410e-01,-1.030216225575065203e-01,3.188938718652430948e-01,9.881255388498163539e-01,-1.524798241188863035e-01,1.891620229935633141e-02,-1.037306389175582133e+01,-3.430976023123898794e-02,-9.896523519239684707e-02,9.944992320641513617e-01,8.735088196622485535e-02
-8.538529946256027958e-02,-9.917020279811528116e-01,-9.610639070195423073e-02,3.089212350952673103e-01,9.956646050257970115e-01,-8.850087685251444014e-02,2.862846651771941420e-02,-1.017435582717325104e+01,-3.689640815186635142e-02,-9.324528135194706802e-02,9.949592818658890003e-01,6.719425755866564876e-02
-2.800053448088626537e-02,-9.984795821955357864e-01,-4.748151226963871763e-02,3.205056514802621104e-01,9.986673577998874674e-01,-3.000269078713942508e-02,4.199222559616818534e-02,-9.862246646164994246e+00,-4.335295299945461645e-02,-4.624243164192853167e-02,9.979890575462574409e-01,4.968797413697521870e-02
-5.838295923049528768e-02,-9.954788582098995642e-01,-7.492177873358285556e-02,3.453495977591451993e-01,9.977547930500529905e-01,-6.065378904736743598e-02,2.839878201332166063e-02,-9.665413735603145540e+00,-3.281467685553372815e-02,-7.309555890278852941e-02,9.967849498520502394e-01,3.394911620810839303e-02
-1.125592202691622912e-01,-9.877972300716806320e-01,-1.076431799749178325e-01,3.694894143248400598e-01,9.906231418721189730e-01,-1.199988209495257141e-01,6.531518780599269991e-02,-9.319269848025804492e+00,-7.743521627661917317e-02,-9.928199853668284725e-02,9.920417693054832675e-01,6.040597443943188788e-02
-1.379721899588544909e-01,-9.869588288211299520e-01,-8.292131818766709794e-02,3.548089045829343480e-01,9.850213453877181280e-01,-1.454786582183679455e-01,9.256840245758758690e-02,-9.125699733349856402e+00,-1.034244841830240930e-01,-6.890740319447311024e-02,9.922475224743411149e-01,3.662311598191868300e-02
-6.921540186558104712e-02,-9.920134349785361128e-01,-1.054446440871739110e-01,3.681276379258774933e-01,9.947314928612339680e-01,-7.664182692361017069e-02,6.808294555811414406e-02,-8.807672216658767539e+00,-7.562066684871260325e-02,-1.001767197900588630e-01,9.920917999648311003e-01,5.265217322657202159e-02
-9.373680973072633094e-02,-9.936786163621132983e-01,-6.177554440213931658e-02,3.550168594361038377e-01,9.931869532852432014e-01,-9.764448100121013441e-02,6.360213167793549172e-02,-8.521507057321958456e+00,-6.923211917512625546e-02,-5.539280381673493403e-02,9.960615196662503390e-01,4.968516142553983106e-02
-1.373102046698992662e-01,-9.885451718022003620e-01,-6.264464063324098886e-02,3.679554284203377379e-01,9.901388275199882738e-01,-1.387543558224270945e-01,1.929587981003110311e-02,-8.312251516223868819e+00,-2.776706557867482383e-02,-5.937736982100726840e-02,9.978493463555944132e-01,3.273656897758828177e-02
-1.636991748050998507e-01,-9.852520659287278271e-01,-4.980910309674906750e-02,3.371936746822975506e-01,9.855491794355267787e-01,-1.655593084429318462e-01,3.581801644221753456e-02,-8.004705452252229847e+00,-4.353613536002467338e-02,-4.322594095067424508e-02,9.981162872866269353e-01,1.181417819764702393e-01
-1.223441778218691822e-01,-9.911474323033437894e-01,-5.156228846336092381e-02,3.236169241715623479e-01,9.896825371405563176e-01,-1.257369472429219481e-01,6.869276364406232127e-02,-7.789885654234558032e+00,-7.456794104787503596e-02,-4.262613677684765068e-02,9.963044889145887817e-01,7.258256461095091705e-02
-6.325662411033521060e-02,-9.951151248899260393e-01,-7.579239883702078295e-02,3.357174276899514975e-01,9.957822926217599901e-01,-6.799094777587288974e-02,6.160240840654748751e-02,-7.512369426779642367e+00,-6.645468536613798050e-02,-7.157596828436724179e-02,9.952188983118441801e-01,6.760498886299848298e-02
-7.602555203047625665e-02,-9.944317371742266154e-01,-7.297695210894016016e-02,2.920639956904097501e-01,9.937583188291871927e-01,-8.155932371355884003e-02,7.610834693495521774e-02,-7.294884067650738935e+00,-8.163650651666844171e-02,-6.673527415120168726e-02,9.944254039332039996e-01,7.333883164759129325e-02
-1.114959143443891854e-01,-9.879047265317580928e-01,-1.077632236930592818e-01,3.002859072470762114e-01,9.931916670799515456e-01,-1.144571432960838631e-01,2.167659547630459288e-02,-6.981480555143514621e+00,-3.374868186244287666e-02,-1.046126839571154543e-01,9.939402461052848636e-01,6.463798423619890321e-02
-1.224412744298726680e-01,-9.861917362650303165e-01,-1.115078187328249898e-01,2.705819784161901942e-01,9.913344749591285199e-01,-1.269126831460091476e-01,3.389881434780258468e-02,-6.769108847216080527e+00,-4.758248704612722674e-02,-1.063909309069363124e-01,9.931852177450379848e-01,7.179257587827761466e-02
-6.946868751791199226e-02,-9.943845884037734173e-01,-7.983352553655616302e-02,2.372334769385677500e-01,9.954857075252958598e-01,-7.428815336390860724e-02,5.907179007477681570e-02,-6.453826493620085536e+00,-6.467076284842249168e-02,-7.536949392716919827e-02,9.950563460517014569e-01,2.286963940773267812e-03
-3.162354207850606724e-02,-9.994177995318588303e-01,-1.280677810010243459e-02,2.800366609965183051e-01,9.972882770541826591e-01,-3.240288388356882959e-02,6.607681564909850813e-02,-6.180661931770966788e+00,-6.645332223979481812e-02,-1.068246670597357457e-02,9.977323493143678279e-01,3.708861878238410570e-02
-1.988059164627381872e-02,-9.997484809899902514e-01,-1.037963554275105928e-02,2.829582383477265428e-01,9.978454663170054362e-01,-2.048983812061299509e-02,6.232649424110343894e-02,-5.982082058892929766e+00,-6.252349499499670893e-02,-9.118184687605916314e-03,9.980018393177495506e-01,4.866363323405117902e-02
-5.948428604144398446e-02,-9.977074635254965518e-01,-3.227130210665090509e-02,3.271591628531628770e-01,9.979696248587180962e-01,-6.017499749428391331e-02,2.087097352567673578e-02,-5.673167911064777691e+00,-2.276505158101593818e-02,-3.096428429791214451e-02,9.992612098567769108e-01,3.706782694867877259e-02
-6.341848690569765190e-02,-9.978677656192422862e-01,-1.542782734709645907e-02,3.407257480711731734e-01,9.967790081374321431e-01,-6.409454369713674105e-02,4.820268047328888500e-02,-5.479603658626334806e+00,-4.908874061478965545e-02,-1.232119338033968794e-02,9.987184206464483349e-01,4.229833769374777286e-02
3.702795829092608154e-02,-9.983243964896049150e-01,-4.446717529223925824e-02,3.498632167298417195e-01,9.987566226606269248e-01,3.548434562011456433e-02,3.501528105624206882e-02,-5.171304337853576349e+00,-3.337872071156692405e-02,-4.570843018063071306e-02,9.983970154272696629e-01,4.851358315948123279e-02
5.473366125474726784e-02,-9.975253908583843199e-01,-4.412845928057575196e-02,3.404164986445774588e-01,9.975754856891739797e-01,5.272711056356772785e-02,4.542028361452045415e-02,-4.998637380141260245e+00,-4.298112001398657345e-02,-4.650748761698716982e-02,9.979928240813644713e-01,7.347952999597681667e-02
1.268010591473598403e-01,-9.910001098063443425e-01,-4.289841212586354563e-02,4.018279041302615373e-01,9.918831788888329282e-01,1.262647815678318297e-01,1.499881238660847466e-02,-4.729690157259498484e+00,-9.447266085414929640e-03,-4.445207868525946626e-02,9.989668472297111856e-01,4.317363957037382433e-02
1.967278733276287550e-01,-9.795469077897929200e-01,-4.226108488245824274e-02,4.698149559743585169e-01,9.804439244624106875e-01,1.967742140426377018e-01,3.101559711889044068e-03,-4.540035252352304873e+00,5.277768537228463494e-03,-4.204478716031519181e-02,9.991017871227683145e-01,3.885389703801080813e-02
3.810986243978827237e-01,-9.234045457438906368e-01,-4.569336255474589631e-02,6.674557895429804599e-01,9.242770446553086883e-01,3.793609112171020814e-01,4.239391187158728092e-02,-4.349383682404414309e+00,-2.181245527874790813e-02,-5.838958759957130207e-02,9.980555459766069504e-01,4.421194938736550117e-02
5.777448711801543846e-01,-8.162174021878174646e-01,-1.272430602285361625e-04,8.087897086955351256e-01,8.156775152041906285e-01,5.773570385878338262e-01,3.645601710831497533e-02,-4.269982742616729610e+00,-2.968257090182918265e-02,-2.116606621117934212e-02,9.993352503668627707e-01,6.228940737156459656e-02
8.496378688986780947e-01,-5.260590137036323943e-01,3.711341852313063822e-02,9.676750557819581156e-01,5.251666942039318053e-01,8.504171581089877696e-01,3.147380645464918636e-02,-4.183899018737663233e+00,-4.811896748918203376e-02,-7.250606525858326219e-03,9.988152950735089686e-01,6.756012780482283098e-02
9.595083672137264541e-01,-2.803278801324536884e-01,2.756760539640942462e-02,1.041724143877036601e+00,2.799669975693463986e-01,9.598719497999446126e-01,1.625792911954035413e-02,-4.197194251282216904e+00,-3.101892194859139432e-02,-7.881599310757617105e-03,9.994877222224645141e-01,7.270106412558607900e-02
9.943576371105984357e-01,1.059496017330228829e-01,-5.250848735203639088e-03,1.202410980048796540e+00,-1.058729573038123400e-01,9.942921445128377611e-01,1.319273556943395716e-02,-4.264060110328443898e+00,6.618642728788907796e-03,-1.256237448389647786e-02,9.998991850760523548e-01,4.356958032779738310e-02
9.465422195107252579e-01,3.225600701145496796e-01,-3.581599001224481868e-03,1.303896244030855245e+00,-3.225461085661258109e-01,9.465454013622940366e-01,3.976305916327302521e-03,-4.332423011253886180e+00,4.672743579300429710e-03,-2.608510607204923143e-03,9.999856804674018829e-01,1.582021918503924776e-02
7.963953984663776353e-01,6.039904101937613179e-01,-3.082131884832785967e-02,1.437668823124400364e+00,-6.047761396541297962e-01,7.953235508305483981e-01,-4.130702602868134565e-02,-4.496529680883921465e+00,-4.361268472147990260e-04,5.153672368571349943e-02,9.986710048384873639e-01,6.592072122247014110e-02
6.651766243275977208e-01,7.450218057757470591e-01,-4.982536870697086562e-02,1.518783104091512515e+00,-7.466130410492329839e-01,6.626960343706366219e-01,-5.833466349132208212e-02,-4.580543719842512296e+00,-1.044152208046072138e-02,7.600312459415485555e-02,9.970529071561684553e-01,4.955044406735803486e-02
5.415011212576236188e-01,8.398595261927681577e-01,-3.758339979291584060e-02,1.652371757588429579e+00,-8.406999557182377458e-01,5.409412716057026005e-01,-2.461960862719206333e-02,-4.770272929199675715e+00,-3.466007614393135333e-04,4.492790821819361152e-02,9.989901715888139799e-01,4.165694669383339377e-02
4.713902354207011869e-01,8.817756573512857132e-01,-1.621530304134477865e-02,1.746745185420994106e+00,-8.819017383682166145e-01,4.714310482513736078e-01,-1.445893400712102784e-03,-4.944101071334700670e+00,6.369443706622265715e-03,1.498188397088436562e-02,9.998674778887196579e-01,4.583315082260623619e-02
4.162551624875672207e-01,9.092458174715415398e-01,1.919143808079072297e-03,1.823427897392785768e+00,-9.087597106544652581e-01,4.160999208125729654e-01,-3.188485833402350533e-02,-5.184869984611481186e+00,-2.978972966745295839e-02,1.152819631498783887e-02,9.994897061481230471e-01,4.756000199918850729e-02
3.382271831130404527e-01,9.410608303844940625e-01,2.624141662178084040e-03,1.861041533685470650e+00,-9.409583417503852854e-01,3.382295988226877714e-01,-1.407613478929905376e-02,-5.369384905307657441e+00,-1.413406147507403898e-02,2.291723431942978197e-03,9.998974829000863984e-01,8.669416781594026233e-02
2.363202494132516929e-01,9.716745535948900780e-01,1.140882740957434261e-03,1.929589597331565987e+00,-9.711001897355646673e-01,2.362206216068799824e-01,-3.412095284729099731e-02,-5.643284676820599088e+00,-3.342396165637313149e-02,6.955560640879915497e-03,9.994170595719098493e-01,5.652997170657294429e-02
2.218720550021366089e-01,9.750715354718060279e-01,2.879569721723650253e-03,1.972644824223886761e+00,-9.743927637722633595e-01,2.218261870863809937e-01,-3.676798377618045038e-02,-5.828699854728820462e+00,-3.649017836866191161e-02,5.351956219081245060e-03,9.993196803061822342e-01,7.098065805266788597e-02
2.488786589004332583e-01,9.679148435578497356e-01,3.464489521277396705e-02,2.007807551288194770e+00,-9.682313169543588227e-01,2.495366911097166018e-01,-1.611076220540640438e-02,-6.135592705508774003e+00,-2.423901839488195112e-02,-2.953464762606449259e-02,9.992698207075277894e-01,5.938992223842425033e-02
2.601043037683625769e-01,9.650614613960677435e-01,3.165638781131657753e-02,2.026088352503844003e+00,-9.637604602180018798e-01,2.614864820197889128e-01,-5.282608296378869805e-02,-6.330112236909075207e+00,-5.925813430709897522e-02,-1.676888335576790651e-02,9.981018375243281282e-01,3.351283226706405771e-02
2.323837786169056507e-01,9.715681817660013486e-01,4.531056847617505323e-02,2.073455046579542493e+00,-9.720300163550946726e-01,2.336177707521268077e-01,-2.409117044725061704e-02,-6.650571595989320350e+00,-3.399156866696554508e-02,-3.844483539711897324e-02,9.986824159315338401e-01,5.190661878177926097e-02
2.947880969921898298e-01,9.553059174618142579e-01,2.214908427370153310e-02,2.113754239997700957e+00,-9.547151289434451238e-01,2.954235334796939116e-01,-3.526979490825311175e-02,-6.862939360927748034e+00,-4.023680452299501636e-02,-1.074895012603735087e-02,9.991323534111803406e-01,6.922164874167993642e-02
4.448843475665115732e-01,8.955873449695727073e-01,1.106716165067912891e-03,2.210450743112044147e+00,-8.955648666687990866e-01,4.448813894964452897e-01,-6.642203565490559063e-03,-7.176834712126767712e+00,-6.441030881258498833e-03,1.963876284828028167e-03,9.999773278985489844e-01,1.784646964542091485e-02
6.060964140101089415e-01,7.953554404045866111e-01,7.540579746387633502e-03,2.349979289102903213e+00,-7.953477480712553005e-01,6.059370019158883958e-01,1.619596700307632947e-02,-7.449900732868323772e+00,8.312434184276362020e-03,-1.581370064243172932e-02,9.998404024192667494e-01,3.104348004112408854e-02
7.085327156587716280e-01,7.056307891795581266e-01,-8.159669297185829367e-03,2.463438334962696707e+00,-7.055667882960962034e-01,7.085789721727150381e-01,9.557585897483143744e-03,-7.596394793284757085e+00,1.252589696336187108e-02,-1.014670631512055608e-03,9.999210330564961557e-01,2.125929827309160774e-02
8.063609741127937269e-01,5.909059036638011353e-01,-2.474252297426243405e-02,2.676655839617430477e+00,-5.907333933000847859e-01,8.067353719727652361e-01,1.456357264302464427e-02,-7.784854452289258653e+00,2.856636952838641566e-02,2.872737932399522381e-03,9.995877699875770350e-01,3.071371416920940997e-02
9.304090053808848904e-01,3.628847408138351494e-01,-5.151453766294780690e-02,2.906263098964074310e+00,-3.627514631627244968e-01,9.318054796538203233e-01,1.224434810080220551e-02,-7.920940782309815908e+00,5.244481556316209214e-02,7.294722173380794976e-03,9.985971802228148508e-01,4.595700415474622547e-02
9.823483101715794197e-01,1.742790485675239087e-01,-6.796036148697279233e-02,3.094188686722166626e+00,-1.695027179881717083e-01,9.829912723956347742e-01,7.068936970033463940e-02,-8.001935567115694425e+00,7.912411830575917515e-02,-5.792211688471741310e-02,9.951805877718512550e-01,5.300857734237739149e-02
9.949598853186117919e-01,-8.608691410196717131e-02,-5.141857472912075150e-02,3.338742013488901428e+00,8.957553756007129164e-02,9.935233919509999234e-01,6.991060518262752488e-02,-8.046475764277834841e+00,4.506716851098877680e-02,-7.416409418699576594e-02,9.962272017244974132e-01,1.041317586801445982e-01
9.838595651161673450e-01,-1.735806438631995186e-01,-4.347546670781197303e-02,3.495630392763083183e+00,1.762812242743118929e-01,9.819316866406386790e-01,6.881201013934679089e-02,-8.031459681276096774e+00,3.074550532638204922e-02,-7.536526286761748017e-02,9.966818906025723956e-01,1.084080681601998913e-01
9.576986633249880976e-01,-2.816614195233538842e-01,-5.899249967257878119e-02,3.764201647379904703e+00,2.851076217147251457e-01,9.565137881531533548e-01,6.160371022166311744e-02,-7.962602956188461256e+00,3.907575086550312687e-02,-7.581700221580259247e-02,9.963557938152936000e-01,1.548632619823765433e-01
9.002389328067348373e-01,-4.327152340152555232e-01,-4.824303172596765277e-02,3.918124689511165215e+00,4.346462759704194379e-01,8.996551284040797958e-01,4.127062782756912157e-02,-7.890771093882487541e+00,2.554366152366450635e-02,-5.812208003296966824e-02,9.979826377089950906e-01,1.986284880135086583e-01
7.391551056799536834e-01,-6.703713627178227163e-01,-6.520709926921319788e-02,4.142938953253127110e+00,6.732711896671568219e-01,7.381052218608666893e-01,4.366447784972550539e-02,-7.738693859920068086e+00,1.885828495452350484e-02,-7.617688303920169823e-02,9.969159681633169567e-01,1.857554754118969920e-01
6.366292236468751309e-01,-7.662800968760190568e-01,-8.670665908945546230e-02,4.273402879576671864e+00,7.707430408358557639e-01,6.359831973697586127e-01,3.847775547552277631e-02,-7.631466854235740449e+00,2.565924008760615133e-02,-9.132461768338144548e-02,9.954905411921846081e-01,1.819561874155301573e-01
4.845839789097493577e-01,-8.710711619087877500e-01,-8.008369543714446981e-02,4.392102374354330152e+00,8.746813023583887015e-01,4.836165175048418030e-01,3.236793631232908613e-02,-7.463606085526372169e+00,1.053502200405999345e-02,-8.573269438996014569e-02,9.962624746641868256e-01,1.859057361279939369e-01
4.414764280790438034e-01,-8.897652979013804808e-01,-1.158286583753594945e-01,4.434058604159092809e+00,8.970145570552835457e-01,4.407537273513936205e-01,3.318186638457479298e-02,-7.315347947480370649e+00,2.152783968445585311e-02,-1.185490045353393557e-01,9.927148057937880132e-01,2.184080611837371788e-01
3.218996262811585907e-01,-9.380931477916087946e-01,-1.279135515357163744e-01,4.479183297998113211e+00,9.460313454757454110e-01,3.240476074388562444e-01,4.223918855830917536e-03,-7.110852700979862107e+00,3.748765099867289174e-02,-1.223699071650490994e-01,9.917763265187452548e-01,1.963495535249157875e-01
2.046627974810215078e-01,-9.749120042095709149e-01,-8.751984560840357641e-02,4.507230272174972185e+00,9.787252777484169997e-01,2.051443562584029379e-01,3.552997552239747434e-03,-6.944610041246090937e+00,1.449034242256489087e-02,-8.638505162006825111e-02,9.961564399395672620e-01,1.679326322723516951e-01
2.419436249642297615e-02,-9.944129038250069108e-01,-1.027502288547714193e-01,4.556678791767725833e+00,9.990204354152382171e-01,2.785896102695118934e-02,-3.438092368222973871e-02,-6.651170048460552486e+00,3.705134877620729766e-02,-1.018177538389796744e-01,9.941128419636507951e-01,1.672311119693157544e-01
-2.292065105290035446e-02,-9.948114812953168240e-01,-9.911992957184387332e-02,4.560890238645000316e+00,9.992437698254751366e-01,-1.968155448255532597e-02,-3.353393621572067079e-02,-6.466598904086926503e+00,3.140911046624832864e-02,-9.981359174063586526e-02,9.945102888776720107e-01,2.231181243558028604e-01
6.648322620467032873e-02,-9.960608939465880329e-01,-5.867432303606898852e-02,4.599192730833584264e+00,9.977301701555791880e-01,6.699495987500748984e-02,-6.795801105245794470e-03,-6.197188079624391222e+00,1.069991564146886148e-02,-5.808933552441873649e-02,9.982540462745917997e-01,1.919111440566923510e-01
2.197201813876650534e-01,-9.749486232804189800e-01,-3.461537020725966030e-02,4.631764731030438398e+00,9.755396046171611601e-01,2.198219681177122076e-01,8.843959777055451646e-04,-6.037871648706038208e+00,6.746978165184148307e-03,-3.396298421030693321e-02,9.994003171848440115e-01,1.817788398322282561e-01
3.148023427497652071e-01,-9.483792556476149382e-01,-3.842229114112829386e-02,4.700259006952139273e+00,9.486253031888819409e-01,3.130129479565889050e-01,4.618363954177443637e-02,-5.822576205096132718e+00,-3.177293107439506381e-02,-5.098707550742583722e-02,9.981937682545106716e-01,1.733499933824375339e-01
2.866640750039312624e-01,-9.514178315852962475e-01,-1.123735638113856905e-01,4.756253752671798729e+00,9.579991447472808730e-01,2.837167456722985981e-01,4.174262675725546462e-02,-5.668114216056747701e+00,-7.832417609897770680e-03,-1.196198895111148103e-01,9.927888674173027672e-01,1.751812668267480888e-01
1.947625915769954363e-01,-9.640603963464656756e-01,-1.807071805947571275e-01,4.824065343841295039e+00,9.808449124388675111e-01,1.908105953565595037e-01,3.917364474314999345e-02,-5.393973740062659061e+00,-3.284914762926054686e-03,-1.848752792992320315e-01,9.827565010922233446e-01,1.810076432793271406e-01
1.797726009532966684e-01,-9.710223535473543333e-01,-1.574719049794016945e-01,4.867659854453211921e+00,9.833352306321092584e-01,1.729792961167707921e-01,5.594628953415614614e-02,-5.211164480570321444e+00,-2.708571845419429497e-02,-1.649052819842394269e-01,9.859374279484049985e-01,1.676518946137968424e-01
1.393774073796297253e-01,-9.808912798883397954e-01,-1.357432700031403205e-01,4.885969588927093099e+00,9.901067677859317628e-01,1.358001981955245241e-01,3.531139411787571902e-02,-4.969655383129168769e+00,-1.620267560078984467e-02,-1.393219408746124710e-01,9.901145742257833060e-01,2.065889232798751307e-01
1.394614398418643139e-02,-9.944135085904445281e-01,-1.046292454374608688e-01,4.884044686673293612e+00,9.997553507919915150e-01,1.207090358098593212e-02,1.853461220304781706e-02,-4.819671385408112130e+00,-1.716809921776935380e-02,-1.048621343459051197e-01,9.943385686724959260e-01,2.051533638743412991e-01
-2.303255580595385543e-01,-9.678840843979426012e-01,-1.007498708372205343e-01,4.855502418640840645e+00,9.729659278412503554e-01,-2.272491963716177510e-01,-4.117166511650408728e-02,-4.541387792742083818e+00,1.695407221212343052e-02,-1.075090783032219000e-01,9.940595341918991856e-01,1.917867762083316219e-01
-4.228397501452418328e-01,-9.019528545071817671e-01,-8.767892530964389863e-02,4.806220858754285175e+00,9.055201333338975811e-01,-4.242975570711580158e-01,-2.207077344447497431e-03,-4.264807833733270215e+00,-3.521127410456415668e-02,-8.032827216983917662e-02,9.961463420934392188e-01,1.682914298425593480e-01
-5.231496942266407046e-01,-8.498549558410319893e-01,-6.372559503847684270e-02,4.759234025537577573e+00,8.488979714061400950e-01,-5.262551945423779021e-01,4.927173997029977992e-02,-4.102224843205606319e+00,-7.540975781097268571e-02,-2.832003265533536776e-02,9.967503921129345912e-01,1.799022442862912019e-01
-6.061687091548279005e-01,-7.863170513756706503e-01,-1.194361367318894362e-01,4.607708766935857625e+00,7.919742623178532837e-01,-6.105544542022879329e-01,1.621105646459560000e-04,-3.922914325502159016e+00,-7.304973557555818897e-02,-9.449207993062073985e-02,9.928418720837290934e-01,1.674712597449521667e-01
-7.466695921956512105e-01,-6.547763926197776030e-01,-1.172706090979699772e-01,4.470585725448648517e+00,6.620434323123366438e-01,-7.486334842359458897e-01,-3.530439084370481928e-02,-3.828444141096710052e+00,-6.467622300720546336e-02,-1.039989516705634720e-01,9.924722687455522774e-01,1.396862938423360512e-01
-8.923140325082024038e-01,-4.431865161618461779e-01,-8.579848064665357432e-02,4.255324403394437738e+00,4.482190708696788817e-01,-8.924230562283956836e-01,-5.177599077456965931e-02,-3.652636436619942195e+00,-5.362212134623032395e-02,-8.465695839263698286e-02,9.949662645024880403e-01,2.263325147647611557e-02
-9.585629439123798390e-01,-2.744066645265843540e-01,-7.653799723943553734e-02,4.084373297672771130e+00,2.803690297712244650e-01,-9.563227445862158005e-01,-8.270438520553985429e-02,-3.570033860113807744e+00,-5.050039309917549180e-02,-1.007362429837390244e-01,9.936306756770079129e-01,7.011648749190810270e-02
-9.927332125504384486e-01,-1.024831589284205674e-01,-6.307115692085826786e-02,3.849824130669010191e+00,1.079080006510380468e-01,-9.901106737625247067e-01,-8.964773893976100971e-02,-3.484881468892461420e+00,-5.326004219655607747e-02,-9.580217031762972013e-02,9.939745027251203346e-01,1.162097276100289289e-01
-9.961356910799860076e-01,-5.960492621593817958e-02,-6.450533099975945539e-02,3.663475201993300345e+00,6.442178720018637561e-02,-9.950726418563694553e-01,-7.536757102969342259e-02,-3.457059083898362140e+00,-5.969521162145111082e-02,-7.923187615962767882e-02,9.950672296431497532e-01,1.125671938745032435e-01
-9.980799784267649910e-01,-1.767504112587174603e-02,-5.936286368449606582e-02,3.380656705289982966e+00,1.870003466244512386e-02,-9.996847292804347251e-01,-1.675561837485118472e-02,-3.469340817697906143e+00,-5.904799206788214488e-02,-1.783353483466054018e-02,9.980958369154986354e-01,1.272801003102872752e-01
-9.958224979321532722e-01,4.998349952075468311e-02,-7.641467390378872682e-02,3.192427193249721906e+00,-5.109059874285904607e-02,-9.986145200184382009e-01,1.260123519489132586e-02,-3.467169640932055596e+00,-7.567894906947295053e-02,1.645266495129232842e-02,9.969964927138600386e-01,1.147350318670185693e-01
-9.872039181743809122e-01,1.573444167040181918e-01,-2.590672640878233235e-02,2.910372451251952874e+00,-1.570935506824372163e-01,-9.875172062133626971e-01,-1.146227580089742744e-02,-3.456270654982608992e+00,-2.738686318532762565e-02,-7.245823943727090592e-03,9.995986483385428389e-01,1.008378438839689639e-01
-9.828494185358470636e-01,1.657561320701660124e-01,-8.082032643389867876e-02,2.723238778970613172e+00,-1.644914968865528460e-01,-9.861306961227279677e-01,-2.210876786529456656e-02,-3.442747010592256185e+00,-8.336406861331530083e-02,-8.435333166976794958e-03,9.964834555669218608e-01,6.324748610133446025e-02
-9.900242200329059106e-01,8.364939735230139672e-02,-1.133791077352006849e-01,2.457659318219077793e+00,-8.165295846981121541e-02,-9.964147103054115107e-01,-2.214767392090055340e-02,-3.427704625901248470e+00,-1.148252503648949790e-01,-1.266899402383596211e-02,9.933049171674628308e-01,9.161703019387590352e-02
-9.902768353994020334e-01,7.794897744976897469e-02,-1.152204243434221259e-01,2.273139109506868039e+00,-7.786214110739893279e-02,-9.969502537945466036e-01,-5.261030427291831998e-03,-3.460252101487788501e+00,-1.152791232336299182e-01,3.761432376203571216e-03,9.933260166596673546e-01,9.992312210387822857e-02
-9.748441788641434291e-01,1.943541489779076203e-01,-1.091113729625115686e-01,2.019054579794122173e+00,-1.913026971300058887e-01,-9.808001791437868100e-01,-3.787197726944193515e-02,-3.507099052010481888e+00,-1.143770300605692763e-01,-1.604597664790400474e-02,9.933078181651120442e-01,8.614311011013059405e-02
-9.708861708130356316e-01,2.386526070790342680e-01,-2.061495715198395640e-02,1.844526683785985277e+00,-2.353113138586442332e-01,-9.663047710450729522e-01,-1.043248533459026905e-01,-3.535912273001431405e+00,-4.481772968498965587e-02,-9.643662473306195693e-02,9.943295975258779063e-01,7.295787813800044819e-02
-9.433182268301941731e-01,3.259125039837373339e-01,-6.270376924066033142e-02,1.574760572927562219e+00,-3.227586773095648676e-01,-9.448561944954999570e-01,-5.544012937267110003e-02,-3.531253208765944951e+00,-7.731467617028413286e-02,-3.205949891262482171e-02,9.964911587054608999e-01,3.939061382082505169e-02
-9.418433984432416084e-01,3.114309784168941553e-01,-1.262606767413299858e-01,1.399980685963666538e+00,-3.095654675616980045e-01,-9.502468364395820766e-01,-3.464348611023418401e-02,-3.552434698532643154e+00,-1.307678634152521779e-01,6.457206738102222628e-03,9.913919862390193627e-01,5.706661519472731869e-02
-9.529210998394676002e-01,2.682717618713940100e-01,-1.413210503186083655e-01,1.133508210595860932e+00,-2.670880725878648776e-01,-9.632757181047584272e-01,-2.763787964113405965e-02,-3.632371046037083495e+00,-1.435455988946930661e-01,1.140844828082967014e-02,9.895779445530220597e-01,4.998962774172752144e-02
-9.480541978190365482e-01,2.692422861015466018e-01,-1.694161425971956736e-01,9.826206620084473320e-01,-2.773739422480251404e-01,-9.604138873323774250e-01,2.586235064523882687e-02,-3.636543401361520100e+00,-1.557463776769454911e-01,7.151053344732455352e-02,9.852052118450175255e-01,2.841566353408612675e-02
-9.901883621769820287e-01,1.146469144227994647e-01,-7.989425775732944546e-02,7.563277096361930019e-01,-1.172109046288034861e-01,-9.927076559281434731e-01,2.816227437095046235e-02,-3.602466559941906787e+00,-7.608292348063991350e-02,3.725043456093381916e-02,9.964054364964380905e-01,7.861150354065143953e-02
-9.958259988672172325e-01,-4.851327536176684024e-02,-7.731133224683091332e-02,6.602056511949767614e-01,4.296220063249473614e-02,-9.964850337669174385e-01,7.191541417078253784e-02,-3.556593319005292297e+00,-8.052843781497164011e-02,6.829377418341556205e-02,9.944099411766061936e-01,2.599729572217720358e-02
-9.194470261677256673e-01,-3.869817859493341894e-01,-6.972993198610351329e-02,5.562294967496022036e-01,3.844642420284476447e-01,-9.219408230996785081e-01,4.703578747905720614e-02,-3.460610051064907822e+00,-8.248886393213207546e-02,1.643824947334389733e-02,9.964564071154515812e-01,4.811045420282014651e-02
-7.241913004593405478e-01,-6.890068876489349181e-01,-2.857392362512396061e-02,4.328916979520558983e-01,6.852764279298996231e-01,-7.236658915828325656e-01,8.187731482686555484e-02,-3.330104567605509658e+00,-7.709200777410603334e-02,3.971380278881995324e-02,9.962327219106006382e-01,1.961102706990353051e-02
-5.710087160686521113e-01,-8.199117246397766845e-01,-4.115592268257219771e-02,3.759244500757783491e-01,8.145546637848908311e-01,-5.720946904968963187e-01,9.596022515365557060e-02,-3.210136467251978321e+00,-1.022239985517556932e-01,2.127037619518806766e-02,9.945339738875701441e-01,4.948166487179386785e-02
-4.517920121108430775e-01,-8.910723123181689687e-01,-4.329101538177220626e-02,2.818269413621475872e-01,8.915137721523006542e-01,-4.527449370064555723e-01,1.500720086468042627e-02,-2.985438520476523028e+00,-3.297228920788022183e-02,-3.181440294850156753e-02,9.989497844783883362e-01,8.063269744552434282e-02
-4.287638195939091346e-01,-9.031452835341580165e-01,-2.214009569185630688e-02,2.589224968267234694e-01,9.030156601162118157e-01,-4.291748734863718440e-01,1.927811071748275137e-02,-2.821989659848979759e+00,-2.691290753747269809e-02,-1.172709674043563750e-02,9.995689924211915711e-01,2.441467876095578665e-02
-3.520996454086577909e-01,-9.356661457941534144e-01,-2.355214040822663571e-02,2.316758832155647874e-01,9.333294989596604418e-01,-3.528841129106904950e-01,6.609727094926841351e-02,-2.554596282860706502e+00,-7.015615493171921402e-02,1.290918257079547594e-03,9.975351860737776688e-01,2.586360250027778043e-02
-2.884703428328552199e-01,-9.565598135104265154e-01,-4.216852478793201020e-02,1.831061449481061754e-01,9.559317647830951614e-01,-2.902324083835843282e-01,4.426748470986741762e-02,-2.352710916832696508e+00,-5.458316942583107956e-02,-2.754037582822405072e-02,9.981293529972291578e-01,3.600608549156201349e-03
-2.398228160783740515e-01,-9.707952889114980222e-01,-6.443905297031282155e-03,1.725854407675570523e-01,9.685685224861790843e-01,-2.397136398466011564e-01,6.642580914396881142e-02,-2.117922451958608399e+00,-6.603055457267766049e-02,9.689060776604641045e-03,9.977705587779627239e-01,2.233056401534395594e-02
-1.909018168653276726e-01,-9.816087491152094557e-01,-8.717671640312307270e-04,1.742325443733033774e-01,9.815979170225856976e-01,-1.909038057610816241e-01,4.611533676895368875e-03,-1.913031248908112492e+00,-4.693145473431260470e-03,2.462532511309288254e-05,9.999889868289323358e-01,3.038578763952384104e-02
-1.397832076012253399e-01,-9.899197811680802150e-01,2.279214173461029808e-02,1.506697604418099912e-01,9.901049784360738126e-01,-1.394479419260976627e-01,1.569723442758285542e-02,-1.608584900589024702e+00,-1.236068561251777755e-02,2.476082277941405244e-02,9.996169842026849661e-01,9.952404193358865836e-02
-2.612358415499694067e-02,-9.993797962005697144e-01,2.361315940322451096e-02,1.248982186306115960e-01,9.991221870643535174e-01,-2.532847270247466989e-02,3.336650695382968601e-02,-1.432894814588743015e+00,-3.274772765607967401e-02,2.446408421881538647e-02,9.991641981760024382e-01,3.897015013394580785e-02
2.199224998512591678e-01,-9.754402684182543748e-01,1.226282215864014924e-02,1.438662188392699770e-01,9.753183127007483133e-01,2.201141746894056395e-01,1.743384671735058108e-02,-1.205029047930132657e+00,-1.970489710034735095e-02,8.126059864610643210e-03,9.997728162844483624e-01,6.314381523222512005e-02
4.294983477406986161e-01,-9.027614486595628707e-01,2.351459338570049615e-02,2.531720373375091482e-01,9.008718074001584863e-01,4.301234500543373307e-01,5.851328349120833716e-02,-1.004642029088298916e+00,-6.293771460403346785e-02,-3.947724336701504896e-03,9.980096490279932731e-01,2.706572343704910510e-02
5.043686494412920052e-01,-8.633669520621537474e-01,1.448349224707832714e-02,3.588538922337184411e-01,8.634098083296917192e-01,5.044781178265581589e-01,5.033042246498187038e-03,-8.706474839890410156e-01,-1.165196725232091682e-02,9.966680544546973816e-03,9.998824415590412684e-01,-1.873880113990013946e-02
6.361473595053097618e-01,-7.715051171904019345e-01,-9.817899135948502179e-03,5.238856853786353351e-01,7.714254146936445622e-01,6.357343869074407738e-01,2.728770543954954497e-02,-6.685013249454209161e-01,-1.481102829508558656e-02,-2.493277867469785580e-02,9.995794065447709542e-01,8.954981437527140264e-02
7.936222399252556015e-01,-6.083021067951096539e-01,1.150161574077101720e-02,6.852294319559386615e-01,6.073254980269369163e-01,7.931936090105778936e-01,4.471731287884185557e-02,-4.998988278028737575e-01,-3.632464373329064716e-02,-2.850342950246703005e-02,9.989334686375480610e-01,2.027052416277130842e-02
8.728218935573065496e-01,-4.860496399111268739e-01,4.401919659988087763e-02,8.543034877714170694e-01,4.853153042812655138e-01,8.739288818987639429e-01,2.678366691765037347e-02,-4.156633193221643263e-01,-5.148783892743929308e-02,-2.014181083384005300e-03,9.986715904225678120e-01,5.280329790186872457e-02
9.288197288119028894e-01,-3.696794114131427000e-01,2.512059209120617170e-02,1.110600541642128070e+00,3.693069419010696075e-01,9.291273090253392430e-01,1.829825912507923938e-02,-2.903789190643040197e-01,-3.010471779407002113e-02,-7.718575034338731600e-03,9.995169481134245082e-01,1.813497859646008570e-02
9.469155335321411959e-01,-3.203458502482108283e-01,-2.700941658549078223e-02,1.303470042599700118e+00,3.211646377582639822e-01,9.463697644915761709e-01,3.517874798452381296e-02,-1.855649146555940210e-01,1.429152927929606270e-02,-4.198577241049956943e-02,9.990159894145580477e-01,1.061486782803107709e-01
9.649680016279851280e-01,-2.617059336947942239e-01,1.862149572473609238e-02,1.597955749787854929e+00,2.605587365184205972e-01,9.642182606088047780e-01,4.891104918576262561e-02,-1.132795994709900056e-01,-3.075549801279127068e-02,-4.234560399219330917e-02,9.986295354957799297e-01,1.065171869072744221e-01
9.791088895422699334e-01,-2.016737523680464383e-01,2.595149369675126341e-02,1.796126869813910343e+00,2.000888546547604785e-01,9.783108558855551085e-01,5.359402484807056916e-02,-2.112195719195476828e-02,-3.619713610559394806e-02,-4.728178150473226482e-02,9.982255258585042146e-01,1.114182586870683944e-01
9.902102731394336610e-01,-1.284704883577847401e-01,5.457974523793492766e-02,2.065564114250098005e+00,1.260335675573125147e-01,9.909599937297576266e-01,4.597641434357337131e-02,-1.311807058693808398e-03,-5.999295640241440741e-02,-3.864743779641564153e-02,9.974503600349571286e-01,9.029204822826485122e-02
9.889408932279504238e-01,-1.426898919468098381e-01,4.044137037377500826e-02,2.241414096454021454e+00,1.420839643697273114e-01,9.896999825541629159e-01,1.749547373661405544e-02,1.066132740675413554e-02,-4.252125081042717331e-02,-1.155591919728309915e-02,9.990287302980920270e-01,9.160012825244354118e-02
9.791803760748925001e-01,-2.025402284223944971e-01,-1.353687483999839458e-02,2.577575123453295536e+00,2.029920907399375696e-01,9.770160918491703761e-01,6.506740631682925158e-02,-2.166073578598838242e-03,4.697721376335977706e-05,-6.646060591338710799e-02,9.977890486744992460e-01,1.422794856723961221e-01
9.783857777177935588e-01,-2.067359280339011451e-01,-4.639614155003525878e-03,2.749899149198309356e+00,2.067246211825324032e-01,9.772843957323382735e-01,4.669197848682235530e-02,-2.402663835776995549e-02,-5.118686988308232023e-03,-4.664189016363865653e-02,9.988985599776757374e-01,1.596664332148359511e-01
9.945478373562162133e-01,-9.512264589166213868e-02,-4.273501431660287758e-02,3.009096588554454943e+00,9.799468444840864212e-02,9.926457899795065876e-01,7.107304310225567856e-02,-4.598713269894336153e-02,3.566007613463122172e-02,-7.487334555452751506e-02,9.965552373529227292e-01,2.038765283206637191e-01
9.980864037234203900e-01,-5.692918722729225361e-02,-2.413707405811299500e-02,3.201633302484881760e+00,5.827627977200502268e-02,9.965338168238168093e-01,5.936520144400666416e-02,-1.049746498730950994e-02,2.067379787029884411e-02,-6.065821929625346554e-02,9.979444746645081965e-01,2.247856555792756006e-01
9.955403781641003480e-01,-9.387912449363707001e-02,-9.277145530043525226e-03,3.480085015343969079e+00,9.421175983665015796e-02,9.944592928439917046e-01,4.663538554259449159e-02,1.735313463932687886e-02,4.847654418256017346e-03,-4.730142556554951111e-02,9.988688979971813708e-01,2.349708334444465530e-01
9.892994765444460548e-01,-1.400803744651068494e-01,-4.079257773906399404e-02,3.689555387273185438e+00,1.419395109796765531e-01,9.887620860264615397e-01,4.693306360602951532e-02,-2.174462586852041537e-02,3.375975313494635616e-02,-5.222093379395564838e-02,9.980647539824007985e-01,2.332131374346992359e-01
9.868924597361260487e-01,-1.608539851651834274e-01,-1.301031792290222033e-02,3.985131983402085076e+00,1.613323840391985009e-01,9.853376874329935475e-01,5.551129240457229608e-02,-5.615975464323590127e-02,3.890343969975380498e-03,-5.688266151188968445e-02,9.983732909303586478e-01,2.640880288135821208e-01
9.919335715089681038e-01,-1.251764663570862635e-01,-1.996602073055969359e-02,4.158593750454782523e+00,1.262207713849221868e-01,9.898906407720632350e-01,6.469030980654144614e-02,-7.182238242636850012e-02,1.166647266551413056e-02,-6.668861658652315560e-02,9.977056288471645162e-01,2.814797362111902679e-01
9.994195721633989393e-01,-3.099918600858021789e-02,-1.412689787359805958e-02,4.452690374853202293e+00,3.170806657835600201e-02,9.980870218043373931e-01,5.307443282417517727e-02,-5.945563480995467304e-02,1.245460921057715137e-02,-5.349156356427416104e-02,9.984906285673674775e-01,3.070952239665342698e-01
9.991291759274599782e-01,-3.819835802401339714e-02,-1.678616259843066644e-02,4.630821434288463934e+00,3.887170899727119405e-02,9.983692161040731428e-01,4.180787695359737544e-02,-3.022941456977866828e-02,1.516179574269346450e-02,-4.242397647563172364e-02,9.989846476146905241e-01,3.033951575753471297e-01
9.955140817448455692e-01,-7.740079554540971185e-02,-5.441350840234133318e-02,4.927969884247218602e+00,7.793957775916048047e-02,9.969272015107146778e-01,7.847108176626951120e-03,-7.507743666482478984e-02,5.363893424032425278e-02,-1.205287256008050027e-02,9.984876529014307112e-01,2.931950353281339572e-01
9.970615133338120994e-01,-7.462631154508296560e-02,-1.729890903096688651e-02,5.129284642537236927e+00,7.461869098848374071e-02,9.972115475406753138e-01,-1.086465228864025604e-03,-1.160278154977661957e-01,1.733175073818810780e-02,-2.075492821441067581e-04,9.998497723856519803e-01,3.018398863209573735e-01
9.990564745954012560e-01,4.235297364402762499e-02,-9.611773640365629118e-03,5.413154554289049791e+00,-4.192527898807645037e-02,9.982781176259523104e-01,4.102524650692766783e-02,-1.622153403712551234e-01,1.133276448079876229e-02,-4.058356185317613801e-02,9.991118770971184615e-01,3.432627781582107684e-01
9.964210446730156212e-01,8.160404572848425908e-02,-2.204271883132191689e-02,5.604500936796719124e+00,-8.148250859845129757e-02,9.966544907448752211e-01,6.358212844309333624e-03,-1.259551234589487700e-01,2.248783060316226351e-02,-4.539361057873884074e-03,9.997368112038013122e-01,3.552779620166019448e-01
9.915195763293094267e-01,1.275214572448902517e-01,-2.504411503493986571e-02,5.887940599355570015e+00,-1.275473118194692668e-01,9.918323243563442748e-01,5.688668697190717291e-04,-1.971084259082425127e-01,2.491210555875719365e-02,2.630266911952287585e-03,9.996861851064045013e-01,3.775090035704621871e-01
9.845625722148430015e-01,1.677506853106018603e-01,-4.996247563434377814e-02,6.065989946589591675e+00,-1.697195118747433229e-01,9.847534390077037347e-01,-3.815693451387965757e-02,-2.693764197420541184e-01,4.279986778820380616e-02,4.604749656953308762e-02,9.980219433344069691e-01,3.568832962271899500e-01
9.519806281793412595e-01,3.061562544629798932e-01,1.109695662225875000e-03,6.330299811839291024e+00,-3.061582116134679565e-01,9.519763587644010094e-01,2.856889096997847731e-03,-3.357770712560367854e-01,-1.817495705092188167e-04,-3.059445516581178488e-03,9.999953033690807125e-01,3.741097671774099021e-01
8.711397714543721582e-01,4.907023296288000047e-01,-1.807546091500167318e-02,6.562620370301388562e+00,-4.908294964657365922e-01,8.712500040117645561e-01,-3.136225229285027893e-03,-4.355672794286468696e-01,1.420929236845919208e-02,1.160405990876506484e-02,9.998317067406977676e-01,3.840873041679139788e-01
8.100146550798488221e-01,5.862899581649088088e-01,-1.184666665607120133e-02,6.682196400541847936e+00,-5.859716301579501740e-01,8.084637800580121159e-01,-5.498695285558082707e-02,-5.124225344906647717e-01,-2.266069738345949727e-02,5.148204822360102906e-02,9.984167924793699855e-01,4.300973611794211560e-01
7.243337371161588933e-01,6.891600184051138722e-01,-1.997764518654629451e-02,6.840247870707209188e+00,-6.889203935025339787e-01,7.223389138271066878e-01,-6.012640840251973207e-02,-7.475678561658088972e-01,-2.700608619644043543e-02,5.731459328073899850e-02,9.979908359826804576e-01,4.047277710691873365e-01
5.846935633045299285e-01,8.111865752516500550e-01,-1.047745969917271251e-02,6.891518274080344675e+00,-8.098964644220992826e-01,5.829193864083471732e-01,-6.536593811685421918e-02,-9.915080347735022448e-01,-4.691645710016204701e-02,4.670470084277194428e-02,9.978063524413699481e-01,4.229172654258189223e-01
4.282045130543282729e-01,9.036792538273935582e-01,2.168225511310187519e-03,6.918004638645058435e+00,-9.010365054585396383e-01,4.271332510741950861e-01,-7.543475099613533574e-02,-1.159588982961274217e+00,-6.909494070455048098e-02,3.034785047991774010e-02,9.971483827095538599e-01,4.145631019688570951e-01
2.245622462037975275e-01,9.739231929268971077e-01,-3.233282943047295632e-02,6.952150940718999195e+00,-9.742449032998453662e-01,2.236924093165744698e-01,-2.843544282086072142e-02,-1.428420214222344553e+00,-2.046132874905828153e-02,3.788562119355380620e-02,9.990725768094113057e-01,3.899726234545558556e-01
1.822004644046929522e-01,9.824586207923660108e-01,-3.972466741803514639e-02,6.990416581360961779e+00,-9.809463588340405771e-01,1.788523335175894735e-01,-7.586885978811022668e-02,-1.602684087228508414e+00,-6.743316588259018474e-02,5.279110934686321449e-02,9.963261849981531748e-01,4.015313007462676942e-01
2.152946441767876196e-01,9.756475936163848672e-01,-4.195222591645325627e-02,7.018526955617851115e+00,-9.746224668194973795e-01,2.119742838884641212e-01,-7.195797482314159055e-02,-1.916764831502601574e+00,-6.131283193153899691e-02,5.637974849649319414e-02,9.965249924613043264e-01,3.551924556805629019e-01
2.094501422742670316e-01,9.772081200686228986e-01,-3.456773022971735415e-02,6.989598294585798399e+00,-9.735296169533677046e-01,2.050931651046339343e-01,-1.008805161663541283e-01,-2.226205856439017694e+00,-9.149165435117913303e-02,5.478214763322861169e-02,9.942978394247727891e-01,4.157706939574474791e-01
1.399513444728366918e-01,9.887976860379155131e-01,-5.189178418889238420e-02,6.963408776186866156e+00,-9.848452318205255240e-01,1.335872072758748086e-01,-1.106088939127654741e-01,-2.425061759020304741e+00,-1.024377398257990263e-01,6.658523964283546981e-02,9.925083955922406886e-01,3.499458110706651914e-01
6.037943853302427111e-02,9.975557073867735713e-01,-3.517007339355456008e-02,6.940715067059781695e+00,-9.961091152276391192e-01,5.795103826833354621e-02,-6.639508810167972508e-02,-2.725653276628885013e+00,-6.419465680914807071e-02,3.904212883147505087e-02,9.971733842283687643e-01,4.010425964853216452e-01
1.290096724711815301e-01,9.903280130323885988e-01,-5.105811406816081199e-02,6.932727184426505040e+00,-9.898194757431759694e-01,1.254802398116923734e-01,-6.717227743870310408e-02,-2.921396416980651889e+00,-6.011580364912538083e-02,5.920418921089282138e-02,9.964341193132119079e-01,3.799027972275975662e-01
2.192096742044693236e-01,9.756753935771962372e-01,-2.155250136573378522e-03,6.966825235369181080e+00,-9.753979917084394380e-01,2.190933825238679522e-01,-2.443046265200031486e-02,-3.259714910912094865e+00,-2.336400022065624263e-02,7.457620413452615768e-03,9.996992084579509052e-01,3.870212727464694136e-01
2.202928013704321397e-01,9.753029358208891164e-01,1.597701610187339180e-02,6.987765522175806154e+00,-9.737776245367649741e-01,2.208433418332149678e-01,-5.463841432060928538e-02,-3.479061720728946927e+00,-5.681742352394887619e-02,-3.521611433742401383e-03,9.983783744838453655e-01,4.114726550840899777e-01
1.331516432506441583e-01,9.907803581439285079e-01,-2.499843626788965378e-02,7.011525428640921653e+00,-9.886004374276872175e-01,1.309854593626083308e-01,-7.424274074513832755e-02,-3.789139201947627544e+00,-7.028381760715830817e-02,3.459900795909078008e-02,9.969268246119200594e-01,3.516084029746864292e-01
1.393106084054684390e-01,9.875940973550650925e-01,-7.246001142099087189e-02,7.018464879837056358e+00,-9.885354992922481543e-01,1.343943062308642633e-01,-6.881669195586373466e-02,-3.989562568171754364e+00,-5.822474581070798821e-02,8.121618879359447651e-02,9.949943766942188628e-01,3.992577620828349216e-01
1.834988527107324630e-01,9.816678673847876180e-01,-5.153997669814670834e-02,7.035039900299426385e+00,-9.816565716334185732e-01,1.802319395472961883e-01,-6.218378676102459535e-02,-4.319131081000740835e+00,-5.175467537107571181e-02,6.200521035542600617e-02,9.967330673083989456e-01,3.826436568168722352e-01
1.910531034851905563e-01,9.815459195578567497e-01,-8.143675337086162327e-03,7.039960484489776071e+00,-9.808721446843218228e-01,1.905938591412509875e-01,-3.954512157045236842e-02,-4.552865195580108271e+00,-3.726321820580796862e-02,1.554312249723477715e-02,9.991845995170149930e-01,3.796322910769331371e-01
1.505308992490348996e-01,9.884607983910221884e-01,1.690261563952353066e-02,7.036095094986690945e+00,-9.850994297037681813e-01,1.514137727604940031e-01,-8.156582014387130097e-02,-4.857551043811508151e+00,-8.318390450433008065e-02,-4.372580772754442076e-03,9.965246201518533908e-01,4.104610994700880200e-01
7.635367134280809931e-02,9.969116919716454195e-01,1.836287784371365417e-02,7.044294871285443627e+00,-9.958583169932372359e-01,7.715881520496918611e-02,-4.809084852194601967e-02,-5.048546500657189462e+00,-4.935918706653961291e-02,-1.461491178195143889e-02,9.986741585751238715e-01,4.021127123055155961e-01
6.667248374670993460e-02,9.967424169217455887e-01,-4.537988783634599316e-02,7.053042320812099142e+00,-9.948410206229635344e-01,6.292241122531889996e-02,-7.957458043527793068e-02,-5.359059720319253373e+00,-7.645994766479514981e-02,5.045120885158860258e-02,9.957954367883524727e-01,4.058475735274997276e-01
1.172650851041984188e-01,9.918922736016846375e-01,-4.897568156527592337e-02,7.082945746441042800e+00,-9.927025472970563147e-01,1.156792123107766856e-01,-3.405836797458498127e-02,-5.556815582070805171e+00,-2.811676377961912568e-02,5.261214126450891593e-02,9.982191193250707917e-01,4.260488969573756890e-01
1.519423493424301996e-01,9.883468544274272016e-01,-9.166123483260112462e-03,7.069624970952977705e+00,-9.883893191981840687e-01,1.519383990592639011e-01,-1.129861166957901947e-03,-5.861229145218987746e+00,2.759913973237480746e-04,9.231372309444521931e-03,9.999573518875835010e-01,4.130888411930700999e-01
1.712588670397456048e-01,9.851936882190132083e-01,-7.987312043363881814e-03,7.067563429154935406e+00,-9.837408531015486846e-01,1.705500955074555069e-01,-5.627254091858230334e-02,-6.066609423443881433e+00,-5.407711530118963078e-02,1.749461676669139196e-02,9.983834954489601010e-01,4.112985041675135123e-01
8.399373809192481333e-02,9.964610759421256292e-01,3.221194437474443097e-03,7.070775419677604923e+00,-9.958223243090953414e-01,8.405521672116395004e-02,-3.567378518726874864e-02,-6.364493666346572098e+00,-3.581829656717678417e-02,-2.113627620100615092e-04,9.993582965867665591e-01,4.316870179380453143e-01
8.545846678113744321e-02,9.952879223251137608e-01,-4.581268524298807987e-02,7.083595606473644501e+00,-9.956330512522196807e-01,8.357340676094060505e-02,-4.159703038154766164e-02,-6.555735815665977739e+00,-3.757229976472179628e-02,4.916744203358942855e-02,9.980836061845013152e-01,4.365136012707155899e-01
1.663212031655541268e-01,9.846449990018898424e-01,-5.302342235397747294e-02,7.107105600640007737e+00,-9.860696989986370564e-01,1.659738602197558810e-01,-1.091908606470866870e-02,-6.867666645762952271e+00,-1.950921397134251691e-03,5.410086565221493976e-02,9.985335699120877484e-01,4.146788135135380804e-01
2.031462904178088502e-01,9.787360853493856094e-01,-2.841231994119761128e-02,7.080025983519107946e+00,-9.791408057208476068e-01,2.031734406579850938e-01,-1.958464583268381982e-03,-7.081635758420778970e+00,3.855808840005321442e-03,2.821751665462855774e-02,9.995943699781577596e-01,4.084738295578449474e-01
1.673359164260520837e-01,9.853044024406911738e-01,3.426259775386702316e-02,7.035565490898813223e+00,-9.852449504144845660e-01,1.683903080155784993e-01,-3.061195598417233363e-02,-7.377885125386146825e+00,-3.593158438771294760e-02,-2.863457171687447400e-02,9.989439336349036358e-01,4.214825007348811381e-01
1.023065195425075929e-01,9.947515128046332533e-01,1.674464687428948041e-03,7.035281338975809540e+00,-9.947449316271625985e-01,1.023122997054924932e-01,-3.835926360542335056e-03,-7.583447891222020232e+00,-3.987111883102929973e-03,-1.273224985839937562e-03,9.999912408801198138e-01,4.019862489376343495e-01
1.154642963509541764e-01,9.921721941147571000e-01,-4.756399366837268244e-02,7.079529881705018290e+00,-9.932430179191136244e-01,1.147610707232560451e-01,-1.726858423210395413e-02,-7.883483650567820966e+00,-1.167491426556522931e-02,4.923650954279736730e-02,9.987189106575125042e-01,3.914436078956999299e-01
1.787451128371067566e-01,9.816727974032528614e-01,-6.609616838606727218e-02,7.114093247437115686e+00,-9.837813844529134100e-01,1.793433940056076703e-01,3.183493435925148322e-03,-8.100621472439833326e+00,1.497906007588322048e-02,6.445514614845770929e-02,9.978081789072581476e-01,3.960850098109557904e-01
1.948575884329930008e-01,9.797153689149935563e-01,-4.677944144422486322e-02,7.076947567811290973e+00,-9.808314989003330542e-01,1.946211651276649190e-01,-9.600669209716250485e-03,-8.440719953005672238e+00,-3.016537787313090715e-04,4.775351291900781919e-02,9.988591046833815712e-01,3.730132027092439295e-01
1.503480734864131863e-01,9.875238120184491875e-01,-4.682069516220625782e-02,7.060781240912773704e+00,-9.879166203618150455e-01,1.482677996943902177e-01,-4.513768698850225553e-02,-8.649754666061172159e+00,-3.763253926871892863e-02,5.304130720799184184e-02,9.978829649402030100e-01,3.913957877955808740e-01
6.620049643062183176e-04,9.947353640920174600e-01,-1.024749587662574374e-01,7.083942746433891102e+00,-9.996880495201247996e-01,-1.900208165560328052e-03,-2.490367152799666944e-02,-8.936241344561095090e+00,-2.496728651804265217e-02,1.024594780078763034e-01,9.944237979706007646e-01,3.814438991524339850e-01
-5.642448626860539079e-02,9.926575966697956943e-01,-1.069914628513258387e-01,7.075295158403910989e+00,-9.966093350468794299e-01,-6.242612270684760184e-02,-5.359862406074327595e-02,-9.121709314020590043e+00,-5.988414353348707475e-02,1.036044158206213955e-01,9.928141892497927001e-01,3.599751495678684132e-01
-8.401690679203049905e-02,9.963935815904417792e-01,-1.187391841257006385e-02,7.015753231565125425e+00,-9.964464899299426692e-01,-8.408073991393325008e-02,-4.982156342466508882e-03,-9.379389149359651512e+00,-5.962556447920122800e-03,1.141313895887187228e-02,9.999170906528729308e-01,3.932305717597588957e-01
-1.719127076543762178e-01,9.850977854542997125e-01,-5.326728824777550268e-03,6.909037489322578551e+00,-9.846197719258944492e-01,-1.719952097455413609e-01,-3.068472840331818927e-02,-9.536489435077902144e+00,-3.114362983885046038e-02,-3.029222288974419189e-05,9.995149190496541713e-01,3.558280411155327894e-01
-4.074916357906128717e-01,9.131579745934432779e-01,9.647807890293180755e-03,6.815755988276176680e+00,-9.125108012073678276e-01,-4.067443642010887817e-01,-4.339423775731379718e-02,-9.765417138619456594e+00,-3.570160277322333847e-02,-2.648651783548045674e-02,9.990114413420742023e-01,3.733389040096238842e-01
-5.760348526395896451e-01,8.174187819171180314e-01,3.222345980579566053e-03,6.752022442968383054e+00,-8.171869029678903162e-01,-5.757673325477915549e-01,-2.641106564580919872e-02,-9.925384053490480696e+00,-1.973357955954596621e-02,-1.784695323949875637e-02,9.996459733814911930e-01,3.758840625901074817e-01
-6.858612165270957517e-01,7.268921440495833552e-01,-3.496001405848478405e-02,6.628716879457874356e+00,-7.256147401877709457e-01,-6.867380221616867786e-01,-4.329131251980005562e-02,-1.008341720083389248e+01,-5.547648588550662535e-02,-4.324330751876197081e-03,9.984506295642956442e-01,3.796945379553191557e-01
-7.008383846961324659e-01,7.122192162961075157e-01,-3.961497791330624574e-02,6.486791598632740019e+00,-7.111473809332877760e-01,-7.019566654400841710e-01,-3.906715290319964784e-02,-1.015832805899435165e+01,-5.563237482114408855e-02,7.923274534228137321e-04,9.984510058530469134e-01,3.426574631705475715e-01
-7.706402578826774263e-01,6.328328866592706214e-01,-7.507416661550503356e-02,6.248695380875420646e+00,-6.293288151961938803e-01,-7.742775454564395643e-01,-6.662976036055424933e-02,-1.024974836296673431e+01,-1.002937450406260061e-01,-4.101239378940788917e-03,9.949494180817823885e-01,3.798788810762138701e-01
-8.177801641275618261e-01,5.643494618064524015e-01,-1.128950314153061990e-01,6.056931898111662882e+00,-5.613573753947082023e-01,-8.254093114515180796e-01,-5.981108307909349664e-02,-1.026306147163331239e+01,-1.269389626925528369e-01,1.446214119333138516e-02,9.918050948763257324e-01,3.754439843949485822e-01
-8.376624468316802297e-01,5.412171679640919164e-01,-7.352280101361556575e-02,5.779089860339047036e+00,-5.385958732078650613e-01,-8.408669180386124653e-01,-5.345382597814134912e-02,-1.033459723241142569e+01,-9.075301940662022782e-02,-5.177185448748042144e-03,9.958599731987451964e-01,4.041522998949209633e-01
-8.160695767731788175e-01,5.729969929438646359e-01,-7.553073508533318658e-02,5.595152137700122985e+00,-5.739051545873760096e-01,-8.188446329296383830e-01,-1.124013613638858745e-02,-1.041084842667433819e+01,-6.828850125228580481e-02,3.417474505555100073e-02,9.970801208514284975e-01,4.312422735230729831e-01
-7.263300218359960425e-01,6.873034409589879878e-01,-7.660249712237044567e-03,5.357099252927440602e+00,-6.849413412315267236e-01,-7.246753295031094222e-01,-7.550513811334803871e-02,-1.052628111147694590e+01,-5.744613521967924935e-02,-4.959482690252960124e-02,9.971159885854929961e-01,4.289098597544911406e-01
-5.864368579557112104e-01,8.099890941399163768e-01,3.078799348457937537e-03,5.219892332783703459e+00,-8.081067816460956177e-01,-5.848062178924996468e-01,-7.046358614105938112e-02,-1.062948038865504330e+01,-5.527423530562505100e-02,-4.381044268967058258e-02,9.975096009676839293e-01,4.085996190903007363e-01
-3.542599556517853632e-01,9.350362633725290973e-01,1.438992703007880604e-02,5.070784885022913357e+00,-9.344393586739233593e-01,-3.533514610194234407e-01,-4.433768100052675604e-02,-1.080081193121113614e+01,-3.637263782929438943e-02,-2.915357909030071373e-02,9.989129591929214458e-01,4.329145814787425661e-01
-2.376787437125879865e-01,9.707385612405676767e-01,3.428498954055861359e-02,5.004740780268748246e+00,-9.713326660448756700e-01,-2.373587724484893524e-01,-1.317820230149737565e-02,-1.098875936363585204e+01,-4.654746111136311496e-03,-3.643430886316141593e-02,9.993252095670854818e-01,4.304331583895638635e-01
-1.058885876205566540e-01,9.941836760963115305e-01,-1.965770066273564085e-02,4.882725015477578978e+00,-9.940469398056813732e-01,-1.053225683317435962e-01,2.788974834888963833e-02,-1.124361043303335528e+01,2.565713301760430207e-02,2.249388324916537854e-02,9.994176988335180534e-01,3.764209579434777964e-01
-5.348746214931320020e-02,9.969908910340917751e-01,-5.610930927993355161e-02,4.801762587051686459e+00,-9.983376137074218004e-01,-5.218230287845655735e-02,2.447480997415280718e-02,-1.143401537300601767e+01,2.147324963287431873e-02,5.732512940540487184e-02,9.981246059930857228e-01,3.744555519628551266e-01
-3.525753957081367157e-02,9.988305454249780668e-01,-3.308243385017427957e-02,4.707582531835776685e+00,-9.991684894120428373e-01,-3.455260594008850022e-02,2.164364083985686332e-02,-1.169816825033220020e+01,2.047524528469257116e-02,3.381802697952040332e-02,9.992182471220883988e-01,3.580775198527975656e-01
-7.858923902702476261e-02,9.960896430254603251e-01,-4.036278690281557002e-02,4.645999249979829493e+00,-9.968971300688809212e-01,-7.834309584308021823e-02,7.646659018799567900e-03,-1.185710605693114950e+01,4.454612169552512810e-03,4.083849153838545881e-02,9.991558307087452517e-01,3.391281510057144732e-01
-2.803579312243493216e-01,9.578745729026982847e-01,-6.225538519738180177e-02,4.565079209125975090e+00,-9.598678197997380090e-01,-2.802524017445182092e-01,1.059999194932772365e-02,-1.212180666125309969e+01,-7.293758461861946270e-03,6.272873267411224751e-02,9.980039615074653980e-01,3.138939241293013938e-01
-4.103099327696465015e-01,9.051504970873407441e-01,-1.111230700309624314e-01,4.489508888694803801e+00,-9.110594115031453999e-01,-4.122286266917298270e-01,6.189349512805030450e-03,-1.225502513893316525e+01,-4.020581776446970068e-02,1.037792703693185131e-01,9.937873793017784063e-01,3.228175239705863842e-01
-6.036042438907421870e-01,7.881032681966460007e-01,-1.206447488075999414e-01,4.335274769068195866e+00,-7.946333264037619415e-01,-6.069989517207269314e-01,1.049519787474210986e-02,-1.238135183434128095e+01,-6.495993631136876001e-02,1.022032840357970651e-01,9.926402648526382322e-01,3.080781873587462028e-01
-7.226317156558981214e-01,6.826847749155522393e-01,-1.083738973494684787e-01,4.216353480809447163e+00,-6.872203158958313240e-01,-7.264211138906755405e-01,6.372025883729206044e-03,-1.244410123758640907e+01,-7.437500217308486150e-02,7.908137196792737467e-02,9.940897824942265260e-01,3.308771166858085477e-01
-8.692799653943799054e-01,4.798334635177050611e-01,-1.187947349529732410e-01,4.024860760585640129e+00,-4.850287454765937478e-01,-8.743198873079808253e-01,1.765929554541660965e-02,-1.249117077768666917e+01,-9.539107833202502273e-02,7.296973308407414538e-02,9.927617842303797513e-01,3.576911031323347645e-01
-9.414639194974012693e-01,3.217622766698294834e-01,-1.005719921093197050e-01,3.871597442068695383e+00,-3.254411686001064674e-01,-9.453026544999857395e-01,2.215710214528870264e-02,-1.252103593014627769e+01,-8.794165147861755794e-02,5.359037887090565416e-02,9.946830335477130358e-01,3.834925272721341205e-01
-9.788355055696172924e-01,1.670589823459240064e-01,-1.182046930278753544e-01,3.579504082568239376e+00,-1.734265748925511996e-01,-9.837842940273975323e-01,4.573495322018623216e-02,-1.254265166356475625e+01,-1.086474857385509030e-01,6.526683110553377354e-02,9.919354639290440812e-01,3.545545908785101008e-01
-9.855283973607852355e-01,1.296412613382108836e-01,-1.092104452610555970e-01,3.382536167608785060e+00,-1.323301226531009289e-01,-9.910474178596160311e-01,1.771310792611714008e-02,-1.251569956104557768e+01,-1.059363801255064769e-01,3.190860248310028319e-02,9.938608174455185740e-01,3.009444167550415217e-01
-9.832657079451337934e-01,1.458585557749646211e-01,-1.091504891715784353e-01,3.059373937866288529e+00,-1.474236119319520810e-01,-9.890529637682827779e-01,6.365022082645146496e-03,-1.252186204143372983e+01,-1.070272218834572159e-01,2.234986730199220450e-02,9.940048577383751027e-01,2.834962261727229094e-01
-9.862137912336327306e-01,1.164081732177817963e-01,-1.176073772715053867e-01,2.841527382144487746e+00,-1.161289676764719475e-01,-9.931910929270483246e-01,-9.247475156584406691e-03,-1.249722004261395902e+01,-1.178830812584250320e-01,4.537635780163566494e-03,9.930171141599428708e-01,2.686119781357598213e-01
-9.974993333586537059e-01,-7.547166746679125765e-04,-7.067184978321461308e-02,2.548263698272053901e+00,1.095796968363418731e-04,-9.999582958727061266e-01,9.132059332005804456e-03,-1.246736433196048388e+01,-7.067579459284727139e-02,9.101478895993527288e-03,9.974578162211024113e-01,2.772882308585875588e-01
-9.960437588588854085e-01,-1.514780880907457689e-02,-8.756354450651739063e-02,2.337799034378966301e+00,1.408090484860020745e-02,-9.998190654385578080e-01,1.278923391814795578e-02,-1.243599371908915430e+01,-8.774143010520057961e-02,1.150566268635536647e-02,9.960768349727028292e-01,2.504083475847669327e-01
-9.976618668433003823e-01,1.793511994652177699e-02,-6.594794097804117239e-02,2.019715626693141086e+00,-2.115005597646445537e-02,-9.986050959387305914e-01,4.837910186630884485e-02,-1.236523473099759052e+01,-6.498826493246150082e-02,4.966078772736213370e-02,9.966495530442790463e-01,2.005363529785469112e-01
-9.976776615104404611e-01,5.402296539222448818e-02,-4.148256179755771544e-02,1.810387305800936097e+00,-5.510008684211215729e-02,-9.981608590719663887e-01,2.527607261236318806e-02,-1.232155321246902879e+01,-4.004078112436732645e-02,2.750306577354946075e-02,9.988194617747501169e-01,2.194700676902052172e-01
-9.966459626269826844e-01,3.307120998864746669e-02,-7.485399287426447446e-02,1.507688970226580327e+00,-3.454846234344687017e-02,-9.992312870295875227e-01,1.852670426430467684e-02,-1.228717423610621573e+01,-7.418375111193266369e-02,2.105065535987668199e-02,9.970223874015455845e-01,1.614601579974738743e-01
-9.977377411267026597e-01,-3.801331705694391966e-02,-5.544716095267319955e-02,1.300825406378383287e+00,3.684483670680727824e-02,-9.990799857150822749e-01,2.194630154716357973e-02,-1.228728381446814311e+01,-5.623040049147846192e-02,1.985371174059528260e-02,9.982204026119103624e-01,2.001769684959687212e-01
-9.948652969477874697e-01,-6.827459441836236653e-02,-7.471024485301430706e-02,1.032398884898508840e+00,6.349884448140366566e-02,-9.958931507059409771e-01,6.453471257021017871e-02,-1.224024103878851655e+01,-7.880950246331763775e-02,5.945933176551319171e-02,9.951148929583347735e-01,2.012150004630544886e-01
-9.951338396883671056e-01,-7.914341161353534437e-02,-5.869379443566769688e-02,8.535683680290551134e-01,7.572778314081873852e-02,-9.954227093844150165e-01,5.830036451315459556e-02,-1.221205767422231858e+01,-6.303922562708823285e-02,5.357191465647098694e-02,9.965721780144035646e-01,1.645677320880005456e-01
-9.902797704675456725e-01,-1.126417625075077367e-01,-8.159540147548585698e-02,5.705552755231031448e-01,1.137362673290964465e-01,-9.934713136805038980e-01,-8.877521499669704247e-03,-1.213589960679930435e+01,-8.006271102571821396e-02,-1.807158634805427003e-02,9.966259980905938232e-01,1.116728610976069902e-01
-9.742911353717680356e-01,-2.081175445012790615e-01,-8.627787205736862919e-02,4.145090355628379131e-01,2.104314413358730484e-01,-9.774325728367669885e-01,-1.855192860605427499e-02,-1.207505646212694117e+01,-8.046982063666043017e-02,-3.623055655735259173e-02,9.960983659951677671e-01,1.229675024893595592e-01
-9.087413991141201075e-01,-4.000910833786375242e-01,-1.188115926036596576e-01,1.896731381648835701e-01,4.042547578154015442e-01,-9.145645656761304254e-01,-1.223707453768781844e-02,-1.196041687979877466e+01,-1.037649281776869270e-01,-5.915048783009669436e-02,9.928414070080558984e-01,9.365308463031357666e-02
-8.590604457008141903e-01,-5.008821666485953061e-01,-1.055092686247308398e-01,7.120948345226260634e-02,4.992641126336872515e-01,-8.653747324280348652e-01,4.314995146234725659e-02,-1.184226850015349441e+01,-1.129180962840465458e-01,-1.560857483934305692e-02,9.934816938036988843e-01,8.985199221228436228e-02
-7.656250882568114147e-01,-6.376124794720424704e-01,-8.525579307743474944e-02,-6.097213571190338022e-02,6.372844329596645263e-01,-7.698530579709537136e-01,3.456617768931399826e-02,-1.167028466138994069e+01,-8.767425927275694642e-02,-2.786745690379789642e-02,9.957593228821326470e-01,1.265430901916219375e-01
-7.159389515321966657e-01,-6.924013682067797770e-01,-8.950845202748579366e-02,-1.251810690296326078e-01,6.930153515649000173e-01,-7.203353631850556438e-01,2.909788721593005445e-02,-1.151953786750247311e+01,-8.462352021958788328e-02,-4.119842048468304319e-02,9.955609222821107940e-01,8.884912983729055524e-02
-5.644571339360152651e-01,-8.189438712073731086e-01,-1.035329887553690514e-01,-1.765069339290425421e-01,8.196325356784601723e-01,-5.709248996953554256e-01,4.740533055622696973e-02,-1.128603600562288101e+01,-9.793186614190130257e-02,-5.810072908087545590e-02,9.934956743107793420e-01,8.129814200714523265e-02
-3.226158278271163971e-01,-9.440784100458186057e-01,-6.808071181165858965e-02,-2.703341055589982833e-01,9.433599088488014983e-01,-3.265843168245552430e-01,5.843600243872422439e-02,-1.108439405787420462e+01,-7.740226102772443384e-02,-4.537223478733155846e-02,9.959669925746504893e-01,1.072005709267164070e-01
-2.190125928433413749e-01,-9.750673039331229086e-01,-3.573845235353620420e-02,-3.055153673765749200e-01,9.718686671239135100e-01,-2.212532915103513076e-01,8.073583379530098469e-02,-1.092853588848745616e+01,-8.663012200628270043e-02,-1.705091775902505338e-02,9.960946180783962767e-01,9.290114259956766540e-02
-1.489245988255056552e-01,-9.882554029528126671e-01,-3.424503466539915997e-02,-3.391160832760985455e-01,9.881165892458425581e-01,-1.500573379938343332e-01,3.329266242531877390e-02,-1.068954212197379938e+01,-3.804037226190191967e-02,-2.887999045665654366e-02,9.988587869310626699e-01,5.718018592281993301e-02
-1.179394729207435683e-01,-9.930190892647599021e-01,1.835506186921166249e-03,-3.418823892605175607e-01,9.915467163614617441e-01,-1.176635217336014921e-01,5.468459496099749989e-02,-1.050202567737804316e+01,-5.408687456286519202e-02,8.269462439086903982e-03,9.985019909799800475e-01,4.966696537045724169e-02
-6.264951597947243656e-02,-9.980310455790684099e-01,3.011678582997647825e-03,-3.229918907909565817e-01,9.967460681737633221e-01,-6.241493605170142511e-02,5.100638526503288583e-02,-1.020876554670231506e+01,-5.071798229110360823e-02,6.197404134922511638e-03,9.986937861298139651e-01,1.426427811320342409e-02
9.815934808592315618e-04,-9.997387492372031836e-01,2.283571211652625846e-02,-3.258300680958150508e-01,9.990427341823715501e-01,1.979093706056583770e-03,4.370009685931394022e-02,-1.001683241889120168e+01,-4.373387418979841207e-02,2.277095653970552178e-02,9.987836761714783407e-01,4.234190644420865457e-02
3.571982682551814309e-02,-9.990494757775723045e-01,-2.498477376545657838e-02,-3.225971809844652705e-01,9.977001868100073834e-01,3.420818131043868587e-02,5.851613085900404104e-02,-9.724310304968151186e+00,-5.760582618825087209e-02,-2.701749951398507710e-02,9.979737589281471033e-01,3.264186814472930243e-02
1.831880471945398006e-02,-9.953824545076336294e-01,-9.422415110791501625e-02,-3.030664745158650475e-01,9.998103967546567716e-01,1.761456329585027111e-02,8.300463914273085303e-03,-9.514932856995949706e+00,-6.602418870853231196e-03,-9.435834048060186274e-02,9.955164045091348113e-01,3.788616420167368465e-02
-4.849477524851003845e-04,-9.931917313449828422e-01,-1.164901266787488204e-01,-2.120858351615420578e-01,9.999899553387076034e-01,-1.000696812549812294e-03,4.368961842247109928e-03,-9.238661243854933147e+00,-4.455788074742707272e-03,-1.164868378566564638e-01,9.931822403561113566e-01,1.788762161978402210e-02
4.097795647379155748e-02,-9.950763407294076490e-01,-9.024346626655097015e-02,-1.563317227811549803e-01,9.987673306352239377e-01,3.826235509448369654e-02,3.161979504065442342e-02,-9.048469962568766789e+00,-2.801118239242056385e-02,-9.142794049519932520e-02,9.954176537302215078e-01,8.439307874543526197e-03
7.093604984696841309e-02,-9.953254715718353740e-01,-6.553840456107035140e-02,-8.649211980965558488e-02,9.974074121981552077e-01,6.998020189534910618e-02,1.676977742445336442e-02,-8.735592092031255973e+00,-1.210499584006613158e-02,-6.655807226015676703e-02,9.977091219853200244e-01,3.593879228349901311e-02
7.509723835433118611e-02,-9.954714639227452144e-01,-5.828352517700025048e-02,-1.426262660417625117e-02,9.960346949006413375e-01,7.208714017933783025e-02,5.213761382103180436e-02,-8.531228825118144954e+00,-4.770001410628096211e-02,-6.196780402975162610e-02,9.969376609989140103e-01,-3.851630730115816748e-03
-2.919817630423436269e-02,-9.976197455690323235e-01,-6.246847005717896112e-02,1.258296732644607063e-01,9.995349095034754550e-01,-2.969013282355657118e-02,6.961371761293248979e-03,-8.245878396833147050e+00,-8.799499098595019858e-03,-6.223615720541759988e-02,9.980226598388991510e-01,2.207818033854386242e-02
-6.662861237112591151e-02,-9.956800599800755824e-01,-6.466719548248389682e-02,1.417106229338661039e-01,9.966925732328625331e-01,-6.943824391491193460e-02,4.221664061088064440e-02,-8.051974591024503525e+00,-4.652464374880507098e-02,-6.164047728631612960e-02,9.970134949357287724e-01,2.192325445131080783e-02
-2.585978943273820052e-02,-9.981206929722025167e-01,-5.555495973523354863e-02,1.792556576817370129e-01,9.977884081409773565e-01,-2.917545235613359239e-02,5.972508316703655645e-02,-7.783968174819430708e+00,-6.123368247940725456e-02,-5.388761676400267292e-02,9.966677284278355753e-01,-2.309916097262969606e-02
1.853198256910992478e-02,-9.973898632836497580e-01,-6.978557330193251029e-02,2.108095805314141868e-01,9.984829900822375093e-01,1.484238025930400932e-02,5.302284662928346409e-02,-7.576730176196118549e+00,-5.184866573493022296e-02,-7.066232636461543259e-02,9.961518717014201663e-01,1.483882755661540195e-02
-3.653271597792879469e-03,-9.992093768123904152e-01,-3.958882287749731360e-02,2.569827482771717686e-01,9.993544865087724549e-01,-5.062952609950766882e-03,3.556651241908729416e-02,-7.272260677425109954e+00,-3.573882904377897324e-02,-3.943333362857515817e-02,9.985828700200657382e-01,3.550442191617132759e-03
-8.180183466341003906e-02,-9.959779071440165721e-01,-3.655773962820194067e-02,2.475789697979278725e-01,9.966117193700209098e-01,-8.205937492046694315e-02,5.598196316029657033e-03,-7.051649074457504440e+00,-8.575585113016195513e-03,-3.597592901768699447e-02,9.993158619131781162e-01,1.211693327629626352e-02
-9.537385832743054681e-02,-9.947129495044516601e-01,-3.807854035925990061e-02,2.528637058669659932e-01,9.942253951981896432e-01,-9.707791165930339250e-02,4.573557270738078107e-02,-6.719660228486464604e+00,-4.919035160214561830e-02,-3.349667380533803696e-02,9.982275703231354713e-01,5.293800050257435608e-02
-5.323138408497012780e-02,-9.985004545841992263e-01,-1.277739971764453412e-02,2.316670540664750311e-01,9.958896223941433590e-01,-5.402252123677184215e-02,7.270094364500004347e-02,-6.497673233862806264e+00,-7.328219262583002269e-02,-8.854907925477620290e-03,9.972719342534294151e-01,-2.536807094287182873e-02
4.315228074699848509e-02,-9.989479031047707736e-01,1.552312948191772631e-02,2.445230596910668852e-01,9.964127031555820579e-01,4.416454167891425281e-02,7.218876816013461428e-02,-6.195658979564035107e+00,-7.279839048027426929e-02,1.235233341808523316e-02,9.972701811458137833e-01,1.808675712234088240e-02
6.038797780456511832e-02,-9.981423031891335507e-01,-8.076801406860741050e-03,3.115095483312048108e-01,9.968659549140356235e-01,5.989254659472104114e-02,5.168317710558639061e-02,-6.007521521478045301e+00,-5.110342522770524448e-02,-1.117253089902317011e-02,9.986308699831489832e-01,1.006422734082529531e-02
5.760441907857493570e-05,-9.999245853224092428e-01,-1.228089367829108582e-02,3.162019208378352708e-01,9.999755363176293654e-01,1.434977437994617720e-04,-6.993294979292383022e-03,-5.693501671386414387e+00,6.994529862740683779e-03,-1.228019039771452089e-02,9.999001317510610720e-01,4.808723617083139612e-02
3.860169046344820443e-02,-9.992216746283960616e-01,-8.121234277283664524e-03,3.278091300473184311e-01,9.971042857573539919e-01,3.798444520782751077e-02,6.588038590180567144e-02,-5.504737726676982135e+00,-6.552062894754183409e-02,-1.064081176771343624e-02,9.977944779899500238e-01,7.761578575246760869e-02
1.469081477287058901e-01,-9.891087904496380645e-01,-9.044157571248684357e-03,3.681171067389308882e-01,9.872153476087561774e-01,1.460430617429640532e-01,6.385359474973911764e-02,-5.182291413263370394e+00,-6.183731540618481182e-02,-1.830914449103256819e-02,9.979182940759012688e-01,3.250901399644720580e-03
1.680488853638930635e-01,-9.855172095637088070e-01,2.270246201874961955e-02,4.098745176849612482e-01,9.835100154509069936e-01,1.691792106285919528e-01,6.392530171101104552e-02,-4.973571664779989021e+00,-6.684026956641138384e-02,1.158552307174768280e-02,9.976964237780137079e-01,5.107825518558460620e-02
1.968469997967607077e-01,-9.804135783500307344e-01,-6.361922500386739746e-03,5.179870448199382915e-01,9.798968424293350576e-01,1.965201551970085503e-01,3.438032574544870601e-02,-4.704603469160462126e+00,-3.245669219180773862e-02,-1.300169174493636878e-02,9.993885726501631206e-01,7.289776509898163170e-04
2.097901847069366665e-01,-9.777091523317547050e-01,-8.537672244231010038e-03,5.578369485121023041e-01,9.777094359725294614e-01,2.096982925410678655e-01,1.053019067441651919e-02,-4.512388915931055067e+00,-8.505128506285085724e-03,-1.055649336101088451e-02,9.999081073963772548e-01,5.334777674228207561e-02
3.357441807882947660e-01,-9.418786726832002465e-01,-1.184951523601984399e-02,6.343871545126541500e-01,9.416588446078570929e-01,3.352982314522283680e-01,2.921842495419486180e-02,-4.286297836310114739e+00,-2.354708981154705200e-02,-2.096811697648440914e-02,9.995028127183345212e-01,6.811166045427141658e-02
5.293826454889988264e-01,-8.483635243790464964e-01,5.774526667251944981e-03,7.103545221499673046e-01,8.481202257758335694e-01,5.293757597241410817e-01,2.129290131564855193e-02,-4.166827130082381814e+00,-2.112101524592255655e-02,-6.374599567836296103e-03,9.997566039768509549e-01,6.554481844922631362e-02
8.310603263946243491e-01,-5.553903411934772993e-01,2.966989723359692022e-02,8.862422564084329046e-01,5.551559465014149763e-01,8.315848838203604432e-01,1.638462894288994151e-02,-4.076802435888413179e+00,-3.377290270288261370e-02,2.854804804183951484e-03,9.994254555155909214e-01,9.129173723415852371e-02
9.259732441992287733e-01,-3.768753018410827549e-01,2.320685005223514438e-02,9.936662751276230665e-01,3.767878013619984090e-01,9.262632916350812540e-01,8.201665327000296976e-03,-4.096114408449331279e+00,-2.458665841357753762e-02,1.149535357040179897e-03,9.996970415063314297e-01,1.066360919859212497e-01
9.956678571327126637e-01,-9.292072271932209915e-02,3.355229063646880238e-03,1.190299343892822215e+00,9.296456523351598333e-02,9.941563733613106857e-01,-5.486979967185930118e-02,-4.155313359898614500e+00,1.762919083262283731e-03,5.494401327174185112e-02,9.984878805082689768e-01,1.145291128093337829e-01
9.907456124091644778e-01,1.339107392216874193e-01,2.215954451448855222e-02,1.308203023109892893e+00,-1.329407953702408940e-01,9.902912459653174793e-01,-4.062010697656160546e-02,-4.242049263503785639e+00,-2.738387149977172808e-02,3.729828528982075120e-02,9.989289071280887944e-01,1.204240511407766168e-01
8.793733074821007412e-01,4.757091971364581506e-01,2.008347200501216234e-02,1.491187559862522383e+00,-4.754078229966985925e-01,8.795796608081405399e-01,-1.808375309985304699e-02,-4.370608227997147210e+00,-2.626762116236296823e-02,6.354530070989519545e-03,9.996347493089874359e-01,1.603534030842001246e-01
7.036440471941948216e-01,7.105181316170429140e-01,7.002820260377153744e-03,1.656726456900175837e+00,-7.083372212834779802e-01,7.021937489137837218e-01,-7.198833190738239407e-02,-4.522398237369167795e+00,-5.606635169666403240e-02,4.569380296968639232e-02,9.973808904213015136e-01,1.728933461424651818e-01
6.138128319140939704e-01,7.887825239241716968e-01,-3.249518932723057668e-02,1.735030747671794105e+00,-7.887907452806395270e-01,6.110953930207558837e-01,-6.611793091455042681e-02,-4.649504405924312245e+00,-3.229500793021484323e-02,6.621593902242235707e-02,9.972825486702155962e-01,1.319021791230073626e-01
4.604853570920819927e-01,8.870819729433437884e-01,-3.223056286696191625e-02,1.816583381529990104e+00,-8.866161843308492108e-01,4.578703352738381915e-01,-6.531843353011958231e-02,-4.880418476468210365e+00,-4.318538625950637394e-02,5.865432085675399004e-02,9.973438188801516668e-01,1.302015639505583466e-01
3.457535063143236109e-01,9.379246200033490855e-01,-2.742116086023474453e-02,1.857862122101576752e+00,-9.360787351105929188e-01,3.427572964359809071e-01,-7.920882156458164403e-02,-5.044240104085457865e+00,-6.489310090528273289e-02,5.305509336029251566e-02,9.964808289793747331e-01,9.663275416597430501e-02
1.343125818018404694e-01,9.905492187075716215e-01,-2.779164780185093206e-02,1.909816129160666343e+00,-9.895506880877632527e-01,1.325875842475875699e-01,-5.665658133370918281e-02,-5.290394377080393618e+00,-5.243630493044012381e-02,3.511093592041106271e-02,9.980068417120341318e-01,1.070675855125911291e-01
7.465934593829454125e-02,9.966156188270435257e-01,-3.439898798008168140e-02,1.911572886289627293e+00,-9.946733486524377277e-01,7.196674780271869465e-02,-7.379509937147482601e-02,-5.482556473853562373e+00,-7.106976533387394934e-02,3.972525041692882841e-02,9.966799852182719466e-01,7.190025369853358939e-02
6.800285103865386094e-02,9.973269668486957062e-01,-2.673075844404629656e-02,1.919128444584833337e+00,-9.975283768971404674e-01,6.749283592561956813e-02,-1.954109474092700569e-02,-5.765665931241837683e+00,-1.768472605304014303e-02,2.799354023871880939e-02,9.994516557439516724e-01,8.045471434072097583e-02
7.561300236546038278e-02,9.965279810230854851e-01,-3.485192837322464987e-02,1.911541532001834076e+00,-9.970822782213389912e-01,7.519566691172629991e-02,-1.313552947715157862e-02,-5.963007878678506124e+00,-1.046920867235055612e-02,3.574345696420947599e-02,9.993061597698759124e-01,7.041917397208408147e-02
4.656810271821158059e-02,9.981973397620015342e-01,-3.786136158787473116e-02,1.870400411242100880e+00,-9.970847021991626757e-01,4.415589509822376302e-02,-6.222823770991751935e-02,-6.261722393897865224e+00,-6.044425902956673813e-02,4.064883540934988854e-02,9.973435535111382366e-01,5.038760062711341442e-02
-2.805019109696642657e-02,9.986633551696623146e-01,-4.341301441612811091e-02,1.866900571423595334e+00,-9.986561001543042826e-01,-2.989049116635045245e-02,-4.233854228041698115e-02,-6.446892265996505778e+00,-4.357958701066352858e-02,4.216706747102067637e-02,9.981596856299441711e-01,5.804822363429025522e-02
-1.027210195700753968e-02,9.976953217314525890e-01,-6.707107362012816598e-02,1.851524468439762261e+00,-9.994294701932671110e-01,-1.240188829850779120e-02,-3.141539870568041404e-02,-6.720048311292499577e+00,-3.217480428208330245e-02,6.671010539493373026e-02,9.972535002734264076e-01,6.578964612466617345e-02
5.281797124470336696e-02,9.983026869248008417e-01,2.453583486077766038e-02,1.869767697779049831e+00,-9.985981073982470591e-01,5.288722855533218442e-02,-2.181961588906855196e-03,-6.908161411133212582e+00,-3.475890423050091629e-03,-2.438619147094816045e-02,9.996965698907362974e-01,5.850900420921339301e-02
2.228230292016479264e-01,9.690010561472648387e-01,1.067091881839865725e-01,1.892188983514620171e+00,-9.748550951414485244e-01,2.211769413537157392e-01,2.717175169496356679e-02,-7.199432511624762832e+00,2.727844232918928170e-03,-1.100804878209531990e-01,9.939189328445939831e-01,3.252531360667895721e-02
3.233868945055915489e-01,9.415223883785289738e-01,9.463883264293983244e-02,1.918435019094866911e+00,-9.457708654341892007e-01,3.248345066752031385e-01,1.156241441745255925e-04,-7.391935532350343507e+00,-3.063309579350873696e-02,-8.954404198530857562e-02,9.955116664243737201e-01,3.582441409870527893e-02
4.127576389826552727e-01,9.099813319958974800e-01,3.956143172882679859e-02,2.026970965199252905e+00,-9.107189517530841494e-01,4.130236077298120034e-01,1.578092397280358690e-03,-7.654560216374385107e+00,-1.490377063790660449e-02,-3.668071532592592082e-02,9.992158939608324353e-01,6.415384944792087984e-02
5.582656314239031747e-01,8.296622417902991264e-01,2.220773837791683789e-04,2.122049175674448840e+00,-8.296569117869608823e-01,5.582629670957885981e-01,-3.445038973640737572e-03,-7.800526378881562195e+00,-2.982196337118826236e-03,1.738998821495750828e-03,9.999940411762963111e-01,6.506672864380511068e-02
7.612057959779944261e-01,6.484118976395382150e-01,-1.130252931866449102e-02,2.321807116615803857e+00,-6.477652393658475116e-01,7.610509093001390779e-01,3.466566201211643272e-02,-8.020665485633028169e+00,3.107942790356865714e-02,-1.906631723549284674e-02,9.993350512757255277e-01,7.939132119923565656e-02
8.683469834743281490e-01,4.958921129668424910e-01,8.032968835587359427e-03,2.459180843778562497e+00,-4.951831297885626593e-01,8.659734603939335251e-01,6.988300126755073172e-02,-8.146771875800169482e+00,2.769809133924036604e-02,-6.466048399631027510e-02,9.975228506382801674e-01,1.035998161474456503e-01
9.568812965039357188e-01,2.866811275169883211e-01,4.682003338885946941e-02,2.738323135285823273e+00,-2.891902635585401615e-01,9.553467103796866589e-01,6.067663825273798134e-02,-8.238018329072430035e+00,-2.733451780967820904e-02,-7.160023807432401577e-02,9.970587896627796098e-01,8.530930316152121606e-02
9.818924415797217753e-01,1.893924611515698520e-01,-4.210561430761729056e-03,2.943776292543812900e+00,-1.885414917677382396e-01,9.791590676531815030e-01,7.549586819521066083e-02,-8.249765897985568586e+00,1.842115768910690399e-02,-7.333495681804065580e-02,9.971372247879846107e-01,1.107632667699200574e-01
9.995191030945327348e-01,-1.459217527023785529e-02,-2.736112150446344191e-02,3.233110035192072296e+00,1.533633450113728973e-02,9.995126851704853044e-01,2.718803095768303896e-02,-8.235332817333093303e+00,2.695105551121528692e-02,-2.759457562944853462e-02,9.992558130942529315e-01,2.094724831297480327e-01
9.904940589584217969e-01,-1.347606209309263614e-01,-2.758793602972663475e-02,3.442523845666925819e+00,1.362681825565405236e-01,9.886619452434277644e-01,6.307567241194529661e-02,-8.227028219228031958e+00,1.877502572053162122e-02,-6.623543669209643048e-02,9.976273679763376645e-01,1.691600463490900430e-01
9.386770968803993531e-01,-3.411473177702239457e-01,-5.003813915770353310e-02,3.729604362361929049e+00,3.443916243510799502e-01,9.346859877589952514e-01,8.807106995952813933e-02,-8.176546346755928951e+00,1.672473823439366708e-02,-9.990301229278737705e-02,9.948566083943014560e-01,1.956310101636791476e-01
9.047726281054249142e-01,-4.254677931484597830e-01,-1.906956802290722328e-02,3.911012692735114094e+00,4.256525473163091378e-01,9.018404175908280029e-01,7.418739894846135274e-02,-8.128749455235970700e+00,-1.436664172097056741e-02,-7.523973812407723505e-02,9.970619747100356589e-01,2.055797754843324554e-01
8.569535840211125466e-01,-5.114342202461193976e-01,-6.376200431771479604e-02,4.155212360531796101e+00,5.153935703247670697e-01,8.503342267845580560e-01,1.063069632084245875e-01,-7.981602783577801397e+00,-1.500041954956333220e-04,-1.239626601842302861e-01,9.922868720177571156e-01,2.132307102966917722e-01
7.575980181588756190e-01,-6.492742810747721416e-01,-6.699366251057077559e-02,4.287559523270888739e+00,6.527153484323107158e-01,7.531475750518572543e-01,8.204513461744468439e-02,-7.857748585281671971e+00,-2.813681330745220008e-03,-1.058850231540981873e-01,9.943743988403057621e-01,2.418107360698836528e-01
5.592517657024865807e-01,-8.211173397299489363e-01,-1.140341043436614438e-01,4.466075786932571567e+00,8.288716302668677205e-01,5.562515812568997742e-01,5.963219673921082986e-02,-7.633945121436569892e+00,1.446662010962228122e-02,-1.278690452924745591e-01,9.916855470150753860e-01,1.739876931441892149e-01
3.851732303800087798e-01,-9.107637346447762239e-01,-1.488321277632175532e-01,4.559717679078509001e+00,9.226158742101777666e-01,3.836250262833932334e-01,4.014707790680862448e-02,-7.475757338266170393e+00,2.053122631549781502e-02,-1.527784633545052340e-01,9.880471698664048397e-01,2.235129665698007140e-01
1.904092691755056299e-01,-9.770790249361031021e-01,-9.518870333165720121e-02,4.646870664511131288e+00,9.810569220970793980e-01,1.858648834241953818e-01,5.460366942903403104e-02,-7.200110154003703578e+00,-3.565986283561509845e-02,-1.037825810992510228e-01,9.939605374676183658e-01,1.622847703706041533e-01
1.578890269408318725e-01,-9.842250012012860871e-01,-7.982607457469029222e-02,4.661611408624034780e+00,9.873559807557185097e-01,1.562006716717982691e-01,2.700958043347210374e-02,-7.023946810068136593e+00,-1.411461786909069815e-02,-8.308126852429366382e-02,9.964428134031566575e-01,2.046827210998288793e-01
6.263307862847766749e-02,-9.959585847271046344e-01,-6.437076176261907756e-02,4.668680165185048025e+00,9.979866146309052111e-01,6.314518008602040822e-02,-5.950062978562850428e-03,-6.745051856472427332e+00,9.990719646941348051e-03,-6.386848785030821429e-02,9.979083133137258699e-01,2.462128830674829016e-01
-4.137624660344839389e-02,-9.968261605376267376e-01,-6.801185106157865701e-02,4.672483789581516334e+00,9.991148325677844388e-01,-4.076221757506919702e-02,-1.039196619560462352e-02,-6.549058464751348119e+00,7.586669892545918996e-03,-6.838162974201847377e-02,9.976303900512258904e-01,2.208707850281926843e-01
-9.897592935770485600e-02,-9.921809417109312967e-01,-7.603120618131817277e-02,4.656750841724302425e+00,9.950779327319316803e-01,-9.905900976694596849e-02,-2.687075350073435225e-03,-6.260758619019774152e+00,-4.865511044423957883e-03,-7.592293125004923038e-02,9.971018179266702974e-01,2.709950618131921618e-01
-2.337364757069831933e-02,-9.960094064708415740e-01,-8.613323876901916865e-02,4.692967130198272052e+00,9.975286100068678774e-01,-2.894581244730334499e-02,6.402196622668913928e-02,-6.070963329865012525e+00,-6.625967715742776820e-02,-8.442394306928374670e-02,9.942244480094128978e-01,2.503645133441415038e-01
9.563338655145671441e-02,-9.924328815577267981e-01,-7.701448551879717941e-02,4.717519805397408561e+00,9.933685545721210319e-01,9.019001187051721435e-02,7.130691793992215144e-02,-5.806410883566910819e+00,-6.382139268297519485e-02,-8.332309020806487332e-02,9.944767933311355890e-01,2.429095385543553198e-01
1.310290230006010415e-01,-9.892037852451436297e-01,-6.562976754633589871e-02,4.734233161674759494e+00,9.890901308929084257e-01,1.259443610775573263e-01,7.641158866961754448e-02,-5.636018272895280568e+00,-6.732093360728869103e-02,-7.492589118218052902e-02,9.949140680123047531e-01,2.462722490021786170e-01
5.559269934107356759e-02,-9.921236480054114182e-01,-1.122502509948465621e-01,4.775422912362273564e+00,9.979446647311071006e-01,5.162324464727566925e-02,3.796691647744559334e-02,-5.335156503832275021e+00,-3.187315351029509913e-02,-1.141302224676731952e-01,9.929543767992478065e-01,2.239857996741105028e-01
-1.057134601858637259e-02,-9.932308935482733192e-01,-1.156747109123357209e-01,4.784017091924963161e+00,9.990057128136048403e-01,-1.550105357657298802e-02,4.180075482329273506e-02,-5.140570133166715294e+00,-4.331088095543811356e-02,-1.151178067864106203e-01,9.924072037986949590e-01,2.030932650978692355e-01
-4.635290612548810529e-02,-9.955982761168057360e-01,-8.145845988579097918e-02,4.787095415584385449e+00,9.968604879148101894e-01,-5.134326209753577175e-02,6.027468018521450061e-02,-4.883661554971789442e+00,-6.419171074186914849e-02,-7.840881347416971126e-02,9.948524927051241029e-01,2.096319179841756586e-01
-5.087769064451831691e-02,-9.905195230517718219e-01,-1.276030369856838431e-01,4.774284382417770978e+00,9.980736283308473400e-01,-5.497090462047175136e-02,2.876164243752893368e-02,-4.712726941477530573e+00,-3.550342272482941153e-02,-1.258939001639720057e-01,9.914082069845497891e-01,1.704264748048939515e-01
-1.957029536672161285e-01,-9.687823472199303954e-01,-1.521877709967801307e-01,4.748553621524056467e+00,9.803589147563696038e-01,-1.971377710051935572e-01,-5.753042744218498337e-03,-4.427463586281533914e+00,-2.442851169515365684e-02,-1.503245254712115564e-01,9.883348546207448848e-01,1.873106726031231184e-01
-3.733232467134949273e-01,-9.125382402507071777e-01,-1.670440467165361376e-01,4.704319262644211186e+00,9.270466873301851374e-01,-3.737255197936651396e-01,-3.022706345453526552e-02,-4.237470006513890830e+00,-3.484527189482687637e-02,-1.661420956142553584e-01,9.854859771155921599e-01,1.637711408724115136e-01
-6.770082469231160083e-01,-7.270334319430836745e-01,-1.143775434040678746e-01,4.570298187765197362e+00,7.354370407908304985e-01,-6.742367819213256341e-01,-6.735815419977526919e-02,-3.953701003045256179e+00,-2.814591677161169814e-02,-1.297195079447791277e-01,9.911511774838609456e-01,1.652673229309711556e-01
-8.312469410773702938e-01,-5.426309589704757519e-01,-1.207483553357782818e-01,4.342353087044953597e+00,5.481466741602799564e-01,-8.362377982447258828e-01,-1.554247064776327972e-02,-3.818451277205432426e+00,-9.254051305529695237e-02,-7.910744057036851740e-02,9.925614672602710575e-01,1.537988080834047089e-01
-8.628762635696233252e-01,-4.919860431475443496e-01,-1.157336904973968877e-01,4.181216257112568613e+00,4.973313116842668080e-01,-8.673059681213812766e-01,-2.102199037769367576e-02,-3.780076783843721699e+00,-9.003399461609806753e-02,-7.569736461103214464e-02,9.930577973131307079e-01,1.300085381106529381e-01
-9.577518952757695381e-01,-2.731190746386305546e-01,-9.009593866655828120e-02,3.949435446341391653e+00,2.750140165325801189e-01,-9.613972128004524276e-01,-9.093400361744706853e-03,-3.721277476191994005e+00,-8.413440322655157955e-02,-3.348686739692542658e-02,9.958915763805048504e-01,9.396929787853633420e-02
-9.864562989154916917e-01,-1.244142764519681199e-01,-1.068880636220990304e-01,3.777946325112128800e+00,1.320808928539187743e-01,-9.889108159030695067e-01,-6.789724539947646076e-02,-3.708283736473956704e+00,-9.725537554737177792e-02,-8.109553628195750874e-02,9.919500521307892393e-01,7.051344530165057356e-02
-9.953280065898236773e-01,6.954008431691557912e-02,-6.698011623700408923e-02,3.474366156016543528e+00,-6.338868983704197546e-02,-9.939265414069877735e-01,-8.995501257565628739e-02,-3.673523703185732625e+00,-7.282879443372405892e-02,-8.528896153629370036e-02,9.936909779913396523e-01,4.515377943314727999e-02
-9.867893435687270509e-01,1.402303569408939465e-01,-8.113099538048754167e-02,3.278574625998211811e+00,-1.348696055085056023e-01,-9.885145850613540341e-01,-6.818434300452766439e-02,-3.639428445350718633e+00,-8.976068699146269592e-02,-5.634147773362373907e-02,9.943684714217393417e-01,6.439183217215548038e-02
-9.963561880966612661e-01,3.134713507242140040e-02,-7.932025948167636953e-02,2.997319928323097571e+00,-2.803283060636738502e-02,-9.987006400546244445e-01,-4.255810102293249020e-02,-3.587500957362333764e+00,-8.055126845484089637e-02,-4.017945591013847434e-02,9.959403117019993701e-01,1.125294989126413847e-01
-9.983680548052340509e-01,-1.679358597878553155e-02,-5.458207228005185208e-02,2.846696451812856132e+00,1.919230224889904510e-02,-9.988592784406764569e-01,-4.372410556384291602e-02,-3.592295482480649671e+00,-5.378552480731781105e-02,-4.470030584844236071e-02,9.975515024189234303e-01,1.491741741132328047e-01
-9.975629826295516756e-01,6.313871409989527117e-02,-2.969172391496826408e-02,2.574363474666180984e+00,-6.175585937736071535e-02,-9.970587463332756251e-01,-4.538799613202001981e-02,-3.620387999122081535e+00,-3.247013273447905968e-02,-4.344374687027200560e-02,9.985280823983226917e-01,1.092372996035995414e-01
-9.933142938389020182e-01,1.154402881042980028e-01,-5.035252907488063255e-04,2.358865759949911656e+00,-1.150602935846751496e-01,-9.903798882651936308e-01,-7.686875672229157019e-02,-3.615520071501242771e+00,-9.372432743431366800e-03,-7.629689903409621332e-02,9.970410927851696137e-01,8.630551105380179777e-02
-9.818843027369390519e-01,1.801599685789883332e-01,-5.869924838029258463e-02,2.050195821879856162e+00,-1.776903204284158433e-01,-9.830606482751426123e-01,-4.492117361449099455e-02,-3.614111563270263172e+00,-6.579791839291222744e-02,-3.367710697898784744e-02,9.972645017249335275e-01,1.037945279309009095e-01
-9.857024506222576976e-01,1.583561164092753548e-01,-5.756751890646320813e-02,1.867495352822838850e+00,-1.542940577332719554e-01,-9.855946933222448081e-01,-6.925636608451327114e-02,-3.638881873910686959e+00,-6.770541031170090873e-02,-5.938384368498157706e-02,9.959365122956966854e-01,1.056158967786223063e-01
-9.882723450939868703e-01,1.233179067850944249e-01,-9.005812450064101804e-02,1.572368010086188983e+00,-1.221247898959980371e-01,-9.923392921738426464e-01,-1.866185684157911640e-02,-3.675494592907093683e+00,-9.166955664389669911e-02,-7.444667491567044312e-03,9.957616528620922836e-01,7.827937891400046921e-02
-9.861163552510008312e-01,1.539054224426833206e-01,-6.235106133194098788e-02,1.298484544112639139e+00,-1.526954746729180246e-01,-9.879877425529930424e-01,-2.375526424717383511e-02,-3.705044587585691218e+00,-6.525814831032666907e-02,-1.390472969100630361e-02,9.977715332536410964e-01,7.322615840841520396e-02
-9.899095061259214345e-01,1.382175557408397426e-01,-3.122622241899464593e-02,1.119494289618237604e+00,-1.362579533712986735e-01,-9.889749667336911187e-01,-5.798521636727381467e-02,-3.721279727111193480e+00,-3.889652715343266953e-02,-5.314529573840325039e-02,9.978289621554760069e-01,8.223731541883097518e-02
-9.979230548978597071e-01,2.823969432671314880e-02,-5.789728981269862129e-02,8.662297182505853677e-01,-2.454384573443306808e-02,-9.976748301637067273e-01,-6.358091611783739383e-02,-3.675496372920278976e+00,-5.955817441700336778e-02,-6.202783989591193620e-02,9.962958250128098880e-01,9.840978345669572358e-02
-9.918266632910813785e-01,-1.220151920520794464e-01,-3.731169914882244421e-02,7.173803849735099769e-01,1.229120806443304292e-01,-9.921564792805103172e-01,-2.276271190750535703e-02,-3.609140048689451596e+00,-3.424164739844918343e-02,-2.716272317343411402e-02,9.990443914327522545e-01,8.824461884661809197e-02
-8.874725064967448063e-01,-4.578058065087234896e-01,-5.297540692888367403e-02,5.625846137836720828e-01,4.565060206508935736e-01,-8.890243237987184299e-01,3.518529243473095258e-02,-3.559455209297964551e+00,-6.320445650324033049e-02,7.042387459405121362e-03,9.979757519383907205e-01,7.978257856857130792e-02
-7.547846577593677608e-01,-6.551479462795030129e-01,-3.288295754371769325e-02,4.575175639995902044e-01,6.542563142832974465e-01,-7.554872133031478310e-01,3.446368749683006300e-02,-3.443022384123410884e+00,-4.742146804463610865e-02,4.498779967133647965e-03,9.988648383776923545e-01,4.585027112779157393e-02
-6.852282041813749780e-01,-7.281872219589963224e-01,-1.434147726022616011e-02,3.667952622341125180e-01,7.283231364861010304e-01,-6.851654693852772260e-01,-9.679277922487346947e-03,-3.308031459020663423e+00,-2.777958497736406421e-03,-1.707774392861059060e-02,9.998503056002374656e-01,6.278140463816536676e-02
-5.860405945450799514e-01,-8.080213845416120977e-01,-6.048027503826190060e-02,2.458472943658607801e-01,8.073626426647936283e-01,-5.886304893163265550e-01,4.098426864715842832e-02,-3.075912790259948348e+00,-6.871669938646068898e-02,-2.481106951900885482e-02,9.973276422794808971e-01,7.373221473377333801e-02
-4.869059912397261658e-01,-8.705835308210982948e-01,-7.075925068800402451e-02,1.592495786568441374e-01,8.719516250784529188e-01,-4.892207013539536797e-01,1.906486007791591622e-02,-2.911508638607959387e+00,-5.121444345010803950e-02,-5.241584903265457396e-02,9.973112149937330972e-01,9.533038769309276628e-03
-3.810716338514637536e-01,-9.220143741976071228e-01,-6.836595385693827742e-02,5.116685353288659421e-02,9.215978893149288087e-01,-3.847167688415233378e-01,5.148143531804209860e-02,-2.632530760316442731e+00,-7.376815223416932632e-02,-4.338780410589160308e-02,9.963311488510331326e-01,5.327010045229847723e-02
-3.611545927751085294e-01,-9.296089348633084226e-01,-7.344786136946865329e-02,-9.463579401189824158e-03,9.314033255169086312e-01,-3.634360349850245808e-01,2.005227394604619170e-02,-2.457315538795667109e+00,-4.533437253882094398e-02,-6.116761150042895195e-02,9.970974465767316053e-01,7.163354733409756092e-02
-3.544939045748654594e-01,-9.348102182763895485e-01,-2.153897456502742655e-02,-4.644747949704047807e-02,9.350502864875352982e-01,-3.543012810020838010e-01,-1.231113397946999657e-02,-2.137196448952513705e+00,3.877287562717387972e-03,-2.450424629180350880e-02,9.996922069091169760e-01,-8.076567839260806458e-03
-2.910218773795255620e-01,-9.563465422111340208e-01,-2.659996404700366163e-02,-4.635794389413116362e-02,9.558949966515379870e-01,-2.918114834863492768e-01,3.332886859844105126e-02,-1.960695820685445900e+00,-3.963612320916826137e-02,-1.572734263318805240e-02,9.990904005297219781e-01,-1.972792415494154829e-03
-1.206720033042506385e-01,-9.924701622046988581e-01,-2.100582661824043629e-02,-9.651852339798785985e-02,9.925782371169025176e-01,-1.209520620082568804e-01,1.261118146140976538e-02,-1.680460787224367536e+00,-1.505691935426256567e-02,-1.932810982293498361e-02,9.996998116185809025e-01,1.889794658213964432e-02
-7.104058240412725045e-02,-9.974579430368117894e-01,5.557654581972181797e-03,-1.349559675898130973e-01,9.972532372726076177e-01,-7.090673268719628608e-02,2.140598068135052615e-02,-1.499237176840873653e+00,-2.095749033129414365e-02,7.063082358048950772e-03,9.997554183232074676e-01,3.022437426966486512e-02
1.920340182032295034e-02,-9.994521198487096303e-01,2.695717879240254466e-02,-9.497111149444498190e-02,9.998123637090408078e-01,1.912778164980589307e-02,-3.060284904637204911e-03,-1.237925706208562682e+00,2.542977205444611061e-03,2.701088852806719440e-02,9.996319048369010085e-01,7.912929549338608426e-02
1.281057760815289825e-01,-9.913618620650209712e-01,-2.811705136605440261e-02,-7.465533561775380966e-02,9.902762567209493216e-01,1.294131182295299998e-01,-5.104096594749527038e-02,-1.062187751300818439e+00,5.423878233600695764e-02,-2.130500582215261521e-02,9.983006817675821321e-01,3.370098207647843208e-02
3.136055444773427903e-01,-9.474731085050429602e-01,-6.281935317128217733e-02,7.200607436141190365e-03,9.491661080994404642e-01,3.146800888094216098e-01,-7.755059139367819279e-03,-8.448646989617745184e-01,2.711570962430664630e-02,-5.719397141905505771e-02,9.979947835158661240e-01,6.335424458526346669e-02
4.595008556874699557e-01,-8.871855449992200882e-01,-4.196155820411597709e-02,4.448010195860593874e-02,8.871923681884142932e-01,4.607031157365698015e-01,-2.534444670631435040e-02,-6.908386146324076993e-01,4.181704736964277080e-02,-2.558217924750912087e-02,9.987977205892228927e-01,1.826890110087948937e-02
6.278670864380846428e-01,-7.772104210443604444e-01,4.155578404742576309e-02,1.503969076309950026e-01,7.781841494704734297e-01,6.278612659156380671e-01,-1.482094044679941637e-02,-4.957923376498137857e-01,-1.457227781320314178e-02,4.164363316112850572e-02,9.990262541777719107e-01,2.591796564913400464e-02
6.653981851750879750e-01,-7.463085181726351047e-01,1.639667248751184442e-02,2.222816675624665339e-01,7.464877926207322822e-01,6.652695576310629910e-01,-1.312978132322560609e-02,-3.294267559640613463e-01,-1.109339409121075761e-03,2.097644851574743258e-02,9.997793546446813728e-01,2.759559699991544213e-02
7.404982063602981723e-01,-6.720103623206156174e-01,8.029901051340255710e-03,4.145662136896419159e-01,6.719040961224501673e-01,7.405313823553197894e-01,1.257606300842408452e-02,-1.653449471893195244e-01,-1.439763838458321850e-02,-3.917228692959049546e-03,9.998886754675782029e-01,4.988388105573925146e-02
8.026884221496539684e-01,-5.963687742337309139e-01,-5.965070481938447751e-03,5.078106168969990231e-01,5.959403349992563603e-01,8.016395042626142109e-01,4.721464101911322653e-02,-6.542995512458447960e-02,-2.337550144642126099e-02,-4.145347180329522763e-02,9.988669559093322770e-01,3.177576043853082288e-02
8.972758977291864779e-01,-4.336041752415050188e-01,-8.296615314340448355e-02,6.684684148400452663e-01,4.387124274774167332e-01,8.967563443555087721e-01,5.796089056437899595e-02,4.771155261035223138e-02,4.926834004868819311e-02,-8.840519255834258794e-02,9.948653942104747072e-01,5.599284794376604979e-02
9.096442907149936419e-01,-4.037204005325322753e-01,-9.776043455031227514e-02,7.976287103384551713e-01,4.113805721022656958e-01,9.081767417378545648e-01,7.733712344809705319e-02,1.007969312739105394e-01,5.756117846627991502e-02,-1.105660162991558559e-01,9.922005174224119983e-01,6.494442233965724842e-02
8.844288831977206167e-01,-4.478878838417360009e-01,-1.310801055591669095e-01,9.892375567429821936e-01,4.587803201613049331e-01,8.859107727637028917e-01,6.843040650112207357e-02,1.356448093545223887e-01,8.547612765165205073e-02,-1.206588007937658136e-01,9.890072221135106645e-01,7.392583595707077904e-02
8.783559528821071050e-01,-4.516777876469038056e-01,-1.564544540208499257e-01,1.087465811941378480e+00,4.667033482125760302e-01,8.811065794111644367e-01,7.641453059155618732e-02,1.508933759353506820e-01,1.033383026942816807e-01,-1.401369753660865469e-01,9.847247449574445533e-01,8.683190979897367767e-02
9.006478405096358664e-01,-4.124737903993829224e-01,-1.367437004724283978e-01,1.154034456096244998e+00,4.233159357651530286e-01,9.038817180749931790e-01,6.165596692186974676e-02,1.642726316939355780e-01,9.816866054194832436e-02,-1.134161009881915066e-01,9.886858460218950206e-01,7.707082664177750120e-02
8.859828097324589091e-01,-4.381484084347097574e-01,-1.518566200226588447e-01,1.201707186672479333e+00,4.463874403645326505e-01,8.945338599586145634e-01,2.339714667094900530e-02,1.974435469514395636e-01,1.255894658933479069e-01,-8.851635766157414653e-02,9.881255691879177183e-01,1.209574373196923847e-01
8.849827463452917264e-01,-4.474500480816793746e-01,-1.288176740313443924e-01,1.196021624739528777e+00,4.583400506136068309e-01,8.858803138428049673e-01,7.169705397914898082e-02,2.379786507149294628e-01,8.203619124910260796e-02,-1.224929549707875348e-01,9.890730707626509410e-01,1.184049049950581523e-01
9.146851213598984343e-01,-3.852072343790789999e-01,-1.223377102321571708e-01,1.177396648457673667e+00,4.004666525710849911e-01,9.046609625574499880e-01,1.456537091980057153e-01,2.552637134082154091e-01,5.456728819847944667e-02,-1.822194539741806008e-01,9.817425740243773680e-01,1.019470105574877550e-01
9.403842836020731566e-01,-3.310872473259294235e-01,-7.783722639169980695e-02,1.165874754525358048e+00,3.396178896823197624e-01,9.264459814507947089e-01,1.623500306787794834e-01,2.371088391553190511e-01,1.835996083714895241e-02,-1.791063318585126851e-01,9.836583928001840782e-01,9.699559500960260039e-02
9.566381030336835734e-01,-2.849419505423678722e-01,-6.042867403165964185e-02,1.189513551843714323e+00,2.896018228800539274e-01,9.526680273803767030e-01,9.249007401732860234e-02,2.365282180365482489e-01,3.121416359064760684e-02,-1.059797831111754934e-01,9.938782428260712898e-01,1.095770973339725701e-01
9.641534892402069401e-01,-2.587747492670637306e-01,-5.868286229983098179e-02,1.180804586097600861e+00,2.635781811683503006e-01,9.594979713510097818e-01,9.944941118619203546e-02,2.092460530800561991e-01,3.057109088529472857e-02,-1.113520189087933709e-01,9.933106947410831333e-01,1.087213517000979873e-01
9.648957197373947414e-01,-2.556512849782267560e-01,-6.015538647066450556e-02,1.190418699929207680e+00,2.604068247470822106e-01,9.610431183107118747e-01,9.265209319149067535e-02,2.052745347212404647e-01,3.412529351662663135e-02,-1.050644813274389522e-01,9.938797307047743113e-01,1.026650551713104292e-01
9.648473431910219444e-01,-2.541670401522315159e-01,-6.684848567827524068e-02,1.177289416097127228e+00,2.595687225669809917e-01,9.614325634716547331e-01,9.094781009605068522e-02,1.814089617337325544e-01,4.115437524942212877e-02,-1.051025289732631929e-01,9.936094684539034105e-01,1.002748185241327528e-01
9.588603303204100703e-01,-2.770707233938703440e-01,-6.179547860345184496e-02,1.211543438930182903e+00,2.789420443427435559e-01,9.600110487056409125e-01,2.387723310992098322e-02,1.888547584415214697e-01,5.270865996895710698e-02,-4.013228875970154680e-02,9.978031852841416915e-01,7.980815316040502927e-02
9.603146784944268655e-01,-2.659338371675182278e-01,-8.411249917523319630e-02,1.205818734944076542e+00,2.692954162568348409e-01,9.625482851221976999e-01,3.131736884499391332e-02,1.783728526448682405e-01,7.263399377152342240e-02,-5.272563947146894497e-02,9.959640103392880528e-01,8.706130643434115135e-02
9.568943427834611937e-01,-2.774966409981431403e-01,-8.572532288509479570e-02,1.209920710276505940e+00,2.799047884276706366e-01,9.598729821281231089e-01,1.723854969897154615e-02,1.422723451511006265e-01,7.750178168446816840e-02,-4.049039904978377069e-02,9.961696649770644951e-01,1.240262778303250768e-01
