9.989503727540850475e-01,-4.572235084659864029e-02,2.760327432591008941e-03,5.144793851417159281e-02,4.568893227008751640e-02,9.988934705345512421e-01,1.115150175801303718e-02,1.983973177108283928e-02,-3.267145924798893659e-03,-1.101368042482404365e-02,9.999340101231710687e-01,-5.987266457522042590e-03
9.928715793048316085e-01,-1.112752902229518087e-01,4.270640226625532082e-02,1.422439857155943788e-01,1.102666255790941546e-01,9.935800772466066855e-01,2.529627209742526736e-02,7.617303918509669980e-04,-4.524708048183037623e-02,-2.040685875937202007e-02,9.987673712248742453e-01,-4.414359370048266673e-02
9.925099358178524067e-01,-1.077081302097612769e-01,5.764534664272059211e-02,2.270138053112502052e-01,1.081526639187647132e-01,9.941234740118639612e-01,-4.638933698330308109e-03,-1.563036538701740794e-02,-5.680694139026532669e-02,1.083868558912393955e-02,9.983263465944305359e-01,-3.709706500614023961e-02
9.989511855590663680e-01,-2.623138523128160440e-02,3.752923259252276961e-02,4.251610163706363021e-01,2.631714155275459086e-02,9.996520364402283754e-01,-1.792791509533587808e-03,3.846955103699278844e-02,-3.746914638242841711e-02,2.778573330412478955e-03,9.992939220267577083e-01,-1.819600385275403978e-02
9.952776110710610524e-01,4.917692308188533271e-03,9.694479461551096244e-02,6.886325621867783742e-01,-4.117411713110454008e-03,9.999557930126999894e-01,-8.453339051949755947e-03,1.055672429855633865e-01,-9.698207989864084111e-02,8.014257464323269395e-03,9.952538610102595884e-01,-3.390871065052990241e-02
9.981585197902157480e-01,2.944648163623182768e-02,5.303276430144283210e-02,8.946189008393659048e-01,-2.888792057435567856e-02,9.995191392380708972e-01,-1.126846669585466337e-02,9.039849212562559022e-02,-5.333907962362158250e-02,9.715709754461029565e-03,9.985291921465651033e-01,6.540495017547026668e-03
9.996445015286484770e-01,1.298708072557005176e-02,2.328532365605349985e-02,1.242062284231430835e+00,-1.302239443154372574e-02,9.999142725636931406e-01,1.365564604783549730e-03,1.061961420223832414e-01,-2.326559276719454908e-02,-1.668309817769302343e-03,9.997279274560368911e-01,3.101365093461353958e-02
9.990620385264183945e-01,2.617885505685078190e-02,3.449218351089577972e-02,1.564544944208920985e+00,-2.414514790029961833e-02,9.980179439296241739e-01,-5.811364235150430491e-02,1.256903791524682235e-01,-3.594516668913314700e-02,5.722631512161425321e-02,9.977139338754832387e-01,5.476946943018966979e-02
9.954006515039806047e-01,8.858215906929853278e-02,3.647936512704170325e-02,1.789733460272738608e+00,-8.609008545528569478e-02,9.941647670103693768e-01,-6.499933246980277302e-02,1.515788113402817272e-01,-4.202428074044985834e-02,6.155986622662394658e-02,9.972183024285143915e-01,7.956722890464296150e-02
9.882418631489755523e-01,1.385700587039948029e-01,6.462475338917963996e-02,2.125907373509906328e+00,-1.314158184197571078e-01,9.858320573727969993e-01,-1.042354897584501783e-01,1.745137116596468252e-01,-7.815307152573265637e-02,9.451715974832276823e-02,9.924508068031401287e-01,7.472168296128939291e-02
9.919444696594866828e-01,1.243277197125969291e-01,2.426493814179517261e-02,2.373598215233415853e+00,-1.226823564809699368e-01,9.906060558426312834e-01,-6.040431719821134221e-02,1.781296760326442352e-01,-3.154692568595912627e-02,5.694084859722277348e-02,9.978790163345417907e-01,8.848093961915852457e-02
9.990313341480278053e-01,4.209145662435466798e-03,4.380269949675821839e-02,2.748552021770065412e+00,-1.876380858009742657e-03,9.985841578396421614e-01,-5.316163002174157520e-02,1.961379850852279505e-01,-4.396444683248720842e-02,5.302794361923947319e-02,9.976247614259723395e-01,1.286530494639278599e-01
9.995771777134945246e-01,-2.242023356482453211e-02,1.851482976490067753e-02,2.976663572396822222e+00,2.380609074925457702e-02,9.966395229565697678e-01,-7.837685451802393899e-02,2.364986414642356316e-01,-1.669538372014230457e-02,7.878448075477774426e-02,9.967518596695154054e-01,1.260704194797624689e-01
9.990689060603890059e-01,3.025918575646633149e-02,3.075227830019727424e-02,3.310474302432206084e+00,-2.858303399942962661e-02,9.981557005508050473e-01,-5.355564979830920724e-02,2.813239789449876738e-01,-3.231611224582199571e-02,5.262679104113560796e-02,9.980912231625064246e-01,1.875374534920264125e-01
9.998312923076632108e-01,1.651616572000829883e-02,8.037611106352289883e-03,3.546037009500016435e+00,-1.620179785149015658e-02,9.991569991463087330e-01,-3.771992581279200868e-02,2.711440160386387466e-01,-8.653823938998451634e-03,3.758333842079898679e-02,9.992560252529781861e-01,1.252736410636598186e-01
9.951486967227153313e-01,-9.007542950503942547e-02,-3.956625343096698694e-02,3.925682551544786847e+00,9.198719850562675493e-02,9.945294043011011498e-01,4.949362879788800351e-02,2.967348759172799832e-01,3.489164258339329250e-02,-5.289310900277443411e-02,9.979904269570191166e-01,2.055695720840428065e-01
9.914203145818734075e-01,-1.305219569316160844e-01,-7.055394611235828867e-03,4.172723557521437421e+00,1.306595151301175317e-01,9.911105110549057740e-01,2.506084560516374030e-02,3.121975647658792319e-01,3.721685148088942768e-03,-2.576768587251495116e-02,9.996610302619751698e-01,2.151867589601495490e-01
9.971306709283256353e-01,-6.780539017819080250e-02,-3.365789887693799304e-02,4.545442135725314969e+00,6.733089249998637504e-02,9.976173709267616152e-01,-1.503769065817870017e-02,3.565853937958384234e-01,3.459734107098646344e-02,1.272832620414379202e-02,9.993202758389617690e-01,2.263932544087260967e-01
9.994927070318183615e-01,-3.153804630558133121e-02,-4.436240010931001912e-03,4.785007026313353506e+00,3.142975426324668559e-02,9.992489425562699479e-01,-2.266542183873478458e-02,3.735828920703321288e-01,5.147731263334203410e-03,2.251449389621875546e-02,9.997332636395757088e-01,2.778225470346391557e-01
9.990866870808106093e-01,-4.101896349018294835e-02,-1.196813820446585366e-02,5.155764326073276393e+00,4.093085398441900780e-02,9.991337089130145621e-01,-7.516442365190553060e-03,3.477675707851485276e-01,1.226608698796536473e-02,7.019711383959715244e-03,9.999001283938757645e-01,2.426995202749630542e-01
9.961375123378778396e-01,-8.712572616249050772e-02,1.091624266689727139e-02,5.407179164781301672e+00,8.719696711273498824e-02,9.961716176669930256e-01,-6.228730293258457479e-03,3.722953150825616953e-01,-1.033176846645803351e-02,7.156535152170105836e-03,9.999210161632622329e-01,3.170339356737955083e-01
9.933718387618084567e-01,-7.836171694982366209e-02,8.409418096193567449e-02,5.763193690262506941e+00,8.367911209988676546e-02,9.945817093089343031e-01,-6.168492284417891047e-02,4.191693538291933474e-01,-7.880479778006954650e-02,6.831299162526427438e-02,9.945467002720629335e-01,2.677153607789862777e-01
9.968501932955082800e-01,-3.445430512782200749e-02,7.143243650377767429e-02,5.983051485764564248e+00,4.308125254642928420e-02,9.914731337182258741e-01,-1.229838639578022114e-01,4.297927675528875335e-01,-6.658601809492793733e-02,1.256738873955896840e-01,9.898345196148405911e-01,2.932651988023126655e-01
9.972226548764987486e-01,5.382250560507931963e-02,5.147926273227237254e-02,6.292415061355737471e+00,-5.126640409197879417e-02,9.974451927601791779e-01,-4.974779644453064531e-02,4.491325172081741535e-01,-5.402529419211937051e-02,4.697047295908066827e-02,9.974342295397000679e-01,3.427665062666886975e-01
9.991046583121365732e-01,-4.226317646464423233e-02,1.925007560179716913e-03,6.647625518251573773e+00,4.229794219111795289e-02,9.987975208379480385e-01,-2.478702189382817403e-02,4.518613366561756717e-01,-8.751144983698828754e-04,2.484625289830656725e-02,9.996909011747221463e-01,3.512768493191310570e-01
9.977859302718734558e-01,-5.641225936893212028e-02,3.522633027132172218e-02,6.892347608808984560e+00,5.673815619433898727e-02,9.983544203614987955e-01,-8.320635571999092026e-03,4.753840439481444302e-01,-3.469897668748608832e-02,1.030089013374794332e-02,9.993447216447854942e-01,4.088044717789088844e-01
9.992743694619252715e-01,-3.783980678630952804e-02,4.345521700156953875e-03,7.234651077064454761e+00,3.783604893301752842e-02,9.992835146726450901e-01,9.437714890460643198e-04,5.140745574286517128e-01,-4.378120328414950718e-03,-7.786692879460605041e-04,9.999901128193868782e-01,3.483557220523671449e-01
9.990146481440983495e-01,-3.307416365898020738e-02,2.959446724951608071e-02,7.460823402090902334e+00,3.343302524271266757e-02,9.993723069023121575e-01,-1.171430833941680509e-02,5.449150871446997169e-01,-2.918845005552411428e-02,1.269219819455162310e-02,9.994933428934615893e-01,4.390684291082037616e-01
9.999307243420495483e-01,-1.132811228623973113e-02,-3.196934283827179875e-03,7.800351832759509385e+00,1.143184583255194876e-02,9.993376915334953869e-01,3.454694170784552987e-02,5.474411008015277469e-01,2.803465292371559031e-03,-3.458109530559808770e-02,9.993979629906296624e-01,3.599557778945468023e-01
9.975847270148765489e-01,-5.978683390942039766e-02,-3.535883083109925273e-02,8.056081801570954326e+00,6.155075126606993768e-02,9.967949554213474395e-01,5.110109455908392467e-02,5.199140968322067957e-01,3.219033154904307747e-02,-5.315403406742919695e-02,9.980673480367553418e-01,4.816381395849007041e-01
9.959214883412434993e-01,-8.923824597861330921e-02,-1.330129748647397407e-02,8.417275444573219190e+00,8.943317921732080178e-02,9.958819543767049032e-01,1.486066626760772225e-02,5.849171236962531495e-01,1.192038234478085858e-02,-1.598963418890915825e-02,9.998010982606788666e-01,4.966412056580694623e-01
9.983561613740984386e-01,-5.442390356762091125e-02,-1.797258375521789200e-02,8.648334609125534200e+00,5.464955171511087090e-02,9.984296896454271097e-01,1.231183706330656220e-02,6.491058331302467233e-01,1.727430298777505452e-02,-1.327379203537107019e-02,9.997626742888977569e-01,4.907305438660954366e-01
9.991740418037613480e-01,-6.602257938820913635e-03,4.009544083366043538e-02,8.981874319468035495e+00,7.390823535330925780e-03,9.997815444592135226e-01,-1.955093568654072203e-02,6.498945839506897748e-01,-3.995760144210212111e-02,1.983112575873913555e-02,9.990045628214796469e-01,5.571504255350658852e-01
9.992062541699139322e-01,-3.596817466879607961e-02,-1.712168329122862320e-02,9.331667932826777090e+00,3.598283657406079611e-02,9.993522572823595462e-01,5.489414695951390886e-04,6.397687313758733119e-01,1.709084842290171241e-02,-1.164592481333829666e-03,9.998532625463290024e-01,4.992757267163573376e-01
9.978696616524074248e-01,-6.482953626578678852e-02,-7.298601323128262042e-03,9.585537688913825960e+00,6.487979442562713528e-02,9.978694137209277448e-01,6.873531518832572823e-03,6.473876742318325217e-01,6.837443162418670867e-03,-7.332420324493825990e-03,9.999497412286210141e-01,6.179661671504277365e-01
9.978337985954641720e-01,-6.574137967564445961e-02,-2.404449810364130743e-03,9.921587345221810850e+00,6.576765284685973101e-02,9.977464296199541893e-01,1.329202842491448988e-02,6.873273404019937249e-01,1.525194926149496186e-03,-1.342137023468707030e-02,9.999087661389218784e-01,5.712299398018646501e-01
9.994253332114716448e-01,-3.388977599122551532e-02,6.974370256235338638e-04,1.014355792907093523e+01,3.387368225129713806e-02,9.992900763956676924e-01,1.648990199724643252e-02,7.099529348857963607e-01,-1.255780983420379162e-03,-1.645680103802629746e-02,9.998637890801511663e-01,6.395704133304461747e-01
9.990585187752155649e-01,-4.183264524116043354e-02,1.149373110877058290e-02,1.049479340297861185e+01,4.168470070931992039e-02,9.990485222528847631e-01,1.282325664960302057e-02,7.100052733930907189e-01,-1.201922582564837923e-02,-1.233207105292435761e-02,9.998517181232916551e-01,6.483502990340817007e-01
9.955754389936465332e-01,-8.343821778486666674e-02,-4.321584299182817251e-02,1.073936636163194436e+01,8.512373060616330867e-02,9.956165790984845554e-01,3.875019886297691868e-02,7.175839292988736018e-01,3.979316223044529477e-02,-4.225744002085400630e-02,9.983139851783034979e-01,6.774394453409420258e-01
9.926114613767176298e-01,-1.182224916651103408e-01,-2.731170459841510134e-02,1.110454034139315027e+01,1.195002354472952943e-01,9.915136164857593082e-01,5.119025348024344030e-02,7.359286683879249225e-01,2.102808768336241266e-02,-5.407578744524666609e-02,9.983153954239900596e-01,6.836200671337979706e-01
9.922237385453808178e-01,-1.239726444881727035e-01,-1.108314421264498285e-02,1.135721866628634658e+01,1.242630648221629830e-01,9.917585596660329905e-01,3.120336600686973369e-02,6.901701721990691762e-01,7.123439340099809065e-03,-3.233794594226546693e-02,9.994516065644215574e-01,7.020750492751950400e-01
9.976357839555236584e-01,-6.798267780698530327e-02,1.005972612155648163e-02,1.166532935974684193e+01,6.819230768303480295e-02,9.974248402352782206e-01,-2.221479809703359384e-02,7.517839072689280755e-01,-8.523599258026162695e-03,2.284827345383595026e-02,9.997026081069647629e-01,7.141324776123968432e-01
9.980299677883345266e-01,-5.319607366436513579e-02,3.326200750274767998e-02,1.191825485737363977e+01,5.480457818215664356e-02,9.972704668343083112e-01,-4.947801724358537323e-02,7.787023081941816249e-01,-3.053918150005483639e-02,5.120345424652589933e-02,9.982212002690239450e-01,6.869555262596204193e-01
9.976242491092989217e-01,-3.700779299998519650e-02,5.810577291783615428e-02,1.229818500654895708e+01,4.014865381947015088e-02,9.977415227980148682e-01,-5.385108430832844656e-02,7.918547449496445845e-01,-5.598163257348999500e-02,5.605601610860857370e-02,9.968569505563165123e-01,7.455912645685645046e-01
9.987401102374671158e-01,-1.865414426596037969e-02,4.658556755646802577e-02,1.252748765172571943e+01,1.780477464858001499e-02,9.996688065504752974e-01,1.858136727105132169e-02,8.362614572594202489e-01,-4.691675822738379520e-02,-1.772851126443358849e-02,9.987414668900957970e-01,7.912258968295613482e-01
9.990252398315569993e-01,-4.413701481798595200e-02,-7.029242196583814981e-04,1.287407720268112499e+01,4.413292157061268067e-02,9.990129312978063281e-01,-5.044634120198480606e-03,8.659329186644865173e-01,9.248854760757561477e-04,5.008694712337418385e-03,9.999870286979402056e-01,8.139352093108798147e-01
9.995341318172212830e-01,-1.146620688897904104e-02,2.828507436749189835e-02,1.310160560790642315e+01,1.194880067040027076e-02,9.997849018019222544e-01,-1.695217659947332450e-02,8.688054699231197997e-01,-2.808461313485477104e-02,1.728225183533133036e-02,9.994561412471115736e-01,8.029679862742815644e-01
9.997826444473392193e-01,4.770753922128403990e-03,-2.029541250878108896e-02,1.347678496126714975e+01,-4.508514992879562346e-03,9.999060161250677981e-01,1.294728579490501616e-02,9.206887549400671888e-01,2.035527338175720929e-02,-1.285296945886313727e-02,9.997101900159085508e-01,8.280931643203540693e-01
9.993487030063806786e-01,-3.318126682107475078e-02,1.418355849619543432e-02,1.373162530161068773e+01,3.309241466177227642e-02,9.994314575926460664e-01,6.453965144960687426e-03,9.367518366063826152e-01,-1.438964528123191748e-02,-5.980393497729302732e-03,9.998785791296327385e-01,8.507268977193965798e-01
9.994132347683228890e-01,-2.686241234954984264e-02,-2.125081110643253432e-02,1.409365995553503659e+01,2.725703856375511283e-02,9.994571902584897805e-01,1.850347776335839120e-02,9.394910557897261372e-01,2.074222790956900195e-02,-1.907185474378090065e-02,9.996029333380230808e-01,9.144037457107272449e-01
9.998928099147598170e-01,9.849566236665358888e-04,-1.460816693554746817e-02,1.432115845400902998e+01,-7.840688799483182736e-04,9.999051417503886929e-01,1.375109948791996932e-02,9.778576839976382828e-01,1.462032546692535427e-02,-1.373817169730651155e-02,9.997987341068487188e-01,8.695979270961851082e-01
9.995464496740409377e-01,2.684084816687710290e-02,1.365517534505072614e-02,1.467768645969471208e+01,-2.688469572085585083e-02,9.996339258845690079e-01,3.037656432332565271e-03,9.854376429151434635e-01,-1.356864326373175000e-02,-3.403393936434201666e-03,9.999021496275001253e-01,9.173988429609488682e-01
9.989742576958338116e-01,2.455661571669934609e-02,-3.804477737616070165e-02,1.504643721744830742e+01,-2.257806662283863910e-02,9.984130801424969670e-01,5.159023461805918587e-02,1.015294449126827869e+00,3.925128492971832056e-02,-5.067833881367959925e-02,9.979434065148446997e-01,9.444041872185872100e-01
9.997439090835287256e-01,1.504564246654315103e-02,-1.690399045063901984e-02,1.528841265674054561e+01,-1.441780637522479397e-02,9.992234703178216604e-01,3.666855908453103829e-02,9.910487288190706900e-01,1.744256603005610307e-02,-3.641545013834347755e-02,9.991845034234215772e-01,9.565734113643074021e-01
9.979685930573956032e-01,6.370782738743939466e-02,-7.848277566916125460e-07,1.563676528095259677e+01,-6.369760426756040927e-02,9.978086707494374652e-01,1.790172583337804393e-02,9.888445588784391393e-01,1.141263167270888329e-03,-1.786531015158769262e-02,9.998397512659571440e-01,1.008049038911526862e+00
9.960957423348524298e-01,8.701864633847501695e-02,1.486698664155142874e-02,1.586635548974919274e+01,-8.634987808635034845e-02,9.954255835991135948e-01,-4.088527939045963344e-02,9.807597359544062421e-01,-1.835676052175459760e-02,3.944189024099832575e-02,9.990532351368291986e-01,1.016719543400077530e+00
9.958921260106424755e-01,8.231868469418571199e-02,-3.771614376130470042e-02,1.622788727790170071e+01,-8.412584019916749534e-02,9.952430035739140424e-01,-4.913457894352730310e-02,9.682308625947202430e-01,3.349203428859273690e-02,5.210564256769945057e-02,9.980797992404312202e-01,1.051148553411874520e+00
9.975964020662509979e-01,6.456361829520412821e-02,-2.515865213208874976e-02,1.648690909108036706e+01,-6.535658741075286993e-02,9.973459935428856671e-01,-3.208559873174016835e-02,9.972801090469649576e-01,2.302031855758884457e-02,3.365276150013299383e-02,9.991684325362381047e-01,1.045379181839503513e+00
9.991684564820674241e-01,3.587190149142598788e-02,-1.938046064038990296e-02,1.685641413091748220e+01,-3.598532934820350415e-02,9.993369852046113389e-01,-5.535889617681923405e-03,1.007245254146487357e+00,1.916902822121109226e-02,6.228698543618629672e-03,9.997968552018493549e-01,1.040903001341109357e+00
9.983448207845906364e-01,4.636473656364745177e-02,-3.402837075101572406e-02,1.709319835882351057e+01,-4.681977663886312951e-02,9.988226261270782835e-01,-1.269921462505192375e-02,1.012806585426462291e+00,3.339951089569974385e-02,1.427139586689944901e-02,9.993401822862617578e-01,1.107325561727644070e+00
9.985077833832926020e-01,5.440578671822601797e-02,-4.713480089719109672e-03,1.746854469112797048e+01,-5.450288460955786396e-02,9.982307055589851874e-01,-2.376749983585344991e-02,1.041220448813691135e+00,3.412051028703737016e-03,2.398893183910015547e-02,9.997064014284380296e-01,1.111277914904292841e+00
9.984476057283410144e-01,3.058729589919535405e-02,-4.654885546305181226e-02,1.773122031131738652e+01,-3.084214695645131482e-02,9.995129030284394256e-01,-4.766408582742989904e-03,1.045465508845229152e+00,4.638039010682943469e-02,6.194675878208757633e-03,9.989046427984519250e-01,1.113150192418496776e+00
9.999283614246267105e-01,4.501253548876843480e-03,1.109102047386737594e-02,1.809572362366176890e+01,-4.557467249056497589e-03,9.999768715764691951e-01,5.048346700754239788e-03,1.061067070231696663e+00,-1.106804006754560574e-02,-5.098532006956923122e-03,9.999257489736115279e-01,1.136186313278359394e+00
9.993583178660286892e-01,1.917251115672724245e-03,-3.576697722960107267e-02,1.835414276983662418e+01,-9.321657333665403370e-04,9.996203192110831859e-01,2.753812788439248538e-02,1.100919076281807296e+00,3.580619470187938053e-02,-2.748711640916656762e-02,9.989806679072827933e-01,1.107032811611883272e+00
9.977482735892944099e-01,-6.701667302878193400e-02,2.673590420671548805e-03,1.869858942691840653e+01,6.702467262612374355e-02,9.948167163959191761e-01,-7.646825510368071566e-02,1.141719041986686278e+00,2.464915606084929454e-03,7.647526603676495227e-02,9.970684318920449707e-01,1.170815318992933785e+00
9.976841474312063696e-01,-6.767750066653893670e-02,6.789541074264580228e-03,1.894737122413053854e+01,6.801433060571442091e-02,9.935787758995350272e-01,-9.041718262718392851e-02,1.161625885911450551e+00,-6.267349719694738667e-04,9.066957585381969775e-02,9.958808338439714136e-01,1.146797602460912557e+00
9.987284196449919271e-01,-4.602825124837683912e-02,-2.056559944263354825e-02,1.935283862469990268e+01,4.515253023943151950e-02,9.981305830279011415e-01,-4.118966177766848757e-02,1.184200651002559335e+00,2.242304186313242090e-02,4.020869696219693534e-02,9.989396717931503522e-01,1.234777753878892881e+00
9.982176561084317168e-01,-5.949458483105791312e-02,4.680321481518209294e-03,1.958295390015657489e+01,5.951074003333203799e-02,9.982219036780136667e-01,-3.391583424719075979e-03,1.242309514463326492e+00,-4.470218571332517515e-03,3.664067851678249645e-03,9.999832957368354203e-01,1.221789258721388549e+00
9.995684806519021803e-01,-2.367197414580326717e-02,-1.739224330814913982e-02,1.992401313282219988e+01,2.321571594940031666e-02,9.993927737678356404e-01,-2.598296121668326047e-02,1.328806833323860515e+00,1.799675026792911178e-02,2.556797568583245653e-02,9.995110782773359848e-01,1.228982962065741313e+00
9.999377488346420373e-01,-3.181588257905204630e-04,1.115335063876886877e-02,2.015884511960334180e+01,9.850242454039869876e-04,9.982077221907341702e-01,-5.983621884796135743e-02,1.350797787571214714e+00,-1.111432331479149382e-02,5.984348029440405420e-02,9.981458959909157436e-01,1.255814527912503920e+00
9.965347920458155206e-01,4.107732154744776071e-02,-7.232608033546615578e-02,2.054014561531623073e+01,-4.376920134897965137e-02,9.983915693193242680e-01,-3.603514014637003438e-02,1.354782584383465327e+00,7.072952181004192596e-02,3.907592566509009852e-02,9.967298564696150942e-01,1.277928972235029326e+00
9.985072210394111414e-01,4.257058501853808186e-02,-3.422097052004206830e-02,2.078662814552658844e+01,-4.398885600599088119e-02,9.981563729100069171e-01,-4.181908375876443318e-02,1.359497592958291312e+00,3.237761695119575900e-02,4.326199845496955798e-02,9.985389774116202322e-01,1.336662659735804448e+00
9.874701979570051913e-01,1.292140273802814543e-01,-9.058886948694311325e-02,2.110893996857636878e+01,-1.340530096847027397e-01,9.897363425382299518e-01,-4.951527899062592442e-02,1.384162436404844154e+00,8.326102774544325014e-02,6.103857294542910233e-02,9.946566713552763561e-01,1.305366845952877108e+00
9.618280976379539604e-01,2.664194777680118920e-01,-6.250897903482324769e-02,2.142316368916461045e+01,-2.704333539729531499e-01,9.603211301419509738e-01,-6.818451482429604971e-02,1.337602833204357466e+00,4.186301055938688315e-02,8.248629503563172094e-02,9.957125586624885338e-01,1.376082493486133096e+00
9.332618160494106085e-01,3.437092604167132359e-01,-1.043375627851918647e-01,2.161976918307133388e+01,-3.512896632067371017e-01,9.339763700300677263e-01,-6.545007830059759724e-02,1.281641607385512582e+00,7.495302014098351173e-02,9.773476622601358355e-02,9.923859935743208904e-01,1.373046993658347148e+00
8.336512985731362457e-01,5.387238796257157736e-01,-1.216638562118700778e-01,2.189926343008002263e+01,-5.498153261132129321e-01,8.303621551175660587e-01,-9.056378149973412506e-02,1.098237612844672029e+00,5.223619012088985547e-02,1.423912668302674545e-01,9.884311344611348416e-01,1.445679712058172139e+00
7.268477782694018341e-01,6.759485704257650607e-01,-1.215970285993883265e-01,2.205842966747653122e+01,-6.860931246500986402e-01,7.226529579646792101e-01,-8.395788618565118433e-02,9.733014011886282901e-01,3.112123925390380269e-02,1.444514883421575968e-01,9.890223637426187597e-01,1.439417622025001009e+00
4.907432268173065881e-01,8.562277414853871615e-01,-1.613850675984992711e-01,2.224173141362668105e+01,-8.713042419669928540e-01,4.822395690049110506e-01,-9.096106868479901519e-02,7.931497161512219840e-01,-5.712496055377146213e-05,1.852540223498312377e-01,9.826906654384924833e-01,1.463250802451913524e+00
3.083604194293355083e-01,9.380375287900479808e-01,-1.581121320798185570e-01,2.230574117861312189e+01,-9.491484206149314318e-01,2.922995575045426730e-01,-1.169540265524405404e-01,5.375706488942242345e-01,-6.349115980626605926e-02,1.861358731252794607e-01,9.804704530797168083e-01,1.458068169549136428e+00
2.447447600452545557e-01,9.589145454398596558e-01,-1.434674073588136090e-01,2.233122699932565070e+01,-9.668223626021157369e-01,2.301932807735415643e-01,-1.107500458653434272e-01,3.363969441086199774e-01,-7.317459670440983055e-02,1.658129911393628197e-01,9.834386256226488321e-01,1.465016310113545828e+00
1.775863558452452917e-01,9.791020112571544587e-01,-9.910770792326151213e-02,2.238812355532501996e+01,-9.799870284720408886e-01,1.667405156280833967e-01,-1.087337319998683133e-01,1.040081858122249292e-02,-8.993614537072526505e-02,1.164338954097022538e-01,9.891181111250455515e-01,1.498419154482838689e+00
1.846659369839050990e-01,9.758152362022283199e-01,-1.169748541928876118e-01,2.245292574152165344e+01,-9.798241571825244689e-01,1.735405583737721080e-01,-9.913776072150277952e-02,-2.096383559598691548e-01,-7.644025588268882343e-02,1.329221553952174006e-01,9.881743711945166764e-01,1.460155005021930297e+00
8.163615036459888341e-02,9.856019325032547851e-01,-1.480688002230717004e-01,2.246292805142408255e+01,-9.898543658119055566e-01,6.284399859383864306e-02,-1.274322028525244344e-01,-5.341111232888413607e-01,-1.162921899215846600e-01,1.569696228146992278e-01,9.807327179597165046e-01,1.545923205854968119e+00
2.033882320832638632e-02,9.923842367870084891e-01,-1.214901594663898993e-01,2.245304132792149687e+01,-9.933894903759904471e-01,6.327605849724870363e-03,-1.146179820741037442e-01,-7.743333451305278725e-01,-1.129763368189528466e-01,1.230182424719152984e-01,9.859527672957215660e-01,1.443203263551319671e+00
4.948692856071935930e-02,9.887433242161645097e-01,-1.412008594860401367e-01,2.243411419753698866e+01,-9.970819953784487710e-01,4.067938708270751186e-02,-6.459629988401333067e-02,-1.157413333209643902e+00,-5.812519585993991544e-02,1.439855072031399341e-01,9.878712645490291822e-01,1.518057385013856120e+00
6.182984536886031862e-02,9.926703516133131844e-01,-1.038395071712377299e-01,2.245316562977881958e+01,-9.965098652814083913e-01,5.555131279982764708e-02,-6.230682180182316870e-02,-1.407475144172254611e+00,-5.608171376207442965e-02,1.073295144595299150e-01,9.926405274354811459e-01,1.525459758388674647e+00
6.191679480284718873e-02,9.936658973384685511e-01,-9.377843562290594237e-02,2.250157101897339729e+01,-9.980065529470133479e-01,6.048825670641054530e-02,-1.800252969553520210e-02,-1.794119201250683249e+00,-1.221600573679245370e-02,9.470615221387049254e-02,9.954303159622384101e-01,1.508289307098456211e+00
1.400081580096930109e-02,9.965839647634798792e-01,-8.139028402218417835e-02,2.251046606503243197e+01,-9.979251716948231987e-01,8.810900160396562333e-03,-6.377867775534500072e-02,-2.042398055993901895e+00,-6.284368587824826213e-02,8.211436667641065779e-02,9.946395839350895551e-01,1.513075405574508370e+00
2.556448808852793825e-02,9.963516076657277232e-01,-8.142438732156760672e-02,2.253558234000385951e+01,-9.996230487445488810e-01,2.466260713046039901e-02,-1.206301074279703296e-02,-2.398259485113638068e+00,-1.001086247152449364e-02,8.170207899098855253e-02,9.966065186025658829e-01,1.524123312757223569e+00
5.794562361665540201e-02,9.963673527441019306e-01,-6.240515274709911714e-02,2.255379598966810306e+01,-9.975782499629614053e-01,5.538053309534559515e-02,-4.207887539977514524e-02,-2.663661690590249709e+00,-3.846998706149203084e-02,6.469230974225007036e-02,9.971634595971221593e-01,1.537508164964005219e+00
7.918608823341556635e-02,9.925808487514652390e-01,-9.226495608903821644e-02,2.258747896549487777e+01,-9.967092730749507190e-01,7.722560881258719312e-02,-2.463392599501088714e-02,-3.054526102804001386e+00,-1.732594576616607387e-02,9.391200155117401804e-02,9.954297301005030629e-01,1.534952544470278957e+00
4.738409390244999880e-02,9.885558716342902619e-01,-1.432202370561297955e-01,2.260562204038634349e+01,-9.967027005375128645e-01,3.733770413701378160e-02,-7.203903518929907768e-02,-3.310485565726921209e+00,-6.586709638561608071e-02,1.461615014535190826e-01,9.870655201690419212e-01,1.509882135732160791e+00
-8.152141102168599870e-03,9.865123322730456890e-01,-1.634838244862399925e-01,2.260734400091015672e+01,-9.976131650125716899e-01,-1.923396386439369873e-02,-6.631762682471216419e-02,-3.662692683551687978e+00,-6.856759868224149290e-02,1.625529849226417245e-01,9.843144881102232624e-01,1.598585510795444753e+00
-3.758504334722780494e-03,9.947430124794612860e-01,-1.023338300292413738e-01,2.265967436941961566e+01,-9.996096190182925945e-01,-6.570535621752631762e-03,-2.715580283744970652e-02,-4.019005072363390774e+00,-2.768543319634051911e-02,1.021918156455353388e-01,9.943793791123185510e-01,1.573096357033581194e+00
6.593398598148175749e-02,9.926649798840320171e-01,-1.013358140265802065e-01,2.267660626388511247e+01,-9.973011358755248246e-01,6.227149627729211545e-02,-3.889351016267863365e-02,-4.257513429723282172e+00,-3.229789271734219425e-02,1.036267265874161458e-01,9.940917199447928398e-01,1.628947389917967614e+00
5.485281675632824872e-02,9.926741749634773182e-01,-1.076529184670710071e-01,2.270151378759326377e+01,-9.980400934507772659e-01,5.125610318971316609e-02,-3.589963440717251764e-02,-4.646119418634013343e+00,-3.011877086900844464e-02,1.094111248748803611e-01,9.935401679826306731e-01,1.562385820121262814e+00
5.838178931475043049e-02,9.897456422218270378e-01,-1.303653726236872201e-01,2.273014395269142085e+01,-9.952044819608047987e-01,4.743621888192996877e-02,-8.554439913466693746e-02,-4.876310622218984037e+00,-7.848315590961960075e-02,1.347344382149210651e-01,9.877687104769903303e-01,1.605966123046836946e+00
6.439042651627847891e-02,9.893212574010128435e-01,-1.307567307159840930e-01,2.274446207060951153e+01,-9.979246732313590273e-01,6.377376300965315048e-02,-8.902455148633203058e-03,-5.240316152120741755e+00,-4.685393650036723278e-04,1.310586006566118733e-01,9.913745123134821702e-01,1.574598637429527548e+00
3.531559445038086331e-02,9.968059164545413076e-01,-7.162941930408116276e-02,2.273960119989071416e+01,-9.993064033065537366e-01,3.437516946510593002e-02,-1.431991741470998829e-02,-5.502074296989878377e+00,-1.181190497485837265e-02,7.208545377167936696e-02,9.973285147108732485e-01,1.619588312850477330e+00
4.091164934889335997e-02,9.968926187531703675e-01,-6.731525549978258083e-02,2.277329003139485764e+01,-9.989945967783199210e-01,4.204786331863787779e-02,1.554904492432280204e-02,-5.871395613167733174e+00,1.833119077623292931e-02,6.661143945138094102e-02,9.976105871425688942e-01,1.641403707691162950e+00
4.485818769173459397e-02,9.964784140993373507e-01,-7.084146547809748451e-02,2.283692436306800388e+01,-9.989933617036840241e-01,4.473963742093826912e-02,-3.260079050403034973e-03,-6.092053080248201802e+00,-7.917692212605913389e-05,7.091639498391311136e-02,9.974822598189410083e-01,1.622586922788272989e+00
8.168675599909432095e-02,9.914482460732683133e-01,-1.017725368288825011e-01,2.287517876665755523e+01,-9.962212558951197838e-01,8.424700657843081641e-02,2.111045203977348142e-02,-6.453485204436377742e+00,2.950395222837375736e-02,9.966352011049825488e-02,9.945836815281511312e-01,1.715666093379572210e+00
1.326225445819311233e-01,9.895222096934239708e-01,-5.707063335953937305e-02,2.287608024974665000e+01,-9.904155881407109563e-01,1.345432511758347938e-01,3.122621224108751772e-02,-6.704585836514882047e+00,3.857749909601328187e-02,5.238234517928275907e-02,9.978816896190730867e-01,1.645653478224270438e+00
1.563588189518220206e-01,9.849526110299544612e-01,-7.362250852333376838e-02,2.288759274012251410e+01,-9.875025240143043836e-01,1.544009430443311071e-01,-3.160876227249603126e-02,-7.069767017437357026e+00,-1.976574818642798034e-02,7.764472172851326348e-02,9.967851385260181329e-01,1.652551121828907732e+00
1.412583379687812890e-01,9.874897973367225967e-01,-7.007126451105234743e-02,2.287476636326566037e+01,-9.898986046671566230e-01,1.400271112483867930e-01,-2.220721939928452585e-02,-7.319253676586982671e+00,-1.211752583300728520e-02,7.250040187000512948e-02,9.972947695121914258e-01,1.681083408038460014e+00
7.140521474483686737e-02,9.940325271226312376e-01,-8.246593435741028655e-02,2.292397992022409525e+01,-9.959495703335852212e-01,6.652469600623299451e-02,-6.048899216903125264e-02,-7.672143255702478015e+00,-5.464200453488644166e-02,8.645114136594897469e-02,9.947564784895522871e-01,1.680970789109758945e+00
7.557439716843701583e-02,9.942278934859334338e-01,-7.615383317438732813e-02,2.291146613639635632e+01,-9.969544522969070455e-01,7.386571768651611913e-02,-2.501351226897003191e-02,-7.922740149072174276e+00,-1.924397406985722814e-02,7.781228415347417326e-02,9.967822820941485418e-01,1.636679503263803959e+00
1.337502203517434707e-01,9.907295709918070292e-01,-2.378646081811789520e-02,2.293020595053393862e+01,-9.909410458091159057e-01,1.334083285341450542e-01,-1.542924523304493520e-02,-8.278270386181954876e+00,-1.211289753097389080e-02,2.563464530898427324e-02,9.995979905308373104e-01,1.717200381881027305e+00
1.458740073302444151e-01,9.890153892721850193e-01,-2.386071600363063108e-02,2.301130464009838050e+01,-9.891458651897105936e-01,1.453782869601443206e-01,-2.134504763716666559e-02,-8.512721445593578906e+00,-1.764175057965533533e-02,2.671541621094578045e-02,9.994873962052559513e-01,1.672794446632364318e+00
1.071840980482029471e-01,9.923043806484033169e-01,-6.199665532578132326e-02,2.309815673240587586e+01,-9.942377169322513808e-01,1.070827362511024422e-01,-4.964859144159399114e-03,-8.839669173723040174e+00,1.712120012649548211e-03,6.217156699784373575e-02,9.980640084193478367e-01,1.739317625946023460e+00
8.975651043336949075e-02,9.915528385933167765e-01,-9.363085555714011077e-02,2.312402245650454446e+01,-9.951492296704433915e-01,8.548465794230795944e-02,-4.868658894202661930e-02,-9.069128181723211668e+00,-4.027132380674464107e-02,9.754661210941280303e-02,9.944158480961721169e-01,1.753880502418896592e+00
8.314617576912179675e-02,9.895509711956229637e-01,-1.177946894421451063e-01,2.314491443528161696e+01,-9.965343019579709916e-01,8.227009207355165388e-02,-1.228889626243597800e-02,-9.432219940237738243e+00,-2.469509285235023908e-03,1.184082233462291356e-01,9.929619298683513007e-01,1.749167017870907781e+00
1.101173534412419192e-01,9.903475597025598320e-01,-8.417766605390826495e-02,2.316540288331061248e+01,-9.934954556296670125e-01,1.072039629208770134e-01,-3.839387942445390139e-02,-9.679564673773551675e+00,-2.899910540511302370e-02,8.785796108063266552e-02,9.957108167336831128e-01,1.764199779411277591e+00
1.146333351300771741e-01,9.880738359609276822e-01,-1.028070676870770639e-01,2.330050254655113307e+01,-9.934017377039277008e-01,1.136534529357918211e-01,-1.535839062494248793e-02,-1.000449826685914267e+01,-3.490845710133236302e-03,1.038893032281554413e-01,9.945827399824498372e-01,1.716440618997629564e+00
3.551859454240380298e-02,9.894684340493005159e-01,-1.403233674829653665e-01,2.334534029856562398e+01,-9.987185683622313848e-01,3.007868809016898612e-02,-4.070004583865772380e-02,-1.021997350184562059e+01,-3.605066781942906778e-02,1.415891611063551103e-01,9.892688506199781573e-01,1.781367760073781836e+00
-6.281985331542613848e-02,9.853988444320628259e-01,-1.582491182325685419e-01,2.331135200009275366e+01,-9.966108598702920762e-01,-7.037483152868324876e-02,-4.259315761840495873e-02,-1.055937256618488540e+01,-5.310800333306860133e-02,1.550370938816467148e-01,9.864801262583595687e-01,1.685442528782662208e+00
-1.162225206562075008e-01,9.754251526806217987e-01,-1.871846607238557003e-01,2.325944910827039180e+01,-9.927537516693708541e-01,-1.198796472855467726e-01,-8.298115031841975242e-03,-1.079342868195853455e+01,-3.053382122673635110e-02,1.848638463428703138e-01,9.822896945792591872e-01,1.732663399068173460e+00
-2.452680748121989773e-01,9.483084854653865969e-01,-2.013816969644067756e-01,2.321744654624915682e+01,-9.677431635942855825e-01,-2.518344505976846115e-01,-7.251124649719404430e-03,-1.110334246263820113e+01,-5.759115204995691323e-02,1.931072911272608550e-01,9.794860046570603718e-01,1.778480369393454996e+00
-4.012910608437612048e-01,8.976651526177829021e-01,-1.821064476139796773e-01,2.317093437894395791e+01,-9.150459522129166245e-01,-4.017256298785654156e-01,3.615831353127691578e-02,-1.126026440626959157e+01,-4.069876933821862941e-02,1.811457757563331716e-01,9.826137685275896372e-01,1.745623670668161376e+00
-6.118604745766949016e-01,7.453288462603013809e-01,-2.647860845721912715e-01,2.299342761681472069e+01,-7.771509270237291211e-01,-6.287808335407499838e-01,2.590559781123700014e-02,-1.146100841689096583e+01,-1.471842256389612746e-01,2.216293624592385048e-01,9.639591430236924552e-01,1.798146010256930882e+00
-7.721756656647476014e-01,5.992517740033047602e-01,-2.112866600358341840e-01,2.276164976608386326e+01,-6.192243403468596918e-01,-7.842587555744713335e-01,3.872235306354243622e-02,-1.161734882559636439e+01,-1.424989743022795907e-01,1.607343014377269064e-01,9.766568110980053952e-01,1.772469032070486117e+00
-8.346807613991411579e-01,5.237568333833175771e-01,-1.702551204352801550e-01,2.253171147783754336e+01,-5.327846600240223607e-01,-8.462050237714070500e-01,8.807030550580243269e-03,-1.174605378137691147e+01,-1.394579958024579625e-01,9.806037542408360674e-02,9.853606599506853359e-01,1.746624122091627651e+00
-8.822808122465446434e-01,4.424756585734231362e-01,-1.606108959927533553e-01,2.225196556499130196e+01,-4.503055343244668496e-01,-8.927626418196413782e-01,1.413474895322351481e-02,-1.187673981495078301e+01,-1.371331254596625526e-01,8.479479312569927762e-02,9.869165866274794974e-01,1.717971137753297795e+00
-9.394127473498672387e-01,3.146550243329811480e-01,-1.359996535973073961e-01,2.205978314406589291e+01,-3.213058662645896790e-01,-9.465156558521372610e-01,2.950683871171750142e-02,-1.193579071819068993e+01,-1.194413262674941106e-01,7.141658693055100149e-02,9.902693778415314618e-01,1.698813267264871252e+00
-9.654306063120707826e-01,2.061921303711751197e-01,-1.594633179414808866e-01,2.171734674343850813e+01,-2.182188275150676315e-01,-9.739405520966606389e-01,6.180893381704784251e-02,-1.197128986732268885e+01,-1.425632761753831967e-01,9.447013472334762907e-02,9.852670226550235277e-01,1.606520635365747740e+00
-9.780990609114273981e-01,1.740133250748157334e-01,-1.141997799498431637e-01,2.146766291884319955e+01,-1.815525884020036118e-01,-9.815949448252410114e-01,5.924543812027963097e-02,-1.198228735064230932e+01,-1.017884310160969003e-01,7.868117303356490788e-02,9.916896633127443295e-01,1.572938614982359651e+00
-9.710757144050512490e-01,1.642966309087230126e-01,-1.732586908780173740e-01,2.112009601214647248e+01,-1.755216135441288461e-01,-9.831284455432972580e-01,5.148419895933886714e-02,-1.200836991562131573e+01,-1.618768670057181003e-01,8.040570026846489970e-02,9.835297673648477623e-01,1.618260863984875897e+00
-9.742164839974899460e-01,1.491313379083945290e-01,-1.692988079143582236e-01,2.089392631244098553e+01,-1.674876312239978737e-01,-9.808073428885309974e-01,9.982409289802168795e-02,-1.205845410195624900e+01,-1.511626134153036538e-01,1.256057331079720452e-01,9.804963355953274506e-01,1.531624053281103626e+00
-9.828122762411182212e-01,5.488372859873048848e-02,-1.762606195520001473e-01,2.056953913675146595e+01,-7.372659435614008216e-02,-9.920283778821225029e-01,1.021963148122716353e-01,-1.208973758774588703e+01,-1.692466216927215050e-01,1.134348879827749013e-01,9.790240585572638210e-01,1.565044825511269222e+00
-9.749415432689431116e-01,6.275421491775581839e-02,-2.134265581375235921e-01,2.033618590427685646e+01,-8.655167585436490674e-02,-9.907993870514679724e-01,1.040450961133456559e-01,-1.210667159694731865e+01,-2.049336346605274140e-01,1.199103128529424994e-01,9.714029659499374691e-01,1.498279485207762995e+00
-9.735440115844531395e-01,1.081983273832156367e-01,-2.012589860342305914e-01,1.994580936772532453e+01,-1.244888489132281034e-01,-9.897421065054655687e-01,7.009343126415097658e-02,-1.210100053650566920e+01,-1.916105007673419292e-01,9.329353976346554944e-02,9.770269860316507238e-01,1.500589622317116678e+00
-9.671481936401383761e-01,1.416436663747039082e-01,-2.110958154832803246e-01,1.966401637524350932e+01,-1.621066199083847914e-01,-9.832826102619943720e-01,8.292618487689215612e-02,-1.212655691332300556e+01,-1.958208755993546546e-01,1.144219390339531045e-01,9.739413763400817103e-01,1.500144873911892107e+00
-9.820314921383046514e-01,1.081135348497982152e-01,-1.546790613848510743e-01,1.929701605966442557e+01,-1.202248112201863284e-01,-9.901909228980528832e-01,7.118940214225663587e-02,-1.213641155566766550e+01,-1.454652646362271096e-01,8.850649576490347836e-02,9.853965988330434245e-01,1.458454096154339297e+00
-9.802048700256892344e-01,8.901829561205736041e-02,-1.768450050870762069e-01,1.907211891734932863e+01,-9.932354443161148239e-02,-9.937838554365786559e-01,5.028401530456817065e-02,-1.215517610946700877e+01,-1.712695136311926936e-01,6.685350940625883753e-02,9.829533874912901315e-01,1.434061919103680083e+00
-9.843428774988052243e-01,1.322633155416843564e-01,-1.165140115149033428e-01,1.870785735676028949e+01,-1.372354381780410970e-01,-9.898947892780630697e-01,3.570351058676361766e-02,-1.217751797586845441e+01,-1.106143481898041042e-01,5.113434777191310648e-02,9.925470993622852456e-01,1.359055429211044830e+00
-9.754167997760303521e-01,1.856919431061525294e-01,-1.186615733089326635e-01,1.844697221338097748e+01,-1.901063843898327388e-01,-9.813939744383609609e-01,2.693379940338956613e-02,-1.219515513938259765e+01,-1.114523634963156401e-01,4.883000308763413982e-02,9.925693937803780065e-01,1.360464289586909459e+00
-9.797924183586206315e-01,1.633499926400411861e-01,-1.154278858485518616e-01,1.809216801672266328e+01,-1.686538368135076515e-01,-9.849534503435930510e-01,3.771715769159806469e-02,-1.221635826491333887e+01,-1.075299970010717837e-01,5.642234097189424008e-02,9.925995260850173363e-01,1.333304587926202212e+00
-9.858186666412638299e-01,1.093501889078121458e-01,-1.272952971930565724e-01,1.786564507163157955e+01,-1.166057215446605899e-01,-9.918683747215987223e-01,5.099247915312878771e-02,-1.223430126152294939e+01,-1.206841423083076653e-01,6.511269778590830781e-02,9.905532163303237825e-01,1.302970440226567828e+00
-9.858297780067372118e-01,6.799950841891677644e-02,-1.533483473989038781e-01,1.751216609844269101e+01,-7.883312047235585540e-02,-9.947202452041176146e-01,6.570367491738950128e-02,-1.223279767705825449e+01,-1.480708881305851377e-01,7.686156800277145484e-02,9.859854519476314305e-01,1.281073640384636336e+00
-9.899833188059284916e-01,7.262233743791089713e-02,-1.210744588716183151e-01,1.727138638763665668e+01,-7.928216804486397373e-02,-9.955405057169043337e-01,5.112180852664640479e-02,-1.221795360136592912e+01,-1.168219427851931308e-01,6.020878326277132736e-02,9.913261502159163019e-01,1.245176276582919295e+00
-9.839296883508249492e-01,8.710828004391141244e-02,-1.558669815247656076e-01,1.690432228990263752e+01,-9.784381531666534737e-02,-9.932328826357916807e-01,6.257018982928458373e-02,-1.220928928527589719e+01,-1.493618297495326874e-01,7.681528753305529034e-02,9.857943271367944904e-01,1.225903985633630899e+00
-9.883214363829447846e-01,7.379483718224430500e-02,-1.333231427442376493e-01,1.666263674479318624e+01,-8.661376337968319794e-02,-9.918866815057146846e-01,9.305303350663993167e-02,-1.219337261345159718e+01,-1.253746161675582671e-01,1.035139268737578916e-01,9.866945183611852688e-01,1.211436328109150917e+00
-9.803726569195631013e-01,9.187027424764860825e-03,-1.969392091270167067e-01,1.632969357619888129e+01,-3.630940284952391406e-02,-9.902405129809572770e-01,1.345561359281698954e-01,-1.220892482677884594e+01,-1.937810125610586742e-01,1.390659015657893793e-01,9.711382981802872960e-01,1.175175475009507586e+00
-9.852097797893955011e-01,-1.545123149260158556e-02,-1.706544732865054592e-01,1.611619557589413887e+01,1.114217546457733476e-03,-9.964828068840341224e-01,8.379005969549416233e-02,-1.224121518350510662e+01,-1.713489081569875006e-01,8.236064005262089260e-02,9.817618227673811093e-01,1.191630533313702278e+00
-9.856118430412511566e-01,5.870743822794035477e-02,-1.585015190890688430e-01,1.577067657404813517e+01,-6.694510249515375766e-02,-9.966425112570188594e-01,4.713871028374484740e-02,-1.226892903100572774e+01,-1.552019591008542698e-01,5.707137156240473658e-02,9.862328378426884479e-01,1.146174176508923503e+00
-9.825162897218437941e-01,7.964069343430690839e-02,-1.682827988254489704e-01,1.554775655130628564e+01,-8.805731755735624056e-02,-9.951805127557987740e-01,4.314691015248768580e-02,-1.228755386246993986e+01,-1.640355121789994763e-01,5.721107393159732823e-02,9.847940108285420102e-01,1.144742627919055344e+00
-9.885850943207392660e-01,8.181203083596846892e-02,-1.265160183429412388e-01,1.522723702927429024e+01,-8.307029412787174383e-02,-9.965326413475011913e-01,4.692649835638686845e-03,-1.233937729649382398e+01,-1.256934267190045473e-01,1.514880653601455122e-02,9.919534647049571552e-01,1.116627691295484226e+00
-9.833726809262636204e-01,8.057094866051227322e-02,-1.627467131460421101e-01,1.501342402795648212e+01,-8.630567494187431354e-02,-9.958618839867595662e-01,2.846820147406420309e-02,-1.236278202028979400e+01,-1.597795383668463298e-01,4.204081652734042301e-02,9.862571007931918432e-01,1.109896574390588420e+00
-9.911152229701217786e-01,1.028228171463232005e-01,-8.436873278046624902e-02,1.466188726946412402e+01,-1.064133922626821493e-01,-9.935483897544955534e-01,3.921462945631425112e-02,-1.233753102996668360e+01,-7.979225992561224390e-02,4.784417927335889165e-02,9.956626586176777760e-01,1.087284420429045495e+00
-9.886651451880885677e-01,1.177413630746698137e-01,-9.315686830039320021e-02,1.442621236981580424e+01,-1.214170636656681790e-01,-9.919911443543258933e-01,3.480612264244099113e-02,-1.235675689164561852e+01,-8.831266806650724110e-02,4.572243370504656956e-02,9.950428793348869982e-01,1.099985044503352549e+00
-9.890519709975573726e-01,8.551523804374164262e-02,-1.202636384289590826e-01,1.406803669399541512e+01,-9.378815096068936208e-02,-9.934751490903587223e-01,6.489153164522262762e-02,-1.238531361284814380e+01,-1.139297213426950089e-01,7.546040155081489009e-02,9.906188703999967426e-01,1.088586848107548244e+00
-9.925273282508344508e-01,3.894805187656328466e-02,-1.156397506495188271e-01,1.384093036491418971e+01,-5.220328812293085347e-02,-9.921190407673374789e-01,1.139062142995318078e-01,-1.238536992716396412e+01,-1.102919733453737033e-01,1.190918057715021072e-01,9.867384772135249227e-01,1.076594777030108308e+00
-9.905783313302493065e-01,-1.891243605075310086e-02,-1.356351328439900639e-01,1.352594112258268311e+01,-1.535022040818495971e-03,-9.888227015157974309e-01,1.490882580028784210e-01,-1.240540236042064670e+01,-1.369387206246460431e-01,1.478918007518499889e-01,9.794773106428040776e-01,1.037747310350303209e+00
-9.983655407551712546e-01,9.515352173126554250e-03,-5.635339480153511715e-02,1.329145111529603795e+01,-1.637462840090445071e-02,-9.923285627953429833e-01,1.225393610447676612e-01,-1.240341820827001662e+01,-5.475507809663512915e-02,1.232618413522573592e-01,9.908624525579129427e-01,1.046684176382935982e+00
-9.919977129350866507e-01,6.755648359061285080e-02,-1.066614225314403419e-01,1.295090085636695498e+01,-7.787862487849699089e-02,-9.923516686401080422e-01,9.577622635198276835e-02,-1.239543519959592999e+01,-9.937533556468396145e-02,1.033164424090531469e-01,9.896717917619675120e-01,1.015579387381055465e+00
-9.885738696727209840e-01,8.709797487556153461e-02,-1.230270172477576918e-01,1.273749575673377876e+01,-1.021066297785188232e-01,-9.873277590384758051e-01,1.214830539101352108e-01,-1.244559815304962846e+01,-1.108870612631451119e-01,1.326568468064745210e-01,9.849397040630391009e-01,9.563896019068844900e-01
-9.856560876487148182e-01,5.704972722893968118e-02,-1.588313744325558496e-01,1.244782525334982282e+01,-8.611947682982006025e-02,-9.794000255644903508e-01,1.826445335476338805e-01,-1.244421624416591321e+01,-1.451396313609389088e-01,1.937031712372783154e-01,9.702646901031863891e-01,8.676725827062761187e-01
-9.891660407461109195e-01,5.851819533763012726e-02,-1.346334455070226643e-01,1.220715745408119801e+01,-8.192941901634037682e-02,-9.810593207170310581e-01,1.755282869906779619e-01,-1.242693683825113915e+01,-1.218117980095129865e-01,1.846570606520746005e-01,9.752249257566305563e-01,8.091328794558624304e-01
-9.680923815676674149e-01,1.734853659456769281e-01,-1.808313262500134133e-01,1.186647276925191541e+01,-2.057784442018253390e-01,-9.621691754356593851e-01,1.785657014752238259e-01,-1.252917296604095121e+01,-1.430117920051363900e-01,2.100792841861311155e-01,9.671681972145911299e-01,6.360125908184016685e-01
-9.301854745219259035e-01,2.735498751660692673e-01,-2.447967499478899966e-01,1.164762530821507802e+01,-3.203122771522398660e-01,-9.305827182258368246e-01,1.772451681850837624e-01,-1.260973380045302505e+01,-1.793182313485392754e-01,2.432822852902368771e-01,9.532359107639574169e-01,6.448960301821939911e-01
-9.062701689131666960e-01,3.610245427675519148e-01,-2.198537251391997072e-01,1.140108505146067408e+01,-3.910365992431539262e-01,-9.135681469588323722e-01,1.117301164169871991e-01,-1.284557769574761465e+01,-1.605140460846068984e-01,1.872285244872826104e-01,9.691133683052067793e-01,6.077127957011151382e-01
-8.367688841643141640e-01,5.233121406732245129e-01,-1.611280171739802036e-01,1.120130308144768527e+01,-5.428064357544835072e-01,-8.314577243582746968e-01,1.184872394330811485e-01,-1.304914736406937692e+01,-7.196532357965193527e-02,1.866077598305247442e-01,9.797951501069542823e-01,6.380003821892236138e-01
-5.861598939345887826e-01,8.002486362566295641e-01,-1.265649987634771267e-01,1.108961891995753746e+01,-8.101719603244353918e-01,-5.801350269928735592e-01,8.405203840501782042e-02,-1.343318468036137503e+01,-6.162259865797364150e-03,1.518073470731373664e-01,9.883908922728711355e-01,6.552154662454144907e-01
-3.403424492237891452e-01,9.356088526888969303e-01,-9.382479430577726764e-02,1.103096038026268211e+01,-9.350081513734952443e-01,-3.261647998460008857e-01,1.391987076324227302e-01,-1.370226387744051699e+01,9.963319788841219771e-02,1.351021765612482606e-01,9.858096305914959556e-01,6.920182831583941985e-01
-4.869928359912426008e-02,9.938493306738710453e-01,-9.945796949482542393e-02,1.112815795135007413e+01,-9.915166465568665544e-01,-3.608887790743879609e-02,1.248692615979096199e-01,-1.407276972814210936e+01,1.205119055428025138e-01,1.046952759702343694e-01,9.871756580325301567e-01,8.246339685999548585e-01
5.476078939338768770e-02,9.946536132442743705e-01,-8.755253054666943535e-02,1.117702530895012991e+01,-9.869427803025379031e-01,6.722056580766855305e-02,1.463739865590629463e-01,-1.432190735255520764e+01,1.514767452571811612e-01,7.839378286962150888e-02,9.853472537403662468e-01,8.358224889216042675e-01
1.377178344712081948e-01,9.877743356983490486e-01,-7.304560085486987153e-02,1.122516781746383074e+01,-9.804375037320065545e-01,1.464222711009170452e-01,1.315401832194276477e-01,-1.462871890170234046e+01,1.406275198683105132e-01,5.350121738182771203e-02,9.886159620370037482e-01,9.854518292908549526e-01
1.783795771155725629e-01,9.758493496919163901e-01,-1.260903373535663397e-01,1.125322484647560195e+01,-9.749016102852310350e-01,1.926297758262510429e-01,1.116271460191972792e-01,-1.487477994256373925e+01,1.332200312690722255e-01,1.030136698258772021e-01,9.857183203621979750e-01,9.279932081407673561e-01
1.998851418467266494e-01,9.769801742759629537e-01,-7.453636119791280656e-02,1.125366149979454811e+01,-9.638308932156531839e-01,2.097400945461379562e-01,1.644357078705612207e-01,-1.524479923987416541e+01,1.762836899773476129e-01,3.897219279805493042e-02,9.835676025756856511e-01,1.046604246404674976e+00
2.236190837995129799e-01,9.712006251124899459e-01,-8.224263579055424156e-02,1.130922038721288203e+01,-9.655417636788362623e-01,2.322585584932649883e-01,1.174098147455832214e-01,-1.560006428008868973e+01,1.331300415106528856e-01,5.315362440833014401e-02,9.896722105119605262e-01,1.068224303282895082e+00
1.754446908255078430e-01,9.788151403007641083e-01,-1.055465848767271342e-01,1.134056399293765871e+01,-9.714727815829017343e-01,1.895032136823699698e-01,1.425803866162275724e-01,-1.581452616733796113e+01,1.595612581572388444e-01,7.752066254910459919e-02,9.841395997383842742e-01,1.169826208496595354e+00
1.642331925297492723e-01,9.768591242208816139e-01,-1.370171883301555260e-01,1.138414364068759355e+01,-9.784065342941224985e-01,1.789907194498110143e-01,1.033584829677869910e-01,-1.614375167077634998e+01,1.254914822689161824e-01,1.170836187400012413e-01,9.851615675109828274e-01,1.215351664260458708e+00
1.593180592428602438e-01,9.793517909386365572e-01,-1.244500927455521877e-01,1.138477412367436159e+01,-9.762878243510164644e-01,1.750102134496976658e-01,1.274107892301486189e-01,-1.639869096635468182e+01,1.465600219126849957e-01,1.012002706200890445e-01,9.840115168042367078e-01,1.200086670619431528e+00
1.940571369058547990e-01,9.757942024374715029e-01,-1.008340324757680678e-01,1.139992708693544721e+01,-9.763890094717228019e-01,2.020676749156531393e-01,7.637510678885667259e-02,-1.674936626694102770e+01,9.490168490985710636e-02,8.363210653573036057e-02,9.919674092215262640e-01,1.336119715303112576e+00
2.002461510343522544e-01,9.727627744702089796e-01,-1.167649930456546858e-01,1.144882364055781565e+01,-9.742432248194003996e-01,2.103154909358538882e-01,8.134822165176838760e-02,-1.698644803867606967e+01,1.036900086287102368e-01,9.746783509155758363e-02,9.898224099469276061e-01,1.349652487168350179e+00
1.349547086689182052e-01,9.850811785943026644e-01,-1.067815442262840114e-01,1.148441987738631553e+01,-9.843755615539238057e-01,1.455930300128825405e-01,9.903243623714501342e-02,-1.732132690596624514e+01,1.131016375809112962e-01,9.174824898018643649e-02,9.893383033045807240e-01,1.454746556943279812e+00
1.227810757449300100e-01,9.866229746349907126e-01,-1.072376489919612541e-01,1.151217058852330588e+01,-9.881105554633933252e-01,1.316053457575595553e-01,7.948309977508828672e-02,-1.754704449159033075e+01,9.253290020712232056e-02,9.620363241810837851e-02,9.910512214254219021e-01,1.460976803005958446e+00
1.168556251304767729e-01,9.892206971324796205e-01,-8.824497288854254995e-02,1.149562826061296583e+01,-9.817024942104856100e-01,1.285032148964724841e-01,1.405245054151824657e-01,-1.791983542713155941e+01,1.503495119256334778e-01,7.020923105977679157e-02,9.861367492075929775e-01,1.525282160841726187e+00
1.566801919421599576e-01,9.837934066700131375e-01,-8.718859125815375810e-02,1.150981133211959140e+01,-9.792834217545229869e-01,1.662123571359933327e-01,1.156608499538595153e-01,-1.815943082517910767e+01,1.282782028628411120e-01,6.726057781427734195e-02,9.894547576025746194e-01,1.607334083987403739e+00
1.921217924987994319e-01,9.739387061066004936e-01,-1.205512903060460966e-01,1.158052387924561266e+01,-9.702692838510474926e-01,2.069346068099796598e-01,1.255212544534739794e-01,-1.852877943369959723e+01,1.471962420112111758e-01,9.285184571026781908e-02,9.847394584792334982e-01,1.643755116982441145e+00
1.859683184911827269e-01,9.714529832816045651e-01,-1.472918388466779582e-01,1.159683722681790563e+01,-9.758893987143334448e-01,2.000520842722921244e-01,8.728714140861561221e-02,-1.876426696118807769e+01,1.142613932810994659e-01,1.275079011339507462e-01,9.852340174567040254e-01,1.741465923311448227e+00
1.419368842003811138e-01,9.755796113965546912e-01,-1.676256028500361928e-01,1.160068221954208845e+01,-9.803105237432488961e-01,1.620196510408479784e-01,1.128756382699035860e-01,-1.916678025061205659e+01,1.372778129987652918e-01,1.483039261245374107e-01,9.793675242493617983e-01,1.740514833383979054e+00
1.667715381899400051e-01,9.797124241670699396e-01,-1.111342430686773075e-01,1.160002786423868670e+01,-9.795462206349027090e-01,1.774954574592023659e-01,9.478694119564219644e-02,-1.945612633929751212e+01,1.125897672510212388e-01,9.305336379752689180e-02,9.892747928641093536e-01,1.808114634519437880e+00
1.786880747145739579e-01,9.733730626971335287e-01,-1.435808231290111314e-01,1.161203102361655581e+01,-9.785843049153374329e-01,1.909759764860294029e-01,7.681754082612018975e-02,-1.982784822290165749e+01,1.021926128845135062e-01,1.267795615263477560e-01,9.866527315378109675e-01,1.958530796659577522e+00
1.697395831809016264e-01,9.689178839694326806e-01,-1.799627962268147141e-01,1.168135334948127912e+01,-9.757182072939176720e-01,1.908818231860509029e-01,1.074155925939604683e-01,-2.005647228117513237e+01,1.384285153308969785e-01,1.573602989999998425e-01,9.777910218660810227e-01,1.977962248030786796e+00
1.410697511010302052e-01,9.739783188982502615e-01,-1.773853422367105970e-01,1.171869971745134009e+01,-9.829093761222127412e-01,1.591986902343218158e-01,9.243881954416020841e-02,-2.036920335256240833e+01,1.182729202114111422e-01,1.613133948059426448e-01,9.797905413918057693e-01,2.033200993273804880e+00
1.527733682634357659e-01,9.795594356580493711e-01,-1.308572121158465273e-01,1.173520380199068036e+01,-9.793240197243148204e-01,1.678260868347747903e-01,1.129551635328599896e-01,-2.060671357018489758e+01,1.326075500884216218e-01,1.108950701835458991e-01,9.849454406557420771e-01,2.129913294763934317e+00
2.113915084432808900e-01,9.727249647055303816e-01,-9.549750361502755414e-02,1.182307378483289284e+01,-9.639290258594620520e-01,2.236468218559687360e-01,1.443015321448524735e-01,-2.094964604113873463e+01,1.617234159412353767e-01,6.154869708086702779e-02,9.849148666884598446e-01,2.178651653910549157e+00
2.312438709843947782e-01,9.684153194574410817e-01,-9.326328952110864157e-02,1.181718232173857430e+01,-9.559088438561845757e-01,2.439952348511665037e-01,1.634154448253149761e-01,-2.115726327052849953e+01,1.810098184344824390e-01,5.136238322030497322e-02,9.821391710039097944e-01,2.252561782397186629e+00
1.687577099009203996e-01,9.772153661922192702e-01,-1.287282541900068578e-01,1.185793062754697758e+01,-9.672774312149911013e-01,1.892961528362864798e-01,1.689418171546303582e-01,-2.150001868053801957e+01,1.894603029954408657e-01,9.600570086818477344e-02,9.771835543999323193e-01,2.284844931845960936e+00
1.014884311250308230e-01,9.886360607709213655e-01,-1.109001248472615136e-01,1.187748793029936323e+01,-9.848220861174593610e-01,1.156181997204844825e-01,1.294522714696371424e-01,-2.173012232054996318e+01,1.408032565072073472e-01,9.607898436574169310e-02,9.853645374784979483e-01,2.325565639040834576e+00
1.412036094452312485e-01,9.878221453650178896e-01,-6.533720078252155949e-02,1.198760119023521220e+01,-9.773512029751124652e-01,1.496067192185551731e-01,1.496744988558837697e-01,-2.210521079796990662e+01,1.576266688182500764e-01,4.272281230346700043e-02,9.865741708488752204e-01,2.382971618182021523e+00
1.854306387091962938e-01,9.781980540408243829e-01,-9.350960003468776482e-02,1.194448833214586259e+01,-9.716887706860760643e-01,1.967071651733391380e-01,1.308710208260407126e-01,-2.233381086306956220e+01,1.464117862416854376e-01,6.659473132475514368e-02,9.869795998952075600e-01,2.459745543188803563e+00
1.595181960787014075e-01,9.826900767449789909e-01,-9.420275042029070678e-02,1.196879488130583979e+01,-9.712106792981790582e-01,1.733215410104092524e-01,1.634302904572635939e-01,-2.268822273950147306e+01,1.769286905421663392e-01,6.542061210908645119e-02,9.820470365386314571e-01,2.540614340445347619e+00
1.274141506070549101e-01,9.793310285009324545e-01,-1.570871440964909382e-01,1.199992308977010680e+01,-9.818562176646201678e-01,1.469641674030678080e-01,1.198328057455387841e-01,-2.292500475812007465e+01,1.404421662407975002e-01,1.389685939873896992e-01,9.802875740448624420e-01,2.550757262056688290e+00
7.206408891573322373e-02,9.909873304448191256e-01,-1.129197856294424235e-01,1.205030860491122802e+01,-9.874023510369909218e-01,8.687270558939241827e-02,1.322487436242801850e-01,-2.328424118461371251e+01,1.408664766911106037e-01,1.019668765895703211e-01,9.847636223090298069e-01,2.665489914341257371e+00
1.159351990154125212e-01,9.815132910469918093e-01,-1.522848946132314141e-01,1.206986822467103160e+01,-9.788089296563555752e-01,1.389533230022861610e-01,1.504162665791193565e-01,-2.352026593412435318e+01,1.687960569866345517e-01,1.316192748982023819e-01,9.768235550093157249e-01,2.674782338422962980e+00
1.365998642565530441e-01,9.812299915484864465e-01,-1.361182602403208930e-01,1.205287838790103905e+01,-9.857561304496884613e-01,1.482473115473424974e-01,7.942031163273557959e-02,-2.389623623131656771e+01,9.810875784529643484e-02,1.233306057097975639e-01,9.875040421837821825e-01,2.783544937547137721e+00
1.265734842193713405e-01,9.785125745095872851e-01,-1.627645373513259275e-01,1.209219182522224756e+01,-9.787997839100223141e-01,1.498382638443469250e-01,1.396405303119553354e-01,-2.412663891856032805e+01,1.610283705135865384e-01,1.416391055278676536e-01,9.767334476073840088e-01,2.818716741812811843e+00
1.287447391713419098e-01,9.818214081199313492e-01,-1.394686871419584528e-01,1.213078638631591843e+01,-9.845912614668310692e-01,1.433374678484628517e-01,1.001719429478318824e-01,-2.446526831606286834e+01,1.183420465382275660e-01,1.244230399411185434e-01,9.851467236675744976e-01,2.892175653499861276e+00
1.432512163248637893e-01,9.812536727150809046e-01,-1.289198154071562463e-01,1.213852916099931356e+01,-9.785074580729807847e-01,1.599498567261025128e-01,1.301506735628032152e-01,-2.471049301596066528e+01,1.483315324433724935e-01,1.075047585759225377e-01,9.830770485402123837e-01,2.937089619826005471e+00
1.862959509551782022e-01,9.793396404351798479e-01,-7.866185435140500559e-02,1.214016441147468051e+01,-9.770417619914906204e-01,1.930902328812852120e-01,9.003086854192121624e-02,-2.506678632621818537e+01,1.033596342014986430e-01,6.008353050667693263e-02,9.928276564336769860e-01,3.018420707757735855e+00
1.979878301279693886e-01,9.774582631703466751e-01,-7.332232184833661903e-02,1.214853488608508059e+01,-9.752458255224253358e-01,2.039489971609335373e-01,8.544229841320395702e-02,-2.529903632904195021e+01,9.847029461873228751e-02,5.459075303622534792e-02,9.936415101839494168e-01,3.064472709585021271e+00
2.092836742069443534e-01,9.759288530935666950e-01,-6.134506834229342537e-02,1.217310763675772378e+01,-9.669637762515234103e-01,2.158820786750414999e-01,1.355580448528807269e-01,-2.560955320307756722e+01,1.455383081110749599e-01,3.094837324355120822e-02,9.888684437607185851e-01,3.156145206416589577e+00
2.121722209303946449e-01,9.717201189941352402e-01,-1.036482465239565859e-01,1.217000490625460429e+01,-9.689244301488080247e-01,2.229825122240540469e-01,1.070712281757132261e-01,-2.585326197201518639e+01,1.271550129812822338e-01,7.770977791936169166e-02,9.888340574077407741e-01,3.191785113837038779e+00
1.935474624763734997e-01,9.788041867539046814e-01,-6.694582706926165139e-02,1.216611447109568545e+01,-9.577671799570829370e-01,2.032961140592714766e-01,2.033536795965462107e-01,-2.622760854422365995e+01,2.126532594765764284e-01,2.475992733087629266e-02,9.768139726849526250e-01,3.259314100691103278e+00
2.006605418335335456e-01,9.776774871312222670e-01,-6.230632478211833858e-02,1.216943986980978565e+01,-9.588881030936484695e-01,2.090357494939728555e-01,1.919313970640451616e-01,-2.642733719931314340e+01,2.006712552822055851e-01,2.123173545132388262e-02,9.794285378286619048e-01,3.331231837379773797e+00
6.118799845079518629e-02,9.829723826820992993e-01,-1.732666261282460041e-01,1.216242737229648441e+01,-9.672752519542507921e-01,1.012221613602508341e-01,2.326642667157952926e-01,-2.677620523439018285e+01,2.462409710069083935e-01,1.533602586521006506e-01,9.569984405753948487e-01,3.341099420811647125e+00
-8.114219536425482104e-02,9.748879710279151345e-01,-2.073870489605067480e-01,1.211341986569036067e+01,-9.782296699675663287e-01,-3.802092404304161649e-02,2.040125538540660810e-01,-2.697139545229769553e+01,1.910043374549758033e-01,2.194261909617712392e-01,9.567494394006175185e-01,3.395994952807493306e+00
-2.815150739425338888e-01,9.336253332638652092e-01,-2.215694027411500844e-01,1.203322833805627035e+01,-9.473029034988461605e-01,-2.336248806890910135e-01,2.191725898593675226e-01,-2.723477607508628751e+01,1.528609569700020987e-01,2.715937263836331605e-01,9.501949145429421373e-01,3.396029788752175094e+00
-4.148589904744774404e-01,8.786917844920880682e-01,-2.362049235062870511e-01,1.195126465765728874e+01,-8.973058073369367671e-01,-3.520785288314413619e-01,2.662386103766593570e-01,-2.740932828404832122e+01,1.507789976817238697e-01,3.223995307099569163e-01,9.345181841227574449e-01,3.427231831479098378e+00
-6.614463143526470024e-01,7.162872415280128191e-01,-2.223091560271261702e-01,1.174483238495212589e+01,-7.491660641347130944e-01,-6.171126943190526903e-01,2.406701702728879788e-01,-2.757836798752745011e+01,3.519917013514958087e-02,3.257368725435777490e-01,9.448050107230208106e-01,3.451284909247713362e+00
-7.915732005691327178e-01,5.695470416653577450e-01,-2.214227528303779613e-01,1.162936479721429883e+01,-6.107283419339022412e-01,-7.495539887641299304e-01,2.553031732792361841e-01,-2.767793229241083708e+01,-2.056114051817668764e-02,3.373203006906379531e-01,9.411653702950246725e-01,3.443360660047533717e+00
-9.237236980884699911e-01,2.905866503390089894e-01,-2.495875161832405709e-01,1.139543322439663164e+01,-3.538296795760364488e-01,-8.968956150263611704e-01,2.652975944059861035e-01,-2.771667294983009810e+01,-1.467620095286369664e-01,3.333731458759673916e-01,9.313019156900079754e-01,3.458831855490575258e+00
-9.590962679151355808e-01,1.838312895384333900e-01,-2.152682184111225916e-01,1.120618248103894032e+01,-2.334886839265155611e-01,-9.436832319167460792e-01,2.344034817945909455e-01,-2.775141576341030003e+01,-1.600543137485698764e-01,2.750781975835244753e-01,9.480055916842871078e-01,3.421175515670682898e+00
-9.636603292268530740e-01,1.651751104384415192e-01,-2.099427368737614430e-01,1.089894545766895284e+01,-2.180325119813067147e-01,-9.404200974202167052e-01,2.609058529187685549e-01,-2.773956925522492156e+01,-1.543392159935963737e-01,2.971989624137303387e-01,9.422590849371978994e-01,3.401152334291495993e+00
-9.816527689713010485e-01,8.573542716387430596e-02,-1.703152303818097624e-01,1.058423567322068592e+01,-1.313229916094192096e-01,-9.515954564810790162e-01,2.778855143387609639e-01,-2.772980558882969859e+01,-1.382465661263719559e-01,2.951533901780458158e-01,9.453953475772314263e-01,3.341349795060389205e+00
-9.844879271733483206e-01,-1.926732834821262260e-03,-1.754417537261601934e-01,1.035594944817036911e+01,-4.896609062359572745e-02,-9.571913043684793232e-01,2.852842947139035967e-01,-2.771285682883145185e+01,-1.684809877077210749e-01,2.894496407701195317e-01,9.422489385714800658e-01,3.353373441038437708e+00
-9.873199043280508347e-01,-5.698218430725442152e-02,-1.481635487872307588e-01,1.002353317544559808e+01,1.334097468141009178e-02,-9.598364411664672691e-01,2.802427958100601746e-01,-2.767697813517975192e+01,-1.581816200201591749e-01,2.747126441947360109e-01,9.484258211411874528e-01,3.274431985866737449e+00
-9.909572052071863313e-01,-1.989739065845479507e-02,-1.326948050714524541e-01,9.778742255231327007e+00,-1.113205376691465444e-02,-9.733427990301750654e-01,2.290848597245853935e-01,-2.765449872063103243e+01,-1.337157239328886360e-01,2.284904580526013751e-01,9.643195610128508788e-01,3.247074383566107780e+00
-9.864239349080361485e-01,1.129187668532331129e-02,-1.638301381354284325e-01,9.417615615773481608e+00,-5.141002770841351238e-02,-9.687201019171277627e-01,2.427722661110367497e-01,-2.763745907820115733e+01,-1.559641936201072443e-01,2.478988859648055820e-01,9.561492104508790835e-01,3.207326850119465611e+00
-9.899015146304106505e-01,2.719358631060910664e-02,-1.391240460739613383e-01,9.177349320052275772e+00,-5.722283085707492029e-02,-9.745680583367407612e-01,2.166625193670006222e-01,-2.764055326884028574e+01,-1.296940205295714077e-01,2.224356278416770860e-01,9.662824910478070572e-01,3.174254664269540616e+00
-9.814606565323386045e-01,4.551743330513470520e-02,-1.861804042976241691e-01,8.831348135307521829e+00,-9.130421534507975057e-02,-9.651222734387768787e-01,2.453620540600856825e-01,-2.766468541894958832e+01,-1.685186041341830143e-01,2.578122583929594591e-01,9.513854736556521807e-01,3.154528818621887609e+00
-9.790267054489225629e-01,8.214282503990487372e-02,-1.864383713517562546e-01,8.602722857250256538e+00,-1.301804636752404432e-01,-9.561563252347399233e-01,2.623320959983663214e-01,-2.767054229071548832e+01,-1.567155285704998624e-01,2.811007613082196488e-01,9.467959680400046540e-01,3.092225983434151892e+00
-9.772205041436612394e-01,1.319224228085663086e-01,-1.662424754433402263e-01,8.218655969177346421e+00,-1.665856716789156089e-01,-9.621383733284244455e-01,2.157289145205532332e-01,-2.767845787803326019e+01,-1.314887838277325749e-01,2.385083330394345835e-01,9.621977316530399005e-01,3.089492321074230663e+00
-9.691203240668678776e-01,1.653254129500293379e-01,-1.829571133173958919e-01,7.997181991613088847e+00,-2.056726851560814195e-01,-9.512388390121859771e-01,2.298769621676647057e-01,-2.771413534632923970e+01,-1.360314083629933501e-01,2.604077168358288619e-01,9.558678135344513827e-01,3.038272229857770235e+00
-9.813318313048461361e-01,1.033697020086586649e-01,-1.621805832229039623e-01,7.627298477277545175e+00,-1.452744872612334315e-01,-9.510153879587218695e-01,2.728828598807654937e-01,-2.780601475507942055e+01,-1.260284103639566777e-01,2.913493376899307652e-01,9.482786527222757389e-01,3.040029447862825140e+00
-9.794832532586787988e-01,5.573541619621480425e-02,-1.936649683531661281e-01,7.422861350992459251e+00,-1.128473257990505185e-01,-9.478901762760933991e-01,2.979424353449466323e-01,-2.781801801770533800e+01,-1.669671753543224557e-01,3.136841996350946959e-01,9.347321462608904064e-01,2.993613644638156934e+00
-9.881252529105530868e-01,4.963289560913226178e-02,-1.454134114650773302e-01,7.097042831836918531e+00,-8.785789048074978125e-02,-9.589232242698552122e-01,2.697169646799691400e-01,-2.783288480784860042e+01,-1.260534634221983363e-01,2.792898595175923870e-01,9.518968950101233117e-01,2.928377716168679257e+00
-9.914546122541313400e-01,6.168886444482416659e-02,-1.149444902703982141e-01,6.847127382182302213e+00,-8.836667654355911949e-02,-9.657671595381646101e-01,2.438957236899197412e-01,-2.781953146724206860e+01,-9.596396363562507970e-02,2.519688027536188812e-01,9.629655446184199885e-01,3.000226459845118043e+00
-9.914633098512518616e-01,5.268102125156840648e-02,-1.192695066590605812e-01,6.493331357674126281e+00,-8.447382737689231036e-02,-9.563336067129966089e-01,2.798038690933505879e-01,-2.787157708063117667e+01,-9.932108390016146371e-02,2.874904218773245423e-01,9.526198505288964169e-01,2.902440370603356801e+00
-9.922389678290206572e-01,1.831265651932483668e-02,-1.229897448278042676e-01,6.241196489305042228e+00,-5.518088195183766531e-02,-9.512168905623359372e-01,3.035481796617080508e-01,-2.787197784827754887e+01,-1.114311490949481398e-01,3.079790150645411728e-01,9.448449742107202232e-01,2.883399508599383765e+00
-9.867265557056158487e-01,-6.455697910329993849e-02,-1.490070492104036692e-01,5.878051530427886640e+00,1.505465916368803510e-02,-9.499981272219529815e-01,3.118924742795911031e-01,-2.786490764080198801e+01,-1.616912536372971665e-01,3.055093365575539677e-01,9.383602633175407437e-01,2.845040619051116160e+00
-9.924282781559936595e-01,-2.854897240493148997e-02,-1.194615791413934924e-01,5.643183691717298167e+00,-6.427541818338047656e-03,-9.592078481551454816e-01,2.826287153559368104e-01,-2.791629963549723570e+01,-1.226572436609697503e-01,2.812565736337490074e-01,9.517614934243237013e-01,2.772530696976873266e+00
-9.829630482411015890e-01,4.300482926570706188e-02,-1.787015121715322119e-01,5.251811133300125611e+00,-9.136204944564063624e-02,-9.579466281654470672e-01,2.720132965638650258e-01,-2.791396309258886177e+01,-1.594886256560549276e-01,2.837055555435540333e-01,9.455551470115680646e-01,2.752918569846080299e+00
-9.901161174456613034e-01,1.723442863998598390e-02,-1.391870986973490765e-01,4.979946791568324649e+00,-4.935256286652528468e-02,-9.717613443163956033e-01,2.307470784883214332e-01,-2.788462119207390444e+01,-1.312798480835427606e-01,2.353356415034565108e-01,9.630071325412499217e-01,2.717910295249597930e+00
-9.783721526613516906e-01,2.215409993900004093e-02,-2.056626527901657120e-01,4.640034861343107941e+00,-6.844665583615167082e-02,-9.729121917910152906e-01,2.208096971811887022e-01,-2.799363139496168529e+01,-1.951998621967825365e-01,2.301109795735394870e-01,9.533865694869344543e-01,2.677212438936792172e+00
-9.844430003489710312e-01,4.956768204981253090e-02,-1.685675649706294688e-01,4.375824091815433192e+00,-9.104208352248734093e-02,-9.644489412084875646e-01,2.480918757833678878e-01,-2.799233697464386239e+01,-1.502774703400451273e-01,2.595790528876215086e-01,9.539577544158673872e-01,2.688449499283545041e+00
-9.789885848118072831e-01,1.233892411021499658e-01,-1.623466845624298438e-01,3.985998777087755407e+00,-1.551063750831174204e-01,-9.674315506341589765e-01,2.000455129368313989e-01,-2.801595916594018476e+01,-1.323758407593804143e-01,2.210232793572217136e-01,9.662429025692393925e-01,2.629012125235798081e+00
-9.757678101612780042e-01,1.516442842719888384e-01,-1.577377307453836086e-01,3.730376151522134975e+00,-1.816001230040757697e-01,-9.633968141864913681e-01,1.972003390976333481e-01,-2.804353486991276512e+01,-1.220597229964552333e-01,2.210669343501048822e-01,9.675902203717630101e-01,2.656314928825967758e+00
-9.815381131892529920e-01,1.020601673231391754e-01,-1.617611034917135482e-01,3.362434149662881566e+00,-1.448090914509006510e-01,-9.490471381451309751e-01,2.798925804870493472e-01,-2.804281495764992016e+01,-1.249530287349958219e-01,2.981497137756600191e-01,9.463051774060232679e-01,2.600028933713494972e+00
-9.786165950653497037e-01,7.174120887640890454e-02,-1.927764477617943673e-01,3.156432034394099251e+00,-1.240066562199496208e-01,-9.535099832480152804e-01,2.746653619579922379e-01,-2.811300446759390326e+01,-1.641094423726178475e-01,2.926976439866224022e-01,9.420170805929320990e-01,2.590028787033332502e+00
-9.858742164524204599e-01,1.299539579114784571e-01,-1.056598228158199954e-01,2.836995719776360225e+00,-1.508802148824883171e-01,-9.629734625940560289e-01,2.234217337159174199e-01,-2.820989986800210758e+01,-7.271306685419688665e-02,2.362077034365183126e-01,9.689781889939033110e-01,2.564318617337418171e+00
-9.742204105348668541e-01,1.598861135317537485e-01,-1.591572253998837505e-01,2.574108579743110248e+00,-1.924533124102614789e-01,-9.571195451748752969e-01,2.165269008381084936e-01,-2.817562125560992925e+01,-1.177128465359514181e-01,2.415752614485790484e-01,9.632160083888016144e-01,2.534320793305437913e+00
-9.805532398194825028e-01,1.123647514640596090e-01,-1.609021643979326732e-01,2.201664573188735208e+00,-1.476395353891183093e-01,-9.625036212093164290e-01,2.275727284826453700e-01,-2.814636328995006664e+01,-1.292977628174767912e-01,2.469026970030320234e-01,9.603755238150470941e-01,2.541215168277950021e+00
-9.834263907219857881e-01,6.541673918547867561e-02,-1.690951929117737451e-01,1.984520131768523932e+00,-1.110822351557564924e-01,-9.544925593335833458e-01,2.767755249468865641e-01,-2.816886587447901036e+01,-1.432943511249907542e-01,2.909718275214336347e-01,9.459398102017413379e-01,2.486043364560339253e+00
-9.785095619939538913e-01,6.112610430793539995e-02,-1.969330760906837507e-01,1.622424426007757603e+00,-1.161167497358016054e-01,-9.525732675345283118e-01,2.812846785898280855e-01,-2.822748053294150594e+01,-1.703993471736228449e-01,2.981069763536666195e-01,9.391998153386100778e-01,2.476753823757991579e+00
-9.796219870893698722e-01,1.090598632203050311e-01,-1.686615209389678571e-01,1.379250981115303087e+00,-1.539883578859339019e-01,-9.469524956384046677e-01,2.820789900715550691e-01,-2.824353089422896446e+01,-1.289509520967992984e-01,3.023026914179955393e-01,9.444494347050914618e-01,2.450816552199996945e+00
-9.728610499504506404e-01,1.164134433472087671e-01,-1.999732174501283044e-01,1.006544339073526917e+00,-1.716833423596984542e-01,-9.425656343968364936e-01,2.865219970792638460e-01,-2.822252594878225551e+01,-1.551328702935409476e-01,3.130781612666937441e-01,9.369716417759692551e-01,2.459447822565496988e+00
-9.840324820655810267e-01,9.071616673695324928e-02,-1.531360549720686692e-01,7.748045035972237482e-01,-1.326836179733046628e-01,-9.473529513329658203e-01,2.914059764696522170e-01,-2.824982249389062972e+01,-1.186386604837111197e-01,3.070715921300295470e-01,9.442626253036605632e-01,2.456452889408067719e+00
-9.697779396094711180e-01,1.032039087883105527e-01,-2.210875416155924644e-01,4.380000036099435667e-01,-1.755968411083313752e-01,-9.243442896052507241e-01,3.387526880586158584e-01,-2.834847878453308567e+01,-1.694004050750399226e-01,3.673371577787595821e-01,9.145309810364200542e-01,2.416632122647145220e+00
-9.743405005058194401e-01,1.046359714650584999e-01,-1.992784548054207239e-01,1.895010956969276350e-01,-1.628371241400030367e-01,-9.389232448918188867e-01,3.031620213740974790e-01,-2.837197546029259598e+01,-1.553855208051440062e-01,3.278329661235727110e-01,9.318695650394085428e-01,2.424638495404431549e+00
-9.711198547706175743e-01,1.817374007262388125e-01,-1.545889544811284988e-01,-1.782697059944993168e-01,-2.133670890522953167e-01,-9.514595137674182190e-01,2.218091047969308893e-01,-2.844993874950435142e+01,-1.067741213012201040e-01,2.483874208544727402e-01,9.627580049948259999e-01,2.378763948401996231e+00
-9.641347890714929703e-01,1.963352952903496818e-01,-1.785960814948699127e-01,-4.198727752427703352e-01,-2.383520011958965013e-01,-9.365020478825563099e-01,2.572007734002507151e-01,-2.845376309901461553e+01,-1.167580062693012316e-01,2.905449468413235925e-01,9.497111149381122219e-01,2.372610282363500911e+00
-9.789053484015862727e-01,1.503758190279530782e-01,-1.383164195692062060e-01,-7.929568579767953818e-01,-1.864676813473036820e-01,-9.342517601456622467e-01,3.039793619272363467e-01,-2.845776192113802239e+01,-8.351121292217425496e-02,3.233585652436042346e-01,9.425842750650293977e-01,2.380290510158918682e+00
-9.753687621297761901e-01,1.059747872856819234e-01,-1.934557373695239002e-01,-1.027105801806934782e+00,-1.666306457343552372e-01,-9.286579857256366255e-01,3.314039430214321125e-01,-2.848119119468648108e+01,-1.445337530253175129e-01,3.554767081086410707e-01,9.234426372161199659e-01,2.340940328405703763e+00
-9.879778589822978407e-01,1.044472634427207475e-01,-1.139759593953274946e-01,-1.404152035767107121e+00,-1.333198036310541124e-01,-9.488774440565262980e-01,2.861073681688894310e-01,-2.852121257097220308e+01,-7.826608537888947448e-02,2.978629975678058206e-01,9.513947942675466951e-01,2.320439723165811152e+00
-9.819420240312127790e-01,1.291172165914901415e-01,-1.382700467243530573e-01,-1.659401476134832354e+00,-1.582575374891103670e-01,-9.610877677448514955e-01,2.264174342207300183e-01,-2.856032094946645827e+01,-1.036552616579175246e-01,2.442110707377583567e-01,9.641662406762372406e-01,2.300363071502511403e+00
-9.791473888562296501e-01,1.585211206733856404e-01,-1.270489873886636589e-01,-2.027649355005010978e+00,-1.854452339558662621e-01,-9.528019080126334250e-01,2.403717730735800973e-01,-2.865714722826210448e+01,-8.294851474911926759e-02,2.589200231498851590e-01,9.623304866380258948e-01,2.275598362528874041e+00
-9.750366388683515684e-01,1.269067767866654262e-01,-1.822037948834510368e-01,-2.280931248652144916e+00,-1.722136202258383875e-01,-9.501944188037112493e-01,2.597557227146025660e-01,-2.868848972104053274e+01,-1.401642674615105888e-01,2.846493219382312256e-01,9.483294478434616259e-01,2.315458070440506777e+00
-9.843343816691170201e-01,1.205266097752061838e-01,-1.286824051693767623e-01,-2.647683765057608607e+00,-1.482317175111936836e-01,-9.609007958193468424e-01,2.338739372341962497e-01,-2.874426528851568818e+01,-9.546299276558495306e-02,2.492849713276729107e-01,9.637135570709797205e-01,2.215987816693123058e+00
-9.713057531788430454e-01,1.980119924515105767e-01,-1.317436324346146492e-01,-2.914247275203970311e+00,-2.249014949815880959e-01,-9.448741621616127961e-01,2.379750727165221014e-01,-2.876830927522486547e+01,-7.735923601439252673e-02,2.607758971315615182e-01,9.622949028642415747e-01,2.265815348982627597e+00
-9.697156784141274244e-01,2.007916910975630354e-01,-1.390474732744640951e-01,-3.270713436295184184e+00,-2.307728569908935601e-01,-9.396874958393632848e-01,2.524505865301256424e-01,-2.884296063664397636e+01,-7.997119177611652918e-02,2.768936744480185452e-01,9.575669697397585223e-01,2.237503647590139089e+00
-9.818757663840901317e-01,1.546458558579187625e-01,-1.095656819156018008e-01,-3.498743695225573713e+00,-1.811994529631295592e-01,-9.354450696679945665e-01,3.034951068463882518e-01,-2.892005233316481849e+01,-5.555841640581140467e-02,3.178477322552584750e-01,9.465125891749509579e-01,2.253523841073783007e+00
-9.864281667254399810e-01,9.392232786187733329e-02,-1.346776455826900198e-01,-3.821204007055117646e+00,-1.273764199751440118e-01,-9.553180863462350514e-01,2.667257046744470061e-01,-2.902939476779959804e+01,-1.036084915680484109e-01,2.802605042255706391e-01,9.543161584329503677e-01,2.242775773638535419e+00
-9.902023010851728202e-01,1.267273459235953026e-01,-5.864795581086466175e-02,-4.059131974608701121e+00,-1.366966284894119144e-01,-9.654735954135206244e-01,2.217538462325154558e-01,-2.905470634694294318e+01,-2.852077637897316303e-02,2.275981466410659793e-01,9.733373767406108268e-01,2.180726295591868702e+00
-9.743535224763831826e-01,2.167811443003176131e-01,-6.034193163722911118e-02,-4.414447516474448996e+00,-2.244350490856988622e-01,-9.555833788371168591e-01,1.910217653361419854e-01,-2.914261992185914707e+01,-1.625183004362620864e-02,1.996655743138547878e-01,9.797293179517253536e-01,2.223629877306002367e+00
-9.851711820310042889e-01,1.644132902776710425e-01,-4.905111696696459050e-02,-4.646311496846048605e+00,-1.713608714043175218e-01,-9.571340903213476636e-01,2.335161341241250577e-01,-2.917946866859809063e+01,-8.555340273152441458e-03,2.384588080251894004e-01,9.711149278164855625e-01,2.193790980729070750e+00
-9.934965153402923743e-01,5.312784804646127762e-02,-1.007080223649081674e-01,-4.991204610117734752e+00,-7.936967533812325226e-02,-9.573047164389534291e-01,2.779714635002178413e-01,-2.922320134375491563e+01,-8.164023911907435094e-02,2.841568433905554136e-01,9.552956399517885666e-01,2.179479455286851053e+00
-9.909394655905923166e-01,5.821677334085061106e-02,-1.210362872729239397e-01,-5.244020714451036014e+00,-8.820006768093299754e-02,-9.616954722709424308e-01,2.595429958111851176e-01,-2.918448117004037812e+01,-1.012902936915111574e-01,2.678668062962383800e-01,9.581167207018894683e-01,2.123871855192568603e+00
-9.884236514942356111e-01,8.708043208692436976e-02,-1.242404262482978555e-01,-5.614303808813676966e+00,-1.186984995378061042e-01,-9.538680951183378109e-01,2.757649784196394838e-01,-2.917513171737593680e+01,-9.449524524693082850e-02,2.873197791013801239e-01,9.531621022485410322e-01,2.090906315997649756e+00
-9.861771457159557164e-01,4.743715952326484769e-02,-1.587587892492797192e-01,-5.840776759480863056e+00,-8.873920907681090431e-02,-9.603561683927988035e-01,2.642752023976551179e-01,-2.917722160428787248e+01,-1.399285176079377024e-01,2.747102941759997918e-01,9.512908410332679976e-01,2.092369068815340238e+00
-9.882439481027623929e-01,-5.903031874676192836e-02,-1.410295022572314039e-01,-6.135108139136709049e+00,4.641513536996915573e-03,-9.336123413274217686e-01,3.582547312642402892e-01,-2.917315320078241569e+01,-1.528147747776786303e-01,3.533884797072247563e-01,9.229107362144323146e-01,1.960987355958947020e+00
-9.668015914483701900e-01,-1.919218240311071633e-01,-1.687029822898017395e-01,-6.321749952165808040e+00,1.192033486769783490e-01,-9.227174667654615137e-01,3.665829213017451904e-01,-2.914421462827490572e+01,-2.260204513691075057e-01,3.343029912915832513e-01,9.149624394347596334e-01,1.897887678855098903e+00
-9.481140170203947726e-01,-3.022896262949194002e-01,-9.849260156950957745e-02,-6.585453576020169564e+00,2.576657462517539798e-01,-9.120744375417297878e-01,3.189491865351931632e-01,-2.901912982583037603e+01,-1.862476145833245333e-01,2.770220247875854747e-01,9.426402409427520057e-01,1.818277815175187051e+00
-9.219780920622165921e-01,-3.695734679333742556e-01,-1.156367137072631945e-01,-6.758786438021030740e+00,3.144946729666401875e-01,-8.888423958113137457e-01,3.332450991147619668e-01,-2.889273200424245758e+01,-2.259413606069547720e-01,2.708775502106104405e-01,9.357221031689793023e-01,1.790969846190355153e+00
-7.878719907865959771e-01,-6.080108177141241299e-01,-9.788039475078630369e-02,-6.948029408506533500e+00,5.452883238254038201e-01,-7.626126774844450562e-01,3.479691768529002971e-01,-2.866489176219062429e+01,-2.862138536717746540e-01,2.207821317104430858e-01,9.323823680678148262e-01,1.690753939248722970e+00
-6.396306068855716065e-01,-7.647186974533801695e-01,-7.796153218352236403e-02,-7.056936438559454849e+00,7.018299961312680635e-01,-6.223598203051162736e-01,3.465586683379386912e-01,-2.850449088148418397e+01,-3.135400186030156133e-01,1.669537895197024946e-01,9.347829100381719325e-01,1.650042125398137882e+00
-3.977178134195916703e-01,-9.135866317536388559e-01,-8.473492296439241733e-02,-7.109176149450401105e+00,8.328080278358315214e-01,-3.982159554946808622e-01,3.845189742543907996e-01,-2.820724646753025411e+01,-3.850341928464675045e-01,8.236212157600412975e-02,9.192198601360668242e-01,1.567085459130061587e+00
-3.034411510481773155e-01,-9.514924345536033279e-01,-5.084894136376597040e-02,-7.122822029757059248e+00,8.869315570359143086e-01,-3.015503083657841699e-01,3.498854450507290492e-01,-2.801454516983554299e+01,-3.482468678745072599e-01,6.107011144380444095e-02,9.354114391559674724e-01,1.500397919630318100e+00
-1.803479855484802774e-01,-9.829488735036630009e-01,-3.586246208065878294e-02,-7.158164908258285664e+00,9.164685875609572818e-01,-1.811659619838114355e-01,3.567411137400646748e-01,-2.770668583919012917e+01,-3.571553333251900053e-01,3.147072125582241198e-02,9.335146820382699273e-01,1.456637320803701563e+00
-9.921374862505748238e-02,-9.931096120822091589e-01,-6.236930714453693680e-02,-7.188471356624258846e+00,9.295339814680706469e-01,-1.148675143013742767e-01,3.503884008558756924e-01,-2.751212577836613704e+01,-3.551382961324769938e-01,-2.321104366781554657e-02,9.345255684420695763e-01,1.401696256711853161e+00
-1.408459040850473971e-02,-9.982601606984827791e-01,-5.725623001268796003e-02,-7.254616198486439238e+00,9.419904703585127992e-01,-3.245143558171728615e-02,3.340671460686177041e-01,-2.720822406406398741e+01,-3.353439697784512674e-01,-4.922962411929245746e-02,9.408086234948656035e-01,1.341860531787144373e+00
2.621311755116269293e-02,-9.969518214334683881e-01,-7.348427184602478179e-02,-7.274997226147920770e+00,9.242295705973014863e-01,-3.842386970020240499e-03,3.818179368441170229e-01,-2.701904840643557293e+01,-3.809364426013547855e-01,-7.792497547554406989e-02,9.213116328883307338e-01,1.241372214139415231e+00
-3.719450891682653249e-02,-9.928488187152890720e-01,-1.134362890881621955e-01,-7.252835306738769638e+00,9.445809716990958282e-01,-7.198046496817427087e-02,3.202898695977682841e-01,-2.662516190714796238e+01,-3.261646155094489741e-01,-9.523673576211233449e-02,9.405033799784840998e-01,1.166599133229065721e+00
-2.692165968044554509e-03,-9.966542827684106154e-01,-8.168838890434397537e-02,-7.306704828257816864e+00,9.527523878510615329e-01,-2.736829977493258209e-02,3.025125842201080717e-01,-2.626178898851907562e+01,-3.037361349699762569e-01,-7.701439350417724206e-02,9.496384277748484148e-01,1.108417446900185066e+00
2.084036166861006484e-02,-9.959481978380114731e-01,-8.748066385630719199e-02,-7.317818827546727078e+00,9.499703952207927404e-01,-7.548584625393942905e-03,3.122487262971656019e-01,-2.607518239212138766e+01,-3.116439114270822541e-01,-8.961141720434917524e-02,9.459639878859336104e-01,9.995503471200805068e-01
8.451889467184237059e-02,-9.948018654761859869e-01,-5.679616966444238357e-02,-7.346598996208714816e+00,9.323789373368877031e-01,5.885267736252957488e-02,3.566593326660551511e-01,-2.578285523516152367e+01,-3.514627628269949566e-01,-8.310000488787025463e-02,9.325064694326002934e-01,9.204114032572061621e-01
7.730506452417314212e-02,-9.966794975371496834e-01,-2.557158946975569142e-02,-7.351098036132023061e+00,9.441965705738559755e-01,6.494937901724413820e-02,3.229154909288828867e-01,-2.555872165772964166e+01,-3.201823903894170931e-01,-4.910760994357814269e-02,9.460822794715847417e-01,8.718225744695192736e-01
9.824827692987850303e-02,-9.937507434219466917e-01,-5.297863747435984511e-02,-7.355375878440169046e+00,9.458538908572380333e-01,7.669830750686790211e-02,3.154009936189228203e-01,-2.521886029607954782e+01,-3.093666000565224450e-01,-8.109765455246908950e-02,9.474784837639098622e-01,7.555965130187691781e-01
9.275967892550539273e-02,-9.935332363772688691e-01,-6.547786022273895112e-02,-7.363658769655470060e+00,9.513434160635459991e-01,6.902964990114959787e-02,3.003008693744749213e-01,-2.498904416781939020e+01,-2.938389808690779481e-01,-9.014774344505825654e-02,9.515944712289932106e-01,7.351602670716861354e-01
9.728607696017350925e-02,-9.923095375249715300e-01,-7.653235241829350888e-02,-7.444181626650510530e+00,9.599788529225972145e-01,7.326788336767986465e-02,2.703191062582008253e-01,-2.469048034801832259e+01,-2.626328638444015984e-01,-9.976772526122200391e-02,9.597241165173931998e-01,6.288141754789454696e-01
8.760302249757934145e-02,-9.952152966888900831e-01,-4.326920019753893037e-02,-7.402704522860730663e+00,9.410924304679330055e-01,6.844138531964184813e-02,3.311507422481261287e-01,-2.447293907885446984e+01,-3.266048801920229949e-01,-6.973012270155812264e-02,9.425852546177356794e-01,5.864614784228676658e-01
1.069546804563542425e-01,-9.901991670197388684e-01,-8.981261582815579236e-02,-7.371246640287274943e+00,9.569344498850324010e-01,7.799881709315018008e-02,2.796294747613300991e-01,-2.415876483557153520e+01,-2.698835951881989326e-01,-1.158524672395282590e-01,9.558980337268238037e-01,4.737807531013088491e-01
9.958442494865187011e-02,-9.893003697625089021e-01,-1.066195136708612268e-01,-7.387566279475294984e+00,9.489447130580084266e-01,6.219341549244963158e-02,3.092505628590433986e-01,-2.395911693991269331e+01,-2.993106644723813603e-01,-1.319725632741446109e-01,9.449848510298749504e-01,3.989865837538122406e-01
6.399964936816841810e-02,-9.953762533668332191e-01,-7.162512906905442456e-02,-7.367766972856000685e+00,9.474574704409708392e-01,3.806416106905217284e-02,3.176089755465102971e-01,-2.361803776265023203e+01,-3.134140816656879602e-01,-8.818862667893415108e-02,9.455127601138646476e-01,3.434621947307041068e-01
6.985206001301488832e-02,-9.970925582480862914e-01,-3.044864526093273710e-02,-7.403962717795778303e+00,9.544170234163352751e-01,5.792095733920146067e-02,2.928025070145585662e-01,-2.344521695666278660e+01,-2.901875860974050259e-01,-4.951356366894139882e-02,9.556880097017876885e-01,2.713946149420262133e-01
-4.541931764576370711e-02,-9.949246974290336665e-01,-8.978826220804339564e-02,-7.537873417305434920e+00,9.440761036334115452e-01,-7.213392244621767702e-02,3.217405908194935216e-01,-2.317935130639443386e+01,-3.265844395144193446e-01,-7.015371464341836616e-02,9.425609052940737698e-01,1.846077167489331983e-01
-2.367358765241454610e-01,-9.623964174658794501e-01,-1.332263503034830376e-01,-7.645605852520164447e+00,9.276507437914226495e-01,-2.646620211394867805e-01,2.634731715176705236e-01,-2.302010641080246600e+01,-2.888255915073368874e-01,-6.121397075181028713e-02,9.554227480415331542e-01,1.335321393487718389e-01
-4.440293330062198285e-01,-8.897750775199749773e-01,-1.055379687807920103e-01,-7.705373885415787605e+00,8.455412262104839982e-01,-4.550746104392232594e-01,2.792259545816933031e-01,-2.280369135650745349e+01,-2.964759454129813898e-01,3.474781083625991251e-02,9.544079858391629756e-01,-2.082091514031128576e-02
-4.748311960344193672e-01,-8.754931812938360203e-01,-8.970521044244042508e-02,-7.785129866637186424e+00,8.257522350423739388e-01,-4.784575822969222569e-01,2.986830900220256990e-01,-2.267865618994601107e+01,-3.044151467897835417e-01,6.774977085262323673e-02,9.501270372715289181e-01,-6.022719184150768235e-02
-4.043500785555916299e-01,-9.141367087069457442e-01,2.924195216672132586e-02,-7.874871817214831538e+00,8.780282076126083579e-01,-3.790299367264841623e-01,2.922375295914361737e-01,-2.249317944925446966e+01,-2.560614781818532082e-01,1.438415268952296378e-01,9.558986005491246774e-01,-1.114219210428664397e-01
-3.201800280904032459e-01,-9.473423636218798460e-01,5.214949600898337138e-03,-7.941478611773496787e+00,8.929071488402137158e-01,-2.999336944587653875e-01,3.357924991395047076e-01,-2.237793603710288792e+01,-3.165463207211032248e-01,1.121705175865172627e-01,9.419215475942288585e-01,-1.931050020751158836e-01
-2.473974157878631730e-01,-9.668932483436961656e-01,-6.254570304076688403e-02,-8.031922123262704716e+00,9.280830024017587832e-01,-2.550195381354335988e-01,2.713429118700629861e-01,-2.216938821893656097e+01,-2.783100057748952860e-01,9.081931323603971429e-03,9.604483636349290254e-01,-2.894062022617062135e-01
-2.218697077495475900e-01,-9.723485962316528175e-01,-7.288374434306779670e-02,-8.085580802870003581e+00,9.300734306846076827e-01,-2.334836498971629704e-01,2.836349745099516761e-01,-2.201951789468023435e+01,-2.928092319543437738e-01,-4.857225240223366110e-03,9.561585438855184638e-01,-3.986987915402336879e-01
-1.097744917432349337e-01,-9.897920868656586713e-01,-9.089106524097942397e-02,-8.166101617050866679e+00,9.406807826045268106e-01,-1.329912887793631426e-01,3.121425673427714598e-01,-2.176456046312858561e+01,-3.210439630347337037e-01,-5.123418670116226814e-02,9.456774460205894517e-01,-5.256024028505434931e-01
-6.817985477101881631e-02,-9.966241624712466329e-01,-4.573604904110191438e-02,-8.183019485668523885e+00,9.544670284353177214e-01,-7.850335824674238572e-02,2.878018665225013373e-01,-2.160518673772770981e+01,-2.904207276233141122e-01,-2.403126135830003715e-02,9.565972503850698194e-01,-5.692572488069678194e-01
-2.198697982151995994e-02,-9.995332704220444286e-01,-2.120881981019698617e-02,-8.180302376727041747e+00,9.556846843408157710e-01,-2.724225597167309262e-02,2.931290562294477930e-01,-2.133687778427268711e+01,-2.935700203268743480e-01,-1.382392162113108870e-02,9.558376129637782270e-01,-7.034712583090494409e-01
-7.950975988986234977e-02,-9.951274446645734795e-01,-5.830580552238187608e-02,-8.175624861310122782e+00,9.639275101120658995e-01,-9.165800586358274771e-02,2.498851040183512895e-01,-2.110766200729807096e+01,-2.540117188859750130e-01,-3.633426532171534634e-02,9.665184260179036091e-01,-7.599967465168742109e-01
-6.278999083287352401e-02,-9.899406921151754357e-01,-1.267866047567186571e-01,-8.209296869770399852e+00,9.524599744438974058e-01,-9.738532868565893952e-02,2.886799176235061437e-01,-2.078400145843562186e+01,-2.981231526291378553e-01,-1.026329569451980839e-01,9.489937102084244902e-01,-8.766088125833051414e-01
-4.908331332620094467e-02,-9.911005652748196004e-01,-1.237355965955480447e-01,-8.266808403598806976e+00,9.588247125225036749e-01,-8.145161972315233256e-02,2.720676465524904941e-01,-2.058671881878233734e+01,-2.797248630512817469e-01,-1.052867662928688164e-01,9.542896299523193626e-01,-9.833407239297303759e-01
2.394173633735974943e-02,-9.929478616908393729e-01,-1.161091608131897684e-01,-8.274502324916639395e+00,9.585992961097881127e-01,-1.016314329013391290e-02,2.845770546201514262e-01,-2.025741489563549891e+01,-2.837502119099988840e-01,-1.181154286367999962e-01,9.515957979935482092e-01,-1.044781102704587683e+00
1.555464507146744023e-02,-9.964570745199864410e-01,-8.265199123900038303e-02,-8.240477106557221987e+00,9.631217866160030061e-01,-7.275454585012796661e-03,2.689674551059619279e-01,-2.002956031590900565e+01,-2.686158542645935010e-01,-8.378762676942529131e-02,9.595963507840431506e-01,-1.131638560713448038e+00
-1.752942061469655449e-02,-9.951770064527810655e-01,-9.651655423084300189e-02,-8.266405949618100379e+00,9.545780624062396580e-01,-4.537479158707621169e-02,2.944857399963132782e-01,-1.964426620657244626e+01,-2.974448557054910069e-01,-8.697042092637925770e-02,9.507695323779733476e-01,-1.175778919462658001e+00
-2.255992008398337995e-02,-9.982423614728397343e-01,-5.480180441311743866e-02,-8.272137360696394381e+00,9.450323487258582844e-01,-3.917854165282009388e-02,3.246211664935662600e-01,-1.944329745993986691e+01,-3.261976546014552780e-01,-4.446605036527902927e-02,9.442551882290211029e-01,-1.320754644887410789e+00
-6.890570378822050493e-03,-9.996718725156547025e-01,-2.467118442434320519e-02,-8.330991552563562053e+00,9.610124718165659052e-01,-1.343997730886567314e-02,2.761781961396466700e-01,-1.908751176931256666e+01,-2.764191546417631429e-01,-2.180629062868389909e-02,9.607897463213022071e-01,-1.346381668173080914e+00
5.155224330317303288e-02,-9.985763856263576432e-01,-1.369555693687261183e-02,-8.289250307305154664e+00,9.477425790038109810e-01,4.459526279344149663e-02,3.159038880412630146e-01,-1.884320307462838784e+01,-3.148434057648564210e-01,-2.926541654896656908e-02,9.486923448835261619e-01,-1.381557308248672733e+00
8.375852527699120115e-03,-9.988596373654150540e-01,-4.700287157894447732e-02,-8.238103256934882879e+00,9.545744859190512521e-01,-6.014188562530285546e-03,2.979116989450251718e-01,-1.848419339859311350e+01,-2.978546557077994539e-01,-4.736300643082980849e-02,9.534355508869089002e-01,-1.512702881636164065e+00
-3.643028179505990172e-02,-9.964104101134920732e-01,-7.641419492342987896e-02,-8.217185559612691037e+00,9.406072137853480619e-01,-6.001581539743054000e-02,3.341499233534909741e-01,-1.821941782407170152e+01,-3.375365223843125317e-01,-5.970256711101240565e-02,9.394172127106579229e-01,-1.505554423722782698e+00
-5.448655750397193159e-02,-9.963999046698835960e-01,-6.494955754440442930e-02,-8.246018721606329649e+00,9.405938786129171003e-01,-7.304884849407558556e-02,3.315826009452188528e-01,-1.789700308610223445e+01,-3.351333623608274137e-01,-4.302436179116583825e-02,9.411878312670596269e-01,-1.658205544142065557e+00
1.170289775890707810e-02,-9.966097993338384198e-01,-8.143678564267732567e-02,-8.273855677591273050e+00,9.539424017450869320e-01,-1.328738747333910869e-02,2.996954111876692362e-01,-1.769041184281755363e+01,-2.997614657304336072e-01,-8.119330764231828812e-02,9.505528446421291910e-01,-1.697644220906465939e+00
1.437290339802240260e-02,-9.957753393489539029e-01,-9.069119688474355789e-02,-8.212892447623154624e+00,9.452569207085084191e-01,-1.604089627352769595e-02,3.259325750817309020e-01,-1.737640162920262199e+01,-3.260103886390401939e-01,-9.041107891856015044e-02,9.410329767379067567e-01,-1.795414024693529509e+00
-2.185528466210320125e-02,-9.875064711324293976e-01,-1.560554901434594854e-01,-8.247468881357585602e+00,9.551527441513854022e-01,-6.673031387679104198e-02,2.884966213839960103e-01,-1.715606282174933739e+01,-2.953059123560088928e-01,-1.427516538660126011e-01,9.446779257747611735e-01,-1.864291820082778717e+00
-1.187553455108328326e-01,-9.821579205345210006e-01,-1.458183357603169972e-01,-8.252891340055086289e+00,9.419766957732944590e-01,-1.578779565601332036e-01,2.962337851299551850e-01,-1.680986776393240945e+01,-3.139698592741461125e-01,-1.021781285975745385e-01,9.439187239925226347e-01,-1.903406248663764844e+00
-1.236017679225867305e-01,-9.863425960404388348e-01,-1.088617756727256053e-01,-8.305449362160738147e+00,9.636738428740359019e-01,-1.454817359682579747e-01,2.239816712591628234e-01,-1.650204379341059990e+01,-2.367600632006948702e-01,-7.722271515473846937e-02,9.684943596827679801e-01,-1.995081959056607346e+00
-4.476886611460727944e-02,-9.952910126051145445e-01,-8.597411735108677344e-02,-8.316002594926816371e+00,9.717135160896263057e-01,-6.336037559344583070e-02,2.275045174351287558e-01,-1.627345524689596346e+01,-2.318805538969279656e-01,-7.335709258240499797e-02,9.699743015628362608e-01,-1.953680199138861706e+00
2.714945746491545520e-03,-9.914166940000030959e-01,-1.307117742504407820e-01,-8.258039387193043979e+00,9.718571346563160684e-01,-2.817417783160848857e-02,2.338801520461407102e-01,-1.594802359718377360e+01,-2.355553839062207444e-01,-1.276681423128631088e-01,9.634388961170174959e-01,-2.058693298529106208e+00
-8.363976318425044021e-02,-9.837901999147008469e-01,-1.586229257272595283e-01,-8.291617439776333143e+00,9.700604881810829250e-01,-1.168046411735209483e-01,2.129303291459488101e-01,-1.570933802543411240e+01,-2.280066649998634953e-01,-1.360643904631853585e-01,9.641055141235961301e-01,-2.163850682067197884e+00
-9.972977102127870974e-02,-9.830744801872277616e-01,-1.536832429923809529e-01,-8.306523870373172969e+00,9.655211622159387552e-01,-1.329389023479021770e-01,2.238216556897830445e-01,-1.530161469027151355e+01,-2.404638394545520752e-01,-1.260627409155725964e-01,9.624371809461801375e-01,-2.242628781646738290e+00
-4.170286050555584156e-02,-9.910245905202300643e-01,-1.270083950369596537e-01,-8.305084427523988566e+00,9.663010398813576263e-01,-7.232353602585515906e-02,2.470457578282249933e-01,-1.508877287652806487e+01,-2.540141172255191426e-01,-1.124258294206765402e-01,9.606441907018513637e-01,-2.325089177199796797e+00
2.150372214952200184e-02,-9.952620502397088176e-01,-9.482110148256762960e-02,-8.322625320563030726e+00,9.576512824165367421e-01,-6.733263741816222780e-03,2.878518446099378458e-01,-1.477802807200471058e+01,-2.871264725163414910e-01,-9.699543552164892335e-02,9.529691885199068624e-01,-2.399743766411522650e+00
1.890108803466535037e-02,-9.915873412352850247e-01,-1.280519174906968038e-01,-8.299077503810991630e+00,9.615239866662157464e-01,-1.708033351396733360e-02,2.741895061313551762e-01,-1.454181449362235412e+01,-2.740700128372515199e-01,-1.283074701994783295e-01,9.531121765848972194e-01,-2.479086045086291712e+00
-3.364567817913670985e-03,-9.963481209444081665e-01,-8.531765101047640576e-02,-8.311186844726856648e+00,9.585787788535401477e-01,-2.751285743588360172e-02,2.834956214959347687e-01,-1.418343826196019641e+01,-2.848076621424585619e-01,-8.082984947567029010e-02,9.551707339626195337e-01,-2.558226862657085210e+00
3.064118151483067806e-02,-9.965313157766582108e-01,-7.737218280375159074e-02,-8.280689054446156661e+00,9.565429037780043275e-01,6.778131954486913725e-03,2.915128301793060150e-01,-1.394427968604110468e+01,-2.899772253597119320e-01,-8.294210995416922971e-02,9.534326484702708715e-01,-2.602569086626187911e+00
4.066580341487361500e-02,-9.956491558773352679e-01,-8.383943483452292733e-02,-8.386712754722907448e+00,9.459318072283057210e-01,1.133840294976357251e-02,3.241673282308659143e-01,-1.362630697827266779e+01,-3.218063214208395917e-01,-9.248891295338125540e-02,9.422772906497804968e-01,-2.724423775838296979e+00
3.173265289791569327e-02,-9.971256134099424351e-01,-6.880079811968523029e-02,-8.386197454965886422e+00,9.367449221599276621e-01,5.663674846835842387e-03,3.499669607188913845e-01,-1.338736529637909101e+01,-3.485713550302864117e-01,-7.555417836939647136e-02,9.342320785454100163e-01,-2.755620751261027124e+00
-7.207622516794107842e-03,-9.966909075775710614e-01,-8.096471410344302511e-02,-8.379095965935645651e+00,9.425638143155979920e-01,-3.381095321645419260e-02,3.323105104949639621e-01,-1.300993703882178920e+01,-3.339483584635279945e-01,-7.391924103230222698e-02,9.396884801277097798e-01,-2.863574481480784417e+00
-1.392515741664543914e-02,-9.969555732078217991e-01,-7.671815326755769548e-02,-8.365993083902557359e+00,9.395869742185765094e-01,-3.929135552674903331e-02,3.400478014333401244e-01,-1.276778745086572542e+01,-3.420269110314276828e-01,-6.734815833215800074e-02,9.372736087715092257e-01,-2.885260408054862946e+00
-2.565861675623084745e-02,-9.976614073037998187e-01,-6.335102021876261313e-02,-8.358162427922472659e+00,9.524486890038550424e-01,-4.364452896692259248e-02,3.015570425410276090e-01,-1.242170003046420135e+01,-3.036167488808764747e-01,-5.260105956971441316e-02,9.513411576985156826e-01,-2.962912123715025992e+00
-2.408868017194102165e-02,-9.974355147994716786e-01,-6.739532108600948535e-02,-8.374185004160143109e+00,9.416824725681112174e-01,-4.527251554771661440e-02,3.334434287761388616e-01,-1.220819892259697603e+01,-3.356394737595400080e-01,-5.543278048857125384e-02,9.403580969512236321e-01,-3.007301483431731537e+00
7.218789719375733223e-03,-9.962770000507126245e-01,-8.590709077217825729e-02,-8.377517848580259496e+00,9.493458947077946242e-01,-2.016115429614036281e-02,3.135855546081511847e-01,-1.187157114020531523e+01,-3.141500617164393883e-01,-8.381925212860731611e-02,9.456659408565797342e-01,-3.051663942420265840e+00
-3.455060773782044764e-02,-9.928752546659069811e-01,-1.140393974776131997e-01,-8.371720041534695511e+00,9.638709030596080973e-01,-6.326060646440628821e-02,2.587488703449898897e-01,-1.152519068804542357e+01,-2.641195519835679018e-01,-1.009793263092267218e-01,9.591892607395768877e-01,-3.104791618061951919e+00
-7.102251589978714197e-02,-9.944001161973853309e-01,-7.825733922061696435e-02,-8.385463035912492202e+00,9.557432074472824723e-01,-9.029718313886937742e-02,2.800023930889943835e-01,-1.130958804130377082e+01,-2.855008295148077080e-01,-5.490744597786078457e-02,9.568042896656280272e-01,-3.150830935596073523e+00
-6.723050750661288544e-02,-9.969273403281501134e-01,-4.019871847016737165e-02,-8.347380301794391499e+00,9.557450084923888589e-01,-7.591429023442627932e-02,2.842331776553966294e-01,-1.095716613202961121e+01,-2.864114830140104817e-01,-1.931058374166346944e-02,9.579120856076894786e-01,-3.213514155845215825e+00
-7.547291843108580589e-03,-9.972772418666477900e-01,-7.335626245036279414e-02,-8.360152981355563284e+00,9.530975088148766483e-01,-2.937074489712680758e-02,3.012349548692209167e-01,-1.076196525483403477e+01,-3.025692930168381034e-01,-6.764216287966730301e-02,9.507241244042634598e-01,-3.245336479100181748e+00
-4.455193983397817692e-02,-9.950727619350930864e-01,-8.857382859454074331e-02,-8.368559024022960813e+00,9.635484106049785336e-01,-6.621349256974358444e-02,2.592107903277443559e-01,-1.040733748246621815e+01,-2.637983795963261824e-01,-7.379682822846782286e-02,9.617507177360321569e-01,-3.280970234016906240e+00
-8.252956212881602804e-02,-9.930209604822156644e-01,-8.425107368932217844e-02,-8.349779641276915854e+00,9.671343872205895309e-01,-1.002049695977144106e-01,2.336879139437327280e-01,-1.019587377486251789e+01,-2.404993730351050463e-01,-6.219594931262648063e-02,9.686545903772020294e-01,-3.384712411333651971e+00
-8.387924422138770542e-02,-9.957877210026607750e-01,-3.702819316650208387e-02,-8.342882872342629597e+00,9.534103552788411040e-01,-9.100482654721006592e-02,2.876226972827140571e-01,-9.832047109381043981e+00,-2.897808945322671303e-01,-1.117748833321698977e-02,9.570277409347350828e-01,-3.453548165041515627e+00
-2.403710588681701177e-02,-9.983529862581526082e-01,-5.209157676644804447e-02,-8.345844202050329841e+00,9.611733579459519339e-01,-3.740717006585658755e-02,2.733980241380041809e-01,-9.616508771553926138e+00,-2.748963323063570718e-01,-4.349733850585425082e-02,9.604894523249188909e-01,-3.504713146200018503e+00
3.650764270968803737e-02,-9.983891775504429855e-01,-4.343088962860314900e-02,-8.325657762423483987e+00,9.487048970100154799e-01,2.096774613485897706e-02,3.154669111194357556e-01,-9.302611211408343905e+00,-3.140481020687695413e-01,-5.272005095003441666e-02,9.479421848482281199e-01,-3.588957029113740482e+00
1.931211591520521839e-02,-9.970628794328274536e-01,-7.411245938434968261e-02,-8.316449742409426804e+00,9.614405382918952414e-01,-1.819328329701003525e-03,2.750068751384547316e-01,-9.061881457692367192e+00,-2.743339816863144542e-01,-7.656568749477747626e-02,9.585815364331757849e-01,-3.625612477127219790e+00
-1.916832210858918084e-02,-9.967288629315987913e-01,-7.851209605292538973e-02,-8.328271958134436659e+00,9.529114978229733524e-01,-4.198245744996982609e-02,3.003284045561412929e-01,-8.724693766456651289e+00,-3.026421199111548055e-01,-6.905828745012333736e-02,9.505991269668520038e-01,-3.694769123207576556e+00
-3.994618701381456860e-02,-9.957374362846138638e-01,-8.313398898406153259e-02,-8.337275783374563431e+00,9.592756708125521614e-01,-6.150119189428743249e-02,2.756951047492649520e-01,-8.521029933906703491e+00,-2.796327762086985302e-01,-6.873544483690145757e-02,9.576434352580776022e-01,-3.807257379641423523e+00
4.149841634522530472e-03,-9.981613300211651385e-01,-6.047096877665666947e-02,-8.370172763850439068e+00,9.596698194059081199e-01,-1.302339445786379613e-02,2.808277566734183606e-01,-8.187399661502595904e+00,-2.810989443876280025e-01,-5.919755440196717428e-02,9.578512582948304210e-01,-3.802054486312081316e+00
1.632758593742963601e-02,-9.978480291823664805e-01,-6.350370535900549951e-02,-8.362732793125017494e+00,9.541518440971635817e-01,-3.435264081122108102e-03,2.993032865951743560e-01,-8.003427607732643168e+00,-2.988773466548387825e-01,-6.547907770853572673e-02,9.520424476035747041e-01,-3.922369758028454001e+00
-3.235504478101593889e-02,-9.975277400992703658e-01,-6.238235976348792400e-02,-8.352832391177793525e+00,9.691435522137438197e-01,-4.657193855641854341e-02,2.420574926368145308e-01,-7.669406602541009477e+00,-2.443643310300079863e-01,-5.262568072281765402e-02,9.682544146290886777e-01,-3.983066963833480134e+00
-3.971189943716725568e-02,-9.982078163944522187e-01,-4.476740256159930653e-02,-8.348193662991834074e+00,9.538244128711517167e-01,-5.121957824206181675e-02,2.959654442932587171e-01,-7.450593258211883452e+00,-2.977279873543864919e-01,-3.094689150343329920e-02,9.541490111361975446e-01,-4.013577442436636389e+00
-1.223598166561244878e-02,-9.995398984161677491e-01,2.775377860537930202e-02,-8.380641499666770855e+00,9.662794476560899737e-01,-4.680233261264364099e-03,2.574531500177458243e-01,-7.161076405665115274e+00,-2.572048012579064014e-01,2.996809788454697990e-02,9.658921282001763364e-01,-4.118538329091437689e+00
4.264061236374909469e-02,-9.986437655527050650e-01,2.987319366855019712e-02,-8.355281118064089796e+00,9.592428354762183584e-01,4.928183205268788641e-02,2.782525536577759029e-01,-6.944255324501248161e+00,-2.793473836727094484e-01,1.679078771960608452e-02,9.600432847965606475e-01,-4.141058204969656487e+00
8.162663035295916053e-03,-9.998974926517064654e-01,-1.176329549926482913e-02,-8.302574600566671847e+00,9.566117004285988878e-01,4.381913257811139058e-03,2.913328911044955616e-01,-6.637102211890689496e+00,-2.912514816018551000e-01,-1.363095833138011463e-02,9.565494087812167479e-01,-4.247071050111017598e+00
-5.882552111339976741e-02,-9.979371714602743859e-01,-2.570914007904621934e-02,-8.328116978535112125e+00,9.554448913415648503e-01,-6.374551773307371438e-02,2.882040398367898826e-01,-6.382008946290981477e+00,-2.892483667629623389e-01,-7.609913718922895441e-03,9.572238356508638857e-01,-4.308441671409448226e+00
-8.311753412526197426e-02,-9.964546040041141195e-01,-1.302680620644786416e-02,-8.307201879120023946e+00,9.546455673211534654e-01,-8.336687485026848810e-02,2.858352759401313614e-01,-6.049526395473940887e+00,-2.859078808200429811e-01,1.132194050082074681e-02,9.581902198145683114e-01,-4.357648838861064355e+00
-7.158443643546688606e-02,-9.969583891532866060e-01,-3.081620932400616977e-02,-8.349986864651210539e+00,9.608431527901355462e-01,-7.721698033316704013e-02,2.661164663911986250e-01,-5.854552319220951873e+00,-2.676865782898497081e-01,-1.055974645110673536e-02,9.634481758550188513e-01,-4.429665413105307259e+00
4.608088952766322549e-02,-9.988941316584001306e-01,9.330881992093142951e-03,-8.368164991303661537e+00,9.506342280491006935e-01,4.672023203272602371e-02,3.067764403931587114e-01,-5.566680895850088184e+00,-3.068731270115209742e-01,-5.266275459875942831e-03,9.517358616028684937e-01,-4.490418433639984386e+00
5.540397287204269078e-02,-9.982390223935401208e-01,-2.119561182848275424e-02,-8.299877909301111245e+00,9.583285413070772307e-01,4.720666753442334662e-02,2.817409048337548572e-01,-5.379264654097831055e+00,-2.802441912087441089e-01,-3.592192521405482980e-02,9.592563831336623492e-01,-4.607009585007327601e+00
-2.876673606454805895e-02,-9.985322003155338022e-01,-4.589030212595772429e-02,-8.272855995151815023e+00,9.699624987974703183e-01,-3.897864619901530298e-02,2.401112576849703528e-01,-5.028110755506727259e+00,-2.415475643072381995e-01,-3.760465494471434966e-02,9.696600765751534068e-01,-4.626443484304502363e+00
-4.823968641832713372e-02,-9.977823958006444283e-01,-4.586091238285420341e-02,-8.273091432498342002e+00,9.687800882074836251e-01,-5.791739246337944402e-02,2.410616442799263237e-01,-4.835239930275416320e+00,-2.431832094264750332e-01,-3.280040061598694934e-02,9.694256342662249670e-01,-4.685360818471826505e+00
2.451803584037495765e-02,-9.991164163078718463e-01,3.413579620641368079e-02,-8.314580585481211372e+00,9.757794768205879654e-01,3.134227574126635663e-02,2.164995943809057688e-01,-4.529960294572264345e+00,-2.173781924073084904e-01,2.800086454869118655e-02,9.756857450277008903e-01,-4.757332304931878753e+00
1.660439377358073898e-01,-9.851468596399731714e-01,4.376157769878295106e-02,-8.252100765826835271e+00,9.502061429912715962e-01,1.717064783930566663e-01,2.600484014553914869e-01,-4.381401524936141989e+00,-2.637000124437571813e-01,-1.596940623181684676e-03,9.646034175855956461e-01,-4.760518928839726271e+00
2.921460102253398139e-01,-9.559731227547271226e-01,2.767846238488057622e-02,-8.101486954733685408e+00,9.212415846366875938e-01,2.890683931682778707e-01,2.602948459097746414e-01,-4.142992366531758286e+00,-2.568358453282950093e-01,-5.054555016700592457e-02,9.651323722230114033e-01,-4.908961049077363192e+00
3.317462569948625428e-01,-9.428267336579173596e-01,3.197141332255235002e-02,-7.995259389591743648e+00,9.128162926234765218e-01,3.293730074877043723e-01,2.414121742158728545e-01,-3.953191332613378961e+00,-2.381403722408901302e-01,-5.090355821008244602e-02,9.698958659931103954e-01,-4.927034818883417877e+00
4.499624922041924879e-01,-8.908877156041000722e-01,6.207119940117496876e-02,-7.843727512200836749e+00,8.603588998026289181e-01,4.510768797465617430e-01,2.373019428671300779e-01,-3.711841023965832598e+00,-2.394082687373219609e-01,-5.337346479116637787e-02,9.694508518312761058e-01,-4.963806648151244616e+00
5.203363456808542953e-01,-8.528032100213247535e-01,4.446090800713726338e-02,-7.715681867362697233e+00,8.285285506581948622e-01,5.167666417437332127e-01,2.156216100606197505e-01,-3.563258181324285179e+00,-2.068587153293893477e-01,-7.535862895666446681e-02,9.754642735303270529e-01,-5.003650391159514044e+00
6.090822248871150535e-01,-7.874658371829504899e-01,9.442668370919771181e-02,-7.568181553541983853e+00,7.560281067582499404e-01,6.124551456047090392e-01,2.309116636591787564e-01,-3.332198612584062136e+00,-2.396671548587706313e-01,-6.925496294179327161e-02,9.683818487507060979e-01,-5.087029558535053120e+00
5.615623862501930574e-01,-8.266795729336247067e-01,3.533511063048917072e-02,-7.479483126071385435e+00,8.033586764356890342e-01,5.549518505407758928e-01,2.159705548839122857e-01,-3.159006361139050423e+00,-1.981477311111246031e-01,-9.289417245256996469e-02,9.757602929920177193e-01,-5.136869427226963047e+00
4.101201046683105034e-01,-9.119430414276956665e-01,1.270389461771751112e-02,-7.332342003194923130e+00,8.814133028403168257e-01,3.998922387163659775e-01,2.513897113856009002e-01,-2.912236241820699068e+00,-2.343332868437124905e-01,-9.190259303206149699e-02,9.678025749454318705e-01,-5.204331866726832345e+00
3.175089338805865968e-01,-9.482285605256703942e-01,-7.118560909919660791e-03,-7.252744983277100488e+00,9.131070458129573186e-01,3.037065394228850579e-01,2.720254782157510709e-01,-2.723485973072292232e+00,-2.557803741352072113e-01,-9.287052769953635378e-02,9.622637192017923224e-01,-5.299217743993339447e+00
1.460443967469753912e-01,-9.888582762517816871e-01,-2.881568439525220363e-02,-7.202133057997778920e+00,9.621303582822801070e-01,1.351994676663677841e-01,2.366987064061410184e-01,-2.409662653891984530e+00,-2.301656096171241783e-01,-6.229296453922738425e-02,9.711556923163735533e-01,-5.369759131870739388e+00
6.519088748468351846e-02,-9.978021612767755677e-01,1.187413745728973895e-02,-7.157718713900221630e+00,9.587033278332928177e-01,6.592873272325003309e-02,2.766610406307233871e-01,-2.232493964805858155e+00,-2.768358311171596475e-01,-6.652003675699118268e-03,9.608942051322677536e-01,-5.463658291583517013e+00
1.531313336429022086e-02,-9.998565113757880152e-01,-7.243245543668687045e-03,-7.107426981658417020e+00,9.681390273687043857e-01,1.301575635513850526e-02,2.500748163491905984e-01,-1.901053610172037001e+00,-2.499446571386269023e-01,-1.084189770944542046e-02,9.681994224445265029e-01,-5.539344724543070697e+00
-3.364997851769260112e-02,-9.991082679312153214e-01,-2.550191948158585589e-02,-7.100471912167273025e+00,9.740410021475771618e-01,-3.849959945267030642e-02,2.230737702584640880e-01,-1.681837706452351311e+00,-2.238566619091363064e-01,-1.733348763147245231e-02,9.744679292441751350e-01,-5.637364919600675428e+00
-1.055815226459962813e-01,-9.935414820808577963e-01,4.156760108937240794e-02,-7.139714722635868149e+00,9.701015619365983556e-01,-9.372429399998589983e-02,2.238720979541112543e-01,-1.363485797243963349e+00,-2.185303219325052393e-01,6.396155172270674705e-02,9.737316972848844010e-01,-5.682611150169846859e+00
-2.509938814486548445e-02,-9.982041393791428741e-01,5.439224982566551875e-02,-7.161007108674327881e+00,9.778586510680301602e-01,-1.320759109323591841e-02,2.088492711716397610e-01,-1.165434221941685555e+00,-2.077558163955104398e-01,5.842992096399020341e-02,9.764340556791223369e-01,-5.739354788898077153e+00
2.343877528716131059e-02,-9.985249261293340783e-01,4.897546029845457199e-02,-7.219246839270839544e+00,9.598834948695179614e-01,3.616979218946329844e-02,2.780565093826252721e-01,-8.657997581262175668e-01,-2.794177877124459641e-01,4.049343195357238412e-02,9.593153714386664088e-01,-5.811614596177157033e+00
1.964526018967706691e-02,-9.997015822446013722e-01,1.451930472577833350e-02,-7.259057268423982912e+00,9.733409964133540315e-01,2.244244309263573878e-02,2.282622208099529815e-01,-6.558817431631079886e-01,-2.285199519804305412e-01,9.647963809733399107e-03,9.734914218118156937e-01,-5.843195166293848608e+00
-7.411694417312329752e-02,-9.959392261332531415e-01,5.110515077303556808e-02,-7.292914515385684915e+00,9.610870433260954027e-01,-5.766036064459097860e-02,2.701610222830798658e-01,-3.267266356433010110e-01,-2.661172180396107478e-01,6.914000766150042721e-02,9.614578959077868525e-01,-5.970380680905269521e+00
-6.870580026225860115e-02,-9.955767953605206833e-01,6.408086726939896116e-02,-7.287354256402958086e+00,9.668105499866810337e-01,-5.060132585373526559e-02,2.504333569161554807e-01,-8.820308018151598595e-02,-2.460830620842757444e-01,7.916028272763983575e-02,9.660107536635963443e-01,-5.936053246006141038e+00
2.570589124332397016e-02,-9.988806152910871816e-01,3.970797843110589198e-02,-7.341466854742048298e+00,9.725037831893372786e-01,3.418465072571510999e-02,2.303644966942313688e-01,2.004384888762195949e-01,-2.314640335728480602e-01,3.269443454870638727e-02,9.722939242388233261e-01,-6.040300770142437159e+00
6.290196879096908444e-02,-9.970912472266858506e-01,4.303936600545645030e-02,-7.370336289880686564e+00,9.603128380863833469e-01,7.221109264375312475e-02,2.694156845947724976e-01,4.070282503984541389e-01,-2.717399406209826673e-01,2.438447873396078561e-02,9.620617453511913775e-01,-6.088983837537968569e+00
-1.821837224840780478e-02,-9.998225105065627893e-01,4.799833015039659499e-03,-7.383218468921038280e+00,9.766429632009155926e-01,-1.676763271881992826e-02,2.142133724190455613e-01,7.351570992135250115e-01,-2.140948699589805271e-01,8.590342097995166612e-03,9.767750983107060803e-01,-6.162593847959547233e+00
-2.694319290780985629e-02,-9.996322689235970227e-01,-3.064519961365232137e-03,-7.382103719092431682e+00,9.719505555561773757e-01,-2.691334354921671307e-02,2.336402993771384551e-01,1.053019202760903994e+00,-2.336368590568920489e-01,3.316453778195013226e-03,9.723182705392149350e-01,-6.241068455398879777e+00
-2.809068485105156374e-02,-9.995699526795673862e-01,8.415647614175816166e-03,-7.387799137854026199e+00,9.801282919771422408e-01,-2.588851937581355955e-02,1.966680345925511109e-01,1.275511466737808464e+00,-1.963655893749411685e-01,1.377295410197899340e-02,9.804340166705455273e-01,-6.262122861999175782e+00
1.935651933505058665e-03,-9.999980559501765454e-01,-3.759620452621210670e-04,-7.401604971873563699e+00,9.747947708701508729e-01,1.802991193355123461e-03,2.230961763611511439e-01,1.583392647394576525e+00,-2.230950647948132526e-01,-7.983223808979758845e-04,9.747963657839399110e-01,-6.362100040387587363e+00
-3.769518280236297536e-02,-9.987809200558015466e-01,3.187078483474486273e-02,-7.397670011464157369e+00,9.776035568721870295e-01,-3.025010721497034885e-02,2.082695767612986748e-01,1.916107830651833099e+00,-2.070515848390069580e-01,3.900775238294298952e-02,9.775520633038882190e-01,-6.413069300745564583e+00
-3.372184053919992375e-02,-9.993477794650452717e-01,1.291716489527269980e-02,-7.329418672787181066e+00,9.799303253662543511e-01,-3.052040782885608386e-02,1.969900051615472714e-01,2.129277156826787198e+00,-1.964672870944047522e-01,1.930078714050830271e-02,9.803203990112232535e-01,-6.451770074589051163e+00
1.923482618665855320e-02,-9.996579359033068712e-01,-1.772096631419277368e-02,-7.327731947839105864e+00,9.695412513165794222e-01,1.432091956611152711e-02,2.445090453505996131e-01,2.413204823338352956e+00,-2.441716270516501863e-01,-2.188429684318581384e-02,9.694850664629298675e-01,-6.503568593140185428e+00
7.725667267369142749e-03,-9.999667172067181475e-01,2.622697865402942672e-03,-7.337179427442020341e+00,9.767666283928763127e-01,8.108100638340819469e-03,2.141523111293702764e-01,2.598197105410787966e+00,-2.141664486405057688e-01,9.072942509594381305e-04,9.767967593588025021e-01,-6.531546912432393270e+00
7.206404528420679023e-02,-9.972662945221063557e-01,1.633129472587163677e-02,-7.320434591542454683e+00,9.654122272823467688e-01,7.385703343372831964e-02,2.500487353019545944e-01,2.884756622938867032e+00,-2.505713566851050511e-01,-2.253091768350319601e-03,9.680955111901262677e-01,-6.633087845389942672e+00
8.454260426143028750e-03,-9.999257102879910430e-01,8.780625587266723334e-03,-7.274534404347348548e+00,9.813581819147844110e-01,9.982649634706811104e-03,1.919282821659660243e-01,3.100224930800493439e+00,-1.920016777779696149e-01,6.994327081821417533e-03,9.813696730178286254e-01,-6.737582448743363983e+00
-3.259122364821156505e-03,-9.961732274126976483e-01,-8.734002008003476092e-02,-7.283885095553144673e+00,9.777355119984081355e-01,-2.149990515412772765e-02,2.087367304898045672e-01,3.447690291442743415e+00,-2.098157446394843251e-01,-8.471514070420496645e-02,9.740640113651916066e-01,-6.796601235343687542e+00
-2.745376442846071685e-02,-9.983933417425859824e-01,-4.956839701643186991e-02,-7.276256166205703479e+00,9.768479554971590817e-01,-3.731991721844282045e-02,2.106544460006194164e-01,3.652876261529318214e+00,-2.121658847687965810e-01,-4.263752974646387722e-02,9.763030668790280142e-01,-6.885745461272772872e+00
7.397229110902493743e-02,-9.968453914278609940e-01,2.876396594901988943e-02,-7.285549260104594360e+00,9.725655616461359454e-01,7.848946242850163291e-02,2.189877452909627653e-01,3.966796504586465044e+00,-2.205545928971257563e-01,1.177581745440697304e-02,9.753035433521536346e-01,-6.946591674582697884e+00
1.120784459786100390e-01,-9.934915349284805242e-01,2.032220392751606444e-02,-7.260476307997657308e+00,9.596144069312613212e-01,1.135218095692064333e-01,2.573965593439332955e-01,4.171872646100190707e+00,-2.580283161922010682e-01,-9.347126702069477946e-03,9.660921380828205729e-01,-7.031033947112772964e+00
2.810828004778346406e-02,-9.995019010067716092e-01,-1.434832661341744336e-02,-7.246301598029724289e+00,9.885815897570011668e-01,2.566961663208855784e-02,1.484840435046149987e-01,4.500336149831104748e+00,-1.480417677085571759e-01,-1.835812261129969938e-02,9.888107070354350547e-01,-7.104278563179446060e+00
-2.381171342333167525e-03,-9.999841543672836064e-01,-5.101081982029847563e-03,-7.238921801158325842e+00,9.821222562598781458e-01,-3.298755220397416466e-03,1.882152809232040813e-01,4.709110177366445882e+00,-1.882291257538096507e-01,-4.561713312434016385e-03,9.821145488127210887e-01,-7.169626427306195815e+00
5.010918796411229642e-02,-9.987259943541725304e-01,5.954618614730184355e-03,-7.257634861271132998e+00,9.794968796324817761e-01,5.030749415776149952e-02,1.950769561526851381e-01,5.036924325411700210e+00,-1.951279889503488574e-01,-3.942617510791879970e-03,9.807698627585164086e-01,-7.257184320256106602e+00
7.398900175179801142e-02,-9.971633836970719145e-01,1.381353805434479623e-02,-7.243687651903619518e+00,9.671188575486528993e-01,7.512561735634402937e-02,2.429758362278338357e-01,5.259460664164538279e+00,-2.433243575837813477e-01,-4.618206430482812291e-03,9.699339818646465217e-01,-7.305813851207875409e+00
2.713503060408353762e-02,-9.972585156557887132e-01,6.884143422481105168e-02,-7.186491569857471617e+00,9.652044464528718448e-01,4.405609513845783198e-02,2.577584858520761690e-01,5.555735009574469530e+00,-2.600847297742022723e-01,5.945177401192255212e-02,9.637538170638383361e-01,-7.464064958941538208e+00
-2.192742924689741746e-02,-9.995337719199232085e-01,2.124680301019064854e-02,-7.212688724984535504e+00,9.736452608916890128e-01,-1.652426622156321842e-02,2.274683594898250782e-01,5.787623163629366907e+00,-2.270112195240054087e-01,2.567464541859266342e-02,9.735536548094595455e-01,-7.478024618833483572e+00
-7.593320109389244121e-02,-9.914813986966669601e-01,1.058243119993506343e-01,-7.170184099518056797e+00,9.750408624084506704e-01,-5.162605787159538218e-02,2.159399610596011432e-01,6.108918138996670244e+00,-2.086371625703778432e-01,1.195800409229742789e-01,9.706550098811855820e-01,-7.552713411556077894e+00
-9.115017133627251189e-03,-9.913011356020461351e-01,1.312972772632696461e-01,-7.187764722235137960e+00,9.791297966009612219e-01,1.781180325140213280e-02,2.024538986364358417e-01,6.283963978398782402e+00,-2.030314208954195065e-01,1.304024471358864457e-01,9.704501243805176980e-01,-7.660297189140765184e+00
3.776897653137498145e-01,-9.194909910353110671e-01,1.090264123143863395e-01,-7.044287862275535161e+00,8.842694181890259353e-01,3.931092149007556769e-01,2.520570197708282834e-01,6.513194589202798035e+00,-2.746234462548415300e-01,1.209365541551924187e-03,9.615510907913858984e-01,-7.651173877237895660e+00
5.833206001295219156e-01,-8.035820236998018062e-01,1.182920481311667132e-01,-6.880685233876065787e+00,7.751827474481544078e-01,5.942595968137446283e-01,2.143530724144056543e-01,6.583702874929496573e+00,-2.425464605457385014e-01,-3.333860796879103972e-02,9.695667855776830546e-01,-7.688701651448576868e+00
7.807107310723584437e-01,-6.041537832210801540e-01,1.596526248081141242e-01,-6.622865057447555159e+00,5.722312856140311377e-01,7.938467977326596481e-01,2.058120926819262397e-01,6.728506846273919706e+00,-2.510818793799695081e-01,-6.932148259563733483e-02,9.654804098984961502e-01,-7.776822296762670561e+00
8.630391265796085731e-01,-4.755787314004390476e-01,1.702596142138711743e-01,-6.447530481303113348e+00,4.303142090861792890e-01,8.687126570808930692e-01,2.452916649337875399e-01,6.793461027527745166e+00,-2.645621806896130135e-01,-1.384311730319545963e-01,9.543812984765348562e-01,-7.774918510938470639e+00
9.296312286595117547e-01,-3.520949318102292724e-01,1.086965394782992977e-01,-6.206394497533151089e+00,3.218220548335876674e-01,9.194493084775937630e-01,2.259281615088315209e-01,6.906786078357800562e+00,-1.794891186776930436e-01,-1.750489306840339043e-01,9.680607047818253763e-01,-7.803498276354714491e+00
9.637323094270587864e-01,-2.402457100497283893e-01,1.161982554477078294e-01,-6.032175257090844234e+00,2.182513754122933636e-01,9.600930089152405200e-01,1.748935429417584064e-01,6.962464117527824570e+00,-1.535785561106476627e-01,-1.431901289711707548e-01,9.777066094019163378e-01,-7.779557244689274675e+00
9.874458273861612678e-01,-1.160267167485565520e-01,1.071846023373256157e-01,-5.733132306098420727e+00,9.642515522585275167e-02,9.802308430023075614e-01,1.727706105408389758e-01,6.976881748253261684e+00,-1.251116597976814904e-01,-1.602663265553138372e-01,9.791127499706752113e-01,-7.851493263592543848e+00
9.882773833513052164e-01,-1.336376905532946358e-01,7.381586021906220985e-02,-5.504220430271490550e+00,1.238630173189099043e-01,9.845142985617657549e-01,1.240546205027789339e-01,6.983705875306877253e+00,-8.925114283276069926e-02,-1.134573205704023091e-01,9.895259824340310040e-01,-7.861729690844148521e+00
9.904853837739897582e-01,-8.052782414415672607e-02,1.115973748288949796e-01,-5.134203441741971297e+00,5.762268411950413616e-02,9.790940990483744111e-01,1.950752969586732888e-01,7.008821082778950995e+00,-1.249733203726184350e-01,-1.867886900946060802e-01,9.744186238202691142e-01,-7.861688684339300792e+00
9.929671274329393560e-01,-8.987671990871250530e-03,1.180487424319380946e-01,-4.850704560427035794e+00,-6.115644983938040360e-03,9.918890499276480366e-01,1.269594877118557785e-01,6.992445623034742930e+00,-1.182323252076524639e-01,-1.267885420131138752e-01,9.848582552277173052e-01,-7.892696890322519643e+00
9.807583825037831105e-01,1.082645522514030234e-01,1.624554765908710896e-01,-4.566035913055277007e+00,-1.270815594865769282e-01,9.857428669972528867e-01,1.102781818969390953e-01,6.965108953382356027e+00,-1.482001092679200160e-01,-1.288013466150038089e-01,9.805340079380934215e-01,-7.909447150703231344e+00
9.957066564594069247e-01,1.777558751980638438e-02,9.084207599320488769e-02,-4.379205969772365314e+00,-2.760085111494129176e-02,9.937596020805634645e-01,1.080742628492536855e-01,6.989476158333059352e+00,-8.835410177326463721e-02,-1.101175815254068907e-01,9.899836720566849158e-01,-7.924366171168952810e+00
9.948951482704307958e-01,-9.516265827960685569e-03,1.004643450814773353e-01,-3.968401063601753709e+00,-3.894758452454094490e-03,9.911810829505524056e-01,1.324571313956550422e-01,6.894670495178202074e+00,-1.008388556289474269e-01,-1.321722417365333024e-01,9.860841869281682381e-01,-7.953042302351155612e+00
9.924447968096148376e-01,-2.213092518380941828e-02,1.206795236816591982e-01,-3.744206347679536862e+00,5.696993932662815056e-03,9.908487291354181048e-01,1.348567396567810772e-01,6.891486608502601641e+00,-1.225596570885168768e-01,-1.331503590728709552e-01,9.834887454023628628e-01,-7.934118909538367959e+00
9.935810720734286061e-01,5.127603820500286312e-03,1.130060215053922124e-01,-3.347196491929151918e+00,-2.011309632531306513e-02,9.910628179481472122e-01,1.318709757182572051e-01,6.896135322412851210e+00,-1.113198839993374406e-01,-1.332974064253942548e-01,9.848043891385945825e-01,-7.949233042864095822e+00
9.899032342842480903e-01,4.882237751607643866e-02,1.330712673993300066e-01,-3.132158922432897619e+00,-6.806876971608127880e-02,9.872105075261317086e-01,1.441598294232322164e-01,6.933810090090683609e+00,-1.243311278116844831e-01,-1.517622788563560143e-01,9.805661534916465527e-01,-7.945469758820654427e+00
9.939216040536218433e-01,-1.373289011703117922e-02,1.092302738461735367e-01,-2.771055790356451443e+00,-2.065728383281515649e-03,9.896880720416280086e-01,1.432244840268962482e-01,6.945059245268116577e+00,-1.100707852326089642e-01,-1.425795489807635541e-01,9.836439876554535777e-01,-7.940938894698509110e+00
9.941340600663332028e-01,-5.204510197192908222e-02,9.480916610096742914e-02,-2.541111373244577365e+00,3.590257736030449953e-02,9.857008915241414204e-01,1.646352252326303278e-01,6.983996833719952058e+00,-1.020219366357883461e-01,-1.602655914700449324e-01,9.817873826016726424e-01,-7.953023455336711400e+00
9.956898056560143928e-01,-4.852490109508845323e-02,7.903888211761020410e-02,-2.182823879682415313e+00,3.927886125984374199e-02,9.926347577047482940e-01,1.146010857477562372e-01,6.968046268376346219e+00,-8.401774795136834895e-02,-1.110025755113216717e-01,9.902623118442088757e-01,-7.919038661600798612e+00
9.920799089757440514e-01,4.072952390489268520e-02,1.188215472427509301e-01,-1.970373216893086532e+00,-5.263895772674467149e-02,9.937063099442797753e-01,9.887825699497318488e-02,7.006846357445949636e+00,-1.140464569205135864e-01,-1.043497746015916022e-01,9.879800252052052256e-01,-7.952628346505245638e+00
9.900761826531687682e-01,8.236320633550725523e-02,1.138659509470016096e-01,-1.653962883305373222e+00,-9.519706819961169797e-02,9.891043503188468033e-01,1.122947121930923386e-01,6.993729317150325642e+00,-1.033763548841261232e-01,-1.220200246781893288e-01,9.871293951799878785e-01,-7.911018903063445684e+00
9.920374898449927370e-01,1.023530277262228588e-01,7.338580555749246725e-02,-1.412303886055131352e+00,-1.125060084139102995e-01,9.820922217162256773e-01,1.511200387614295149e-01,6.983188112070167541e+00,-5.660403530505665748e-02,-1.581730879756803043e-01,9.857876330262137499e-01,-7.900854651407714258e+00
9.918746342599765731e-01,9.386436205803780353e-02,8.587311248043114076e-02,-1.130201801952346763e+00,-1.043853534909776060e-01,9.863178438247299784e-01,1.275962731802864347e-01,6.965907159083888800e+00,-7.272144036116708066e-02,-1.355234019952738234e-01,9.881017152213774635e-01,-7.926155696998764988e+00
9.812272595025949284e-01,1.831011020055330618e-01,6.055618592173878795e-02,-9.636419088994315763e-01,-1.880752572968434622e-01,9.779852860346529564e-01,9.040175823756552154e-02,6.954510404547034952e+00,-4.267039725330364075e-02,-1.000937897378099128e-01,9.940626089206715532e-01,-7.893079518827488705e+00
9.647125902011308707e-01,2.598739803198186205e-01,4.236900589063814088e-02,-6.753305684914445717e-01,-2.626007980124960284e-01,9.613562160213083851e-01,8.267434185036372229e-02,6.921305335027221339e+00,-1.924679689263326249e-02,-9.088311322751672916e-02,9.956755598785438366e-01,-7.880900542310053325e+00
9.625365015595792606e-01,2.686396778605538715e-01,3.682671101829863847e-02,-5.435903417600157495e-01,-2.706005689192459429e-01,9.603363418256121165e-01,6.730113423695358033e-02,6.847390987221126046e+00,-1.728627391971699484e-02,-7.474512725240604893e-02,9.970528324446993329e-01,-7.828038935277048971e+00
8.712131456702354448e-01,4.903716187879775257e-01,-2.287641358764473318e-02,-5.842894823747677435e-01,-4.849322859812680298e-01,8.669255886775786291e-01,1.152419268713186090e-01,6.639397257273585318e+00,7.634351854843501872e-02,-8.930677008655210636e-02,9.930739992530043247e-01,-7.714868147173703505e+00
7.506755221823503410e-01,6.573271317032310934e-01,6.638751631940995046e-02,-2.352772658834544339e-01,-6.588523107827011227e-01,7.373690120923862557e-01,1.489985657051510759e-01,6.440506601259698094e+00,4.898870249915210362e-02,-1.555891446493040120e-01,9.866063678563761208e-01,-7.728280634696085727e+00
6.486200630385380306e-01,7.591157667417521848e-01,5.509325283522428784e-02,-1.583000639744416849e-01,-7.546239876663292101e-01,6.319722000935434902e-01,1.765043216113786895e-01,6.282850362905343822e+00,9.916980922866840131e-02,-1.560589343581740007e-01,9.827568152623232800e-01,-7.706775921238309124e+00
4.355499575277256841e-01,8.989918555665822320e-01,4.593340965518522695e-02,-4.127561891443659592e-02,-8.954170745435650058e-01,4.274546058483960076e-01,1.245424528216590720e-01,6.032898318849491126e+00,9.232820323952724284e-02,-9.537401933413020005e-02,9.911504927722213365e-01,-7.678390248020248166e+00
3.353583541065192630e-01,9.418594352080958965e-01,2.087052084770368507e-02,1.228062530740747504e-01,-9.336726065501735894e-01,3.293253021515427648e-01,1.407135712737002664e-01,5.811470822022013927e+00,1.256592141817320651e-01,-6.667570526273436382e-02,9.898303451697924027e-01,-7.666894489049543182e+00
2.297584963055326057e-01,9.713051623081394581e-01,6.145986535114682930e-02,2.860590901053035040e-01,-9.669011024180873548e-01,2.206046590891966863e-01,1.282023499426812041e-01,5.483097071526323418e+00,1.109652716759038649e-01,-8.888119070815778122e-02,9.898418269704493122e-01,-7.645021287589630177e+00
2.026682123836815452e-01,9.792397037783436842e-01,3.898491157677037248e-03,3.756939387166350897e-01,-9.713145905622455611e-01,2.005190901517583391e-01,1.278282466656227578e-01,5.291075814253647813e+00,1.243927724994481204e-01,-2.969338358649215026e-02,9.917886574876171313e-01,-7.564470500104055084e+00
5.825017049142707654e-02,9.978038651250525914e-01,-3.153354371502466863e-02,4.657582247446578338e-01,-9.873919218410089904e-01,6.224196569267077123e-02,1.455442557775140922e-01,4.993539562445604929e+00,1.471873307076325410e-01,2.265798861814728726e-02,9.888490811195335128e-01,-7.475250085187344240e+00
-7.200424281095961151e-03,9.998838312414418672e-01,-1.343420679123674341e-02,4.959593744932816461e-01,-9.933508337078759132e-01,-5.608401478040502854e-03,1.149898560949100673e-01,4.787616407931789553e+00,1.149011534408572732e-01,1.417285626818425362e-02,9.932758202448933593e-01,-7.474849683257516197e+00
1.020618059656980270e-02,9.978715633816588326e-01,6.440634186068934508e-02,4.607931662821538321e-01,-9.850184065212862494e-01,-1.055587336418979238e-03,1.724460047366723481e-01,4.459047045863180792e+00,1.721469508643582724e-01,-6.520144729698125474e-02,9.829110837601167106e-01,-7.391774390816259199e+00
5.205494612532187565e-02,9.970073137915783645e-01,5.715504203473865258e-02,5.347706620983793124e-01,-9.888399151777895746e-01,4.345934331593305500e-02,1.425023074540507639e-01,4.235559085652058187e+00,1.395919221698412871e-01,-6.393513685486908182e-02,9.881429013762543789e-01,-7.330755656204869020e+00
1.683421403787237203e-02,9.976885042529088921e-01,6.583507970164606538e-02,5.825402246676329998e-01,-9.836479120580590152e-01,4.716870148504069028e-03,1.800403739160246208e-01,3.902099856397741373e+00,1.793136758352448235e-01,-6.778937687866141981e-02,9.814536188943719930e-01,-7.327272488129497496e+00
-4.101742252614500733e-02,9.987702317996227652e-01,2.784950843805100718e-02,6.210980150575188263e-01,-9.903007522981343014e-01,-4.434119492418556879e-02,1.316748967360270306e-01,3.697795441393504579e+00,1.327478476174283051e-01,-2.217842428182734832e-02,9.909016734516694624e-01,-7.210406094436941693e+00
-9.977164769945962020e-02,9.949390800869534202e-01,1.190987955704748968e-02,5.967968383103431362e-01,-9.832988321884083005e-01,-1.004213209336530244e-01,1.517859180518786877e-01,3.357444056199871518e+00,1.522137475139702101e-01,3.432960481661442159e-03,9.883416362018188073e-01,-7.286540495833521369e+00
-7.332252565364029417e-02,9.958026434190118126e-01,5.478049462610839332e-02,5.260852445164212465e-01,-9.748967884437892417e-01,-8.314581486970551438e-02,2.065502973893703076e-01,3.155483936471082718e+00,2.102381010039722775e-01,-3.826053880125651618e-02,9.769012601368085580e-01,-7.143721015774808336e+00
-2.060804958374267207e-02,9.994718854642258288e-01,2.512485739145174299e-02,5.401980680009738078e-01,-9.875167203622701173e-01,-2.427385984112611847e-02,1.556326017689037000e-01,2.826087833502987312e+00,1.561602871965185046e-01,-2.160393239667606630e-02,9.874954353351229619e-01,-7.060387120660150728e+00
-3.127789444699969473e-02,9.994348954214044012e-01,1.231191020801355313e-02,5.703701841222973412e-01,-9.823500865958526562e-01,-3.301131211373092150e-02,1.841156175821304364e-01,2.588913074303150097e+00,1.844180053142377707e-01,-6.335857206224753714e-03,9.828274803999852427e-01,-7.101684885443634521e+00
-1.057814922996026114e-01,9.934223255139278397e-01,4.384471527299393934e-02,5.562126116569446888e-01,-9.798472735365267861e-01,-1.116462308294835365e-01,1.656334497757120383e-01,2.287813099991995003e+00,1.694390640611048993e-01,-2.544017122722261326e-02,9.852122620319083701e-01,-6.939047723657865596e+00
-1.213179384789173920e-01,9.900687811544169881e-01,7.103355817241709114e-02,5.132598790543385636e-01,-9.722633897669249459e-01,-1.329424255247221853e-01,1.924323580236208531e-01,2.054869469289424266e+00,1.999646436802103300e-01,-4.571783108385795574e-02,9.787359302686489126e-01,-6.972234385681773006e+00
-9.767219425246331799e-02,9.931323457588190351e-01,6.440719119396616510e-02,4.625511580932964439e-01,-9.794260140515247404e-01,-1.074041411438658861e-01,1.708479834949466203e-01,1.705021157193764569e+00,1.765922576701780267e-01,-4.639498111580099560e-02,9.831900529695248858e-01,-6.812241080016607775e+00
-6.963098986400274859e-02,9.970162606234826974e-01,3.331818276749502761e-02,4.633902726108057313e-01,-9.873043330184811950e-01,-7.365562336557590628e-02,1.407302495896282646e-01,1.462355110831890626e+00,1.427644187236095652e-01,-2.309599963191585892e-02,9.894871881674444092e-01,-6.804173011145982386e+00
-1.303790241280458340e-01,9.913972150663653560e-01,1.152701288603817133e-02,5.376744961880413065e-01,-9.788415181864370540e-01,-1.305597126478748593e-01,1.575545737443831418e-01,1.122996489290267075e+00,1.577041291212402108e-01,9.258692778178461563e-03,9.874430030468359654e-01,-6.765140424793655960e+00
-1.391621849273623757e-01,9.902564399226194691e-01,-5.105827849000709427e-03,5.251559146681955559e-01,-9.808937492649192347e-01,-1.371349426252587989e-01,1.379907973894473894e-01,9.014932313622984195e-01,1.359460883558314404e-01,2.421137548649181584e-02,9.904203503350503812e-01,-6.699350610516973781e+00
-7.155398278336967677e-02,9.972110551217058250e-01,2.121648158608725396e-02,5.269724396895567597e-01,-9.827961718944441261e-01,-7.411886026891083279e-02,1.691687886758740655e-01,5.440205230091614830e-01,1.702695276832073279e-01,-8.746776291478816287e-03,9.853587071960381305e-01,-6.697393473681646725e+00
-1.710303902297621512e-02,9.997746117870607296e-01,1.257822253786714493e-02,5.347782958495704841e-01,-9.870926824928101251e-01,-1.888688715625735232e-02,1.590324547464878890e-01,3.050332099447612411e-01,1.592341741754131346e-01,-9.695933146446254758e-03,9.871932266051551830e-01,-6.603579786851532241e+00
-1.014981242087150889e-02,9.990041968372972425e-01,4.344647292116588649e-02,5.838361332157089301e-01,-9.897415666403659440e-01,-1.622884212969102555e-02,1.419445523695864741e-01,-5.663229120289797747e-02,1.425082894855387861e-01,-4.156006959327747385e-02,9.889206985614727996e-01,-6.537525134479088784e+00
-1.800027280762971776e-02,9.986631272106415436e-01,4.845563464360814337e-02,6.409785306713253750e-01,-9.870364477884380205e-01,-2.547931119219373070e-02,1.584608956126156154e-01,-2.587870430014045375e-01,1.594836697471943843e-01,-4.497513814359332951e-02,9.861755401716959524e-01,-6.494389882659465485e+00
6.533688842533867669e-02,9.970673990090935801e-01,3.984586357625973657e-02,7.240010543047822322e-01,-9.893139368910301990e-01,5.950958806374972987e-02,1.331035055949033596e-01,-5.637127088979771994e-01,1.303419551950358579e-01,-4.811663705752852044e-02,9.903008451749463203e-01,-6.453425818000373404e+00
1.665198308351002743e-01,9.805163926154438769e-01,1.042053249649370766e-01,7.924015654843209466e-01,-9.714435821181167663e-01,1.450211160282367517e-01,1.877930847167836870e-01,-8.080321875307673318e-01,1.690222254621278064e-01,-1.325008668587620009e-01,9.766652484764213327e-01,-6.458881766624058329e+00
3.490396514422651197e-01,9.267670839493762358e-01,1.388311702357713784e-01,9.568814596132804162e-01,-9.324890319973229147e-01,3.287956123078941140e-01,1.495247488938587499e-01,-1.109074282672971146e+00,9.292753588553293032e-02,-1.816486097801154609e-01,9.789628469146303136e-01,-6.361588758927049447e+00
4.782542447352259862e-01,8.726942024837467393e-01,9.837533402229255153e-02,1.117860352927638745e+00,-8.744234436589157777e-01,4.627825897403627931e-01,1.456568426572699693e-01,-1.266465059002195082e+00,8.158749029367760863e-02,-1.556827016224402727e-01,9.844320077298994720e-01,-6.331784724219096994e+00
6.425057035099499547e-01,7.640841815608181431e-01,5.798089724832612701e-02,1.371245731001536461e+00,-7.656176472105213904e-01,6.369617974644882219e-01,9.005157883475929659e-02,-1.489885114952631540e+00,3.187537038231932213e-02,-1.022498511458279913e-01,9.942479211462549316e-01,-6.313131779982560587e+00
7.517132649040121350e-01,6.536107076594839249e-01,8.786472671226522313e-02,1.612255269268441316e+00,-6.591931797764433165e-01,7.486736869783972015e-01,7.037089002132694560e-02,-1.557117835123744021e+00,-1.978684167755344683e-02,-1.108185600837800350e-01,9.936436623042430583e-01,-6.272515308981241766e+00
8.759718598023724656e-01,4.671382373883687933e-01,1.202296469431002324e-01,1.963870058166113930e+00,-4.817783231655505261e-01,8.595584344279304512e-01,1.704375109287699364e-01,-1.667771537809727311e+00,-2.372652865810757211e-02,-2.072225011273957918e-01,9.780060771101302119e-01,-6.320710778815374908e+00
9.566604772797518974e-01,2.611465045592229473e-01,1.288535384356168934e-01,2.215831590165187936e+00,-2.820868260682097284e-01,9.409100932257650207e-01,1.873905521221514159e-01,-1.650276606062217377e+00,-7.230320718780346156e-02,-2.156170207158558672e-01,9.737974874726157415e-01,-6.291034260995549410e+00
9.969292087617649400e-01,3.724622020044762727e-02,6.888302982900075533e-02,2.580742939295709970e+00,-4.870079826041144588e-02,9.837318786579019037e-01,1.729156533139569185e-01,-1.708052380102467627e+00,-6.132197784189567791e-02,-1.757393239800757179e-01,9.825249640800927109e-01,-6.263049190186609216e+00
9.969877157593064476e-01,-1.282448191750516428e-02,7.649200800469221906e-02,2.795293982814497369e+00,-5.466649624170243126e-04,9.850485264529399432e-01,1.722762365804104134e-01,-1.686949987911898319e+00,-7.755769325129029113e-02,-1.717991070885952209e-01,9.820742696054630683e-01,-6.294249046454916119e+00
9.923451501287962051e-01,-5.934205404868730244e-02,1.083033870067860727e-01,3.127133220671860947e+00,4.096057832853571695e-02,9.854976896073515125e-01,1.646709895566399184e-01,-1.665753733906936818e+00,-1.165046524343599788e-01,-1.589742884867049455e-01,9.803845375980275723e-01,-6.320162936447253799e+00
9.921255695770632155e-01,-9.621856918712903828e-02,8.018005447099478544e-02,3.373285754801790493e+00,8.090376159611828433e-02,9.810271374192174321e-01,1.761826807795063565e-01,-1.599906903261942626e+00,-9.561085477595424043e-02,-1.683084745062973786e-01,9.810865516652329532e-01,-6.366573262698718594e+00
9.766618395933633900e-01,-1.835330775071197795e-01,1.115672915458426617e-01,3.744981893962806119e+00,1.648649932462964984e-01,9.735340092836824999e-01,1.582752879319331840e-01,-1.574536726839260048e+00,-1.376633033310195042e-01,-1.361878931065589882e-01,9.810716959973880824e-01,-6.358645561740729590e+00
9.897173092859695709e-01,-1.165699743239180936e-01,8.289203089479525721e-02,3.963471526555616187e+00,1.008112333793649285e-01,9.795876056572893065e-01,1.739115236755432170e-01,-1.573669966881136695e+00,-1.014728679217946211e-01,-1.637667973941579203e-01,9.812663721676139206e-01,-6.379379801805555417e+00
9.936255611463298276e-01,-6.322105160206793750e-02,9.333457489575831822e-02,4.275878629690338606e+00,4.746968805611206932e-02,9.856064231614302118e-01,1.622547606043837631e-01,-1.504800014540806474e+00,-1.022490731131524000e-01,-1.567899143990436062e-01,9.823248188813337167e-01,-6.390154048098181327e+00
9.967962940349121004e-01,-4.995785827528390066e-02,6.246087251082774877e-02,4.505589700457222513e+00,4.000740171502441267e-02,9.876501471420527922e-01,1.514813343560613701e-01,-1.496933243643220779e+00,-6.925717295905149673e-02,-1.484971354835746271e-01,9.864846905790763953e-01,-6.405634991545646528e+00
9.943013658636035146e-01,-6.939660143506376500e-02,8.092530847045101283e-02,4.855218543858683233e+00,5.346837752490203599e-02,9.813573615882321688e-01,1.846046084512444341e-01,-1.502206682438980812e+00,-9.222757964204313097e-02,-1.792256693831717207e-01,9.794754887119574427e-01,-6.457602385245724719e+00
9.920158580836205831e-01,-7.821069748719031156e-02,9.893242193127414763e-02,5.089789929389131551e+00,6.012044603241111645e-02,9.828784038404576595e-01,1.741711090648993820e-01,-1.482896927192839609e+00,-1.108605848779652264e-01,-1.668326408788179671e-01,9.797330251950875368e-01,-6.443464919547809977e+00
9.972412051373643616e-01,-2.469065973585915855e-02,7.000250065524571408e-02,5.441762902063180363e+00,1.302813400290468888e-02,9.866386188176755612e-01,1.624022893371597498e-01,-1.508862811352984945e+00,-7.307699022662389465e-02,-1.610422527765820178e-01,9.842383584884630832e-01,-6.442158975385858355e+00
9.948035572897749867e-01,1.704140187351141714e-02,1.003766557811007626e-01,5.662840138115776689e+00,-3.360816619233632924e-02,9.855946638188847198e-01,1.657517716856345413e-01,-1.500759273279221651e+00,-9.610605375729695810e-02,-1.682639274292748732e-01,9.810458078791624015e-01,-6.478394607087606616e+00
9.979037484696645643e-01,-2.186584419118106637e-02,6.090971718865646062e-02,6.043878775571956297e+00,1.071891384817752133e-02,9.840361684607387138e-01,1.776455010604631457e-01,-1.518664885298502520e+00,-6.382173357180553896e-02,-1.766202253959467394e-01,9.822077592368009258e-01,-6.487609149418275933e+00
9.943548124599149718e-01,-6.645256820989632607e-02,8.271978672675073252e-02,6.289523543033037178e+00,4.781781718238722889e-02,9.765889780758174599e-01,2.097317912495413050e-01,-1.507665754246564349e+00,-9.472044814992147677e-02,-2.045923363157547137e-01,9.742535669029609435e-01,-6.500781476859214258e+00
9.954294170394383245e-01,-5.678999939667590813e-02,7.678002123633695386e-02,6.616912381457314751e+00,4.138640355313500524e-02,9.810864202952281898e-01,1.890941604419108246e-01,-1.474735075702044540e+00,-8.606649344236097510e-02,-1.850522409505488686e-01,9.789526172526018533e-01,-6.517741380440709165e+00
9.976906187011898020e-01,-7.202252501875896877e-03,6.753929903796146439e-02,6.838778714052685892e+00,-5.757235321090227627e-03,9.818165647657958184e-01,1.897447954304635476e-01,-1.468510940295362444e+00,-6.767779249574859546e-02,-1.896954419863338126e-01,9.795077108897688456e-01,-6.496127984938697253e+00
9.967340347441855375e-01,2.356585424430450166e-04,8.075399957668369377e-02,7.172934961580065938e+00,-1.394977106613413259e-02,9.854651420306216325e-01,1.693040393191144466e-01,-1.502057681392833910e+00,-7.954035371924216002e-02,-1.698775980157994914e-01,9.822499344986506120e-01,-6.564017149117922223e+00
9.974515468062075119e-01,-3.843015264671823666e-02,6.011268702575826850e-02,7.418982488203747394e+00,2.616817687069560375e-02,9.808759987262311020e-01,1.928665384199181043e-01,-1.522312506092967421e+00,-6.637498243443008816e-02,-1.908019876478442289e-01,9.793819291861904919e-01,-6.536137340806800644e+00
9.946375740448587521e-01,-6.053628797686204377e-02,8.385376638019075013e-02,7.763141847265716322e+00,4.313633903147390258e-02,9.797290362688286791e-01,1.956278910245494995e-01,-1.498931970771137712e+00,-9.399655607054462070e-02,-1.909617064485288340e-01,9.770866256976123987e-01,-6.544809082850862936e+00
9.957963039347105250e-01,-3.556741766837667740e-02,8.440781877513386933e-02,7.988262200501247356e+00,1.952208303189115549e-02,9.827689456601517159e-01,1.838044823178391907e-01,-1.461718758595559109e+00,-8.949083385503030230e-02,-1.813840076920689715e-01,9.793320337911438633e-01,-6.590323829293780911e+00
9.947335629902439580e-01,3.870705851636101202e-02,9.490470105188825167e-02,8.317018242241259074e+00,-5.482008588723120274e-02,9.832979180609945358e-01,1.735510372202633267e-01,-1.468950508720625159e+00,-8.660194480526335614e-02,-1.778397254775323788e-01,9.802413657860115093e-01,-6.547691250267455132e+00
9.952140528816776355e-01,2.710527293999649007e-02,9.388446690308577258e-02,8.545484894348069460e+00,-4.204126016851129216e-02,9.860635729236073566e-01,1.609694461584927072e-01,-1.511472887266738452e+00,-8.821293210335937052e-02,-1.641460762003679741e-01,9.824838646399004505e-01,-6.643187286337134623e+00
9.946212186003960953e-01,-2.676713521216258704e-02,1.000607414643723131e-01,8.911469632192915213e+00,9.594379761414065580e-03,9.856873697062807915e-01,1.683102999774710173e-01,-1.520939264672827695e+00,-1.031337936219744456e-01,-1.664449749137733858e-01,9.806423868766313001e-01,-6.582677519555879542e+00
9.922240884419647466e-01,-4.248353686526478573e-02,1.169893474250235654e-01,9.144366731213162680e+00,2.390891212658367154e-02,9.874960115534267002e-01,1.558203808460140449e-01,-1.543091929270407725e+00,-1.221463148704806517e-01,-1.518116473182856141e-01,9.808330650534132777e-01,-6.620749324756415533e+00
9.974164385186722326e-01,-1.135869077958043781e-02,7.093256175061464497e-02,9.479540238636422700e+00,-5.242834844100606288e-04,9.862427141254975771e-01,1.653028552723730116e-01,-1.474355314317897570e+00,-7.183434623882171965e-02,-1.649129739533713723e-01,9.836887402640630551e-01,-6.631676641431582198e+00
9.943620302343255668e-01,2.603891599431064005e-02,1.027916712682232225e-01,9.697093572618031843e+00,-3.941238681820576767e-02,9.906910800755955870e-01,1.302990699273825492e-01,-1.480620555359604351e+00,-9.844194529551615613e-02,-1.336157128203503686e-01,9.861318495485011937e-01,-6.594015702805926971e+00
9.965227757302957956e-01,2.870681555109668576e-02,7.821941058142206638e-02,1.003718962729807096e+01,-4.275682703590018979e-02,9.819293967295490422e-01,1.843543153282968250e-01,-1.527592695977163517e+00,-7.151371331857894753e-02,-1.870576878378933383e-01,9.797424203473752424e-01,-6.711104138259204710e+00
9.972135644695496737e-01,-1.214884610900864893e-02,7.360375245976236158e-02,1.027468672909061276e+01,-2.807533431675542611e-03,9.798393325610510463e-01,1.997673650082596730e-01,-1.525385085380152050e+00,-7.454679465925032056e-02,-1.994173711203046373e-01,9.770749651390632229e-01,-6.616965901585534660e+00
9.943654741582046430e-01,-4.113806884016971144e-02,9.769832697765742924e-02,1.060728623305861618e+01,2.569042094630017564e-02,9.876732696790239130e-01,1.544069772812975694e-01,-1.512718319780519405e+00,-1.028460309089943153e-01,-1.510270560318481281e-01,9.831650534231892724e-01,-6.689782571742532546e+00
9.975039236346635585e-01,1.895003349530887185e-02,6.802072157792096729e-02,1.081281883359969420e+01,-2.952335389789671055e-02,9.870007373641853654e-01,1.579807457166006734e-01,-1.478711343772733722e+00,-6.414276193050888475e-02,-1.595946135465753646e-01,9.850965766963403203e-01,-6.664922739832033649e+00
9.914105959349580610e-01,6.590805261005905358e-02,1.129652994022678075e-01,1.111076683639070595e+01,-8.174449763687606507e-02,9.865079206804288070e-01,1.418448431944945021e-01,-1.523485592809009415e+00,-1.020924452346453626e-01,-1.498607721717930275e-01,9.834220261871747804e-01,-6.691334386879401741e+00
9.973899429983902332e-01,2.494946542577309093e-02,6.775563283328610298e-02,1.132094114709379085e+01,-3.427528783428149955e-02,9.895336323561250147e-01,1.401727330117006898e-01,-1.598033576958580948e+00,-6.354924271419837289e-02,-1.421292180062243560e-01,9.878060432794458778e-01,-6.746735122301195986e+00
9.968161939925619386e-01,2.037760088964987379e-02,7.708585328170343420e-02,1.163979221511540452e+01,-3.341537716921717110e-02,9.845588724215363907e-01,1.718349187582985382e-01,-1.608578877308712407e+00,-7.239397739332430193e-02,-1.738636825734881652e-01,9.821051531883761010e-01,-6.649020249547825223e+00
9.955011649976709398e-01,-1.198639370225785400e-02,9.398806761657284292e-02,1.183037514963618619e+01,3.741561686454781166e-04,9.924553707774212974e-01,1.226058604725403789e-01,-1.624817061694984854e+00,-9.474856460888754495e-02,-1.220191107206788916e-01,9.879949626002623164e-01,-6.696933114870041948e+00
9.975743967718533334e-01,1.410900770123018136e-02,6.816347120681646998e-02,1.214660076446185322e+01,-2.376046273915981277e-02,9.894473295133644486e-01,1.429315309135526513e-01,-1.600390848780759656e+00,-6.542754248553814267e-02,-1.442044313485470186e-01,9.873825594285878804e-01,-6.679874241005681945e+00
9.949530972504297965e-01,3.817721938323195841e-02,9.279458061731982177e-02,1.234984772339271863e+01,-5.127939012031378779e-02,9.883653952824082989e-01,1.431931197967861169e-01,-1.582309114029909036e+00,-8.624823720325169862e-02,-1.472288875472914926e-01,9.853349157778394929e-01,-6.683059227776542599e+00
9.991385583768181977e-01,-1.036010391392977459e-02,4.018469125909428924e-02,1.267439504597730426e+01,2.210191821227721915e-03,9.802467439135443827e-01,1.977661146379909030e-01,-1.578617907369099349e+00,-4.143979026020239154e-02,-1.975069347992282620e-01,9.794252163842869230e-01,-6.749268267692642098e+00
9.949272574521345058e-01,-8.940558373533492864e-02,4.611283959724020443e-02,1.291688652888407773e+01,7.674252815605178690e-02,9.709360468801027100e-01,2.267019568531691565e-01,-1.586010780628547279e+00,-6.504103897536145373e-02,-2.220131402998098691e-01,9.728719488109552893e-01,-6.737173139443327408e+00
9.947734408069126566e-01,-8.313068848381195697e-02,5.928819526167184578e-02,1.323666696838960988e+01,6.837238742069375041e-02,9.735735638588501883e-01,2.178984451380310827e-01,-1.574001232759831614e+00,-7.583546731954238229e-02,-2.127059105605315359e-01,9.741689676380814733e-01,-6.735194170013497406e+00
9.981254850501131148e-01,-4.370863389861302795e-02,4.283773355578501807e-02,1.342074648431567496e+01,3.276990872593438242e-02,9.728538429806412591e-01,2.290884835165033495e-01,-1.551961500851622988e+00,-5.168799837073795311e-02,-2.272552651106566068e-01,9.724625418513123121e-01,-6.723554806914730619e+00
9.909206877917942080e-01,-5.385137028952662747e-02,1.231918033969011117e-01,1.369429305656527873e+01,3.386256636350189891e-02,9.867069629951580323e-01,1.589424291249790788e-01,-1.523660372357160231e+00,-1.301134778011794335e-01,-1.533277505698565635e-01,9.795718880203093670e-01,-6.814616374994470149e+00
9.944602131508333276e-01,-5.999664556052346914e-02,8.630925200398370523e-02,1.390874375511293692e+01,4.525840767000873649e-02,9.854913389179574823e-01,1.635802477466835603e-01,-1.512386401936455238e+00,-9.487128646317415093e-02,-1.587678287285440581e-01,9.827472796022636015e-01,-6.757871787403727737e+00
9.910037614151721019e-01,-8.935830907388123134e-02,9.963251206529087634e-02,1.421602502030163606e+01,7.292752307972431847e-02,9.847683835267108110e-01,1.578379142780489686e-01,-1.517250745297414660e+00,-1.122190769808771721e-01,-1.491520144203404008e-01,9.824258523450601910e-01,-6.806368474879976205e+00
9.899926097402961256e-01,-8.129030738069743800e-02,1.153538841372585971e-01,1.441938935500068908e+01,6.016123083248813702e-02,9.825358045718387556e-01,1.760795815507546491e-01,-1.513166134652607075e+00,-1.276528846690139773e-01,-1.673776528104060357e-01,9.775937102781308008e-01,-6.783109878795273495e+00
9.953768955438462296e-01,-5.826218181108538952e-02,7.635675469864847131e-02,1.471636297728121789e+01,4.449736145579061969e-02,9.842721021834183182e-01,1.709631939538640288e-01,-1.511549712439715032e+00,-8.511651215228668854e-02,-1.667751391366416036e-01,9.823142228049976943e-01,-6.791734890217075105e+00
9.940901590816300093e-01,-2.707302043505912734e-02,1.051275757429268320e-01,1.492123035943772891e+01,9.005164125026873800e-03,9.856311187164034093e-01,1.686718851407421060e-01,-1.499126978022933931e+00,-1.081834674806801261e-01,-1.667283700585283357e-01,9.800499925929729850e-01,-6.841393171972335097e+00
9.943529125078990338e-01,-5.484190067209970820e-02,9.085511167640657193e-02,1.527258511397997509e+01,3.899856615858308950e-02,9.850525128725805546e-01,1.677815803984107901e-01,-1.498745299445662926e+00,-9.869851683098125605e-02,-1.632908840507810433e-01,9.816285906396993166e-01,-6.775283816013958571e+00
9.951000033545996937e-01,-6.738544133581204909e-02,7.235458257536941939e-02,1.550805724845624844e+01,5.321097381904595774e-02,9.817611660920624317e-01,1.825201496240397014e-01,-1.475840995164920288e+00,-8.333412019639392654e-02,-1.777757437040587973e-01,9.805361846263325187e-01,-6.883390485142681925e+00
9.935372496592850267e-01,-8.257364663283267570e-02,7.788020558024982831e-02,1.587625046109750571e+01,6.627981076190185561e-02,9.790543152959119144e-01,1.925087904118117921e-01,-1.472002123614920777e+00,-9.214510418265582647e-02,-1.861027688730311214e-01,9.781998973588997837e-01,-6.845155442821290848e+00
9.945415421331660344e-01,-6.586368442718763816e-02,8.092648543623968960e-02,1.610027592513601036e+01,4.786783595714526329e-02,9.771655715274598641e-01,2.070171879390496628e-01,-1.478958439215514842e+00,-9.271349013043364562e-02,-2.020134176115245817e-01,9.749845064680511264e-01,-6.896453009878674045e+00
9.935977133047924070e-01,-3.162465210755562028e-02,1.084595108534314317e-01,1.646278075792813311e+01,1.010840676332060845e-02,9.810573078765375543e-01,1.934538156117555363e-01,-1.441602984116496122e+00,-1.125229053490749975e-01,-1.911189159688708727e-01,9.750959725743360007e-01,-6.880182682172779174e+00
9.973097744472715354e-01,-4.200666235908858542e-02,6.007207428900704360e-02,1.672268065785716118e+01,3.020726645756951351e-02,9.822111548799689063e-01,1.853342069951427751e-01,-1.507881544836622068e+00,-6.678873292027573405e-02,-1.830210030209837302e-01,9.808376917758108160e-01,-6.893187364548688301e+00
9.944519568267708998e-01,-4.637857196448092606e-02,9.441574882371951694e-02,1.709955133625132717e+01,2.410013826712607832e-02,9.741362664423920403e-01,2.246724676883698202e-01,-1.482950982140295082e+00,-1.023937932636238418e-01,-2.211505425365538902e-01,9.698494463765380269e-01,-6.904951119260277714e+00
9.951608396250055666e-01,-5.144041491903939001e-02,8.371849849234649921e-02,1.734731649177837554e+01,3.455268537118665051e-02,9.808018518578471845e-01,1.919214405058920769e-01,-1.468701191545170870e+00,-9.198377688753511805e-02,-1.881000029377308536e-01,9.778329988726771616e-01,-6.920317056717859572e+00
9.936447359807780710e-01,1.155920948880227381e-02,1.119666170502887498e-01,1.768518296642438514e+01,-2.771453909478741734e-02,9.892146304387717803e-01,1.438273939437376692e-01,-1.511207970245250998e+00,-1.090964847300571333e-01,-1.460164360675808293e-01,9.832482684539393114e-01,-6.945888274643730043e+00
9.919774625106908550e-01,4.723418778309631388e-02,1.172588818611381839e-01,1.791674179322269822e+01,-6.592885796179276392e-02,9.847388638797417437e-01,1.610675499679828926e-01,-1.474423146559208142e+00,-1.078614832027954967e-01,-1.675061236770361284e-01,9.799528554843799366e-01,-6.937216457141150983e+00
9.972814741781559356e-01,1.387988499777505387e-02,7.236718906724876055e-02,1.829792512711660635e+01,-2.783886138254561965e-02,9.802831974679934168e-01,1.956268145189968277e-01,-1.490026631746654173e+00,-6.822506180260903830e-02,-1.971096181173704054e-01,9.780046724774161815e-01,-6.952506319245511435e+00
9.945330005071747470e-01,-2.886944489335351721e-02,1.003527082531794207e-01,1.854302081988631912e+01,8.355966199707489522e-03,9.799437101180012988e-01,1.990992285997998101e-01,-1.490731281355566651e+00,-1.040878894543815492e-01,-1.971722093798110864e-01,9.748275904575228745e-01,-6.944296397696617440e+00
9.948675636256198995e-01,-5.767779293815539915e-02,8.313725426912164929e-02,1.890231616305230489e+01,4.168398098804865226e-02,9.822910127795917434e-01,1.826658477697215566e-01,-1.447023930774918643e+00,-9.220074064026501093e-02,-1.782628352019195450e-01,9.796537066796426885e-01,-7.015458276094275192e+00
9.899081337158173177e-01,-5.963581054102344570e-02,1.285513784616292010e-01,1.913733312988774315e+01,3.863151351335709222e-02,9.863460511068107284e-01,1.600908293115728964e-01,-1.442607527828009939e+00,-1.363432908761458562e-01,-1.535090797546363739e-01,9.786958002699055470e-01,-7.045541493328135729e+00
9.976021638591332508e-01,-3.084550289772938075e-02,6.195544862692561189e-02,1.951096366508930302e+01,1.763070223635001058e-02,9.789198341399532044e-01,2.034824726261666161e-01,-1.492206892726183343e+00,-6.692593669296441339e-02,-2.019022369326107791e-01,9.771163726595623045e-01,-7.057841663802258303e+00
9.934070996038940615e-01,-6.977357739112148571e-02,9.096143333647863094e-02,1.976592600926872123e+01,5.019501865792923290e-02,9.780844205149549220e-01,2.020676284016167668e-01,-1.503426929452128080e+00,-1.030669421226405036e-01,-1.961696058108119145e-01,9.751382933704954015e-01,-7.035813247149017791e+00
9.899898624803795677e-01,-6.613924273683767507e-02,1.246822872595757803e-01,2.011166136706839680e+01,4.928245187315923731e-02,9.897904644614319292e-01,1.337388365382015387e-01,-1.527945755909759562e+00,-1.322547243899120928e-01,-1.262554435714355050e-01,9.831420298436700511e-01,-7.105437545902083762e+00
9.941470803131455813e-01,6.413129807809990826e-03,1.078445848010861491e-01,2.035311479754177455e+01,-1.967250126635020080e-02,9.922933218736446070e-01,1.223395114380146920e-01,-1.534257423886895566e+00,-1.062288821308781661e-01,-1.237450408341082414e-01,9.866116710591823491e-01,-7.051601396475065009e+00
9.946248830919151018e-01,4.466424472360595865e-02,9.341545470459626521e-02,2.073007040672175805e+01,-5.570645630656759217e-02,9.913118029564006450e-01,1.191541020909215459e-01,-1.586908699475278350e+00,-8.728191485159529639e-02,-1.237174788079656029e-01,9.884714729203077921e-01,-7.083001385337303724e+00
9.989438354236185313e-01,-2.262475330926920145e-02,3.999167671963220483e-02,2.098714994961154900e+01,1.622462548899243975e-02,9.879890246221549877e-01,1.536699344501185893e-01,-1.605153795698120112e+00,-4.298808203321991678e-02,-1.528587837314455411e-01,9.873126237617200207e-01,-7.030519202743353624e+00
9.936994511981119826e-01,-9.108358283484557782e-02,6.530835801443177213e-02,2.132923414887464020e+01,8.021738918485692149e-02,9.849455191822865663e-01,1.531257480474794985e-01,-1.596610301245125152e+00,-7.827241634789797176e-02,-1.469221058272139890e-01,9.860463090840924094e-01,-7.055887320068566559e+00
9.941746727010184470e-01,-8.050905858070263321e-02,7.165899557120603003e-02,2.154094079171721887e+01,6.823591763858748160e-02,9.847980856767023505e-01,1.597391310591154967e-01,-1.562250049358751891e+00,-8.343008872010838906e-02,-1.539188810183814149e-01,9.845549239946989051e-01,-7.075501870941113935e+00
9.900117256610999616e-01,-6.297454545988936947e-02,1.261387715084206218e-01,2.194949192736046584e+01,4.130544406976648791e-02,9.849949516918600212e-01,1.675673161202648476e-01,-1.580444662463444505e+00,-1.347985287150151590e-01,-1.606833898250532300e-01,9.777577434572433113e-01,-7.108048958075664281e+00
9.936214175912602142e-01,-5.919666559661554417e-02,9.598037969386850887e-02,2.219268497182563138e+01,4.566213093809232820e-02,9.894435066096091136e-01,1.375373295737268298e-01,-1.621964430809854196e+00,-1.031089147558509334e-01,-1.322773677176944107e-01,9.858353055594791803e-01,-7.140710030850543788e+00
9.892899312860811145e-01,-1.197968844465756577e-01,8.339147638024466125e-02,2.254505555173318143e+01,1.044764208037754077e-01,9.801328422270787488e-01,1.685950446599778496e-01,-1.616853369353675740e+00,-1.019318858454787147e-01,-1.580769371690935732e-01,9.821515018484805459e-01,-7.108013666553214982e+00
9.911884568603677170e-01,-1.083382954154639977e-01,7.621191988945484608e-02,2.276487352777003537e+01,9.578495165149976398e-02,9.836445141084313448e-01,1.525408564991909410e-01,-1.614009618768877274e+00,-9.149145328327132343e-02,-1.438967810997133223e-01,9.853542664266793372e-01,-7.127074190583128299e+00
9.941552673561282472e-01,8.613274863042091889e-02,6.508804806902773743e-02,2.308678328337181540e+01,-9.239893729356361829e-02,9.906530357569607315e-01,1.003444025969408571e-01,-1.636686747656388441e+00,-5.583673320572563742e-02,-1.057719828635441672e-01,9.928215080597468933e-01,-7.108080036920629396e+00
9.675056933922325797e-01,2.444111844758370677e-01,6.477581459723900925e-02,2.335609118582179633e+01,-2.502058963272970060e-01,9.623878018831187875e-01,1.058618355670816330e-01,-1.694973671306410745e+00,-3.646563720368880407e-02,-1.186292193757377822e-01,9.922687970573473848e-01,-7.062777863851791516e+00
8.942437582815657704e-01,4.470689277283808050e-01,-2.138865667260530720e-02,2.353067191277055414e+01,-4.364986764237621109e-01,8.816748064999843093e-01,1.792161852721957938e-01,-1.824038634893027755e+00,9.897982751432536641e-02,-1.509268347346203187e-01,9.835771877703478605e-01,-7.022906407679132990e+00
8.433242381864183290e-01,5.373900303265859435e-01,-4.023007940615566658e-03,2.372194393866128692e+01,-5.315434897348447763e-01,8.352051775010891355e-01,1.410454891014809864e-01,-1.933014755030892262e+00,7.915647672680328761e-02,-1.168086759661524365e-01,9.899949421139668804e-01,-6.986899363702564258e+00
6.360592275607421797e-01,7.708161951532365164e-01,-3.565182077147995010e-02,2.392206679611138753e+01,-7.613582542591303959e-01,6.344309239837525594e-01,1.335328100678265517e-01,-2.135992908811973567e+00,1.255478701783555029e-01,-5.779096800202455919e-02,9.904029161462878372e-01,-6.984800368328270892e+00
4.322351057527660800e-01,8.962764058515115817e-01,-9.930467093140141199e-02,2.397691356094512116e+01,-8.943912427304137047e-01,4.401454796907082190e-01,7.960063840812767189e-02,-2.284618250807004536e+00,1.150526761185526881e-01,5.441103768294547338e-02,9.918680964201982420e-01,-6.895082622231588410e+00
1.297677386927724164e-01,9.912337239659414490e-01,-2.482012222327449960e-02,2.399158284277950770e+01,-9.901263790582224278e-01,1.308798067681937183e-01,5.020188914147177828e-02,-2.560894488448337114e+00,5.301025832437231827e-02,1.806047211271874509e-02,9.984306344756516127e-01,-6.926070811810203232e+00
6.571309604071939869e-02,9.975127844194855431e-01,-2.549576295053689046e-02,2.397518050594092642e+01,-9.924795763812581662e-01,6.798337740653911943e-02,1.017966151818292947e-01,-2.754136356504787386e+00,1.032767131294402840e-01,1.861465326260166100e-02,9.944784639242297830e-01,-6.873128475361653500e+00
9.730212926474277046e-02,9.923691108690740892e-01,-7.573535127978564541e-02,2.402387176551239989e+01,-9.939485184365906001e-01,1.007903004404419600e-01,4.367674478290733964e-02,-3.070542903703797233e+00,5.097684119532201741e-02,7.102719993108762286e-02,9.961709183326421524e-01,-6.786212187027535592e+00
6.994461413683680795e-02,9.963257895344155290e-01,-4.942339589581597192e-02,2.407711754093797651e+01,-9.908938450431629130e-01,7.510677603383021650e-02,1.117513313092047961e-01,-3.284680670097673172e+00,1.150527653245447673e-01,4.115693504659497653e-02,9.925064069761710961e-01,-6.829052012765807866e+00
1.066352004492937891e-02,9.993718515020042492e-01,-3.379632769561765476e-02,2.410949893627294571e+01,-9.966639549695789357e-01,1.335742158088132868e-02,8.051422329692506374e-02,-3.640899963187898880e+00,8.091508020541064716e-02,3.282501659053311399e-02,9.961803391360354309e-01,-6.677533030657549773e+00
2.317569191787679020e-02,9.994228960878673851e-01,-2.483469507503440962e-02,2.410924686234259440e+01,-9.948039514312025933e-01,2.551768770369445757e-02,9.855935181971116343e-02,-3.866552787950612746e+00,9.913619682534080546e-02,2.242147161983356479e-02,9.948212362477049098e-01,-6.612475289766376108e+00
6.419118051098909872e-02,9.971173498302876581e-01,4.045346724363597241e-02,2.411625378153303600e+01,-9.926783221619548403e-01,5.964410060460780677e-02,1.050348988326873650e-01,-4.245747476754375249e+00,1.023193092936577897e-01,-4.689959413996919874e-02,9.936454030564316753e-01,-6.575522490197924341e+00
7.219061212784322334e-02,9.970412890559976482e-01,2.640423144430623786e-02,2.413430169095591893e+01,-9.919426834252056402e-01,6.900785232003339709e-02,1.062432544558844782e-01,-4.484614516526213457e+00,1.041068120720675672e-01,-3.386124976627035571e-02,9.939895308525443784e-01,-6.475957642697587779e+00
3.440118356501483537e-02,9.989914346103863085e-01,2.885605905890903725e-02,2.416285914854707784e+01,-9.941922559767852885e-01,3.126137796035836913e-02,1.029780772971067848e-01,-4.847926745137171700e+00,1.019721370037697944e-01,-3.223103819464668424e-02,9.942649764784956545e-01,-6.438763573972120291e+00
5.350576170583531792e-03,9.999681036049242744e-01,-5.929848852806924621e-03,2.417738097713426981e+01,-9.972951747577322168e-01,5.770789720280626069e-03,7.327368143438429959e-02,-5.085167801853446079e+00,7.330556417889598497e-02,5.521753234132832817e-03,9.972942416867948134e-01,-6.399961284640980352e+00
2.531463438862845139e-02,9.996773999919414955e-01,-2.065243599413294200e-03,2.420619164004502366e+01,-9.927769343555381543e-01,2.538214208640933445e-02,1.172591381288632939e-01,-5.442781105495685168e+00,1.172737306364421417e-01,-9.180460011353908795e-04,9.930992041554332905e-01,-6.361688624350492205e+00
2.517215750684903552e-02,9.988969627571561150e-01,3.963862107821398972e-02,2.420699373520883668e+01,-9.948286722527378556e-01,2.112736590011179277e-02,9.934559514128758761e-02,-5.692507006797250746e+00,9.839855359863973472e-02,-4.193437974567765930e-02,9.942631605591372157e-01,-6.302618460829875424e+00
1.498579395700401495e-02,9.998337582975307392e-01,1.038661389079025867e-02,2.421169226009001818e+01,-9.882270191074372656e-01,1.322842049941021052e-02,1.524216769266065474e-01,-6.029281388626269056e+00,1.522589395914294985e-01,-1.254849232891919186e-02,9.882609729493360140e-01,-6.168192924577390102e+00
-1.127826400986724903e-02,9.995206844246442568e-01,-2.883057696643973392e-02,2.422391450207188512e+01,-9.918810579887413770e-01,-7.530382484636432075e-03,1.269458945486985346e-01,-6.265680273909381981e+00,1.266679421324046484e-01,3.002823249758664395e-02,9.914905635905045811e-01,-6.174934599811076730e+00
-6.542917190615459011e-02,9.971843073202548702e-01,-3.663987851919966315e-02,2.423314041384792361e+01,-9.906540481420875732e-01,-6.050910220189718164e-02,1.222424044692102113e-01,-6.607796396638526915e+00,1.196811612718092777e-01,4.429566327471672060e-02,9.918237312404296624e-01,-6.063571870869994385e+00
-2.908987960587782612e-02,9.978528860149595836e-01,-5.868046332583655433e-02,2.421593101052006958e+01,-9.840316086775516835e-01,-1.827503904860882863e-02,1.770531447651829682e-01,-6.839181012627421730e+00,1.756006037232929751e-01,6.289388538952785102e-02,9.824503993345556907e-01,-6.011986061894206479e+00
-6.495514703690069558e-02,9.971713994521321789e-01,3.781572408527888313e-02,2.424313864937622753e+01,-9.847543030118771634e-01,-7.018230720110202325e-02,1.591647148570353720e-01,-7.206706739793925287e+00,1.613684962221755281e-01,-2.690062955786359788e-02,9.865275285344997647e-01,-5.962196664049479011e+00
6.030367836572345271e-03,9.995281293470339445e-01,3.011898583580852051e-02,2.428906028234858283e+01,-9.880964369035339923e-01,1.326006675365786532e-03,1.538300136021465148e-01,-7.437874788940542103e+00,1.537174877569095488e-01,-3.068811415383677563e-02,9.876381795006657915e-01,-5.933739473617507088e+00
-1.514389785914861718e-03,9.999833843898993102e-01,-5.562154951292314596e-03,2.430557168862492645e+01,-9.959755194027745118e-01,-1.009831587511910963e-03,8.962000329467408044e-02,-7.776119048859459149e+00,8.961289736387838267e-02,5.675489784214726718e-03,9.959604999405168302e-01,-5.860605868506313598e+00
-6.512650979095458391e-03,9.996992264227678726e-01,2.364407043948102069e-02,2.429235759731403732e+01,-9.891718897183682246e-01,-9.907237611300781857e-03,1.464268391856651252e-01,-8.019085270854835912e+00,1.466170452853834960e-01,-2.243442293966775927e-02,9.889388953313303920e-01,-5.786253489846420628e+00
7.115948157752184644e-02,9.960518241980946819e-01,5.307628183350168033e-02,2.429262273910736880e+01,-9.874369210368906247e-01,6.281796174896921159e-02,1.449904502196251721e-01,-8.371905900849263560e+00,1.410838585905670184e-01,-6.272692558507973748e-02,9.880084400711589554e-01,-5.717246079860508701e+00
6.926506589264293245e-02,9.975918605226682390e-01,-3.581963960199727095e-03,2.430352694534782287e+01,-9.832602439654317683e-01,6.887567996000648618e-02,1.686873834852078147e-01,-8.593739498437734881e+00,1.685278709410610309e-01,-8.162139974979608012e-03,9.856630946662789938e-01,-5.679741663515692096e+00
-4.761045658518773399e-02,9.976355767356319681e-01,-4.956309569746460836e-02,2.428288283330328667e+01,-9.893381466698668580e-01,-4.026113641900646439e-02,1.399609675519655483e-01,-8.903050658619090285e+00,1.376345740269591111e-01,5.569826680980421996e-02,9.889157836271021962e-01,-5.519641789949490729e+00
-8.521139836821618740e-02,9.955810737682151412e-01,-3.946318718329937247e-02,2.426886631885225754e+01,-9.887876944711145866e-01,-7.962246063989812661e-02,1.263295651229154881e-01,-9.133482350589966714e+00,1.226291680255174599e-01,4.978543277082850271e-02,9.912030558029949479e-01,-5.553889903893340474e+00
-1.964466689982936887e-02,9.982951687393074591e-01,5.496219731920835849e-02,2.419825184817583619e+01,-9.849308071568072531e-01,-2.877088382012336215e-02,1.705389731341446502e-01,-9.482438996133996767e+00,1.718295439551495718e-01,-5.078378004806089613e-02,9.838168607562080004e-01,-5.468145961014490020e+00
3.499113934553044203e-02,9.991485636143866422e-01,2.185790462539285300e-02,2.419687227773519567e+01,-9.905137807278118212e-01,3.176402821709921331e-02,1.336917974287085142e-01,-9.713263212583003181e+00,1.328836722686327076e-01,-2.632858406246869551e-02,9.907818807919696047e-01,-5.406533045460122366e+00
7.724920212962782529e-02,9.968503373696216974e-01,-1.794340147269544994e-02,2.419896580956107002e+01,-9.837650360941514460e-01,7.913448492463058537e-02,1.610716829687494633e-01,-1.005658130359150171e+01,1.619843033414289646e-01,5.209432002425322047e-03,9.867795839442609074e-01,-5.337104762331289720e+00
4.305776118002718582e-03,9.990483037087050100e-01,-4.340446001027981060e-02,2.422697357775372495e+01,-9.890566774728695165e-01,1.065579647659430085e-02,1.471507483765430446e-01,-1.025991252613791360e+01,1.474732146470985328e-01,4.229587282716500835e-02,9.881612773750263479e-01,-5.254982933499438680e+00
6.279234776033484726e-03,9.999778356499904319e-01,-2.213463212125411569e-03,2.411685155748809706e+01,-9.784862167219161577e-01,6.600721662353170073e-03,2.062065812692860656e-01,-1.061107011548190471e+01,2.062166212890184092e-01,8.710237081321788293e-04,9.785059766919392832e-01,-5.287270803670108599e+00
5.170546984357132780e-02,9.975121565891449382e-01,4.791703084636786403e-02,2.413255037367601474e+01,-9.757038113802678492e-01,4.022948175013725536e-02,2.153686635890496304e-01,-1.082996475138961756e+01,2.129051827604810099e-01,-5.788856756728141123e-02,9.753564973376345204e-01,-5.150793654471007343e+00
1.201699930347443490e-01,9.922946147911211323e-01,3.017565625753448541e-02,2.414187091351431746e+01,-9.795694164163495365e-01,1.135820782157624387e-01,1.659604468839488700e-01,-1.117498357633795081e+01,1.612542439620158474e-01,-4.950261573626120459e-02,9.856706142720860209e-01,-5.106841596801775296e+00
8.050846327165409044e-02,9.967516286549040760e-01,2.139653111136104267e-03,2.418206984401945192e+01,-9.796549843550917958e-01,7.873128385843145005e-02,1.846009116180830634e-01,-1.138031264588271796e+01,1.838328016700536138e-01,-1.695805754803419649e-02,9.828112358506800872e-01,-5.012629669829665957e+00
2.639904929580642184e-02,9.993311856381789093e-01,-2.530358882199008203e-02,2.419357781549298281e+01,-9.889199854855103000e-01,2.980629296960555369e-02,1.454264322836375800e-01,-1.169511157420804892e+01,1.460833751787492807e-01,2.118410513580429658e-02,9.890454393939567268e-01,-4.972628032947690180e+00
3.588998561611624755e-02,9.990213792769923051e-01,-2.584942320389079645e-02,2.418299392145815219e+01,-9.852331668612873683e-01,3.970410327604778633e-02,1.665508664027986196e-01,-1.192525732902362634e+01,1.674142044420162678e-01,1.949020088515837634e-02,9.856939769626816839e-01,-4.980853202045273598e+00
6.006611412077485918e-02,9.981562110602544280e-01,8.731566656104524510e-03,2.420625506436129726e+01,-9.832632570922966719e-01,5.765806835482370496e-02,1.728262549667659298e-01,-1.226188083540061058e+01,1.720041545622588985e-01,-1.896643022370023135e-02,9.849136232877971908e-01,-4.822089032851684998e+00
6.521535954879004171e-02,9.978506776628935926e-01,-6.401715912876527505e-03,2.426498005977017058e+01,-9.856498568607677813e-01,6.541629378012939200e-02,1.556119152842057041e-01,-1.250260257179974843e+01,1.556962316476197816e-01,-3.838436632145771250e-03,9.877975247260728509e-01,-4.832138447764956268e+00
-7.777149733160053369e-02,9.955707941802171002e-01,-5.282412307058000772e-02,2.431615838329514645e+01,-9.866431950042346966e-01,-6.925088302892604131e-02,1.474432804557367360e-01,-1.281277482951084856e+01,1.431321066519886942e-01,6.358544625217937840e-02,9.876588940875689060e-01,-4.695173062400134434e+00
-1.687763749755763765e-01,9.822139654683265109e-01,-8.228159751178713843e-02,2.428074969273679784e+01,-9.806275357507561186e-01,-1.589092885244707265e-01,1.145315421534404271e-01,-1.302356194623941299e+01,9.941917007047927635e-02,1.000178187106392086e-01,9.900061942042925889e-01,-4.698944446280915344e+00
-2.176418191288040094e-01,9.739696065429828131e-01,-6.336595376710751903e-02,2.415439357073621096e+01,-9.618684492763389660e-01,-2.030130371435030501e-01,1.832888240905614086e-01,-1.332565263251708387e+01,1.656536291574556008e-01,1.008410247879328314e-01,9.810147617985613966e-01,-4.646353323930144441e+00
-2.437164208383524322e-01,9.654234394569725097e-01,-9.251966688664441107e-02,2.409129892837427533e+01,-9.630622339290811906e-01,-2.296440091009620821e-01,1.406227672305021270e-01,-1.352894487080311769e+01,1.145139283810947955e-01,1.233742745920287792e-01,9.857308702559866020e-01,-4.574505121545759501e+00
-4.497533504944590810e-01,8.895827001402377698e-01,-7.977808803308857055e-02,2.393927613104426300e+01,-8.835955643219848277e-01,-4.301302219897447099e-01,1.850591009422808686e-01,-1.380101033816583644e+01,1.303104079861700793e-01,1.537225154044090103e-01,9.794838364303024569e-01,-4.572433937041549434e+00
-6.027801653304973861e-01,7.911157181980172926e-01,-1.038845161907043374e-01,2.381831731326060719e+01,-7.914732941843172220e-01,-5.763295932736212102e-01,2.035048513183078944e-01,-1.390902749013923589e+01,1.011241656438491288e-01,2.048905081674089468e-01,9.735470110815094280e-01,-4.459109416087673416e+00
-7.957345496339232049e-01,5.990806131490660214e-01,-8.893225212396123347e-02,2.354952081377399509e+01,-6.032680845460903774e-01,-7.710213397332036367e-01,2.039453648507508765e-01,-1.407723056803168404e+01,5.361105004559092030e-02,2.159363624426308970e-01,9.749345325138801810e-01,-4.467821050637623692e+00
-8.518668298941063366e-01,5.217591769284735115e-01,-4.571942056818857625e-02,2.333909429085020903e+01,-5.189306997969010959e-01,-8.289683788051973590e-01,2.086201230691337172e-01,-1.418010949327027070e+01,7.094950975494450363e-02,2.014417738007806269e-01,9.769275197441888992e-01,-4.413649851691705095e+00
-8.982215319590562963e-01,4.338066422472343642e-01,-7.078048224835391256e-02,2.302815259019479655e+01,-4.394613433302147487e-01,-8.832297298097505633e-01,1.636428186588018419e-01,-1.431726712545565050e+01,8.473915478231069595e-03,1.780927890802295466e-01,9.839772107290377656e-01,-4.390026436003442889e+00
-9.321074676403900972e-01,3.540284481605676103e-01,-7.641679568028825198e-02,2.283209904134687207e+01,-3.621723629839568859e-01,-9.095757617297121067e-01,2.037231286929160057e-01,-1.442350137658516651e+01,2.616917965727308740e-03,2.175679010489240117e-01,9.760416795268175294e-01,-4.394489467256568638e+00
-9.858802728769083812e-01,1.416715871159509033e-01,-8.927065002677873895e-02,2.253297513837436128e+01,-1.582890583437674970e-01,-9.623887755970249591e-01,2.207994986713100460e-01,-1.451880532032614646e+01,-5.463205616485086041e-02,2.318124371316312160e-01,9.712251708179203691e-01,-4.374943806637074495e+00
-9.917427088112783506e-01,8.525463619510388613e-02,-9.580212172447953589e-02,2.235239991248963065e+01,-1.059096580241603025e-01,-9.657261679593186487e-01,2.369728103724446366e-01,-1.454183371372316280e+01,-7.231558515891928218e-02,2.451624268232189541e-01,9.667811751463084580e-01,-4.448341778980178240e+00
-9.926308582005205494e-01,1.131158307711803979e-01,-4.346019071572691794e-02,2.198497448208281213e+01,-1.198560719328713026e-01,-9.693100026160630378e-01,2.146453839458694890e-01,-1.458217231332098862e+01,-1.784660665011937597e-02,2.182725994196098029e-01,9.757246389087891325e-01,-4.396809136618618830e+00
-9.909451995635519816e-01,1.046371504104427613e-01,-8.413488108946241828e-02,2.173881205245358927e+01,-1.199987968060271942e-01,-9.713019240184692649e-01,2.053603203229022178e-01,-1.462423884616300285e+01,-6.023205315329532850e-02,2.135969081049676477e-01,9.750633110834090456e-01,-4.394528404821033796e+00
-9.952404799237071220e-01,6.377416877552841146e-02,-7.368339377514372679e-02,2.136261798247566901e+01,-7.880587138801445346e-02,-9.714929521149807679e-01,2.235868480606469644e-01,-1.466467496263597070e+01,-5.732383235625643919e-02,2.283293660217844134e-01,9.718948908478148851e-01,-4.350428612248740556e+00
-9.937974104155647970e-01,4.077232613282906482e-02,-1.034617053456925867e-01,2.110059037276662153e+01,-6.220003659147776975e-02,-9.750217745761551313e-01,2.132221718076797723e-01,-1.467204822762528238e+01,-9.218385161913925097e-02,2.183349640439743167e-01,9.715101548499538442e-01,-4.347945839187192796e+00
-9.988274131834355973e-01,2.082932436031989520e-02,-4.370283652100830779e-02,2.066492677707614689e+01,-2.814588730580009149e-02,-9.843195500670857134e-01,1.741345238127650352e-01,-1.465842063054927280e+01,-3.939045190218797704e-02,1.751603910774983119e-01,9.837516097554929173e-01,-4.402928985442583709e+00
-9.972598409197551694e-01,4.992080193614636258e-02,-5.459600006190544474e-02,2.041232241301243633e+01,-5.817381608005122579e-02,-9.850952538321552376e-01,1.618738644749218025e-01,-1.464181313264960771e+01,-4.570138741211154237e-02,1.646063620016350038e-01,9.853000196778639586e-01,-4.382991310512065475e+00
-9.972066003010235935e-01,3.826822739839872561e-02,-6.414467310589395954e-02,2.003020241473968355e+01,-5.325948882954321256e-02,-9.664087318200025312e-01,2.514310838215307875e-01,-1.460723027106092964e+01,-5.236815029856701359e-02,2.541450488084293080e-01,9.657473121891004819e-01,-4.378367696881730886e+00
-9.957780894818499817e-01,-3.343690867985762982e-02,-8.548666355528646010e-02,1.978902179005586248e+01,9.132649263357661695e-03,-9.627633875222484372e-01,2.701911441259997049e-01,-1.460296698396388315e+01,-9.133778640470932575e-02,2.682697015777589788e-01,9.590040542094031562e-01,-4.394299345206273522e+00
-9.968786094940319531e-01,-5.065636986733789565e-02,-6.055551275574846959e-02,1.942000146525358772e+01,3.212511097753430189e-02,-9.609131780655565391e-01,2.749797110054350568e-01,-1.462168535628797628e+01,-7.211806415822029359e-02,2.721760393785899734e-01,9.595411342981909897e-01,-4.375874543715233322e+00
-9.988548928525821102e-01,-3.130775084854113544e-02,-3.617634256341289989e-02,1.917497743734384130e+01,2.107138763739138318e-02,-9.667509913949252631e-01,2.548499897193709507e-01,-1.459267080948115947e+01,-4.295229502010883271e-02,2.537958734371681957e-01,9.663036556790906006e-01,-4.397460084557655691e+00
-9.974422164015473991e-01,-1.493951705685326453e-02,-6.989875370905723750e-02,1.881240434801113182e+01,-3.509336244028190503e-03,-9.664985474805117827e-01,2.566480903439313233e-01,-1.459323815899721311e+01,-7.139124245380348843e-02,2.562369382976800170e-01,9.639740255591625617e-01,-4.385725976841357010e+00
-9.986024827550714633e-01,-3.279445661446941246e-02,-4.144399897176652414e-02,1.856711833013000401e+01,1.888201972972720216e-02,-9.538193969425727836e-01,2.997866363716575333e-01,-1.457583474038331595e+01,-4.936142994622663704e-02,2.985851329712663205e-01,9.531056434636188124e-01,-4.410098092840865291e+00
-9.911903416242416887e-01,-1.001837515780839016e-01,-8.663095630640832434e-02,1.818451746426224247e+01,7.017070840546638100e-02,-9.519707661262475362e-01,2.980398163381527410e-01,-1.454808039183837209e+01,-1.123288847656599698e-01,2.893352317999772216e-01,9.506141937119183538e-01,-4.408694101810061383e+00
-9.970406421393106511e-01,-5.535463668771745810e-02,-5.334624747444545456e-02,1.791043822806142671e+01,3.803016493839596335e-02,-9.582156479926827730e-01,2.835074575680878173e-01,-1.451624840072586409e+01,-6.681066140364340378e-02,2.806396909546730045e-01,9.574850909458995085e-01,-4.395989494665059283e+00
-9.993743930850892410e-01,-2.066081753518506266e-03,-3.530656811416886531e-02,1.751189380632582981e+01,-5.032901682302749237e-03,-9.798243640486151707e-01,1.997971108834734055e-01,-1.449250819940525936e+01,-3.500703281440627201e-02,1.998498109153846181e-01,9.792009807647357178e-01,-4.388210597851686323e+00
-9.990328950948043074e-01,2.397389097255178333e-02,-3.685820220972784583e-02,1.726122731090890383e+01,-3.157183117927940541e-02,-9.745689518609835789e-01,2.218526031953894917e-01,-1.445802127124700398e+01,-3.060218937403115513e-02,2.228017293923470477e-01,9.743833410856835853e-01,-4.401910630749767961e+00
-9.976825642400041216e-01,-1.334104716357624974e-02,-6.671969328521105969e-02,1.689844785318008746e+01,-2.869170058510201772e-03,-9.714675632744824707e-01,2.371550998159534518e-01,-1.448478026082782932e+01,-6.797991522993171443e-02,2.367969382532624789e-01,9.691779718706035052e-01,-4.448305375436515163e+00
-9.962156902493727317e-01,2.014446718646587745e-04,-8.691523411355092654e-02,1.665393289051671388e+01,-2.151817392786846070e-02,-9.694375401017089056e-01,2.443927659165826549e-01,-1.448610292184939574e+01,-8.420965913586836438e-02,2.453381651141795516e-01,9.657732228875642866e-01,-4.428209658616629518e+00
-9.948133922354587266e-01,6.745337926320675581e-02,-7.613380494206781202e-02,1.627453673228234976e+01,-8.520737577006554098e-02,-9.614143772806902355e-01,2.615761806288210423e-01,-1.446018918108412166e+01,-5.555193735021021068e-02,2.667066493058571353e-01,9.621754234403856465e-01,-4.464316846765842506e+00
-9.898104964213270129e-01,6.685774376563953514e-02,-1.257188262462609618e-01,1.605912949953729907e+01,-1.001281056479588066e-01,-9.545613815578730676e-01,2.806900983249603354e-01,-1.441628399402180705e+01,-1.012400297981022185e-01,2.904179934799041019e-01,9.515292141755765654e-01,-4.456724681954391087e+00
-9.954490277328746917e-01,4.986574248381479141e-02,-8.120739444296745657e-02,1.569938922358583611e+01,-6.971844088975048814e-02,-9.620338874247568173e-01,2.638752327262125497e-01,-1.438470275247901142e+01,-6.496593096062108774e-02,2.683359967893780285e-01,9.611322597028336689e-01,-4.459609430747293324e+00
-9.914702969814133127e-01,8.198955019495990371e-02,-1.013131968818460904e-01,1.548372503865347838e+01,-1.084156854136985731e-01,-9.502673656133437952e-01,2.919554298288589145e-01,-1.440172319194983075e+01,-7.233733033413307367e-02,3.004490763991543023e-01,9.510508204775548480e-01,-4.451325001531688308e+00
-9.851221731631981671e-01,1.680952210950310000e-01,-3.575332973631969308e-02,1.507262011541733493e+01,-1.711825023511341637e-01,-9.414008524520244281e-01,2.906217230205027091e-01,-1.442758283286446819e+01,1.519390769438120833e-02,2.924182478020400100e-01,9.561698141655403660e-01,-4.435893442515451035e+00
-9.705103991399475216e-01,2.321614998775103911e-01,-6.488916038790915053e-02,1.483857863810998090e+01,-2.410441945672516517e-01,-9.376385062747938370e-01,2.504630268446786934e-01,-1.445232874683681601e+01,-2.694703443422257361e-03,2.587181275546781567e-01,9.659491027212344649e-01,-4.415210038511982127e+00
-9.460712651600187151e-01,3.097280281267378310e-01,-9.496162293920412667e-02,1.453650882390343924e+01,-3.234438163302151281e-01,-8.865577758693307109e-01,3.307558128338357606e-01,-1.446817861095706448e+01,1.825538047455821725e-02,3.436333200351053274e-01,9.389264520958947591e-01,-4.435802433945386980e+00
-9.655270167608051013e-01,2.470348275771921953e-01,-8.204495029488513558e-02,1.429666293203499094e+01,-2.599946157099405353e-01,-8.998930821205893826e-01,3.501360314982537858e-01,-1.447395878496912225e+01,1.266411097643939214e-02,3.593970432758371025e-01,9.330988080464828194e-01,-4.500433512864151275e+00
-9.791916687095293392e-01,1.775145110433726248e-01,-9.834772137107725132e-02,1.396986140819861433e+01,-1.991313424359214546e-01,-9.338780454649360241e-01,2.970160006771658812e-01,-1.450919410653570907e+01,-3.912012767768602295e-02,3.104197071186423629e-01,9.497943045959279518e-01,-4.494385694912087281e+00
-9.748598353281365814e-01,2.153819707531398064e-01,-5.708684733364835506e-02,1.372238285525724955e+01,-2.224311828670717806e-01,-9.255727590257178949e-01,3.063322324501215888e-01,-1.454315339510526606e+01,1.314040913963190720e-02,3.113288846606023785e-01,9.502113739708828444e-01,-4.591811455174864776e+00
-9.701409337048571002e-01,2.321561986286675983e-01,-7.021444430142452509e-02,1.338531394297348243e+01,-2.425418880246705267e-01,-9.286423918132823419e-01,2.807075714702655378e-01,-1.460471829606997396e+01,-3.610677709282427567e-05,2.893558493716579250e-01,9.572215998036773810e-01,-4.695125811143160632e+00
-9.744549670661621921e-01,2.132951093529119879e-01,-7.030443432826295747e-02,1.318677068526865348e+01,-2.244385257139712153e-01,-9.361083760996005143e-01,2.707922753172765096e-01,-1.462663887288161924e+01,-8.053901875908263050e-03,2.796539013178588884e-01,9.600670966876632129e-01,-4.777515498158806828e+00
-9.767296190656289401e-01,1.754839194070579589e-01,-1.233071176755481391e-01,1.287205077641416118e+01,-2.038023434145005419e-01,-9.384978456627229848e-01,2.787227986821057546e-01,-1.465697734745946335e+01,-6.681209515254094011e-02,2.973670925236445162e-01,9.524226772947851360e-01,-4.821567545101152596e+00
-9.560413336291563313e-01,2.669249327966423113e-01,-1.213921276034610058e-01,1.265067157070594739e+01,-2.923590927514252980e-01,-8.995984171717921196e-01,3.244207895736180292e-01,-1.474439240427887299e+01,-2.260816839441743067e-02,3.456497766142998529e-01,9.380912016687602550e-01,-4.882247361651926632e+00
-8.414130233071508425e-01,5.310096308721794500e-01,-1.002641318224738731e-01,1.229717367151323693e+01,-5.381769282282690137e-01,-8.066292978954863191e-01,2.443660567661136152e-01,-1.488171592195031501e+01,4.888474334500236829e-02,2.595726250929165646e-01,9.644855282327827739e-01,-4.889383027840233709e+00
-6.751319557682784467e-01,7.259529330563946337e-01,-1.311075180427123121e-01,1.214844488883199958e+01,-7.294032212979126850e-01,-6.303391630459548312e-01,2.657884126344742248e-01,-1.498970982629866633e+01,1.103076745323252061e-01,2.750724968391879410e-01,9.550745198265579994e-01,-4.858243758449005689e+00
-5.395850373888658735e-01,8.391864729203553086e-01,-6.792680688471217088e-02,1.201377505066856699e+01,-8.177501240230675705e-01,-5.031820277993251933e-01,2.794504993017847827e-01,-1.523278595060324925e+01,2.003315304347154935e-01,2.063344628685555016e-01,9.577543355926060320e-01,-4.721858751127214759e+00
-4.355913704136508136e-01,8.974102927163944976e-01,-7.010652286225428631e-02,1.192953104057385261e+01,-8.802600695986874113e-01,-4.083952938202886074e-01,2.415688180530636275e-01,-1.542572933961347559e+01,1.881551697171053583e-01,1.669372651989900480e-01,9.678479124307776127e-01,-4.658270381607547250e+00
-2.194460973460959086e-01,9.706247940566328225e-01,-9.864542321917364742e-02,1.178779830823567210e+01,-9.452757453590413528e-01,-1.865073776486071144e-01,2.677102226635151294e-01,-1.576891153866313822e+01,2.414480805379858597e-01,1.519950895429251769e-01,9.584363918170913932e-01,-4.652411767280185018e+00
-4.652025617764089793e-02,9.966004668203951589e-01,-6.799540645176048448e-02,1.175632808762727421e+01,-9.627203789982194948e-01,-2.657263576022182022e-02,2.691902057844589580e-01,-1.598722580086535672e+01,2.664682675792603983e-01,7.798336080298146067e-02,9.606837449500144066e-01,-4.526335138193389618e+00
9.282336370439804585e-02,9.873059470783025482e-01,-1.288828538418513581e-01,1.176649575144261561e+01,-9.660522816852266104e-01,1.206464446369534677e-01,2.284456706686086025e-01,-1.629384136931630778e+01,2.410950273260932808e-01,1.033024794488562742e-01,9.649879717065666940e-01,-4.423643569813704879e+00
2.277851672962943885e-02,9.897115267368886693e-01,-1.412523735012536641e-01,1.180991120943851236e+01,-9.634880821968743181e-01,5.943525263639956591e-02,2.610711899245810597e-01,-1.648220553413547762e+01,2.667805364718126571e-01,1.301481639831578441e-01,9.549291077203738709e-01,-4.354407746521162359e+00
-2.027549513833112795e-03,9.932363035122931949e-01,-1.160927837042742966e-01,1.179935725658875789e+01,-9.709274882422372910e-01,2.583339071213353738e-02,2.379757309053477099e-01,-1.676960811769437143e+01,2.393652055303567006e-01,1.132001824625413072e-01,9.643080509214168039e-01,-4.236647832200575614e+00
1.924377278731697477e-02,9.916089858956433911e-01,-1.278330798343167984e-01,1.181681195724745770e+01,-9.594763182582644045e-01,5.426700383858351628e-02,2.765145330646275323e-01,-1.700513682923555336e+01,2.811314139516907229e-01,1.173316299443580013e-01,9.524696408306817519e-01,-4.216783276176079731e+00
3.089715049840361522e-02,9.986092496652170247e-01,-4.271922955946470812e-02,1.181142076372649008e+01,-9.475289350772642116e-01,4.286827264134319276e-02,3.167826200915910828e-01,-1.731890002509492277e+01,3.181733541364297757e-01,3.069002580355190829e-02,9.475356663649954214e-01,-4.001632075451797554e+00
3.544964788456918953e-02,9.991713548706850911e-01,-1.999815168315115244e-02,1.182724684713894447e+01,-9.482271159461698185e-01,3.994824965986173981e-02,3.150705856368103408e-01,-1.756251574885607170e+01,3.156083950868075472e-01,7.793648375158153049e-03,9.488575235491039095e-01,-3.983345734527963700e+00
9.352108668137171926e-03,9.996666178278276194e-01,-2.406639283595133488e-02,1.184590902840073667e+01,-9.428886018868528618e-01,1.683008201330145337e-02,3.326827809960740678e-01,-1.787715651794193761e+01,3.329769098530958593e-01,1.958064197365621401e-02,9.427316563925214332e-01,-3.833909063365860348e+00
-4.382469918640414554e-03,9.996668129968723226e-01,-2.543731412888692450e-02,1.185361136967913787e+01,-9.468490432584196759e-01,4.033793590629540862e-03,3.216529461856116323e-01,-1.809706420684712569e+01,3.216483844791219737e-01,2.549493090690064384e-02,9.465158874842131143e-01,-3.777978001860989643e+00
5.975252096591139594e-02,9.971308026722311979e-01,-4.647363338983967473e-02,1.182431362122306595e+01,-9.300243615165103561e-01,7.252248275513946407e-02,3.602709764619380084e-01,-1.845856445777384991e+01,3.626076712150853032e-01,2.169451214628628430e-02,9.316893392750136282e-01,-3.661778482777290566e+00
8.797329015034392741e-02,9.957662944966674257e-01,2.664933328439414092e-02,1.183018354321530197e+01,-9.412253708237011685e-01,7.433651144916353370e-02,3.294979277375735260e-01,-1.868728866739592220e+01,3.261219120787675618e-01,-5.407004540360332845e-02,9.437801272818500120e-01,-3.566492389396663132e+00
7.084179786820218871e-02,9.974773252086995834e-01,4.519443472627129865e-03,1.186832422297241152e+01,-9.378274960653227854e-01,6.506060973064482778e-02,3.409497099064969783e-01,-1.903610583672479706e+01,3.397955669202435414e-01,-2.839194878796132485e-02,9.400706728461303285e-01,-3.481051658297741547e+00
2.100351437581381153e-02,9.997792311379090080e-01,-5.842680547838677470e-04,1.186293586970101721e+01,-9.468717213012707301e-01,2.007960748209916893e-02,3.209840381753184535e-01,-1.922965813425347648e+01,3.209249067676666622e-01,-6.188565961487888477e-03,9.470844238332234433e-01,-3.346181319614899063e+00
-6.632836811483432994e-03,9.977356957697304241e-01,-6.692896878577579700e-02,1.184448798308254425e+01,-9.495576377975319948e-01,1.470037826893866306e-02,3.132478114514477552e-01,-1.957840120145480611e+01,3.135224042651576504e-01,6.563063511535745242e-02,9.473100452112570569e-01,-3.297915190366424554e+00
2.366042950346775031e-02,9.973881012603770246e-01,-6.824338458733231194e-02,1.183304048350207616e+01,-9.395940989698137180e-01,4.550181060570298447e-02,3.392528767935613643e-01,-1.982088121515124257e+01,3.414719801928369214e-01,5.609421267676190093e-02,9.382165667090732741e-01,-3.188226212909257118e+00
5.421525153961247179e-02,9.965458560045891145e-01,-6.290519358988196086e-02,1.184034167842737517e+01,-9.445005097443534003e-01,7.162159742820779773e-02,3.206074451326557107e-01,-2.017435287692146417e+01,3.240053913026058607e-01,4.203217412787089297e-02,9.451210519001962407e-01,-3.028042983268354416e+00
-1.977990220699130455e-02,9.984138036371391633e-01,-5.271273257482697594e-02,1.187601164423077371e+01,-9.411570128727727580e-01,-8.020127700315080174e-04,3.379686877447622417e-01,-2.042118202159504392e+01,3.373903267568335584e-01,5.629594552310170780e-02,9.396800167762326961e-01,-2.974351200321281308e+00
-1.567570828142409237e-02,9.938193712855262207e-01,-1.098969036302667179e-01,1.189610292589947704e+01,-9.688637949845376740e-01,1.206446746480987174e-02,2.473002130871522208e-01,-2.078392542532784759e+01,2.470975899073822590e-01,1.103517371065580871e-01,9.626864885202930378e-01,-2.847079330582154899e+00
-9.287499933105864552e-03,9.941084606086698638e-01,-1.079912537720361665e-01,1.185972096562428746e+01,-9.545401861857767400e-01,2.336360163885888019e-02,2.971652319415649668e-01,-2.099607230625795040e+01,2.979375359054595163e-01,1.058419135537731481e-01,9.486994856295974943e-01,-2.718909897984214119e+00
2.910685925124607831e-02,9.975024424000734635e-01,-6.435579344875923258e-02,1.187985549776664840e+01,-9.505255998530555139e-01,4.754192779726561235e-02,3.069867246727611132e-01,-2.135708501627896538e+01,3.092796061309559530e-01,5.223640978484966196e-02,9.495354036181454793e-01,-2.602329538200785386e+00
5.788107719525582145e-02,9.911585580801287598e-01,-1.193921841966209402e-01,1.184485466176163904e+01,-9.509822824269282826e-01,9.113151744356597084e-02,2.955126816881199492e-01,-2.157771299446527991e+01,3.037803143931300243e-01,9.643525949027118016e-02,9.478490182060956837e-01,-2.518890646162236902e+00
-1.705269343637537752e-02,9.938522154563315114e-01,-1.093936903075745926e-01,1.186886727797085683e+01,-9.604125244607297773e-01,1.414511479114587654e-02,2.782223905197329095e-01,-2.191434752194798463e+01,2.780593255144221398e-01,1.098075114010410719e-01,9.542669028811484599e-01,-2.428484977760196006e+00
-3.900461911181136998e-02,9.915012022861829921e-01,-1.241128742435652771e-01,1.186514544765757506e+01,-9.674580773745787843e-01,-6.395268977413705487e-03,2.529505268968446074e-01,-2.211257810231002452e+01,2.500070163227986475e-01,1.299402416488555645e-01,9.594852919089552623e-01,-2.329332215971527731e+00
-1.894123530854386131e-02,9.961570374456858445e-01,-8.551249237639955980e-02,1.188018668752279794e+01,-9.566514090216566846e-01,6.803458022752177821e-03,2.911559626313924842e-01,-2.246190293732465548e+01,2.906188418218397240e-01,8.732049992052270948e-02,9.528461675799334563e-01,-2.204531141097338498e+00
1.408942401981119405e-02,9.967569073199948892e-01,-7.922850396588242139e-02,1.189114771814088556e+01,-9.603793029638687528e-01,3.554681617694997742e-02,2.764200034337545020e-01,-2.269412550326786615e+01,2.783398688104627428e-01,7.219481677768797845e-02,9.577655380420693199e-01,-2.118336828736125721e+00
-1.363693519046211243e-02,9.979505461586054560e-01,-6.251992818577963018e-02,1.186894501200324825e+01,-9.467392287406845020e-01,7.230618861214298948e-03,3.219201002024862368e-01,-2.302084000354335558e+01,3.217123975884472187e-01,6.358007213449592965e-02,9.447003269107454582e-01,-1.980679024640252583e+00
-3.972598233993976380e-02,9.973218294201480205e-01,-6.140858970192188127e-02,1.191141045780753593e+01,-9.554984461801280249e-01,-1.993763580865126964e-02,2.943216098517463242e-01,-2.325321022806351934e+01,2.923090242782281356e-01,7.036802711753208095e-02,9.537315005205085905e-01,-1.932535522556573682e+00
-5.825526676295024464e-02,9.956684383348085587e-01,-7.246160913410722160e-02,1.191979026266188413e+01,-9.514518117737371661e-01,-3.339993396466942044e-02,3.059802187783217664e-01,-2.357845679559752838e+01,3.022346336323030180e-01,8.676868856380334782e-02,9.492762616425576283e-01,-1.764985841473761807e+00
-2.684181039851924952e-02,9.979636795911360769e-01,-5.786200334808028894e-02,1.190523160344870490e+01,-9.460718164894095228e-01,-6.667027239472891886e-03,3.238883585314821789e-01,-2.382539133393881059e+01,3.228430505043601295e-01,6.343536052322389096e-02,9.443242662223247930e-01,-1.705484759974975395e+00
-2.041749621215604993e-02,9.963604801889077711e-01,-8.275819818095925262e-02,1.188979034546487590e+01,-9.580876577150340134e-01,4.159058558747888434e-03,2.864450075774154780e-01,-2.415633368796178360e+01,2.857466814900012086e-01,8.513809810911433795e-02,9.545157611416477117e-01,-1.531625532825509062e+00
-3.284991111336554165e-02,9.880940537713487348e-01,-1.503031078905230911e-01,1.190774999866627581e+01,-9.485442588881257686e-01,1.656512233031476669e-02,3.162109828145739376e-01,-2.439427134266845343e+01,3.149359812251087964e-01,1.529566527611265769e-01,9.367067791501748619e-01,-1.495160839820375953e+00
-8.039849799762180393e-02,9.858297363003081237e-01,-1.472270781676887630e-01,1.189467428113513492e+01,-9.680176017359487517e-01,-4.200719656060805662e-02,2.473404903498443441e-01,-2.472209914656204077e+01,2.376510135663429113e-01,1.624042070365995794e-01,9.576778525619706883e-01,-1.376052151083879016e+00
-1.114009347647933607e-01,9.911370006491352358e-01,-7.236903811554890043e-02,1.192313677967732133e+01,-9.525814635410708719e-01,-8.575024893378635493e-02,2.919511091360093569e-01,-2.494181342123854606e+01,2.831578836117467635e-01,1.014610307065384881e-01,9.536913925355978705e-01,-1.270070520976553929e+00
1.848354059352045817e-02,9.965516941487704283e-01,-8.088930470925546901e-02,1.192653184643169340e+01,-9.647207995628626076e-01,3.902689262966183709e-02,2.603664351303084379e-01,-2.529464191276083440e+01,2.626254702383619688e-01,7.322310114227527367e-02,9.621155023390861594e-01,-1.130759879520300215e+00
3.233866348766472470e-02,9.984399900217775237e-01,-4.551699868343834360e-02,1.188782237663472507e+01,-9.605515882520903048e-01,4.363261515052863082e-02,2.746576800337353630e-01,-2.551718357829960837e+01,2.762152369986499156e-01,3.483936308893093026e-02,9.604641386482589693e-01,-1.028239208124255510e+00
2.668000408801119230e-02,9.973735065035101988e-01,-6.733695795594032973e-02,1.189457276424334431e+01,-9.650365637834636967e-01,4.326873022428387450e-02,2.585193368894944665e-01,-2.587242756281603917e+01,2.607539222003579238e-01,5.808532955639015422e-02,9.636563114240782602e-01,-9.331609839284068508e-01
-8.569058935824528170e-03,9.946503713855543438e-01,-1.029427507478649639e-01,1.188906188880254078e+01,-9.700119603398971169e-01,1.673902702740356213e-02,2.424801059297988781e-01,-2.609029927224256440e+01,2.429060889037277793e-01,1.019335257741949552e-01,9.646793188913820316e-01,-8.142847563321410354e-01
9.179476974262029340e-03,9.947856363663883927e-01,-1.015739872290265522e-01,1.184777799957822708e+01,-9.490851622917203523e-01,4.065431319488046341e-02,3.123853094118735907e-01,-2.643834354117156948e+01,3.148858395040644020e-01,9.353483039903338903e-02,9.445094724681427634e-01,-7.060715971353890286e-01
1.031148788512077120e-02,9.900846395023192859e-01,-1.400931113194413824e-01,1.182867195482201339e+01,-9.571169783182524871e-01,5.033629390330347786e-02,2.852951933191631984e-01,-2.667708930417111901e+01,2.895181566543527651e-01,1.311436774596721755e-01,9.481458605245418614e-01,-6.104916965365352333e-01
-1.420585575461059090e-02,9.918394391646826458e-01,-1.266993314101179657e-01,1.182163263391585772e+01,-9.489897373484980081e-01,2.654277395227477854e-02,3.141877775441749288e-01,-2.699652813537356977e+01,3.149867807853365953e-01,1.246996714847720261e-01,9.408683860466803273e-01,-4.696782870007770727e-01
-3.562724540245287841e-02,9.870861578303256056e-01,-1.561781559783660123e-01,1.180475495345098302e+01,-9.643953398546535327e-01,7.020984879078507983e-03,2.643715836430904909e-01,-2.720685388564374563e+01,2.620540552093442166e-01,1.600363171005165508e-01,9.516911522953470648e-01,-3.923486412907346566e-01
-5.765362120735400414e-02,9.897260764068392946e-01,-1.308371263900514336e-01,1.174777535830483899e+01,-9.447880723780864853e-01,-1.174570743406205299e-02,3.274714287521486855e-01,-2.756294107974541063e+01,3.225702377061159254e-01,1.424932701470518481e-01,9.357585744779599590e-01,-3.357165774339949671e-01
-5.293886868959811476e-02,9.933287671371167082e-01,-1.024472379311692355e-01,1.170298664380846709e+01,-9.437013246128209687e-01,-1.621801015288806824e-02,3.304009474421775727e-01,-2.774863066063202410e+01,3.265352754387714218e-01,1.141706465101291618e-01,9.382642364332073326e-01,-1.973785779983929234e-01
-1.334062786442883897e-01,9.840455565548442696e-01,-1.177162157179439395e-01,1.161688629408974904e+01,-9.385092943692147083e-01,-8.727333838266199129e-02,3.340414177765158033e-01,-2.810065567009681331e+01,3.184384857407832059e-01,1.550409850078885987e-01,9.351787122079423531e-01,-1.405987873195028715e-01
-2.780175469213627681e-01,9.534394463700013311e-01,-1.168737169319841451e-01,1.153718597190206019e+01,-9.151817656184845218e-01,-2.259504187722528035e-01,3.337495230499628596e-01,-2.829941904290884835e+01,2.918022951987581104e-01,1.997489183007336022e-01,9.353885770921240850e-01,-5.510064702364121658e-02
-4.015023894541551730e-01,9.028116810924143865e-01,-1.540353847195406467e-01,1.141236164555977339e+01,-8.844418254608408247e-01,-3.385337041148176462e-01,3.211815507680937376e-01,-2.854626258881929957e+01,2.378202864309554021e-01,2.651904969288941261e-01,9.344065023856101826e-01,1.224666812539766669e-02
-4.921484058253950966e-01,8.665487041745080221e-01,-8.296559489937720133e-02,1.129779636071881477e+01,-8.253029585767669429e-01,-4.341513632086959618e-01,3.610922602167861428e-01,-2.871356245793850803e+01,2.768844040533163242e-01,2.461827311521176953e-01,9.288321105961662161e-01,1.166214895320260292e-01
-6.830121879961882359e-01,7.255904803940608216e-01,-8.374249703812379486e-02,1.110494279128488770e+01,-7.017625420078830167e-01,-6.201059695503866598e-01,3.507105945970410144e-01,-2.887439116724374699e+01,2.025430464945585651e-01,2.983069581647308510e-01,9.327321550301636011e-01,2.247047189677125190e-01
-8.127066195515326719e-01,5.771981127131913247e-01,-7.968870194359486958e-02,1.095222285278327057e+01,-5.575848421301314861e-01,-7.307067184443500896e-01,3.939122179458346418e-01,-2.895993603623456991e+01,1.691363188787098626e-01,3.645682793395807475e-01,9.156871055854949315e-01,1.976437320098203276e-01
-9.596190830589044207e-01,2.549775007246092851e-01,-1.188178839797452008e-01,1.070272400385092304e+01,-2.811150532729040918e-01,-8.538088114610550283e-01,4.381607470949834826e-01,-2.895760245320235882e+01,1.027337590884349131e-02,4.538689101444329799e-01,8.910092424614599604e-01,2.695618897119340662e-01
-9.924717389263070233e-01,1.086628824266501342e-01,-5.649978243612214374e-02,1.052148503457132733e+01,-1.220968924561770252e-01,-9.140109294637790427e-01,3.868803040648420288e-01,-2.895533966723264641e+01,-9.601889665156113085e-03,3.908662159914735867e-01,9.203974168321906735e-01,2.142475153387120579e-01
-9.879132828015478873e-01,1.471771565983339691e-01,-4.864391267058246898e-02,1.022265271658884878e+01,-1.546801539326168595e-01,-9.156402429454589820e-01,3.710485082548694025e-01,-2.896515604518248921e+01,1.006954038949592692e-02,3.740879977684565261e-01,9.273385435114492870e-01,1.862002332561489837e-01
-9.886220595524570776e-01,9.813230185986672460e-02,-1.140020819895270904e-01,9.995614401178217534e+00,-1.332877759440197207e-01,-9.227781593123920434e-01,3.615450697768281541e-01,-2.893073362303493568e+01,-6.971938145278928911e-02,3.726265154651773326e-01,9.253586806326100644e-01,1.854583466607078457e-01
-9.930956442440733722e-01,2.084188696596824333e-02,-1.154411414147974296e-01,9.670069057274250923e+00,-6.281995900755732443e-02,-9.255768322498949541e-01,3.733111039770177775e-01,-2.887424872660010422e+01,-9.906913814978994537e-02,3.779856390789868015e-01,9.204956070054393091e-01,1.998307458189122476e-01
-9.925775973435800870e-01,-3.050821554175793884e-02,-1.177240928447018942e-01,9.451581040495465658e+00,-1.844735122771739774e-02,-9.190501120707491589e-01,3.937087587740785710e-01,-2.882858642352854162e+01,-1.202056923957075946e-01,3.929581915257696068e-01,9.116657563101016049e-01,2.075167392017847612e-01
-9.923881941287636677e-01,-6.310185161567059831e-02,-1.057536215764264126e-01,9.124023193190595293e+00,1.629672861849959520e-02,-9.184847909447674263e-01,3.951203682923506433e-01,-2.879679774337272136e+01,-1.220659198555885949e-01,3.903893506818842396e-01,9.125218167715172246e-01,1.227790662734207366e-01
-9.950305744654842632e-01,-2.999280059805467524e-02,-9.494518308570672194e-02,8.889873727765488454e+00,-5.456953823243506849e-03,-9.356937566398865203e-01,3.527710524406854065e-01,-2.877075739502731011e+01,-9.942020686894559311e-02,3.515360944446877522e-01,9.308802268652590639e-01,1.100020173344977009e-01
-9.951682159180597065e-01,2.997119078426925542e-02,-9.349839436826620775e-02,8.550277824995438536e+00,-6.575629448477876560e-02,-9.106156676220764634e-01,4.079892346825244043e-01,-2.876337510774379780e+01,-7.291317961865244335e-02,4.121660267467168737e-01,9.081865637817635450e-01,7.518592357343915900e-02
-9.991261792265148101e-01,7.705768368801910878e-03,-4.107918107846648959e-02,8.324837342223325720e+00,-2.391687883878200124e-02,-9.114413979006847910e-01,4.107341732793334255e-01,-2.874066043160539863e+01,-3.427624382633050193e-02,4.113577510229924905e-01,9.108292594018201349e-01,1.406661017633150101e-01
-9.915216291798559789e-01,-3.293772704445942917e-02,-1.256979116997326562e-01,7.986368435820192957e+00,-2.079476121154534216e-02,-9.146523348639830076e-01,4.037061855285598577e-01,-2.879057242977349063e+01,-1.282670525687863161e-01,4.028972728438494078e-01,9.062126410287539846e-01,1.189216747382381284e-01
-9.952141262234268648e-01,-6.128947519322253644e-03,-9.752578616781894250e-02,7.757131314335076411e+00,-3.587753079391007432e-02,-9.054112927328686888e-01,4.230167771802061938e-01,-2.878062580896913758e+01,-9.089359575612407371e-02,4.244912566756858241e-01,9.008582170666057376e-01,8.439375811316394971e-02
-9.980174574051554615e-01,-3.250725899235466093e-02,-5.389279012407086761e-02,7.395639043497870269e+00,8.939954729231341934e-03,-9.208256779518703139e-01,3.898719636418066514e-01,-2.874634675692667685e+01,-6.229953389867705360e-02,3.886172267634107058e-01,9.192907152466665011e-01,8.798649805349886832e-02
-9.983241087529353130e-01,-1.290202283163379565e-02,-5.641375443554336871e-02,7.133145426751267060e+00,-1.253659336399062449e-02,-9.034647846020146256e-01,4.284789572556179649e-01,-2.876970035671653037e+01,-5.649608578908528467e-02,4.284681094210970320e-01,9.017889284636551039e-01,9.620224967813682804e-02
-9.946358481823718289e-01,-9.031654221868191945e-02,-5.042273011449385778e-02,6.806245441505809346e+00,5.686292747008894755e-02,-8.846166381610808260e-01,4.628390767514332649e-01,-2.878525558906102688e+01,-8.640681101666321251e-02,4.574891536312641338e-01,8.850070832031143864e-01,8.117330855023037472e-02
-9.867014298052558807e-01,-1.356319048326222187e-01,-8.957831663825022162e-02,6.586307520750023237e+00,8.019003629241401587e-02,-8.855603061388297448e-01,4.575505461374991811e-01,-2.880218920524841764e+01,-1.413854536354050839e-01,4.442824896198122597e-01,8.846599476168999221e-01,5.761534808938081897e-02
-9.951556133963459505e-01,-9.313516222221912555e-02,-3.148248217004830790e-02,6.224481459959712915e+00,7.195881263449138698e-02,-9.082321199519516330e-01,4.122333630018538142e-01,-2.878376848377747876e+01,-6.698682265924070511e-02,4.079709031848059997e-01,9.105341881250790248e-01,6.432014085322074193e-02
-9.960247893361837690e-01,-5.712308215777989889e-02,-6.834890279009774028e-02,5.984571363871293848e+00,2.412085531444202804e-02,-9.115995915736788691e-01,4.103710138174989641e-01,-2.879007457643250945e+01,-8.574848900543015351e-02,4.070910685921506067e-01,9.093536487559669146e-01,3.224035753750875005e-02
-9.918862410579299960e-01,-1.193840164049161795e-01,-4.369372297029047725e-02,5.639393340162099477e+00,9.107473857921401239e-02,-9.070917188781503215e-01,4.109622921089121084e-01,-2.872985576831931809e+01,-8.869654329623843925e-02,4.036484487393889320e-01,9.106046634174389531e-01,2.232818136347736876e-02
-9.870561950943719243e-01,-1.525224369891017284e-01,-4.956787206175545385e-02,5.395497165008299234e+00,1.188191388367053070e-01,-9.030734862505940264e-01,4.127230193208299425e-01,-2.875458612882405873e+01,-1.077129517371456791e-01,4.014912012063345248e-01,9.095068638454411047e-01,4.258218582688079457e-03
-9.874929343363504364e-01,-1.458850938088640803e-01,-5.979334444707974650e-02,5.045450509871518108e+00,1.078918420865766781e-01,-9.018178395662868052e-01,4.184303223371370617e-01,-2.875120588343818184e+01,-1.149654515363343898e-01,4.067457727430927594e-01,9.062785561341915042e-01,-5.998795081273692112e-03
-9.943058923617118516e-01,-1.029455130421036563e-01,-2.753204967455212190e-02,4.796318816947301222e+00,8.502245070091841994e-02,-9.221322438889287820e-01,3.774166234510337170e-01,-2.873835106377812920e+01,-6.424153867704091025e-02,3.729267302364753234e-01,9.256342034429915211e-01,-1.221862232050755469e-02
-9.938008878343370656e-01,-9.270339395162902063e-02,-6.136673438872830566e-02,4.411837400628357386e+00,6.394307247320892007e-02,-9.281723041585879797e-01,3.666162261488488672e-01,-2.870526062387110500e+01,-9.094547169800983044e-02,3.604195534967383763e-01,9.283461997740078964e-01,-3.122109038079209919e-02
-9.898938313462309901e-01,-1.406177305535055433e-01,-1.835365131698886432e-02,4.167489837374533046e+00,1.228509040265947511e-01,-9.149855966668846152e-01,3.843293031659096859e-01,-2.865618883564685149e+01,-7.083684099769108067e-02,3.781904437530493879e-01,9.230136132318651487e-01,-4.509015114334625346e-02
-9.811267198773163667e-01,-1.774307385142492588e-01,-7.686802048362209594e-02,3.807809230089949537e+00,1.316539098716880130e-01,-9.041101996771049309e-01,4.065119861151981762e-01,-2.864384698392543882e+01,-1.416248832595448370e-01,3.887197960872526004e-01,9.104061250736447120e-01,-4.219948288042025403e-02
-9.862783393316658653e-01,-1.592227996417233116e-01,-4.362496348912480587e-02,3.538990280742182470e+00,1.330915603317561757e-01,-9.231975519755051263e-01,3.605453044970814980e-01,-2.864680290996503587e+01,-9.768149227788339162e-02,3.497919097130287036e-01,9.317209592821672492e-01,-4.821402703479970436e-02
-9.951414140766677852e-01,-8.026513934541515405e-02,-5.701818477780291189e-02,3.145454792875549632e+00,5.626770719437999141e-02,-9.388767114160206928e-01,3.396240066422365200e-01,-2.866009089479351601e+01,-8.079301403328151276e-02,3.347656316985072600e-01,9.388314336007935745e-01,-1.026007787789762482e-01
-9.962815093941589373e-01,-5.266896833240816006e-02,-6.818455700597361724e-02,2.890306107241295219e+00,2.542632133777025447e-02,-9.358800398172849588e-01,3.514001326903928857e-01,-2.863626783654983754e+01,-8.232044838634841599e-02,3.483597721413858039e-01,9.337391567943781334e-01,-6.891184587946373730e-02
-9.944113713878783845e-01,-7.620079918555450194e-02,-7.307162690105241387e-02,2.530729930533883731e+00,4.287309501483090729e-02,-9.239598879366559547e-01,3.800789696996293987e-01,-2.863032348071729416e+01,-9.647757344757898479e-02,3.748220426916840653e-01,9.220631833741679273e-01,-9.339103417272959229e-02
-9.885666730318822815e-01,-1.174321799396240151e-01,-9.458126709506611829e-02,2.280300996722987250e+00,7.222837955832529799e-02,-9.194112760861746780e-01,3.866082857259668937e-01,-2.859188569916903688e+01,-1.323593372492429254e-01,3.753566151278294183e-01,9.173812824135468835e-01,-7.582131534979286158e-02
-9.979573913068970903e-01,-6.253087951879650330e-02,-1.307418228966496752e-02,1.920921025867574849e+00,5.442150124676252421e-02,-9.393405598814775770e-01,3.386408315067770403e-01,-2.864252370005686288e+01,-3.345661874706131605e-02,3.372376041727251361e-01,9.408248790257718319e-01,-7.891101163327060575e-02
-9.994577698151720924e-01,-1.822758622238532245e-02,-2.742118627253263552e-02,1.668782524815365598e+00,7.218860486591418754e-03,-9.338356700488154027e-01,3.576294582354135332e-01,-2.861068802803747602e+01,-3.212560364199437690e-02,3.572375910300971125e-01,9.334608985627917965e-01,-1.044604154275563662e-01
-9.997528581773508227e-01,-4.181799407411414488e-05,-2.223107773991993275e-02,1.296139252508752726e+00,-9.194319683611472394e-03,-9.096889244523214124e-01,4.151885417666709710e-01,-2.857480475636609896e+01,-2.024072755062246778e-02,4.152903309493683470e-01,9.094637177854814070e-01,-8.214709453875193579e-02
-9.962427744618149728e-01,-5.553525610678045066e-02,-6.645426744600038682e-02,1.053311093060889325e+00,2.012597174473294490e-02,-8.947835689306791185e-01,4.460463092919919048e-01,-2.858209952861264824e+01,-8.423348261802054981e-02,4.430329559985723420e-01,8.925393662495850755e-01,-5.790711318464486501e-02
-9.924369555461295400e-01,-9.095294010868343326e-02,-8.244059650391305505e-02,6.967182073664117681e-01,4.414735314554334850e-02,-8.910998717580169703e-01,4.516547683387048262e-01,-2.859643974105517472e+01,-1.145421340668023452e-01,4.445993491205698089e-01,8.883757753816752256e-01,-7.833376284831632119e-02
-9.974353102724320408e-01,-6.412487783721376733e-02,-3.179311032447923457e-02,4.446083437124098703e-01,4.275836728832548006e-02,-8.900797472860447757e-01,4.537948495719712483e-01,-2.858534482561205792e+01,-5.739794289500880359e-02,4.512715850943591622e-01,8.905388439803454403e-01,-4.742062706448709614e-02
-9.984217492999111210e-01,9.517807794455185322e-03,-5.534818750146976857e-02,7.090961192910866240e-02,-3.310966030150545164e-02,-8.958019997840065418e-01,4.432183745939402009e-01,-2.862067355478286501e+01,-4.536254974788026667e-02,4.443514245704235921e-01,8.947033310335947842e-01,-4.699736344162561141e-02
-9.994441137196992120e-01,1.775742076841073727e-02,-2.821590967350130069e-02,-1.795670604898043643e-01,-2.854423297263579060e-02,-8.930574386384553254e-01,4.490363438036235055e-01,-2.865289799210441402e+01,-1.722470072464087412e-02,4.495921321600027110e-01,8.930678722162012084e-01,3.015125550366652696e-02
-9.929441916984642624e-01,-3.663038903775724803e-02,-1.127831847893588924e-01,-5.325190873938916436e-01,-1.792570041502133255e-02,-8.937981508086727533e-01,4.481110742613131914e-01,-2.869111631293171527e+01,-1.172198849893604927e-01,4.469710060059169376e-01,8.868350570163221480e-01,7.252682651106312495e-02
-9.946655032318902911e-01,-5.852169847191839025e-02,-8.494555602512143810e-02,-7.878642585459258996e-01,1.937395732630994155e-02,-9.148222153509375509e-01,4.033918245055557739e-01,-2.867758653430723470e+01,-1.013172564668694126e-01,3.995942005439594991e-01,9.110758960886102820e-01,-3.795221534152905252e-02
-9.974394805966606548e-01,1.547207830903695076e-02,-6.982189728063539769e-02,-1.173994357647677678e+00,-3.747707077283167487e-02,-9.446061059909084401e-01,3.260594634280392645e-01,-2.861651726389329298e+01,-6.090937295159643688e-02,3.278413020311700121e-01,9.427672719017956560e-01,7.570881663048564802e-02
-9.989677536119068169e-01,6.392094851048640489e-03,-4.497297373979805557e-02,-1.404469077206502936e+00,-2.199012196336940991e-02,-9.343581225141189828e-01,3.556562011661355549e-01,-2.866257069629345366e+01,-3.974747513517637443e-02,3.562780375146732958e-01,9.335341976623434679e-01,2.498372184127084505e-02
-9.990867386814205053e-01,-1.325792788520178088e-02,-4.061915729207855874e-02,-1.751651786006600098e+00,-3.079726004809654923e-03,-9.258264778542085738e-01,3.779363017650007595e-01,-2.867281859852389303e+01,-4.261694356313090043e-02,3.777162430347185129e-01,9.249401255589889681e-01,1.432275781384532987e-01
-9.945115905074791707e-01,-3.687163252895482579e-02,-9.791414127151658320e-02,-1.984656456445394124e+00,-6.984373735266047149e-03,-9.103611242733063991e-01,4.137557757123969671e-01,-2.867035906160887393e+01,-1.043930786489928042e-01,4.121687835420004831e-01,9.051071643754105001e-01,1.265806977755255802e-01
-9.972299184262400917e-01,-3.783920436561259704e-02,-6.403658648441938606e-02,-2.353270875259076078e+00,6.623809431406160395e-03,-9.026872276987084609e-01,4.302463179368721247e-01,-2.865181451542507318e+01,-7.408518707687426763e-02,4.286303343938674404e-01,9.004373501211450082e-01,1.143917014129696708e-01
-9.940746201638740454e-01,-2.319143592144938190e-02,-1.061970190069164988e-01,-2.588620201380457786e+00,-2.706840252738472799e-02,-8.933845745765022217e-01,4.484766476566836024e-01,-2.864738259061920544e+01,-1.052755960831826959e-01,4.486938368293736379e-01,8.874631765096901992e-01,1.417619149580957860e-01
-9.940691242277631678e-01,-4.466947393107859737e-02,-9.915248033091965396e-02,-2.934932163564230034e+00,-4.765036343392974917e-03,-8.929797748287559012e-01,4.500715678371944306e-01,-2.874718442304414268e+01,-1.086456197262399836e-01,4.478747144520513479e-01,8.874707710504039504e-01,9.844029328391822042e-02
-9.937510044984830815e-01,-7.130826273054303999e-02,-8.587242121084293078e-02,-3.141275849787563246e+00,2.778345402655402543e-02,-9.031408358023838012e-01,4.284445242835130396e-01,-2.878958214262656412e+01,-1.081065249678058171e-01,4.233813439117563027e-01,8.994783026215051880e-01,1.552101894696582551e-01
-9.870447029860847099e-01,-4.962194488486233040e-02,-1.525792151407265873e-01,-3.468071165196697780e+00,-2.841033613828924942e-02,-8.818905068176579043e-01,4.705974785157731044e-01,-2.879310985113957244e+01,-1.579101235121601887e-01,4.688355751974668251e-01,8.690555772340676777e-01,1.463976104672340406e-01
-9.938058662956446021e-01,-7.943379469745162624e-02,-7.771854589691622184e-02,-3.708955118185169209e+00,3.665709824167957820e-02,-8.945211716201381114e-01,4.455200676421152139e-01,-2.880724391023365172e+01,-1.049102343190010944e-01,4.399115204030235593e-01,8.918922002976795715e-01,1.384888646309402338e-01
-9.962096198670206126e-01,-3.774103538739521924e-02,-7.837096102701862632e-02,-4.049191494049477313e+00,1.077410532768201951e-03,-9.062554216001472707e-01,4.227291686255904568e-01,-2.879680031092194525e+01,-8.697834483913158277e-02,4.210424266843282304e-01,9.028610316437525318e-01,1.744147094412356047e-01
-9.986880333422371026e-01,-2.565948083469307348e-02,-4.431481808959182589e-02,-4.276683926862431484e+00,5.236805938738277842e-03,-9.120363228344136042e-01,4.100759950231677164e-01,-2.882629898899994103e+01,-5.093906087257149551e-02,4.093059208880034383e-01,9.109741353098055328e-01,1.762436582728012513e-01
-9.985667724344416962e-01,-4.262723822059057144e-02,-3.236231684462517744e-02,-4.595082716807449508e+00,2.476397990207961086e-02,-9.040555397971159479e-01,4.266969958431329202e-01,-2.884478211877567233e+01,-4.744624631386804708e-02,4.252840221826252876e-01,9.038154425472582076e-01,2.258629735148640350e-01
-9.973976981904951744e-01,-5.114511616671672811e-02,-5.081347003108414861e-02,-4.825405145806063167e+00,2.386150029430031058e-02,-8.992606509747937960e-01,4.367618463328671874e-01,-2.887337516264998527e+01,-6.803278950632463129e-02,4.344127745597320400e-01,8.981409025600091134e-01,1.736071296962714561e-01
-9.996960369148790715e-01,-1.339305671962421089e-04,2.465392137760276728e-02,-5.197898377212436749e+00,9.212723654453103608e-03,-9.295747839998924622e-01,3.685184482144956419e-01,-2.886418845103052178e+01,2.286830775454421968e-02,3.686335619747034831e-01,9.292934614460010012e-01,2.090887082704903088e-01
-9.997184533393146388e-01,2.130708688052177294e-02,-1.044136492608766995e-02,-5.687761992661991783e+00,-2.371275501835935079e-02,-9.128777079908257930e-01,4.075438571526454612e-01,-2.891735533490059140e+01,-8.481169100478652949e-04,4.076767080691315326e-01,9.131259400518788594e-01,1.998620328354316911e-01
-9.982081535625617619e-01,-4.185096010031798264e-02,-4.276656754882337402e-02,-6.020050318472152107e+00,1.941511493306834549e-02,-9.025777990223710079e-01,4.300887931858585200e-01,-2.889034770311885580e+01,-5.659978333317339239e-02,4.284878222897536837e-01,9.017730594090880292e-01,2.066515613561966114e-01
-9.962304569454830672e-01,-7.764409957824953967e-02,-3.868165527588455360e-02,-6.256442472207176309e+00,5.175201636150584400e-02,-8.898503954206634647e-01,4.533078452577316009e-01,-2.888297248278852081e+01,-6.961756571956427553e-02,4.495972281613551114e-01,8.905143047547933177e-01,1.797391986827256150e-01
-9.970808311182653982e-01,-7.465653696488831759e-02,-1.600680183312607613e-02,-6.622715954720238329e+00,6.050818599637744488e-02,-9.004656083903630481e-01,4.306976288924764251e-01,-2.882496291449269421e+01,-4.656796800315035623e-02,4.284718072342511563e-01,9.023543288317935618e-01,1.775222075156411561e-01
-9.934631168501091292e-01,-1.048271879172422288e-01,-4.519177062071572104e-02,-6.851309260289740521e+00,7.501017758785967493e-02,-8.978897378693556641e-01,4.337827703899012066e-01,-2.879305437136774870e+01,-8.604945506341016292e-02,4.275573403676571904e-01,8.998834435531247733e-01,1.696379428218041108e-01
-9.614574736135041988e-01,-2.738741357760263173e-01,-2.434099804195494557e-02,-7.173678140141960924e+00,2.262309340046042561e-01,-8.382913012567361211e-01,4.960718282030261994e-01,-2.869412246142073997e+01,-1.562660901544148939e-01,4.714452799532785066e-01,8.679402381947916023e-01,1.025991998298646651e-01
-8.903030173866253172e-01,-4.524395443170549092e-01,-5.156545326526099093e-02,-7.334775050634300797e+00,3.668199167543064743e-01,-7.796641456810331494e-01,5.075105600988304433e-01,-2.864011300661863757e+01,-2.698215816139228340e-01,4.329229477374044177e-01,8.601011774307265600e-01,4.317040450956430298e-02
-8.030986719491041148e-01,-5.957857491280551532e-01,8.477278426073028839e-03,-7.567957183704115742e+00,5.418434029247205519e-01,-7.243199586172921478e-01,4.263406199925163786e-01,-2.844828373361631435e+01,-2.478674037072002845e-01,3.469869431038718477e-01,9.045229745533756027e-01,-6.362820875520584785e-03
-7.288794852498354793e-01,-6.845554370076875061e-01,-1.088805056723853373e-02,-7.692840977005904080e+00,6.114253208151186891e-01,-6.580051724747442154e-01,4.395318760483833409e-01,-2.826610749211350893e+01,-3.080483290785192563e-01,3.137085377539156061e-01,8.981609990932788445e-01,-2.464834891896891880e-02
-5.776487250913053817e-01,-8.158763986535262358e-01,2.583897290039979464e-02,-7.809112957505709218e+00,7.336763366915700635e-01,-5.050537213524577407e-01,4.545764748937983768e-01,-2.804695970556501905e+01,-3.578281478296950757e-01,2.815429641603409694e-01,8.903328455990957568e-01,-1.814514534154948178e-01
-3.852127459813137200e-01,-9.205718111915056623e-01,6.448783430331918309e-02,-7.882180061410073435e+00,8.374406743771082295e-01,-3.193576233086662941e-01,4.435130497893545742e-01,-2.784938484126736569e+01,-3.876909300362235689e-01,2.248516152359956721e-01,8.939449054015667917e-01,-2.061820924652243425e-01
-2.088457590003075237e-01,-9.776790391590003404e-01,2.295964583187150646e-02,-7.937181276229159366e+00,8.930998684433023582e-01,-1.811080307175159110e-01,4.117918238578561207e-01,-2.758677443880693403e+01,-3.984420584402993959e-01,1.065062326756646416e-01,9.109886653889270880e-01,-3.075305095622976603e-01
-1.692726462537680610e-01,-9.855024621742074498e-01,1.147467990085262665e-02,-7.977125510985198176e+00,9.117315616763714825e-01,-1.521587843433870602e-01,3.815668536315852122e-01,-2.739070432586640180e+01,-3.742891003935497340e-01,7.505065886268394437e-02,9.242700189505600461e-01,-4.042472290476998298e-01
-1.177765650621251242e-01,-9.930138883536246963e-01,7.217912370457765965e-03,-8.018268969869520646e+00,9.051533558985108696e-01,-1.043606026537301640e-01,4.120755597210469801e-01,-2.706554886920404712e+01,-4.084434881692106667e-01,5.506616157469921419e-02,9.111210868054813172e-01,-4.673225326457825513e-01
-6.253188303553089411e-02,-9.976311177321047774e-01,2.866908677701038993e-02,-8.044831518071969612e+00,9.338274727546769238e-01,-4.834700285935359526e-02,3.544415585722576756e-01,-2.686386378492580107e+01,-3.522158638287679056e-01,4.893587893473226591e-02,9.346385745411135426e-01,-5.371081066461482756e-01
5.974430931633152760e-03,-9.978522987572209235e-01,6.523109718515371358e-02,-8.077981371511853581e+00,9.204341484048690347e-01,3.098407051705076229e-02,3.896677633887595804e-01,-2.659335243903250401e+01,-3.908519983641483009e-01,5.771288624848246174e-02,9.186424430297275290e-01,-6.573226522525661419e-01
5.350625758446412444e-02,-9.972473327371518259e-01,5.133067063605659119e-02,-8.082298745770634341e+00,9.169569724299460045e-01,6.942185867189620829e-02,3.929001352133221769e-01,-2.638543355650630673e+01,-3.953820824359820518e-01,2.604540049954274725e-02,9.181473988425874477e-01,-7.433634983596113521e-01
2.097069906470941034e-02,-9.997800616388798911e-01,-2.411018475783606538e-04,-8.111770550689753279e+00,9.210651267535411302e-01,1.922583546450799125e-02,3.889336698322415908e-01,-2.603704361309297965e+01,-3.888434930138627288e-01,-8.378281449984844101e-03,9.212657284088708876e-01,-8.537557822233117211e-01
6.248924452363082208e-03,-9.999120922610577056e-01,1.169438725666058741e-02,-8.093484883623313308e+00,9.263952644610314868e-01,1.019180790466328590e-02,3.764145866405952390e-01,-2.579592941545718787e+01,-3.765006838338615935e-01,8.481438660659652851e-03,9.263775149855940638e-01,-8.974512455107165332e-01
6.155481645928404660e-02,-9.980023303225792342e-01,1.422509196354890086e-02,-8.119302603383616201e+00,9.490558256707413154e-01,6.293680646947737156e-02,3.087588025495811017e-01,-2.549447612935907870e+01,-3.090372863120117164e-01,-5.505185022419267944e-03,9.510339891963804915e-01,-1.013461436835271900e+00
9.586083890580826550e-02,-9.949947338304228062e-01,2.821664781661602575e-02,-8.125237620659030213e+00,9.220712022014760922e-01,9.944203278135965718e-02,3.740267105261813607e-01,-2.529201400339277939e+01,-3.749605281026265891e-01,-9.836755869856486298e-03,9.269885870920746562e-01,-1.135890223065521010e+00
9.533990245698896471e-02,-9.954389740538357456e-01,-3.398813637860756496e-03,-8.093900087036832502e+00,9.231751165943919979e-01,8.714045546347551352e-02,3.743718006508355844e-01,-2.491941582388735199e+01,-3.723681069861164428e-01,-3.883027113311229156e-02,9.272724534586961331e-01,-1.261921295877755700e+00
1.692079320815812480e-03,-9.997377216853817750e-01,2.283910477449698981e-02,-8.089663517878927124e+00,9.258022201574371834e-01,1.019943302450113283e-02,3.778706401899193379e-01,-2.466917019997355709e+01,-3.780044788347538542e-01,2.050510681042924666e-02,9.255766605611681630e-01,-1.333700655048591255e+00
5.552781834640938691e-02,-9.973217822847660896e-01,4.760172234312476380e-02,-8.078701909141356552e+00,9.334723922657263140e-01,6.877337853287375513e-02,3.519936296055322655e-01,-2.433149824453862919e+01,-3.543246453005939323e-01,2.488945530777660411e-02,9.347911856383196438e-01,-1.494588972648944747e+00
1.241055426631134107e-01,-9.908551369759616145e-01,5.295197643760564399e-02,-8.078333843311432005e+00,9.253956982494077055e-01,1.348357152451552243e-01,3.542063403664860166e-01,-2.413901584221952135e+01,-3.581069895181979712e-01,5.042561123266411927e-03,9.336669409567504019e-01,-1.526797012906704332e+00
1.526318359914103640e-01,-9.871084376837301333e-01,4.817110021042703139e-02,-8.067830906524442014e+00,9.002982546782432038e-01,1.589826714487977133e-01,4.052006451158651212e-01,-2.382070821137495287e+01,-4.076353459468427531e-01,-1.847816096355982957e-02,9.129578206588776501e-01,-1.703340735159844854e+00
1.150516835494451717e-01,-9.932274470956581336e-01,1.619717408334459333e-02,-8.058807463180468034e+00,9.179700335188279992e-01,1.125367620676699515e-01,3.803504893447184898e-01,-2.356708399621986771e+01,-3.795973230594252290e-01,-2.889144370176663715e-02,9.247005768393089520e-01,-1.796044226449416747e+00
-3.727908819161485782e-02,-9.988466750490395674e-01,3.025870663274283362e-02,-8.110235620844626681e+00,9.043308186253210534e-01,-2.083666643126654006e-02,4.263233559359480562e-01,-2.322047898427495483e+01,-4.252011759956220160e-01,4.325682692381359329e-02,9.040646032537874577e-01,-1.910816563700618254e+00
-8.678926845807578838e-02,-9.944540741536164186e-01,5.940300732952778079e-02,-8.206026607300731968e+00,9.106264665724332907e-01,-5.500901640758529276e-02,4.095527395729095521e-01,-2.301609893389036543e+01,-4.040136894442051263e-01,8.963873333079826200e-02,9.103503920076798650e-01,-2.056915439322376304e+00
-1.640768757844603687e-01,-9.863478084533904289e-01,1.402781494070771962e-02,-8.292978267585620955e+00,8.902018995399482160e-01,-1.419265953268353253e-01,4.328942360373966847e-01,-2.264940821689463846e+01,-4.249933609931814682e-01,8.351552130073008895e-02,9.013355650442246292e-01,-2.093613127855013190e+00
-2.627908240495535619e-01,-9.648107683987208194e-01,-9.009105240391964906e-03,-8.390103146755384600e+00,8.609591962512517238e-01,-2.386986029085129968e-01,4.491906492347357283e-01,-2.246624338723377790e+01,-4.355344362800230296e-01,1.102867088610398061e-01,8.933905062529194918e-01,-2.248630128012627516e+00
-4.097723858761538884e-01,-9.115963663867980848e-01,3.284290735846821102e-02,-8.561488296484093041e+00,8.529965475065455216e-01,-3.701756639916723990e-01,3.679223664446601982e-01,-2.216299971760300380e+01,-3.232390473245463913e-01,1.787793125020801233e-01,9.292763182746066608e-01,-2.379335027276032744e+00
-4.153164167503121118e-01,-9.094497507419699867e-01,-2.033285157216716335e-02,-8.651409048790164036e+00,8.257997395839706822e-01,-3.863024005477496692e-01,4.108834937474284410e-01,-2.191060305003624364e+01,-3.815325203448978186e-01,1.538557967917365543e-01,9.114610961049598448e-01,-2.452042379799966643e+00
-2.885584184348776726e-01,-9.573191483024113824e-01,1.655558648655538687e-02,-8.815472480480321948e+00,8.810143867484973024e-01,-2.587085980364988158e-01,3.960852328024354607e-01,-2.166484197317173610e+01,-3.748969051519810969e-01,1.288794382185958209e-01,9.180644862491580405e-01,-2.696929583034641364e+00
-1.668755902995135432e-01,-9.858927084307440580e-01,1.296552448946897140e-02,-8.843243132961969621e+00,8.868915612966353779e-01,-1.443470076025207827e-01,4.388476955585105532e-01,-2.144192596630323777e+01,-4.307852085007184417e-01,8.473198250540293908e-02,8.984679155527489636e-01,-2.694836737475549082e+00
-1.138730141949814145e-01,-9.915886389939996270e-01,6.152160316655579109e-02,-8.886444081872967971e+00,9.130212023709632918e-01,-8.003404265270767926e-02,3.999835447087114471e-01,-2.117010986521021820e+01,-3.916953161058117083e-01,1.017178599592924448e-01,9.144551691067610566e-01,-2.951032881540478936e+00
-8.165111556097404133e-02,-9.966527119330040874e-01,4.057970458650272429e-03,-8.946443624578627407e+00,9.025801141881031331e-01,-7.221610969253464130e-02,4.244219256507225091e-01,-2.094305187652775402e+01,-4.227082123638493671e-01,3.831716713785916772e-02,9.054554444602413987e-01,-2.960504338410433256e+00
-8.699262945043928497e-02,-9.957103553528715567e-01,3.151461033176819471e-02,-8.992411515290157809e+00,9.160282791612898157e-01,-6.751675270479738644e-02,3.953905409604612786e-01,-2.065468779817176070e+01,-3.915666918905469362e-01,6.326433708863071770e-02,9.179723032067114152e-01,-3.153047037616323323e+00
-1.877082353774389353e-02,-9.990551578309021519e-01,3.919754833139749151e-02,-9.046005291062655829e+00,9.397697973107178582e-01,-4.247263708576019293e-03,3.417816390819766181e-01,-2.043268642386492573e+01,-3.412922270522556478e-01,4.325219488612349478e-02,9.389615878145650685e-01,-3.208254025841575263e+00
3.885913436009450633e-02,-9.991485076562344192e-01,1.386460692229982486e-02,-9.013245331107354374e+00,9.397668925423890984e-01,4.125815426010689263e-02,3.393168908089772007e-01,-2.008584321626172198e+01,-3.395999931654992698e-01,-1.560620869037886063e-04,9.405699443883067667e-01,-3.393256080438707745e+00
-2.252830890248619031e-02,-9.997043803311027599e-01,9.144793316757261065e-03,-9.024766486068934057e+00,9.260723205365690713e-01,-1.742092085115231476e-02,3.769437208028703634e-01,-1.980381790666980635e+01,-3.766729781043625658e-01,1.696064454877667035e-02,9.261910192300965017e-01,-3.442713662636263550e+00
-1.598809885502383218e-02,-9.998721808782768949e-01,-5.099731978813653644e-05,-9.024962902923702401e+00,9.253215749969906367e-01,-1.481534906535336184e-02,3.788937691189455670e-01,-1.943678421220795371e+01,-3.788460947932447143e-01,6.010602115959696144e-03,9.254401704713903776e-01,-3.601575734832950015e+00
1.553817233190799701e-02,-9.998792307760566711e-01,2.984347022265857277e-04,-9.115210210712428207e+00,9.461680003278190032e-01,1.480000393007652529e-02,3.233374012379738871e-01,-1.918319986896525720e+01,-3.233027688657206244e-01,-4.741702896352372083e-03,9.462836973642765326e-01,-3.630839992605724209e+00
2.088655676670189698e-02,-9.977136508892665567e-01,6.427458732382942963e-02,-9.089760573178219616e+00,9.191031816181653991e-01,4.446207522292446035e-02,3.915002751036547601e-01,-1.880710601654500280e+01,-3.934629503343342605e-01,5.089788498639463699e-02,9.179304505343078846e-01,-3.798712975213339949e+00
4.077198451242695226e-02,-9.991144413923512824e-01,1.039125979729870787e-02,-9.098769447205269145e+00,9.389619944717682021e-01,4.186865799974377744e-02,3.414635974959855380e-01,-1.852446010869781645e+01,-3.415962795706640742e-01,-4.165150484317639221e-03,9.398375568708288164e-01,-3.857400785361842832e+00
-4.294344573748595101e-02,-9.990427817558303891e-01,8.329507174511672357e-03,-9.140744499881376939e+00,9.187752545532347215e-01,-3.621557605145633157e-02,3.931163487720915062e-01,-1.816036979259518347e+01,-3.924383927304159747e-01,2.453471566657825648e-02,9.194510077423008187e-01,-3.985918042864130317e+00
-2.665382399484475875e-02,-9.994506591925806926e-01,1.969653537996038720e-02,-9.153287706596533013e+00,9.247502080196117191e-01,-1.716919130250680117e-02,3.801871534359143046e-01,-1.791764136617742764e+01,-3.796401275341404480e-01,2.834781666266627739e-02,9.246998295967864268e-01,-4.062556112073882453e+00
-6.368705507733487745e-03,-9.979366130245340694e-01,6.389018684652057745e-02,-9.172728715494578466e+00,9.097970098048410170e-01,2.073329063020665913e-02,4.145353200992819565e-01,-1.760888400524470754e+01,-4.150046271312258228e-01,6.076715432510365611e-02,9.077877022822603559e-01,-4.202581815452824721e+00
2.209029529791345717e-02,-9.979524450730764551e-01,6.002446356549653167e-02,-9.135286414582742154e+00,9.061064468239979908e-01,4.535600085427399925e-02,4.206113885886795800e-01,-1.735939877571237844e+01,-4.224726332884088942e-01,4.509712362425952192e-02,9.052530715568881670e-01,-4.215173991589095337e+00
9.377335088481977485e-03,-9.998034973164039441e-01,-1.746517507876884506e-02,-9.177668158447110258e+00,9.309818341946087816e-01,2.354790990445225236e-03,3.650579123358841938e-01,-1.700276227125104356e+01,-3.649450506395204852e-01,-1.968303110003705170e-02,9.308209754299896499e-01,-4.333269146086383472e+00
-2.923913723171591567e-02,-9.990323986869499295e-01,3.285329858249046164e-02,-9.170606103825331701e+00,9.190711920499728960e-01,-1.394724779130978969e-02,3.938446625547822322e-01,-1.678772323147320833e+01,-3.930053648460648530e-01,4.171019842740165962e-02,9.185897030499323712e-01,-4.408766952779298087e+00
6.269838658263691966e-02,-9.978768882261304096e-01,1.762464933197796513e-02,-9.164048565371407662e+00,9.298594463726416182e-01,6.482124671608313626e-02,3.621596553534611740e-01,-1.646519856462109743e+01,-3.625332016677925706e-01,-6.318379405640550499e-03,9.319494384193761638e-01,-4.533048025607067544e+00
1.170947921459984525e-01,-9.928451220088273521e-01,2.339601153120675348e-02,-9.206242998475673289e+00,9.124168936572141231e-01,1.168518459596761538e-01,3.922257746053118832e-01,-1.625857343047395176e+01,-3.921533141785333854e-01,-2.458067938643989508e-02,9.195714047205351127e-01,-4.585886334367697437e+00
1.243436531338504014e-01,-9.918485903790446034e-01,-2.783935502911432519e-02,-9.227681129761796441e+00,9.375920206401787693e-01,1.082665275575465658e-01,3.304535698740419525e-01,-1.590565763053206183e+01,-3.247458371668481281e-01,-6.719176120432673871e-02,9.434115795712221253e-01,-4.621088551620514018e+00
6.744803419056759342e-02,-9.970312075449702105e-01,-3.714207674932672870e-02,-9.214175041554080181e+00,9.564958020685162543e-01,5.402550994512759358e-02,2.867002352640739549e-01,-1.567951946108488137e+01,-2.838424621319636243e-01,-5.486360776137231415e-02,9.573000789900081298e-01,-4.731992137719465141e+00
4.223659069458757243e-02,-9.982020851056074839e-01,-4.252843398623819271e-02,-9.203919039949571612e+00,9.502147905903345348e-01,2.698043703265136720e-02,3.104253658464370402e-01,-1.531521759887125889e+01,-3.087198117223217686e-01,-5.352245611284137117e-02,9.496459469411681065e-01,-4.832289930667061029e+00
4.197561403659871848e-02,-9.990322219614170551e-01,-1.314029334112700766e-02,-9.240561840658919834e+00,9.509135411909640512e-01,3.591105484094896105e-02,3.073659599237878459e-01,-1.510875676984057847e+01,-3.065966161031665749e-01,-2.539715777504837277e-02,9.515006565268577798e-01,-4.957347609438032876e+00
7.934223868124355705e-02,-9.966992798985770952e-01,-1.718588405386324222e-02,-9.253261781288850685e+00,9.180284329498211715e-01,6.633899304756737947e-02,3.909257401312056235e-01,-1.477985275702203261e+01,-3.884953094398256312e-01,-4.679405358695695738e-02,9.202617622677580211e-01,-5.072303208030882082e+00
1.236893850088057051e-01,-9.879976575229149072e-01,-9.252872400170089606e-02,-9.242709289001302508e+00,9.404352953566648132e-01,8.695461609902609135e-02,3.286644945632156700e-01,-1.453204859345624023e+01,-3.166739510657095025e-01,-1.276695870922685827e-01,9.399032318532194452e-01,-5.162940205878441269e+00
3.599851246595316828e-02,-9.991786666336395228e-01,-1.860374275427693902e-02,-9.235663539162006330e+00,9.314579399379611102e-01,2.680255102932920311e-02,3.628604819828833428e-01,-1.417696644645935855e+01,-3.620638247971893486e-01,-3.039104148509681746e-02,9.316577544198758609e-01,-5.270899102695570271e+00
7.049765190466483755e-02,-9.974640529169681580e-01,-9.774672086099542301e-03,-9.207237436526240160e+00,9.513459455017648780e-01,6.428513850221591330e-02,3.013441768893247441e-01,-1.391898924050701680e+01,-2.999516178540853062e-01,-3.054315154356111381e-02,9.534653338430864045e-01,-5.279656526483103463e+00
1.736233480277138141e-01,-9.831240946203549935e-01,5.763633920158989232e-02,-9.255154636541218949e+00,9.086397287619495389e-01,1.824886638384750071e-01,3.755951688798189192e-01,-1.364013606247346111e+01,-3.797746388781908511e-01,-1.284142310498417698e-02,9.249899034679150978e-01,-5.489924196555556968e+00
2.128560118196941853e-01,-9.758211182172932263e-01,4.965343365137659531e-02,-9.260235770466843874e+00,8.942636995944119871e-01,2.150374312951151001e-01,3.924937435548685460e-01,-1.340404237766425410e+01,-3.936810305563780976e-01,-3.914138964262518783e-02,9.184134133367808372e-01,-5.525394055351532607e+00
1.028264458839905360e-01,-9.946336593237887769e-01,1.142828801885589080e-02,-9.208595975343349949e+00,9.267204157698444300e-01,9.996726106188959238e-02,3.622096322727375028e-01,-1.299836325271968640e+01,-3.614083466416285750e-01,-2.665390132718077967e-02,9.320265964669730563e-01,-5.639918840997576233e+00
1.273428814935278520e-02,-9.978973590296619234e-01,6.355075724931331937e-02,-9.233277535664278446e+00,9.171336204839438677e-01,3.697760553450703952e-02,3.968609061963002671e-01,-1.273667965883874054e+01,-3.983764050283910008e-01,5.323079494584227744e-02,9.156761012421877899e-01,-5.727554430629266058e+00
7.532957583858654327e-02,-9.930809884530238385e-01,9.008665482272884550e-02,-9.275887352395924879e+00,9.301824998867447292e-01,1.025340870283162620e-01,3.524872733897163601e-01,-1.235756337406939487e+01,-3.592853627806547046e-01,5.724431299649316435e-02,9.314704057140715809e-01,-5.785964271532904490e+00
1.108780385417372921e-01,-9.914964304070693624e-01,6.812407107023378539e-02,-9.308236410494050261e+00,9.059658859004170450e-01,1.290173074227507766e-01,4.032125344902571795e-01,-1.213515718342123684e+01,-4.085729728626353308e-01,1.701066945856524043e-02,9.125671279258112945e-01,-5.846533014018413077e+00
1.027629746206115552e-01,-9.946885950094133122e-01,-5.862593737288982615e-03,-9.241537688316725507e+00,9.528443726035287220e-01,9.674474493986523482e-02,2.876248527584311376e-01,-1.180065719739062757e+01,-2.855299855442737234e-01,-3.514332489570797663e-02,9.577252080165614689e-01,-6.038575987933550770e+00
5.714991948233223013e-02,-9.979808196483186400e-01,-2.771588564774122437e-02,-9.227831561717243503e+00,9.532375829499181163e-01,4.629342785836003393e-02,2.986553682573308000e-01,-1.151393792579548681e+01,-2.967692658530576844e-01,-4.348795409304153509e-02,9.539584900266064871e-01,-6.016519793367407942e+00
1.760669048856775692e-02,-9.996835309063594188e-01,1.796781802666595415e-02,-9.290702789134977380e+00,9.525233999877168456e-01,2.223379356691796566e-02,3.036524837696289447e-01,-1.115082282562425675e+01,-3.039558799001619849e-01,1.176845181930407172e-02,9.526134192923693123e-01,-6.139110698246342146e+00
7.538048810875032368e-02,-9.971528207681511491e-01,-2.008493617557574173e-03,-9.337554779288774753e+00,9.454278664087355510e-01,7.082969801326498283e-02,3.180397825700063130e-01,-1.089807285116505398e+01,-3.169920053097785573e-01,-2.587287988367058950e-02,9.480752410311192868e-01,-6.117586289407809907e+00
2.605990329321968696e-02,-9.995306543997146687e-01,1.610442037554232417e-02,-9.299900009707142701e+00,9.395608378704015662e-01,2.999160932927917578e-02,3.410658811873595875e-01,-1.060102202299107432e+01,-3.413888009009949931e-01,6.242938821102695345e-03,9.399014375636741692e-01,-6.246998309533528193e+00
1.050238115761256176e-02,-9.999262927017853464e-01,6.091728300708424554e-03,-9.301080413353737697e+00,9.476035605688974961e-01,1.189761545481751032e-02,3.192270958794666824e-01,-1.039300475776162003e+01,-3.192760435534899299e-01,2.419898791006083738e-03,9.476586685630410400e-01,-6.386742311002117312e+00
-6.698290855825018986e-02,-9.977508543914282990e-01,2.553922915392485039e-03,-9.344817855673479556e+00,9.523440645783916025e-01,-6.317073210017276619e-02,2.984128704802081478e-01,-9.990570078168923729e+00,-2.975803633027339079e-01,2.242077534584590096e-02,9.544334634795179628e-01,-6.369473148044463073e+00
-4.011802390423269138e-02,-9.989557399635994317e-01,2.186261081853330124e-02,-9.421231220063157608e+00,9.513862879641710180e-01,-3.150225943017577468e-02,3.063849518572189790e-01,-9.771575444784415865e+00,-3.053762846584139323e-01,3.309134697435516664e-02,9.516566016813262641e-01,-6.496542734309297629e+00
4.775235839674054489e-02,-9.988298427214865605e-01,-7.658822136934218330e-03,-9.455710907624682804e+00,9.473939954539267738e-01,4.286117378494698482e-02,3.171869120244752982e-01,-9.449294700571195804e+00,-3.164874873441219094e-01,-2.240234520652888833e-02,9.483321176064090086e-01,-6.572773970513887676e+00
8.450119081439731727e-02,-9.964047779379737735e-01,-6.088288210288425421e-03,-9.462041761771965653e+00,9.281089218292876142e-01,7.648290342589589286e-02,3.643682130817987863e-01,-9.245676341282660360e+00,-3.625925784842098376e-01,-3.644014250696246682e-02,9.312350605739930787e-01,-6.692123710148140781e+00
6.181684867448947185e-02,-9.975430849049428117e-01,3.296165921629300166e-02,-9.450927468774279916e+00,9.475319274925503299e-01,6.903098528046448801e-02,3.121185182802542757e-01,-8.901402012231590888e+00,-3.136270453934245639e-01,1.193804127753064423e-02,9.494711999677772907e-01,-6.791494086401604235e+00
3.993313784541552974e-02,-9.986992341688272212e-01,3.170463960405386222e-02,-9.447422945098093550e+00,9.384434813594860758e-01,4.838179526486366400e-02,3.420278266177146920e-01,-8.678250995768257425e+00,-3.431168558898098908e-01,1.609476801798338103e-02,9.391548230439659140e-01,-6.854239062273950189e+00
5.996438181966347314e-02,-9.981859917753715949e-01,5.385047484401582658e-03,-9.486421358647833202e+00,9.469061400378688820e-01,5.858927978034771805e-02,3.161266490718631084e-01,-8.356312325583891365e+00,-3.158686987841168303e-01,-1.385720456094027310e-02,9.487017144551755932e-01,-7.002612887882698978e+00
9.091806022594929593e-02,-9.956835890395077104e-01,-1.865735356799528774e-02,-9.486226400032338191e+00,9.366193996005454103e-01,7.912950352372187524e-02,3.412955053381219739e-01,-8.118477899834974920e+00,-3.383459865532120192e-01,-4.850476460616763574e-02,9.397708663253176997e-01,-7.005741046739577094e+00
8.334910113319449199e-02,-9.963951184768389258e-01,-1.580174723947730051e-02,-9.456977198394987738e+00,9.403437211846092936e-01,7.339178262833132016e-02,3.322157917247742231e-01,-7.826372877153987773e+00,-3.298584747569360265e-01,-4.254896142290082173e-02,9.430710325913231884e-01,-7.202135004064136758e+00
3.871437230118247169e-02,-9.977898501839400636e-01,-5.400566865840692593e-02,-9.441266252544464166e+00,9.554877118079905252e-01,2.114547716256995336e-02,2.942721552908099669e-01,-7.573088590842923296e+00,-2.924797941076571206e-01,-6.299431454888110293e-02,9.541945746928470751e-01,-7.258082605462941927e+00
-3.818211747213048207e-02,-9.991811323582648896e-01,-1.338621098763933398e-02,-9.447332139747059543e+00,9.341394013702911669e-01,-4.044741313428426577e-02,3.546090602033446504e-01,-7.202341979886951684e+00,-3.548601199245980387e-01,1.035137674756479199e-03,9.349188327213748817e-01,-7.375834566571684903e+00
5.631153145901882442e-03,-9.985616747363721402e-01,-5.331858833413226362e-02,-9.482447758312499531e+00,9.359351685753407590e-01,-1.351254643410777258e-02,3.519130166855369835e-01,-6.947075581436545910e+00,-3.521273212037050460e-01,-5.188441805169741877e-02,9.345128981588982642e-01,-7.447138919905950338e+00
8.377779352986394756e-02,-9.964421175620898907e-01,-9.186275613730355422e-03,-9.477274774909076882e+00,9.108403305577700282e-01,7.283511491555955120e-02,4.062818458467594707e-01,-6.584182046390272269e+00,-4.041672593626077781e-01,-4.240462691288639230e-02,9.137016329610566645e-01,-7.549135076453963755e+00
9.365073737423990075e-02,-9.955955183504288097e-01,4.370724174287497939e-03,-9.459116835483708741e+00,9.288469151839192639e-01,8.895080860561233038e-02,3.596264197771423254e-01,-6.381546589345616027e+00,-3.584312312600282380e-01,-2.961954572498023269e-02,9.330861348066801231e-01,-7.648622567848462062e+00
4.744484724281145677e-02,-9.987078373870397208e-01,-1.821104093164567853e-02,-9.459089970446600049e+00,9.270090561308895749e-01,3.723380814258137744e-02,3.731860841222769398e-01,-6.016612490803151303e+00,-3.720258006125718442e-01,-3.458755661952987726e-02,9.275777620262734002e-01,-7.749050799563095282e+00
1.825417787107434450e-02,-9.998218496397015542e-01,4.801455331736269143e-03,-9.459238274541517555e+00,9.334504983290892177e-01,1.876266828798345276e-02,3.582151999118557972e-01,-5.778935609813060204e+00,-3.582414718586164892e-01,-2.057003103199008323e-03,9.336267008707547221e-01,-7.797487177868566377e+00
7.706772936748799985e-02,-9.964265530129022830e-01,3.456428128821416312e-02,-9.472547102998165158e+00,9.299266354559331260e-01,8.434075910594365788e-02,3.579428572035515121e-01,-5.458910181900413328e+00,-3.595789451007241899e-01,4.556402557313069153e-03,9.331035427196653353e-01,-7.897362576428927028e+00
8.054072008002340077e-02,-9.951141752942659346e-01,5.710490817267387803e-02,-9.503288325975661976e+00,9.244661309478472422e-01,9.599681803368563526e-02,3.689810071775050382e-01,-5.255078827291319143e+00,-3.726601201353735293e-01,2.307355750259567143e-02,9.276810043354707380e-01,-7.962175709568153792e+00
-3.860118509840798975e-03,-9.997569646443339453e-01,-2.170509456885848926e-02,-9.491896103775131266e+00,9.581623129881929879e-01,-9.909853316000508464e-03,2.860538004927954958e-01,-4.919125861784220177e+00,-2.861993736090409635e-01,-1.969280204563194844e-02,9.579676988778840219e-01,-8.068148603372385708e+00
-4.570949200276006735e-02,-9.986679552811519311e-01,-2.393652931019773708e-02,-9.421952004287142302e+00,9.514921525942082736e-01,-5.082337364425414811e-02,3.034463185524866602e-01,-4.710472313486538276e+00,-3.042586496592842860e-01,-8.905042727852086060e-03,9.525478330884639133e-01,-8.141234490257021505e+00
1.005245679516163920e-01,-9.948759424922626327e-01,-1.080140214409215649e-02,-9.246513754172918098e+00,9.495108041406566945e-01,9.268658404011691221e-02,2.997305956340439725e-01,-4.481747694457559383e+00,-2.971936137576077774e-01,-4.038633666367610897e-02,9.539627349915645871e-01,-8.250845714581874546e+00
3.495437884004146678e-01,-9.367954982630578575e-01,-1.527528804182388088e-02,-9.139159701647441736e+00,8.931971063904358132e-01,3.282650412967290099e-01,3.073125311441275986e-01,-4.340961815993981787e+00,-2.828746526757763280e-01,-1.210630294372760790e-01,9.514860344624256339e-01,-8.278180956725847750e+00
5.402132791857909844e-01,-8.407897615756104726e-01,3.524471337616582461e-02,-9.001167498212018003e+00,7.995278129711569370e-01,5.258671749427797915e-01,2.902050836964432667e-01,-4.093844483883437135e+00,-2.625355009839555609e-01,-1.285935112956013981e-01,9.563152302330939492e-01,-8.326005208752093267e+00
5.781843647875474224e-01,-8.155366401362433848e-01,2.455257441721941936e-02,-8.864819133010120922e+00,7.710646125444234888e-01,5.559991502561960619e-01,3.103615765459814546e-01,-3.952294621489491178e+00,-2.667624478762738449e-01,-1.605145897097186303e-01,9.503014589557268188e-01,-8.398285551647457936e+00
5.907660492150826892e-01,-8.062204585184088446e-01,3.168670637940070034e-02,-8.710312447532452040e+00,7.491558283001857887e-01,5.626875830239072007e-01,3.494971084781348103e-01,-3.732813757330893267e+00,-2.996014352747137233e-01,-1.827327452239581873e-01,9.364014757593301930e-01,-8.511384512519963863e+00
5.967330251099423055e-01,-8.009775330527855175e-01,4.842198145280936228e-02,-8.615780119254869973e+00,7.436975799949359089e-01,5.747045841146862788e-01,3.415092246297928846e-01,-3.544958639618422946e+00,-3.013695509715875742e-01,-1.677785222912731578e-01,9.386302579849769012e-01,-8.565178683799144821e+00
5.451246443657770113e-01,-8.358988205532772442e-01,6.412709180003740850e-02,-8.520723278500446085e+00,7.590387246372061192e-01,5.245814912967201593e-01,3.855832899517738777e-01,-3.266026809200575975e+00,-3.559485027447259475e-01,-1.615160078337535554e-01,9.204418735624964043e-01,-8.652835411406821109e+00
4.739722216584819070e-01,-8.803529003872768710e-01,1.814122035138904243e-02,-8.445526129532046511e+00,8.074382575310667942e-01,4.427501972873452152e-01,3.898919376919877666e-01,-3.060967790913902142e+00,-3.512745270743680703e-01,-1.701500325645889933e-01,9.206819065491362863e-01,-8.720319680918866112e+00
2.130115805611371149e-01,-9.760572959031879048e-01,-4.402523890915388538e-02,-8.369949368574230775e+00,9.254784227448746847e-01,1.871176612513518189e-01,3.293579661728019969e-01,-2.728516170103266081e+00,-3.132343461060865253e-01,-1.109014696114797721e-01,9.431781954951622415e-01,-8.861356522124891555e+00
1.052619177818449048e-01,-9.938610018577079819e-01,-3.406226139419260557e-02,-8.322108939453604748e+00,9.351346417964349067e-01,8.727370434624144580e-02,3.433751625291780463e-01,-2.519005592451369679e+00,-3.382944433140216423e-01,-6.799712873410841685e-02,9.385804494590633817e-01,-8.918479698985624537e+00
7.114786545224936753e-02,-9.967247238811565158e-01,-3.844224298380779364e-02,-8.302522989724282709e+00,9.477988127534711094e-01,5.554515977833899415e-02,3.139938626284132228e-01,-2.202886080692499249e+00,-3.108301654999102159e-01,-5.877550535075147520e-02,9.486464294910228467e-01,-9.006597577561638701e+00
9.777133436845976411e-02,-9.940846368119063969e-01,-4.729165920494215331e-02,-8.308376978653702949e+00,9.324688965727241374e-01,7.489888635815189488e-02,3.534005004902461278e-01,-2.020315608562337495e+00,-3.477679155705133973e-01,-7.865043977533817121e-02,9.342759684498420647e-01,-9.098651418263438373e+00
6.809359178202646634e-02,-9.974987622653470609e-01,-1.896001153292685426e-02,-8.330046964702722434e+00,9.556425169939846143e-01,5.975445105626739362e-02,2.884038579706719729e-01,-1.682500110562852313e+00,-2.865495462771263102e-01,-3.775744771657726928e-02,9.573211230670235494e-01,-9.184262638014727642e+00
4.790302564750652248e-02,-9.987147505157908389e-01,-1.655739218600674190e-02,-8.337756140792809134e+00,9.682407151030099079e-01,4.235625913371914020e-02,2.464058946718012677e-01,-1.446470492702652821e+00,-2.453878924287598018e-01,-2.783512914257983695e-02,9.690252771909469987e-01,-9.253818223950016630e+00
-9.031107261415259255e-03,-9.999541625147022605e-01,-3.179932571399860918e-03,-8.396086044160314898e+00,9.617087619122948183e-01,-9.556738142121290816e-03,2.739067834450354955e-01,-1.090625299644418122e+00,-2.739246180297714717e-01,-5.844874752837591432e-04,9.617509875282891363e-01,-9.367724564571593859e+00
2.989175421020690698e-02,-9.995465114348820457e-01,3.640674195699500001e-03,-8.427800994962986181e+00,9.599110009085816131e-01,2.972164818574579009e-02,2.787247638151468809e-01,-8.784361133650069320e-01,-2.787065721595456402e-01,-4.836848921084000233e-03,9.603641244484276696e-01,-9.419344003947266231e+00
7.302709111156704958e-02,-9.973182003853513500e-01,4.842638114950608731e-03,-8.450009019388554421e+00,9.411543740502353872e-01,7.051956195966839480e-02,3.305381000537269132e-01,-5.648273605810195663e-01,-3.299931638229722242e-01,-1.958056590463926050e-02,9.437802250889576472e-01,-9.545395184995252080e+00
5.952320353219214127e-02,-9.982157529432228449e-01,-4.722162350583681244e-03,-8.456849640977997851e+00,9.640356699215617553e-01,5.625628123220265814e-02,2.597507611939001149e-01,-3.430326545295057650e-01,-2.590216503695264016e-01,-2.001353037130928353e-02,9.656641461926231962e-01,-9.630144061057190896e+00
-3.390019497262056810e-03,-9.998671633186726471e-01,1.594250560245619869e-02,-8.465086858061210862e+00,9.559219531101229572e-01,1.440593444366412802e-03,2.936173432422841678e-01,2.173919750224828640e-02,-2.936013067578860380e-01,1.623515961129503443e-02,9.557900879703983277e-01,-9.693029504604183444e+00
2.188636518355641103e-02,-9.997399138409107655e-01,-6.410280214299614483e-03,-8.519688038991558798e+00,9.594234979567033417e-01,1.919998118446201996e-02,2.813146144284746075e-01,2.283067845845277166e-01,-2.811183711314112488e-01,-1.230712784893852989e-02,9.595941829838987580e-01,-9.774064764180195652e+00
9.388664415218479775e-02,-9.951243034236287865e-01,-3.021454592549973825e-02,-8.557662044568408177e+00,9.521646561418918298e-01,8.088611334436585087e-02,2.946861114172786289e-01,5.279597064975557474e-01,-2.908053741663594316e-01,-5.643631281086158163e-02,9.551163159282132220e-01,-9.876561456646362203e+00
8.470379551056315959e-02,-9.963902437443644677e-01,5.634642593459849441e-03,-8.595967184247442106e+00,9.445554532888368326e-01,8.209516103060100767e-02,3.179235445790089543e-01,7.133960779988977041e-01,-3.172384949662117037e-01,-2.160709851902738177e-02,9.480996100648738656e-01,-1.000852100992056215e+01
2.879072880891597741e-02,-9.987718258492966905e-01,-4.032286974309951672e-02,-8.612930055512368455e+00,9.707032517927662862e-01,1.830906998082659082e-02,2.395829186636394825e-01,1.062755731837607076e+00,-2.385503948720334166e-01,-4.603930761973581282e-02,9.700381906194704973e-01,-1.009534181169234124e+01
-8.870234544012612146e-03,-9.988803234889312987e-01,-4.646954148458604800e-02,-8.626063093976148011e+00,9.604369334176284800e-01,-2.144653791092869868e-02,2.776705654889956576e-01,1.292233314255842425e+00,-2.783562750621558224e-01,-4.216806087892258775e-02,9.595517905643430323e-01,-1.014295400102713351e+01
7.913647144823336699e-03,-9.997973503728915246e-01,-1.851033160746374043e-02,-8.654121211968806904e+00,9.701619738814676319e-01,3.190581969758334892e-03,2.424367229219011044e-01,1.616749165207339578e+00,-2.423285344801233698e-01,-1.987657852964832758e-02,9.699906200591190686e-01,-1.022492668446125919e+01
8.350730988007454281e-02,-9.964395064215332276e-01,1.161202992633285878e-02,-8.637734340567570612e+00,9.554966771479925791e-01,8.337372435196695186e-02,2.829751261980973376e-01,1.824523674826303621e+00,-2.829357332606488029e-01,-1.253523554222329278e-02,9.590569528000743027e-01,-1.023411257880171554e+01
1.182936853992909570e-01,-9.925004513852505594e-01,3.081327627392243737e-02,-8.577282466841985809e+00,9.496046812399976389e-01,1.221432110991740316e-01,2.886727998088269298e-01,2.130738542917846701e+00,-2.902715166214884790e-01,-4.887737969859519589e-03,9.569318453556673321e-01,-1.038294150052358589e+01
1.103499229070303289e-01,-9.929705004717956918e-01,-4.280747256273975676e-02,-8.553287975146291799e+00,9.685485248267882152e-01,9.777172339699771730e-02,2.288109375878596419e-01,2.359557522631319237e+00,-2.230171508433099747e-01,-6.671038372531001848e-02,9.725292155678194606e-01,-1.045731353524419127e+01
5.695809596186394985e-02,-9.982358624039457951e-01,-1.676121460561499216e-02,-8.548649249156293095e+00,9.508245840841319518e-01,4.911805444642267093e-02,3.058104429685776227e-01,2.698251962204381016e+00,-3.044476730172847034e-01,-3.335535546287268782e-02,9.519448695467138677e-01,-1.054093257816614226e+01
1.208125725068923684e-01,-9.925775126999455411e-01,1.393569541365683936e-02,-8.586587616437164172e+00,9.452410927640838567e-01,1.193160307674547976e-01,3.037811076286056622e-01,2.912336039218028638e+00,-3.031890480779783070e-01,-2.352798513037224898e-02,9.526399293758783804e-01,-1.059726292354876698e+01
1.366783339006707731e-01,-9.891918126403906886e-01,5.309040259181173338e-02,-8.571799182930369909e+00,9.159503408983513673e-01,1.466071656121384070e-01,3.735522881731164757e-01,3.215432648932984083e+00,-3.772982984991240518e-01,-2.428332019883890601e-03,9.260886011355885516e-01,-1.072340898926045583e+01
1.216321761056670253e-01,-9.925624548511106093e-01,-5.038546987235041630e-03,-8.533186169799105159e+00,9.373448086011463287e-01,1.131929514047153029e-01,3.295027549820668256e-01,3.426014750883350501e+00,-3.264817353609283934e-01,-4.480099298265856345e-02,9.441411692662747823e-01,-1.081752268679758799e+01
7.448223019121712196e-02,-9.970214565172830223e-01,-2.001530988777384945e-02,-8.533315426988929531e+00,9.469333043962080421e-01,6.441858032148597979e-02,3.149088178102430469e-01,3.784022822920311224e+00,-3.126814903556398573e-01,-4.240827458792994359e-02,9.489108619019253066e-01,-1.089073544641635038e+01
9.727056111130451266e-02,-9.942711279485439979e-01,-4.430984167233521093e-02,-8.550716015664521663e+00,9.391943183449731336e-01,7.696866412098415933e-02,3.346488564629415685e-01,3.982519707759561545e+00,-3.293212266611679206e-01,-7.416703358882881236e-02,9.413005794107540680e-01,-1.097639546410325551e+01
1.273702414289492324e-01,-9.917772418646380039e-01,-1.243881496397360523e-02,-8.569652199106508661e+00,9.545989652912487688e-01,1.191713940621487583e-01,2.730183039690990410e-01,4.285122374661315625e+00,-2.692909895692972566e-01,-4.664848718512452225e-02,9.619284181165104197e-01,-1.106580423027829774e+01
1.444353234451239421e-01,-9.886170910199516548e-01,4.212700659382847407e-02,-8.543123564189771812e+00,9.303786218988469026e-01,1.501774606741624885e-01,3.344283932608968501e-01,4.489746058090473113e+00,-3.369481521761296672e-01,-9.109206810380694741e-03,9.414791368354276102e-01,-1.117293691007264655e+01
1.134622467771306403e-01,-9.934910966893684137e-01,-1.008758421264307169e-02,-8.494326099548780817e+00,9.474031813583936312e-01,1.051294659503671652e-01,3.022829921464116887e-01,4.870281957112966076e+00,-2.992549590370783275e-01,-4.385471682672396898e-02,9.531648510639536553e-01,-1.131729390315926587e+01
3.041475798153364662e-02,-9.994681437206963670e-01,1.176317067952710287e-02,-8.501017940237863613e+00,9.404651636869463260e-01,3.260111048900882907e-02,3.383229869313804650e-01,5.129280048962702843e+00,-3.385265401533730789e-01,7.728404714918284428e-04,9.409565262696234500e-01,-1.140064075903752006e+01
-4.245235335022064758e-03,-9.941581142730645526e-01,1.078499967639319074e-01,-8.530499084691475886e+00,9.500792723589798205e-01,2.963779943669817354e-02,3.105977737820794227e-01,5.456669491133264493e+00,-3.119797336539424371e-01,1.037846070936338239e-01,9.444031983849057177e-01,-1.154272325393303866e+01
4.671510498208104184e-02,-9.883136045658694746e-01,1.450996829649775777e-01,-8.512479774948493727e+00,9.394346096064449814e-01,9.284115672702664135e-02,3.299138279781196337e-01,5.716574410804231121e+00,-3.395295469323734161e-01,1.208997049111846384e-01,9.327930896572349528e-01,-1.161066824653314988e+01
6.211104313242717806e-02,-9.759941834683066864e-01,2.087524183262092214e-01,-8.483819602376199143e+00,9.656672413135167776e-01,1.116267528517988911e-01,2.345767403254377104e-01,5.995278942420660506e+00,-2.522478887422983096e-01,1.870155658863781878e-01,9.494188647489870680e-01,-1.182589930588482829e+01
1.206974457906792031e-01,-9.816398334430427308e-01,1.477002504314963716e-01,-8.403133242277787573e+00,9.519517215723267700e-01,1.566423330563079808e-01,2.631560360131651732e-01,6.177888224289547203e+00,-2.814605591820860120e-01,1.088412462837377442e-01,9.533800589126640856e-01,-1.187650234612595490e+01
4.329588432676300669e-01,-8.807252676340296960e-01,1.920146947171691154e-01,-8.209570118941631023e+00,8.518881339462932578e-01,4.694155132591230073e-01,2.322405717207456088e-01,6.332807643809323928e+00,-2.946748161581881353e-01,6.302443068084896682e-02,9.535170023966523800e-01,-1.191911277940914360e+01
7.042721132782908677e-01,-6.800827296784696108e-01,2.036866987596810397e-01,-8.069595259425623723e+00,6.579262422165318425e-01,7.330299249737318723e-01,1.726273121375667963e-01,6.385181338262840178e+00,-2.667092991655303225e-01,1.243422237577174357e-02,9.636968090911924856e-01,-1.193830491245762815e+01
9.050654075451349811e-01,-3.324578159547809664e-01,2.651950389350088977e-01,-7.864309924358230397e+00,3.154771925320324355e-01,9.430433265972910650e-01,1.055624230132313074e-01,6.418114137848054845e+00,-2.851854643162427538e-01,-1.187791104928338781e-02,9.583987511322410446e-01,-1.197862252950620032e+01
9.493326862696186419e-01,-2.326674541898753334e-01,2.112659616240094573e-01,-7.692154953015380769e+00,1.970225697466904402e-01,9.643433632327845784e-01,1.767030978769034977e-01,6.451756793637248855e+00,-2.448459878995893901e-01,-1.261258639204768939e-01,9.613234152249660047e-01,-1.202152594495052362e+01
9.707422878712698155e-01,-1.473180953883101163e-01,1.896227552526829896e-01,-7.345218688146100128e+00,1.064641110953971903e-01,9.718810738300669438e-01,2.100299297233255980e-01,6.534459647854773401e+00,-2.152319762189746355e-01,-1.836969164196268767e-01,9.591301472223674462e-01,-1.205989213987763087e+01
9.756109062279950672e-01,-8.899028469492671622e-02,2.006591360464591023e-01,-7.110508413280725470e+00,4.442187958617115073e-02,9.752628988035830782e-01,2.165386220314189647e-01,6.549029024640189434e+00,-2.149652443141155111e-01,-2.023437852941137594e-01,9.554302362233607626e-01,-1.215036237741889025e+01
9.776042360744872095e-01,2.211259567920083324e-02,2.092868622765218234e-01,-6.766617001894694283e+00,-6.356933313986058709e-02,9.790390846344032560e-01,1.934978311051193112e-01,6.558764299201228276e+00,-2.006212787651826257e-01,-2.024685256294434244e-01,9.585184393823975579e-01,-1.217738359372072132e+01
9.711422388371858672e-01,6.145974702621460201e-02,2.304462007536186852e-01,-6.524136205925739951e+00,-1.106294251036884779e-01,9.720741183348368120e-01,2.069614427007577806e-01,6.551753939593141673e+00,-2.112909895086177159e-01,-2.264831295240906650e-01,9.508214920759036071e-01,-1.222898448433338991e+01
9.685587428261921428e-01,3.200655295588528820e-02,2.467175353776735192e-01,-6.134925316535359663e+00,-8.889619905380892473e-02,9.707445461480032067e-01,2.230526662420665440e-01,6.551454700235896489e+00,-2.323605549329255393e-01,-2.379718611344457391e-01,9.430683781250834841e-01,-1.231373419961416182e+01
9.706162658886050565e-01,2.172832242136164826e-02,2.396496284103511731e-01,-5.881111917883675488e+00,-8.516590592075293231e-02,9.624723227587308472e-01,2.576699369195264433e-01,6.551900637984942044e+00,-2.250573990366980803e-01,-2.705086097117231914e-01,9.360418042003635364e-01,-1.230644045592050162e+01
9.739840247545323848e-01,7.242108546179339135e-02,2.147331038836428896e-01,-5.540741803643174812e+00,-1.098938304030382673e-01,9.796315182680889189e-01,1.680637809140001215e-01,6.525778523691415423e+00,-1.981879551393474492e-01,-1.872892810501896321e-01,9.621040794224873238e-01,-1.237631191031453959e+01
9.507298064389657632e-01,1.555232974661387435e-01,2.681889988306584982e-01,-5.267277122799512767e+00,-2.131018535213311249e-01,9.561349496517568269e-01,2.009814869091367806e-01,6.518536498143273406e+00,-2.251675713203500906e-01,-2.482306628917832769e-01,9.421682985677271027e-01,-1.239038030059784390e+01
9.680124346498909516e-01,1.099407838551769850e-01,2.255325927854003876e-01,-4.684525954892977850e+00,-1.673798805226811015e-01,9.525979364404821848e-01,2.540494973141061985e-01,6.520862296951497328e+00,-1.869114816147174896e-01,-2.836726908510002754e-01,9.405285229624611443e-01,-1.244980307837854916e+01
9.741114553195866499e-01,9.804531581596163947e-02,2.037007330907543989e-01,-4.432686524810748985e+00,-1.487608690060126526e-01,9.564855652624753013e-01,2.510090980365077273e-01,6.527007518084296578e+00,-1.702265445450217851e-01,-2.748135358585423460e-01,9.463088523527571905e-01,-1.246445628848728937e+01
9.682779194556325741e-01,1.359439598190260445e-01,2.096595108345912506e-01,-3.891363596493233601e+00,-1.764105423342845480e-01,9.661432822173577906e-01,1.882723526692026694e-01,6.558436283842589809e+00,-1.769666387995220691e-01,-2.192861099454243845e-01,9.594771548802022432e-01,-1.247500979304173363e+01
9.768757817670697952e-01,8.699301967060953100e-02,1.953098090869245240e-01,-3.321447829350731240e+00,-1.395711243712786376e-01,9.514623294705575329e-01,2.742978979872057743e-01,6.580095730687045119e+00,-1.619679234870873008e-01,-2.952145831883179472e-01,9.416022204913461202e-01,-1.252219598153762625e+01
9.698231687157923275e-01,7.549105070806473583e-02,2.318277866974917112e-01,-2.884223560363607497e+00,-1.405179053589952487e-01,9.501161976682888088e-01,2.784491501187890128e-01,6.582143984750572940e+00,-1.992429162996408876e-01,-3.026223920851672800e-01,9.320525457897052002e-01,-1.253761044919207635e+01
9.673499765354428570e-01,1.527158653372428787e-01,2.022668716601424554e-01,-2.565672070254241266e+00,-1.976290194626357244e-01,9.541634392834702494e-01,2.247552041688437308e-01,6.562088093767677321e+00,-1.586719684226561566e-01,-2.573907449949190407e-01,9.531910673248281674e-01,-1.252996886812735866e+01
9.428676005913666502e-01,2.606104144165605208e-01,2.075642060970850911e-01,-2.112840982894525155e+00,-3.035157526161276209e-01,9.288198196483791191e-01,2.125368921910268660e-01,6.458829046235631033e+00,-1.374004209198421700e-01,-2.633931558070259360e-01,9.548534808048148026e-01,-1.255639102234896498e+01
9.119794003834494900e-01,3.715841013263933568e-01,1.738356376515078072e-01,-1.840005550571287563e+00,-4.023905932225259052e-01,8.927317483763236305e-01,2.027605383869806599e-01,6.367324238755179167e+00,-7.984600028976164554e-02,-2.548632595773909770e-01,9.636749115522930120e-01,-1.250875518419259080e+01
7.524208896761892529e-01,6.536075302397648112e-01,8.160883036027770376e-02,-1.615880158288182766e+00,-6.562732163173004007e-01,7.333048932981409695e-01,1.776777954882093891e-01,6.212936932044852867e+00,5.628739044796527563e-02,-1.872461745373756592e-01,9.806990362989462806e-01,-1.245751507319650564e+01
5.683005387080244386e-01,8.197577693517408282e-01,7.093445771720019444e-02,-1.429325658436868540e+00,-8.176540474510547440e-01,5.529832888448007466e-01,1.601603600935568306e-01,5.965137191576445730e+00,9.206712980798630042e-02,-1.490190653770546436e-01,9.845389589869328884e-01,-1.244576167188746219e+01
2.459278364418260032e-01,9.672016610210877330e-01,6.356450409700026283e-02,-1.267443523473138711e+00,-9.670192383307933959e-01,2.403396325785598642e-01,8.432469217338983691e-02,5.561574801899008769e+00,6.628191277548385607e-02,-8.220588744158105476e-02,9.944088194041575957e-01,-1.235258974260879938e+01
3.190596080113128341e-02,9.978425600224749559e-01,5.737800164833379429e-02,-1.102315783390349857e+00,-9.900341528682400360e-01,2.367365655677684116e-02,1.388233919038862618e-01,5.248508824254048299e+00,1.371655416634410818e-01,-6.123547495554646641e-02,9.886535443658454048e-01,-1.228726611567271476e+01
-4.320561210680837205e-02,9.913010071111608701e-01,1.243205066868705300e-01,-1.035781922669703592e+00,-9.809218877489999100e-01,-6.569904383653089874e-02,1.829641652726174961e-01,4.854884861432362086e+00,1.895402997185997029e-01,-1.140436273509827375e-01,9.752274226267525492e-01,-1.215778160769773208e+01
6.233227253526391759e-02,9.880393412811973031e-01,1.410423620094800878e-01,-9.608297348627692358e-01,-9.828917750933028330e-01,3.622895630070318423e-02,1.805857723612236398e-01,4.541772541591531542e+00,1.733160299987508979e-01,-1.498856991376612546e-01,9.733939751916957928e-01,-1.203521622743611275e+01
8.669997732187058326e-02,9.876449373519177177e-01,1.305396171877322986e-01,-8.746268357676560967e-01,-9.727438147749348785e-01,5.563871868026180195e-02,2.251084267652533333e-01,4.107545823263460072e+00,2.150641410126206687e-01,-1.464985006979640514e-01,9.655493796506511295e-01,-1.192300210686339312e+01
4.477985692433223558e-02,9.904398904676058324e-01,1.304744717726787628e-01,-8.175884493093110716e-01,-9.809423819685599844e-01,1.887578654498148906e-02,1.933798023066458649e-01,3.778069412045532705e+00,1.890682619364919548e-01,-1.366474590061286520e-01,9.724097203727898320e-01,-1.183208986703160015e+01
1.240013844311870228e-01,9.769191802863078644e-01,1.739326646949426736e-01,-8.278131204112990638e-01,-9.640693414604398770e-01,7.710969180473503659e-02,2.542132968312514341e-01,3.320952793872117059e+00,2.349339513888632214e-01,-1.992059502588045539e-01,9.513795393355412022e-01,-1.169999008595639367e+01
1.082741739403487585e-01,9.838352851158367329e-01,1.426353217775363225e-01,-8.304100512131901146e-01,-9.693083912798835522e-01,7.262327454847940233e-02,2.348767817138633640e-01,2.974487608992709031e+00,2.207214213707888173e-01,-1.636887038097086799e-01,9.615030225605953884e-01,-1.166065626427626967e+01
4.807501546548515609e-02,9.969116842652039345e-01,6.209578619772586350e-02,-8.071180033916337537e-01,-9.761494369943201077e-01,3.371510125294711196e-02,2.144657748993460400e-01,2.640351149376094497e+00,2.117098711531121558e-01,-7.092521218173343522e-02,9.747556333426924402e-01,-1.147740487937758225e+01
-2.111781730505127297e-02,9.956468172540632322e-01,9.078244920760036862e-02,-8.211529567833860677e-01,-9.815179976118362237e-01,-3.792112010095990277e-02,1.875750756746260295e-01,2.274210815483655335e+00,1.902010992510928811e-01,-8.514343158546447410e-02,9.780460816860993001e-01,-1.143752908747327623e+01
2.576835191537538497e-02,9.883661170571070853e-01,1.498946653254485395e-01,-8.524162319724895021e-01,-9.768560869563869264e-01,-6.954092502534465689e-03,2.137845316521373440e-01,1.921045361930941553e+00,2.123397688042054920e-01,-1.519343912711310363e-01,9.653122620858248792e-01,-1.125026918699009393e+01
6.688954193263628445e-02,9.890049693002661568e-01,1.318899536713384335e-01,-8.136368830554391307e-01,-9.797271608924098540e-01,4.008623669960631464e-02,1.962849557071630058e-01,1.537118513198566294e+00,1.888398246920981738e-01,-1.423455806361720311e-01,9.716363806916729073e-01,-1.121065194037931079e+01
-1.895925026121023788e-02,9.916517788954293255e-01,1.275433112439430250e-01,-7.945555392904843917e-01,-9.834366451620971672e-01,-4.149517250458301804e-02,1.764384187503847123e-01,1.211758106073322683e+00,1.802579035211895886e-01,-1.220856259858279363e-01,9.760134159660914799e-01,-1.106249156810371304e+01
-5.145982083985142091e-02,9.918715751945116343e-01,1.163729571691582143e-01,-8.371990960458675080e-01,-9.854011131821064362e-01,-6.936569762390058791e-02,1.554768347137828188e-01,9.889304785491641603e-01,1.622853443124122608e-01,-1.066732314796638159e-01,9.809609007025166250e-01,-1.103786430929557838e+01
-3.275416312478616337e-02,9.925794348185652538e-01,1.171035028223252478e-01,-8.978696885306917119e-01,-9.729954132013689527e-01,-5.845269809643503095e-02,2.233007119879965030e-01,6.431859238559554104e-01,2.284887101961378675e-01,-1.066271431696004801e-01,9.676898065250040259e-01,-1.090915307869757811e+01
-6.470490715812072559e-03,9.963435351856289035e-01,8.519209261255364374e-02,-9.070316919753006468e-01,-9.862579614175623899e-01,-2.042311040043682385e-02,1.639455095513366045e-01,4.044922656070614186e-01,1.650859360768592021e-01,-8.296057169150258814e-02,9.827838914299781292e-01,-1.079831031576401656e+01
-5.515045975909486226e-02,9.960076189628296328e-01,7.019437125839346481e-02,-8.969128105193773237e-01,-9.772182729355055608e-01,-6.827258505251837528e-02,2.009559682398013580e-01,-4.288260610765043390e-02,2.049460266248420148e-01,-5.751240821116209573e-02,9.770821096880480949e-01,-1.071002411225410711e+01
-6.449974644507390498e-02,9.957436528814757049e-01,6.583585994564246369e-02,-8.912237143803840578e-01,-9.803977361162001802e-01,-7.553730740182192094e-02,1.819736085500147094e-01,-3.618584611686674890e-01,1.861721292963934848e-01,-5.280807643480026070e-02,9.810969602116336175e-01,-1.062637315250012016e+01
-1.224488633690044674e-02,9.912269411936053265e-01,1.316024840592737444e-01,-8.488557595934578259e-01,-9.791487032721216677e-01,-3.857591518549193660e-02,1.994485288191572281e-01,-6.770139454548869118e-01,2.027754414102491687e-01,-1.264161770485755509e-01,9.710309318148966362e-01,-1.057916736739099761e+01
9.915171523992655223e-02,9.815105943124040611e-01,1.637250457856037900e-01,-7.475417361678893258e-01,-9.791659224863704658e-01,6.693541140496274411e-02,1.917126676603958801e-01,-9.867176107282367159e-01,1.772090110756164849e-01,-1.793226253225344291e-01,9.676984873611411686e-01,-1.043098096952494558e+01
2.820756573777133402e-01,9.499597130352858132e-01,1.342008462151209613e-01,-5.004991677993423371e-01,-9.447223311357948461e-01,2.506635108498000974e-01,2.113469218649842440e-01,-1.321985105426353169e+00,1.671318059744556495e-01,-1.863983581965673875e-01,9.681542291873468375e-01,-1.038462277695408709e+01
4.847103198979900718e-01,8.598879716323231115e-01,1.601517468729065641e-01,-2.784555765665170934e-01,-8.641933297051034302e-01,4.425452560762295207e-01,2.394234433334232748e-01,-1.616279487503420986e+00,1.350029432182782707e-01,-2.544530851974083352e-01,9.576157020203498460e-01,-1.035556507372685076e+01
8.235296553248473428e-01,5.442563584899687834e-01,1.599497516215108439e-01,2.328433959523791286e-01,-5.672210107882685870e-01,7.938679754673610978e-01,2.191665176245910784e-01,-1.875679124900233363e+00,-7.696214710988403401e-03,-2.712169865082130760e-01,9.624874620006905745e-01,-1.031009966982750470e+01
8.656368668229976748e-01,4.668883236093642752e-01,1.807985289600207712e-01,4.447315623535221252e-01,-4.973753162199601174e-01,8.432840593424807407e-01,2.036904270552842011e-01,-1.947404345950974225e+00,-5.736383540143807913e-02,-2.662466685915692022e-01,9.621964985656165092e-01,-1.031562004735000215e+01
9.559874086211195277e-01,2.079696065757477841e-01,2.069703295127382214e-01,9.207639299786367637e-01,-2.606049289543245218e-01,9.259555580584073464e-01,2.732972292312107476e-01,-1.863274268694682823e+00,-1.348078097240431039e-01,-3.152061979743980835e-01,9.393997589929089509e-01,-1.037235988039160794e+01
9.826754662150931630e-01,1.100309275413834630e-02,1.850077297001374299e-01,1.250522989319750033e+00,-5.823583442624596235e-02,9.660073490948204444e-01,2.518697859678259987e-01,-1.975012786292376976e+00,-1.759474799127120070e-01,-2.582803388658226340e-01,9.499124964267636750e-01,-1.038522075244284792e+01
9.887756862061339858e-01,-4.338696015510355025e-02,1.429692766159725570e-01,1.673901028053180529e+00,8.804522842617630574e-03,9.721651036914962241e-01,2.341313553158103633e-01,-1.987117234810913624e+00,-1.491479894102128723e-01,-2.302446152530053525e-01,9.616352189899720626e-01,-1.043447395586394499e+01
9.819541467167808291e-01,-7.711352560547687571e-03,1.889618712529387012e-01,1.964412964828024633e+00,-3.791940173112749723e-02,9.708497559260879095e-01,2.366703834251576155e-01,-1.980475289097906932e+00,-1.852786353524839003e-01,-2.395647855172903795e-01,9.530375337949607006e-01,-1.047365125575566758e+01
9.854275432559296277e-01,-8.261207431217011676e-02,1.486869266964310488e-01,2.334944911443604276e+00,4.008250438631884988e-02,9.623010681737212968e-01,2.690168155224466617e-01,-2.009128751939255331e+00,-1.653056255386073647e-01,-2.591368352233208161e-01,9.515892763139652821e-01,-1.050874206953362489e+01
9.759335878593956570e-01,-1.101344736749209491e-01,1.882127248520717444e-01,2.579046498985068769e+00,6.395095547237916733e-02,9.696901296956347283e-01,2.358205412279326119e-01,-1.999830553406396039e+00,-2.084799927620478166e-01,-2.181088033051714614e-01,9.533963722076601588e-01,-1.054201434946789639e+01
9.824759450124246341e-01,-6.753705679689044061e-02,1.737232380286617972e-01,2.800426927871771277e+00,3.297687514573130474e-02,9.803250611287736005e-01,1.946157758982845765e-01,-1.956253973712449579e+00,-1.834490206503499310e-01,-1.854764688096107728e-01,9.653729519415538141e-01,-1.057248092656893235e+01
9.781843913651099287e-01,-6.827907803963059741e-02,1.961970030141494958e-01,2.884014902803659908e+00,2.820452860872282863e-02,9.793478553178394108e-01,2.002056014458889199e-01,-1.947104469668958338e+00,-2.058149680067901943e-01,-1.903043504137750253e-01,9.599085649987501023e-01,-1.057149235860336134e+01
9.790592704591105644e-01,-1.143630494534688957e-01,1.684162636083118281e-01,2.907614075612932059e+00,7.074236676595670181e-02,9.668628213770307234e-01,2.452994133364385931e-01,-1.943669529183304379e+00,-1.908886127364124163e-01,-2.282484995756906554e-01,9.547063213203411669e-01,-1.055613490381196229e+01
9.820145444853969341e-01,-1.130594329469570003e-01,1.512117688569820928e-01,2.912835128923227046e+00,7.450531491751045954e-02,9.679439056806086183e-01,2.398615298559021725e-01,-1.953794040839247570e+00,-1.734831186835988359e-01,-2.242814305230915461e-01,9.589585222804647424e-01,-1.055895980456544692e+01
9.806707666035725524e-01,-9.972828520884065295e-02,1.683422604650182397e-01,2.937186905528476721e+00,5.722090019358754692e-02,9.689203601551525935e-01,2.406638823293745788e-01,-1.969381179032235973e+00,-1.871112399355089329e-01,-2.263793382933086129e-01,9.558984146255734560e-01,-1.055765291586497590e+01
9.791958577674293451e-01,-9.924257876688725999e-02,1.769926063167980290e-01,2.949067500797014407e+00,5.067428874298447045e-02,9.641995046763099930e-01,2.602910517907853216e-01,-1.975258689195181550e+00,-1.964881385516889234e-01,-2.459069452895941699e-01,9.491692081324791808e-01,-1.055205392392845276e+01
9.713589184474415994e-01,-1.203791253723883875e-01,2.048675614322625071e-01,2.963047164089718688e+00,6.307587245024373623e-02,9.618729675946496860e-01,2.661237090627305846e-01,-1.968181819371801256e+00,-2.290923086165570777e-01,-2.455794380343023220e-01,9.419169038442283259e-01,-1.056545581781984566e+01
9.682968738830209920e-01,-1.503731376690805588e-01,1.994720118110085982e-01,2.992194876444781215e+00,9.159213266208572624e-02,9.566267958755764189e-01,2.765430430280996776e-01,-1.970529552728066625e+00,-2.324049166063112959e-01,-2.495056970900402238e-01,9.400717322932496955e-01,-1.058962821068416282e+01
9.562476569655941061e-01,-1.807047478043742605e-01,2.300787097251183189e-01,3.095214395322044343e+00,1.071259485230759978e-01,9.480939653008759738e-01,2.994025118683791287e-01,-1.966941996332398634e+00,-2.722396916337682660e-01,-2.616555504494828543e-01,9.259708004133465620e-01,-1.062379038114425889e+01
9.625057252982759382e-01,-1.758421094801187745e-01,2.065484962463491614e-01,3.272520950237133519e+00,1.143823454134155204e-01,9.535262822075032396e-01,2.787549249740088886e-01,-1.956648301927984557e+00,-2.459662737567338275e-01,-2.446777098003040385e-01,9.378877387518778086e-01,-1.067915104999334375e+01
9.890644757529657438e-01,-4.432053479817572861e-02,1.406668155561960620e-01,3.602125284107942971e+00,9.921106482878274541e-03,9.716119009528402239e-01,2.363723451949613918e-01,-1.883349621119378980e+00,-1.471497008140781049e-01,-2.323919192270138268e-01,9.614265241963722008e-01,-1.064164178727122412e+01
9.845332774998520886e-01,1.786612946051255660e-02,1.742843277908423805e-01,3.889007238733196647e+00,-6.876736726118358456e-02,9.543597916202694043e-01,2.906345425762117407e-01,-1.944051800111528117e+00,-1.611374403897836982e-01,-2.981244531342900350e-01,9.408275802441244950e-01,-1.077598568447667304e+01
9.837549829455920491e-01,-3.422046589838136782e-02,1.762245534635344391e-01,4.393839322719340856e+00,-1.473336808055316326e-02,9.629599891171209958e-01,2.692415035327203054e-01,-1.942015390025551680e+00,-1.789107637754850932e-01,-2.674640519270868877e-01,9.468125049512297053e-01,-1.072444730764703280e+01
9.834219987097907456e-01,3.405635839666372455e-02,1.781048480710303861e-01,4.754429705756335167e+00,-7.634817908802320197e-02,9.686663750373704085e-01,2.363396061220084943e-01,-1.917391273918769734e+00,-1.644753112281291951e-01,-2.460195486637632434e-01,9.552079635721707485e-01,-1.081661441788140188e+01
9.718096590345360886e-01,9.125938651531600998e-02,2.173883874084203138e-01,5.098971381505512213e+00,-1.429127842890273170e-01,9.613588799071277613e-01,2.352977690299530578e-01,-1.968361382676000915e+00,-1.875151265736796080e-01,-2.597322244092254984e-01,9.472999783117794781e-01,-1.085009683174626360e+01
9.895416870955759947e-01,3.283425432162645485e-02,1.404605326886900485e-01,5.486223210806933537e+00,-7.313502589577192126e-02,9.535137905317508933e-01,2.923400746613428192e-01,-1.989780881069497687e+00,-1.243322865842680924e-01,-2.995552753815536873e-01,9.459429789917647158e-01,-1.085848957622524047e+01
9.847963297071521405e-01,-7.609486338997795141e-02,1.561594081731532135e-01,5.985164584776273777e+00,2.544379372654642646e-02,9.524415089818558666e-01,3.036573485512392145e-01,-1.970482498482063027e+00,-1.718394668175212414e-01,-2.950673545718490720e-01,9.398970443138153774e-01,-1.095728531792512150e+01
9.853462985136017815e-01,-5.675332840276683943e-02,1.608469201469481524e-01,6.363411300712993324e+00,7.979495056577377843e-03,9.573256904995219863e-01,2.889011075926460892e-01,-1.902419434607832027e+00,-1.703789883295273033e-01,-2.833841597987159511e-01,9.437501885091139631e-01,-1.092933134174921861e+01
9.847303584524218500e-01,-1.208455661092019406e-01,1.253094980195768315e-01,6.878240915238478692e+00,7.341554490479294814e-02,9.409465316357303877e-01,3.304992925393699377e-01,-1.891542742051856685e+00,-1.578489116481464061e-01,-3.162530217317127690e-01,9.354505584674489560e-01,-1.106736853252622943e+01
9.769999901784169882e-01,-1.181033265832271140e-01,1.775461163792547703e-01,7.177918467214891685e+00,5.544943790606790546e-02,9.446800194838078646e-01,3.232723629139611643e-01,-1.897952302025777138e+00,-2.059038101329880299e-01,-3.059922630362592599e-01,9.295011328313014243e-01,-1.104917034947888688e+01
9.874722297291675943e-01,-7.478444775474099582e-02,1.389456076590107891e-01,7.532845845999564638e+00,3.708809659483462695e-02,9.658888531845941650e-01,2.562873316898906517e-01,-1.883031278035496969e+00,-1.533723202037633182e-01,-2.479233947568703633e-01,9.565620323468566610e-01,-1.114493479345046900e+01
9.815295798132517291e-01,2.349995514791052009e-02,1.898616234515938528e-01,8.026294347690090092e+00,-6.778940911669274760e-02,9.707563260425311480e-01,2.302970939026779684e-01,-1.928564391611805817e+00,-1.788974006609326539e-01,-2.389140170782288186e-01,9.544190968753250015e-01,-1.109868390877882582e+01
9.775736119543846359e-01,-3.775690125685594867e-02,2.071816826313212512e-01,8.504656714252197602e+00,-2.243010339604600487e-02,9.595331767873824802e-01,2.807008605365484133e-01,-1.946013987949025470e+00,-2.093960927813798834e-01,-2.790528606766055630e-01,9.371674222229986473e-01,-1.118829669964184781e+01
9.884270344986896273e-01,-3.935860890805217144e-02,1.465022094610058667e-01,8.873977946709423748e+00,3.098172058934192327e-03,9.707913142682297325e-01,2.399054511078451968e-01,-1.965764048711906131e+00,-1.516654172909130127e-01,-2.366751445466742931e-01,9.596783196216269740e-01,-1.120432870900935463e+01
9.767752583134442501e-01,5.342430427398011522e-02,2.074992492987690340e-01,9.326540633231571675e+00,-9.227506793776234228e-02,9.788962642277428960e-01,1.823387389395144942e-01,-1.960926781332664737e+00,-1.933789196985875869e-01,-1.972509761542713402e-01,9.610913826595262055e-01,-1.125730948150823885e+01
9.871921295554316744e-01,-7.462605462174042069e-04,1.595341419227124524e-01,9.688939846546912094e+00,-4.402708385711317368e-02,9.598814274603307828e-01,2.769282598503781667e-01,-1.971353059072707303e+00,-1.533405205118912873e-01,-2.804052216202792547e-01,9.475545348196217077e-01,-1.128269559739198513e+01
9.897748936652639440e-01,-4.373781407745453570e-02,1.357669454972327827e-01,1.020124915182479519e+01,8.695723633209424819e-03,9.685592728517485872e-01,2.486308898013058211e-01,-1.995893341359487483e+00,-1.423729056401445148e-01,-2.449080206784191860e-01,9.590359832388808403e-01,-1.131753086584021162e+01
9.845140308510088589e-01,-2.445756177506825096e-03,1.752887370432733849e-01,1.043904549477197641e+01,-3.441974963869925963e-02,9.777433973937272871e-01,2.069616623623403151e-01,-2.068205056190877134e+00,-1.718935830457755942e-01,-2.097900548874872817e-01,9.625179109907490149e-01,-1.137513417908921909e+01
9.864942938975141962e-01,1.230382257602250645e-02,1.633328627608960082e-01,1.094267467221744106e+01,-4.593368764398726711e-02,9.779424804034796415e-01,2.037611380065317002e-01,-2.022000575487834073e+00,-1.572231040498709431e-01,-2.085116806615654739e-01,9.652998366210461256e-01,-1.138674825202140717e+01
9.814360082750352987e-01,-4.018436925384720471e-02,1.875328721287079503e-01,1.133421282337143587e+01,1.775910559949384505e-03,9.796659211482096064e-01,2.006278372572347368e-01,-2.086997704176428048e+00,-1.917816670144854851e-01,-1.965703421386436611e-01,9.615507749404850202e-01,-1.142463761973229985e+01
9.866966711132864054e-01,-1.674580341002034414e-02,1.617073198161382008e-01,1.180224065995849969e+01,-2.372470872749831566e-02,9.692001819505886573e-01,2.451288344988073464e-01,-2.041304471644385998e+00,-1.608316430611875514e-01,-2.457042640555959778e-01,9.559093038647246132e-01,-1.149258776724178155e+01
9.788611018038422262e-01,-1.047369416130224280e-02,2.042577908085519145e-01,1.202277210724611578e+01,-3.643818128156675606e-02,9.737800394076366883e-01,2.245544339267330491e-01,-1.991113328714182673e+00,-2.012540740463813205e-01,-2.272503830181151485e-01,9.528137599226089716e-01,-1.150353763392509165e+01
9.873340455626735679e-01,-8.118338158574209262e-02,1.363111918631591812e-01,1.251777212417108132e+01,3.978226559239730897e-02,9.583992183275157339e-01,2.826452010092252443e-01,-1.974241123791528718e+00,-1.535866329378545170e-01,-2.736424617333976794e-01,9.494898363433408317e-01,-1.156115174420030378e+01
9.797622857829839660e-01,-9.961408059890435041e-02,1.736171025669535906e-01,1.275915371605741733e+01,4.823952713990686814e-02,9.593148656084823367e-01,2.781868736010025822e-01,-1.977551793338798714e+00,-1.942647970647986277e-01,-2.641818002229104900e-01,9.447058616587281632e-01,-1.161293859798299977e+01
9.832733303770848643e-01,-2.419680536247229008e-02,1.805216673405529992e-01,1.321953199847853710e+01,-1.995971427481802590e-02,9.708516442308545713e-01,2.388486857831049470e-01,-1.987804106857397501e+00,-1.810391327178472176e-01,-2.384567036266754536e-01,9.541295682035405568e-01,-1.168993735949038282e+01
9.769671552092388245e-01,3.729881247297096164e-02,2.101046792208104974e-01,1.343046531100127616e+01,-8.888091156796062986e-02,9.662585981342186603e-01,2.417529836228407558e-01,-1.992231539034840182e+00,-1.939983536044102563e-01,-2.548590200871928002e-01,9.473180662686526698e-01,-1.167002605998297327e+01
9.914488481121254138e-01,-2.751131109475388886e-02,1.275629622539160013e-01,1.393953916231362733e+01,-1.691725168749864949e-02,9.421788780587079248e-01,3.346830864196440602e-01,-1.960268435982700064e+00,-1.293946991668830648e-01,-3.339791752518199708e-01,9.336567475928353455e-01,-1.173742315335785413e+01
9.831892515664775178e-01,-6.837978487202676925e-02,1.693018033720005977e-01,1.430103487359806280e+01,1.483601571950608419e-02,9.540787962852502746e-01,2.991881399996682567e-01,-1.971251696875572224e+00,-1.819856814195194572e-01,-2.916467992276732257e-01,9.390545012183967311e-01,-1.184049987693289374e+01
9.889680248383359018e-01,2.673106883480232468e-02,1.456972745329036534e-01,1.478956597634375569e+01,-6.021636648589898805e-02,9.711947085838810168e-01,2.305533066904677242e-01,-1.919552220646988605e+00,-1.353374857702147327e-01,-2.367832088168896343e-01,9.620901605191581885e-01,-1.182565093788845800e+01
9.860201215301884758e-01,1.799320110605806891e-02,1.656519382668245888e-01,1.504054934148334155e+01,-5.842219983472586586e-02,9.683745297313895994e-01,2.425646650565251305e-01,-2.014198654513879472e+00,-1.560486030186435669e-01,-2.488513911583991878e-01,9.558879738831661532e-01,-1.186787246782649419e+01
9.816367107206931397e-01,-5.535039302582715065e-02,1.825532858026699401e-01,1.569159018098936897e+01,5.374614319289920672e-03,9.646240539247512569e-01,2.635745589215697793e-01,-2.000014061083169814e+00,-1.906842460361729830e-01,-2.577533095455195045e-01,9.472078703916860798e-01,-1.192970453171492373e+01
9.823510884999114845e-01,-5.643925192426225979e-02,1.783282079909830620e-01,1.593499896053106291e+01,1.564963284918023667e-02,9.748477410502289775e-01,2.223217730249426871e-01,-1.981458112067495225e+00,-1.863905252815485081e-01,-2.156072647465723524e-01,9.585259931132672495e-01,-1.194030790670452546e+01
9.710226377045192425e-01,7.152627744822127875e-02,2.280329552932311155e-01,1.641642213151204999e+01,-1.270656663360658911e-01,9.626373297234886994e-01,2.391311101914705417e-01,-2.079738899110289196e+00,-2.024088770383750679e-01,-2.611768807862492325e-01,9.438311731654314141e-01,-1.206355690893516019e+01
9.828592149991618454e-01,2.822643061643262050e-02,1.821840610643362945e-01,1.667929066040037966e+01,-7.610523405280991693e-02,9.621981221901406700e-01,2.615009885326184391e-01,-2.090440475472427728e+00,-1.679159219401336056e-01,-2.708838169186675859e-01,9.478534701580060284e-01,-1.204349818323792398e+01
9.873716311957785319e-01,-7.396137147501958241e-03,1.582484093603773734e-01,1.719160350732232700e+01,-4.165619922652404050e-02,9.516375150954241580e-01,3.043859407545113638e-01,-2.077016981649005167e+00,-1.528464032151046204e-01,-3.071340701034404597e-01,9.393117906243410031e-01,-1.207472355659809615e+01
9.779218378169589609e-01,-3.896269645433765518e-04,2.089706374387005072e-01,1.754809335182889640e+01,-5.761729144074125009e-02,9.607338591672121009e-01,2.714234690971113473e-01,-2.007620685696009932e+00,-2.008709208614849473e-01,-2.774712598459653790e-01,9.395001719594079370e-01,-1.208707657194039520e+01
9.868180707347070646e-01,3.885982635343011166e-02,1.570987242698640429e-01,1.819926529118710690e+01,-8.788768814710398725e-02,9.438028090768991740e-01,3.186094974270449187e-01,-2.105331389831213151e+00,-1.358891075237261825e-01,-3.282166532556492489e-01,9.347769675072613582e-01,-1.215629727364554746e+01
9.855491455545360990e-01,7.202755555367673646e-03,1.692365268171752979e-01,1.858910849730404280e+01,-5.170179525562738909e-02,9.642104302302914043e-01,2.600484004997226650e-01,-2.097559559647507399e+00,-1.613065592717048413e-01,-2.650403111746011398e-01,9.506491610412329818e-01,-1.222024010556276430e+01
9.685020326734355978e-01,1.008632533920549440e-01,2.276629456512429539e-01,1.921372143871797888e+01,-1.574238319057104929e-01,9.564073423790949713e-01,2.459730322443537676e-01,-2.101705611107916649e+00,-1.929288725296269269e-01,-2.740649549988658507e-01,9.421607350054035379e-01,-1.229643653234450795e+01
9.904114832240328292e-01,4.863704205815491330e-03,1.380631677145535696e-01,1.959240726080656714e+01,-4.836908082229858519e-02,9.483313601283041017e-01,3.135730591387109745e-01,-2.066068161706045458e+00,-1.294045050158012800e-01,-3.172443471184362984e-01,9.394735218743625049e-01,-1.231227551766328254e+01
9.913081518992381547e-01,5.542140832836961808e-03,1.314436482037592557e-01,2.033507885106965318e+01,-3.572335986433865934e-02,9.729133512981388288e-01,2.283931969779966209e-01,-2.068214003774222487e+00,-1.266174930178589897e-01,-2.311036467492814939e-01,9.646549201248399985e-01,-1.235640804895298395e+01
9.805742561545623959e-01,1.185580832609288704e-01,1.562629484568530958e-01,2.065925351785335806e+01,-1.509232772368788167e-01,9.648812694448174465e-01,2.150030238453417841e-01,-2.065041958294350888e+00,-1.252848456718307357e-01,-2.344101464699339665e-01,9.640309075319812848e-01,-1.240285638277960345e+01
9.834422973403090795e-01,1.187788046993889929e-01,1.368679778334108421e-01,2.130463753301956231e+01,-1.501077835745989186e-01,9.570583031211553626e-01,2.480061647160789751e-01,-2.178166179445175210e+00,-1.015327588138122406e-01,-2.644447011778509604e-01,9.590412394191498713e-01,-1.243583358402282357e+01
9.463711695793920464e-01,2.931042673519684283e-01,1.359098887094194741e-01,2.166923222263515925e+01,-3.168618253400136697e-01,9.241785171741566662e-01,2.132900654882322056e-01,-2.298049549560957416e+00,-6.308877103839398426e-02,-2.449162241539888096e-01,9.674894573663446184e-01,-1.243336270804290855e+01
7.676652557354655126e-01,6.352386081504992621e-01,8.462839861196799762e-02,2.209391535748785174e+01,-6.364423065542357261e-01,7.402439423965053722e-01,2.167489242723162901e-01,-2.595823805096581172e+00,7.504162554563842402e-02,-2.202517115944874759e-01,9.725522803300461483e-01,-1.237314634138525449e+01
5.964592766257578171e-01,7.957973956017311279e-01,1.046080134625781144e-01,2.223285638781435125e+01,-7.940954373590441984e-01,5.661040375384611689e-01,2.212208286943242730e-01,-2.837219405087227031e+00,1.168279405477573307e-01,-2.150179616593944909e-01,9.695970856346539657e-01,-1.227272410683067072e+01
3.473451134086980585e-01,9.368998900475334901e-01,3.962282448318837913e-02,2.233961690794578558e+01,-9.133684680339853035e-01,3.284464365048170853e-01,2.405846627458629317e-01,-3.231126015278836139e+00,2.123897685679634328e-01,-1.197561454632447564e-01,9.698190820103710363e-01,-1.217800794264542219e+01
1.465862141594921064e-01,9.891900749076256716e-01,3.934148273840525067e-03,2.238662525521392865e+01,-9.634277636235049069e-01,1.418644004052094232e-01,2.273355145530171484e-01,-3.493822269755488374e+00,2.243199190838897350e-01,-3.711452009555668563e-02,9.738085470462247706e-01,-1.201741163206452789e+01
7.980789990797611255e-02,9.944166142986595736e-01,6.903836845607297379e-02,2.245344938604058171e+01,-9.720042226652114703e-01,6.228008548989254906e-02,2.265590035120486068e-01,-3.950790446917771259e+00,2.209943217218033051e-01,-8.518678394076016624e-02,9.715475910157752581e-01,-1.194355196683600262e+01
8.397905720522484685e-02,9.916483287996310514e-01,9.788314430905611929e-02,2.254600146857888632e+01,-9.768738134127478157e-01,6.254570957954805333e-02,2.044641457117348515e-01,-4.404737803698834497e+00,1.966343576777996871e-01,-1.127901866391612246e-01,9.739678142415939543e-01,-1.178956562895424831e+01
9.116815225199603745e-02,9.938091403070725693e-01,6.349614678924669908e-02,2.261567329033501750e+01,-9.816864044771103082e-01,7.897973844907035801e-02,1.733609072983956501e-01,-4.875178986919835644e+00,1.672727451791350683e-01,-7.813829763081084345e-02,9.828093585042831926e-01,-1.167196188453863392e+01
9.927517794910195592e-02,9.914644049491656563e-01,8.451492626736582803e-02,2.262188166644317278e+01,-9.799790868314948167e-01,8.268613807402527827e-02,1.811187233372517635e-01,-5.237214848589343497e+00,1.725845543960622674e-01,-1.008034537563441829e-01,9.798230632592350720e-01,-1.155333772913842161e+01
5.811686805752559748e-02,9.982804309844407475e-01,7.655766500520660989e-03,2.264374015129947182e+01,-9.834053034824479234e-01,5.592732425347101549e-02,1.725866260300744637e-01,-5.808234196320253062e+00,1.718616848799706387e-01,-1.755891555231884477e-02,9.849645911172898449e-01,-1.138800246108642789e+01
-7.051958827440201090e-03,9.999639624092795387e-01,4.726918598421535507e-03,2.265137931823964479e+01,-9.816921194282950403e-01,-7.822732719901932114e-03,1.903139183170217408e-01,-6.187192134987371972e+00,1.903440372827100713e-01,-3.298292820989173757e-03,9.817119071985380696e-01,-1.128609411832067444e+01
1.104722323985220939e-02,9.976031445491615468e-01,6.830757530699428648e-02,2.265148910637334012e+01,-9.789265979259078598e-01,-3.140713168637883444e-03,2.041882753588050159e-01,-6.672181242938407308e+00,2.039134000792991730e-01,-6.912381576869283673e-02,9.765455562141898138e-01,-1.111999594853837081e+01
9.270559045147248184e-03,9.974086060496920592e-01,7.134514218226731264e-02,2.268467094408506313e+01,-9.705897875333130420e-01,-8.188958808298906628e-03,2.406000941181800912e-01,-7.006144740669372872e+00,2.405608469203422417e-01,-7.147736377101143734e-02,9.679986908035155269e-01,-1.099648633794419617e+01
-4.546340466514179474e-02,9.945331123169702803e-01,9.400514529206012437e-02,2.271885426004041264e+01,-9.734402516296672969e-01,-6.524185175792276969e-02,2.194483476501249419e-01,-7.598930956587330421e+00,2.243817179349226199e-01,-8.153152325527202038e-02,9.710846798154390003e-01,-1.089301559346897541e+01
1.045756365060946172e-02,9.935150993181340873e-01,1.132183147259257228e-01,2.269774008461751436e+01,-9.793791098150522734e-01,-1.266883944640319858e-02,2.016334787800867501e-01,-7.945751613719111539e+00,2.017602503477147480e-01,-1.129922472294740687e-01,9.728954483631150341e-01,-1.074019242210132496e+01
-2.532435751169971041e-04,9.981224768276356629e-01,6.124913974224207441e-02,2.279746813148607032e+01,-9.687024466945797219e-01,-1.544840789651030256e-02,2.477436506984596887e-01,-8.465419407241839167e+00,2.482247079475164708e-01,-5.926945203843275028e-02,9.668875976138280315e-01,-1.054339070045824478e+01
-4.710196066841673690e-02,9.971432583113564174e-01,5.904851992564564417e-02,2.279767902525093248e+01,-9.781401916154961462e-01,-5.802923954730482975e-02,1.996856852755456435e-01,-8.830080000602213985e+00,2.025417755614735971e-01,-4.835214330078789480e-02,9.780791887115437566e-01,-1.054800624670094145e+01
6.399530197472283466e-02,9.973662246537836618e-01,3.413524930375386873e-02,2.285209109229085200e+01,-9.758809589737943435e-01,5.538969844484176869e-02,2.111595018429890391e-01,-9.413486239478279671e+00,2.087126139876420705e-01,-4.682515591063115407e-02,9.768553882414717782e-01,-1.030952121429210777e+01
5.242666585477947366e-03,9.999146189447887245e-01,1.196951409116452092e-02,2.291892721311068470e+01,-9.735069823019188995e-01,2.367204680266027025e-03,2.286450343904617988e-01,-9.727502452859630111e+00,2.285971781463803920e-01,-1.285111522424435201e-02,9.734362737133906984e-01,-1.017566046362231802e+01
-3.519866555133751001e-03,9.998410190813353804e-01,1.747990565872680965e-02,2.291100965821372881e+01,-9.715007411801994675e-01,-7.562022102711045239e-03,2.369158620861922526e-01,-1.016958039370325295e+01,2.370103804177369211e-01,-1.614782908387532578e-02,9.713729084085698240e-01,-1.010116114460128500e+01
4.915466361396143846e-02,9.964987240602450891e-01,6.763218162464483540e-02,2.284705047435407721e+01,-9.705037805103809978e-01,3.165157438626826220e-02,2.389991419522905780e-01,-1.051662667238690219e+01,2.360216749793536684e-01,-7.738521037757287169e-02,9.686616014660461849e-01,-9.923731525358471472e+00
2.905613970140800278e-02,9.961826072035722124e-01,8.231618219252287427e-02,2.288836779098635787e+01,-9.659105729711394694e-01,6.789198033063106701e-03,2.587869235734975293e-01,-1.095469133104915116e+01,2.572401713734083217e-01,-8.702941971062565230e-02,9.624205807943932989e-01,-9.765041638309687855e+00
-1.378988708659817375e-02,9.990449317869680712e-01,4.146158806555770571e-02,2.286489442822347229e+01,-9.701889256103291004e-01,-2.340239813943490593e-02,2.412172804431740314e-01,-1.128220947904788574e+01,2.419572020775929144e-01,-3.689921451877389152e-02,9.695850454347397784e-01,-9.706450057730943826e+00
5.557154766066066398e-02,9.887612841744147785e-01,1.387909435387192914e-01,2.281238989377203197e+01,-9.681160629823374331e-01,1.935371959880497622e-02,2.497533225670315049e-01,-1.177352936728979849e+01,2.442602949441037008e-01,-1.482449205047509100e-01,9.583111978153889821e-01,-9.503171994236440767e+00
7.743554408896290153e-02,9.933975017062037782e-01,8.464715066395353538e-02,2.288237717589089470e+01,-9.612406867884665251e-01,5.185493711336062322e-02,2.707903387482811786e-01,-1.215760944043506342e+01,2.646130733242153532e-01,-1.023350824539132758e-01,9.589095120630884983e-01,-9.465844603955245518e+00
8.401885503956501092e-03,9.992328621577708514e-01,3.825043142207344010e-02,2.288729723113567616e+01,-9.693958269421494300e-01,-1.246678816682066570e-03,2.454998503035726309e-01,-1.261269313977442685e+01,2.453592040807267005e-01,-3.914247023278403376e-02,9.686416922665234130e-01,-9.316965544178453129e+00
-1.852981560728398161e-02,9.996974797072213370e-01,1.617389874448197165e-02,2.290325867679056060e+01,-9.592750920847210594e-01,-2.233634033682635467e-02,2.815890367294325292e-01,-1.297736638850154023e+01,2.818651160385286514e-01,-1.029742527985290888e-02,9.593987801707895002e-01,-9.231748636991540025e+00
-1.152405330548633422e-01,9.925531397840494652e-01,-3.947004238740059456e-02,2.278896479628064498e+01,-9.644353442456542469e-01,-1.022838516577345425e-01,2.437262408109296397e-01,-1.341495087864915092e+01,2.378740976041749389e-01,6.615344582779264515e-02,9.690405746376747897e-01,-9.057027546008837859e+00
-4.374444387729929384e-01,8.925856096009479046e-01,-1.092396105810178042e-01,2.257995105838837446e+01,-8.810243716602823572e-01,-4.010759523045949182e-01,2.508667714616055200e-01,-1.378667945376152737e+01,1.801066892905148764e-01,2.059830333213698295e-01,9.618381207129106381e-01,-8.965850162658602684e+00
-7.012916774377869755e-01,7.126706658936732275e-01,-1.704421107503354196e-02,2.232316453669771406e+01,-6.861738852510030906e-01,-6.683497022552444822e-01,2.871829986173826676e-01,-1.401661053303839388e+01,1.932754054608183392e-01,2.130943393663922159e-01,9.577240835303053590e-01,-8.813689237558023137e+00
-7.847007113530323208e-01,6.144820501170442650e-01,-8.158801190129827408e-02,2.208004825135428106e+01,-6.059267443952751631e-01,-7.326064788661057481e-01,3.100653601258149261e-01,-1.418080330225366303e+01,1.307576920436949175e-01,2.927448670896979910e-01,9.472079332248266592e-01,-8.727945912006489948e+00
-9.409248239001375413e-01,3.224597218392586950e-01,-1.033450703219566946e-01,2.161457867855710901e+01,-3.385241516922344873e-01,-8.887004628438981424e-01,3.092133342242801564e-01,-1.444999998198474245e+01,7.866033915193526571e-03,3.259313043148703293e-01,9.453607302919128097e-01,-8.671638842317154428e+00
-9.779618870593349556e-01,2.079481216155107115e-01,-1.865813966965546022e-02,2.127851203350067877e+01,-2.018333034682675831e-01,-9.187576876429142114e-01,3.393340964420371586e-01,-1.456617573447793212e+01,5.342157869660731778e-02,3.356216472661283645e-01,9.404808582932131511e-01,-8.668059108142418978e+00
-9.904535080883900555e-01,1.374144419998980238e-01,-1.091418550626985402e-02,2.070302103100799940e+01,-1.312397303837545270e-01,-9.157983753493613710e-01,3.795911865102666871e-01,-1.472440142749222147e+01,4.216611772748428411e-02,3.773997970817295489e-01,9.250899478853218394e-01,-8.573017317369448165e+00
-9.990149849902176804e-01,1.190967659035517545e-02,-4.274598657786911338e-02,2.038771067271326132e+01,-2.823541568821804140e-02,-9.137450320068538634e-01,4.053057830622572300e-01,-1.479112646375950391e+01,-3.423187207728715931e-02,4.061135014824188150e-01,9.131812541044520559e-01,-8.519764295536077725e+00
-9.988666815857434322e-01,-4.711461891609251135e-02,-6.750192758970810156e-03,1.989647739071109100e+01,4.258292721546806658e-02,-9.479863280204159359e-01,3.154498632051260798e-01,-1.483838309389446053e+01,-2.126139053904960510e-02,3.148049150994359224e-01,9.489182360464937238e-01,-8.467617077901573808e+00
-9.991599032351674570e-01,1.001617505060671195e-02,-3.973869656208271067e-02,1.963965453605345246e+01,-2.260760270910966777e-02,-9.434930488124039227e-01,3.306202703138815813e-01,-1.481629280657373471e+01,-3.418163347244741052e-02,3.312409139584567841e-01,9.429268650606619229e-01,-8.426674256078314329e+00
-9.981251125358814313e-01,-4.981152861664282783e-02,-3.556784140363926372e-02,1.903757694907394793e+01,3.370509367927675137e-02,-9.323776475071787750e-01,3.599109460533989613e-01,-1.481307480656059461e+01,-5.109037468361526252e-02,3.580373361059655535e-01,9.323084465823733291e-01,-8.390385046237531341e+00
-9.966741921273090110e-01,-7.852551395778809007e-02,-2.177839307772154107e-02,1.868335346094381322e+01,6.570691932572317318e-02,-9.324836903843751745e-01,3.551855401334095275e-01,-1.478990649775730404e+01,-4.819912343710569536e-02,3.525732701507667266e-01,9.345420983963725892e-01,-8.390858998233994726e+00
-9.989564035665844388e-01,-3.419254377379620652e-02,-3.028157399473867945e-02,1.816461816208786573e+01,2.146524838772718990e-02,-9.366768210379917692e-01,3.495365160349022116e-01,-1.475175950817609660e+01,-4.031559109048193923e-02,3.485217394660519163e-01,9.364332598934045349e-01,-8.357936962217381804e+00
-9.972892489706512986e-01,-6.382865229992937262e-02,-3.660678944041942384e-02,1.780975389648388685e+01,4.375319227853648879e-02,-9.144117042802443196e-01,4.024138333118518762e-01,-1.475868960417417597e+01,-5.915920936758567450e-02,3.997213257018916721e-01,9.147256691085751124e-01,-8.352283340132171219e+00
-9.959952597956652776e-01,-8.318278587713114069e-02,-3.277295528771528160e-02,1.735815656815436014e+01,6.457678820161794064e-02,-9.228320358832453607e-01,3.797510657959372593e-01,-1.474859374476114660e+01,-6.183268464278843940e-02,3.761138892427501323e-01,9.245080104729020976e-01,-8.331329182871366257e+00
-9.970193846039803187e-01,-7.064825259271266533e-02,3.100276003040402378e-02,1.697049427055770821e+01,7.678952326395593886e-02,-9.475741186632983259e-01,3.101719825457645574e-01,-1.474063013041244652e+01,7.464304441864305292e-03,3.116281663217769782e-01,9.501748102923650574e-01,-8.309323346868268345e+00
-9.998088259057642535e-01,1.620200777178078255e-02,1.094561944827186425e-02,1.645865154319953305e+01,-1.210837802827116789e-02,-9.525867363727760218e-01,3.040261450405046806e-01,-1.471950547698079603e+01,1.535248587257869932e-02,3.038354894195700040e-01,9.526008065011852821e-01,-8.253658201548738305e+00
-9.997041913068047680e-01,2.409376342929520770e-02,3.319705924745606964e-03,1.609340461906849740e+01,-2.188652391523591978e-02,-9.507298160191212100e-01,3.092471455052702711e-01,-1.471576423377218035e+01,1.060707096806002073e-02,3.090830106881711781e-01,9.509759106041647536e-01,-8.266961934114913646e+00
-9.986783906037766112e-01,1.239009572641303590e-02,4.987943132140610497e-02,1.547911609156027524e+01,1.973398312928073117e-03,-9.605466993529663267e-01,2.781117474347724050e-01,-1.471424208211295337e+01,5.135735429473659019e-02,2.778426243217826941e-01,9.592527812155852152e-01,-8.200770715633456831e+00
-9.999404846629214028e-01,9.032705243606409598e-03,6.118608344230939099e-03,1.523971889676364633e+01,-6.821114959445251195e-03,-9.553061830643740926e-01,2.955394542014462833e-01,-1.471601195404877771e+01,8.514665160651276390e-03,2.954801293403023221e-01,9.553109408157357541e-01,-8.214269599507588282e+00
-9.976849855911581466e-01,-6.799580690938769600e-02,1.113449019079441665e-03,1.477878182746936986e+01,6.448428769147375450e-02,-9.407078779702354732e-01,3.330322281186344768e-01,-1.471250771258967482e+01,-2.159736481379139969e-02,3.323330536788078327e-01,9.429147868527806287e-01,-8.153059955451624319e+00
-9.957660711941994647e-01,-8.709045275004471953e-02,2.941401873710884976e-02,1.440544871903237301e+01,9.188202513269240479e-02,-9.333738909726001509e-01,3.469450577659036195e-01,-1.471041693685095630e+01,-2.761325042426601532e-03,3.481787367006554668e-01,9.374240995374247820e-01,-8.202287360901575397e+00
-9.986543310842816989e-01,-4.478087721597749649e-02,-2.615721778745117021e-02,1.401587025484914761e+01,3.348268665632696955e-02,-9.419067386249582174e-01,3.342014443822336478e-01,-1.464672769235332161e+01,-3.960349354396380112e-02,3.328759059599622483e-01,9.421386280853013551e-01,-8.119336533381632748e+00
-9.989693831306464267e-01,-4.137197782268210028e-02,1.866898547383227108e-02,1.366357320712177170e+01,4.532554310140134851e-02,-9.310420693229491951e-01,3.620859846685675620e-01,-1.471457494361902718e+01,2.401397540105031873e-03,3.625589946503656180e-01,9.319577290242174739e-01,-8.137021173560922804e+00
-9.994094576109597838e-01,-2.948162434873958723e-02,-1.765134169216747359e-02,1.321420974619346644e+01,2.111874084816962524e-02,-9.322187196177125212e-01,3.612786425728802264e-01,-1.475848157290054097e+01,-2.710599237736311881e-02,3.606925181093670885e-01,9.322908197323238610e-01,-8.152162713022075735e+00
-9.998841820807727876e-01,-7.927308496781476296e-03,1.299154358294755084e-02,1.281901217307743401e+01,1.147059784415494811e-02,-9.535645129546804766e-01,3.009703391010534745e-01,-1.478436942635832274e+01,1.000239020276805745e-02,3.010845021144449851e-01,9.535450040646925585e-01,-8.198725612046077416e+00
-9.975700116948683638e-01,6.488823280045935560e-02,-2.536905617361812776e-02,1.246483414410786139e+01,-6.961953821456558222e-02,-9.424138104783216230e-01,3.271228052559517208e-01,-1.484437058604168236e+01,-2.681728155030262475e-03,3.280940826405850941e-01,9.446412447433901738e-01,-8.296508961879622390e+00
-9.976814898286057165e-01,-6.848308783558988526e-03,-6.771074892648357157e-02,1.213747976913568039e+01,-2.164651832375082824e-02,-9.113234416013431538e-01,4.111216523516434407e-01,-1.491778145242149378e+01,-6.452188076799819649e-02,4.116341645863381693e-01,9.090622868909884469e-01,-8.310045914093644015e+00
-9.987076833059830294e-01,-6.351276686020531498e-03,-5.042444437037041371e-02,1.168073258861891617e+01,-1.423222772351129262e-02,-9.175132797755484182e-01,3.974504058741731849e-01,-1.494262512167248858e+01,-4.878941483179601024e-02,3.976544262547292430e-01,9.162371692309797533e-01,-8.381164751964632842e+00
-9.863833395022324479e-01,1.500289199297291098e-01,-6.737381343778328646e-02,1.131813053476608211e+01,-1.643852187645457319e-01,-9.119492218358928870e-01,3.759336598984514555e-01,-1.508232688341569627e+01,-5.040575776907934083e-03,3.818899579429031466e-01,9.241940557146053337e-01,-8.372069963987335939e+00
-8.905135522032023854e-01,4.519721737064236744e-01,-5.202660413222597729e-02,1.095118846076795016e+01,-4.357113328350530890e-01,-8.143403471024416307e-01,3.834128760490174703e-01,-1.538953967501253572e+01,1.309245881473082296e-01,3.641029432401908239e-01,9.221105134105641588e-01,-8.237671798138913815e+00
-7.173120952678863071e-01,6.954785390426019287e-01,-4.210652815858081238e-02,1.076370910229840128e+01,-6.604439627770318788e-01,-6.594361653468857609e-01,3.591068307119316128e-01,-1.568412264837182590e+01,2.219845265187884442e-01,2.854006754788218081e-01,9.323461398120698185e-01,-8.142444279864951895e+00
-2.812786986328519312e-01,9.593546010054637696e-01,2.282637126358770183e-02,1.068001217238459155e+01,-8.901770816108705020e-01,-2.697328805745595748e-01,3.671905997049850212e-01,-1.613006891411808397e+01,3.584230141469251785e-01,8.296338148004803181e-02,9.298655925795056287e-01,-7.897792508776286802e+00
-1.234708590035891451e-01,9.921687213180807596e-01,1.887261017895659754e-02,1.053809385470248117e+01,-9.131617572149736128e-01,-1.210421895572898893e-01,3.892099606989026794e-01,-1.648837532257125460e+01,3.884463310896132393e-01,3.082234230599752850e-02,9.209557161328640884e-01,-7.692886742101501696e+00
-7.454450654566730297e-03,9.999578879678618915e-01,-5.352892330155388859e-03,1.054670616847514353e+01,-9.157194053998360950e-01,-4.675637384505253007e-03,4.017911260707759946e-01,-1.699053390478847803e+01,4.017491776464683362e-01,7.896879504476591455e-03,9.157156969029658367e-01,-7.397480256789338959e+00
8.071783837746618340e-02,9.958760700098910901e-01,4.141839868138442321e-02,1.061751137761275920e+01,-9.020798467884021399e-01,5.531457500183950549e-02,4.280096351842810898e-01,-1.736917980334527201e+01,4.239535122933719147e-01,-7.191071529352725811e-02,9.028246055796734781e-01,-7.285784569660024523e+00
9.512988349217632589e-02,9.944415328226470230e-01,4.512585804298397535e-02,1.066984342607257652e+01,-8.938339189498060167e-01,6.537556870105616647e-02,4.436067631944397571e-01,-1.781148990819947642e+01,4.381908609288888146e-01,-8.253528223956145549e-02,8.950847426830831344e-01,-7.067299597794280963e+00
8.034990777488527913e-02,9.963442529674797488e-01,-2.901761360361405570e-02,1.071516888514570631e+01,-9.110842997882019345e-01,8.522031886535762213e-02,4.033148843421616170e-01,-1.819958667527402696e+01,4.043133574345685877e-01,-5.968821589557986654e-03,9.146010508242513604e-01,-6.811804384198947737e+00
1.237185190375377775e-01,9.902419747433680586e-01,6.414483224328847155e-02,1.083484765956864493e+01,-8.893449158057714632e-01,8.197415532927739001e-02,4.498286991605572882e-01,-1.866440500694053739e+01,4.401810409111092115e-01,-1.126990209115089070e-01,8.908083867521709998e-01,-6.650377079045643569e+00
9.436784806123660330e-02,9.947769162832206247e-01,3.890496218150221036e-02,1.079467815504477102e+01,-8.859609981819507318e-01,6.609305541495007208e-02,4.590259445024433282e-01,-1.895277687423986990e+01,4.540570657447550729e-01,-7.778556971552690047e-02,8.875706091299440104e-01,-6.432232415110822998e+00
-1.720324100799625229e-03,9.995238397183250356e-01,-3.080802362584669774e-02,1.088431410684422218e+01,-9.247767417770567100e-01,1.013251782965063526e-02,3.803752225771880879e-01,-1.948276528750259118e+01,3.805062658527491593e-01,2.914491237204757876e-02,9.243189686085797607e-01,-6.241267106443596724e+00
5.235626813121332240e-02,9.982437903474097318e-01,-2.771563133351805444e-02,1.095256017224233425e+01,-9.048530180921358079e-01,5.916334848623693021e-02,4.215930666477472055e-01,-1.982721680645541440e+01,4.224924103897366168e-01,3.005533020792748502e-03,9.063614786244709176e-01,-6.087471555353548780e+00
9.917318833251777266e-02,9.947583830434997276e-01,2.490859451376727443e-02,1.096773041257244863e+01,-9.078166146104853507e-01,8.019837427088168103e-02,4.116275197329105073e-01,-2.023631667599107686e+01,4.074722971603398358e-01,-6.343484948351263419e-02,9.110117161254764895e-01,-5.795530638386736655e+00
4.841549311232926783e-02,9.988139875332072704e-01,5.153477923724555237e-03,1.105600721210355175e+01,-9.167761951653102814e-01,4.238976599731639205e-02,3.971454591417510338e-01,-2.055397669286325879e+01,3.964559849528201396e-01,-2.395257912445095116e-02,9.177412085922600493e-01,-5.682417013167097686e+00
1.077950263921954727e-01,9.941728505938139948e-01,7.585692336788288446e-04,1.114225181441281265e+01,-9.035641486357486318e-01,9.765229886700048378e-02,4.171760513573942175e-01,-2.099367925166330906e+01,4.146710281479337179e-01,-4.565491943007255610e-02,9.088253774772000471e-01,-5.493506458755586408e+00
1.795958979670757016e-01,9.833991966721348232e-01,-2.591010262437671782e-02,1.116865649118992465e+01,-8.984079449984229138e-01,1.746901409134862804e-01,4.029224727305978360e-01,-2.131549858584744328e+01,4.007598754829556631e-01,-4.908538124770188416e-02,9.148672841186635818e-01,-5.292702416671093424e+00
7.420385220088214495e-02,9.967929199116141170e-01,-2.996102689552074955e-02,1.116251899268555903e+01,-9.144177377339911539e-01,7.999804705903941493e-02,3.967877434903853695e-01,-2.184795701310689253e+01,3.979120370584471322e-01,-2.046284639092840058e-03,9.174212900751642641e-01,-5.058647829426737630e+00
6.082161406787246066e-02,9.968582647401972308e-01,5.073786831694486466e-02,1.117570201607242097e+01,-9.096324003252890256e-01,3.442876188185117758e-02,4.139849715071048930e-01,-2.219864257384062967e+01,4.109374983384160851e-01,-7.133204311143526155e-02,9.088685890077390361e-01,-4.863880429603566036e+00
1.034833188776519142e-01,9.946067483479247295e-01,-6.972722197250504766e-03,1.115249136960675713e+01,-9.171171406067224474e-01,9.812947760980746115e-02,3.863505610574128335e-01,-2.263958446775939137e+01,3.849511048424445470e-01,-3.358603526467664191e-02,9.223256610957905055e-01,-4.608633528364047827e+00
3.077755688990642391e-02,9.995189038899463529e-01,-3.834417626533585984e-03,1.118460381814725224e+01,-9.265580134383388788e-01,2.996934843218173466e-02,3.749561119487876959e-01,-2.305642785265241912e+01,3.748906370197726545e-01,-7.987422687988061584e-03,9.270346333086582069e-01,-4.469579905715411527e+00
5.570411600889225295e-02,9.981721556520674055e-01,2.343926493255950316e-02,1.123351976607405689e+01,-8.910748693506885809e-01,3.910953534984127483e-02,4.521681340567632601e-01,-2.348248216738191019e+01,4.504249423281582176e-01,-4.607376613247891883e-02,8.916246852813413115e-01,-4.209029875663409470e+00
1.042239607122253525e-01,9.937748927967849921e-01,3.935515798724616154e-02,1.123200756375615050e+01,-9.098003906314464651e-01,7.928312554789951339e-02,4.074032832590156472e-01,-2.383341301222566244e+01,4.017469542141263728e-01,-7.826652189857810638e-02,9.123999870284841274e-01,-4.058600219117863617e+00
4.304618439627739407e-02,9.982293298346811561e-01,4.105156594736845271e-02,1.124240964694745237e+01,-9.045977601939975132e-01,2.150093171100155715e-02,4.257236218341240441e-01,-2.423275008916580830e+01,4.240871588022069316e-01,-5.546093213576842873e-02,9.039215489995299224e-01,-3.820444852285977966e+00
5.335561481808973050e-02,9.985477172640754295e-01,-7.458868150996904658e-03,1.124603371174767830e+01,-9.024183327268424648e-01,5.141452519368779062e-02,4.277823036985234917e-01,-2.457873687516149630e+01,4.275445370085940167e-01,-1.609356846128157104e-02,9.038510197639294530e-01,-3.684846357336850620e+00
1.482368368701359185e-01,9.879390025783936213e-01,4.474781982568307170e-02,1.126491672681350664e+01,-9.091157620811058937e-01,1.183198608714422229e-01,3.993857053764632292e-01,-2.503370959909999272e+01,3.892741595976162428e-01,-9.988462197844880097e-02,9.156902811331997238e-01,-3.412926711732633400e+00
1.579269286340461709e-01,9.874483702886395209e-01,-2.191170128707345659e-03,1.128566309595527173e+01,-8.779950769642739239e-01,1.414363375913547383e-01,4.572968480486668819e-01,-2.534879780249826453e+01,4.518669384218317320e-01,-7.029565010055985330e-02,8.893114142628704144e-01,-3.235817763504917011e+00
1.159030405176271761e-01,9.929439041141129296e-01,-2.507764904050367033e-02,1.131591916303372436e+01,-8.916892667639403358e-01,1.151399051916645599e-01,4.377591275695386086e-01,-2.579030574447174828e+01,4.375576953234391331e-01,-2.837614341456323047e-02,8.987424868938616029e-01,-3.055469073378220379e+00
1.367790536932504131e-01,9.889739965844326353e-01,5.676199917726399563e-02,1.130116034706868966e+01,-8.822360114128714459e-01,9.555728292153879699e-02,4.610080539935973443e-01,-2.615752011336982719e+01,4.505009552010859619e-01,-1.131337251241811281e-01,8.855787088692015363e-01,-2.869072968183299377e+00
1.129791833670311246e-01,9.926340221234302152e-01,4.374245362101136791e-02,1.140545024073910163e+01,-8.763349456942007842e-01,7.880106810523457295e-02,4.752130623421660371e-01,-2.656236615097675013e+01,4.682657013714173200e-01,-9.202222442726398777e-02,8.787827621947300605e-01,-2.624970704255221055e+00
1.342302750225911057e-01,9.897900943423010300e-01,4.793539829003633929e-02,1.143684754338721632e+01,-8.936893931820873993e-01,1.000144994732082848e-01,4.373972661196671163e-01,-2.695695509597879180e+01,4.281372464306231196e-01,-1.015513123351365760e-01,8.979898825609461399e-01,-2.407032832270303846e+00
1.976771126314858240e-01,9.783074976484010810e-01,6.195320158481384260e-02,1.144784557896123900e+01,-8.657028537318356420e-01,1.445763636458459178e-01,4.792246280352284726e-01,-2.730468008700634286e+01,4.598720780632797323e-01,-1.483648041816987007e-01,8.755030306617409552e-01,-2.221911650298865837e+00
1.614033822476628466e-01,9.844335032659236040e-01,-6.956741943325038535e-02,1.145591446199222396e+01,-8.773366541325594570e-01,1.754091281116979817e-01,4.466676987320470915e-01,-2.772375538919331817e+01,4.519174078462845356e-01,-1.105963031392833557e-02,8.919912225256594329e-01,-1.909084825105767713e+00
-9.520743365703485117e-02,9.823424426363843720e-01,-1.610554872447048647e-01,1.136655791571316598e+01,-9.069307316209357372e-01,-1.889915004245670480e-02,4.208556405338892970e-01,-2.813667867280824808e+01,4.103805461007624111e-01,1.861347563537253391e-01,8.927158897763530776e-01,-1.728401175855952099e+00
-2.338468995533226624e-01,9.669562336769851330e-01,-1.015444224097209192e-01,1.122271135889767812e+01,-8.822935912404213932e-01,-1.671641752855286267e-01,4.400160876117968911e-01,-2.846278090782630699e+01,4.085017092074192391e-01,1.924883909599086895e-01,8.922301120900868465e-01,-1.642992879909313864e+00
-5.564074530152643971e-01,8.298742745893974426e-01,-4.146606568983281921e-02,1.100914547235341168e+01,-7.554165332321168824e-01,-4.844399630833163273e-01,4.412071888437544276e-01,-2.874891380450073441e+01,3.460586764533450932e-01,2.768151197867669278e-01,8.964467535268357823e-01,-1.450990780589118456e+00
-8.165178291279038270e-01,5.753912932205759168e-01,-4.715394365495031992e-02,1.076041897244238577e+01,-5.294067669607200877e-01,-7.136722967021719155e-01,4.586941552015330048e-01,-2.879178503144459000e+01,2.302761598873365179e-01,3.994955726986287314e-01,8.873421986932341632e-01,-1.405892327665746677e+00
-9.649002548179068661e-01,2.611616239691126884e-01,2.760623875431529595e-02,1.041183717800516106e+01,-2.251061702313822410e-01,-8.766386387996649709e-01,4.252433527843011984e-01,-2.881249090161063720e+01,1.352579401591799124e-01,4.041030847807162152e-01,9.046579389441136154e-01,-1.472874446199250675e+00
-9.858212646366593113e-01,1.669127645883956845e-01,1.722101064521756181e-02,1.010353399013139075e+01,-1.421784523100236008e-01,-8.853958770358757446e-01,4.425600847643197389e-01,-2.877647207114976524e+01,8.911633906815391581e-02,4.338366857993173342e-01,8.965734817435550008e-01,-1.468366580893006201e+00
-9.988808029045518344e-01,4.690077622243318117e-02,6.120357709900272128e-03,9.680491114938686081e+00,-3.854115095928464102e-02,-8.821041821949557882e-01,4.694750168399859369e-01,-2.873849045316931239e+01,2.741753583926743315e-02,4.687136961343310038e-01,8.829245436528554425e-01,-1.447535213072721039e+00
-9.992492727262022312e-01,-2.872681619119738308e-02,-2.599347971471167862e-02,9.335839338002603682e+00,1.185447273170276393e-02,-8.654895872385718336e-01,5.007866270757069804e-01,-2.868965792096772205e+01,-3.688309141619346837e-02,5.001025338999278702e-01,8.651803818594494544e-01,-1.429320247251401277e+00
-9.996998378359948090e-01,1.270259952797982150e-02,2.094941994241497976e-02,8.828643014704821823e+00,-2.443564016882428681e-03,-9.025228223345482803e-01,4.306350939718920912e-01,-2.863049416390337498e+01,2.437751475411894381e-02,4.304546423614430406e-01,9.022829587462580792e-01,-1.429941404502093949e+00
-9.990410346221871851e-01,2.488448479552984871e-02,3.602462432138704707e-02,8.456739912439353191e+00,-6.553130574058637324e-03,-8.985023386820837343e-01,4.389198148437924440e-01,-2.862169239331194603e+01,4.329050266184684970e-02,4.382628318706617288e-01,8.978037773255352905e-01,-1.413138805430979028e+00
-9.999084437527042679e-01,-1.112553921877112648e-02,-7.702369060436762074e-03,8.010302966600653107e+00,6.379096961654549293e-03,-8.895568884978982682e-01,4.567798695738410353e-01,-2.863953088794047730e+01,-1.193361780875346924e-02,4.566889143640714965e-01,8.895464149008567301e-01,-1.397662665189816744e+00
-9.992932501377213006e-01,-2.709155313581431551e-02,2.605854903645360432e-02,7.636745439492794496e+00,3.515956114574148028e-02,-9.188603055720198087e-01,3.930134146618112223e-01,-2.864545482914216379e+01,1.329682252400094140e-02,3.936518596333417608e-01,9.191634282966134606e-01,-1.359286604684142086e+00
-9.984744409788420816e-01,5.200156153914346074e-02,-1.856416735234488538e-02,7.274389969499270414e+00,-5.496739616275208434e-02,-9.042595380500058067e-01,4.234303640560991844e-01,-2.867969102209603349e+01,5.232214739690841353e-03,4.238048199856691012e-01,9.057384271884676430e-01,-1.344055659734912922e+00
-9.965325740476912442e-01,4.394007783261190403e-02,7.065478343292137808e-02,6.910999005113874105e+00,-7.488897803130654431e-03,-8.931014950944522468e-01,4.497928810794495913e-01,-2.868190892177955931e+01,8.286582692270250128e-02,4.477041311179994487e-01,8.903337945446643253e-01,-1.299343165545187917e+00
-9.988902611888227367e-01,4.511513967812141174e-03,4.688168452444924084e-02,6.478689856790921908e+00,1.925326594457390031e-02,-8.693179391945272672e-01,4.938781553632951571e-01,-2.869530373644222720e+01,4.298322757308095654e-02,4.942327051463745735e-01,8.682663619599138016e-01,-1.256867004158254808e+00
-9.943653181393633522e-01,6.290975037093042566e-02,8.532278353333372367e-02,5.965347695392388516e+00,-1.445876747531641554e-02,-8.778384722429041220e-01,4.787385097246117938e-01,-2.868199793281500476e+01,1.050169420841401691e-01,4.748073082404229428e-01,8.738017291793298558e-01,-1.219950588589909790e+00
-9.954468501467547137e-01,7.417538913683767096e-03,9.502919893051207934e-02,5.486083712162996839e+00,3.955147932932041865e-02,-8.749459327027956368e-01,4.826026267331133823e-01,-2.866287238051604191e+01,8.672513485589516957e-02,4.841638100512095644e-01,8.706687981206916449e-01,-1.178537132613167948e+00
-9.999211098550351284e-01,-1.207711530256318395e-02,3.452151828904230068e-03,5.137040406243529311e+00,1.227193686034184009e-02,-8.807010517423046192e-01,4.735135235932525499e-01,-2.867731133416700118e+01,-2.678363675268554192e-03,4.735185326320098809e-01,8.807797827051083717e-01,-1.193369899155456659e+00
-9.994536786342669288e-01,9.937096919282094321e-03,3.152139542048637555e-02,4.736074812771380316e+00,5.386617583853668331e-03,-8.920029050443465390e-01,4.519975682937412698e-01,-2.871156825563896575e+01,3.260871992954014753e-02,4.519204260677624485e-01,8.914620574580253143e-01,-1.156100163211942311e+00
-9.987677114415973723e-01,4.886041776160035544e-02,-8.701618118625671291e-03,4.347758655554750717e+00,-4.715239305861943647e-02,-8.795255838073156029e-01,4.735096612079310319e-01,-2.864335467101001242e+01,1.548258410492086082e-02,4.733364627879066422e-01,8.807456401168690663e-01,-1.133998404263717008e+00
-9.994045833004134849e-01,1.350913793250732402e-02,-3.174873336771025928e-02,3.861936999144152782e+00,-2.751447723787183233e-02,-8.672591491529640928e-01,4.970960890540250254e-01,-2.871609777919649531e+01,-2.081903985442383823e-02,4.976736595428799537e-01,8.671144654408345920e-01,-1.023919535530978031e+00
-9.997498681759068306e-01,8.786309624556336295e-03,2.056700866545410969e-02,3.470223729843940674e+00,1.930567092977424157e-03,-8.822642344102543666e-01,4.707505640901463173e-01,-2.876229377756174443e+01,2.228169636636653794e-02,4.706725203829877913e-01,8.820265894877376001e-01,-1.030339715970299386e+00
-9.944746392972730886e-01,1.004324743239464468e-01,3.055339417699909008e-02,2.816620701643024915e+00,-7.659155961377775435e-02,-8.931996155295667261e-01,4.430893587232342390e-01,-2.883055542248434477e+01,7.179084057520399020e-02,4.383009980812372919e-01,8.959566453185688895e-01,-9.069205267535015436e-01
-9.989392803204830695e-01,4.514547393596361063e-02,-9.066444501530893096e-03,2.342855806034252808e+00,-4.380008024958013252e-02,-8.708435229839239788e-01,4.896050565987672964e-01,-2.880604856428872296e+01,1.420799785094430806e-02,4.894828338767869824e-01,8.718971775026137516e-01,-8.292216368234658352e-01
-9.976960354836403866e-01,3.509380722569480776e-02,5.806070508217394538e-02,1.831637787769957004e+00,-2.813886165210589384e-03,-8.764839132490281903e-01,4.814229241117659597e-01,-2.871592602096489699e+01,6.778423728923009539e-02,4.801503665624767825e-01,8.745632753923775482e-01,-7.894997984849634332e-01
-9.962985262909501705e-01,7.875432068936656649e-02,3.445291690472538498e-02,1.445179292087399148e+00,-5.342971032393933201e-02,-8.813162630832757083e-01,4.694964435218165200e-01,-2.872186107936249400e+01,6.733878945442536845e-02,4.659178054095934329e-01,8.822619146473046348e-01,-7.352833939575066369e-01
-9.987282975345859182e-01,4.986801941710525959e-02,-7.414063871423129219e-03,9.558461187721321028e-01,-4.753083912607752176e-02,-8.822992152074290440e-01,4.682829424357988768e-01,-2.869324956031022822e+01,1.681092013083327480e-02,4.680398225405345003e-01,8.835474619286656228e-01,-6.397724929316481735e-01
-9.984827894193483155e-01,5.495120893685735697e-02,3.533252006536241347e-03,7.099925155081190375e-01,-4.629426902073999900e-02,-8.724629883129623176e-01,4.864824505363530838e-01,-2.873008438578644785e+01,2.981543038762291334e-02,4.855807848961888329e-01,8.736832042854029146e-01,-6.571729964406346491e-01
-9.932420377293573743e-01,1.112103406964659869e-01,3.320413542642366989e-02,1.991797403896874430e-01,-8.528714437861871500e-02,-8.934086958424730662e-01,4.410748294754487375e-01,-2.862216870947150582e+01,7.871694538649827433e-02,4.352621765272425836e-01,8.968558859670786587e-01,-5.462558288236355475e-01
-9.929123731165614419e-01,1.036124059877454873e-01,5.821931498631170016e-02,-1.520303174445071237e-01,-6.625779124880777637e-02,-8.892534642267241329e-01,4.525905229449725953e-01,-2.865460250868492054e+01,9.866572054606496944e-02,4.455252469683463334e-01,8.898158966342007981e-01,-5.438716102896817839e-01
-9.944857743445736364e-01,1.045076427424945359e-01,8.729102742395213749e-03,-6.210019042159672376e-01,-8.696191858058470447e-02,-8.683110368796621570e-01,4.883375553341703368e-01,-2.865747447065836795e+01,5.861458302388491276e-02,4.848856523360723370e-01,8.726111590024302478e-01,-4.522974194963499950e-01
-9.948970380709242223e-01,7.352474840639551534e-02,6.909410256660571126e-02,-1.007544872189177765e+00,-3.632456911957279017e-02,-8.999058124808934078e-01,4.345688142761565675e-01,-2.864705429753485433e+01,9.412974724275942340e-02,4.298414126569059523e-01,8.979843821855347796e-01,-4.582956952702790798e-01
-9.865550442802258901e-01,1.614411091191063352e-01,2.541481638022904943e-02,-1.491814069557078071e+00,-1.319939533197755366e-01,-8.787970189184702852e-01,4.585775788533832387e-01,-2.864638494227553878e+01,9.636773781855016707e-02,4.490574215246954104e-01,8.882908821334000171e-01,-3.637406706459171968e-01
-9.940406441096366619e-01,1.077135685818634003e-01,1.676260723948229392e-02,-1.861635576656691660e+00,-8.859883078454572347e-02,-8.878929513551275798e-01,4.514380955540822637e-01,-2.863278529415499207e+01,6.350940908020118181e-02,4.472626678778887643e-01,8.921449775014393957e-01,-2.609471058984617620e-01
-9.953629070202777429e-01,9.028796055265020382e-02,3.317781649523547649e-02,-2.361572873020705732e+00,-6.429287527085701670e-02,-8.810157447699251687e-01,4.686978596675093756e-01,-2.869511969654024597e+01,7.154795257416139698e-02,4.643913668951464846e-01,8.827352654310973712e-01,-2.883953552321460445e-01
-9.900388316251998999e-01,1.359771598175009699e-01,3.651470775155455512e-02,-2.719424192690052422e+00,-1.087604465512410495e-01,-9.033106415423791669e-01,4.149711437464950747e-01,-2.865347781289369067e+01,8.941072161765750703e-02,4.068661903922056178e-01,9.091015487697455821e-01,-1.308130039619618823e-01
-9.899978443665317096e-01,1.324373681744887288e-01,4.862727280695561261e-02,-3.194017058469991621e+00,-9.645945155956187067e-02,-8.869206743737260146e-01,4.517380785071011262e-01,-2.872608953873611526e+01,1.029555358125811837e-01,4.425291638745128542e-01,8.908243916542000207e-01,-7.770208155641571135e-02
-9.952802444319979180e-01,9.694172216215288240e-02,-4.420129819959704373e-03,-3.565853785663056552e+00,-8.808236490405810248e-02,-8.833308084217537104e-01,4.604000215963111042e-01,-2.871767738582439833e+01,4.072753412984471411e-02,4.586163815185983483e-01,8.877005590662295775e-01,-3.810702299237510304e-02
-9.951628105782036604e-01,9.193573959064883783e-02,3.462369460380671643e-02,-3.974653983888798869e+00,-6.537812648171588414e-02,-8.828454403483633195e-01,4.650909900587729684e-01,-2.872224593039315721e+01,7.332585505698534234e-02,4.605776245564155991e-01,8.845855361343741841e-01,-1.334510650049074154e-02
-9.913834721953513895e-01,1.295897239047432981e-01,1.911320266695708259e-02,-4.358976699132508514e+00,-1.039767387953897948e-01,-8.672515030453674667e-01,4.868918445148066043e-01,-2.870829986599889239e+01,7.967213344307422229e-02,4.807091989174422375e-01,8.732531232287614742e-01,8.079421422092405991e-02
-9.948975303059706121e-01,1.007363578273626353e-01,5.575876860619833654e-03,-4.827225706458697196e+00,-8.505387074822200189e-02,-8.671735805122152696e-01,4.906891279948777940e-01,-2.881703228394676231e+01,5.426548868140749354e-02,4.877111516802826729e-01,8.713168707564813431e-01,1.677559666076973155e-01
-9.949890398374757750e-01,8.337424213094946079e-02,5.518646892486246680e-02,-5.223170232037991134e+00,-4.648648071345373028e-02,-8.744257378288956550e-01,4.829271540649515693e-01,-2.885912493098287968e+01,8.852015428241580275e-02,4.779418006112112760e-01,8.739198003903657641e-01,2.008015493207022661e-01
-9.962632607251239447e-01,8.211277335921972342e-02,2.677700096366839033e-02,-5.718642200777391160e+00,-5.976966004465537191e-02,-8.792755073729772164e-01,4.725485899588995342e-01,-2.890319479117865598e+01,6.234663637677019532e-02,4.691823468388985896e-01,8.808977366001417009e-01,3.001118170021739306e-01
-9.972322856078040809e-01,3.004641200910281029e-02,6.800721775533670466e-02,-5.965558596320978069e+00,7.406377457147318710e-03,-8.700068993720446731e-01,4.929839151716897683e-01,-2.893061791167126628e+01,7.397914648334903698e-02,4.921231636190539493e-01,8.673764336867676450e-01,2.874828529698416624e-01
-9.998030679514443575e-01,-1.729085299550710969e-02,9.739184646301551895e-03,-6.431204864694589851e+00,1.983721497166515690e-02,-8.570052773098985055e-01,5.149256641158571624e-01,-2.888656404789415078e+01,-5.569713232650930429e-04,5.150174570494459036e-01,8.571795078729272932e-01,2.746822205702226238e-01
-9.987505371403512244e-01,-4.947305150275513319e-02,-7.055617398437163609e-03,-6.811142611209740849e+00,3.805207136316340888e-02,-8.443954175475828494e-01,5.343673069056718017e-01,-2.882544203958195084e+01,-3.239451229514203612e-02,5.334311539455254270e-01,8.452229289208329499e-01,2.099769346442376117e-01
-9.691582911367407904e-01,-2.464304646667902776e-01,2.057378193172068083e-03,-7.239865686420493773e+00,2.152825557132877765e-01,-8.425381021900064660e-01,4.937438278739512687e-01,-2.867787040232157381e+01,-1.199401014109749836e-01,4.789588421171259713e-01,8.696049675751360564e-01,1.343000809497686132e-01
-9.308347883225340791e-01,-3.648453734617698174e-01,-2.084347169001083203e-02,-7.424104406015375801e+00,3.128036728064403360e-01,-8.249538427393328099e-01,4.707494233967941533e-01,-2.855390720107021707e+01,-1.889456512528187859e-01,4.316700253818370192e-01,8.820207084074038750e-01,1.593123552012107313e-01
-8.293070662022521411e-01,-5.587446462187560803e-01,-7.362762314382807240e-03,-7.761725822201430702e+00,5.121735316494064882e-01,-7.653215099028870538e-01,3.898220875703993782e-01,-2.827033476133048850e+01,-2.234458847792790692e-01,3.195111998065925940e-01,9.208607548230964834e-01,2.891456420342217171e-02
-6.579705606223901215e-01,-7.514012460964875073e-01,-4.970823592636403748e-02,-7.857607361738890184e+00,6.884057350592814872e-01,-6.269380548758008986e-01,3.647550126948800875e-01,-2.788605924653505852e+01,-3.052413558018548523e-01,2.057786255012885590e-01,9.297757105856508941e-01,-1.559496124083545321e-01
-3.279911581429041378e-01,-9.446785152915089245e-01,2.074349708816240149e-03,-7.989155033130406203e+00,8.758490983896497495e-01,-3.032693872368662502e-01,3.753878469197126644e-01,-2.751695959395185653e+01,-3.539917471214825695e-01,1.249407119861793147e-01,9.268655034352466515e-01,-3.220216781363347547e-01
-1.787770798698174735e-01,-9.833505345190411973e-01,3.256504221315414949e-02,-8.006529664950495118e+00,8.955509699147038427e-01,-1.489292097853818497e-01,4.192953025703236025e-01,-2.722200094351041244e+01,-4.074643739004179532e-01,1.041240449359574494e-01,9.072656541874167813e-01,-4.844678188426172483e-01
-1.964506934050661568e-01,-9.802392796085003246e-01,-2.319654658100263334e-02,-8.065942754859909414e+00,8.884438850133278276e-01,-1.879628611347306522e-01,4.187331202764777993e-01,-2.678481328622715552e+01,-4.148187414318441624e-01,6.165158186666253731e-02,9.078130282223566550e-01,-6.849252930720162169e-01
-9.810212391194601811e-02,-9.948389594730943086e-01,-2.591173476369096340e-02,-8.112778981664826361e+00,9.173637926433707568e-01,-1.004940327556785862e-01,3.851553210426616469e-01,-2.636391272455123769e+01,-3.857714935437057679e-01,1.401406775348407879e-02,9.224879189854281458e-01,-7.901012373518108145e-01
-4.255119935841931988e-02,-9.985048625794632482e-01,-3.431377038937752366e-02,-8.140021790280780323e+00,9.223527958073245436e-01,-5.245995237742069606e-02,3.827705232420270387e-01,-2.592946270963662059e+01,-3.839983274697658100e-01,-1.536205721033479486e-02,9.232059855193182063e-01,-9.844719916806624616e-01
-4.061236579322304030e-02,-9.962316087239146967e-01,-7.663692011064897336e-02,-8.118787572576295020e+00,9.215307537987701414e-01,-6.699032108102445648e-02,3.824831586939956840e-01,-2.559058974397258268e+01,-3.861757443803967571e-01,-5.508973280775422698e-02,9.207787007698556847e-01,-1.161254657122112510e+00
1.090745582383377266e-01,-9.933098553972294908e-01,-3.792455557886247053e-02,-8.104146026168807637e+00,9.251605753471842108e-01,8.748914916743694148e-02,3.693555991199124477e-01,-2.501289890202788158e+01,-3.635665696518094459e-01,-7.537360246598749647e-02,9.285139576134124884e-01,-1.311834626212533106e+00
1.691500722276179647e-01,-9.851474043662480362e-01,-2.954394584078791700e-02,-8.090123093145772160e+00,9.248080018655352452e-01,1.482831283548107226e-01,3.503459340862845606e-01,-2.468197605549400464e+01,-3.407615188821547791e-01,-8.658351757558982453e-02,9.361543044463187524e-01,-1.478490932868008922e+00
1.082837454656016274e-01,-9.915351825036400335e-01,-7.164225237540702840e-02,-8.095425204704953970e+00,9.290268292651371329e-01,7.528168771890440814e-02,3.622731262456037604e-01,-2.419719770783102675e+01,-3.538132006772946592e-01,-1.057858655571435880e-01,9.293145698173577163e-01,-1.644378066636729585e+00
1.068218885916130539e-01,-9.930193651184000547e-01,-5.001624353725429850e-02,-8.154642706325445189e+00,9.260899982282382314e-01,8.106196651133087960e-02,3.684918896895040263e-01,-2.385751286974702623e+01,-3.618651672921113782e-01,-8.568254247612391850e-02,9.282844944387931285e-01,-1.736606215095718664e+00
6.332809694636386266e-02,-9.969233171968707730e-01,-4.618930359235164790e-02,-8.129852182513284120e+00,9.289234771424250692e-01,4.196365946837959243e-02,3.678861575238354664e-01,-2.344220055043088635e+01,-3.648160163024415925e-01,-6.620385874868893461e-02,9.287229529499131386e-01,-1.890095342636434861e+00
-5.694700917972204263e-02,-9.921786753077674881e-01,-1.110788657216825182e-01,-8.131685742583716348e+00,9.257719698547798304e-01,-9.413070876535083176e-02,3.661771012755128396e-01,-2.307035321451534315e+01,-3.737690436308097608e-01,-8.198100958065558663e-02,9.238916690237295448e-01,-1.965282519498147140e+00
-2.636032875309415879e-01,-9.632519564077509644e-01,-5.156525263709515333e-02,-8.304909231160605643e+00,8.723220884668895225e-01,-2.608567787537340865e-01,4.135310326335780440e-01,-2.267108815755774387e+01,-4.117857219181464967e-01,6.402663082556282748e-02,9.090286627876397185e-01,-2.164982120899610063e+00
-3.191906707263293397e-01,-9.473227518117581791e-01,-2.639923523667894387e-02,-8.460278142822820868e+00,8.498984265504845315e-01,-2.984664357775368426e-01,4.342700211403819899e-01,-2.239467721334590067e+01,-4.192731571044011063e-01,1.161782708343463144e-01,9.003958180254147958e-01,-2.261161828013905417e+00
-3.605893532158572778e-01,-9.327120615107501456e-01,-4.850634983571898776e-03,-8.750765639349003422e+00,8.781084843833629749e-01,-3.412237036944276158e-01,3.353980824200019639e-01,-2.194916797452838253e+01,-3.144849885150766688e-01,1.166815938759462046e-01,9.420640093163772377e-01,-2.507529091187258974e+00
-2.800020847767116794e-01,-9.599685917807608826e-01,7.689948970280738837e-03,-8.881448526882110173e+00,8.955093335202801708e-01,-2.582975331208872682e-01,3.624160840273669693e-01,-2.170167485823465015e+01,-3.459217629736003330e-01,1.083636801614558248e-01,9.319846815925186823e-01,-2.672429590333767813e+00
-7.450492454999205205e-02,-9.972112149162588590e-01,4.336941669705250864e-03,-8.898959764211912926e+00,9.315126032900804542e-01,-6.804249628257205695e-02,3.572876832629095500e-01,-2.124006115277606810e+01,-3.559961883637828284e-01,3.065960770920900247e-02,9.339843158884317820e-01,-2.919896260392439657e+00
-7.656070554475784273e-02,-9.886095660882801006e-01,-1.295746279378755528e-01,-8.921967050779310071e+00,9.288919238992816574e-01,-1.179494342965075604e-01,3.510665530406292256e-01,-2.089410141940856747e+01,-3.623510067340574570e-01,-9.348292243978963134e-02,9.273417337373196512e-01,-3.048368735964189558e+00
-5.005541571447475607e-02,-9.984948027762100553e-01,-2.241838947284589822e-02,-9.026942537030302915e+00,9.329538225831903731e-01,-5.475843538921961601e-02,3.558070807068652863e-01,-2.046475081835097143e+01,-3.564991168082596307e-01,-3.105250815914308710e-03,9.342904993267927560e-01,-3.308407531106389854e+00
6.249117989519215738e-02,-9.980223618126198293e-01,6.798364308762204489e-03,-8.975176948570984692e+00,9.187689167138659574e-01,6.018657386700480838e-02,3.901810528544216727e-01,-2.007372746580348277e+01,-3.898185861599485769e-01,-1.813674855423334786e-02,9.207130542335901779e-01,-3.397813902662360608e+00
-6.320273040094090411e-02,-9.979882840941338706e-01,4.979927782613640004e-03,-9.052759689819124489e+00,9.071476618489838772e-01,-5.536819725955673122e-02,4.171540271100744324e-01,-1.940528067426530612e+01,-4.160391020947346585e-01,3.088280335527970530e-02,9.088221597128521845e-01,-3.670246623339671110e+00
-3.701870731737730985e-02,-9.988056253856247846e-01,3.188946544847129361e-02,-9.073536103086034643e+00,9.362660816882278914e-01,-2.351005249179909107e-02,3.505040680391738883e-01,-1.901841151794814166e+01,-3.493357118714436327e-01,4.283223237086468405e-02,9.360181410001661151e-01,-3.760499331662826794e+00
4.224520638146270039e-03,-9.997805693077739253e-01,2.051747206673721138e-02,-9.163025193180686756e+00,9.406771161627093258e-01,1.093433437939561777e-02,3.391268250367292514e-01,-1.840928409593110260e+01,-3.392767551029565731e-01,1.786766818337071766e-02,9.405168950531959116e-01,-4.010635761207473671e+00
-1.385011136761915562e-02,-9.995721929553610385e-01,2.576054125058846803e-02,-9.123789291231179988e+00,9.214194161331803468e-01,-2.753430035570715497e-03,3.885597485533371920e-01,-1.801845175890267470e+01,-3.883225901076308162e-01,2.911785866882982479e-02,9.210633617285240993e-01,-4.058397548272941080e+00
4.965099168546448227e-02,-9.960808564320388081e-01,7.319635560787271511e-02,-9.113851774846219556e+00,8.987835330906802644e-01,7.652152316877569582e-02,4.316626195733988536e-01,-1.741843662064077947e+01,-4.355719684158859684e-01,4.435520196724097169e-02,8.990604408985876095e-01,-4.280299930015080356e+00
4.500690998852381608e-02,-9.989618944549404356e-01,7.036439461074686479e-03,-9.119885270905649932e+00,9.132471487934179510e-01,4.399802827477778538e-02,4.050232323319603589e-01,-1.704107072329582806e+01,-4.049123649309605000e-01,-1.180283588534143321e-02,9.142793171624782333e-01,-4.417641733868301834e+00
2.002114499173445264e-02,-9.995468400108915574e-01,2.247817558141779887e-02,-9.110662470484673037e+00,9.255035477076463124e-01,2.703353702316489346e-02,3.777729093735839871e-01,-1.640712321668576834e+01,-3.782093823978801006e-01,1.324018505407974916e-02,9.256253888944246944e-01,-4.565580674393497240e+00
1.428820560881811745e-02,-9.994798488844278683e-01,2.891156956046071758e-02,-9.194327434397250087e+00,9.108097306077344024e-01,2.494046743603325900e-02,4.120723331095439423e-01,-1.607730097362220079e+01,-4.125790612849276062e-01,2.044516466163550511e-02,9.106923264369880533e-01,-4.701567966009148947e+00
-9.349460417990516914e-02,-9.925528625681055983e-01,-7.808696432254287612e-02,-9.250719220164405954e+00,9.428953458561756262e-01,-1.134551435614347126e-01,3.131713543129728827e-01,-1.543675015586374855e+01,-3.196984919451623108e-01,-4.434800341978631377e-02,9.464809183711390128e-01,-4.885905820974136837e+00
-1.144464082438278740e-01,-9.914385997471704126e-01,-6.286113721103857299e-02,-9.238371352632389844e+00,9.283948834733281030e-01,-1.292582517262661490e-01,3.483895014222145869e-01,-1.506003356081589928e+01,-3.535321201540788660e-01,-1.848803104841231434e-02,9.352396659291787318e-01,-4.982072279164831308e+00
-5.550226375046871108e-02,-9.980468887741067441e-01,-2.866891220306870894e-02,-9.212565411365659429e+00,9.232011651097802307e-01,-6.223383776897760400e-02,3.792447206969309925e-01,-1.461439075275656840e+01,-3.802881900066356069e-01,-5.418232634208915675e-03,9.248521694285014583e-01,-5.179603668196707034e+00
-5.908486042596109572e-02,-9.981146935322154912e-01,-1.661438604174959172e-02,-9.175383462601439888e+00,9.480215690397389983e-01,-6.131703950882996801e-02,3.122424143214824754e-01,-1.423332215050603544e+01,-3.126724866435823813e-01,2.698003145318708922e-03,9.498571665651386331e-01,-5.279858989691677884e+00
-7.779283533913831927e-02,-9.963834108980229587e-01,3.418147535036041018e-02,-9.178733341811563307e+00,9.341489811281595834e-01,-6.087018948509185373e-02,3.516539507659122710e-01,-1.374328034950286970e+01,-3.483015300384484370e-01,5.928674826028657030e-02,9.355058127310615923e-01,-5.437456892103221584e+00
-2.702725922584386584e-02,-9.983304126228051967e-01,5.104815854784917895e-02,-9.237286094919952006e+00,9.209537232551949781e-01,-5.008824867756661928e-03,3.896397711936528396e-01,-1.339500623412070368e+01,-3.887335422640268989e-01,5.754388678071253871e-02,9.195514853519826115e-01,-5.618345567519345884e+00
6.164074737230821601e-04,-9.996919101419762255e-01,2.481340038207236615e-02,-9.246681361155475898e+00,9.079045628280740798e-01,1.096066483457724776e-02,4.190336127595876703e-01,-1.287607186503635326e+01,-4.191764841183190926e-01,2.226990397551724399e-02,9.076316028759314758e-01,-5.782130552680812663e+00
-4.268598842452752534e-02,-9.986754379675526483e-01,2.872761724448440190e-02,-9.279188836313281286e+00,8.871064023870581794e-01,-2.465895019600216134e-02,4.609058114399580686e-01,-1.249131837320601157e+01,-4.595869202187082836e-01,4.515867331483051916e-02,8.869839665903401782e-01,-5.839214543763965537e+00
-3.818702469831537771e-02,-9.973619859530168386e-01,6.173184041118402049e-02,-9.318408940432320264e+00,9.043258641455058644e-01,-8.210259389687977333e-03,4.267637790139204856e-01,-1.196753161148194700e+01,-4.251311357477590702e-01,7.212253889468739354e-02,9.022537651909309231e-01,-5.917882200248151037e+00
-3.055832792537758677e-02,-9.994569240612747318e-01,1.233067477422845198e-02,-9.338158931870038870e+00,9.161106037024283610e-01,-2.307184696586784059e-02,4.002612292760316381e-01,-1.163091168343286341e+01,-3.997593655918300071e-01,2.352757581150853594e-02,9.163181231417711903e-01,-6.072188193564985959e+00
-1.231460248138773750e-01,-9.922930426407302607e-01,1.376859104445079737e-02,-9.321742834189009841e+00,9.152740749160865885e-01,-1.082036934483956020e-01,3.880274842206821728e-01,-1.099922549572806574e+01,-3.835471605409782048e-01,6.038607663141420251e-02,9.215449513670100901e-01,-6.187224059313498614e+00
-4.958001789094051287e-02,-9.984717207793839533e-01,2.441402526822538874e-02,-9.373950997534230112e+00,9.351082266073624805e-01,-3.781848054617396870e-02,3.523384268858796853e-01,-1.062766040053097960e+01,-3.508766540497849085e-01,4.029870138158538756e-02,9.355541610776964001e-01,-6.256123148703014003e+00
-4.824589856297523821e-02,-9.987631906830840567e-01,1.201757914075537483e-02,-9.397082237179660069e+00,9.194706610291781823e-01,-3.970914685503253161e-02,3.911481652297703060e-01,-1.019225981747446497e+01,-3.901871817197768433e-01,2.992110613929026969e-02,9.202492546201742618e-01,-6.469325691541082612e+00
-8.755022175421126041e-02,-9.944512799026706817e-01,-5.832332784346575677e-02,-9.403560280410196981e+00,9.042366279474363111e-01,-1.039000994549618140e-01,4.141990946531662887e-01,-9.647727708886240094e+00,-4.179606193758484967e-01,-1.647486671256983073e-02,9.083157487447672818e-01,-6.560667593513504592e+00
-5.828350022137605141e-02,-9.962838497302044516e-01,-6.341548997457749359e-02,-9.408531416447317497e+00,9.274353474261963770e-01,-7.754328714436857506e-02,3.658561397097228607e-01,-9.171425179933070382e+00,-3.694140088659332855e-01,-3.749039057701107625e-02,9.285083525030835006e-01,-6.727740672149236545e+00
-4.038794957498530874e-02,-9.991830037921980434e-01,1.462348089970514796e-03,-9.439547420899879526e+00,9.277818711724105105e-01,-3.695844986099638962e-02,3.712881259987944049e-01,-8.833050064319346362e+00,-3.709307388892885693e-01,1.635230615784847436e-02,9.285165529113488248e-01,-6.908914512278875542e+00
-8.070408824568953143e-02,-9.962378376000136093e-01,-3.157564052380125441e-02,-9.428936449677907561e+00,9.147028418040851205e-01,-8.661017759674657923e-02,3.947371129399851464e-01,-8.270989613514178274e+00,-3.959868196493001036e-01,2.974570677652216191e-03,9.182513765812299056e-01,-6.999129795899270867e+00
-5.291360700818307367e-02,-9.983812556801875404e-01,2.085709710969057065e-02,-9.484676003278925904e+00,9.324006949082928042e-01,-4.191710348827090704e-02,3.589873264750303439e-01,-7.902870181814687811e+00,-3.575319486814019232e-01,3.844248615286339349e-02,9.331093617205187263e-01,-7.120452565818808033e+00
-4.754705679035354376e-02,-9.979733530999648217e-01,-4.229023401443126468e-02,-9.449245564025002153e+00,9.379509741848574000e-01,-5.916657289449430562e-02,3.416830207628135385e-01,-7.356625020623202893e+00,-3.434927181415295405e-01,-2.342014419983213386e-02,9.388632751521439612e-01,-7.377168254063398045e+00
-1.203301690735314594e-01,-9.899265032821985555e-01,-7.460675914568525025e-02,-9.441307766658377787e+00,9.219678016521399844e-01,-1.393025802580478423e-01,3.613449374907227729e-01,-6.952142339629166834e+00,-3.680978445025999135e-01,-2.530433229581454876e-02,9.294426650631066877e-01,-7.448694856079169035e+00
-4.155168764027737660e-02,-9.983338801240230209e-01,-4.003649648464729927e-02,-9.505829840547166398e+00,9.092598714234355617e-01,-5.439334798861082676e-02,4.126594842162619736e-01,-6.316682575394657384e+00,-4.141496631331325062e-01,-1.925688165592291667e-02,9.100050708845583980e-01,-7.687087971347574822e+00
-6.821337743167990575e-02,-9.974021179584122709e-01,-2.315059894353142106e-02,-9.461398259317705950e+00,9.228282895448619572e-01,-7.189718588413182565e-02,3.784425222905730135e-01,-5.980441037804904880e+00,-3.791238361737127027e-01,4.450814984205789769e-03,9.253352403809722571e-01,-7.834749258680499651e+00
-1.451232576306444033e-01,-9.891539227382581956e-01,2.266621331835137754e-02,-9.433813634515782809e+00,8.957060141140454901e-01,-1.216126189038253952e-01,4.276927719792399385e-01,-5.457530800210297350e+00,-4.202974855677865107e-01,8.237043192114694434e-02,9.036399369054730624e-01,-7.916407077056494046e+00
-4.355380957763137911e-02,-9.981841336165681033e-01,4.161130936926010077e-02,-9.442083784894169440e+00,9.165015933114465385e-01,-2.334206874925965486e-02,3.993494425739051445e-01,-5.130600575778044181e+00,-3.976529833018483950e-01,5.553002091349958091e-02,9.158539848952417239e-01,-8.018464514778841590e+00
3.901696982614247938e-02,-9.992326440721300829e-01,3.434979798058569213e-03,-9.413380691779083875e+00,9.361834911038634521e-01,3.775646577670149773e-02,3.494780683771716578e-01,-4.608720061769089327e+00,-3.493395870069305742e-01,-1.041980386955275104e-02,9.369382480383403600e-01,-8.262692888278648340e+00
1.716230092438546517e-01,-9.839817085941103825e-01,4.822385146694914415e-02,-9.216730887063043554e+00,9.126477320712805819e-01,1.772323274768334012e-01,3.683243397364563965e-01,-4.325762703143918309e+00,-3.709712385660600686e-01,-1.920154289027291641e-02,9.284458201249030651e-01,-8.305488302782027432e+00
5.009909497609742468e-01,-8.651929138040915790e-01,2.119646576177594555e-02,-8.947640064609721833e+00,7.921212855689933052e-01,4.682699839619850479e-01,3.914934112712137315e-01,-3.980960704731875577e+00,-3.486429939151621804e-01,-1.793444842291916086e-01,9.199367471573492994e-01,-8.422060049401572712e+00
5.903587426154703888e-01,-8.070340485490009597e-01,1.313771289444203363e-02,-8.833662452645119956e+00,7.179743596611044554e-01,5.325075450757202900e-01,4.482728335586051993e-01,-3.766761511624189929e+00,-3.687673709626622109e-01,-2.552092453655333548e-01,8.938002389758288313e-01,-8.523251744702632138e+00
4.686465358441466167e-01,-8.828168266948858145e-01,3.169976254895597728e-02,-8.593695365911173667e+00,7.895002910202586488e-01,4.346680111554055426e-01,4.333047548286719786e-01,-3.398954055743250713e+00,-3.963076013909066497e-01,-1.780398005575802856e-01,9.006897992634371741e-01,-8.631970237894853071e+00
3.517073689872615705e-01,-9.353161371764585619e-01,-3.854413233390795862e-02,-8.482275652262227794e+00,8.729938543572456355e-01,3.128527506218070076e-01,3.741722687250541024e-01,-3.077670878454549452e+00,-3.379107232014751383e-01,-1.652479348303171058e-01,9.265578574378283694e-01,-8.700587282177460580e+00
1.569925081599375383e-01,-9.873101105403699895e-01,-2.391857032562143617e-02,-8.395966084609113977e+00,9.245192385196883134e-01,1.384050432129128594e-01,3.551171942052533947e-01,-2.623301389311065268e+00,-3.473003455060657552e-01,-7.786391743292525591e-02,9.345157464555499116e-01,-8.865890023796890063e+00
-7.029836762059339661e-02,-9.959053889374777091e-01,-5.683833033418982106e-02,-8.370488748599887785e+00,9.518332801670006393e-01,-8.401686366841028264e-02,2.948806086975814811e-01,-2.264573623076058695e+00,-2.984485655459125364e-01,-3.337098896680022742e-02,9.538421414568410972e-01,-9.034240503298631708e+00
-1.437799271658464495e-01,-9.894902272373857777e-01,-1.537604454655645651e-02,-8.335797095514443811e+00,9.411875643570791761e-01,-1.415289195844213477e-01,3.068151456836177848e-01,-1.824683748994443855e+00,-3.057667431945103598e-01,2.964211738354986803e-02,9.516449146783949598e-01,-9.183133871531603987e+00
-5.309478055202123542e-02,-9.974924385759142975e-01,-4.679507732674221404e-02,-8.373860138007229281e+00,9.265673321764550385e-01,-6.668525465370003791e-02,3.701703064201426474e-01,-1.519292360913210294e+00,-3.723626232874944764e-01,-2.370467877137828056e-02,9.277845466393631613e-01,-9.310336073713145311e+00
-4.322843265129042850e-02,-9.990621610120111740e-01,-2.470029256966263260e-03,-8.394367111166646467e+00,9.181790644949827662e-01,-4.070297695153231310e-02,3.940691223508960839e-01,-1.040296887224044342e+00,-3.938000865079083201e-01,1.476706136306246871e-02,9.190774862681986290e-01,-9.452593321912752700e+00
-6.014144283286112364e-02,-9.981393266662039743e-01,-1.004447192867043322e-02,-8.436263912117787811e+00,9.226142070709948406e-01,-5.942605954122433948e-02,3.811188375797850969e-01,-6.910329179758832874e-01,-3.810066033085859338e-01,1.365386427891415212e-02,9.244714923811951923e-01,-9.521394294762362875e+00
-1.334579770624737538e-01,-9.904690970853707865e-01,3.405783430122624744e-02,-8.555271700404885493e+00,9.209736004610208360e-01,-1.112543163712755995e-01,3.734034069778000009e-01,-1.608771949478180474e-01,-3.660554542856332416e-01,8.120002960379800461e-02,9.270436664904670998e-01,-9.763874989280882488e+00
-9.145210547154029868e-02,-9.949613197598912162e-01,4.109117407041387032e-02,-8.554448752377572518e+00,9.301028467063489069e-01,-7.060432990772100292e-02,3.604493350625469494e-01,2.113989106309201449e-01,-3.557319313100433811e-01,7.118286858468468592e-02,9.318732704968468727e-01,-9.849910401686209127e+00
-1.386692369880826725e-01,-9.902500575429977747e-01,1.325391448742465131e-02,-8.599153268227219371e+00,9.230247984504115211e-01,-1.243823804148483508e-01,3.640799979234202177e-01,7.130689550522102405e-01,-3.588816854601601380e-01,6.272038726309760170e-02,9.312733695660202482e-01,-9.997316997083720125e+00
-1.490720710731834597e-01,-9.888138550310927588e-01,4.967667914438191230e-03,-8.626170604894333849e+00,9.292560859120893024e-01,-1.383723387140758931e-01,3.425437529340526477e-01,1.077887932743516686e+00,-3.380246210282626951e-01,5.567994232534208970e-02,9.394887437331825852e-01,-1.011149639929529798e+01
-1.405877663554877532e-01,-9.888074080925741693e-01,4.994987139550691180e-02,-8.610564453992898493e+00,9.267256392947904597e-01,-1.136698858138430190e-01,3.581323031125989154e-01,1.565928323660144672e+00,-3.484460782170492599e-01,9.663884705604047776e-02,9.323337727524649843e-01,-1.023097924389295343e+01
-1.336789966376543681e-01,-9.910045264353407601e-01,-6.320952667378375127e-03,-8.591814039262956726e+00,9.166003990093077869e-01,-1.260624458762066580e-01,3.794100265882421885e-01,2.064641368173393943e+00,-3.767938884774180153e-01,4.492536393154412944e-02,9.252070456290814038e-01,-1.033157731742440255e+01
-7.322857945462110663e-02,-9.964439806252407550e-01,4.167695558447638560e-02,-8.587139509882543820e+00,9.384539257149323577e-01,-5.470244248908364554e-02,3.410452639987325285e-01,2.531395251007127367e+00,-3.375526691663028322e-01,6.408616279245218927e-02,9.391225475289429747e-01,-1.049442805585196048e+01
-6.896709353497491868e-02,-9.941919835470413025e-01,8.261864111775869823e-02,-8.586521727214620370e+00,9.323417700086599202e-01,-3.476815885957218466e-02,3.599027632939751919e-01,2.868919426878842494e+00,-3.549399440841538578e-01,1.018502576350328870e-01,9.293245725327740070e-01,-1.066646200854505899e+01
-1.154903025456949367e-01,-9.931763538494083887e-01,-1.620864498674296286e-02,-8.569538538021916452e+00,9.258165950795057553e-01,-1.135410847361367492e-01,3.605163718228850955e-01,3.507508598464111671e+00,-3.598966828039679156e-01,2.662991234202253046e-02,9.326120444618782868e-01,-1.083180642872955879e+01
-9.918145445134686489e-02,-9.950262452510080236e-01,9.263387857788862173e-03,-8.577642588938292789e+00,9.392532509804442098e-01,-9.054001867630395717e-02,3.310677204753826319e-01,3.866041075267815152e+00,-3.285823635187797853e-01,4.153644519916146333e-02,9.435615264012398029e-01,-1.096754070778029266e+01
-1.011619479967566793e-01,-9.947009171373846215e-01,-1.833973073834602174e-02,-8.569998849969092447e+00,9.401920733207851377e-01,-1.016130309248917257e-01,3.251363671000604971e-01,4.324860729486668554e+00,-3.252769981758168449e-01,1.564855879340039044e-02,9.454892897676986374e-01,-1.112161097706852964e+01
-1.323914664297971555e-01,-9.911206273397354938e-01,-1.234510746266836989e-02,-8.570469153350924074e+00,9.441015642640343541e-01,-1.298847143113485425e-01,3.029887742845725485e-01,4.697949340139597751e+00,-3.019018648017542383e-01,2.845809287278870323e-02,9.529141624402877042e-01,-1.124835264686755743e+01
-9.864193424084913286e-02,-9.943863342989973653e-01,3.828298536732097773e-02,-8.574367240687687186e+00,9.456673670638089391e-01,-8.169319651407278005e-02,3.147053423663493943e-01,5.156749948015874274e+00,-3.098112323332267715e-01,6.724611366260213607e-02,9.484170815192289883e-01,-1.144252897550798487e+01
-8.655772654087365292e-02,-9.891185008455037897e-01,1.189636552112710438e-01,-8.576649129283788753e+00,9.373942941395762007e-01,-4.042724859188849551e-02,3.459155603407570445e-01,5.591336308567010249e+00,-3.373421072007557475e-01,1.414575160832415301e-01,9.306933296488812957e-01,-1.163848873127026273e+01
1.182826315560448968e-02,-9.927282782032683661e-01,1.197942312730612413e-01,-8.517596838965138417e+00,9.426278935334899689e-01,5.104334112621618236e-02,3.299200382809336363e-01,6.013366481023154186e+00,-3.336356493592108619e-01,1.090190028492953461e-01,9.363771198050553357e-01,-1.182553653572465890e+01
2.630408327526539414e-01,-9.577773753137702739e-01,1.160690296412578704e-01,-8.368778562041375935e+00,9.178901504420361457e-01,2.854891588862273344e-01,2.756331110007198548e-01,6.246643105575263810e+00,-2.971316072488615068e-01,3.403585602724122638e-02,9.542297252120209849e-01,-1.195768617850191617e+01
7.777725541940284648e-01,-6.084606737323098313e-01,1.576244348561740283e-01,-7.921763241287113289e+00,5.539299082856825596e-01,7.820501602085903059e-01,2.855857202738580902e-01,6.429412959990659537e+00,-2.970378942982176418e-01,-1.348078463552768169e-01,9.453017158092652528e-01,-1.204904265060498858e+01
8.606995032507316346e-01,-4.636885858738755140e-01,2.102124174120953426e-01,-7.600127921513505136e+00,4.124293671358604807e-01,8.771194617835965657e-01,2.460964584962010149e-01,6.483722538805148261e+00,-2.984935212493976531e-01,-1.251173253020746445e-01,9.461750750687729639e-01,-1.209415219443821243e+01
9.275157013002311990e-01,-3.239612708233792215e-01,1.864503120084518573e-01,-7.074463198773472072e+00,2.743346090168347073e-01,9.288066607593010726e-01,2.491158550248098458e-01,6.571884502513067439e+00,-2.538801806701896369e-01,-1.799090935324375862e-01,9.503565498944154255e-01,-1.220390444351340165e+01
9.523292489014104634e-01,-1.927547682484817837e-01,2.364626841688919068e-01,-6.726569176131655503e+00,1.334185926901258756e-01,9.602004347469641488e-01,2.453866423347700054e-01,6.582387853408723899e+00,-2.743510175149152519e-01,-2.021403582395671361e-01,9.401440287314056787e-01,-1.224864503266466009e+01
9.576747034637828060e-01,-1.721199565948210164e-01,2.307246906756189875e-01,-6.173427635080384945e+00,1.021349448329376408e-01,9.525670756614100787e-01,2.866782506745969017e-01,6.613000456770047109e+00,-2.691237919425481517e-01,-2.509794551505594162e-01,9.298288539848612588e-01,-1.230727578620374985e+01
9.666258177174980037e-01,-1.105306491164306099e-01,2.311222709474062553e-01,-5.590093451697858207e+00,5.254474146482727981e-02,9.684989021865088032e-01,2.434110240065691100e-01,6.629094393050405820e+00,-2.507460441689565167e-01,-2.231431201481080262e-01,9.419838476662935056e-01,-1.240513859543084330e+01
9.744943257044453855e-01,-4.663356222818880459e-02,2.195133709908255459e-01,-5.048681843837635519e+00,-2.021788209193005337e-02,9.559487810496837268e-01,2.928364138104164183e-01,6.619607527115274337e+00,-2.234995445488940080e-01,-2.898055190701839257e-01,9.306238309343396464e-01,-1.254059558106949623e+01
9.693132523972489700e-01,-9.898159584710004844e-02,2.250210265967077794e-01,-4.689896441631946189e+00,2.779980871898261527e-02,9.536208499292803120e-01,2.997239483513948199e-01,6.623643113453177023e+00,-2.442518973565261375e-01,-2.842708537006976566e-01,9.271089970300265826e-01,-1.249950231593325789e+01
9.756479543118631303e-01,-7.469538370049401410e-02,2.062320753445507915e-01,-3.935447517042554466e+00,2.013029530366259104e-02,9.667535286168636999e-01,2.549164296741873725e-01,6.629764965078115857e+00,-2.184166670793964982e-01,-2.445571805543315658e-01,9.447147426505274614e-01,-1.253357311321018308e+01
9.829138041073194332e-01,-1.077542489923215552e-01,1.492296067118950298e-01,-3.610548766738961746e+00,6.698172494532465826e-02,9.645425273457846060e-01,2.552864302401516849e-01,6.636293445110152511e+00,-1.714464995811667558e-01,-2.409288998138498783e-01,9.552797302444248073e-01,-1.257122262527821022e+01
9.803649005545728157e-01,-1.101736541154543642e-01,1.635433511319815680e-01,-2.976809043329635251e+00,7.237533189332819028e-02,9.725172242816245705e-01,2.212963167540291654e-01,6.635749559359734207e+00,-1.834297497516720332e-01,-2.051146372505325832e-01,9.613956066529686373e-01,-1.258651382906269944e+01
9.733492901814505549e-01,2.906101685876474536e-02,2.274788267123094287e-01,-2.498905918262258385e+00,-8.075584946890919380e-02,9.718363120306419134e-01,2.213880651598913729e-01,6.617314702394303971e+00,-2.146384217232070457e-01,-2.338581619653681276e-01,9.482830315904415830e-01,-1.257164947207871641e+01
9.750540537423080245e-01,2.407439934945256391e-02,2.206581418771197400e-01,-1.959492163898932438e+00,-8.615245707613117254e-02,9.572138353244677988e-01,2.762597104233127099e-01,6.517155580433921180e+00,-2.045662396888731083e-01,-2.883783916304943351e-01,9.354092990879295799e-01,-1.256416548391469235e+01
9.796357371326959163e-01,9.605318279251175151e-02,1.763167848161812656e-01,-1.674711947979811821e+00,-1.323945943239490108e-01,9.692142550384935662e-01,2.075943140453986036e-01,6.354710127672568376e+00,-1.509486466527085458e-01,-2.267101980626615998e-01,9.621938433434878979e-01,-1.260606258455949202e+01
8.183430045380251094e-01,5.522730505291374437e-01,1.590886689331655057e-01,-1.373207332510752554e+00,-5.744817509811198653e-01,7.941642616548142408e-01,1.981762934862165981e-01,5.820880038621266905e+00,-1.689510915476402295e-02,-2.535697205297003376e-01,9.671695570669842645e-01,-1.239786916219639146e+01
6.150360843590612081e-01,7.622958196533379249e-01,2.015829811152896056e-01,-1.269225765522936200e+00,-7.882894199794987511e-01,5.885458647510330987e-01,1.794813512118984544e-01,5.490509925553668680e+00,1.817705379497354737e-02,-2.692932387259490690e-01,9.628866736495171885e-01,-1.231947265362192034e+01
1.285752460349972037e-01,9.896937831656258400e-01,6.304460064398047237e-02,-1.183712647637818138e+00,-9.821562047950526120e-01,1.182820076592801528e-01,1.462140760893884672e-01,4.823556280867823176e+00,1.372501201807259374e-01,-8.071915650828453970e-02,9.872420282195120134e-01,-1.208628529246227856e+01
5.291363355886313791e-02,9.896731113072823049e-01,1.332189180971302955e-01,-1.050680409308153429e+00,-9.811948985950554869e-01,2.672847607129043637e-02,1.911600364562375254e-01,4.365495285279377136e+00,1.856252093726556140e-01,-1.408286949534009180e-01,9.724765088798228430e-01,-1.199609250211571521e+01
3.486118389974524751e-02,9.946413168703897023e-01,9.733112878957683733e-02,-9.982293094087941743e-01,-9.809016264637009375e-01,1.540608452569102761e-02,1.938934030864849778e-01,3.818134390363693509e+00,1.913548981813093797e-01,-1.022316161171892418e-01,9.761823598119855339e-01,-1.182824110408378182e+01
-2.316091527692320726e-02,9.925572972683043282e-01,1.195557762844689370e-01,-1.010254254777230187e+00,-9.830031039445767949e-01,-4.439536907538749883e-02,1.781402504769556416e-01,3.437271663320758286e+00,1.821221283613491670e-01,-1.133978079334296840e-01,9.767151414394238396e-01,-1.174787811849008001e+01
3.337989789729317591e-02,9.881436947674511195e-01,1.498593370721507112e-01,-9.837739049932479052e-01,-9.826713134173853392e-01,5.094945388822796906e-03,1.852866193712879583e-01,2.711501449695341570e+00,1.823262795181269103e-01,-1.534473200248970826e-01,9.711905311391082485e-01,-1.155541514177569162e+01
-3.093071550160215663e-02,9.924551133831498451e-01,1.186429043736113159e-01,-9.934607416676421998e-01,-9.876562839577935904e-01,-4.858281596429101651e-02,1.489119698065499986e-01,2.406151124990770995e+00,1.535524522671198044e-01,-1.125724562787311506e-01,9.817072305377686492e-01,-1.138197975037561527e+01
2.833976528969110037e-02,9.874278558128810612e-01,1.555091227809773657e-01,-1.093436587047122988e+00,-9.629890521618781341e-01,-1.474774674794527944e-02,2.691367484797103637e-01,1.847346786893832471e+00,2.680465316315396862e-01,-1.573808550321239841e-01,9.504642672660914560e-01,-1.121612379186668207e+01
-1.119418961560174428e-03,9.915293412031299658e-01,1.298780675652487782e-01,-1.063461569872248713e+00,-9.706559782845076700e-01,-3.230915853820901656e-02,2.382920269230658916e-01,1.350342508167327482e+00,2.404697875445875321e-01,-1.258001741169215426e-01,9.624700501680152342e-01,-1.113811517440397658e+01
-5.825416838012640458e-02,9.904346655528594168e-01,1.250824733427633451e-01,-1.067171984638388249e+00,-9.772715222224778175e-01,-8.216000596082606577e-02,1.954228883050370957e-01,7.752818594652101103e-01,2.038303797752092639e-01,-1.108553412863824833e-01,9.727097560881057259e-01,-1.102433235022226832e+01
9.291495549140348087e-02,9.868676779782962205e-01,1.321324986813005864e-01,-1.072561946182031933e+00,-9.700074420834002842e-01,5.978163096049955022e-02,2.356092504604317683e-01,3.191297916554472480e-01,2.246160576380386298e-01,-1.500611300818304739e-01,9.628235995704081951e-01,-1.075838781310283920e+01
-1.596317128335613192e-02,9.884533460310731545e-01,1.506823144319248964e-01,-9.893473982333580441e-01,-9.828710883921242258e-01,-4.318511596368261596e-02,1.791632477995681871e-01,-2.610531115845728389e-01,1.836017449956960645e-01,-1.452412767748433031e-01,9.722115874414155590e-01,-1.063014054336736969e+01
8.433160718526142019e-02,9.867029374334495007e-01,1.389442092703428722e-01,-9.894892146047825632e-01,-9.635555930403777447e-01,4.522589079466078632e-02,2.636574253125453238e-01,-7.616996465723251397e-01,2.538676803970174034e-01,-1.561151243859464355e-01,9.545571060904668448e-01,-1.055576598695657431e+01
2.642605476073909831e-01,9.548596115620173741e-01,1.356815580168621860e-01,-7.554631948005030573e-01,-9.403526512944387905e-01,2.238427224478554689e-01,2.561861175213386299e-01,-1.304354658670151990e+00,2.142504473315453017e-01,-1.952883965185167603e-01,9.570575677583181839e-01,-1.038524324350038697e+01
5.959376030154204251e-01,7.930336696344865155e-01,1.263169511122844424e-01,-3.596947898643808594e-01,-7.911179891357296157e-01,5.527941137749585732e-01,2.618224494607040986e-01,-1.643317540295025081e+00,1.378067508436417177e-01,-2.559614553049444630e-01,9.568140011622435770e-01,-1.033014652406640899e+01
9.120556427856540971e-01,3.936558420149628978e-01,1.148459076778359372e-01,6.950598873667990230e-02,-4.098489182529634900e-01,8.659697124349429176e-01,2.865664344479708636e-01,-1.980414722877207545e+00,1.335547339973589161e-02,-3.084340045987773449e-01,9.511519837215495210e-01,-1.029907313619624354e+01
9.704206590949914224e-01,2.394106925839669664e-01,3.108479818360875696e-02,3.767298988637015067e-01,-2.329316520590263562e-01,8.946628023954460440e-01,3.812103297118075163e-01,-2.012583973117836766e+00,6.345541640162162544e-02,-3.771750128075799791e-01,9.239655945125375691e-01,-1.031645448710839474e+01
9.927211982365186094e-01,-7.953941244076766226e-02,9.043287256543366959e-02,6.496482403443777365e-01,5.663782477686082895e-02,9.709956165740791789e-01,2.322922069258341882e-01,-2.015962330746518205e+00,-1.062863085086884624e-01,-2.254794768099898927e-01,9.684328712724993293e-01,-1.030465145870379295e+01
9.808113842418878514e-01,-1.671011142204571753e-01,1.004303050269256675e-01,6.837490039005063025e-01,1.332890821779355583e-01,9.506794082347781449e-01,2.800762098617816109e-01,-1.988233828699895289e+00,-1.422780696863821803e-01,-2.613156719078660317e-01,9.547099405063642630e-01,-1.031897417636142045e+01
9.772200737326055542e-01,-1.753720479484850714e-01,1.195222669313255465e-01,7.153490639919887206e-01,1.381292648126862255e-01,9.531376605432567706e-01,2.691633449347062834e-01,-2.021197854843510999e+00,-1.611249009196140669e-01,-2.465223009232383466e-01,9.556492669652213445e-01,-1.034689049490700796e+01
9.753464794825252859e-01,-1.789070885667799482e-01,1.291955828254593985e-01,7.302611803974556892e-01,1.371353078024994676e-01,9.500571066349655647e-01,2.803308785815735726e-01,-2.019728157833900806e+00,-1.728963629315706241e-01,-2.557024594972879261e-01,9.511693329224195637e-01,-1.033487448635914419e+01
9.801023938775941247e-01,-1.550972000375124560e-01,1.238715304496609965e-01,7.260899487653091899e-01,1.154833095137421384e-01,9.531281675414383647e-01,2.796610474536245783e-01,-2.053698850576405111e+00,-1.614400902476538224e-01,-2.597913677927533027e-01,9.520743366361724691e-01,-1.033168728650701595e+01
9.822577066210617103e-01,-1.597770178420693798e-01,9.818911524723880624e-02,7.213974219210460559e-01,1.321634403445762218e-01,9.612282167445665992e-01,2.420188843258965772e-01,-2.048895933740167319e+00,-1.330512037518865598e-01,-2.247479030014776780e-01,9.652905040849726337e-01,-1.032479168937061509e+01
9.769550437321491421e-01,-1.759588626001140355e-01,1.208193742691831968e-01,7.261753948230811329e-01,1.424449306972278839e-01,9.590297996403427394e-01,2.448903532613554423e-01,-2.047270675649391691e+00,-1.589600083196544833e-01,-2.220367583853723736e-01,9.619934478366988229e-01,-1.034369269838305883e+01
