9.999238694282500672e-01,1.099124311317424205e-02,5.607844725297948286e-03,-8.592583198431152577e-03,-1.073516292243193240e-02,9.989819794315890622e-01,-4.381507786108556485e-02,-1.939752568115656745e-02,-6.083717996816989833e-03,4.375154106738695509e-02,9.990239191478670344e-01,-1.826481840530862211e-02
9.994594845638201663e-01,3.262999736224220931e-02,4.002747501765802594e-03,-6.591863681442051981e-05,-3.237041013052414234e-02,9.980515914098493369e-01,-5.334020465135790728e-02,-3.995130928975280937e-02,-5.735439251224425973e-03,5.318180286909376941e-02,9.985683755157622743e-01,-7.935694178913418884e-03
9.992590851447992195e-01,3.731714556270136762e-02,9.418673082276923791e-03,3.287399798374026055e-03,-3.678101129100234262e-02,9.979793929203855107e-01,-5.181011980945202100e-02,-4.708928803252029199e-02,-1.133304742731662020e-02,5.142530460104998563e-02,9.986125375152764549e-01,-1.735930580157981663e-03
9.996674514027301672e-01,2.549959333940247583e-02,3.841529056902922689e-03,7.296276642834300524e-03,-2.525868786592165571e-02,9.982574180195856739e-01,-5.333034835965366760e-02,-4.159582618851956348e-02,-5.194737073410963558e-03,5.321558144373857852e-02,9.985695351843770773e-01,-5.788882822365667286e-03
9.997200192927475637e-01,2.353735440746778165e-02,2.424040594906367359e-03,4.463848365937352763e-03,-2.338206326581603739e-02,9.984088378465713065e-01,-5.131346438598969467e-02,-3.805494632428323837e-02,-3.627966750381392703e-03,5.124241853539032721e-02,9.986796545438891837e-01,-3.236697077677997032e-03
9.994650532542432853e-01,3.256359928734031683e-02,3.036334129541514576e-03,-7.392179849727977675e-03,-3.238009032431993228e-02,9.983175852430011821e-01,-4.809915534780488666e-02,-3.853838704275163590e-02,-4.597507377000244200e-03,4.797510808780856145e-02,9.988379507857525486e-01,3.494445983538831645e-03
9.994027074853869541e-01,3.451343033477308891e-02,1.746824949738254740e-03,-5.319340609930538893e-03,-3.438231116641213975e-02,9.981469306513054418e-01,-5.020519405633704774e-02,-4.655022307386064151e-02,-3.476341429473511421e-03,5.011514699075734353e-02,9.987373964623336153e-01,7.358068775140902580e-03
9.995732856503667385e-01,2.908881114959727121e-02,2.662269714672622824e-03,-2.430938350015513210e-03,-2.892303223931231432e-02,9.983733917042265649e-01,-4.913276852654570315e-02,-4.453100168615392596e-02,-4.087153069594713292e-03,4.903480195639099010e-02,9.987887080743771406e-01,2.753451062287607873e-03
9.997866620023027062e-01,2.051029887738070254e-02,2.440926515520966573e-03,5.879746337044810395e-05,-2.036609059557550200e-02,9.985903903198646292e-01,-4.901484177954136545e-02,-4.587112795431604745e-02,-3.442794816202107960e-03,4.895467292078641702e-02,9.987950676505529257e-01,-4.884639614867280870e-03
9.984752192090259326e-01,-5.052364880100195660e-02,-2.223954894598629758e-02,3.792645533833458212e-03,4.842938126421823114e-02,9.950886731757865311e-01,-8.633149800401873630e-02,-4.162094317867059967e-02,2.649210553830890977e-02,8.512281379915677404e-02,9.960182101322552217e-01,1.785458372508282043e-02
9.940129686817615884e-01,-1.038395748924703793e-01,-3.399354024844432332e-02,1.173271474808586234e-02,1.019294636727369335e-01,9.933364463514968712e-01,-5.378744077540894425e-02,-1.529559927136977734e-02,3.935228745396865402e-02,5.000047035709714871e-02,9.979736221144371866e-01,2.824390361547512301e-02
9.863871989388257600e-01,-1.591301158355008516e-01,-4.144755727178284915e-02,1.757007511289930893e-02,1.563190201423929337e-01,9.856311443781845538e-01,-6.399696222066075801e-02,3.032078134561024332e-02,5.103584731676159142e-02,5.664674276541060982e-02,9.970890074726176389e-01,2.655006727367783398e-02
9.813007469481090927e-01,-1.880598176603115179e-01,-4.101644817209275373e-02,2.005301183842991830e-02,1.853777387031277923e-01,9.807360455629264839e-01,-6.157842907145675421e-02,4.893107423543022194e-02,5.180673732632155165e-02,5.282342203193506752e-02,9.972591178086254171e-01,4.617043555988080417e-02
9.814230974152504672e-01,-1.897835707597004540e-01,-2.812294667267173018e-02,3.223582911279024299e-02,1.876567278296877306e-01,9.800738650803747509e-01,-6.511659916388611025e-02,4.544004853198600757e-02,3.992062574798508484e-02,5.862947429504603014e-02,9.974812922475168042e-01,-3.718131979352688743e-03
9.860508288657209297e-01,-1.647712576772214221e-01,-2.354135800441124055e-02,2.283896377510180598e-02,1.644179696773170607e-01,9.862570440494635715e-01,-1.624113019477661443e-02,5.335778087695026983e-02,2.589390160663365345e-02,1.214395760374343408e-02,9.995909314080958508e-01,1.668120635837498297e-02
9.874035811651302730e-01,-1.507916230499919685e-01,-4.791716102009373895e-02,5.140055412803288398e-02,1.504042622522470951e-01,9.885564051131228158e-01,-1.160998734611556893e-02,5.500704947662820449e-02,4.911950527676115646e-02,4.256797830387046983e-03,9.987838374110774575e-01,1.505468768366989910e-02
9.906681387000455530e-01,-1.356197578673572768e-01,-1.356171967661492367e-02,5.890127877829116898e-02,1.358042820216687208e-01,9.906401355832041844e-01,1.375931525440098058e-02,5.904927243542183041e-02,1.156874881596072629e-02,-1.547265483652636615e-02,9.998133630849024289e-01,2.149771300205378238e-02
9.939803784337365444e-01,-1.087586542967332176e-01,-1.321220663969017994e-02,6.923690270202681463e-02,1.089280095902042250e-01,9.939665169232959618e-01,1.285503644832485144e-02,5.156071468742622760e-02,1.173439454946843125e-02,-1.421683336524132146e-02,9.998300783801327141e-01,4.280648778937166943e-02
9.960852945897251676e-01,-8.484019582258076064e-02,-2.482392142444355895e-02,4.819554273683139545e-02,8.441603496954991348e-02,9.962740018797032748e-01,-1.766482999127862857e-02,1.429875793895357683e-02,2.623011517551036842e-02,1.550014036669301702e-02,9.995357555918108483e-01,6.751043288100855300e-02
9.933067838829852114e-01,-3.764387196029786442e-02,-1.091996886253692040e-01,1.539760416260962245e-02,4.144137408868925343e-02,9.986051481455299195e-01,3.271651892982499477e-02,-1.183289515306869266e-02,1.078157947876015460e-01,-3.702292534472355345e-02,9.934812818534815015e-01,7.580529871728455826e-02
9.929676316481327314e-01,-2.958968715955213880e-02,-1.146286740431846640e-01,-3.635788363193524775e-03,3.537186159689936077e-02,9.981849182583885094e-01,4.874115682525364396e-02,-1.872163526671035208e-02,1.129783780476098093e-01,-5.245302064985390977e-02,9.922119565488198845e-01,5.110215091239624086e-02
9.974628191676726541e-01,-4.595563386274287287e-02,-5.436914652956147814e-02,3.049710514286071983e-02,4.936506831176886573e-02,9.967840798110808587e-01,6.312359515863430470e-02,-3.851300652518971357e-02,5.129341486637253866e-02,-6.564737581541456313e-02,9.965236613547596711e-01,5.147217821393924864e-02
9.978821315267040193e-01,-2.477216790798109775e-02,-6.014641532843871541e-02,4.211367688014888699e-03,2.943694957601868459e-02,9.965223596429598762e-01,7.795288789574332522e-02,-3.438829997399096144e-02,5.800618569929583829e-02,-7.955832092726804194e-02,9.951410734121330925e-01,5.459061766882099265e-02
9.947438842707592155e-01,-5.037107564496059314e-02,-8.914796376974948311e-02,-1.345883227511920563e-02,5.909114414704116219e-02,9.934259808778544976e-01,9.804619931576416536e-02,-2.489339569581474829e-02,8.362321082879153877e-02,-1.027987123228817079e-01,9.911809034457034207e-01,5.884376269825002115e-02
9.933343021722335076e-01,-6.216031043002585160e-02,-9.707244683866396440e-02,-2.998760853332574708e-02,7.159060581871837248e-02,9.927165466977915242e-01,9.689501055741010782e-02,-1.680740313368857611e-02,9.034240026981417426e-02,-1.031986129735013996e-01,9.905494924504449905e-01,8.299098018208342364e-02
9.920576731696129080e-01,-9.576417843929116436e-02,-8.155240789297020509e-02,1.307516263685239502e-02,1.041881010087765125e-01,9.888693253140131700e-01,1.062181578695165357e-01,-1.729954899300482907e-02,7.047277994714544469e-02,-1.138713290554568547e-01,9.909928898360800265e-01,4.795118257234234904e-02
9.911497859264213339e-01,-8.800357153250666642e-02,-9.938547809178381598e-02,2.099905749061475868e-02,9.699417241567344361e-02,9.912457904025613331e-01,8.957630002740943342e-02,-2.562763121082752005e-02,9.063240245854724264e-02,-9.842334279389633456e-02,9.910088865483835940e-01,9.299083433273694355e-02
9.884567051360773071e-01,-7.505466000883320721e-02,-1.316060032159950266e-01,6.078526109426125174e-03,8.492167477376534601e-02,9.938525422752495508e-01,7.103121403047085725e-02,-4.501021286138357641e-02,1.254657372558296291e-01,-8.138748198575855575e-02,9.887539767560326043e-01,8.470502004527045992e-02
9.887483097211005045e-01,-6.301370108134586590e-02,-1.356689113234769151e-01,-6.852064883250543609e-03,7.600238615209560511e-02,9.927809681444836887e-01,9.278785798416608332e-02,-8.286542670392776921e-04,1.288426067838368827e-01,-1.020549987317270202e-01,9.863996958185931030e-01,4.394802695391962499e-02
9.935999465041333023e-01,-9.486851972599927296e-02,-6.131158350573787802e-02,1.441813143137543954e-02,1.032823611485089166e-01,9.828056771854370988e-01,1.530547443487582926e-01,2.409753432627636735e-02,4.573729531326022058e-02,-1.584075909073565935e-01,9.863139129913739422e-01,5.635197753953750943e-02
9.919678159469158540e-01,-7.378641769391421079e-02,-1.027395575686639861e-01,5.409319498754966427e-02,8.686180308168393871e-02,9.878020330465834276e-01,1.292368781518477283e-01,-7.559538226665028782e-02,9.195041756786302700e-02,-1.371229669783146643e-01,9.862770465929743269e-01,5.689052813924660307e-02
9.958941258512158390e-01,-6.965503685508664389e-02,-5.781925229332170874e-02,2.872781989372482844e-02,7.848309558140705022e-02,9.826572589425172088e-01,1.680033188825107715e-01,8.208563805132573776e-03,4.511423060412317332e-02,-1.718513523027833667e-01,9.840893348211345870e-01,4.920742484266656808e-02
9.955217709980916929e-01,-6.160918513136257740e-02,-7.169875714593929028e-02,1.396692594677775325e-02,7.308213168787565384e-02,9.826712315292811528e-01,1.703415767001173475e-01,-1.054412254012037503e-02,5.996170024923327263e-02,-1.748186461227046185e-01,9.827731353018590577e-01,5.261218925854955347e-02
9.937626903382158483e-01,-5.843836220955467287e-02,-9.497722418567516867e-02,6.107313789527614792e-03,7.411403251387643776e-02,9.824874564423827783e-01,1.709546960978529095e-01,-2.924874407257277431e-04,8.332361895815126873e-02,-1.769275438015292246e-01,9.806904806145898545e-01,4.910367869179484840e-02
9.930068353717365071e-01,-6.574796046616586398e-02,-9.805422275225213202e-02,-5.184278716186808272e-03,8.163631873422265428e-02,9.823980188736243235e-01,1.680167967100391346e-01,4.729594773323189498e-03,8.528151246626207438e-02,-1.748466133721716387e-01,9.808953692539024161e-01,5.797133557273222854e-02
9.944173557983728706e-01,-4.343439207721905282e-02,-9.616431808032915862e-02,-1.989387604460445685e-02,5.905163756343550369e-02,9.843488939378577385e-01,1.660426424277601509e-01,-3.069347188928820552e-03,8.744727890591552644e-02,-1.707943458906024392e-01,9.814184962714697091e-01,4.299940131590632153e-02
9.987670553292352649e-01,1.277050395462129943e-02,-4.797169392165979290e-02,-3.502847213584121822e-02,-2.786953485240030014e-03,9.792452228655145197e-01,2.026598785782228185e-01,-1.888553631836201695e-03,4.956412088637826563e-02,-2.022763152813840393e-01,9.780734584871155768e-01,7.505435484813466340e-02
9.987878869792667924e-01,3.549179499092054019e-02,-3.410409523523466602e-02,-3.515369459214150172e-02,-2.717666496015620423e-02,9.753235158343385169e-01,2.191015023731881506e-01,-2.126850384352304765e-02,4.103883167361007528e-02,-2.179090910193220987e-01,9.751058621226715850e-01,4.525243683406827977e-02
9.960990956784786521e-01,8.823525090966796713e-02,1.063995030566034167e-03,-5.069409755408581242e-02,-8.638804403384653385e-02,9.726454970317284232e-01,2.156335849349725886e-01,-4.913179484403389086e-02,1.799159349594431009e-02,-2.148843354011868712e-01,9.764737707499713260e-01,4.576570488521822938e-02
9.923758928193594508e-01,1.228189323843845576e-01,1.027604977310246637e-02,-5.191797354384192209e-02,-1.215871550212918456e-01,9.619516503426145393e-01,2.446744492932365622e-01,-4.734838531327809075e-02,2.016559160569377646e-02,-2.440584607242293758e-01,9.695508324291783886e-01,5.484963998627701010e-02
9.935615620559660188e-01,1.131638716899421027e-01,-5.418537538039310333e-03,-2.919460508139485114e-02,-1.088524901467806116e-01,9.667818259865925690e-01,2.312661590697498715e-01,-5.368973175724580521e-02,3.140951756639745462e-02,-2.291873449520547001e-01,9.728754304226593375e-01,3.788302751899910725e-02
9.957545599583070839e-01,9.069168210701335220e-02,1.574405026791928994e-02,-2.932232417137803707e-02,-9.184560189514694162e-02,9.675827386836727273e-01,2.352616186587212221e-01,-2.967082851471373323e-02,6.102600655171377779e-03,-2.357088513357183668e-01,9.718045563112165386e-01,2.883556089184931975e-02
9.974955793754042288e-01,7.072880474369065695e-02,7.284267645141291494e-05,-1.139173349366844404e-02,-6.890537454702895526e-02,9.715461784001150347e-01,2.266055440510348074e-01,-2.853635033159589857e-02,1.595676925509261976e-02,-2.260430477047694342e-01,9.739866128953107438e-01,1.488786228906905165e-02
9.987680308872597390e-01,1.177968224587218685e-02,-4.820435212480425613e-02,-4.628850893912467811e-03,-3.206394014718556666e-03,9.847055263326500718e-01,1.741974323787841283e-01,-1.016713241006907478e-02,4.951908233204867921e-02,-1.738282643764382795e-01,9.835301698417124872e-01,1.271028919519960956e-02
9.971038723782307267e-01,-6.945042131654076412e-02,-3.099204199939121704e-02,3.477587512954894572e-04,7.333587475337026429e-02,9.859685448063063573e-01,1.499595883119610173e-01,2.497420166606662342e-02,2.014242196199501553e-02,-1.517981147165199662e-01,9.882062614687361357e-01,7.745165471968273874e-02
9.890442183985348468e-01,-1.320364877517016811e-01,-6.601439202648132221e-02,2.193716199237458198e-02,1.398444016778749577e-01,9.812620892837370379e-01,1.325452958572000683e-01,3.300582048775105998e-02,4.727660490970590074e-02,-1.403249016985587960e-01,9.889761597690321926e-01,3.243493904446675957e-02
9.736730342756935164e-01,-2.056273111259832587e-01,-9.837800182694310391e-02,-1.002864375425488452e-03,2.143027729064618803e-01,9.728286689393612630e-01,8.762820558628559020e-02,4.273354934486733869e-02,7.768618827671640303e-02,-1.064038994058436605e-01,9.912835448761704304e-01,6.110475780689555991e-02
9.722614520903170021e-01,-2.021912020232241869e-01,-1.175856564536319898e-01,-1.030335302515844077e-02,2.170401855690743120e-01,9.672877035570034421e-01,1.313318559815578879e-01,6.739959804299355817e-02,8.718501377742433889e-02,-1.532097136993033903e-01,9.843401632569955817e-01,7.942038085767563760e-02
9.732444551150895018e-01,-2.007078389339779223e-01,-1.118552367043416790e-01,-2.286255672808172948e-02,2.168593530765575428e-01,9.632571761953471201e-01,1.584538844313483907e-01,9.928520589105910288e-02,7.594242273557615108e-02,-1.784712186841856396e-01,9.810100776905574804e-01,7.109873963870913527e-02
9.780508142921231496e-01,-1.722949703983722991e-01,-1.171795538391324776e-01,-2.801296932208725485e-02,1.890378594643691845e-01,9.702588983427445912e-01,1.512030352732809113e-01,9.073669989960012061e-02,8.764298232969709723e-02,-1.700356238032122713e-01,9.815327779988857193e-01,4.867826036713893134e-02
9.763271551883564436e-01,-1.732739906510586403e-01,-1.294658650211208684e-01,-2.275050537848413712e-02,1.885548392471675661e-01,9.750795645644315668e-01,1.169055831229344755e-01,7.005420146190441399e-02,1.059828223736521552e-01,-1.385495107631032896e-01,9.846683068064192579e-01,4.775524266890282532e-02
9.667584945196200374e-01,-1.753726691803898230e-01,-1.860710621743817961e-01,5.128813103502070925e-04,1.981386758960052563e-01,9.737939510861075565e-01,1.116530606042005908e-01,1.145481748475515871e-01,1.616139795572616722e-01,-1.448094186600199229e-01,9.761716825840693890e-01,1.674677179119142545e-03
9.637635694672653797e-01,-1.945752680186753070e-01,-1.824835533498165019e-01,6.492776177380088498e-02,1.993663459406334326e-01,9.798914933263204174e-01,8.106874428106444416e-03,8.599750671000265523e-02,1.772366843348025522e-01,-4.419418946167000262e-02,9.831754834940873433e-01,8.906064125471107457e-03
9.648015622929202451e-01,-2.000200448275112619e-01,-1.707334971947215285e-01,1.660715603148090747e-01,1.985564528646805715e-01,9.797502460417849557e-01,-2.578352975947163783e-02,6.140703775070130432e-02,1.724334086624039475e-01,-9.024247794801208353e-03,9.849798386407730977e-01,1.704279274710693293e-02
9.458735089243608396e-01,-2.873945409013792807e-01,-1.507570329211925797e-01,3.930257309230768548e-01,2.851939051907790290e-01,9.577747895285461111e-01,-3.649505426194094015e-02,-4.496313253761520523e-02,1.548797648408249406e-01,-8.475281920642370806e-03,9.878969723808334047e-01,6.492984545656919904e-02
9.491133732597443196e-01,-2.586779140648864384e-01,-1.796372496854352907e-01,4.677261919043868565e-01,2.586869970118603201e-01,9.656681770324390124e-01,-2.379095298283943546e-02,-5.155342732419483653e-02,1.796241695220722745e-01,-2.388950903398795456e-02,9.834451937355844775e-01,1.044673023103243892e-01
9.338361692678645021e-01,-2.803798245499808384e-01,-2.221197041066843569e-01,6.742731396172255698e-01,2.995816793570408865e-01,9.523444782899814776e-01,5.736560000730293873e-02,-4.842657830891714671e-02,1.954503168601536278e-01,-1.201130661331416272e-01,9.733303781262359067e-01,1.073679673102375665e-01
9.391070188459189616e-01,-2.687786118751608888e-01,-2.140935892379574046e-01,8.164445517261523788e-01,2.929469107879102419e-01,9.518863765740971372e-01,8.996906997660883420e-02,-2.244135947570742584e-02,1.796110091674504583e-01,-1.472086406808282011e-01,9.726610414192362608e-01,1.882487698617739680e-01
9.354656433303553120e-01,-3.202835681126802170e-01,-1.494070485135600979e-01,1.091796076081861244e+00,3.317134523699840631e-01,9.415653168577498011e-01,5.848879899050147407e-02,-5.678004731584305326e-02,1.219434937391484369e-01,-1.042745898461117648e-01,9.870443729879198047e-01,2.147056200646451640e-01
8.785016976336620376e-01,-4.149690054683767837e-01,-2.367181694660525360e-01,1.391584050033174202e+00,4.397690364440108857e-01,8.960138494606868509e-01,6.133821125324485923e-02,-1.037969892267608524e-01,1.866493017395969845e-01,-1.579870440106636298e-01,9.696402075434443768e-01,3.011097393780672871e-01
8.651318366797327020e-01,-3.971725327534864070e-01,-3.062693004356323301e-01,1.546720499080793232e+00,4.203541105323569949e-01,9.072958220482639780e-01,1.080338152227941842e-02,-1.098336740972997994e-02,2.735860503053881843e-01,-1.380879086667087530e-01,9.518836076739385366e-01,3.374834504510958455e-01
9.026049865922249893e-01,-3.282713098581125366e-01,-2.784639748744656140e-01,1.857153189494474166e+00,3.543081374757797719e-01,9.339228110238908531e-01,4.747553862440855033e-02,4.640719062258163302e-02,2.444790009331933578e-01,-1.415137101954170029e-01,9.592725827049553011e-01,4.021574162645089601e-01
9.301765987953368731e-01,-3.050059355789582760e-01,-2.043107298091363933e-01,2.021388590139256536e+00,3.178799272664524223e-01,9.475687006350320685e-01,3.264826822224693725e-02,5.291439899585069495e-02,1.836405371768795591e-01,-9.531493502301140175e-02,9.783614956992870981e-01,5.005816304066430522e-01
9.228694561992427658e-01,-3.414594210291433951e-01,-1.780938814360417122e-01,2.370862975330454425e+00,3.488199456420832401e-01,9.371274736097157110e-01,1.080480116085323801e-02,1.014941580933627491e-01,1.632072680267863396e-01,-7.209411901336501560e-02,9.839541786419321312e-01,4.974483216608653335e-01
9.185722916233645119e-01,-3.584099016807424931e-01,-1.666351926784964965e-01,2.575327165122890616e+00,3.585510123527919091e-01,9.330184623136761335e-01,-3.029390239984204244e-02,1.048683322482132779e-01,1.663313458208876550e-01,-3.192007767883973945e-02,9.855531401392767510e-01,5.915331724204535568e-01
9.219955712686227489e-01,-3.387379536924063905e-01,-1.875653627121111333e-01,2.931730644055332569e+00,3.444996527983492096e-01,9.387843191429628975e-01,-1.997837105593890539e-03,1.736949760668342058e-01,1.767601645814520506e-01,-6.277420536784476812e-02,9.822500920628990384e-01,6.235408721124215958e-01
9.383450498053321764e-01,-2.794944513897642535e-01,-2.034488121080143264e-01,3.076673298758760389e+00,2.857891254621806043e-01,9.582911440431867156e-01,1.630648939034662695e-03,2.047987401013163233e-01,1.945074375785918741e-01,-5.967356944858213247e-02,9.790842261194261376e-01,7.220261178784935785e-01
9.492826595280748903e-01,-2.519881045862739644e-01,-1.880543205202177548e-01,3.423764934419022854e+00,2.544863329875414193e-01,9.670121345916761202e-01,-1.114620451114689895e-02,2.623461108895798199e-01,1.846595208535381505e-01,-3.727635576966832620e-02,9.820953796137495972e-01,6.760740580813577871e-01
9.188778390115382999e-01,-3.079067893341634887e-01,-2.466919659320327141e-01,3.628955326653561020e+00,3.194207659720446069e-01,9.475867290222634853e-01,7.054448718344792993e-03,2.673344919499279215e-01,2.315899204182187976e-01,-8.528071331088955820e-02,9.690682683371016903e-01,7.508901491645768589e-01
9.312605781087680556e-01,-3.092249531895430725e-01,-1.927009703801377261e-01,3.993711105038596276e+00,3.197381853494257187e-01,9.471686432287634849e-01,2.527951964812168856e-02,3.071852439355644560e-01,1.747032583839769337e-01,-8.515567866624018656e-02,9.809318436573019051e-01,8.337048960661083141e-01
9.415812771694628269e-01,-2.791353857434174524e-01,-1.884360233867064804e-01,4.193422097495603573e+00,2.912497670658424354e-01,9.558345374719242615e-01,3.941966717167284806e-02,3.500358008313596558e-01,1.691102352550395427e-01,-9.199876847929051860e-02,9.812940206331021153e-01,8.671944541066625156e-01
9.319709372508176992e-01,-3.073174742787518343e-01,-1.923178154065810219e-01,4.490061930737287987e+00,3.191545343238774146e-01,9.471227176470184972e-01,3.315027808986079072e-02,3.942417884009298823e-01,1.719609122456047523e-01,-9.227419855980535657e-02,9.807726122500591837e-01,9.728611181735767888e-01
9.039622452924844787e-01,-3.586254568399697695e-01,-2.328949136243468054e-01,4.686922306676155614e+00,3.756682262937387495e-01,9.262050636390579683e-01,3.189927652290996951e-02,4.233225073018052065e-01,2.042685556787583456e-01,-1.163269607429471830e-01,9.719785982032849159e-01,1.053692081897085631e+00
8.752607460637730208e-01,-4.402217882918238456e-01,-2.003082712047481728e-01,5.088591472128201509e+00,4.529650452862368781e-01,8.912937861860168454e-01,2.044637999824125765e-02,4.787653147327680103e-01,1.695325754795359852e-01,-1.086285589490304515e-01,9.795195465287726000e-01,1.064274597388083388e+00
8.808853129781898383e-01,-4.231232565509587817e-01,-2.121503597570057464e-01,5.287031164578290365e+00,4.441145376126589550e-01,8.938736601253345349e-01,6.125485462583567936e-02,5.349294219000653161e-01,1.637172650040624733e-01,-1.481775607163544894e-01,9.753153682987572015e-01,1.143733374674246184e+00
8.547737551728650240e-01,-4.849953581431917238e-01,-1.847737266151093793e-01,5.536507536730888468e+00,5.009929307979269497e-01,8.640212583894486542e-01,4.973276929367054233e-02,6.978227557970070327e-01,1.355282655322586904e-01,-1.350805967956549836e-01,9.815219414822813349e-01,1.189927748621681047e+00
7.910337355485388411e-01,-5.742845687181827863e-01,-2.108621904379587020e-01,5.679663905768259191e+00,5.946983086462147572e-01,8.026992083548757373e-01,4.480962619558004345e-02,8.036347122738477511e-01,1.435254364823732032e-01,-1.608453140089133870e-01,9.764882150051366061e-01,1.160067613059824865e+00
6.256464919566201432e-01,-7.473631734845868069e-01,-2.236397863114279183e-01,5.936353785264320670e+00,7.692311341131894409e-01,6.387324086770185261e-01,1.744627228352416820e-02,9.463734493743195531e-01,1.298072779674216415e-01,-1.829458855090780045e-01,9.745157123217600414e-01,1.301065293877480933e+00
5.371714175670856406e-01,-8.181304008756495882e-01,-2.052060313733874430e-01,6.147381649199521014e+00,8.379420557211317844e-01,5.454307204611474891e-01,1.893252310384431134e-02,1.092289041700605701e+00,9.643640081842427825e-02,-1.821207740492050697e-01,9.785356632524468967e-01,1.243829809981306767e+00
4.230130614395859467e-01,-8.646519784300243927e-01,-2.709924464787772380e-01,6.271580787289654069e+00,9.017018224927457748e-01,4.311920170507964056e-01,3.173748170423614651e-02,1.357505367657302120e+00,8.940790325675980477e-02,-2.577797521697732797e-01,9.620581199732787248e-01,1.343193547569952129e+00
2.966162812007405170e-01,-9.322768477523034614e-01,-2.070716322234186224e-01,6.355084659488486665e+00,9.545108947550866585e-01,2.963278826046346626e-01,3.314721383311405173e-02,1.542734156843663662e+00,3.045871830014446752e-02,-2.074841322513157893e-01,9.777640826617791658e-01,1.304874559597975381e+00
8.213627114867941281e-02,-9.622385818964297455e-01,-2.595198344476536412e-01,6.452533435140098028e+00,9.962613266692815772e-01,8.627035021295106909e-02,-4.560225575383221319e-03,1.862877507736814930e+00,2.677689199579098844e-02,-2.581750146394531376e-01,9.657270110496876114e-01,1.353254998253543562e+00
-4.167446645113816184e-02,-9.761687937229320822e-01,-2.129735312369301081e-01,6.497947121370263979e+00,9.986465786913492071e-01,-4.733550100574350494e-02,2.154904203435946408e-02,2.077809329202367827e+00,-3.111671117062767694e-02,-2.117872434922606351e-01,9.768203078252791771e-01,1.352625571032004981e+00
-1.101490601729786661e-01,-9.619808338044110174e-01,-2.499201071062085999e-01,6.497668998601610291e+00,9.936083774623318821e-01,-1.128233143246530901e-01,-3.645816982945341948e-03,2.406612788396929048e+00,-2.468960873894251312e-02,-2.487242954312465504e-01,9.682595974647230097e-01,1.354354431378874235e+00
-1.410754212162317611e-01,-9.637123373019559347e-01,-2.266191882005200720e-01,6.455299380436940737e+00,9.891620610776948874e-01,-1.466232084187574503e-01,7.749301743799129165e-03,2.608741901731514989e+00,-4.069573015918908493e-02,-2.230698672725426601e-01,9.739526127393570709e-01,1.376391800332406712e+00
-2.102068666949240272e-01,-9.490048671803641422e-01,-2.349528362507689039e-01,6.389169582451563301e+00,9.754169334826886528e-01,-2.198377376734451660e-01,1.527006777489167168e-02,2.933189511171298225e+00,-6.614286862187453153e-02,-2.259671019476065523e-01,9.718868194228527102e-01,1.351844862740805064e+00
-2.751791959255798781e-01,-9.396360674100349142e-01,-2.033727389596605706e-01,6.357119805293919512e+00,9.607088148878641931e-01,-2.767393862602695043e-01,-2.130457906284355038e-02,3.137169976624673229e+00,-3.626269607332987394e-02,-2.012445599624810844e-01,9.788695745394274672e-01,1.347453971216997948e+00
-3.122987822850386563e-01,-9.257932211942925260e-01,-2.130173283420307984e-01,6.313383955459495489e+00,9.459006628175257170e-01,-3.238060334071302115e-01,2.053262794933996202e-02,3.437937018108138787e+00,-8.798526390622056492e-02,-1.950809173646552153e-01,9.768326514892490264e-01,1.302432299467188859e+00
-2.874150795107441869e-01,-9.371164898168121704e-01,-1.980031731645935100e-01,6.261056391548239120e+00,9.564092988145216356e-01,-2.919570011804128451e-01,-6.508655994560365830e-03,3.652907025037567035e+00,-5.170904380229303376e-02,-1.912427618895841952e-01,9.801797696412102301e-01,1.305314735153431105e+00
-2.679277519248772221e-01,-9.451130769275255528e-01,-1.870186931006246056e-01,6.137901329555221608e+00,9.603388522131545146e-01,-2.775455205341820220e-01,2.679128517505462506e-02,3.951701686464613950e+00,-7.722699449287385998e-02,-1.724231882665277216e-01,9.819909548817660205e-01,1.288031591624915428e+00
-3.295475994949813026e-01,-9.232378342526506021e-01,-1.975608287884257075e-01,6.066745973556655791e+00,9.402771909300219333e-01,-3.398405372930203283e-01,1.967773943161289091e-02,4.222770715866964508e+00,-8.530641173934318255e-02,-1.792771893378125592e-01,9.800931106273991222e-01,1.293731866238833961e+00
-3.635882221256261371e-01,-9.126642071700500347e-01,-1.866752519274829658e-01,6.024896046646226466e+00,9.272330436173515933e-01,-3.738500610266687896e-01,2.179483182909419670e-02,4.376162020901086969e+00,-8.967991723696304429e-02,-1.651671178564889653e-01,9.821798896451461314e-01,1.296100591063601648e+00
-3.046139296127756135e-01,-9.280014742835464014e-01,-2.145311576751178229e-01,5.978905240591844361e+00,9.500224113891789779e-01,-3.121783214162975328e-01,1.453786776726916389e-03,4.574910346042370790e+00,-6.832109296660975051e-02,-2.033665640297501742e-01,9.767160635981066985e-01,1.261532694201459526e+00
-2.428636002225452728e-01,-9.502082372133211496e-01,-1.952474778810106282e-01,5.940781833047978466e+00,9.690011838648806552e-01,-2.470370629819761688e-01,-3.065156064339301552e-03,4.680743689972780786e+00,-4.532082694968351394e-02,-1.899394520503612516e-01,9.807492172820760912e-01,1.270887301359306720e+00
-2.415018877591683932e-01,-9.500337351110385020e-01,-1.977694120932922961e-01,5.879989063613519917e+00,9.688320202018666505e-01,-2.476333598425531080e-01,6.498901804038635655e-03,4.803363145592085104e+00,-5.514847994575897833e-02,-1.900358419984434777e-01,9.802270267216744992e-01,1.277623191917052869e+00
-2.735508736822784281e-01,-9.385429178215235479e-01,-2.104925436083717738e-01,5.887523197936975095e+00,9.592237967694796641e-01,-2.823729300550290033e-01,1.245937732319730637e-02,4.869308012778225780e+00,-7.113105664058472222e-02,-1.985011833193902619e-01,9.775160627846456451e-01,1.284959822673516605e+00
-3.594019974390117445e-01,-8.961878504403844037e-01,-2.601490744936278410e-01,5.872349958176725337e+00,9.251981231948948059e-01,-3.785909387597761189e-01,2.602563977380853780e-02,4.898077527472866954e+00,-1.218139444952546918e-01,-2.313357685530587626e-01,9.652176568600846496e-01,1.266977244442757167e+00
-4.408466868703242447e-01,-8.606085669183605180e-01,-2.549648862533492322e-01,5.867820138630476912e+00,8.852323059501391311e-01,-4.638302910112122590e-01,3.500322331805844067e-02,4.908723341104325399e+00,-1.483845112458092308e-01,-2.102720991648195092e-01,9.663165532759758758e-01,1.250663360924122003e+00
-5.742992181225330395e-01,-7.855971978011633272e-01,-2.302551864145655491e-01,5.745327703104353034e+00,8.045909833050817195e-01,-5.935474137018346141e-01,1.829801278897033937e-02,4.900061924170003635e+00,-1.510422379601442100e-01,-1.747527124104888141e-01,9.729582374681697843e-01,1.232322218397959190e+00
-5.505479648420659178e-01,-8.154221695369141543e-01,-1.788396595723969196e-01,5.649318179208122181e+00,8.278703504176628813e-01,-5.608525954445823247e-01,8.663087348760312167e-03,4.906393368812048905e+00,-1.073667607204183555e-01,-1.432866065296671265e-01,9.838400922312610097e-01,1.234133245274873225e+00
-3.726983869785573944e-01,-9.129542801012592301e-01,-1.661637589499365131e-01,5.679365503313634100e+00,9.242843726257886638e-01,-3.811309789877180276e-01,2.091830240761530582e-02,4.922968157863758520e+00,-8.242760983635336047e-02,-1.457863481285373297e-01,9.858762751157014170e-01,1.235806793130511672e+00
-1.883124679094709819e-01,-9.660920885164484551e-01,-1.766479293277192775e-01,5.748920996434520703e+00,9.802813550658158182e-01,-1.958650569720138956e-01,2.617908263630105634e-02,4.967189325406515366e+00,-5.989056136131071240e-02,-1.682348238720996758e-01,9.839258939048967090e-01,1.255082046281705166e+00
5.834870861284001398e-03,-9.710152412433910030e-01,-2.389463445107936901e-01,5.902081825013862471e+00,9.962604835806478931e-01,-1.495390312975142764e-02,8.509659004237557500e-02,5.050296865823645120e+00,-8.620326639800969526e-02,-2.385493283457846281e-01,9.672968597116855527e-01,1.314338008726105622e+00
3.669989994668714645e-02,-9.684579052582638070e-01,-2.464597392814458499e-01,5.968793292116516547e+00,9.907367179083286235e-01,2.994083809416706217e-03,1.357637331925409530e-01,5.115716916210493181e+00,-1.307435395426342073e-01,-2.491592286167973458e-01,9.595966890641847158e-01,1.296220316997804156e+00
-1.896727350347956684e-02,-9.682538051269687918e-01,-2.492484932612223369e-01,5.962075253400338504e+00,9.895726105149088569e-01,-5.378082422178950134e-02,1.336176315638539502e-01,5.258244038919847263e+00,-1.427805695973824729e-01,-2.441151199806570193e-01,9.591775211827453518e-01,1.234819146652527344e+00
-6.094978162169532865e-02,-9.694526756788367505e-01,-2.375850031870938017e-01,5.934204232068135632e+00,9.912882455549015814e-01,-8.663527157323511196e-02,9.920657208127608984e-02,5.412332759411321526e+00,-1.167593180219601290e-01,-2.294686020756994960e-01,9.662874429053037728e-01,1.188517158078053360e+00
-1.548789428591961226e-01,-9.620449570540836604e-01,-2.246820279097192508e-01,5.855571766719912752e+00,9.807923474588096102e-01,-1.770255391009758206e-01,8.190439348561862065e-02,5.656327564631268956e+00,-1.185701658304311457e-01,-2.076811477068034317e-01,9.709838601450225815e-01,1.237661110454139513e+00
-2.535491737886951258e-01,-9.446873492029972397e-01,-2.080351622367810904e-01,5.828014576454788376e+00,9.573832335754302036e-01,-2.758225033708526786e-01,8.566966034069223301e-02,5.832597217532661915e+00,-1.383118235716800370e-01,-1.774479047214984062e-01,9.743623969397762208e-01,1.196788472803975489e+00
-3.189151543980002779e-01,-9.253275474431169600e-01,-2.050903562779227696e-01,5.763508977688772461e+00,9.443954183269376301e-01,-3.285259348658209344e-01,1.371145373864889050e-02,6.120601600763904138e+00,-8.006508688803254392e-02,-1.893136024258276484e-01,9.786469954984622355e-01,1.229472441050834863e+00
-2.702531200031682568e-01,-9.323080632348237362e-01,-2.403433509708231830e-01,5.723134342499228921e+00,9.539618221395085307e-01,-2.930241580366068077e-01,6.398190921820343102e-02,6.310472722190147543e+00,-1.300772579232116477e-01,-2.119870704412633033e-01,9.685769917445431476e-01,1.223424794783277703e+00
-6.736111425600754821e-02,-9.561427815577735467e-01,-2.850499281900492621e-01,5.685446203885169858e+00,9.920854962365204255e-01,-9.453170949877928719e-02,8.264456459063314331e-02,6.608133423672580165e+00,-1.059662608726285593e-01,-2.772268695025822960e-01,9.549431471990738052e-01,1.204525957816197757e+00
2.455325561123367431e-02,-9.603837703801010317e-01,-2.775971023432883267e-01,5.692674767587576845e+00,9.920160804926464460e-01,-1.095256943348389689e-02,1.256349364898631249e-01,6.790166922652874248e+00,-1.236981555355479434e-01,-2.784655361320420019e-01,9.524472224243175633e-01,1.253398231283406217e+00
-9.094689501624318717e-02,-9.642427849901337167e-01,-2.489267239196593928e-01,5.639247308601815334e+00,9.919088040896555380e-01,-1.099434737283128960e-01,6.347721602260926466e-02,7.051550151832167046e+00,-8.857531629259707273e-02,-2.411395533275739467e-01,9.664399252745325963e-01,1.225042848730282907e+00
-2.476903878451184038e-01,-9.469000388952519831e-01,-2.050116779827535207e-01,5.613529246473803802e+00,9.645748636542835763e-01,-2.608478979415204124e-01,3.941708444076210544e-02,7.234950803177608414e+00,-9.080090404536014792e-02,-1.879858784048946130e-01,9.779654929213428272e-01,1.228857578023814900e+00
-3.390206917042937196e-01,-9.231654051414072137e-01,-1.811921779394540244e-01,5.583490028826901153e+00,9.346207126263521570e-01,-3.524966125727793664e-01,4.722564615254453563e-02,7.464346534724191073e+00,-1.074667117118203175e-01,-1.533354912432758343e-01,9.823131542431016161e-01,1.170039275228362152e+00
-2.722223383960680199e-01,-9.497804547340256143e-01,-1.543116531030721827e-01,5.499905684277082152e+00,9.601402129004797947e-01,-2.786887974309782967e-01,2.152500308701486148e-02,7.726865425423661726e+00,-6.344895625301770481e-02,-1.423012367890793273e-01,9.877877241384914742e-01,1.204837881348785888e+00
-2.871363519665690034e-01,-9.425691638669039252e-01,-1.706343655497765399e-01,5.378226668740690108e+00,9.548611097156705085e-01,-2.958047727553498318e-01,2.719921998355125797e-02,7.965761510587061167e+00,-7.611160576343280193e-02,-1.551222348420762953e-01,9.849589411369953362e-01,1.144595231549464964e+00
-3.924852744706359142e-01,-9.100559855076482130e-01,-1.332419324590097542e-01,5.333451592955908538e+00,9.188119457685336444e-01,-3.945153607767551418e-01,-1.192637515037318040e-02,8.255777748373819946e+00,-4.171231996365144801e-02,-1.271052058449566591e-01,9.910117804599301028e-01,1.174054063437881990e+00
-4.021646954111151584e-01,-8.973635427400551423e-01,-1.816651588112059845e-01,5.327475613773162699e+00,9.116296656746940563e-01,-4.108558648159451043e-01,1.134949374143947275e-02,8.425937527028477092e+00,-8.482281784242824696e-02,-1.610469822982039390e-01,9.832949501883511134e-01,1.129979329798387777e+00
-3.290304085549415891e-01,-9.276767183285319351e-01,-1.765074970571288704e-01,5.308363287601200575e+00,9.413616168728640154e-01,-3.370013454541073705e-01,1.638290086121020964e-02,8.718232035111313394e+00,-7.468129969861847517e-02,-1.607669102562023777e-01,9.841629458793899055e-01,1.140673213830735611e+00
-2.231943504591085148e-01,-9.583538601046587280e-01,-1.781632979758612512e-01,5.280766833526864268e+00,9.725675023436196609e-01,-2.312287163227134124e-01,2.541129931434658873e-02,8.983910752188664972e+00,-6.554948747495835393e-02,-1.676041752768982207e-01,9.836727632304966829e-01,1.102649002022655589e+00
-1.679167257720241835e-01,-9.667701465373121916e-01,-1.927678836586257105e-01,5.275425977110844045e+00,9.825559516271762384e-01,-1.799866693219595859e-01,4.678248377760425847e-02,9.172307741582677920e+00,-7.992355802901289497e-02,-1.815496698719399893e-01,9.801285335308692614e-01,1.142615138712437695e+00
-1.565527674034291328e-01,-9.734451116890556754e-01,-1.670204943921801966e-01,5.317939627152582283e+00,9.871203201434490815e-01,-1.598512740308297986e-01,6.406539675607348001e-03,9.461441194219299078e+00,-3.293485354791095276e-02,-1.638663623792302182e-01,9.859326096150670127e-01,1.131636537899160855e+00
-6.127602002512728269e-02,-9.808944937206424131e-01,-1.846381367930346740e-01,5.393305324230807329e+00,9.953677160624114784e-01,-7.378255306461600771e-02,6.163801330320148320e-02,9.629768598437641103e+00,-7.408346097867386792e-02,-1.800059083802263427e-01,9.808718131120042205e-01,1.128086591589877674e+00
1.992096617427424610e-01,-9.693696266755729152e-01,-1.436594499056751684e-01,5.517338820667668564e+00,9.793268533000542009e-01,2.021867126443553375e-01,-6.280735266105873411e-03,9.850791937427089806e+00,3.513438591687828572e-02,-1.394383738750852586e-01,9.896072528115966715e-01,1.204076322873453009e+00
3.888624965698251890e-01,-9.120856233352981901e-01,-1.299452748911706923e-01,5.604983376859765443e+00,9.202831196962043547e-01,3.911632978268392846e-01,8.381768038598559623e-03,9.977563653370653540e+00,4.318493213730872221e-02,-1.228457982117862474e-01,9.914857394324966267e-01,1.187556293741107272e+00
5.997181925750895148e-01,-7.905076360407923275e-01,-1.242407616511776031e-01,5.789672593722686500e+00,7.953823980456085074e-01,6.059016419763605388e-01,-1.581268887847125243e-02,1.016700972405551973e+01,8.777773278961129022e-02,-8.933575774317764617e-02,9.921260968318329487e-01,1.234017410395623404e+00
8.260110963266875661e-01,-5.503637275833768161e-01,-1.216775908115911992e-01,6.014777442251741491e+00,5.547266745570363922e-01,8.320291877470996633e-01,2.397346823738544241e-03,1.023561008535671846e+01,9.991989431576958625e-02,-6.947804039717740687e-02,9.925667819459269570e-01,1.265978132691092606e+00
9.647332906406350661e-01,-2.479632252397287739e-01,-8.833978072421241889e-02,6.255752416318763665e+00,2.445044736300134580e-01,9.684493116609187435e-01,-4.820262563805739753e-02,1.027588007718962615e+01,9.750507835287626490e-02,2.490320606275750470e-02,9.949234091241370148e-01,1.307952344404004874e+00
9.960806570966813656e-01,-4.616838577692770201e-02,-7.544405021335129358e-02,6.405447781809577634e+00,4.163288726999791328e-02,9.972921043139616470e-01,-6.062310921252585943e-02,1.027807593712225476e+01,7.803862668836226979e-02,5.724455282193229716e-02,9.953054977828722505e-01,1.349106615182951163e+00
9.895598388271290569e-01,1.192299718870844377e-01,-8.096628424369048393e-02,6.661418888457714793e+00,-1.262697033917231093e-01,9.880633799790751182e-01,-8.824238862186380150e-02,1.024572904810737661e+01,6.947868295953357753e-02,9.754471255855338974e-02,9.928029722286680903e-01,1.402246022925799807e+00
9.863651543628674245e-01,1.339487567004724877e-01,-9.561125894534162895e-02,6.849202849108795732e+00,-1.435321571694406773e-01,9.844170118474341313e-01,-1.015956034661723989e-01,1.020307204498017484e+01,8.051274505941667659e-02,1.139336533416108882e-01,9.902205918477108293e-01,1.475108382641094007e+00
9.842239785313932066e-01,1.559081030407405699e-01,-8.364103950855887593e-02,7.158150759001894237e+00,-1.621832103095094679e-01,9.839564329264974818e-01,-7.433938657444301434e-02,1.014951460795935212e+01,7.070902613907233125e-02,8.673177911700433174e-02,9.937191917808887442e-01,1.514489415478425416e+00
9.713261001568131991e-01,1.937277214445062290e-01,-1.378229919065578346e-01,7.358930039016601476e+00,-2.050072687958021667e-01,9.760446769020397761e-01,-7.286157033771856195e-02,1.011084153456210011e+01,1.204060916027140937e-01,9.902706011546709430e-02,9.877732606574476382e-01,1.583698721779729368e+00
9.778043551712315429e-01,1.676058134557482648e-01,-1.257256310543233557e-01,7.654005591451156221e+00,-1.768902244738085883e-01,9.819711055309968684e-01,-6.665280480097741933e-02,1.006932348347062778e+01,1.122875393522213550e-01,8.741303791808438528e-02,9.898234536058208022e-01,1.636008735608216469e+00
9.816562250222299335e-01,9.074460688562034638e-02,-1.676796713864800448e-01,7.858664189624307461e+00,-9.756850456618176848e-02,9.946849069419025913e-01,-3.289867502951257516e-02,1.001996359469160680e+01,1.638030609964990780e-01,4.865544392103221538e-02,9.852924464264526394e-01,1.716121144630449624e+00
9.869340231072015746e-01,-1.659156170036124242e-02,-1.602683815160536873e-01,8.134241292871855933e+00,1.417067168670883837e-02,9.997677578224363204e-01,-1.623645535964376302e-02,9.969225017797391786e+00,1.605005485890307337e-01,1.375319959286963427e-02,9.869399289741896952e-01,1.745934238671064120e+00
9.883319676876225479e-01,-2.387406505963843989e-02,-1.504325452295450227e-01,8.341136012539479339e+00,2.608371780045807761e-02,9.995786741972620959e-01,1.273239002504618182e-02,9.935111177065328647e+00,1.500651902088458445e-01,-1.650766814459214346e-02,9.885382823037308642e-01,1.763090187020189159e+00
9.848254213408302871e-01,-8.462603215223346576e-02,-1.515167454871699237e-01,8.648455832775677976e+00,8.446789133499471580e-02,9.963980394121580986e-01,-7.491487771257679049e-03,9.904429741140862831e+00,1.516049630265257908e-01,-5.420492392443697176e-03,9.884263014752030507e-01,1.834083618127001047e+00
9.692036633234041298e-01,-2.056703961891163668e-01,-1.354398284549412912e-01,8.892749815735834673e+00,2.046837851995782220e-01,9.785958794489789669e-01,-2.132258900443689126e-02,9.898964448147264505e+00,1.369262833676025692e-01,-7.056405380299268608e-03,9.905561064706247532e-01,1.870248980703733910e+00
8.769912915117104024e-01,-4.448160992112775158e-01,-1.817275776955265543e-01,9.198027222333006847e+00,4.522805604452102557e-01,8.918756227628136246e-01,-4.100790284192304446e-04,9.951328031509875771e+00,1.622608062841654208e-01,-8.183221495172800231e-02,9.833488289209004751e-01,1.988636648073812685e+00
8.179497288243824382e-01,-5.531573232922472050e-01,-1.580354922296703102e-01,9.373775191512311977e+00,5.638839550416185897e-01,8.253189342703576292e-01,2.972443408145491323e-02,1.007189769820923964e+01,1.139873956310086950e-01,-1.134267711917997939e-01,9.869859376983355359e-01,1.975967179435217380e+00
7.097368345324659433e-01,-6.776002156427295420e-01,-1.926955460532503717e-01,9.668080304923956092e+00,6.954625121963251555e-01,7.175377936504444554e-01,3.835894697236096051e-02,1.025267387112332962e+01,1.122743062210173337e-01,-1.612372861473984620e-01,9.805085505585409145e-01,2.060596955083371817e+00
5.556985287343128022e-01,-8.066135598979707888e-01,-2.014291690675449054e-01,9.791457279667206137e+00,8.272200449964202118e-01,5.606597395091513780e-01,3.698180160093502561e-02,1.042074730143484196e+01,8.310320281818413257e-02,-1.871769790392300570e-01,9.788046976793209897e-01,2.100886517639281248e+00
2.769170443721640229e-01,-9.316961422637242141e-01,-2.350728589758456777e-01,9.958236298001809317e+00,9.606995483221386634e-01,2.733675954571884170e-01,4.823417468552519682e-02,1.077469428909924964e+01,1.932170773569546682e-02,-2.391912545325352857e-01,9.707802096073692155e-01,2.067431004816842055e+00
7.144811190811696522e-02,-9.741676842131893332e-01,-2.142253260925879588e-01,1.001324139209836162e+01,9.970327049051704860e-01,6.358244630982221035e-02,4.339421471507274447e-02,1.099891453129529140e+01,-2.865227136274606928e-02,-2.166900910424128246e-01,9.758198869616183657e-01,2.146532771926092487e+00
-1.198375937509991856e-01,-9.490940921090041948e-01,-2.913062914661372349e-01,9.992776443497220384e+00,9.874120591299611061e-01,-1.444513780380136114e-01,6.442999974894469961e-02,1.143289144432560889e+01,-1.032297273497347623e-01,-2.799182089588004851e-01,9.544576573555245691e-01,2.099886402273745567e+00
-2.208626352265330717e-01,-9.374834517017766045e-01,-2.689692810454620275e-01,9.968064294769074962e+00,9.688479368234345079e-01,-2.425734922105640956e-01,4.991769415493572254e-02,1.165417587503894303e+01,-1.120418300179251425e-01,-2.495653795342874515e-01,9.618543287131063879e-01,2.169079775764538365e+00
-4.103787668845981229e-01,-8.798637723391448118e-01,-2.396435056816793585e-01,9.934172495619844057e+00,9.023018515360513581e-01,-4.298382267448703220e-01,3.302222802051419520e-02,1.198686422418015951e+01,-1.320630016503104021e-01,-2.026791576703291797e-01,9.702991923325274826e-01,2.107308649466175243e+00
-5.335726933844607833e-01,-8.132631370594211040e-01,-2.321707362582981493e-01,9.879923667107767926e+00,8.358707793448992840e-01,-5.489232628386024881e-01,1.814318597501323469e-03,1.224417053485656126e+01,-1.289194365167749545e-01,-1.930966633965766899e-01,9.726733560005155210e-01,2.149136091097250567e+00
-6.148081356104473372e-01,-7.343163619878420034e-01,-2.877332738911944077e-01,9.765374319247269952e+00,7.524769336739209891e-01,-6.554192895117219031e-01,6.483840856038508571e-02,1.258657662120406862e+01,-2.361978422337918382e-01,-1.766494705706458113e-01,9.555132358430260542e-01,2.075223023250759802e+00
-6.660717983896172756e-01,-6.872874383184959246e-01,-2.898005115930949449e-01,9.671965412773337434e+00,7.169218829221778444e-01,-6.971314208147326719e-01,5.549405387191687876e-03,1.279860652984162428e+01,-2.058430790124847198e-01,-2.040680260168924454e-01,9.570709835640341945e-01,2.032452472005356281e+00
-7.482387431813107836e-01,-5.967412004438917839e-01,-2.898943305675955040e-01,9.489536449676700514e+00,6.131949156122443734e-01,-7.888591966521842913e-01,4.114806586661299420e-02,1.302257741527008683e+01,-2.532405549467633410e-01,-1.469731524804886724e-01,9.561736838985903653e-01,2.073388791354873639e+00
-8.837240758080403547e-01,-3.660381806274858318e-01,-2.916295735348936602e-01,9.297057665910694269e+00,3.885355821911876673e-01,-9.211910199364045093e-01,-2.114724946373968198e-02,1.320879569367267159e+01,-2.609058435692448441e-01,-1.319967996257732090e-01,9.562975403502684824e-01,1.981042257692063435e+00
-9.335525253688087277e-01,-1.924690417789771957e-01,-3.023827877611444115e-01,9.131207308631040576e+00,1.974813041207222342e-01,-9.802035231862109566e-01,1.421927059022330686e-02,1.332548985163513855e+01,-2.991334432996385906e-01,-4.644051130232500907e-02,9.530805118192688941e-01,1.949348180317043155e+00
-9.476856297067429713e-01,-3.542432465685246834e-02,-3.172334542098910748e-01,8.832763660412112472e+00,4.134417700681526642e-02,-9.990735429013426483e-01,-1.194633425733872267e-02,1.343012561607085509e+01,-3.165163602011157873e-01,-2.443712538669044754e-02,9.482722291767652356e-01,1.910218640775203980e+00
-9.540712850481892771e-01,3.250498123749411689e-02,-2.978110294150401183e-01,8.606092797705587216e+00,-2.741152118821539585e-02,-9.993980288545446511e-01,-2.126472261278571085e-02,1.345203079223752596e+01,-2.983229651780833214e-01,-1.212460788647912180e-02,9.543879726457967783e-01,1.869109401664965864e+00
-9.505332267911119626e-01,8.887718073846867517e-02,-2.976364082400824729e-01,8.308405798686923305e+00,-9.732097046253190831e-02,-9.951595710843681442e-01,1.364026346546982904e-02,1.343842421587917713e+01,-2.949834122019517890e-01,4.193178774102113843e-02,9.545818517563249284e-01,1.788930460546205747e+00
-9.494919204034838467e-01,1.750894663797270268e-01,-2.604011748271611859e-01,8.078764145953549303e+00,-1.774403508286695741e-01,-9.840225707573182490e-01,-1.464589150435209597e-02,1.341975704742723607e+01,-2.588049748098017466e-01,3.229952016704092099e-02,9.653894167695623585e-01,1.759685673950173834e+00
-9.175479542049097548e-01,2.598859746244533975e-01,-3.009402464408540423e-01,7.773449637182457295e+00,-2.710688773055217049e-01,-9.625481575584873273e-01,-4.765305560543900421e-03,1.339224814504808947e+01,-2.909079158268267906e-01,7.720313837053108252e-02,9.536310921603968760e-01,1.682138032926748572e+00
-9.279530211175082144e-01,2.355279671794907048e-01,-2.888421147879672857e-01,7.544464617890575653e+00,-2.434265922520244818e-01,-9.698792935518628644e-01,-8.811930770597857163e-03,1.335332925682350513e+01,-2.822174423799054810e-01,6.213479392124843237e-02,9.573361910013156173e-01,1.656549659301446153e+00
-9.393667399273484264e-01,1.556361723516637430e-01,-3.055609755416873186e-01,7.265351054879465309e+00,-1.679703034422921626e-01,-9.856879757006502540e-01,1.432451467444528781e-02,1.327928235959821102e+01,-2.989583668000761474e-01,6.478114243263521921e-02,9.520647554160128756e-01,1.608990535338769456e+00
-9.485088770088964116e-01,1.078978861143921747e-01,-2.978069112820705411e-01,6.959565875253812095e+00,-1.153673922232001658e-01,-9.932940894282746846e-01,7.564173350255740634e-03,1.329595759474503680e+01,-2.949936864526762070e-01,4.153189231061012177e-02,9.545961590506002459e-01,1.543933292869627882e+00
-9.620648973838160645e-01,3.907304773007274495e-02,-2.700082038808268026e-01,6.761942106334042357e+00,-4.303214380913545495e-02,-9.990353127491081731e-01,8.756624890965075333e-03,1.336858256030114411e+01,-2.694055823865881272e-01,2.004347328620097873e-02,9.628182026517609904e-01,1.493474525096127214e+00
-9.496089340108792021e-01,-1.039874696250705083e-01,-2.956847622176294599e-01,6.517731190210682257e+00,1.035988073992746006e-01,-9.944734243296317056e-01,1.702631514872793989e-02,1.346125267636854872e+01,-2.958211614340144346e-01,-1.446424775336774791e-02,9.551338262174358107e-01,1.401308626575161975e+00
-9.544814989812407946e-01,-1.184103390729158989e-01,-2.737591271595524178e-01,6.318557972441926296e+00,1.199611838392839885e-01,-9.927161840113026825e-01,1.113069512268634320e-02,1.347235470799063428e+01,-2.730831054356908094e-01,-2.221642641546421604e-02,9.617338758320435055e-01,1.347897820853342088e+00
-9.497474311219773480e-01,9.121199059370243070e-03,-3.128843569194910135e-01,5.991951593577845792e+00,-1.497850490662495405e-02,-9.997545915040149112e-01,1.632180006621958626e-02,1.345882352286795403e+01,-3.126586980526313009e-01,2.018812755950333965e-02,9.496509769582051064e-01,1.303516981683471965e+00
-9.511853680708389769e-01,1.379274217489896148e-01,-2.760840848321723384e-01,5.753182642911853328e+00,-1.313845165663103109e-01,-9.904349725908436763e-01,-4.215060943344502153e-02,1.346791580566997837e+01,-2.792570578778248436e-01,-3.819868931034383838e-03,9.602087815817815786e-01,1.263565428884436903e+00
-8.884077543925862352e-01,3.380853283151438737e-01,-3.105317579784117044e-01,5.431516578421161867e+00,-3.489105872530037789e-01,-9.369018076678091722e-01,-2.182670134387523775e-02,1.343600460374262795e+01,-2.983170528781175501e-01,8.895680731024552257e-02,9.503123814805743974e-01,1.171963463326819666e+00
-8.489358052236563035e-01,4.337369838507451614e-01,-3.019606389073248853e-01,5.219993074107948772e+00,-4.386019345095337751e-01,-8.969766387807751595e-01,-5.532858687908571299e-02,1.338130272461548920e+01,-2.948496933248465623e-01,8.547010191640397325e-02,9.517134652954334362e-01,1.136505248113599098e+00
-8.121919306176467179e-01,4.898737903469791433e-01,-3.168089919346716576e-01,4.899211805635746764e+00,-5.078032583246101517e-01,-8.609692650490573529e-01,-2.945802905481360520e-02,1.323861472697764086e+01,-2.871935212961603812e-01,1.369510648807417963e-01,9.480317964886734172e-01,1.087114047098178826e+00
-7.725962396758898620e-01,5.629939049239255366e-01,-2.934840940446075686e-01,4.730188859767318732e+00,-5.826019943334711515e-01,-8.123820888682989905e-01,-2.470339824073434359e-02,1.309464361064116922e+01,-2.523290840100208543e-01,1.518986659075332313e-01,9.556447188459602504e-01,1.025995694453281537e+00
-6.330125796988442799e-01,7.226471801925191674e-01,-2.776258757803643507e-01,4.454316816653324018e+00,-7.395702004816148145e-01,-6.704912729715646336e-01,-5.896924137679026429e-02,1.284818087414145182e+01,-2.287596828608517985e-01,1.679955530029623445e-01,9.588777303017472775e-01,9.689571793708122716e-01
-4.727577696666330764e-01,8.490873996580291516e-01,-2.356919153509435816e-01,4.239222692812962379e+00,-8.509714244116899362e-01,-5.093574868700271319e-01,-1.280725786583092052e-01,1.258435861004695511e+01,-2.287962544592221925e-01,1.400197782865555407e-01,9.633518233926864349e-01,9.042380523261384084e-01
-4.118066731956686044e-01,8.709311028292545664e-01,-2.681310836813468046e-01,4.133107966349311546e+00,-8.889631992343556277e-01,-4.486483852486515267e-01,-9.197313097201770260e-02,1.235686079875627286e+01,-2.003988381167263466e-01,2.004835168745690288e-01,9.589820984476559174e-01,8.699432056277061065e-01
-2.674749957246965737e-01,9.208422548324273205e-01,-2.837369704095742406e-01,4.027551305492510281e+00,-9.491498506476759855e-01,-3.025357927775872979e-01,-8.710140701464078039e-02,1.202878853118495783e+01,-1.660472453176103369e-01,2.460114546186157880e-01,9.549380485240207550e-01,8.637061765265118263e-01
-1.617192262873059228e-01,9.532982068621620453e-01,-2.550870844288684602e-01,3.954367261330651306e+00,-9.790016177545387555e-01,-1.874911490368837419e-01,-8.001813211281617877e-02,1.177637176185850265e+01,-1.241077124236444895e-01,2.367901979099112098e-01,9.636014102785206425e-01,8.325852074182067408e-01
-5.309663409446535760e-03,9.598356509061306552e-01,-2.805126213276003533e-01,3.871869959805222194e+00,-9.923567326865286864e-01,-3.964239920152786562e-02,-1.168614362279664087e-01,1.141625296841249870e+01,-1.232879660234312280e-01,2.777480934860764306e-01,9.527098582457588227e-01,8.311726015157042680e-01
2.042058712835483070e-02,9.643547867132903351e-01,-2.638235110154067975e-01,3.840971854174164868e+00,-9.926360648239158646e-01,-1.195815054972918304e-02,-1.205431269144766754e-01,1.117642805635996517e+01,-1.194011827086436661e-01,2.643422932082443166e-01,9.570091481219928919e-01,8.004211344397855754e-01
7.246656937327010384e-02,9.510797826272703315e-01,-3.003262282933876204e-01,3.830972262874496881e+00,-9.899290830139459985e-01,3.187206862053569567e-02,-1.379296264223711654e-01,1.081667803419039409e+01,-1.216100609589358950e-01,3.072969546212766523e-01,9.438111965610769261e-01,8.062609749668266934e-01
1.321777003452043742e-01,9.571926515395056123e-01,-2.575097733489401519e-01,3.831538103447483135e+00,-9.881996786843316727e-01,1.069645829980147150e-01,-1.096356376012989631e-01,1.056776802746997923e+01,-7.739800113462901032e-02,2.689624617355180769e-01,9.600358032894048543e-01,8.178754398996178621e-01
2.212402270160708784e-01,9.370205288242133834e-01,-2.702689225787299199e-01,3.803103741485070799e+00,-9.727092260902999721e-01,1.921559923032303274e-01,-1.300493602474434296e-01,1.022021539656852163e+01,-6.992512730546926458e-02,2.916652245022551826e-01,9.539611487829898762e-01,8.028753624007461953e-01
2.076821743198193349e-01,9.466764724048482016e-01,-2.463164043763704236e-01,3.817225331951783485e+00,-9.770877010826549691e-01,1.887771647059350855e-01,-9.829957516998424905e-02,9.998527835934609698e+00,-4.655898262208406357e-02,2.610877987970706138e-01,9.641915901191503435e-01,7.955503853024157301e-01
2.356299294474076267e-01,9.379843870644103410e-01,-2.542908295082834669e-01,3.877460675032046833e+00,-9.697371475532275964e-01,2.097126266066205447e-01,-1.250219136674869391e-01,9.624370164309068443e+00,-6.394060528285887279e-02,2.760541683531571588e-01,9.590128753728528466e-01,8.078208082690823133e-01
2.437179281935856756e-01,9.353174325811409728e-01,-2.564817182312371657e-01,3.908500245891366465e+00,-9.690405271466793202e-01,2.240688403292313835e-01,-1.036996217003612608e-01,9.395804863568285370e+00,-3.952250275869542695e-02,2.738146363935551886e-01,9.609700914556876805e-01,8.113805956780266726e-01
2.324249286379264923e-01,9.419878995269914679e-01,-2.421517080104540753e-01,3.921131773786036057e+00,-9.719152363131747796e-01,2.155062605118206742e-01,-9.454007141162798500e-02,9.024697855763372800e+00,-3.687039422028792063e-02,2.573244038658918376e-01,9.656214191934138213e-01,8.121985194298589894e-01
2.337365680168225490e-01,9.454222979284110373e-01,-2.270328067735558897e-01,3.964126109403414144e+00,-9.689537890362893702e-01,2.071376710299632495e-01,-1.349908884054753511e-01,8.778456033794908464e+00,-8.059634907323214026e-02,2.515366053282187542e-01,9.644861661506711759e-01,8.180913390899833271e-01
1.810991853870783652e-01,9.510170711510991248e-01,-2.505386505737600134e-01,4.023179043650221942e+00,-9.782883162927875631e-01,1.480988797472672924e-01,-1.449782467221407412e-01,8.432355855095297059e+00,-1.007722940949457857e-01,2.713544770162976127e-01,9.571894757810763821e-01,8.488568685866546559e-01
1.846426625654606912e-01,9.407453821125261184e-01,-2.844384172271626210e-01,4.062233994671626824e+00,-9.801602247877679863e-01,1.550440553045275560e-01,-1.234798552749293704e-01,8.224340172503838531e+00,-7.206261794251232755e-02,3.015948722188136477e-01,9.507089523858431868e-01,8.408282170163169367e-01
2.391069750925103599e-01,9.327066137860363648e-01,-2.699744933542688186e-01,4.110320922423992052e+00,-9.705242989131408482e-01,2.209279353301535631e-01,-9.629866359358746353e-02,7.898191945215875975e+00,-3.017349302393267096e-02,2.850424880443963582e-01,9.580398427665696159e-01,8.625655840651790252e-01
2.561245358459808830e-01,9.295328581226590670e-01,-2.652713475066621474e-01,4.142280165819578919e+00,-9.664867047444053449e-01,2.413042973019873250e-01,-8.761099049716260245e-02,7.706450290719440765e+00,-1.742617829533818843e-02,2.788205547909145543e-01,9.601851001427299526e-01,8.610763381366093316e-01
1.630935922428904117e-01,9.491666239798802751e-01,-2.692270419031962403e-01,4.244570830349278623e+00,-9.863078433566417891e-01,1.500959529670626291e-01,-6.832307835628344261e-02,7.411851520662985138e+00,-2.444009620438276562e-02,2.766837993550486652e-01,9.606501740342185958e-01,8.917613285271284163e-01
9.715568858589523904e-02,9.506150054970723406e-01,-2.947742924666271747e-01,4.271029759437416473e+00,-9.927285956491836982e-01,7.141103385113520274e-02,-9.690407434525558084e-02,7.232361690592652437e+00,-7.106833018862503126e-02,3.020456514636688516e-01,9.506406875765875952e-01,9.287001158741254869e-01
2.951728414772834472e-02,9.658374708207908554e-01,-2.574620552528840145e-01,4.279957823119993066e+00,-9.964882895445714706e-01,8.242011992280542931e-03,-8.332561454230515141e-02,6.944969941997924501e+00,-7.835699545717660086e-02,2.590174689028058586e-01,9.626890110861902050e-01,8.560395679243796296e-01
-2.212354411238881546e-02,9.546101587184728787e-01,-2.970353407717641336e-01,4.235537444889202696e+00,-9.935715626357408681e-01,-5.398776403887923375e-02,-9.950312183873331884e-02,6.755936537860970148e+00,-1.110229648202507996e-01,2.929245059833220366e-01,9.496679077851094553e-01,9.088548689945875614e-01
-2.590799079728193233e-01,9.201409661450465904e-01,-2.936293645166546673e-01,4.152778335348760841e+00,-9.497888646242761412e-01,-2.979320506058521500e-01,-9.559082517438438620e-02,6.533750587469396187e+00,-1.754386329191004457e-01,2.541202385553959497e-01,9.511278517823062995e-01,8.259257278665442792e-01
-4.576936751150669225e-01,8.387966831610962348e-01,-2.948501722529696667e-01,4.040873648780061167e+00,-8.650882669504527112e-01,-4.966926987771601021e-01,-7.013311176700452731e-02,6.399730618895808298e+00,-2.052773493211678957e-01,2.229719428524680469e-01,9.529662756657604206e-01,8.681871818491142534e-01
-6.289226127957825430e-01,7.089064841484531421e-01,-3.192302364225603206e-01,3.866331690865385085e+00,-7.279228940075896936e-01,-6.811489906596948085e-01,-7.851313840940198074e-02,6.241846012311532910e+00,-2.731018262365528249e-01,1.829963094041992533e-01,9.444192624309932782e-01,7.791531772763504726e-01
-6.922327304845627971e-01,6.544874130732207806e-01,-3.040724798047471644e-01,3.712806538451354665e+00,-6.706475360977488531e-01,-7.390177526610945957e-01,-6.391121636898657032e-02,6.155075086595624967e+00,-2.665440473390913723e-01,1.596840235604930214e-01,9.505026477857003719e-01,7.536985216649967345e-01
-7.435594648980647925e-01,5.848625354131338216e-01,-3.241221017311575747e-01,3.503703089515123104e+00,-6.037142191289576187e-01,-7.955907555484065252e-01,-5.064080674148194877e-02,6.021488016686180167e+00,-2.874864584324189343e-01,1.580226703863598092e-01,9.446588653381430278e-01,7.112632695295719731e-01
-7.487113282236356193e-01,5.642568455917015280e-01,-3.479160231902241884e-01,3.400338467525195973e+00,-5.896155673835076216e-01,-8.067173879740286990e-01,-3.950365349413247767e-02,5.928802846313894648e+00,-3.029601123722761580e-01,1.755598705378395574e-01,9.366930672147166792e-01,7.008698212258384075e-01
-7.198242080179266811e-01,6.071186046653149759e-01,-3.365413933242151212e-01,3.285392725995400998e+00,-6.440313866481337524e-01,-7.649948661746114320e-01,-2.535298516925098711e-03,5.789068938900397754e+00,-2.589916650462809056e-01,2.149182509600547630e-01,9.416652605044028013e-01,6.778885128042320130e-01
-6.174758259377034486e-01,7.199570812968871802e-01,-3.168365595587367411e-01,3.223574876857410398e+00,-7.570129077691577502e-01,-6.533342332790198492e-01,-9.264831169506541897e-03,5.685567867616926563e+00,-2.136704515215761824e-01,2.341285559605709443e-01,9.484348988888917642e-01,6.750823928766858106e-01
-3.574739975296984396e-01,8.924190076446587572e-01,-2.753191890963256339e-01,3.196783751122495243e+00,-9.185345648979003075e-01,-3.892542608976664043e-01,-6.910407702035956112e-02,5.549678051878370155e+00,-1.688389593013444601e-01,2.281872809065682850e-01,9.588659815920599350e-01,6.786421069191216349e-01
-1.316483577845727060e-01,9.474772601971742647e-01,-2.914713558857540687e-01,3.209475380382230458e+00,-9.772599823706125122e-01,-1.733523997105842207e-01,-1.221141776026482689e-01,5.450605791623548413e+00,-1.662276654158814926e-01,2.687671611708484787e-01,9.487531693367604602e-01,6.846960543091787921e-01
4.115040436271825280e-02,9.611706273455764560e-01,-2.728693265079354391e-01,3.281362971134551554e+00,-9.899979378783997364e-01,2.337980055050060783e-03,-1.410624572513083652e-01,5.274844874388861626e+00,-1.349471274881380856e-01,2.759448477094140761e-01,9.516531478460663607e-01,6.729077502335715222e-01
5.690312159179991558e-02,9.565616911645504761e-01,-2.859226569363167436e-01,3.337507660478144622e+00,-9.892666016499660486e-01,1.541559255555481275e-02,-1.453064016693249305e-01,5.138472681316090807e+00,-1.345868701361128961e-01,2.911221230043759545e-01,9.471717288244981825e-01,6.762567047016330157e-01
9.437123185382621793e-02,9.578804530345869095e-01,-2.712178244375628156e-01,3.406609199109413399e+00,-9.829879305229889397e-01,4.653676446386978416e-02,-1.776768358547743121e-01,4.899043355042084436e+00,-1.575715680080690406e-01,2.833714298363326223e-01,9.459766560058390228e-01,6.712864297496989874e-01
1.200456550258175575e-01,9.533253052097212521e-01,-2.770557762549139547e-01,3.418846485136010749e+00,-9.894910832842012116e-01,9.223830830269308390e-02,-1.113529998810727645e-01,4.702829445720385415e+00,-8.060047649039892015e-02,2.875116639864334633e-01,9.543796971128793993e-01,7.027328169340530950e-01
1.531091584116026916e-01,9.518825160130923724e-01,-2.654755380803934250e-01,3.444875564311918215e+00,-9.843635440673965675e-01,1.232295492285631483e-01,-1.258685477313477574e-01,4.432848404380002272e+00,-8.709763901257207286e-02,2.805960689416526210e-01,9.558660195722649133e-01,7.307570164439450844e-01
8.583152854943587595e-02,9.670490410141027171e-01,-2.396854208761362293e-01,3.460533327913156931e+00,-9.895894832016035592e-01,5.485408270883429527e-02,-1.330551928597844824e-01,4.266346599373915360e+00,-1.155231727561596144e-01,2.486105023603699393e-01,9.616897704938289770e-01,6.990178856429488663e-01
-1.079191766364483301e-01,9.433255316276005775e-01,-3.138317904445224737e-01,3.438943619691749110e+00,-9.841080184032104938e-01,-1.461416882340696166e-01,-1.008663227970617582e-01,4.043309551109791400e+00,-1.410136852529426388e-01,2.979589708996857045e-01,9.441057103056748057e-01,7.223527217347377460e-01
-1.992142447106329539e-01,9.334048929914768866e-01,-2.984442836509700325e-01,3.417133721246535139e+00,-9.669706178025774257e-01,-2.366507324326886652e-01,-9.467975045157625558e-02,3.893037091178974229e+00,-1.590016006550643568e-01,2.697252983660243797e-01,9.497193029577134515e-01,7.150743306958988743e-01
-2.519038695094676927e-01,9.217568324849364503e-01,-2.948029550284270717e-01,3.337497583834987847e+00,-9.638112856752576452e-01,-2.664180352553394693e-01,-9.446485891094308709e-03,3.701141238369642039e+00,-8.724818697923041044e-02,2.817548087575804661e-01,9.555113717851896338e-01,7.136977533431868581e-01
-3.703737842758563770e-01,8.910729890689602639e-01,-2.623207732393473268e-01,3.277456459983883352e+00,-9.268029645591088217e-01,-3.733899679274833017e-01,4.020194939998920913e-02,3.601114145242031217e+00,-6.212507388830502270e-02,2.580094184382056288e-01,9.641429433396014881e-01,6.954523683417626057e-01
-6.417033134144556339e-01,7.060555485246462482e-01,-2.995036225999090362e-01,3.174761689770568829e+00,-7.508964016227293037e-01,-6.578719364430465344e-01,5.795782320542989391e-02,3.493360278752206227e+00,-1.561135855169053788e-01,2.620879196724575366e-01,9.523331721508064840e-01,6.295810388466188678e-01
-7.725287282121588994e-01,5.540917893393834115e-01,-3.101316705426644948e-01,3.108767935167049856e+00,-5.908505101307053309e-01,-8.061672394193399871e-01,3.146516749176750394e-02,3.447824913362588006e+00,-2.325834017405113696e-01,2.075492015732191553e-01,9.501727685853397221e-01,6.032639414787617227e-01
-8.838924172477807817e-01,3.385898919602957635e-01,-3.226314922542274366e-01,2.957616961659657484e+00,-3.694977314518945177e-01,-9.284581604117917442e-01,3.790607888788086882e-02,3.390647344475615999e+00,-2.867152266339854094e-01,1.527165001794708044e-01,9.457653246916777334e-01,5.710176815115511895e-01
-8.946353266368645141e-01,2.954266660294145863e-01,-3.351875852893341223e-01,2.705012661940815466e+00,-2.961940640805483804e-01,-9.538124307355784204e-01,-5.010911471713098281e-02,3.336529090502176054e+00,-3.345096541757763831e-01,5.445118890374887888e-02,9.408179203704452043e-01,5.288434891069315746e-01
-8.861335934293250727e-01,2.877414101645989764e-01,-3.632796931738943580e-01,2.531962037741402050e+00,-2.902121179925699623e-01,-9.557030831727314490e-01,-4.907691294693571765e-02,3.301431841283648527e+00,-3.613089829582113999e-01,6.193946795560070079e-02,9.303866514213747774e-01,5.009987227218317685e-01
-9.340481327693853641e-01,2.048621987243521847e-01,-2.925501071677257259e-01,2.261202093833933446e+00,-2.138307547048540758e-01,-9.768697870868766620e-01,-1.351820695257592922e-03,3.248535219490702453e+00,-2.860602978610908842e-01,6.129354460841653779e-02,9.562492391510482026e-01,4.389591225070722524e-01
-9.419051363125285903e-01,1.581989014322671694e-01,-2.962900973264210314e-01,2.071320954827134742e+00,-1.779099117992468948e-01,-9.832085505775060019e-01,4.060799619364899998e-02,3.194430741823557351e+00,-2.848908167555778692e-01,9.096182527249162264e-02,9.542343364559017216e-01,4.046134438589295557e-01
-9.286166129093185173e-01,1.764464134931591766e-01,-3.264013624270356573e-01,1.773976563647075011e+00,-1.975940563017513363e-01,-9.797441493347349706e-01,3.252676987615022580e-02,3.120768874099001611e+00,-3.140505932856108018e-01,9.469986805564768739e-02,9.446714560349525058e-01,2.993013267228549212e-01
-9.254554879973698744e-01,1.953694250533931087e-01,-3.245965611183455057e-01,1.543859153895351000e+00,-2.146285061320737653e-01,-9.763946651672738009e-01,2.424999357527104701e-02,3.099682422310090946e+00,-3.121966433052466017e-01,9.210996464657461580e-02,9.455416491734998097e-01,2.856459410075298799e-01
-9.140388765261987514e-01,2.271350061585935554e-01,-3.360693695891657229e-01,1.262355034167469192e+00,-2.366398414324631383e-01,-9.715105795932980071e-01,-1.299150434367998819e-02,3.046765480763751199e+00,-3.294457734522361347e-01,6.765266229520572328e-02,9.417476305459054897e-01,2.253337297657825034e-01
-9.203412020569924357e-01,1.682984537574397366e-01,-3.530548148080467352e-01,1.064042315095775848e+00,-1.867230505307781174e-01,-9.822379470552710101e-01,1.852343826416053690e-02,2.995836874298856145e+00,-3.436663704769054029e-01,8.297135546380358939e-02,9.354192535840430978e-01,1.556651590083163450e-01
-9.196554142612117788e-01,1.591884322118870265e-01,-3.590166598780056839e-01,8.009346288114822521e-01,-1.893916935360398790e-01,-9.806103017641693009e-01,5.034106170448371387e-02,2.932114446015953835e+00,-3.440417204927169181e-01,1.142912031781342791e-01,9.319725400656955205e-01,1.218877642130817285e-01
-9.347731938885990299e-01,2.115002291444073590e-01,-2.854237710128047500e-01,6.515734969737937421e-01,-2.332530293578632119e-01,-9.714160867097131336e-01,4.408866948509795880e-02,2.883814518894595835e+00,-2.679404789924179631e-01,1.077888656283658014e-01,9.573867871262181639e-01,1.159474816490258797e-01
-8.881013985039145631e-01,3.691889199338996286e-01,-2.738164483252071291e-01,4.490084286394538937e-01,-3.983369281216281310e-01,-9.154223954746162351e-01,5.770207585641514564e-02,2.820025216441969462e+00,-2.293547419828388945e-01,1.603164971596990063e-01,9.600494899058217291e-01,8.108195991678794623e-02
-8.173521133530479155e-01,4.834308292415424035e-01,-3.134169046751310583e-01,3.266497489443859759e-01,-5.133711368189505242e-01,-8.580296260073407844e-01,1.533743051884810769e-02,2.732543952009251154e+00,-2.615064027486200260e-01,1.734352738993349130e-01,9.494917625176840792e-01,5.871691486960362028e-02
-7.611865958911777641e-01,5.711996513282580068e-01,-3.071252587431981818e-01,1.889280825633903871e-01,-5.987647981225958649e-01,-8.009056665901521654e-01,-5.552454681492963694e-03,2.645293668287662658e+00,-2.491499202584790962e-01,1.796693394718756331e-01,9.516529018969743792e-01,3.799291706176967376e-02
-7.680008771191300099e-01,5.469749345621380821e-01,-3.331562301758601019e-01,1.070422429341924969e-01,-5.750895868704737346e-01,-8.179110416518317050e-01,-1.713169627218279548e-02,2.627201998047009379e+00,-2.818627677033510581e-01,1.784375210115851929e-01,9.427159865398728744e-01,-9.869842045101863415e-03
-8.256951070179547880e-01,4.356763934921019099e-01,-3.583485320192094647e-01,-1.456854239830016051e-02,-4.527585471594620659e-01,-8.907475673547111672e-01,-3.972995375930306328e-02,2.653178867396810858e+00,-3.365074861287041252e-01,1.294405323126373575e-01,9.327421189020896897e-01,-6.680343407884778428e-02
-8.604258704335484564e-01,3.607239274830628672e-01,-3.599243943245075683e-01,-8.900725925213434642e-02,-3.703056593518759265e-01,-9.278360477403398976e-01,-4.465408341414029564e-02,2.698092111673404681e+00,-3.500586238626920421e-01,9.486051156713763699e-02,9.319122508072196220e-01,-8.635195826877242742e-02
-8.688350629903913713e-01,2.445733721177834330e-01,-4.304758982445102133e-01,-1.871768740048921353e-01,-2.502629345601138922e-01,-9.671602239958881908e-01,-4.437977811551362117e-02,2.759529566563927894e+00,-4.271932781585422445e-01,6.917345423758040901e-02,9.015103639587281892e-01,-9.435792444681699587e-02
-8.715002773674112024e-01,1.685617827441135974e-01,-4.605151375868664076e-01,-2.234637269549786809e-01,-1.796900641984665592e-01,-9.835210984197760853e-01,-1.994316402948153807e-02,2.745869752633207206e+00,-4.562880092407372579e-01,6.536952165407287907e-02,8.874277876322339553e-01,-1.251993357668934603e-01
-8.774752540214739716e-01,-5.713459019553127072e-02,-4.762066958613009326e-01,-3.249212596720737478e-01,4.882136393395233170e-02,-9.983622176137012527e-01,2.982208686661960359e-02,2.702279432335274567e+00,-4.771306456344819868e-01,2.919082842308039216e-03,8.788275291271780976e-01,-1.774571995965482651e-01
-8.793615705599444610e-01,-2.029332913467519206e-01,-4.307450608950974535e-01,-4.386636616268784206e-01,1.860458660168708700e-01,-9.791558579530490469e-01,8.149074532890251965e-02,2.690401413166807920e+00,-4.383037348236720199e-01,-8.478508088193977346e-03,8.987869330048237071e-01,-1.749033749603838561e-01
-8.760668881637903027e-01,-2.587002973383692450e-01,-4.069164086394787549e-01,-6.432387835048557490e-01,2.536360571707916289e-01,-9.649480083854152790e-01,6.740987773223179602e-02,2.681078507975724001e+00,-4.100921335088826836e-01,-4.415311166903816004e-02,9.109747223518734893e-01,-2.422665242794238560e-01
-9.050841177648364377e-01,-2.476376988668729795e-01,-3.456852757491508110e-01,-8.105553866429364707e-01,2.456546471475508642e-01,-9.680515050938909294e-01,5.029987892891673446e-02,2.699049089538662294e+00,-3.470972977490017763e-01,-3.939357289420477443e-02,9.370013939743998543e-01,-2.793883927415160562e-01
-9.153862340260421337e-01,-2.354068626679430010e-01,-3.265756444752966892e-01,-1.075957859153217733e+00,2.359756584973242421e-01,-9.709963467046290875e-01,3.849134036399781689e-02,2.701673461210435168e+00,-3.261648833831959360e-01,-4.182945965583165226e-02,9.443869784958527358e-01,-2.883356386727777831e-01
-8.802786701665263891e-01,-3.257487800634107367e-01,-3.449597007435081242e-01,-1.221322935276065058e+00,3.359056054002595437e-01,-9.413600006261477748e-01,3.176119459062248795e-02,2.719687708964204642e+00,-3.350774344991568343e-01,-8.791519497980707087e-02,9.380799706747418032e-01,-3.387713739456670869e-01
-7.772602051064377848e-01,-5.543819563471447109e-01,-2.975352416682939816e-01,-1.466734967621304175e+00,5.530141931511959319e-01,-8.274874387665247522e-01,9.715884343150645031e-02,2.732894890834508761e+00,-3.000697847688604258e-01,-8.902350903176083075e-02,9.497541466655676778e-01,-3.861928199027825359e-01
-7.289932259803838521e-01,-6.161796586395883457e-01,-2.981467839060363834e-01,-1.602841854860445059e+00,6.125655744452900286e-01,-7.816218206015351777e-01,1.176041945002498090e-01,2.733015204741520598e+00,-3.055033444648767027e-01,-9.690179481485541868e-02,9.472474590530362004e-01,-4.019833837702938006e-01
-7.677150006857665909e-01,-5.957815283239207282e-01,-2.359195800057005410e-01,-1.823987931353037162e+00,5.899050402200713972e-01,-8.008892914359071469e-01,1.028998852586621854e-01,2.767083004521489809e+00,-2.502513161703845412e-01,-6.017236385004608862e-02,9.663092493522386084e-01,-4.637407382878035444e-01
-8.039160048399165426e-01,-5.389165807617234405e-01,-2.515710161014569346e-01,-1.975363786502605468e+00,5.313802194792691669e-01,-8.408290140752262554e-01,1.031582834068404120e-01,2.783896011091308242e+00,-2.671219188093545971e-01,-5.074926668804399799e-02,9.623255127150236454e-01,-5.145201603643767552e-01
-8.251345962588093608e-01,-4.737917539765094666e-01,-3.076918457169020016e-01,-2.177597510858853003e+00,4.791151098550528453e-01,-8.754713809965534166e-01,6.323426732846347542e-02,2.747601884223223045e+00,-2.993352795201272842e-01,-9.524303082036418566e-02,9.493825127496067218e-01,-5.329455995675297375e-01
-9.002700444213131981e-01,-3.414365161910213886e-01,-2.700647191489191079e-01,-2.305145666064992049e+00,3.347479304878237527e-01,-9.395557051664059633e-01,7.196457408597825567e-02,2.660586053667056472e+00,-2.783121811056176176e-01,-2.561605552373145619e-02,9.601490236143751522e-01,-5.489758204695799337e-01
-9.382455643474958418e-01,-1.040580381566573315e-01,-3.299502775832079959e-01,-2.521747526595963684e+00,8.774879609892675958e-02,-9.940853901155716210e-01,6.398738892907128439e-02,2.551834090754620199e+00,-3.346571525687710436e-01,3.108314420644613107e-02,9.418271754312478317e-01,-6.291715474351423643e-01
-9.399230639537787813e-01,4.288109881348588226e-02,-3.386825138862178397e-01,-2.686700635408072024e+00,-5.848644181338412407e-02,-9.976388449049363727e-01,3.600098971908274187e-02,2.512837464023271128e+00,-3.363390699454195110e-01,5.364649570374588339e-02,9.402117227130053490e-01,-6.877965442926308182e-01
-9.363309275797445652e-01,1.675470081851505866e-01,-3.085650565210835694e-01,-2.966616870868526323e+00,-1.856092890138905660e-01,-9.821679885087424289e-01,2.992046424186080647e-02,2.476440655248094647e+00,-2.980496366201648706e-01,8.528799679260765099e-02,9.507325447851729949e-01,-7.303184095862741421e-01
-9.124215659622740837e-01,2.451927655424511188e-01,-3.276696410908330193e-01,-3.126128724376116885e+00,-2.618128550211855643e-01,-9.650942419383444770e-01,6.865356735637289341e-03,2.444893595220608340e+00,-3.145487480703208494e-01,9.205222378137828398e-02,9.447674175077673819e-01,-7.779604574652996263e-01
-9.232528490906203311e-01,2.653690119993385998e-01,-2.778191212219675021e-01,-3.378535855577164071e+00,-2.734389666972727451e-01,-9.618369889487302649e-01,-1.003684121461979363e-02,2.356493052022130108e+00,-2.698801736652377548e-01,6.670003118841154321e-02,9.605809688422342063e-01,-7.948929038601109109e-01
-9.051659479136605624e-01,3.206364995283934038e-01,-2.790463078195833946e-01,-3.500407886202520302e+00,-3.252227208242002843e-01,-9.451278338337665286e-01,-3.104125597323542304e-02,2.259276706322223216e+00,-2.736873921050566594e-01,6.265471157758832621e-02,9.597758063838978115e-01,-8.324774914933364967e-01
-8.364754549029378428e-01,4.691697897743245527e-01,-2.831757788159820488e-01,-3.701556947665408881e+00,-4.763594539876942480e-01,-8.779663621596988099e-01,-4.750513143450606907e-02,2.108613854025146672e+00,-2.709067809071364352e-01,9.515658295241932740e-02,9.578907770614305539e-01,-8.759380071489737407e-01
-7.804677914339454015e-01,5.747089803671522334e-01,-2.461292636391824995e-01,-3.820014581028705170e+00,-5.892688366972228531e-01,-8.077468809485719436e-01,-1.752753306527934929e-02,2.022039839533120720e+00,-2.088833756710169187e-01,1.313566298410615285e-01,9.690785165119893962e-01,-9.009985693716662247e-01
-6.183166188460353929e-01,7.280621452744038269e-01,-2.959899854340310998e-01,-3.981935444213804409e+00,-7.422605527244050538e-01,-6.647541542809392023e-01,-8.456468669304682828e-02,1.856716727959760060e+00,-2.583289196510246133e-01,1.674139390393339644e-01,9.514403514079415869e-01,-9.197211469281696417e-01
-5.830199195618652741e-01,7.702607628083892877e-01,-2.584301272528279902e-01,-4.044901075952405556e+00,-7.764009769395413540e-01,-6.219170336162953561e-01,-1.020819587646733112e-01,1.709676988326952474e+00,-2.393518255652125337e-01,1.411295878820086613e-01,9.606212276557567487e-01,-9.618499390841133145e-01
-4.786201892609189268e-01,8.490015542924387315e-01,-2.238728997464052017e-01,-4.109067593169865695e+00,-8.631195155105456651e-01,-5.017233099696459808e-01,-5.743189164517007589e-02,1.462806410099594556e+00,-1.610820175459735382e-01,1.657410059162348348e-01,9.729247157828770920e-01,-9.293560109970279148e-01
-3.126585691057336414e-01,9.148240989854310445e-01,-2.556198096397226949e-01,-4.132436885756323619e+00,-9.365665683872451686e-01,-3.417828503568228204e-01,-7.763727314443889804e-02,1.293406339365315461e+00,-1.583909155983800054e-01,2.151310091954652115e-01,9.636550040021825136e-01,-9.240571565066665327e-01
-5.748631422082556980e-02,9.651550994379596293e-01,-2.552860311615298694e-01,-4.137914843544576726e+00,-9.960058204502725276e-01,-7.294399710059575048e-02,-5.149348421078911442e-02,9.834873527033689555e-01,-6.832078239074024228e-02,2.513062023028673764e-01,9.654933782153176658e-01,-9.899009280419588386e-01
1.041767310147418274e-01,9.565505175167831053e-01,-2.723202455812919198e-01,-4.136194521315709416e+00,-9.931706865897612646e-01,8.559424788543483487e-02,-7.928185181835702144e-02,8.012351782046440718e-01,-5.252804978203051006e-02,2.787198094274961346e-01,9.589348631783056742e-01,-9.847619414370858415e-01
1.702697802775472447e-01,9.618340294124960721e-01,-2.142043458671091527e-01,-4.103936598761647403e+00,-9.820481434513702590e-01,1.477257169493225719e-01,-1.172968733407863812e-01,5.465218883756799428e-01,-8.117663375597615472e-02,2.303310930289891312e-01,9.697205482591972903e-01,-9.725232903468453705e-01
1.342379894215073866e-01,9.654812011012471329e-01,-2.232178588647496520e-01,-4.065100119109702703e+00,-9.903605522121249338e-01,1.229478252919336267e-01,-6.379505371169463812e-02,3.807024287069334934e-01,-3.414877476814250773e-02,2.296298817141970150e-01,9.726787643439932518e-01,-9.060771427219249663e-01
2.223330414802190402e-01,9.498913359136573753e-01,-2.197145161848015615e-01,-3.939118912255701765e+00,-9.734768785162639659e-01,2.038115923425966314e-01,-1.039403762789282287e-01,1.565118430389947080e-01,-5.395169747455144660e-02,2.369963813709846934e-01,9.700113038293276535e-01,-9.515476145393036989e-01
2.931191382187378069e-01,9.275185183664590438e-01,-2.319279390181180900e-01,-3.880770889876037355e+00,-9.556504191673413917e-01,2.770007179650438855e-01,-1.000143919250316565e-01,-1.240212111361355118e-02,-2.852099498945576822e-02,2.509581645098188929e-01,9.675776725982638826e-01,-9.128920218972542688e-01
4.448136354760338640e-01,8.607452824513042167e-01,-2.475043200277874667e-01,-3.752436572856378660e+00,-8.952182962966348523e-01,4.356064771270113378e-01,-9.397445961932403280e-02,-2.695620616345048015e-01,2.692641213277753229e-02,2.633715167265005541e-01,9.643186260291966017e-01,-8.693639903904729627e-01
5.407095732747020378e-01,8.177402925873860084e-01,-1.973169309719389475e-01,-3.643581754385635030e+00,-8.410749327507980322e-01,5.297331956817331600e-01,-1.094335364093575874e-01,-4.098194633211983406e-01,1.503711632361713103e-02,2.251300852216629733e-01,9.742126717820683846e-01,-8.488890800017661054e-01
6.055832396341084278e-01,7.753909455867983302e-01,-1.789911209425417982e-01,-3.455724761294830305e+00,-7.949860850772196841e-01,5.995327704441064665e-01,-9.250719808322475923e-02,-5.941157786325673706e-01,3.558179882824170914e-02,1.983162592064081076e-01,9.794920096287271782e-01,-8.033698814142450351e-01
6.839242599618915452e-01,7.075295373929672005e-01,-1.779032331130375733e-01,-3.304312456195719783e+00,-7.281234912183980335e-01,6.772365140597439437e-01,-1.057680743898491982e-01,-6.913038978086702979e-01,4.564852868943704289e-02,2.018728751979775304e-01,9.783473586041875336e-01,-7.877341373149820969e-01
8.550294925675216984e-01,4.936519721301129149e-01,-1.588467728717698479e-01,-3.083007597729645610e+00,-5.097332654954118691e-01,8.563811822375574367e-01,-8.236060196954797519e-02,-8.149825256055872602e-01,9.537591355845688457e-02,1.513902279589135480e-01,9.838619994650861234e-01,-7.139180667996947172e-01
9.373516266946094744e-01,3.146849370837698223e-01,-1.494835051286670102e-01,-2.958810339225137032e+00,-3.261311409135554951e-01,9.434909107833732156e-01,-5.885049018982149022e-02,-8.778503084921852606e-01,1.225169655982045747e-01,1.039148287865737791e-01,9.870112975538144484e-01,-6.798703221233723948e-01
9.923755949799133447e-01,7.710002107221289314e-02,-9.615750224983107830e-02,-2.800336876648695572e+00,-8.493665083946587424e-02,9.931488636474716802e-01,-8.025646378896429678e-02,-8.922302173344461851e-01,8.931093904128892258e-02,8.781185219774621797e-02,9.921253120353111798e-01,-6.688192534177588300e-01
9.945403786515367717e-01,2.640017814703884275e-02,-1.009577427712277931e-01,-2.678656021960939437e+00,-3.238338417014936799e-02,9.977858543015343251e-01,-5.809221449940336207e-02,-8.704878536727804761e-01,9.920056280760425338e-02,6.104440637405450509e-02,9.931932484612917555e-01,-6.763091600931646630e-01
9.897554622316436790e-01,-5.438365857023401417e-02,-1.320096309484298236e-01,-2.429081089874478572e+00,4.697445253761785983e-02,9.971752630658001770e-01,-5.860798186631458601e-02,-8.431504581093689499e-01,1.348240549435282543e-01,5.180649003906227790e-02,9.895143060099821364e-01,-6.052889658136513251e-01
9.851897731525022239e-01,-1.218766275206437655e-01,-1.206117678334677201e-01,-2.273921435923917045e+00,1.163698321133906505e-01,9.918584301842093831e-01,-5.171959634815462975e-02,-8.213846724509022978e-01,1.259332086846881027e-01,3.691804622009727671e-02,9.913515445157026207e-01,-5.584215900535745014e-01
9.529641596093871847e-01,-2.758134262718850982e-01,-1.256434016896098294e-01,-1.983499467865026400e+00,2.741688723822112150e-01,9.611963610995585272e-01,-3.054480030435571120e-02,-8.009126053697425140e-01,1.291926465269583046e-01,-5.339409811028993785e-03,9.916051385436795984e-01,-4.854942779367997785e-01
9.267589666930504677e-01,-3.593028922212022080e-01,-1.096323369061676795e-01,-1.875982615913487805e+00,3.601394147724700234e-01,9.328111750382658274e-01,-1.276376320181291796e-02,-7.223456248054972439e-01,1.068523260456715196e-01,-2.765399365749897018e-02,9.938902540287938292e-01,-4.578002736095799774e-01
9.283942598144990788e-01,-3.447691495200907452e-01,-1.386301983071538679e-01,-1.722538724503245966e+00,3.510537336239518691e-01,9.360730291209444776e-01,2.299043846955639223e-02,-5.472787125584850365e-01,1.218415957387720822e-01,-7.001083981451021454e-02,9.900773241804381453e-01,-4.924847346160878270e-01
9.400942755011031382e-01,-3.153870514781186296e-01,-1.294363199801110698e-01,-1.564099515101154747e+00,3.135797732823373818e-01,9.489293103857252554e-01,-3.465385518336192711e-02,-4.962801488914248549e-01,1.337552950662233842e-01,-8.010720991940908572e-03,9.909820126475236135e-01,-3.837059319465958018e-01
9.309840394327829616e-01,-3.518496404988172288e-01,-9.731674471677961846e-02,-1.321161656321716782e+00,3.490955815990306466e-01,9.360262630588701560e-01,-4.457700945645637347e-02,-3.934053284989120214e-01,1.067754336420680822e-01,7.527638733376168512e-03,9.942546662830645809e-01,-3.882860024155382339e-01
9.086966493273052059e-01,-3.982389668911570091e-01,-1.252043319969069479e-01,-1.135262480248108163e+00,3.974453864331631836e-01,9.170555329799655597e-01,-3.234678088812803498e-02,-3.573852317922850408e-01,1.277010740139670197e-01,-2.036847270405067051e-02,9.916035301547608816e-01,-3.285660761100585026e-01
9.085920428343562394e-01,-4.072551732911156575e-01,-9.275625868756197379e-02,-9.552681432656513483e-01,4.094413256821323177e-01,9.123225565678033666e-01,5.035235967153332132e-03,-2.561832813622444416e-01,8.257300116713658933e-02,-4.255322085589945819e-02,9.956761134390245127e-01,-2.707982900034747176e-01
9.386955192331636333e-01,-3.383112752028655246e-01,-6.630387049178609882e-02,-8.041202191040898173e-01,3.393820275438409473e-01,9.406338707173385050e-01,5.268836640899011645e-03,-2.211534882464152862e-01,6.058515950141198786e-02,-2.744817534789041266e-02,9.977855662006041015e-01,-2.717115948436346629e-01
9.731683527000936085e-01,-2.019045967899458782e-01,-1.103534824918299267e-01,-5.576744648299249985e-01,2.009634464426474365e-01,9.794005888708218199e-01,-1.970227685776967594e-02,-1.959837802283757591e-01,1.120582460012563425e-01,-3.003383854389939100e-03,9.936971013284406906e-01,-2.315635137004064259e-01
9.838837258019380583e-01,-1.303966082249467251e-01,-1.223500660626122560e-01,-4.469648441257499383e-01,1.261761808786323324e-01,9.911325135182111890e-01,-4.166427757630403184e-02,-2.003622070827029422e-01,1.266980089858491532e-01,2.555514058859107915e-02,9.916120961890890761e-01,-1.494811075335655826e-01
9.895075845274364790e-01,-6.223577489633715792e-02,-1.303896026749438997e-01,-2.750191488937154261e-01,5.831935568831663613e-02,9.977308206379330580e-01,-3.364613352610142105e-02,-2.122963956099507554e-01,1.321877184717887288e-01,2.568886669764160538e-02,9.908917646307361382e-01,-1.273150515210354217e-01
9.860916778685933082e-01,-2.499998429113530971e-02,-1.643113009617557796e-01,-1.726602866645774448e-01,2.589203961074974455e-02,9.996593336088949178e-01,3.289226871996986032e-03,-2.434653198453992640e-01,1.641730950037098846e-01,-7.497833958093864416e-03,9.864030501589297062e-01,-5.708678228724520243e-02
9.910270760952898383e-01,3.066258334020436835e-02,-1.300966580236585513e-01,-4.934194898172170052e-02,-3.023236890845772476e-02,9.995289463868266555e-01,5.281023103805228443e-03,-2.693516652589470484e-01,1.301973053338771613e-01,-1.300506726227320569e-03,9.914872517415705966e-01,-7.648062096742652693e-02
9.906190071938663078e-01,4.297463886241215114e-02,-1.297195551984465511e-01,5.346905441719003449e-02,-4.444984552047034215e-02,9.989754796990225616e-01,-8.497187376655170390e-03,-2.576983066199265426e-01,1.292214913218544536e-01,1.418348951255722461e-02,9.915143139691949825e-01,-5.562036598598212034e-02
9.805848900371105792e-01,-9.494143349167497026e-03,-1.958650930435844872e-01,2.627622826579949500e-01,4.438693590897286462e-03,9.996459827873646065e-01,-2.623370153618842862e-02,-2.085113092306440929e-01,1.960448199522569768e-01,2.485498620295638686e-02,9.802798877008231937e-01,-2.601846565863385335e-02
9.779984230602963846e-01,-9.944411957785918854e-02,-1.833847092125098499e-01,4.010143032486515047e-01,9.387777076319717140e-02,9.948269477377043035e-01,-3.881118667878297179e-02,-1.340388995826021223e-01,1.862955948166916120e-01,2.074153167602065667e-02,9.822747783668418498e-01,9.168719160588220674e-02
9.702555982709709648e-01,-2.135803450990269026e-01,-1.139627580011104008e-01,6.618007775367231726e-01,2.120693858054194803e-01,9.769254020587986309e-01,-2.536403785612089887e-02,-8.557762073803279468e-02,1.167503731383797705e-01,4.415876306706533545e-04,9.931611930459296467e-01,5.039832994315820991e-02
9.346247013271898885e-01,-3.283934236365796955e-01,-1.365079740575838585e-01,8.512594587689860104e-01,3.311916149652104346e-01,9.435606207848544758e-01,-2.338606601323560841e-03,-7.861316412555945099e-02,1.295715317722047066e-01,-4.302457688747683695e-02,9.906362117032967429e-01,1.477902318392770309e-01
9.016815975832438435e-01,-4.143024996599756760e-01,-1.237890760738768609e-01,1.087121900583609913e+00,4.222580641637467269e-01,9.053192108875814936e-01,4.577394069306023328e-02,-4.565887085759959274e-03,9.310437061928292235e-02,-9.354445559937370203e-02,9.912522438805397851e-01,1.938739063808225804e-01
9.115439222269245967e-01,-3.972156927401950255e-01,-1.063361241163170434e-01,1.282780721892172959e+00,4.040020295270691508e-01,9.133009697998408782e-01,5.161103274184076356e-02,5.188020550217966459e-02,7.661617315660168570e-02,-9.000573317071462742e-02,9.929898942120413130e-01,1.880308347374182176e-01
9.417429310265618136e-01,-3.253318452385865478e-01,-8.531964800182957609e-02,1.530589962002835591e+00,3.278592274929836847e-01,9.445716225210033512e-01,1.711072399821499807e-02,1.323227202685122172e-01,7.502385493430185903e-02,-4.408673725391906717e-02,9.962066958162357766e-01,2.839127527894722003e-01
9.428660342331852684e-01,-3.243539629881683206e-01,-7.614557231550211913e-02,1.703934747760123436e+00,3.256725351783210654e-01,9.454680894650449030e-01,5.243246498410156047e-03,1.436218383558963141e-01,7.029254099767728858e-02,-2.974220061105716656e-02,9.970829254294263366e-01,2.992254489718916277e-01
9.173290145344222823e-01,-3.904864685433247495e-01,-7.763888830907078598e-02,1.990439951138102126e+00,3.951319722592389616e-01,9.168291640650402252e-01,5.740216388189323810e-02,2.159076301402597931e-01,4.876682880635892919e-02,-8.333427748749888675e-02,9.953276820242714651e-01,3.641593263905956723e-01
9.054000011557373773e-01,-4.155816601871018534e-01,-8.684884353474478513e-02,2.140844972282801795e+00,4.218889178691568875e-01,9.035875957171306538e-01,7.442578750223151351e-02,2.741378449767088998e-01,4.754554538946367814e-02,-1.040256727075987292e-01,9.934375071092048648e-01,4.201017162180626374e-01
9.229181988114381063e-01,-3.724640926037431909e-01,-9.742945152016706245e-02,2.387045428741359387e+00,3.781299606591548290e-01,9.245332899880889244e-01,4.749661625533561221e-02,3.796691132599316898e-01,7.238598728038353469e-02,-8.067648619437664537e-02,9.941084314202219829e-01,4.693590198213588027e-01
9.434783401043342899e-01,-3.116993819093020202e-01,-1.126592964265661079e-01,2.495692368044840403e+00,3.131887503709779863e-01,9.496793508496732539e-01,-4.683717626909921113e-03,4.158443634725663141e-01,1.084501193869080449e-01,-3.086463813335582618e-02,9.936226374825926078e-01,5.124802442953698689e-01
9.663458182157937948e-01,-2.437448130066523500e-01,-8.224491321169828673e-02,2.615594588218060679e+00,2.443689406416909293e-01,9.696789898722214529e-01,-2.545083504713808141e-03,4.448744169377394364e-01,8.037151526819120984e-02,-1.763867151292069016e-02,9.966088986160797081e-01,5.011753413719252093e-01
9.654942120010127082e-01,-2.492497077131193839e-01,-7.546860140129503514e-02,2.713254253881779654e+00,2.470106363614323897e-01,9.682741846505598104e-01,-3.782656293682564591e-02,4.496389780670659309e-01,8.250255824435306917e-02,1.787978031795568398e-02,9.964304498252348763e-01,5.405064955660034975e-01
9.584339473003529175e-01,-2.531296796217766820e-01,-1.316424473976406662e-01,2.892593096342150449e+00,2.514644231099891769e-01,9.674198313482810230e-01,-2.940261593844471083e-02,4.246491148241507974e-01,1.347961890122415241e-01,-4.922926836795326819e-03,9.908611165138819787e-01,5.855804739354689703e-01
9.598211979424602358e-01,-2.490872993635110944e-01,-1.292237798398297444e-01,3.051588529739664768e+00,2.463726652656561544e-01,9.684746185320289857e-01,-3.684322283863849384e-02,4.052788506978780569e-01,1.343271297623709060e-01,3.525699226201436248e-03,9.909307703642926679e-01,5.904981449057616905e-01
9.927554290523612490e-01,-8.314187766523713219e-02,-8.674149102569371494e-02,3.294042345045879117e+00,8.182090855958423781e-02,9.964719601760109180e-01,-1.868077903788921412e-02,3.864472492417295735e-01,8.798861863642282177e-02,1.144817720325649012e-02,9.960556923331034263e-01,6.460517209302600872e-01
9.902616665004863039e-01,6.798536625578960324e-02,-1.214900071394580672e-01,3.409122980780663337e+00,-7.585253720454379622e-02,9.952302349484553057e-01,-6.134469858166642642e-02,3.723291605734457832e-01,1.167399865483672583e-01,6.996262873497686996e-02,9.906952135350103328e-01,7.163776560970519514e-01
9.650888705884124175e-01,2.390650520207541208e-01,-1.070110871297756533e-01,3.583415070543928049e+00,-2.451759430893980241e-01,9.682917712149823330e-01,-4.795625848183090317e-02,3.648606149589724290e-01,9.215328966785217568e-02,7.251859554394053664e-02,9.931006114708258448e-01,7.274440739563524660e-01
9.631907858268364819e-01,2.423213903952393389e-01,-1.163780643214135102e-01,3.709180695756795210e+00,-2.489230008017773998e-01,9.674402724134428810e-01,-4.578928897068987314e-02,3.532277082687279024e-01,1.014931020814710677e-01,7.307299822451927829e-02,9.921489238820754286e-01,7.783110623580337117e-01
9.763455096657356336e-01,1.470154937964035791e-01,-1.585430236224680267e-01,3.950330674144344023e+00,-1.546524966670854706e-01,9.872799262737838033e-01,-3.689108905235374825e-02,3.102117578064972347e-01,1.511027829994947003e-01,6.053752357530758910e-02,9.866626359648861255e-01,7.998019335114702200e-01
9.873698976374313263e-01,9.099772919689512463e-02,-1.296923225193258034e-01,4.120851229917631642e+00,-9.696348065286959639e-02,9.944660603585010472e-01,-4.043931521084789815e-02,2.844253135878731520e-01,1.252947271800739781e-01,5.250398152569088484e-02,9.907293087745115967e-01,8.275858955030880315e-01
9.852757604757482746e-01,1.062346121418097644e-01,-1.339622446886249985e-01,4.395047797399328715e+00,-1.113114082875640842e-01,9.933027758353298875e-01,-3.097363238090295248e-02,2.703703856141511652e-01,1.297745976837352266e-01,4.542909531244432308e-02,9.905022721302149113e-01,9.047172337708555556e-01
9.897610635091002029e-01,5.428021361570528613e-02,-1.320102101019765828e-01,4.550199684850853465e+00,-6.447452898307440283e-02,9.951558699559195365e-01,-7.421475328186086240e-02,2.523800317378159797e-01,1.273423428155205095e-01,8.196616925360153405e-02,9.884662234108685386e-01,9.289064062692631296e-01
9.934032041273103131e-01,-3.694277258761785587e-02,-1.085601473061476308e-01,4.805956253552023938e+00,3.205757750269502132e-02,9.984081211017374891e-01,-4.640620047748711396e-02,2.320251177109174112e-01,1.101017064093544329e-01,4.261989290973894340e-02,9.930061223245862934e-01,1.013006397563707806e+00
9.904249252841528239e-01,-4.832517688329027172e-02,-1.293179981869448381e-01,4.921944348584714746e+00,4.567645462919469462e-02,9.986828371305521701e-01,-2.337204127537449716e-02,2.079642112206050719e-01,1.302771233501382464e-01,1.724146455697636582e-02,9.913276970969508994e-01,1.047655484884272736e+00
9.870993211132982337e-01,1.146843097155276076e-01,-1.117248377163213013e-01,5.033544406032090635e+00,-1.170276774663306513e-01,9.930209569907088030e-01,-1.462537808376151299e-02,1.194895890612954065e-01,1.092678038788287703e-01,2.751159905074988463e-02,9.936315509046445005e-01,1.048627405738020490e+00
9.513987513081065828e-01,2.781840760591766659e-01,-1.321137231194304540e-01,5.154443708981200523e+00,-2.862209470985385695e-01,9.570610372731244153e-01,-4.595367641121386043e-02,7.572377259574711306e-02,1.136573158727211402e-01,8.153398531160305218e-02,9.901687855046816811e-01,1.067180829059046321e+00
9.151450874197415430e-01,3.677489432076845310e-01,-1.651368636650962507e-01,5.383098938278964241e+00,-3.826324862776254165e-01,9.213447845595129637e-01,-6.867436501335209831e-02,6.979504928950590326e-02,1.268930629172333457e-01,1.260337364939043692e-01,9.838768458749646006e-01,1.155210687087912858e+00
9.185165668521659832e-01,3.710805493369472852e-01,-1.364790911528200590e-01,5.530333987430185338e+00,-3.820450610489106724e-01,9.218797225577137766e-01,-6.464788059206895421e-02,7.487804240381611132e-02,1.018277356433169439e-01,1.115213120470749109e-01,9.885312889398364389e-01,1.200061434069022548e+00
9.613018168190067270e-01,2.349618649611207588e-01,-1.438462338556998343e-01,5.728940285045437619e+00,-2.417520365280311501e-01,9.698282458696030339e-01,-3.145037913981310607e-02,6.126416616603670706e-02,1.321165009187978412e-01,6.500842658825167764e-02,9.891001641176154768e-01,1.209294696691163962e+00
9.834103233674845734e-01,1.073393519260688322e-01,-1.462272184730006586e-01,5.875967668657647636e+00,-1.075314391120629626e-01,9.941796874856740907e-01,6.613515961726277106e-03,5.217797966031889612e-02,1.460860208806721572e-01,9.220223369238339170e-03,9.892289229416383334e-01,1.266450358941015875e+00
9.842785187909280920e-01,-1.450148656892015497e-01,-1.008289947181830182e-01,5.979336692939448028e+00,1.479851913765481697e-01,9.887315144801346323e-01,2.259148970443312920e-02,1.094391124936383297e-01,9.641670280601172260e-02,-3.715751610323555360e-02,9.946472432058793833e-01,1.270037887595866000e+00
9.601167287601453104e-01,-2.721671158383084377e-01,-6.403849007568733487e-02,6.042705071913899495e+00,2.747896526077567292e-01,9.608173261174299817e-01,3.634161047972950948e-02,1.675926797335586249e-01,5.163829949393265034e-02,-5.248930261309710937e-02,9.972854953004011147e-01,1.259616891035221231e+00
9.011964050307054164e-01,-4.303072297204513230e-01,5.177574345234282893e-02,6.078856594991427720e+00,4.258040356458828168e-01,9.013223806556742712e-01,7.942851727728091060e-02,2.977703196341140446e-01,-8.084530157907260373e-02,-4.953437371663182293e-02,9.954950442031795799e-01,1.248291425978871549e+00
8.579775199568466792e-01,-5.088562525116218094e-01,7.028434767803262706e-02,6.093494976680733366e+00,5.022444216907840930e-01,8.596945914251522547e-01,9.314370807966604326e-02,3.681671604655965546e-01,-1.078198317991047872e-01,-4.461528610430934294e-02,9.931688477377066393e-01,1.200408688719812877e+00
7.621340402747761589e-01,-6.419278625533783034e-01,8.414466074621843039e-02,6.141534545020550517e+00,6.308344332498746487e-01,7.655411308994849451e-01,1.264701337369691647e-01,4.671486274408950812e-01,-1.456009013734260449e-01,-4.330584462620442471e-02,9.883951544501102804e-01,1.198196615429559575e+00
6.856150956219270176e-01,-7.241743817935016869e-01,7.418494058321198348e-02,6.149006336631629210e+00,7.146115242601921436e-01,6.889642237083897225e-01,1.210729856095913992e-01,5.272366894465636555e-01,-1.387887245054850449e-01,-2.999605313863182646e-02,9.898676309215517222e-01,1.161967513987752554e+00
5.887899206118909490e-01,-8.082545007049141139e-01,-7.147830166740297766e-03,6.206476230099189806e+00,8.039783326551951381e-01,5.847172785872343237e-01,1.082799369343675211e-01,6.087205157633126529e-01,-8.333828656034672488e-02,-6.950083605100575157e-02,9.940947458775732937e-01,1.193538189586289766e+00
5.826853706879104866e-01,-8.077910769952280079e-01,-8.917025688637135461e-02,6.241638272232995277e+00,8.116200170723713025e-01,5.727502857003913261e-01,1.150219897131139896e-01,6.597861703423141266e-01,-4.184144684084393356e-02,-1.393939961297119001e-01,9.893526202367156630e-01,1.258228099880234652e+00
6.280423555691895254e-01,-7.638088926324837491e-01,-1.488582384238171796e-01,6.308075848214200754e+00,7.776992711174137707e-01,6.227813707152435319e-01,8.559911210687638772e-02,7.068937836826760801e-01,2.732477473916434391e-02,-1.695268115242592188e-01,9.851466981418921520e-01,1.325268864435596328e+00
6.844389674959761027e-01,-7.091407671285108183e-01,-1.693005380069088628e-01,6.370355203933986132e+00,7.258809163559117872e-01,6.845138219715831696e-01,6.736262168411538687e-02,7.327667027750787154e-01,6.811897711609334050e-02,-1.689976329013025136e-01,9.832596834155328258e-01,1.318290577646019646e+00
7.427418680394205497e-01,-6.438730563373505911e-01,-1.837444006877770597e-01,6.434400315521268787e+00,6.623987830509221464e-01,7.466474624410410765e-01,6.119982878253313330e-02,8.443871172465594599e-01,9.778736970574661291e-02,-1.671677425616364954e-01,9.810670599774912182e-01,1.345177302720614643e+00
7.247150700608587792e-01,-6.585410211693414340e-01,-2.027604267699322227e-01,6.488747971043092200e+00,6.743157997595963238e-01,7.383436414642295942e-01,1.211896463881814885e-02,9.505752823075505065e-01,1.417260364973907671e-01,-1.455073556442506300e-01,9.791533792170448169e-01,1.368213316671007318e+00
5.786427412579525642e-01,-7.948211791029631268e-01,-1.828438438637105534e-01,6.531816390369959535e+00,8.119700750252630828e-01,5.824902801244141726e-01,3.754558328285349800e-02,1.147471404524807781e+00,7.666273705621134971e-02,-1.701892088528442759e-01,9.824247848752052370e-01,1.374471694089388629e+00
4.235156921357973725e-01,-8.859899645843795080e-01,-1.888286026281661423e-01,6.554370908993257139e+00,9.052497888821584571e-01,4.217483033283861427e-01,5.148969186579732682e-02,1.291957775272524866e+00,3.401879250566064439e-02,-1.927437451524630918e-01,9.806592529829406546e-01,1.357253468446184330e+00
1.104550688309519357e-01,-9.780250346546661699e-01,-1.768239501829097782e-01,6.589998918548334750e+00,9.933926298354848194e-01,1.030621240320022808e-01,5.049041075839348636e-02,1.541027204991031851e+00,-3.115703384612674570e-02,-1.812325306857213991e-01,9.829465952243593430e-01,1.349888562881266685e+00
-6.367172887309753559e-02,-9.814150953983361569e-01,-1.810257480763025895e-01,6.554726225862159694e+00,9.885244259436336556e-01,-8.692182374448800819e-02,1.235477877978450323e-01,1.697125324405742930e+00,-1.369867521153783074e-01,-1.710818724506089350e-01,9.756872565856713475e-01,1.343891760146116221e+00
-1.841686451418498294e-01,-9.614229308690206421e-01,-2.043229261385939022e-01,6.457268612930656460e+00,9.634907569664211691e-01,-2.176909702457601181e-01,1.558723924039534248e-01,1.928325582036494623e+00,-1.943385483811387038e-01,-1.681564434468135472e-01,9.664139584776445524e-01,1.326413901066327616e+00
-2.409388983949513618e-01,-9.536525831432887124e-01,-1.802642446642142016e-01,6.405714662376768231e+00,9.453591852521341377e-01,-2.726385212511296396e-01,1.787854792465495279e-01,2.075697180283018639e+00,-2.196462112116864818e-01,-1.273380830471761982e-01,9.672334539842083467e-01,1.299902424154072866e+00
-3.076572753692079498e-01,-9.327284432548753612e-01,-1.880549176589958182e-01,6.350754207009340568e+00,9.130807924724456681e-01,-3.450048067077753355e-01,2.173824964582505292e-01,2.291991558049182309e+00,-2.676386880297514370e-01,-1.048300266711148787e-01,9.577996649497466652e-01,1.273427531914821609e+00
-3.323230930688898521e-01,-9.188192018101344338e-01,-2.129146218513724986e-01,6.348633579870077703e+00,9.160436567927543461e-01,-3.681819659461498806e-01,1.590787817459856091e-01,2.556651727174272803e+00,-2.245559633206950234e-01,-1.421735359939212406e-01,9.640338712929645837e-01,1.266282086476303803e+00
-2.711393005433948566e-01,-9.391339864651278013e-01,-2.109759113428717470e-01,6.361744051548758883e+00,9.296982680549186195e-01,-3.122868179130966482e-01,1.952897174287407944e-01,2.719746639916377884e+00,-2.492882068540832052e-01,-1.431932219898302272e-01,9.577844700660202992e-01,1.282943213495106649e+00
-1.024618577975385109e-01,-9.732035332794896076e-01,-2.058554116582652638e-01,6.390518571337937104e+00,9.718710663604049893e-01,-1.420557875967695949e-01,1.878477670395656274e-01,2.992425498383012972e+00,-2.120570632357402230e-01,-1.808176872503856891e-01,9.603836555821091414e-01,1.264521910881815314e+00
-1.791287334741556219e-03,-9.885426543312599845e-01,-1.509311493939899940e-01,6.389149700637029028e+00,9.865326319660330245e-01,-2.643250813890416981e-02,1.614146479711749405e-01,3.158401331422731939e+00,-1.635547533881424043e-01,-1.486093640427593732e-01,9.752769348051613107e-01,1.292477412328074227e+00
7.904871404676877544e-02,-9.878841648499879780e-01,-1.335521532817557089e-01,6.397688940581596206e+00,9.886742628252669363e-01,6.054742115561819599e-02,1.373215635591114314e-01,3.365927296195403429e+00,-1.275715596614975245e-01,-1.428946697048067149e-01,9.814818442210163640e-01,1.320069126066913512e+00
4.170406352477555589e-02,-9.886483131299685922e-01,-1.443443245534400954e-01,6.400088035262901265e+00,9.934478454995194774e-01,2.564606396360524093e-02,1.113717094936477608e-01,3.520952643682584871e+00,-1.064055889410151778e-01,-1.480432110852848149e-01,9.832400817164005380e-01,1.317562522776550171e+00
-6.376015730803104298e-02,-9.775683052126711292e-01,-2.007357740505682497e-01,6.375092371004820180e+00,9.865659948593430428e-01,-9.205882916735075305e-02,1.349544729141322896e-01,3.738637200674611361e+00,-1.504067156986352016e-01,-1.894343702076320690e-01,9.703053330044043578e-01,1.299871332419952230e+00
-7.813229006681350619e-02,-9.712666198756180203e-01,-2.248032436694516467e-01,6.342104761182709716e+00,9.827313755609282664e-01,-1.129734221899066221e-01,1.465470892472010289e-01,3.925137285355730921e+00,-1.677330877824692867e-01,-2.094711411963296188e-01,9.633210535791617568e-01,1.270874116133085874e+00
-9.583978139867035950e-02,-9.810723743544157438e-01,-1.682609062736910022e-01,6.214766233636087378e+00,9.832061120776264262e-01,-1.196781916118739852e-01,1.377783423681295805e-01,4.171625798044233058e+00,-1.553076864635272447e-01,-1.522305052579812912e-01,9.760662865780411757e-01,1.266081227691365996e+00
-1.787322438442721373e-01,-9.662807793691838842e-01,-1.853543644807801871e-01,6.099686128450191092e+00,9.666204153920466835e-01,-2.075989002818089124e-01,1.501588130916423902e-01,4.392920734358089163e+00,-1.835749371719878065e-01,-1.523290911922789981e-01,9.711313456061623217e-01,1.243338198485455237e+00
-2.227221132303217610e-01,-9.574092657729285083e-01,-1.837453620921118691e-01,6.039004849263926111e+00,9.608032009745726132e-01,-2.474877558310398518e-01,1.249280581403994783e-01,4.572949949661452074e+00,-1.650820077271766551e-01,-1.487188909515430035e-01,9.750028831746642144e-01,1.243673164316661861e+00
-2.643076050193972626e-01,-9.461239368128470106e-01,-1.870587771762388662e-01,5.998373645523763287e+00,9.500422111688940907e-01,-2.888051532408749678e-01,1.183696771087664468e-01,4.833569920453223645e+00,-1.660159237128464860e-01,-1.464277284235262766e-01,9.751910753398519427e-01,1.230424046139178662e+00
-2.094481294676698580e-01,-9.611842824924237139e-01,-1.796002676835931344e-01,6.020361950422118191e+00,9.648761700837685806e-01,-2.329459643883450004e-01,1.214502123491870422e-01,5.041399192546552221e+00,-1.585731927753658288e-01,-1.478544986285767471e-01,9.762139057441864276e-01,1.221870224875232669e+00
-3.022955316527896688e-02,-9.878593425847810305e-01,-1.523814076040483079e-01,5.964564164758112241e+00,9.948593872070082833e-01,-4.447714608592971686e-02,9.097572842328255360e-02,5.319145619590599061e+00,-9.664871339818073559e-02,-1.488479181715836319e-01,9.841256644628582073e-01,1.231797602393708946e+00
5.597316059776994562e-02,-9.887481077218001069e-01,-1.387234110352504601e-01,5.955890027670961651e+00,9.928921244192797646e-01,4.050615205579906342e-02,1.119128272889300391e-01,5.505517802826385143e+00,-1.050344446306336194e-01,-1.440014969442729720e-01,9.839874665456583847e-01,1.213987929981679148e+00
3.554319660151305377e-02,-9.854587857847765253e-01,-1.661555376595662825e-01,5.921597469348384379e+00,9.971278559096733440e-01,2.384366056260447952e-02,7.188545624779062171e-02,5.800600602069315492e+00,-6.687839818898105859e-02,-1.682333539182074289e-01,9.834758860720010931e-01,1.241929741348427818e+00
1.350596756905272575e-02,-9.852030965293029352e-01,-1.708579744381165944e-01,5.923508284515174971e+00,9.963166029503063292e-01,-1.211479044877540384e-03,8.574239910385988983e-02,5.982278395439497132e+00,-8.468066795665649127e-02,-1.713866707407445122e-01,9.815578401535074438e-01,1.213213660580954256e+00
3.566339217848648463e-02,-9.784215593149473422e-01,-2.035175047164984319e-01,5.916283571075468650e+00,9.935841079217887506e-01,1.284369334844279002e-02,1.123639623119204872e-01,6.287577483966939162e+00,-1.073254067944166418e-01,-2.062190384248696329e-01,9.726021618562933346e-01,1.261723475781536541e+00
4.932345965546933164e-02,-9.838188980257873695e-01,-1.722427711543801920e-01,5.876617437011944389e+00,9.953468856007933185e-01,3.412510603367130413e-02,9.011134480736768260e-02,6.482449659979163670e+00,-8.277544111882999267e-02,-1.758859091158691823e-01,9.809242444358624580e-01,1.227506471875542626e+00
-2.835728882645295254e-02,-9.880135936299320187e-01,-1.517399188509084840e-01,5.811176816611189011e+00,9.911792192204919028e-01,-4.745250032990561140e-02,1.237417294120974065e-01,6.758274023649494922e+00,-1.294589493077620002e-01,-1.468924743304010072e-01,9.806441665707410493e-01,1.179453607749976873e+00
-1.112045146431606540e-01,-9.799990005159239237e-01,-1.650318602899719933e-01,5.785401543373853706e+00,9.883399941914811082e-01,-1.264377801196344964e-01,8.483833826756911889e-02,6.985600179671181742e+00,-1.040077487717277482e-01,-1.536731816102232528e-01,9.826326584483282556e-01,1.216333079948983986e+00
-1.423954431178017510e-01,-9.740148261950831721e-01,-1.761211405012087505e-01,5.788533397948831372e+00,9.791978172456292651e-01,-1.646063397698465658e-01,1.186439531074784254e-01,7.287453289406278678e+00,-1.445516256590734794e-01,-1.555630780736076135e-01,9.771923844666332570e-01,1.184680590727058558e+00
-8.391383043738021019e-02,-9.793609308383179890e-01,-1.838766875077677554e-01,5.784139626280047075e+00,9.832307395759743995e-01,-1.113599461221340819e-01,1.444170182234705835e-01,7.472789757268269994e+00,-1.619128834102144254e-01,-1.686746262695667797e-01,9.722824119763828765e-01,1.175274769480088466e+00
6.710914949165497183e-03,-9.893775818112907627e-01,-1.452135125592208809e-01,5.714419229277346801e+00,9.925501081287967375e-01,-1.107587106341989189e-02,1.213326334244049509e-01,7.737539944030729977e+00,-1.216521535940062182e-01,-1.449459405758868613e-01,9.819324965783098325e-01,1.194059386318251814e+00
1.622888150219359629e-02,-9.899626723028199793e-01,-1.403941980718809157e-01,5.680882355705837661e+00,9.888819082335670307e-01,-4.866248623838605007e-03,1.486233198144585876e-01,7.916232620630421657e+00,-1.478147319232007151e-01,-1.412452727399747809e-01,9.788772026945378180e-01,1.178984906452354320e+00
-6.465736370218068407e-02,-9.864915098685300698e-01,-1.505122130472844877e-01,5.642969351974817194e+00,9.912976234426306155e-01,-8.082550100850026398e-02,1.039050535042361917e-01,8.209785805445836360e+00,-1.146666781418096831e-01,-1.424841722579463787e-01,9.831326530941241204e-01,1.195360805181568287e+00
-1.543496523983774182e-01,-9.717423419952954111e-01,-1.785861292989961990e-01,5.594029210344233505e+00,9.737520504650023501e-01,-1.802188851843060935e-01,1.390255287281081109e-01,8.394347069556701513e+00,-1.672815860150319023e-01,-1.524400675558217622e-01,9.740528203254035233e-01,1.205895135760016279e+00
-1.925479563392578086e-01,-9.630037083179712187e-01,-1.885448017724445646e-01,5.554801319447333796e+00,9.667820903235108121e-01,-2.190817977261020066e-01,1.316645576258204109e-01,8.683140306123027230e+00,-1.681001913719294416e-01,-1.569299960840320751e-01,9.731984905402325525e-01,1.109482917815781011e+00
-1.592172922247701017e-01,-9.752017804609770524e-01,-1.537248881682857782e-01,5.515889503132640925e+00,9.715605081916349750e-01,-1.824211822297467089e-01,1.509724848981246481e-01,8.897471417347780687e+00,-1.752713119110638762e-01,-1.253156002245578993e-01,9.765121440931158192e-01,1.170971576043472906e+00
-1.800470730929029373e-01,-9.707574596846649806e-01,-1.587860382314969510e-01,5.487260753806109115e+00,9.628316930428991727e-01,-2.069649938023280511e-01,1.735529377813800345e-01,9.194556834176760063e+00,-2.013409604199416503e-01,-1.216365315477948711e-01,9.719394898090100154e-01,1.109965132934154886e+00
-2.152632798722518281e-01,-9.590338073901503169e-01,-1.841626363337371397e-01,5.471870843821140085e+00,9.629605309021747050e-01,-2.398159820452555879e-01,1.232692608896171771e-01,9.399855422782074754e+00,-1.623845320935581871e-01,-1.508060046497526341e-01,9.751352791783999274e-01,1.143961183084619693e+00
-1.739997525990010230e-01,-9.603806147955814554e-01,-2.176997033078992283e-01,5.370588816751924455e+00,9.716103729705369840e-01,-2.034187317482829827e-01,1.208060541114363562e-01,9.692165361794300438e+00,-1.603039900674402829e-01,-1.904990663987120303e-01,9.685105763334121987e-01,1.152433824371068560e+00
4.689291021922697977e-03,-9.797068183139939768e-01,-2.003810387705944884e-01,5.390757463825754492e+00,9.928526122127012687e-01,-1.933552618851289498e-02,1.177702332910567501e-01,9.849666645525097408e+00,-1.192547733725086018e-01,-1.995010966789011742e-01,9.726138038562831545e-01,1.110965218248614939e+00
2.916887251768283118e-01,-9.493792646461562956e-01,-1.166048861096325856e-01,5.452590339415896104e+00,9.542466770068168680e-01,2.804397551684844614e-01,1.037633034482292743e-01,1.004305105795500985e+01,-6.581008301290169893e-02,-1.415364107958261009e-01,9.877431231817669355e-01,1.174846121415593414e+00
4.160943116760850158e-01,-9.042776322863073091e-01,-9.564249859489905303e-02,5.542636392512586774e+00,9.080618232235484477e-01,4.076788198876749592e-01,9.602970904318545997e-02,1.014872250823309585e+01,-4.784609696443781202e-02,-1.268067173365191869e-01,9.907728334202582365e-01,1.158630528251328951e+00
5.862874614563360343e-01,-8.047202862771846155e-01,-9.323236236978914293e-02,5.672781903618679955e+00,8.092881108516496447e-01,5.869669361533478291e-01,2.285977902170078374e-02,1.025795462344781939e+01,3.632858617195752760e-02,-8.885424422456938975e-02,9.953819152014106164e-01,1.208946601634118823e+00
7.229893379063011549e-01,-6.838983311205837357e-01,-9.782376993496456896e-02,5.766249322438583569e+00,6.892775129328952977e-01,7.236422104445300318e-01,3.519178068808204163e-02,1.028209749795322203e+01,4.672180902801407326e-02,-9.287100706591286392e-02,9.945813433840964279e-01,1.246372019417278265e+00
9.089687400985199117e-01,-4.112544593071568721e-01,-6.815863278915969270e-02,5.915465849797625353e+00,4.118077451420405488e-01,9.112484406286143201e-01,-6.376558080044008800e-03,1.032558210903169282e+01,6.473183578994951004e-02,-2.227216091668608733e-02,9.976541185618217344e-01,1.223855869396244689e+00
9.780762422881522644e-01,-1.844790925901940992e-01,-9.661432951993481621e-02,6.010713620082495545e+00,1.818278390108903908e-01,9.826843379102916387e-01,-3.563886903989658267e-02,1.034014689797164976e+01,1.015160146583651141e-01,1.729035635584533562e-02,9.946836393270835908e-01,1.303200262283751076e+00
9.924057091949214371e-01,1.089820683466804635e-01,-5.704223992976466262e-02,6.180141187954792947e+00,-1.111970480616849971e-01,9.931016733217958858e-01,-3.720595312336216764e-02,1.032980204644469069e+01,5.259396219807946360e-02,4.326632899067910099e-02,9.976782547073873575e-01,1.327344390577346545e+00
9.748452538348912899e-01,2.198171892887611500e-01,-3.683930467280083915e-02,6.328731176465845820e+00,-2.214495762568362835e-01,9.739686346343652268e-01,-4.842709906797415531e-02,1.025289508619738044e+01,2.523521847051726427e-02,5.536697609279464527e-02,9.981471242793249488e-01,1.317459529149471731e+00
9.390437363224202194e-01,3.360697225919040410e-01,-7.248450062344119482e-02,6.535533232008937432e+00,-3.393834146085620285e-01,9.398268697741528621e-01,-3.929825363997453691e-02,1.016763049329399315e+01,5.491592812893936193e-02,6.150281625680753539e-02,9.965950252887174621e-01,1.372313974881908427e+00
9.194078622887548180e-01,3.894712989375097578e-01,-5.478403111811652737e-02,6.705962131534723092e+00,-3.924009632582904361e-01,9.177923922158409686e-01,-6.065153604560503953e-02,1.009785004194806746e+01,2.665833444888678419e-02,7.726080568213998523e-02,9.966544542165849396e-01,1.408394732315251252e+00
8.747924954721967294e-01,4.743999461964230613e-01,-9.840112252590088593e-02,6.983022186744459958e+00,-4.825714118399054842e-01,8.712476717395389869e-01,-8.973475894698924871e-02,9.980084724584205702e+00,4.316158408084810882e-02,1.259848623337881390e-01,9.910927767481555462e-01,1.464762086491406379e+00
8.729684961464065918e-01,4.813786966038509640e-01,-7.874360413302529393e-02,7.137571952170513434e+00,-4.870440470518092591e-01,8.690685070931787326e-01,-8.664886733379686956e-02,9.936684184277549292e+00,2.672266766768197424e-02,1.139933350455682309e-01,9.931220562437995669e-01,1.508588065453482674e+00
9.080326604857429373e-01,4.136224105474988200e-01,-6.628113595933057822e-02,7.393730062864345420e+00,-4.180258010770045440e-01,9.049374655417743440e-01,-7.964052418687345147e-02,9.868889920932483406e+00,2.703917759682594388e-02,1.000234220155787196e-01,9.946176139216427181e-01,1.541961394348585479e+00
9.315227851549860993e-01,3.454097247025811890e-01,-1.138306760850695543e-01,7.552314672287208985e+00,-3.531045688168177876e-01,9.339255980836662641e-01,-5.567890735957950477e-02,9.817741656119480353e+00,8.707734618020435136e-02,9.206030265512708810e-02,9.919387261606739115e-01,1.602748344235120026e+00
9.740936920128043797e-01,2.132555887367227621e-01,-7.525644858360552858e-02,7.804890857373564472e+00,-2.165187902506437723e-01,9.755323412492200585e-01,-3.816103569368095583e-02,9.762047628721200354e+00,6.527704534720772667e-02,5.346685935577184801e-02,9.964337420528119882e-01,1.640230799156355390e+00
9.776030241108857322e-01,1.926132721498669265e-01,-8.480834063328619721e-02,7.981690058963183176e+00,-1.953799863928559477e-01,9.803946899155682182e-01,-2.555216042697154924e-02,9.741249402711279259e+00,7.822396158708765090e-02,4.154972174490573905e-02,9.960695921754382232e-01,1.699316382546839588e+00
9.831607368706085648e-01,1.440223271320281995e-01,-1.124834866258877658e-01,8.229656344515847266e+00,-1.479878478540544995e-01,9.886013405808875554e-01,-2.769451731297609479e-02,9.767994030968509378e+00,1.072126968393523894e-01,4.387435115358653132e-02,9.932675767119785171e-01,1.734127572939718531e+00
9.920292030899674485e-01,6.656531699229630006e-02,-1.069912089397936777e-01,8.385208232133201989e+00,-7.289530825794451885e-02,9.957447056387821460e-01,-5.638045074594302125e-02,9.795885917085499273e+00,1.027829472756204982e-01,6.373021077990705108e-02,9.926601261173367829e-01,1.760633120769857340e+00
9.866546085725589332e-01,-4.986402858541789246e-02,-1.550040710296423374e-01,8.658369710230950034e+00,4.313460331224833189e-02,9.979874436101021651e-01,-4.648083899489647425e-02,9.819250625971061908e+00,1.570098384803476077e-01,3.917449488898610416e-02,9.868197756280370214e-01,1.817111230043593872e+00
9.838956345637958067e-01,-1.337547501742211986e-01,-1.185708526246506134e-01,8.846409502539589909e+00,1.293742453265643300e-01,9.906219525189950970e-01,-4.393690742003789063e-02,9.831640867081338442e+00,1.233356596142688583e-01,2.788931683076701154e-02,9.919730344491364260e-01,1.835440236433354189e+00
9.858176469899312400e-01,-1.306106250504867894e-01,-1.053775664321196376e-01,9.119979440962071138e+00,1.292757801280374208e-01,9.914183133640260825e-01,-1.942937463528496278e-02,9.862804834148610311e+00,1.070109319439927070e-01,5.531053276935646475e-03,9.942424593096630403e-01,1.934155457714347603e+00
9.850401827565434809e-01,-1.318111042814091305e-01,-1.110030231258140737e-01,9.288568343753567547e+00,1.303463114271719014e-01,9.912589813141454709e-01,-2.038310725514184615e-02,9.925168866679566548e+00,1.127194635024720420e-01,5.609345074035751444e-03,9.936110193609752894e-01,1.958474069733331824e+00
9.783265483732913603e-01,-1.920929605475400204e-01,-7.731403013737229990e-02,9.512596787794038278e+00,1.908606961776398159e-01,9.813454421200297206e-01,-2.309367629528401647e-02,1.000175778277538541e+01,8.030790373672892779e-02,7.836947002896910500e-03,9.967392953320779458e-01,1.989100329728945127e+00
9.666424950706629105e-01,-2.283131719549054139e-01,-1.160835140554094536e-01,9.682099414000564508e+00,2.288526810033799652e-01,9.734209354140962445e-01,-8.839281368541132555e-03,1.003009846232030711e+01,1.150162472050259288e-01,-1.802159841515629107e-02,9.932001232729668061e-01,2.042868089900699236e+00
9.462835381681792279e-01,-3.005965004260668372e-01,-1.191184676005902915e-01,9.900988237914623014e+00,3.005970264343725828e-01,9.535738691554297430e-01,-1.839303571348811436e-02,1.007084996310558722e+01,1.191171402054470863e-01,-1.840163024154392243e-02,9.927096689937751073e-01,2.068132197683251405e+00
9.503746541249094015e-01,-2.996062927596436776e-01,-8.380982123701589959e-02,1.003720998835361833e+01,2.999012347839455916e-01,9.539244787075239485e-01,-9.345496115490001254e-03,1.008906007584231901e+01,8.274820947925305703e-02,-1.625294623761885937e-02,9.964379436606054519e-01,2.099739507479780887e+00
9.678000626556619856e-01,-2.297883860805116640e-01,-1.027634971485969911e-01,1.022989293033168856e+01,2.277529367725331377e-01,9.732163775529729666e-01,-3.128070098570030766e-02,1.014237255686939854e+01,1.071990602346043070e-01,6.868776105264476871e-03,9.942138509393412260e-01,2.147100411532706143e+00
9.698470206354883327e-01,-2.323803738723119738e-01,-7.345827661625554950e-02,1.033088733365039680e+01,2.310985149041204501e-01,9.725932012879763278e-01,-2.561134938883544848e-02,1.018653431499213546e+01,7.739659536165399700e-02,7.862992265783347659e-03,9.969693778542316753e-01,2.161822219045085536e+00
9.292051388643519649e-01,-3.693208898910095295e-01,-1.341231516898793927e-02,1.044510571255730191e+01,3.695615166976327082e-01,9.287280235259399719e-01,2.980845003933243684e-02,1.023176891568753888e+01,1.447509663003425416e-03,-3.265484049440740832e-02,9.994656402838776321e-01,2.186482598692841783e+00
8.660258287405800948e-01,-4.999272764962871540e-01,8.484230618934999330e-03,1.049961469114441748e+01,4.931017833611952561e-01,8.567648192263098705e-01,1.510121709734631446e-01,1.025509156027323776e+01,-8.276409366506115584e-02,-1.265968512685637370e-01,9.884954941974632980e-01,2.176764384639709782e+00
7.267173453030272290e-01,-6.853403046727738479e-01,4.680349160852405321e-02,1.050882386732854279e+01,6.502279021888083266e-01,7.082589737960328646e-01,2.749052586847570701e-01,1.029571130190654671e+01,-2.215526466798836691e-01,-1.693454836375072048e-01,9.603314698169161945e-01,2.152449477054162230e+00
5.939671285204959350e-01,-8.035316999210889710e-01,3.924101755868190933e-02,1.048375258898839490e+01,7.619889804682243861e-01,5.775631667844947081e-01,2.929054147994930579e-01,1.033824209503664626e+01,-2.580229522389668184e-01,-1.440749651944845944e-01,9.553358365109607675e-01,2.127104794809467680e+00
3.891174718593016779e-01,-9.208348748692600783e-01,-2.550933786555169974e-02,1.039214217315058875e+01,8.811897708047082833e-01,3.640077285356364545e-01,3.016669710052350961e-01,1.042483662128273281e+01,-2.684998713649071056e-01,-1.398624566881362941e-01,9.530720394000596896e-01,2.128336017637847632e+00
3.212242009659775910e-01,-9.438523098131275102e-01,-7.718698060030808328e-02,1.031822178571710857e+01,9.152703578598495593e-01,2.885047667529549442e-01,2.811497316092030907e-01,1.048035158800112931e+01,-2.430950117482307549e-01,-1.609590532441311506e-01,9.565547545446009270e-01,2.124436465211539282e+00
2.512955346586743244e-01,-9.640072291197284704e-01,-8.683672302380759933e-02,1.022164298147941075e+01,9.540983644145727416e-01,2.316084658027881549e-01,1.898784600472542550e-01,1.058287735621581405e+01,-1.629320879447891945e-01,-1.305663845458771566e-01,9.779598938323446067e-01,2.117558697041600269e+00
1.733575460506069643e-01,-9.774477242578393232e-01,-1.205948073943561155e-01,1.017928052613782341e+01,9.737419768255632935e-01,1.517646537614950886e-01,1.696881034029747437e-01,1.066946592895600965e+01,-1.475592213152282506e-01,-1.468449393470002973e-01,9.780914272157896772e-01,2.116241633492550900e+00
5.249242293358981348e-02,-9.899601139613213308e-01,-1.312384025361788831e-01,1.015995552083509423e+01,9.922263335517731431e-01,3.685487793719276900e-02,1.188638758355161640e-01,1.083994018204738374e+01,-1.128337207618692745e-01,-1.364576518115486470e-01,9.841990960781825670e-01,2.129328136521050130e+00
-5.308895248957727804e-03,-9.923758896798587914e-01,-1.231337046195870866e-01,1.015930981246379261e+01,9.981872761105151648e-01,-1.264106559460259974e-02,5.884186665720174403e-02,1.097689312168134812e+01,-5.994979101136721500e-02,-1.225981119052866886e-01,9.906440962903645397e-01,2.158363929490863420e+00
8.737152830194219733e-02,-9.834787638395522391e-01,-1.585425404073255717e-01,1.017347929304077958e+01,9.941975796337055860e-01,7.606176627610648777e-02,7.606431726796224202e-02,1.112714558118485897e+01,-6.274861506571320635e-02,-1.642684655908883129e-01,9.844178393953204598e-01,2.185345943576825434e+00
2.881802700037307541e-01,-9.381189391323693227e-01,-1.920546485293549988e-01,1.019303178960834977e+01,9.575580384349949847e-01,2.810848966960581841e-01,6.382698393228018741e-02,1.120765431496210773e+01,-5.893641412698174056e-03,-2.022971499812205309e-01,9.793064525981511892e-01,2.196599144189146813e+00
6.058682201585945393e-01,-7.676144458368298062e-01,-2.090257456498428590e-01,1.020140779508538742e+01,7.864231402634509482e-01,6.175810038094778909e-01,1.150426841875082894e-02,1.132003583969656013e+01,1.202594871934370702e-01,-1.713527539209548090e-01,9.778424665883953537e-01,2.237771248316256401e+00
7.427334558032250289e-01,-6.290200479448416759e-01,-2.295229681623761342e-01,1.022586308247184483e+01,6.492697700311811371e-01,7.603634080352817959e-01,1.721201454302501155e-02,1.136939484400556211e+01,1.636941640812371035e-01,-1.618062637985371033e-01,9.731510435905127432e-01,2.215142109488627664e+00
8.303616894016405681e-01,-4.899720690729876815e-01,-2.653805499700157000e-01,1.028642802816628787e+01,5.118015757468166171e-01,8.589639403553309682e-01,1.549503895830343925e-02,1.141222755381297382e+01,2.203601865971434037e-01,-1.486886703739726256e-01,9.640192256720262476e-01,2.225635700286025198e+00
9.018088553667188423e-01,-3.626413975318507066e-01,-2.350149041620844259e-01,1.033345343575385478e+01,3.836816630173496834e-01,9.221455275080988612e-01,4.935592731426789725e-02,1.140560775204914989e+01,1.988194403130845722e-01,-1.346805215796151589e-01,9.707378571275745438e-01,2.233004353475216863e+00
9.677397529504281337e-01,-1.804285294461560607e-01,-1.758559533292549659e-01,1.037656957751318920e+01,1.921265597219617982e-01,9.800024864246718037e-01,5.179296912578641027e-02,1.142932933416593322e+01,1.629943422602356806e-01,-8.390871446613384910e-02,9.830524767416003451e-01,2.246263103747479395e+00
9.659629775512722505e-01,-2.163320634155850575e-01,-1.418307594939635374e-01,1.042043095935843944e+01,2.276278579246174549e-01,9.713170811507890745e-01,6.876544307544270318e-02,1.149618386161598060e+01,1.228864691368792839e-01,-9.870950411722023699e-02,9.874995440505297539e-01,2.240812776008475282e+00
9.075531050311514969e-01,-3.969259250393900595e-01,-1.371027774333521965e-01,1.046384305167443607e+01,4.024264035696010211e-01,9.153476495260092216e-01,1.384450133617299433e-02,1.168327408910661269e+01,1.200014635675373947e-01,-6.773839781715973452e-02,9.904600740074352982e-01,2.240152465533821857e+00
8.080411232000570543e-01,-5.732047790386239905e-01,-1.360361147080852984e-01,1.046918332984592581e+01,5.811467471592627332e-01,8.134309989883610204e-01,2.446360870774523175e-02,1.183332417069039089e+01,9.663333526168289833e-02,-9.882454741652196839e-02,9.904017908627406053e-01,2.254427575595978173e+00
5.664284593820441138e-01,-8.103662622670987359e-01,-1.498843600291060452e-01,1.046256855818707443e+01,8.240532122370965995e-01,5.590946830358174413e-01,9.137526362644524114e-02,1.209962479369739441e+01,9.752117913866138396e-03,-1.752702381476426152e-01,9.844720614704429718e-01,2.240877390816140569e+00
4.740595506568039408e-01,-8.555014312885023120e-01,-2.082902866059581082e-01,1.045668435359301718e+01,8.801548797484086695e-01,4.669805323948431064e-01,8.518550357480944579e-02,1.229351208540632356e+01,2.439118869864336306e-02,-2.237107137075771968e-01,9.743503407328980570e-01,2.186940457528010029e+00
2.874189043882891537e-01,-9.190305590153601267e-01,-2.697650922490699155e-01,1.049093906717738633e+01,9.577767432168563522e-01,2.779378560777217566e-01,7.358164385111552741e-02,1.247710658211921952e+01,7.354152102555220477e-03,-2.795234869466867167e-01,9.601106898123876743e-01,2.263938078131918719e+00
1.374102443575177801e-01,-9.497577548954561077e-01,-2.812092312879311828e-01,1.045452195274386931e+01,9.888973279073240974e-01,1.153261767012913330e-01,9.371204738568902903e-02,1.268254077038301553e+01,-5.657295823414275338e-02,-2.909640527340193739e-01,9.550599040967188147e-01,2.209222921348930058e+00
-9.686952222281676461e-02,-9.600711264751985441e-01,-2.624494766101955756e-01,1.032476031530528182e+01,9.934862587120654176e-01,-1.091701830724687572e-01,3.266381603896615499e-02,1.297720051392989760e+01,-6.001124406831809255e-02,-2.575758203647349198e-01,9.643927350145311550e-01,2.259306347922634295e+00
-2.552684265004359632e-01,-9.252883981882367159e-01,-2.804985037575734586e-01,1.023182630339574217e+01,9.569004087480903475e-01,-2.833253593456176445e-01,6.378360674511132644e-02,1.315155872507189194e+01,-1.384905706888756860e-01,-2.521271919685031393e-01,9.577328651040164509e-01,2.234391153873477531e+00
-5.464359841824153463e-01,-7.782461953260152443e-01,-3.094197386256662408e-01,1.009309454731378430e+01,8.161277167602414284e-01,-5.777498287235601770e-01,1.186108534717237109e-02,1.337522540032161622e+01,-1.879980455385422133e-01,-2.460447009599621704e-01,9.508515867385467502e-01,2.133355591235138071e+00
-7.125086859073903600e-01,-6.099247764205033562e-01,-3.468762598030045163e-01,9.943245035376589769e+00,6.471027933117866615e-01,-7.623202133180827511e-01,1.121905765903559622e-02,1.349804648378455596e+01,-2.712735656023418929e-01,-2.164709206223106031e-01,9.378437999636839439e-01,2.132383035341217870e+00
-8.529224543802125247e-01,-3.577850252000146503e-01,-3.801488689403902388e-01,9.641653428586270280e+00,3.996927908902571658e-01,-9.159934190404885879e-01,-3.466596580039183612e-02,1.361653661458279174e+01,-3.358108987576073345e-01,-1.815101430144897277e-01,9.242754504250714209e-01,2.063558306534380105e+00
-9.115730231223663216e-01,-2.353150689846277843e-01,-3.371371261435150979e-01,9.442856462399413786e+00,2.619791908082044762e-01,-9.644312899882222512e-01,-3.520213736597167797e-02,1.361585302645231899e+01,-3.168620000868329067e-01,-1.204122302775489789e-01,9.407971979659375261e-01,2.059668387150471514e+00
-9.339776613915209413e-01,-1.905646959856093989e-02,-3.568228958293782616e-01,9.153524366778789556e+00,2.859782933812913749e-02,-9.993601278544973487e-01,-2.148252805865539378e-02,1.360170347175693983e+01,-3.561851936546099884e-01,-3.026856159586585257e-02,9.339250087668422573e-01,1.939419863536083977e+00
-9.428586765841955319e-01,9.112085043535325668e-02,-3.204910398214529388e-01,8.932580719693755000e+00,-7.610688277223065512e-02,-9.953470442966144693e-01,-5.909317900306527982e-02,1.358848865567492759e+01,-3.243844299355201355e-01,-3.132494255274100720e-02,9.454065208096864570e-01,1.922357769362846636e+00
-9.098521518009669018e-01,2.283775038362562959e-01,-3.464286039065913037e-01,8.650333766601347563e+00,-2.185023359884158412e-01,-9.734728863648793862e-01,-6.787686409990510705e-02,1.352552778997111815e+01,-3.527404017556745597e-01,1.393754834799592647e-02,9.356174184544094885e-01,1.833668918386418989e+00
-9.177126553968226741e-01,2.224881158475891796e-01,-3.290934828146875879e-01,8.430057606871466547e+00,-2.097925633269838996e-01,-9.749348375782388443e-01,-7.408874981390510539e-02,1.348682314552504202e+01,-3.373285675675939954e-01,1.049182007148857744e-03,9.413863907662527453e-01,1.838489657688910039e+00
-9.319244059471620822e-01,2.043400683793163142e-01,-2.996031342539063336e-01,8.201949261951963166e+00,-2.024616484929211702e-01,-9.785660158874897041e-01,-3.765412911773562132e-02,1.337401873230184535e+01,-3.008756927529319114e-01,2.556734254518888694e-02,9.533205801332630402e-01,1.792372274639296936e+00
-9.157669466466146213e-01,2.474856116359290537e-01,-3.164202450266503375e-01,8.040596767945913825e+00,-2.530625600546855813e-01,-9.671509612881812323e-01,-2.404909099980370377e-02,1.330477808304197573e+01,-3.119779481439416413e-01,5.805075462505877165e-02,9.483142252225040814e-01,1.731141079927390747e+00
-9.074619117199308471e-01,3.493544679889983851e-01,-2.333759509326763515e-01,7.760942553419568846e+00,-3.515599684529844282e-01,-9.355659728623468840e-01,-3.349476083611058197e-02,1.324033171782302176e+01,-2.300401429293231215e-01,5.165042224663873860e-02,9.718095320189040764e-01,1.685431052643514116e+00
-8.836913250912947770e-01,3.655710102812208540e-01,-2.923140065073132621e-01,7.586363362214528117e+00,-3.683659623215383427e-01,-9.284643573597030075e-01,-4.754424166565504595e-02,1.322939736163604074e+01,-2.887839326578209853e-01,6.566409638914802449e-02,9.551398152543325581e-01,1.621453683081083064e+00
-9.103767321641986765e-01,2.797498033991077104e-01,-3.048839993049720087e-01,7.304492878850472160e+00,-2.745857852055768045e-01,-9.596492213656476755e-01,-6.063017809098370653e-02,1.320071660787762902e+01,-3.095429729408670227e-01,2.852050894476971035e-02,9.504576415982259885e-01,1.596405829682810529e+00
-9.241727371858619033e-01,2.240533943009786200e-01,-3.093619697774770971e-01,7.148833772665277309e+00,-2.368728573873605803e-01,-9.715324385706836097e-01,3.996278024526594974e-03,1.314242578995577304e+01,-2.996598092429773041e-01,7.697270494865632307e-02,9.509359607341338894e-01,1.550163008719886104e+00
-9.204473178738770134e-01,1.584978535672953992e-01,-3.572886304283205416e-01,6.912484849724033431e+00,-1.745320963302197104e-01,-9.845674649306356274e-01,1.286290599521338826e-02,1.308855792918943450e+01,-3.497360181184716588e-01,7.419796098696643250e-02,9.339054450082264758e-01,1.473841318447962623e+00
-9.360754676080936809e-01,1.249773582073810813e-01,-3.288516061657468792e-01,6.703758865186751237e+00,-1.285107610581611437e-01,-9.916464230536718993e-01,-1.106146179812793513e-02,1.310051310628059440e+01,-3.274869512431601848e-01,3.190660715844764045e-02,9.443168245801285554e-01,1.472720069161400414e+00
-9.347496703811853935e-01,3.485317662999210669e-02,-3.535934244313131414e-01,6.428942862853179285e+00,-3.982823377066863069e-02,-9.991833971368929701e-01,6.800785299382878027e-03,1.319796152796864952e+01,-3.530676500572852983e-01,2.044003338495340230e-02,9.353744915905335411e-01,1.398308148382988669e+00
-9.242499697428183669e-01,-1.066080943065880055e-01,-3.666015652704115446e-01,6.280999757267221817e+00,1.165067819908989638e-01,-9.931777514017159358e-01,-4.911605720921898878e-03,1.327996229900623426e+01,-3.635769013297245889e-01,-4.725112008143252801e-02,9.303650726841192764e-01,1.349446609759610505e+00
-8.986620970944281250e-01,-2.891003472022272147e-01,-3.298900187841325438e-01,6.073044380035269363e+00,2.942704619974630398e-01,-9.550682872226330389e-01,3.534772888641114774e-02,1.332152915873854404e+01,-3.252865359058760841e-01,-6.531122406737067954e-02,9.433573625987012878e-01,1.338762665700392818e+00
-8.889185533580413745e-01,-2.994616908864688454e-01,-3.466215532641658825e-01,5.914762461529162074e+00,3.080383105978264369e-01,-9.508519283822711721e-01,3.151205318215285350e-02,1.334181809058594226e+01,-3.390224250693227859e-01,-7.876106895626697191e-02,9.374755939847086994e-01,1.314478107179787081e+00
-9.476856640950850341e-01,-1.531532912046628392e-01,-2.800641916808295218e-01,5.659755319076127833e+00,1.659225373422763827e-01,-9.858861917283939791e-01,-2.231879390080773046e-02,1.335953639770461088e+01,-2.726932226340774146e-01,-6.762016232208487021e-02,9.597217930092956095e-01,1.273203719721463179e+00
-9.616627016338619161e-01,1.815072905106553808e-02,-2.736336955149633599e-01,5.495237211894122176e+00,-8.956042803833689711e-03,-9.993536756841615576e-01,-3.481408039648501568e-02,1.338279749736392077e+01,-2.740887403443584835e-01,-3.102872751937860857e-02,9.612037143524632121e-01,1.236231374962955654e+00
-9.439307471502533797e-01,1.804522889763969240e-01,-2.764628654766177474e-01,5.228346520735544622e+00,-1.697366383338623219e-01,-9.835105920130168267e-01,-6.242106219319152466e-02,1.335797064579625371e+01,-2.831681800476232302e-01,-1.199528246378329596e-02,9.589952528595393488e-01,1.161388023613163067e+00
-9.313422378953106762e-01,2.620395478336518535e-01,-2.528574920450031849e-01,5.054847244834658859e+00,-2.602056148205386110e-01,-9.646698650994152135e-01,-4.129272799105174890e-02,1.326292387185256594e+01,-2.547443305120232759e-01,2.733727748356157630e-02,9.666219526432082709e-01,1.133609306493730706e+00
-8.438214301857711597e-01,4.518261023877933602e-01,-2.895143643418991997e-01,4.839731006510229250e+00,-4.542766484417041783e-01,-8.886437792939395619e-01,-6.280891817853324899e-02,1.310141369305885206e+01,-2.856538475844687119e-01,7.852010394313799213e-02,9.551107122407060945e-01,1.077070135441074994e+00
-7.663356580584733679e-01,5.800635832656794166e-01,-2.761447058284224321e-01,4.687116987883728214e+00,-5.869315237204110192e-01,-8.069254041075780703e-01,-6.620255787399502434e-02,1.298816353517033306e+01,-2.612298712845114168e-01,1.113446522056791288e-01,9.588333133417272780e-01,1.046499623484415276e+00
-5.901033281548808684e-01,7.664656454070409852e-01,-2.535911601600108756e-01,4.506726345527696687e+00,-7.805827675368368634e-01,-6.218569078040016018e-01,-6.312312762355111462e-02,1.278681719576172071e+01,-2.060791234576299646e-01,1.606997219263764098e-01,9.652497056449803603e-01,9.716929489298972156e-01
-4.310061907313713636e-01,8.582916026099114415e-01,-2.785124565267088070e-01,4.402587944529407160e+00,-8.675349843800614913e-01,-4.790525287362580875e-01,-1.337599550989921893e-01,1.264197674359842161e+01,-2.482271428106108679e-01,1.839679309029356447e-01,9.510725976345729693e-01,9.547353337232645787e-01
-2.847106993880337278e-01,9.251393134085970082e-01,-2.511116652803006555e-01,4.316207881104340061e+00,-9.504165094167776884e-01,-3.066024989786773070e-01,-5.199390587424172067e-02,1.239402056592853008e+01,-1.250930704795644999e-01,2.238574510841673249e-01,9.665606888923712336e-01,9.486442508406336405e-01
-1.817382930388830586e-01,9.509947811576763277e-01,-2.501601867887366937e-01,4.264872826163965236e+00,-9.765968252424407359e-01,-2.043091114881160908e-01,-6.720437403416014421e-02,1.224740656369136538e+01,-1.150210144699625875e-01,2.320920359982220627e-01,9.658692732748576093e-01,9.169078022431564889e-01
-7.542008362461206927e-02,9.819699637769713219e-01,-1.733401316080880050e-01,4.139974694159860746e+00,-9.896768284106056690e-01,-9.496032881738888931e-02,-1.073420293175933876e-01,1.198936322722273040e+01,-1.218670845354971055e-01,1.634549668586017801e-01,9.789948352856987501e-01,9.095465619073705987e-01
3.031586376943114919e-02,9.867219482552113119e-01,-1.595642354519102857e-01,4.072739329183358237e+00,-9.936943647687448422e-01,1.251179576262311834e-02,-1.114224591078315368e-01,1.183852648625333082e+01,-1.079465508052724759e-01,1.619359496783651098e-01,9.808793454706913328e-01,8.823365586490217183e-01
8.186553685437936156e-02,9.819107166911416051e-01,-1.707318901747184592e-01,3.998306009035168529e+00,-9.892758145237966483e-01,5.926801792130396290e-02,-1.334940629764487241e-01,1.161934796604288067e+01,-1.209603103246035677e-01,1.798294928502219558e-01,9.762325321496967412e-01,8.425918738584041723e-01
9.197756431075997108e-02,9.783972046159710168e-01,-1.851459901351168447e-01,3.977781124005691282e+00,-9.920566668817115685e-01,7.401417143815250399e-02,-1.017126940055845530e-01,1.144688236313335494e+01,-8.581198843407623900e-02,1.930305997140782381e-01,9.774331129110647165e-01,8.653920181352398044e-01
1.574340818490677363e-01,9.689752300608385216e-01,-1.905295604384924235e-01,3.958846874104655189e+00,-9.805724146337246871e-01,1.305266147041118929e-01,-1.464258942717176215e-01,1.120688519392806271e+01,-1.170138860637023742e-01,2.098804573618718861e-01,9.706997188038344326e-01,8.539311200670053337e-01
2.401401766702691565e-01,9.515744009624917954e-01,-1.919345070112347951e-01,3.927127906937580626e+00,-9.687881243085044725e-01,2.224002036987536568e-01,-1.094884450230418776e-01,1.105193478511504068e+01,-6.150012802899691017e-02,2.122364455686786000e-01,9.752812032561640754e-01,8.511112180856020837e-01
3.231518909064606815e-01,9.303172455934471952e-01,-1.734435872409218760e-01,3.846863796689794057e+00,-9.451175028538552070e-01,3.079255106264844333e-01,-1.092464448149813167e-01,1.085609830900753714e+01,-4.822614646509944258e-02,1.992277652759250062e-01,9.787658230344419286e-01,8.499695057523158903e-01
3.416794116258531355e-01,9.222663712681150594e-01,-1.807758836209989173e-01,3.839898901636340955e+00,-9.369490596946676852e-01,3.192613011668420375e-01,-1.421220641369038140e-01,1.072700277100901900e+01,-7.335965654425043170e-02,2.179379774275172488e-01,9.732016228852649053e-01,8.246218960675135712e-01
2.563577073937101658e-01,9.523435142922975771e-01,-1.652953618382436984e-01,3.847655370233631800e+00,-9.622044924262641574e-01,2.351805653641346194e-01,-1.373048303218881716e-01,1.052706106260683327e+01,-9.188710798886687292e-02,1.942470912533852123e-01,9.766395583453714169e-01,8.247597250421417892e-01
1.994998200511281794e-01,9.617878932358099320e-01,-1.875203194978833365e-01,3.862985678655694421e+00,-9.740218683554024981e-01,1.737128308795021225e-01,-1.452764686839600750e-01,1.036953158903867589e+01,-1.071504632048777272e-01,2.116315213120443794e-01,9.714581192321831704e-01,8.501678640981853441e-01
2.555142662126423381e-01,9.462277823248145259e-01,-1.984072673025792100e-01,3.945729501452005294e+00,-9.602216385833524104e-01,2.244642151610885539e-01,-1.661030430438270311e-01,1.012009966847189624e+01,-1.126359825194335057e-01,2.329566484751588451e-01,9.659422008449076724e-01,8.370131448876183544e-01
3.521339150556095365e-01,9.210802672744564656e-01,-1.661711380030339580e-01,3.973182687430085736e+00,-9.353365211863281514e-01,3.398873535816852032e-01,-9.809270620335272528e-02,9.948672143861481132e+00,-3.387178770995015464e-02,1.899677028151178504e-01,9.812058774204728273e-01,8.794757187833355250e-01
4.464186162648301481e-01,8.805013560717253052e-01,-1.594609074602483245e-01,4.009684882945586004e+00,-8.945911091901309620e-01,4.350910777079797787e-01,-1.019926539358648881e-01,9.654761959795006732e+00,-2.042465202071079566e-02,1.881837295165553758e-01,9.819214416311894400e-01,8.576448232194039401e-01
4.010642850344785515e-01,9.017361451990024701e-01,-1.613051881106888075e-01,4.087494185208951691e+00,-9.157623627503297392e-01,3.902618172825241816e-01,-9.526284134580571827e-02,9.424949817809594066e+00,-2.295069148669364248e-02,1.859237435428398866e-01,9.822960996294851643e-01,8.375839251759806814e-01
3.564996053892527383e-01,9.113115642209391742e-01,-2.059593753012730899e-01,4.070821225610881555e+00,-9.338539251709553346e-01,3.407887482296997339e-01,-1.085351349694422540e-01,9.182381203484920817e+00,-2.872068592684087068e-02,2.310287038383278257e-01,9.725229355663929098e-01,8.911869100994588289e-01
4.140743404408583350e-01,8.785295795387295659e-01,-2.381768638301583751e-01,4.024879730656297561e+00,-9.102429590598312137e-01,3.995203726370404329e-01,-1.088174036170854592e-01,9.045332584075584492e+00,-4.427984552672456671e-04,2.618573079435857487e-01,9.651064988932913646e-01,8.546916771718546801e-01
5.149335703159964028e-01,8.354189266141067716e-01,-1.921422265316849454e-01,4.115755490797456062e+00,-8.535429850943151431e-01,5.204399152190567479e-01,-2.463061597012410064e-02,8.724958369799187707e+00,7.942160133054622373e-02,1.766847806171011337e-01,9.810579481051968642e-01,8.824401047177434787e-01
5.093316742337880010e-01,8.488873799700753509e-01,-1.413204222670816634e-01,4.208665087073605982e+00,-8.604361507491624650e-01,5.052382641753649928e-01,-6.621122938769197219e-02,8.481596795267506650e+00,1.519460779923510231e-02,1.553206764748449875e-01,9.877472406204050870e-01,9.523225560862569328e-01
3.128538941885786739e-01,9.375940885365999788e-01,-1.517885569872213791e-01,4.237660480919076100e+00,-9.491286816492423561e-01,3.026011619672941966e-01,-8.710500816150303083e-02,8.176884061039935148e+00,-3.573774701648494562e-02,1.713180139893770992e-01,9.845673930823231057e-01,8.772442673855050943e-01
1.884951628652798694e-01,9.669076829837389697e-01,-1.719276189662614640e-01,4.188865690713643453e+00,-9.797505381832088966e-01,1.731095381892813478e-01,-1.006080052362005317e-01,8.006929962253243716e+00,-6.751634251131782838e-02,1.874102995433015728e-01,9.799586333713198316e-01,9.489592901436230132e-01
1.041505227656999988e-01,9.729665585274280826e-01,-2.061279811062133871e-01,4.140221751642959802e+00,-9.892433747592963567e-01,7.993980902431829794e-02,-1.225037649543675305e-01,7.769891380846338791e+00,-1.027142351501045409e-01,2.166695708225955530e-01,9.708264947852843774e-01,8.644763849560438418e-01
1.065154541984617842e-01,9.747307747015157009e-01,-1.963526798051853373e-01,4.113042437675348495e+00,-9.924588056768094413e-01,9.217540884777833399e-02,-8.080354595131963857e-02,7.589011906963263776e+00,-6.066281440435904865e-02,2.034787724887470173e-01,9.771982460560474371e-01,8.696792593494899748e-01
1.719783694019119680e-01,9.660844866262310315e-01,-1.926245185795151527e-01,4.162380748877102299e+00,-9.833461045455831329e-01,1.566926031719994006e-01,-9.207533212652764532e-02,7.279603394555895335e+00,-5.876971271741835562e-02,2.052515354663949076e-01,9.769431549766852685e-01,8.711050761539519405e-01
1.411541930158358993e-01,9.715883582221750414e-01,-1.899777775456523987e-01,4.191712645197508635e+00,-9.889089034366032038e-01,1.294239486679862883e-01,-7.286029244384374659e-02,7.058122119583568832e+00,-4.620253778597466915e-02,1.981552514528032993e-01,9.790811109524134581e-01,8.651579431356584138e-01
5.866116102774920210e-02,9.761845627232876854e-01,-2.088601629981619578e-01,4.185221301561849572e+00,-9.931497374591916616e-01,3.588861327743435303e-02,-1.112007482967736355e-01,6.760884862300840403e+00,-1.010567522316851014e-01,2.139525810495525038e-01,9.716027099028793357e-01,8.779514104342566183e-01
9.884507873050028814e-03,9.665490297137026010e-01,-2.562913764909120484e-01,4.141554919762095999e+00,-9.932787860246560241e-01,-2.006877594188526473e-02,-1.139934097462691337e-01,6.573905271036979414e+00,-1.153236737946461560e-01,2.556955560655947424e-01,9.598542768935358627e-01,8.561752140021786639e-01
-2.127711385734308291e-01,9.568162475479289331e-01,-1.980684503359003978e-01,4.010578327751701977e+00,-9.706646955046778213e-01,-2.302115469042379237e-01,-6.937357258185324060e-02,6.377912048616454221e+00,-1.119754057415154463e-01,1.774973580092334691e-01,9.777301245276046604e-01,8.318950191858826004e-01
-4.727294130930389526e-01,8.534612240898775681e-01,-2.193874220909611261e-01,3.878982018368917650e+00,-8.615575048726296092e-01,-4.999177787673032558e-01,-8.832259207029069525e-02,6.279772744257937411e+00,-1.850555802842993869e-01,1.472621928648832346e-01,9.716317608838583864e-01,8.063761387570204109e-01
-8.026764612307827340e-01,5.326766169893331071e-01,-2.682650187758844895e-01,3.706130825563056952e+00,-5.424291761547616053e-01,-8.390028914508111946e-01,-4.295040154929215259e-02,6.206550953234750700e+00,-2.479538010236840562e-01,1.110394968017183737e-01,9.623872103825614754e-01,7.600714339777772111e-01
-8.794955355740305958e-01,3.464321655184799398e-01,-3.263010229826502351e-01,3.614556191596486112e+00,-3.508257914895574481e-01,-9.352431515115561256e-01,-4.734460451264013714e-02,6.174002121692730327e+00,-3.215724909426690981e-01,7.283544634935600059e-02,9.440795150960628046e-01,7.632105029919509231e-01
-9.282673164467499793e-01,2.479233318396903973e-01,-2.772251986134276480e-01,3.442635721085531397e+00,-2.457251165851140617e-01,-9.683751399880783373e-01,-4.322910283942938553e-02,6.127233739349184027e+00,-2.791754937238934420e-01,2.799303096445869901e-02,9.598319821309577726e-01,6.857982317802751027e-01
-9.308521183164745194e-01,2.701341442813783855e-01,-2.460525917748032365e-01,3.308307419271665495e+00,-2.716189544705712167e-01,-9.619810627757858779e-01,-2.855833386392675130e-02,6.101678735224470351e+00,-2.444125148146961968e-01,4.024896214982150167e-02,9.688356639016847405e-01,6.484976723667081888e-01
-9.100696203806006856e-01,2.936761531100183231e-01,-2.924510269340985236e-01,3.128559688953147511e+00,-3.043606541378833241e-01,-9.525107831477653830e-01,-9.370176091766678483e-03,6.061951463728190603e+00,-2.813145539659605565e-01,8.048307326222502167e-02,9.562345928929782968e-01,5.227906686709185013e-01
-9.123924547216953895e-01,3.011941266410141371e-01,-2.771680115811963607e-01,2.997760837560924152e+00,-3.124384392504264141e-01,-9.499304984554448605e-01,-3.777536624319424892e-03,6.025904784677591053e+00,-2.644281192416473858e-01,8.315134503510974995e-02,9.608140421398810860e-01,5.046998075996276256e-01
-8.841855857868679003e-01,3.485728757851875304e-01,-3.109868166877430284e-01,2.816350265776445205e+00,-3.600319610232519674e-01,-9.326856599487813870e-01,-2.178179899958143650e-02,5.952905030908526740e+00,-2.976454886748379214e-01,9.270604075653054998e-02,9.501645926252806351e-01,4.637156404293401035e-01
-8.319324091247518593e-01,4.634292717717726773e-01,-3.051586091083937080e-01,2.714465073065969403e+00,-4.819770421686363493e-01,-8.760302775259706243e-01,-1.640377030270598682e-02,5.919096501337778982e+00,-2.749301683523603379e-01,1.334326156637000993e-01,9.521602489113301093e-01,4.488370431190216725e-01
-6.416655510049734668e-01,7.260111986728268185e-01,-2.473318824072776867e-01,2.583482540066915689e+00,-7.432363965310130327e-01,-6.682040222011836894e-01,-3.321209999014298336e-02,5.792624522027923106e+00,-1.893805151674189391e-01,1.625149965874107538e-01,9.683614492322155654e-01,4.308754623368958314e-01
-4.760487941059435291e-01,8.475099052946204470e-01,-2.347434899156502219e-01,2.573366421971539086e+00,-8.664283994152931490e-01,-4.977095587148005484e-01,-3.983746792370656403e-02,5.724055039398916911e+00,-1.505967274442886750e-01,1.844238476754629374e-01,9.712406859742069853e-01,3.788990709356336306e-01
-2.204476482791007663e-01,9.443456094259321532e-01,-2.441602021750824691e-01,2.607837819095802256e+00,-9.729415233190100709e-01,-2.306487415355303605e-01,-1.363635690940468402e-02,5.622876629450414221e+00,-6.919267714070459485e-02,2.345474962263303098e-01,9.696390284245275382e-01,4.053241359356436480e-01
-1.545041258045790067e-02,9.723917330344928889e-01,-2.328424408849636140e-01,2.666640135617051488e+00,-9.995460591766385239e-01,-2.104435632001444914e-02,-2.155946779325869020e-02,5.569344668314421654e+00,-2.586426754319292795e-02,2.324036415232146324e-01,9.722754687182040279e-01,3.714990587040100101e-01
2.742249965097855458e-01,9.376363276600913066e-01,-2.136323204510604257e-01,2.737550575508733708e+00,-9.609788420221841987e-01,2.755757651347661707e-01,-2.403461786862089167e-02,5.489993958714771694e+00,3.633615933076973087e-02,2.118870329267094621e-01,9.766184356249908438e-01,4.182061549595615935e-01
4.791211033650944473e-01,8.545955758232500754e-01,-2.002732385855402197e-01,2.793696278529985477e+00,-8.717948543844061815e-01,4.898492378570504235e-01,4.632066465349098452e-03,5.461358999408877146e+00,1.020622367924973184e-01,1.723778580740364663e-01,9.797291329070089150e-01,4.436635342305896845e-01
7.543633656460800863e-01,6.443825088598582607e-01,-1.253279491836991333e-01,2.883043158027842612e+00,-6.536141253953616781e-01,7.550298346010673178e-01,-5.213946629897520113e-02,5.443760085751289779e+00,6.102858063871240829e-02,1.212482211735833870e-01,9.907443571413697692e-01,5.251805625482617312e-01
8.111798720318794675e-01,5.685938876053855395e-01,-1.367048140635013509e-01,2.925498854756187761e+00,-5.783831615887082833e-01,8.145808938432398394e-01,-4.394184538909557541e-02,5.467447848848460801e+00,8.637206493418096709e-02,1.147125030820157904e-01,9.896367556005911670e-01,6.106262008090559412e-01
8.643674454801665297e-01,4.853883847907599081e-01,-1.314040908963913512e-01,3.035077927650074336e+00,-4.975350720562037865e-01,8.634283023437758775e-01,-8.336917167498854309e-02,5.458201973258124617e+00,7.299158354303290908e-02,1.374397417851234704e-01,9.878170610542820196e-01,6.038877633370781650e-01
9.107182630736255780e-01,3.918250615245315038e-01,-1.306344765575075395e-01,3.170956110004313544e+00,-4.021412202691890259e-01,9.133326376840337213e-01,-6.407754600118087396e-02,5.393272019846219401e+00,9.420554264248851006e-02,1.108900992082786918e-01,9.893577217735819440e-01,6.425357983603614542e-01
9.287492040847242780e-01,3.395803009997199196e-01,-1.486947715453673935e-01,3.277337809402141033e+00,-3.477010814338082900e-01,9.370686226150967135e-01,-3.172309064397480644e-02,5.292403653800943353e+00,1.285646680925623397e-01,8.116412805657648166e-02,9.883741753177612832e-01,6.708524568980165359e-01
9.103735741891899602e-01,3.943630541838433756e-01,-1.252906098348505193e-01,3.410780187299819577e+00,-4.059774014485062477e-01,9.098129208307674798e-01,-8.615566494726982494e-02,5.134585587979161758e+00,8.001440452266896097e-02,1.292989968413436885e-01,9.883721285450661753e-01,7.044264643206578080e-01
8.285498370558896930e-01,5.426296130485470659e-01,-1.380516952356654614e-01,3.508887707107994025e+00,-5.559666669209057943e-01,8.265382334317814550e-01,-8.795233907252743288e-02,4.994781744326046713e+00,6.637946058471015653e-02,1.496250370701807941e-01,9.865120959695476976e-01,7.174971114946343542e-01
6.513855499856484599e-01,7.449953874839285728e-01,-1.438010358014292223e-01,3.620822485251049550e+00,-7.586246900719345598e-01,6.428783685243927293e-01,-1.058110717112189514e-01,4.788548604053358915e+00,1.361781491855191921e-02,1.780148193580660676e-01,9.839335745901546249e-01,7.351144653457949429e-01
5.266128662897802126e-01,8.317213007580488426e-01,-1.758367621500121492e-01,3.665257822052687686e+00,-8.500872281010873888e-01,5.138679130053707134e-01,-1.152886490636216288e-01,4.622076912365820078e+00,-5.531155166184510870e-03,2.101890716684449434e-01,9.776451096761468174e-01,7.262463047379389414e-01
3.626849740833608116e-01,8.997439203622621395e-01,-2.427354266383416059e-01,3.641380923208616949e+00,-9.319116497142245770e-01,3.503153547700351700e-01,-9.391394645768547100e-02,4.374405932770060623e+00,5.354447355374567256e-04,2.602691491196955087e-01,9.655359565109137288e-01,7.459472828374846820e-01
2.008473234834532994e-01,9.562362058405909915e-01,-2.127737561099170283e-01,3.608674541771439870e+00,-9.770290578848355167e-01,1.797391983626150103e-01,-1.144903516486667217e-01,4.220230978009579026e+00,-7.123603511007674249e-02,2.308812231680048010e-01,9.703706962239956324e-01,7.243260158119644299e-01
-5.458345627428363989e-02,9.674220280479763900e-01,-2.472150196664684163e-01,3.531521027272488844e+00,-9.920022736652606143e-01,-8.075843469556914789e-02,-9.700290855678034285e-02,3.944566552194651798e+00,-1.138074485440510181e-01,2.399431075756522369e-01,9.640929259064356938e-01,7.198485651317897416e-01
-1.852953214643411894e-01,9.440173083001716092e-01,-2.729413223993826798e-01,3.471829628704577786e+00,-9.700562142806827826e-01,-2.200995195756634826e-01,-1.026992824609413435e-01,3.788701093739865300e+00,-1.570241541255872342e-01,2.457387293697520514e-01,9.565332675390246786e-01,7.060194122140834860e-01
-3.562613088966781749e-01,8.861313332853447688e-01,-2.963935558563329242e-01,3.341954896930146468e+00,-9.191430575729567787e-01,-3.894139836495858487e-01,-5.943726990362437762e-02,3.558223873594215547e+00,-1.680890225406203309e-01,2.512528796016013088e-01,9.532145986047642072e-01,6.426178582792253513e-01
-4.677333639335325977e-01,8.293954632409356043e-01,-3.054974072210328018e-01,3.219033378198088879e+00,-8.666657563217271543e-01,-4.982257508675588253e-01,-2.572096405163676672e-02,3.439408750194401510e+00,-1.735395259954023717e-01,2.527335884440584102e-01,9.518454528911087786e-01,6.679358893208549031e-01
-6.936736679564311503e-01,6.696991076982379276e-01,-2.651790857742237217e-01,3.018609073100310347e+00,-6.797232400191355328e-01,-7.304367486934837395e-01,-6.662186680048176601e-02,3.295344153313949587e+00,-2.383131539839083435e-01,1.340345526581733782e-01,9.618947859989496196e-01,5.969252565635403407e-01
-8.267607088514383751e-01,4.911747563187171539e-01,-2.742518715610055002e-01,2.859379877691163419e+00,-5.028492238406138126e-01,-8.638121731896633015e-01,-3.116388185453395146e-02,3.218526265639938266e+00,-2.522090172502911565e-01,1.121422676986709860e-01,9.611528096057576631e-01,5.935131834304991916e-01
-9.089903160113740332e-01,2.728185298681303772e-01,-3.151295847078351420e-01,2.662017780405026013e+00,-2.732371364420402848e-01,-9.609501214132849523e-01,-4.377592288857791447e-02,3.116599849020112778e+00,-3.147666956119954396e-01,4.631321535356072022e-02,9.480385084041259569e-01,5.182057306671374874e-01
-9.458804289455697845e-01,1.988964062537881272e-01,-2.564184738217413773e-01,2.499758186841559038e+00,-1.930828922472785369e-01,-9.800115891228743381e-01,-4.791953574779412445e-02,3.087189053846120856e+00,-2.608240994600938278e-01,4.183869523139216624e-03,9.653772756682458267e-01,4.886942790730781638e-01
-9.384163815070148962e-01,1.752058466298788419e-01,-2.977878543963575209e-01,2.240567597273358746e+00,-1.662455791521608439e-01,-9.845287715375757864e-01,-5.536700666529084658e-02,3.009501723529695028e+00,-3.028813337458114985e-01,-2.451391731114833852e-03,9.530251247196680486e-01,4.663799492577066497e-01
-9.397219213923134751e-01,1.089752904735730027e-01,-3.241096982827526563e-01,2.055778946512981875e+00,-9.324326068214625063e-02,-9.936016640752096674e-01,-6.372932985945417572e-02,2.977296638553696972e+00,-3.289808577897780917e-01,-2.966680321798001105e-02,9.438704762808970417e-01,3.643151398903961002e-01
-9.554959192592953343e-01,2.641461093334764379e-02,-2.938193605058587177e-01,1.750845535876120795e+00,-2.146441795312302447e-02,-9.995683424552164187e-01,-2.006009778801573148e-02,2.988490878952610785e+00,-2.942224108404488669e-01,-1.286068001977405326e-02,9.556504464858806003e-01,3.483636378610511231e-01
-9.490079924288017388e-01,1.263134356697078742e-01,-2.888403473816768541e-01,1.536751087838108099e+00,-1.272253511803636550e-01,-9.917496499431672774e-01,-1.569528128573349779e-02,2.938890061515702090e+00,-2.884398383082449335e-01,2.185286724711317172e-02,9.572486154964099381e-01,2.749239323529046874e-01
-8.948982763675225049e-01,3.498582566746657463e-01,-2.770492288222414223e-01,1.266155532852562660e+00,-3.589239313197896131e-01,-9.331723990944780223e-01,-1.904954314945955449e-02,2.842016996917330118e+00,-2.651993334840452854e-01,8.239219504795526616e-02,9.606668723937543675e-01,2.441731026394797222e-01
-8.491265667863566735e-01,4.395258274131423892e-01,-2.929182831685402388e-01,1.112757653011717141e+00,-4.489067980598334673e-01,-8.927584462139519506e-01,-3.827588495800332558e-02,2.789099514209639530e+00,-2.783285113553414791e-01,9.899193780527462683e-02,9.553710462518090196e-01,1.945804006873344261e-01
-8.433631037048612278e-01,4.396481296407157013e-01,-3.089469168202225169e-01,9.087300263656399313e-01,-4.552282607439943063e-01,-8.900536075055865970e-01,-2.391247344565647359e-02,2.723328971930415676e+00,-2.854923920690340400e-01,1.204744697839009865e-01,9.507786262853140657e-01,1.640821332122367471e-01
-8.654718594998748182e-01,3.852045518814485869e-01,-3.202747470901179949e-01,7.910702828651291485e-01,-4.079181153982840424e-01,-9.130088367976341157e-01,4.204171659603715000e-03,2.704782580926884616e+00,-2.907942082362352521e-01,1.342844635065574554e-01,9.473153705693880822e-01,1.187678300565756795e-01
-8.777448113233907723e-01,3.662369263408316589e-01,-3.089248451958553909e-01,6.186339883941861517e-01,-3.748679392059571236e-01,-9.264815786665498987e-01,-3.325526344831013226e-02,2.708758750923137448e+00,-2.983924837363399196e-01,8.661638514714352366e-02,9.505048802997804192e-01,6.146574809543041418e-02
-8.714922737791114260e-01,3.642791265824170677e-01,-3.283320494250652755e-01,4.729909276338265522e-01,-3.540381097532013244e-01,-9.306173684620372422e-01,-9.278108837027747302e-02,2.763095358811014979e+00,-3.393497216525931393e-01,3.538405648233148432e-02,9.399945398571009081e-01,6.528649005438541542e-02
-8.972808820445358213e-01,2.159910166371681872e-01,-3.850128562131661658e-01,2.691448707894960046e-01,-2.056487748881786481e-01,-9.762329380316646654e-01,-6.839467880658303689e-02,2.844614673387579895e+00,-3.906348680089491987e-01,1.780818446971299887e-02,9.203734396762672798e-01,-1.216029621268839567e-02
-9.210030990414337371e-01,8.746004534597527635e-02,-3.796103686994770077e-01,1.261155816807949526e-01,-7.039116355986348161e-02,-9.957941609658630400e-01,-5.864361072599600516e-02,2.857416615204334320e+00,-3.831427614463856490e-01,-2.728973166547645629e-02,9.232859226138263598e-01,-2.249583913297801760e-02
-9.465681378261299184e-01,3.732261120471341842e-03,-3.224822951408326532e-01,-9.667746601558518948e-02,1.164687099834585664e-03,-9.998869520504348740e-01,-1.499088467207988599e-02,2.773782974440340610e+00,-3.225017890746196825e-01,-1.456548475749217322e-02,9.464567833226454896e-01,-4.341626559713082645e-02
-9.378780160545168165e-01,8.377662294890744765e-02,-3.366991304546510522e-01,-2.358542396956352372e-01,-7.967463789207694658e-02,-9.964815861269007424e-01,-2.600770245106934220e-02,2.703181926381521993e+00,-3.376933210450102085e-01,2.434328920606772598e-03,9.412530451288315669e-01,-8.644312836766002150e-02
-9.252447802103286323e-01,2.709332784834109220e-01,-2.655508525758658589e-01,-4.906319612879421754e-01,-2.732787627688682552e-01,-9.615030278784361117e-01,-2.882091601800258404e-02,2.624929325354363296e+00,-2.631364940730482882e-01,4.590300633761412036e-02,9.636659688378094168e-01,-1.159642463069194551e-01
-8.884442517197596034e-01,3.638062503811798631e-01,-2.798424981479775697e-01,-6.436397907790375461e-01,-3.713602929352556314e-01,-9.280801528529352140e-01,-2.754564777808522422e-02,2.595579946258835147e+00,-2.697375472883886127e-01,7.944961965963023842e-02,9.596506726506186524e-01,-1.671478000057515234e-01
-8.917962721849487240e-01,3.433261228587434766e-01,-2.946635068681055514e-01,-8.877636066740344223e-01,-3.459968828367974147e-01,-9.371664324777457811e-01,-4.477984930920418660e-02,2.564036773903745292e+00,-2.915228395584925636e-01,6.201815217917224649e-02,9.545512992060903867e-01,-2.478139383380091876e-01
-9.292831732728574767e-01,2.371335822878061217e-01,-2.831968361816191160e-01,-1.057250833318617911e+00,-2.482110474418384727e-01,-9.687002084503315569e-01,3.343961140701180636e-03,2.543875472713172936e+00,-2.735398687572835885e-01,7.340007016098683279e-02,9.590559785020950079e-01,-2.655454603595370777e-01
-9.440959852761603432e-01,1.027123636446035659e-01,-3.132617770171984284e-01,-1.259037336590389078e+00,-1.123646329854530446e-01,-9.935837751007646768e-01,1.286355746123319516e-02,2.536483110748573466e+00,-3.099305726118011250e-01,4.734397755842823657e-02,9.495796901521581512e-01,-3.218427331129712909e-01
-9.550746824636736632e-01,-5.482385671200518985e-03,-2.963145193274590028e-01,-1.404986120182738940e+00,3.850035789528498051e-03,-9.999740315590360806e-01,6.092079446975475973e-03,2.596698345583533296e+00,-2.963402236304256143e-01,4.677569338996300126e-03,9.550709880442126432e-01,-3.702537044762268525e-01
-9.377057279944602808e-01,-1.838705766707755818e-01,-2.947873449134711388e-01,-1.591187003962529767e+00,1.893403100214047230e-01,-9.818591557803887371e-01,1.014126280211062776e-02,2.724228370832803670e+00,-2.913043334510777016e-01,-4.630560705766683521e-02,9.555090664497353226e-01,-4.154028193538916724e-01
-8.760578521167704524e-01,-3.497192695986524047e-01,-3.319925785555064568e-01,-1.702432605359064377e+00,3.588496289117455440e-01,-9.327165854821560798e-01,3.559093980792219641e-02,2.824724605057528315e+00,-3.221018217496653402e-01,-8.795569133315128685e-02,9.426103186299493730e-01,-4.329215308729512657e-01
-8.101945542463548922e-01,-5.128597552122418080e-01,-2.838303291637240267e-01,-1.872580869950587923e+00,5.196391408632792253e-01,-8.524788294633414143e-01,5.705268266861125703e-02,2.932958179050729530e+00,-2.712193716393127563e-01,-1.012655755943250441e-01,9.571757078233478211e-01,-4.595275211850357033e-01
-7.764616172373577374e-01,-5.657295430764158750e-01,-2.775922207982332579e-01,-1.972307016038891136e+00,5.655517330827605216e-01,-8.198949617591186900e-01,8.901398142483259168e-02,2.993611557788234734e+00,-2.779543022948800512e-01,-8.787682158887150097e-02,9.565662915152324253e-01,-4.743791502120354164e-01
-7.801503212244668140e-01,-5.769372025430408168e-01,-2.418862141899986995e-01,-2.108875425459961317e+00,5.879665798469236870e-01,-8.082716075255895749e-01,3.150094365430637644e-02,3.148366190177098289e+00,-2.136838254910113921e-01,-1.176455387586330115e-01,9.697931480133887838e-01,-4.887234026518316732e-01
-8.060266244082049392e-01,-5.419573460775892748e-01,-2.379145135918553922e-01,-2.224992565634265063e+00,5.589329706679703191e-01,-8.291993777514253816e-01,-4.725064753850859514e-03,3.259072441750643367e+00,-1.947177830743583582e-01,-1.367867938405775419e-01,9.712746048288418699e-01,-4.306184344229217476e-01
-8.632340275810319596e-01,-4.204317458311367939e-01,-2.793996433849030292e-01,-2.400522701048170227e+00,4.369818981680196890e-01,-8.994639335595672192e-01,3.384213206402530549e-03,3.342220010038392086e+00,-2.527327329407583756e-01,-1.191712185174468724e-01,9.601689363738876715e-01,-4.893932990424794682e-01
-8.914524585360771303e-01,-3.360298188790816210e-01,-3.039678848070526684e-01,-2.503387969125040691e+00,3.618207509497078367e-01,-9.317283384537753399e-01,-3.111346178679157831e-02,3.372996988411935071e+00,-2.727604413256674576e-01,-1.377180603488856458e-01,9.521740794106759997e-01,-5.624897180995493962e-01
-9.519733137578594295e-01,-1.288799845083146156e-01,-2.777350526779343576e-01,-2.705827740123345482e+00,1.451624930811753200e-01,-9.886470564676792527e-01,-3.879237476944029372e-02,3.335372729021508498e+00,-2.695823816486099256e-01,-7.724601822056118006e-02,9.598741543419806455e-01,-6.052378178722283009e-01
-9.449965676269403980e-01,1.562024305002582547e-01,-2.873713414366712571e-01,-2.781607148660325546e+00,-1.555563721542503053e-01,-9.875047632106519480e-01,-2.523009549098459772e-02,3.283844156692084404e+00,-2.877215707163932601e-01,2.086008969510890626e-02,9.574868951596173794e-01,-6.182504450451121736e-01
-7.471584913075995926e-01,6.276981889233467227e-01,-2.185158403624331835e-01,-2.870144740707524011e+00,-6.297163918634011148e-01,-7.737192095677196679e-01,-6.939632961795649813e-02,3.173980786074936944e+00,-2.126298537023668944e-01,8.575294961839359520e-02,9.733627160243276677e-01,-5.975554761530996739e-01
-4.882325555097771219e-01,8.356478059815941606e-01,-2.516380656787420844e-01,-2.867835045053399590e+00,-8.447684308560563515e-01,-5.249089783578383406e-01,-1.041002529695690682e-01,3.073938126678465554e+00,-2.190782279675204669e-01,1.617507613505377306e-01,9.622065377210514692e-01,-6.219644219838579291e-01
-2.666659008142055476e-01,9.281030241807611825e-01,-2.598347048595938125e-01,-2.849447420210100113e+00,-9.480758691785409198e-01,-3.010889617048103095e-01,-1.024577152823304138e-01,2.903589276662702279e+00,-1.733246769052330660e-01,2.190210347113814848e-01,9.602022405356348544e-01,-6.854731031458307644e-01
-3.472833305229398593e-01,9.048424679987641106e-01,-2.462811329493160006e-01,-2.866944007149438534e+00,-9.273777287107396461e-01,-3.703549333854777026e-01,-5.298841013230749797e-02,2.772187606707119834e+00,-1.391575963869916277e-01,2.099936461489816386e-01,9.677488475554244518e-01,-6.684327194835602004e-01
-4.340536241067363132e-01,8.597937301399645182e-01,-2.689836296353600997e-01,-2.948238939537581871e+00,-8.752203403889765587e-01,-4.732150362120108866e-01,-1.002840230159859763e-01,2.576015877514691077e+00,-2.135106722606916752e-01,1.918913002584306804e-01,9.579096626070315867e-01,-6.673943469269311146e-01
-4.930213180813267093e-01,8.303233565052161591e-01,-2.597943485899220084e-01,-3.030624558827283543e+00,-8.472314538003916651e-01,-5.260970742270898448e-01,-7.362562176968248662e-02,2.457461935205597747e+00,-1.978101200864769149e-01,1.838069425555197423e-01,9.628531374305046020e-01,-7.298305361051011797e-01
-5.526075449043552634e-01,7.880728156049933153e-01,-2.712307847925788939e-01,-3.217003572434121939e+00,-7.977234668006062401e-01,-5.943827469653705231e-01,-1.017173565598520762e-01,2.282912285831961707e+00,-2.413755825066060123e-01,1.601573832650848850e-01,9.571245690897701719e-01,-7.335457620198786444e-01
-6.077227269651593877e-01,7.371561704534710380e-01,-2.954215081750186656e-01,-3.335911274335821464e+00,-7.415766301315439568e-01,-6.598637158490708865e-01,-1.210123057734279195e-01,2.180588733772277799e+00,-2.841429020277891349e-01,1.455357580398398687e-01,9.476719655867194003e-01,-8.033808632200505340e-01
-6.673657471038219047e-01,6.988938761986988046e-01,-2.572359022463900913e-01,-3.543842690599395162e+00,-7.060184216467494389e-01,-7.036494162088523519e-01,-8.009673753890127201e-02,1.981325535315193065e+00,-2.369830118130623886e-01,1.281594666066467603e-01,9.630234697197730398e-01,-7.436539010544575001e-01
-6.288685122869401845e-01,7.182104922142310555e-01,-2.978222341051813826e-01,-3.641244475226822708e+00,-7.265388839607926919e-01,-6.792301892895822313e-01,-1.038633720357944601e-01,1.836999184461959755e+00,-2.768856159987664323e-01,1.510630293322338669e-01,9.489543281011754150e-01,-7.998572975739949298e-01
-4.799665119023999171e-01,8.361357778360249959e-01,-2.655355126433899260e-01,-3.794962915197311659e+00,-8.498484803330716986e-01,-5.182523718693496928e-01,-9.577076551517936520e-02,1.621160909986242071e+00,-2.176917727609665176e-01,1.796981916279053459e-01,9.593325033573339988e-01,-9.142225768867180413e-01
-3.402689664209596065e-01,9.000714395276832036e-01,-2.721919070019808151e-01,-3.853949401168020206e+00,-9.162945271749284304e-01,-3.824031767822498873e-01,-1.190468389169532792e-01,1.465771306616498126e+00,-2.112377096071783866e-01,2.089000098932685401e-01,9.548504678254635669e-01,-9.792636474446744232e-01
-2.196656062404990783e-01,9.524936063188041979e-01,-2.109572263677920168e-01,-3.941198556064602343e+00,-9.605535933683050365e-01,-2.489666934034256707e-01,-1.239047208261373906e-01,1.229062153750693609e+00,-1.705397774779591757e-01,1.754181162182608389e-01,9.696105758500191962e-01,-9.867626919021527110e-01
-1.804316858988637973e-01,9.654183017041740866e-01,-1.881805235892416717e-01,-3.966962731230514905e+00,-9.755928088964923584e-01,-2.000029374889227551e-01,-9.065040664693990724e-02,1.042563748091698494e+00,-1.251522191299331010e-01,1.672313598893165332e-01,9.779420199155081095e-01,-9.414313308201152086e-01
2.326091249732098031e-03,9.809955763055567823e-01,-1.940161554315141534e-01,-3.963516401448813564e+00,-9.968585437893853207e-01,-1.308529944930214572e-02,-7.811413836450811776e-02,7.963510564897392507e-01,-7.916838367432599277e-02,1.935883627888047576e-01,9.778833840592373594e-01,-9.831759358438669771e-01
1.518749006954060732e-01,9.750990528308407512e-01,-1.616039965692585012e-01,-3.952977605538625205e+00,-9.877141545266742151e-01,1.436386129946510826e-01,-6.155239885358772256e-02,6.010482529117252559e-01,-3.680711189999844035e-02,1.689668193029898180e-01,9.849342366311635288e-01,-9.800217119344737382e-01
3.574729570165171566e-01,9.190858136203058359e-01,-1.658142098970012135e-01,-3.896574409536731398e+00,-9.338866131280205707e-01,3.502019633667652343e-01,-7.221065485327535227e-02,3.597385037928522156e-01,-8.299326607838412515e-03,1.806650272077089669e-01,9.835096690535864994e-01,-9.251926333297648686e-01
4.036008139458890920e-01,9.060856441411069273e-01,-1.269456122266942877e-01,-3.786735134326296937e+00,-9.143914325515666297e-01,3.946767336255175285e-01,-9.010318535427684628e-02,1.825868938412753828e-01,-3.153872315917170821e-02,1.524436991682064368e-01,9.878088010973598010e-01,-9.329113764754582983e-01
3.544557229557164235e-01,9.202823886973953149e-01,-1.656546573971154346e-01,-3.696463510015528531e+00,-9.347312128574845058e-01,3.439336432056888104e-01,-8.937118540804414590e-02,-5.575584761441182424e-02,-2.527251815545204089e-02,1.865207069595148093e-01,9.821259215097655204e-01,-8.435969438249367736e-01
3.695725200679656486e-01,9.131334761818076240e-01,-1.720564067006524200e-01,-3.632628150565465397e+00,-9.286778019838853870e-01,3.567586143688155076e-01,-1.013944336540382046e-01,-2.037880585421580903e-01,-3.120404642019491276e-02,1.972575619583947504e-01,9.798549697466646391e-01,-8.587092262505368057e-01
3.996628868679187319e-01,8.962652504395450803e-01,-1.922971079214133849e-01,-3.554018552651504681e+00,-9.165836124204811419e-01,3.934831377256394758e-01,-7.103169551550501948e-02,-3.993810594258399571e-01,1.200242903013460684e-02,2.046451103254703086e-01,9.787626476921017504e-01,-8.817179011909729303e-01
4.239394855208530322e-01,8.843332374403490848e-01,-1.955250310691306337e-01,-3.529092790571413119e+00,-9.056866549180587755e-01,4.145711757266038466e-01,-8.867030709318313164e-02,-5.614288849794035752e-01,2.644942277766207991e-03,2.146752557118108973e-01,9.766819025995190362e-01,-8.194657301532762839e-01
3.688696186791481368e-01,9.119760416455026109e-01,-1.795408139674636028e-01,-3.416772738553861988e+00,-9.291178473636633184e-01,3.563809840079599223e-01,-9.865404172070967037e-02,-7.894974989858875025e-01,-2.598519050946776834e-02,2.032050533380450885e-01,9.787913343364199603e-01,-8.778487158154587577e-01
2.702331305460481392e-01,9.400550918491412666e-01,-2.080155750028931938e-01,-3.360872232086300038e+00,-9.625162082292443300e-01,2.585760072574116997e-01,-8.185961987948620067e-02,-9.165355061836852890e-01,-2.316471565294289658e-02,2.223395438497542675e-01,9.746940664584976544e-01,-9.002444602578711930e-01
2.402813051705489367e-01,9.529996602620640633e-01,-1.845441462792227205e-01,-3.362153580270543785e+00,-9.705768493097787220e-01,2.327998097920060405e-01,-6.152095695541229953e-02,-1.022270885509282357e+00,-1.566760892547329823e-02,1.938966118868390431e-01,9.808968497907227801e-01,-8.314251213194845391e-01
3.705184228043284511e-01,9.081981526912229485e-01,-1.946592248285249349e-01,-3.326195251940246678e+00,-9.286920582550498571e-01,3.657854835682087802e-01,-6.109043251419768450e-02,-1.058610451275587172e+00,1.572130072841308041e-02,2.034136068679305298e-01,9.789666721826574269e-01,-8.454050168277150723e-01
6.738023741866999705e-01,7.155731194618482061e-01,-1.842429679635159134e-01,-3.211300435631051720e+00,-7.294701729660939549e-01,6.839151525076120341e-01,-1.154690102614888345e-02,-1.171734411236012852e+00,1.177439055458251865e-01,1.421800790340505827e-01,9.828129007256100058e-01,-8.131569072151125788e-01
8.430090030512190635e-01,5.221687853874720231e-01,-1.291339627733963380e-01,-3.052913466668074172e+00,-5.279383012125391517e-01,8.491880856511170306e-01,-1.267853702168932235e-02,-1.225204901262865409e+00,1.030386863629781380e-01,7.886288579023238710e-02,9.915461029913986701e-01,-7.755136050721167518e-01
9.468971467133345810e-01,2.840824999403674389e-01,-1.506085215841921343e-01,-2.746528038506452774e+00,-2.843413425158936025e-01,9.585087048741605109e-01,2.027470386269102781e-02,-1.305730336004095937e+00,1.501192675255406117e-01,2.362616998354296824e-02,9.883855571635518089e-01,-7.623684043774238139e-01
9.858649492878041043e-01,9.784710032840943095e-02,-1.360009070671115705e-01,-2.551074171892221631e+00,-9.588857611817927507e-02,9.951727628326464403e-01,2.089385282964369150e-02,-1.301801279909123199e+00,1.373888013477931602e-01,-7.557583830877695301e-03,9.904883644903946793e-01,-6.352789978545061444e-01
9.828748937591371693e-01,-1.284420106286323082e-01,-1.321347536556479185e-01,-2.403930541761854389e+00,1.325461138283189622e-01,9.909166128935037454e-01,2.271109862331017332e-02,-1.204996783509960201e+00,1.280174633672095386e-01,-3.983611674525811691e-02,9.909715499829874208e-01,-6.673444106994969038e-01
9.391894533525442235e-01,-2.981942983241154810e-01,-1.703036439960611825e-01,-2.264054526800105105e+00,3.064457647639388105e-01,9.515907642897605268e-01,2.379097679111497748e-02,-1.157589125105664474e+00,1.549650411208717271e-01,-7.453306491362943209e-02,9.851043895268096762e-01,-5.881503981294007311e-01
8.269944978462266949e-01,-5.355679440635441324e-01,-1.710177704907161755e-01,-2.071917740715881529e+00,5.474687731561908022e-01,8.363489999576375622e-01,2.825407384283120521e-02,-1.084524132218362524e+00,1.278985650854708722e-01,-1.169928526082224252e-01,9.848627465224123467e-01,-6.028720098266099336e-01
7.674945852582072403e-01,-6.255864525165235612e-01,-1.399773268323239173e-01,-1.911847284072518915e+00,6.364511593539011747e-01,7.697185168593060345e-01,4.963191071263112902e-02,-1.049842328817307546e+00,7.669408944897518343e-02,-1.271809546736563656e-01,9.889100168427312765e-01,-5.378387287263484140e-01
7.416982446445185007e-01,-6.529153269438152662e-01,-1.535750296535548787e-01,-1.733353166552374036e+00,6.626220138626690570e-01,7.487647219289732536e-01,1.683620916981201296e-02,-8.970557128998236651e-01,1.039989453591757540e-01,-1.142495822157758578e-01,9.879935487277743400e-01,-4.551611952029375185e-01
7.248269812842829118e-01,-6.749333737524298993e-01,-1.381694184596435615e-01,-1.635597316847632321e+00,6.843352326398836061e-01,7.284898890131343840e-01,3.142882392564266825e-02,-7.702947228806427127e-01,7.944266215347013660e-02,-1.173346606966371164e-01,9.899098144928031306e-01,-4.891068969182027493e-01
7.510783594771691662e-01,-6.453607414382263041e-01,-1.392508934814663535e-01,-1.328195221784598701e+00,6.544513967064554683e-01,7.555789748727195221e-01,2.817413848303952639e-02,-7.542297667061779176e-01,8.703256444603915676e-02,-1.122939274430921203e-01,9.898562555166041665e-01,-3.224920567617038936e-01
8.146190765622574048e-01,-5.610998780300477939e-01,-1.468423882110342915e-01,-1.152394508217942093e+00,5.672959955878728033e-01,8.235138765055848298e-01,3.854772495447103715e-04,-8.546334541195572676e-01,1.207104531133042363e-01,-8.361711593574014389e-02,9.891598275464743573e-01,-3.273911729593093067e-01
9.488901802622564663e-01,-2.831446097083878399e-01,-1.394150486674475831e-01,-9.484142135106701232e-01,2.867077017282357865e-01,9.580008640699608780e-01,5.747887518278061228e-03,-9.719700549942801304e-01,1.319322537197603618e-01,-4.542548221312060763e-02,9.902173529049728140e-01,-3.204823640068474311e-01
9.893744911424987576e-01,5.443772052168611986e-02,-1.348133927357515471e-01,-7.836928669350473609e-01,-5.663306982424969743e-02,9.983168009077661997e-01,-1.250041709570249779e-02,-1.001079856724754524e+00,1.339059807432180782e-01,2.000249008717713481e-02,9.907921521245061092e-01,-1.808660405511390290e-01
9.569755539612538886e-01,2.804560484899513151e-01,-7.444591315816195820e-02,-6.751450247167878338e-01,-2.837757055940631212e-01,9.581235658943138001e-01,-3.834816022389304913e-02,-9.148023133724418887e-01,6.057341029810470179e-02,5.782419340870656455e-02,9.964874432834018858e-01,-2.161523597849672462e-01
9.556597609590375964e-01,2.827891709923314734e-01,-8.212615937193411264e-02,-5.864988539491480246e-01,-2.855122630273861928e-01,9.580914361779496735e-01,-2.331410696243043854e-02,-9.274401164750535331e-01,7.209139300010401763e-02,4.572837950271823465e-02,9.963492090443797355e-01,-1.986490236559499967e-01
9.986008795638809943e-01,4.936472067275288200e-02,-1.895805072109481640e-02,-3.108258322910639748e-01,-4.935569144853407808e-02,9.987808189497333622e-01,9.441502731917568057e-04,-9.869748810811501682e-01,1.898154513941553018e-02,-7.141591394092280284e-06,9.998198342167047281e-01,-1.607777384159484735e-01
9.992764026838022451e-01,-2.678556925402945238e-02,-2.700378342114707897e-02,-1.469070400106699537e-01,2.807590236110569376e-02,9.984239201815435782e-01,4.859443708830948200e-02,-9.642160814078613029e-01,2.565959364308617249e-02,-4.931742987076321444e-02,9.984534923395356198e-01,-1.349826153843493581e-01
9.787446654928797507e-01,-1.840399803318792105e-01,-9.048848218790915554e-02,5.596916654442929406e-02,1.888823822573693634e-01,9.808180789246274678e-01,4.815954450974012369e-02,-8.928894669849467558e-01,7.988945763998615834e-02,-6.422757736398136685e-02,9.947323724821384161e-01,-4.400287915838491104e-02
9.411548055986874717e-01,-3.251262748168441408e-01,-9.230675664445069095e-02,2.115472091338115312e-01,3.301037177158721025e-01,9.428883671756740359e-01,4.464372962637176701e-02,-8.393134519329584764e-01,7.252011754441625713e-02,-7.248746421633631143e-02,9.947293099546380413e-01,-1.465661441565028686e-02
8.576243938218590657e-01,-4.975031557046195041e-01,-1.302728259677856937e-01,3.762702253688842147e-01,5.060572520298999288e-01,8.615003133495667820e-01,4.151226043647927855e-02,-7.354361052180707903e-01,9.157759982460082770e-02,-1.015274355164383496e-01,9.906087638658471750e-01,3.961117847684096638e-02
8.212509643829369876e-01,-5.601546821401808263e-01,-1.085061545559872220e-01,4.880442909422813003e-01,5.672297574928779618e-01,8.220865250141142777e-01,4.923563348623012648e-02,-5.797033280495024199e-01,6.162187691612654866e-02,-1.019827312178493706e-01,9.928757559829339829e-01,4.486144828416709779e-02
8.232679560475198999e-01,-5.563119235448387156e-01,-1.129022420821614858e-01,6.286353842429697192e-01,5.599345849292634014e-01,8.285366942185441452e-01,4.548994411818814291e-04,-3.525707246121573268e-01,9.329058444147281248e-02,-6.359237419100795263e-02,9.936059967609496280e-01,7.236443150614217668e-02
8.163312391846564431e-01,-5.688342201118293806e-01,-1.001545703450868047e-01,7.276223472544173232e-01,5.734811527524870112e-01,8.188853598632940267e-01,2.336952800643345846e-02,-2.468224930438469022e-01,6.872172414106915428e-02,-7.651403421158348150e-02,9.946974048421702852e-01,1.392948912292139019e-01
8.122834279311622607e-01,-5.707978328701495130e-01,-1.199394292930401756e-01,8.728393793229722863e-01,5.760273283313274151e-01,8.173524260013608211e-01,1.129286169066895211e-02,-9.107226493864645223e-02,9.158684252594918862e-02,-7.826139342250383601e-02,9.927169811057409143e-01,8.831629617529668241e-02
8.246566469791023479e-01,-5.542427053173619722e-01,-1.129444031179731855e-01,1.060283831848997549e+00,5.601547169873539733e-01,8.279472827602559759e-01,2.701832723777547809e-02,5.366661987817586410e-02,7.853730088309072987e-02,-8.554718331074265270e-02,9.932338958158838382e-01,1.907010265594199505e-01
8.865815811471311481e-01,-4.402061424932573463e-01,-1.420973331271848383e-01,1.206393225919808687e+00,4.492593393167798599e-01,8.925995955209912180e-01,3.784188304530856917e-02,1.883637412849242798e-01,1.101777927138808399e-01,-9.738847050329055288e-02,9.891290814679991605e-01,1.604286041486439052e-01
9.387442946571102897e-01,-3.248628361213948268e-01,-1.149925517409168957e-01,1.398838582427806454e+00,3.294584580540704244e-01,9.438904193849624313e-01,2.297826385772788749e-02,2.817046513296463939e-01,1.010755839229142833e-01,-5.945598288183370772e-02,9.931005550467676413e-01,2.504408507023718755e-01
9.602130085059156217e-01,-2.568472861730449752e-01,-1.096378122800691635e-01,1.674877035648936641e+00,2.619251445826228375e-01,9.644714911232269428e-01,3.449581780321803182e-02,3.288260214633761391e-01,9.688238710617086413e-02,-6.184023282688002471e-02,9.933728346761493411e-01,2.351311011176692167e-01
9.653806050372669700e-01,-2.428152829462824069e-01,-9.529441634008055384e-02,1.926977561033608399e+00,2.479439014934543828e-01,9.676766775762014605e-01,4.610498223934366563e-02,3.334668497803929266e-01,8.101918988785335174e-02,-6.813652502735172145e-02,9.943808650749038636e-01,3.752882955266184650e-01
9.927088171136144723e-01,-9.253262156143100825e-02,-7.724583077329601200e-02,2.282417496368729815e+00,9.248769661649978990e-02,9.957051096833631210e-01,-4.166596334884142827e-03,3.852725604405806137e-01,7.729961448456283690e-02,-3.008072042457775232e-03,9.970033706578561583e-01,3.895525897893903355e-01
9.950674949869169339e-01,-7.763111951581035119e-02,-6.175831687459980984e-02,2.462714215472773915e+00,7.491890215310312295e-02,9.961698825399849522e-01,-4.508573189433720541e-02,3.900160284610477701e-01,6.502183110798490095e-02,4.023648099668095113e-02,9.970723078475148826e-01,4.816095300472854612e-01
9.877225476210202970e-01,-1.475417345453764462e-01,-5.133814847053248809e-02,2.872879776779610594e+00,1.450579197810607790e-01,9.882010143661801305e-01,-4.916253771364747366e-02,3.979021693328146370e-01,5.798593648318633303e-02,4.111194197549121465e-02,9.974705205654815776e-01,5.484369370479875716e-01
9.812749230992307004e-01,-1.795385635559734738e-01,-6.975263072354860594e-02,3.036795331031997947e+00,1.775855867060215088e-01,9.835415144334163084e-01,-3.330838903792842504e-02,4.152834678211602126e-01,7.458474837978755489e-02,2.029762504042215143e-02,9.970080850859952548e-01,5.990795494464494775e-01
9.928610777862995063e-01,-1.149454249233992920e-01,-3.185010998734456866e-02,3.336747189523728174e+00,1.135656073720455739e-01,9.926341348557278232e-01,-4.219392303923573395e-02,4.376938819938931413e-01,3.646550478527826183e-02,3.827562681918807858e-02,9.986016439763926167e-01,6.113629218324004855e-01
9.970021926593273243e-01,-4.368260013326144553e-03,-7.724989409020988074e-02,3.541860877901909177e+00,1.034876718145452722e-03,9.990685810547976775e-01,-4.313814297502099881e-02,4.438847805063623198e-01,7.736638070034690395e-02,4.292887901647395033e-02,9.960780865392627748e-01,7.294961356312008594e-01
9.980553370208058439e-01,4.583587003901950889e-03,-6.216538405304254666e-02,3.752854276707223491e+00,-8.826716014301669300e-03,9.976357867459675344e-01,-6.815369460388245870e-02,4.088155698509798319e-01,6.170602343926864797e-02,6.856987482804682843e-02,9.957361793855737941e-01,7.216919195801851927e-01
9.914894393475397472e-01,-4.974088414747668274e-02,-1.203101662642336034e-01,3.914194672435787226e+00,4.333652505551316425e-02,9.975301765483524097e-01,-5.527650921981062948e-02,3.765110951102902392e-01,1.227625238353026588e-01,4.959225060069585161e-02,9.911962325503188564e-01,7.780568878953942891e-01
9.971065266154026663e-01,-1.123439814442688152e-02,-7.518219788818944482e-02,4.248016905054242898e+00,8.498541826481726888e-03,9.992934485536609790e-01,-3.661117950240613816e-02,4.113015935411398205e-01,7.554038236460026978e-02,3.586630697557723763e-02,9.964974955593942640e-01,8.676886505646753678e-01
9.916393424448864957e-01,9.438031389671269755e-02,-8.799869808258635462e-02,4.405832268688746112e+00,-1.010193376403203530e-01,9.921050745791076819e-01,-7.431429483683747728e-02,4.000755826836558948e-01,8.029014845037571457e-02,8.258254865977002201e-02,9.933446605879929781e-01,9.283399574425020839e-01
9.719782600734744316e-01,2.242776025845623078e-01,-7.041178114109523933e-02,4.611001351105704416e+00,-2.303121105761087861e-01,9.685421960902463878e-01,-9.424619947065858427e-02,3.840577804837874698e-01,4.705946946703704059e-02,1.078219429040567917e-01,9.930558065697400183e-01,9.884240545285053470e-01
9.694434323967413558e-01,2.122780033535742461e-01,-1.229531645588822497e-01,4.749538631876028205e+00,-2.215878809765502166e-01,9.727929017810676982e-01,-6.762234282168985700e-02,3.372002353063379698e-01,1.052532298181215881e-01,9.280096732573171747e-02,9.901059226548761805e-01,9.913027475657029131e-01
9.880511792335414656e-01,1.210435016344659914e-01,-9.541141403036698665e-02,5.048558361731828370e+00,-1.250030261833412204e-01,9.914790280730625405e-01,-3.665488147987829015e-02,2.506273752228704299e-01,9.016158084358459612e-02,4.814361435708670173e-02,9.947628268770518645e-01,1.075119360677167846e+00
9.840965656662803429e-01,1.472166710931975819e-01,-9.940423127849612461e-02,5.193025897841854643e+00,-1.518177207697888054e-01,9.875830573938155776e-01,-4.038668603576579114e-02,1.901841212022653826e-01,9.222434116922818836e-02,5.483572285401335650e-02,9.942271945561443891e-01,1.102364797499234772e+00
9.631549393170528717e-01,2.423157815812353733e-01,-1.166860097262662210e-01,5.387970671584434434e+00,-2.466653264987448135e-01,9.687989837843560270e-01,-2.418151611599067552e-02,1.415477298527372807e-01,1.071857246671933384e-01,5.207293937425623576e-02,9.928744278167784820e-01,1.133232696982542365e+00
9.637979709887650737e-01,2.482835220745888416e-01,-9.720475186006030666e-02,5.532396525070765847e+00,-2.537494454761441975e-01,9.660570504802762359e-01,-4.842513952379935704e-02,1.715602628762629700e-01,8.188217167667539986e-02,7.133770310002190973e-02,9.940856311595728245e-01,1.156742200003550325e+00
9.705661730436333512e-01,2.066545409286648649e-01,-1.236737824156682042e-01,5.717584882239122201e+00,-2.093545414475671274e-01,9.777974014499725142e-01,-9.105915273124562045e-03,1.448134237766219579e-01,1.190461243330274976e-01,3.472956134541417550e-02,9.922811485914876384e-01,1.148979317267134093e+00
9.873757204000054299e-01,1.196339811450116974e-01,-1.038118361265461809e-01,5.866851615578620560e+00,-1.219047057416018237e-01,9.924162247149197480e-01,-1.578859210444778782e-02,9.542060334252511211e-02,1.011356983593017511e-01,2.824442383873260187e-02,9.944716300827268762e-01,1.252342750684138695e+00
9.889544795892711848e-01,1.332637952878269055e-02,-1.476192565655581601e-01,6.060946358583669813e+00,-1.625169842492116962e-02,9.996943892702366830e-01,-1.862821408281573055e-02,1.282449950521818149e-01,1.473258958860216572e-01,2.082151940336264204e-02,9.888688207902593952e-01,1.307606560843028065e+00
9.854525355963881239e-01,-1.038985458136632706e-01,-1.344930937425967421e-01,6.181957999518711055e+00,1.011510230683752981e-01,9.945013187030136148e-01,-2.712190314467068097e-02,1.520363065072645181e-01,1.365714853798913886e-01,1.312323419642029941e-02,9.905432903742055206e-01,1.304488300102457199e+00
8.654607761557155943e-01,-4.726651858717494936e-01,-1.660279103065817885e-01,6.360141607344435677e+00,4.805425913667581428e-01,8.769310819846602989e-01,8.408051601579218451e-03,2.198096525831046977e-01,1.416208417517235418e-01,-8.706032112299329218e-02,9.860852081171770367e-01,1.422741603308915748e+00
7.596307054979335449e-01,-6.271287572236231567e-01,-1.722518886046399966e-01,6.428774244698121976e+00,6.453390550934702263e-01,7.596835431874612299e-01,8.011503093185877444e-02,2.654881462707035511e-01,8.061448527267624231e-02,-1.720187084979415137e-01,9.817896254752966900e-01,1.362611055973887986e+00
5.895496235304763522e-01,-7.948393939323123991e-01,-1.437413623435762899e-01,6.432483894931164237e+00,8.077308298246363982e-01,5.804613567804297602e-01,1.031286567129998111e-01,3.533238483319676160e-01,1.465587212605349524e-03,-1.769037906262542481e-01,9.842270576021501238e-01,1.354532870072939765e+00
5.337469143567066254e-01,-8.309991015086706234e-01,-1.566994725788053711e-01,6.398238443542124010e+00,8.455957515555718729e-01,5.224882581680843074e-01,1.094250658105798413e-01,4.731513756666593795e-01,-9.058496887561615432e-03,-1.909096995133140739e-01,9.815658053670551775e-01,1.310606571280574562e+00
4.862497335182700553e-01,-8.596280555124597988e-01,-1.568464307189607332e-01,6.435114018772981836e+00,8.733381045921936314e-01,4.721290635800072799e-01,1.198945469584870721e-01,6.461461774175220052e-01,-2.901295780726230455e-02,-1.952786560250069359e-01,9.803185680075341413e-01,1.300291251629314582e+00
3.964203774278673986e-01,-9.040905498340954249e-01,-1.595968735929043925e-01,6.446642973597101367e+00,9.154700716635125746e-01,3.762078139824627798e-01,1.427663426264766389e-01,7.158362970573357575e-01,-6.903211027015239420e-02,-2.027016487333536954e-01,9.768042840571652397e-01,1.300087269133682222e+00
1.939571232465275852e-01,-9.622208524528721441e-01,-1.910802591760815405e-01,6.449613350063805761e+00,9.791330196135586972e-01,1.778350481009570994e-01,9.835255751308970285e-02,8.643117723207484060e-01,-6.065611464944391934e-02,-2.061691702747964205e-01,9.766345831393833388e-01,1.267714266971866843e+00
6.266438357822556871e-02,-9.750846704489846140e-01,-2.127981684276329943e-01,6.447171481868621434e+00,9.964814691106129718e-01,4.923742934170997898e-02,6.782593361668669274e-02,9.579000934501721298e-01,-5.565839334652127046e-02,-2.162997018195234322e-01,9.747392380749174690e-01,1.299437753732537448e+00
-6.058983129282306118e-02,-9.793365911686839897e-01,-1.929474372517251957e-01,6.462829947436720346e+00,9.904525850482182037e-01,-8.296755325964186301e-02,1.100911525846264560e-01,1.126053772999199731e+00,-1.238246708665540485e-01,-1.844348836424657412e-01,9.750134484101136145e-01,1.310259738588339218e+00
-5.235987494838751505e-02,-9.821532826207366451e-01,-1.806470950021061006e-01,6.476461269227720585e+00,9.941205142280084006e-01,-6.843202711863631549e-02,8.391341284607113649e-02,1.245010500992604019e+00,-9.477788078676542549e-02,-1.751912871741775068e-01,9.799618187520502399e-01,1.257076358219756385e+00
1.760625621751911105e-02,-9.849604857635050337e-01,-1.718803689387551625e-01,6.462049929699347217e+00,9.980840462157793969e-01,7.115381308087423244e-03,6.146224888807139825e-02,1.475505865547291018e+00,-5.931489215653876906e-02,-1.726331741970826839e-01,9.831986222198948466e-01,1.352374121675524510e+00
5.992160970090956718e-02,-9.822050902992875976e-01,-1.779959586086707346e-01,6.495609008621323177e+00,9.946933039833363299e-01,4.381380180053497109e-02,9.308910668009656719e-02,1.624382261028657570e+00,-8.363391478082825292e-02,-1.826294372820316259e-01,9.796182199900547172e-01,1.319273289406274419e+00
7.197262802978239560e-02,-9.726672989283300375e-01,-2.207674487100688698e-01,6.561658362339342077e+00,9.941256568562262252e-01,5.201814931907047107e-02,9.491201463248263859e-02,1.835775301389855452e+00,-8.083389879663292754e-02,-2.263016520860720859e-01,9.706974003614369240e-01,1.359739796906741072e+00
1.159167771743753184e-01,-9.694620062950819461e-01,-2.161173734798294555e-01,6.595420723867212232e+00,9.899487156298644175e-01,9.501341487367845340e-02,1.047568203833284528e-01,1.943653717047015839e+00,-8.102370759406686551e-02,-2.260881893075279980e-01,9.707313168242570622e-01,1.399586508136815732e+00
2.276844114342174152e-01,-9.506890508910512683e-01,-2.105947228819509132e-01,6.634714887615236201e+00,9.714075914414231905e-01,2.068200401622412032e-01,1.165880022869546367e-01,2.088211565533979908e+00,-6.728372819506786562e-02,-2.311185832060271839e-01,9.705962602529500938e-01,1.357802440821834544e+00
2.723664123688337435e-01,-9.426589557806658304e-01,-1.929005715383828590e-01,6.649430364477497690e+00,9.619084849177571561e-01,2.618774981213176090e-01,7.843623283244322009e-02,2.232983688833856561e+00,-2.342229827655648369e-02,-2.069160918445552000e-01,9.780782825925647961e-01,1.388090005912854030e+00
1.864258903409387880e-01,-9.693313505461890189e-01,-1.601315717117932080e-01,6.670995012460345208e+00,9.782824056903257626e-01,1.681183790123298438e-01,1.212425063870611469e-01,2.463592139496609601e+00,-9.060310219489202399e-02,-1.792566414015615839e-01,9.796214240134274442e-01,1.412561484714337734e+00
-3.487346944172974722e-03,-9.858259795954465998e-01,-1.677348394519420638e-01,6.682655164370491008e+00,9.978286481593259261e-01,-1.446271998080725547e-02,6.425588411413944712e-02,2.716400674884465349e+00,-6.577102191561265410e-02,-1.671465455384430476e-01,9.837358410623975313e-01,1.335972188393161675e+00
-1.574524723546455451e-01,-9.674799514331788863e-01,-1.979678320441552453e-01,6.656028399133513851e+00,9.800183755567485333e-01,-1.777566888922811061e-01,8.925549352933601077e-02,2.921543955438405060e+00,-1.215430068762593518e-01,-1.799586150449768440e-01,9.761363605309315572e-01,1.419948684273214301e+00
-1.836987370261158881e-01,-9.601258917261190629e-01,-2.107440296951114955e-01,6.612407083178601042e+00,9.696298852321458828e-01,-2.122073040628408569e-01,1.215974743449771828e-01,3.005668013935373750e+00,-1.614703058760547094e-01,-1.820064068638936605e-01,9.699489719468696869e-01,1.386399882815698037e+00
-1.921499705485140708e-01,-9.662455906463335298e-01,-1.716037510508514607e-01,6.554280978874039043e+00,9.716727569655816410e-01,-2.118366691148056702e-01,1.047725106564254965e-01,3.255443563959391717e+00,-1.375879434729365414e-01,-1.466106550522907337e-01,9.795789267006652645e-01,1.358260616229168827e+00
-2.407964397155574476e-01,-9.530509759341284637e-01,-1.836053155312138696e-01,6.495059981439426977e+00,9.615081688186106756e-01,-2.600374357552116544e-01,8.878385720916370794e-02,3.440314033141791850e+00,-1.323597972021539060e-01,-1.551591740016002030e-01,9.789823873838318091e-01,1.381998355874952455e+00
-3.679533269573499465e-01,-9.020178422683200470e-01,-2.257745809665494263e-01,6.400159672632823593e+00,9.149035068430453332e-01,-3.945586683111690918e-01,8.529378891112256167e-02,3.725864229252260351e+00,-1.660178374371751309e-01,-1.751778224836701980e-01,9.704384618112394945e-01,1.294641759428475813e+00
-4.490721720816007179e-01,-8.695407191767353661e-01,-2.055069876075224233e-01,6.307302297994522355e+00,8.819027152645154688e-01,-4.682924834489227139e-01,5.431160791503116675e-02,3.944003464151222715e+00,-1.434635321989155832e-01,-1.568473386412582715e-01,9.771474439869175521e-01,1.326739731561321411e+00
-3.955013187901620375e-01,-8.828461115697194828e-01,-2.533011056459650856e-01,6.181631886704838763e+00,8.973182386040867708e-01,-4.302497959137487338e-01,9.851442424659266617e-02,4.207640932414506985e+00,-1.959558253885382573e-01,-1.883291172453246398e-01,9.623582794852936217e-01,1.273933839149827163e+00
-3.135178210358227635e-01,-9.210864319352639606e-01,-2.308817030379704260e-01,6.133967145847577740e+00,9.363657447030505621e-01,-3.403016834101421084e-01,8.610433447234670801e-02,4.398333795933157653e+00,-1.578789664257170267e-01,-1.891944744779484877e-01,9.691644250525095483e-01,1.280031237891555262e+00
-2.361369990395345009e-01,-9.484646111418940650e-01,-2.113154019376203563e-01,6.087005198161695496e+00,9.579428303458263905e-01,-2.637073287676610645e-01,1.131546664669769303e-01,4.678348181451267962e+00,-1.630486169019272624e-01,-1.757080708609592146e-01,9.708459313200472618e-01,1.296622994971230680e+00
-2.700169731056632494e-01,-9.299247459743813504e-01,-2.496613727818889350e-01,6.076688147999624867e+00,9.477392534985051853e-01,-3.024532243804106679e-01,1.015497633674734140e-01,4.887277201073723099e+00,-1.699445251043790184e-01,-2.091937233436385324e-01,9.629936887127940048e-01,1.259950677829201782e+00
-3.411931253089458549e-01,-9.126903767879321894e-01,-2.249078196964613696e-01,5.986386311964673190e+00,9.275219406734991345e-01,-3.657333099535020615e-01,7.708563783041695594e-02,5.180953312604617444e+00,-1.526116011683943674e-01,-1.823058477097144192e-01,9.713260405649910556e-01,1.292828349829536538e+00
-2.681490628296223089e-01,-9.313739493541237646e-01,-2.462491554667689264e-01,5.953302075007665728e+00,9.482927666047412663e-01,-3.002382679080183303e-01,1.029456715395026117e-01,5.363178662893060000e+00,-1.698143365818147177e-01,-2.059115075659802840e-01,9.637237893417307522e-01,1.261223402617274836e+00
-1.279564713858284686e-01,-9.678695787005531237e-01,-2.164615902567958439e-01,5.926025620218621448e+00,9.826865180826920287e-01,-1.532140561560061953e-01,1.041761017447839915e-01,5.632945823322424772e+00,-1.339938379516137923e-01,-1.993838800461002203e-01,9.707171162438418266e-01,1.272571904032522294e+00
-8.380629031487510372e-02,-9.770667038602369736e-01,-1.957476996323338492e-01,5.906960899105545337e+00,9.853989888147238752e-01,-1.104758633019422009e-01,1.295527555500489147e-01,5.782246024418478569e+00,-1.482070799475492806e-01,-1.820322494377913936e-01,9.720591142610822688e-01,1.273848141898604291e+00
-5.376360171429502705e-02,-9.792726910606213142e-01,-1.952804948621219006e-01,5.902599369484771152e+00,9.898260196392452137e-01,-7.806436113556730616e-02,1.189554806035628409e-01,5.976356651360401173e+00,-1.317343006807100425e-01,-1.868982398616544915e-01,9.735066111541210709e-01,1.295631088092436212e+00
-6.064053764677480168e-02,-9.796263010770076551e-01,-1.914550480715764558e-01,5.904665211696968896e+00,9.926794605241824332e-01,-7.925950420426854104e-02,9.113407511305612885e-02,6.081539729918839399e+00,-1.044519690926354327e-01,-1.845270745215274177e-01,9.772612470169883547e-01,1.280034950015129125e+00
-8.041020020403262525e-02,-9.745729582943415403e-01,-2.091452812390532934e-01,5.896650407898290425e+00,9.868362368181209376e-01,-1.073746092824177378e-01,1.209335974165085953e-01,6.237077877061396158e+00,-1.403155066476889923e-01,-1.966678475065603282e-01,9.703779244971207918e-01,1.254778187061626138e+00
-2.232139576687226790e-03,-9.854154663718096563e-01,-1.701510393389909781e-01,5.906978664909938281e+00,9.934702334557909964e-01,-2.159441987229001117e-02,1.120293544910266337e-01,6.310273842682739165e+00,-1.140697715883009916e-01,-1.687899276189434583e-01,9.790291351865816338e-01,1.301458642422915313e+00
1.899140164880541715e-01,-9.697112366642217651e-01,-1.535994265240618883e-01,5.912773831666157776e+00,9.817793369874401321e-01,1.865387251836390092e-01,3.623033910089718673e-02,6.363627034091675405e+00,-6.480725721558885238e-03,-1.576813923518209370e-01,9.874687735316567405e-01,1.331781300736693208e+00
2.661294247448129924e-01,-9.526929093142877392e-01,-1.468037800169779972e-01,5.861189601451764375e+00,9.628315862928096269e-01,2.700158022860519869e-01,-6.841268354074411459e-03,6.379924267485313827e+00,4.615696829155209457e-02,-1.395266535759337456e-01,9.891419752593838544e-01,1.330907694413243636e+00
1.747481295417834535e-01,-9.702997312561943977e-01,-1.672767848381991052e-01,5.779128025461622187e+00,9.831855405482570198e-01,1.811034947373802995e-01,-2.340335554445658814e-02,6.413877196582943085e+00,5.300267991790977989e-02,-1.603744235159250131e-01,9.856321627277875308e-01,1.315796212468675508e+00
-2.173851423741959832e-02,-9.891883363078222136e-01,-1.450305909500223533e-01,5.731258520159548731e+00,9.996098575994831759e-01,-1.896055788446377940e-02,-2.050926216742025507e-02,6.465932114631446126e+00,1.753766200756504828e-02,-1.454198492547469357e-01,9.892145863532526562e-01,1.260681042340248803e+00
-4.217429081259556622e-01,-8.926403709816645993e-01,-1.591417215540233965e-01,5.679709951887701003e+00,9.051815397294751264e-01,-4.246986497653585380e-01,-1.665644081006763949e-02,6.562813951052629768e+00,-5.271906276139622094e-02,-1.510768843377365833e-01,9.871152290590818890e-01,1.240185685018026174e+00
-6.108484097424872195e-01,-7.663168854023574283e-01,-1.990543932253317494e-01,5.659221285939745272e+00,7.821107922284418201e-01,-6.231383289014543747e-01,-1.154007670292954467e-03,6.605250570578249381e+00,-1.231540863912977124e-01,-1.563875129322453983e-01,9.799877635991141034e-01,1.203309028263620961e+00
-7.678552269131291297e-01,-5.955965495357778972e-01,-2.359302877615827021e-01,5.667529683856740164e+00,6.033182918926675020e-01,-7.961547729667921569e-01,4.631000053887977114e-02,6.668179011478518881e+00,-2.154191012187704757e-01,-1.067816822459350251e-01,9.706658967774787206e-01,1.188994238043153739e+00
-7.904295450380506294e-01,-5.590754946630775990e-01,-2.503112574339717011e-01,5.686919220992860957e+00,5.597514198626633020e-01,-8.252096150607891589e-01,7.554759541479899587e-02,6.718057908761312369e+00,-2.487960656696054929e-01,-8.039703028383606009e-02,9.652133625416025042e-01,1.173636205221227691e+00
-6.996893552493702595e-01,-6.505907985176667685e-01,-2.952395959807324055e-01,5.690291712449842443e+00,6.513138164685885467e-01,-7.506933257978073426e-01,1.106790092101946066e-01,6.864735766090152680e+00,-2.936411391951824212e-01,-1.148527034369349747e-01,9.489909050593607898e-01,1.163580284528119568e+00
-5.716875467090996032e-01,-7.654058313551255210e-01,-2.955118648469141629e-01,5.651596564746506068e+00,7.845190725700317280e-01,-6.153997163691938832e-01,7.624312340516073427e-02,7.010215342882628597e+00,-2.402148490655617585e-01,-1.882474499702065096e-01,9.522918270509967975e-01,1.177100181926652001e+00
-3.722745223510880996e-01,-8.780506602826572138e-01,-3.007303077268061453e-01,5.575461109312254138e+00,9.019607932539409623e-01,-4.186528352819665066e-01,1.058136614199394199e-01,7.229754034738731683e+00,-2.188113512617496370e-01,-2.318552166494446676e-01,9.478210543512144426e-01,1.180018771248676490e+00
-2.703656624405501030e-01,-9.242068151674892595e-01,-2.697112740896261962e-01,5.565568504613636946e+00,9.326177575931107189e-01,-3.209624247871499803e-01,1.649461733316422429e-01,7.357103486916373392e+00,-2.390115620531403362e-01,-2.069417422192054157e-01,9.487089061098769038e-01,1.141738366019302342e+00
-2.400755781000248890e-01,-9.280058161258086802e-01,-2.849016006213569985e-01,5.538325994046664036e+00,9.435016311325414851e-01,-2.921131574642598094e-01,1.564435210754845096e-01,7.573495779875026201e+00,-2.284040035773768351e-01,-2.312468561363225095e-01,9.457042363640409954e-01,1.180960367374246589e+00
-2.706316929720407050e-01,-9.330887969793451031e-01,-2.368623729314685011e-01,5.537134293807249641e+00,9.403010197029252337e-01,-3.089602551476987591e-01,1.427499670217453609e-01,7.720316159876882800e+00,-2.063794541729580823e-01,-1.840892655499171138e-01,9.609987841847487111e-01,1.173460978671468036e+00
-2.878924171651188746e-01,-9.192001098785415047e-01,-2.686803195958030743e-01,5.477797487945058386e+00,9.369374433610320185e-01,-3.284019524830423808e-01,1.195842164895518228e-01,7.922085673695834274e+00,-1.981569664859655355e-01,-2.173092625835434111e-01,9.557774327888672872e-01,1.156422329996276144e+00
-2.740915574888785899e-01,-9.296210054328749584e-01,-2.463302749791264623e-01,5.437826021316193525e+00,9.481298545964357283e-01,-3.040910508444791827e-01,9.261971506781720154e-02,8.058066045566738111e+00,-1.610080648174633811e-01,-2.081668058415456768e-01,9.647502184552563254e-01,1.189271640413257947e+00
-2.566935538152517737e-01,-9.378078048246812903e-01,-2.337197908599307761e-01,5.387849852447319954e+00,9.535000973941450964e-01,-2.852449745812761783e-01,9.732866353487425182e-02,8.237709534738254291e+00,-1.579429760991432063e-01,-1.978682028170281049e-01,9.674203794705309445e-01,1.134889523421404922e+00
-2.817550060649141597e-01,-9.352868994459864194e-01,-2.141320440337557973e-01,5.379802227161466277e+00,9.471565037542095666e-01,-3.067824268302663526e-01,9.369685151719987781e-02,8.338121538314895886e+00,-1.533253858741745745e-01,-1.764170012012632460e-01,9.723005542185452210e-01,1.130837033993440599e+00
-3.214038213814241485e-01,-9.165203379043052045e-01,-2.380967320422448241e-01,5.401177863110278032e+00,9.387893442461829885e-01,-3.413231687248835522e-01,4.661610903355534880e-02,8.509268241339968952e+00,-1.239925430469173417e-01,-2.085400793597809443e-01,9.701220977636659804e-01,1.160624477964739443e+00
-3.147903150569659747e-01,-9.191511207601259503e-01,-2.367874041239126093e-01,5.387973378536439206e+00,9.341571876556007403e-01,-3.442005883218315909e-01,9.421413774102883887e-02,8.625519238476416106e+00,-1.680993941027662808e-01,-1.915389574063461886e-01,9.669826376403942714e-01,1.123408206885033733e+00
-2.376709861159404524e-01,-9.498160932619434949e-01,-2.033762310086806024e-01,5.344436707528769759e+00,9.643010886356156997e-01,-2.558882433210928342e-01,6.815142981781982523e-02,8.823052108655121017e+00,-1.167729113058538770e-01,-1.799183034342673737e-01,9.767259038617187583e-01,1.104771979930127435e+00
-1.815000054259773288e-01,-9.640087940198697192e-01,-1.942801922037531159e-01,5.288570690062996960e+00,9.796658586164995741e-01,-1.944282635701510276e-01,4.952227565746589871e-02,8.979307373564990868e+00,-8.551346964992481703e-02,-1.813413780069323689e-01,9.796952338002771210e-01,1.144390735142773785e+00
-1.091553611267987861e-01,-9.750698281416163571e-01,-1.931940407599506693e-01,5.230184470649784423e+00,9.869697807911239629e-01,-1.294285957737491000e-01,9.559754390755945130e-02,9.174630376277457700e+00,-1.182191141161220566e-01,-1.802416956309361717e-01,9.764922796487874868e-01,1.128541959519266280e+00
-8.262654933484422926e-02,-9.776380489267468832e-01,-1.933822603956241448e-01,5.220872810467136915e+00,9.924668197581378859e-01,-9.833445557020434324e-02,7.307493774804896258e-02,9.316545347167394908e+00,-9.045697885838582808e-02,-1.858875470235061833e-01,9.783983620373649659e-01,1.067230129427948260e+00
2.474439834517251635e-02,-9.882528135612861364e-01,-1.508114426651308571e-01,5.214202005406431084e+00,9.990173033494941235e-01,1.889569903838564380e-02,4.009214594103562013e-02,9.512007386718330793e+00,-3.677148839579358341e-02,-1.516552967952445596e-01,9.877492235355620487e-01,1.147454068775214830e+00
1.228606769623480643e-01,-9.755422796098877081e-01,-1.822704439833784940e-01,5.204817875871370347e+00,9.913236791594542963e-01,1.119909529238218571e-01,6.881416715313222465e-02,9.624578269422050525e+00,-4.671848878247621129e-02,-1.891435622926649351e-01,9.808374460883535484e-01,1.125709562237646733e+00
3.533724263978826885e-01,-9.191875488951067874e-01,-1.738452709103104066e-01,5.221412971594113550e+00,9.352133100736004234e-01,3.515767129209962372e-01,4.206993692470510637e-02,9.790401452406850780e+00,2.244978669951541023e-02,-1.774487669381631383e-01,9.838739462905160549e-01,1.082836980224879175e+00
4.881484347405970481e-01,-8.610498540147870639e-01,-1.424929982891073865e-01,5.239436329453074137e+00,8.718056751575278263e-01,4.887069604703181969e-01,3.347195170574238099e-02,9.898033323054756139e+00,4.081630095235241895e-02,-1.405654854115277741e-01,9.892296871240724432e-01,1.151549659790511271e+00
6.484603159040402964e-01,-7.547193463242073408e-01,-9.948832585582050025e-02,5.335859764505813452e+00,7.610811810603476113e-01,6.454969451740821818e-01,6.394630252575918272e-02,1.002799084009803821e+01,1.595789877832500675e-02,-1.171853320808147469e-01,9.929818444521991694e-01,1.160540820597085965e+00
7.411290069558991167e-01,-6.667893474427114553e-01,-7.822890249445159372e-02,5.453024878325329894e+00,6.707883568056910439e-01,7.402693801932983542e-01,4.521310785770742829e-02,1.010602975618802368e+01,2.776284247847230977e-02,-8.598378268693947224e-02,9.959096413291530503e-01,1.106967027844357299e+00
8.628242101331199398e-01,-4.950967098964671465e-01,-1.020471962272936767e-01,5.656317305503653081e+00,5.007159663684555007e-01,8.647751013199604930e-01,3.804661825652455587e-02,1.018237768640228502e+01,6.941111893538411126e-02,-8.392420381956380848e-02,9.940517212808355207e-01,1.225692206693809183e+00
9.417902937980334732e-01,-3.307533842461335971e-01,-6.027637445586786491e-02,5.810707146031914405e+00,3.326997420274193096e-01,9.426884563065144329e-01,2.548246458510941212e-02,1.020933573119036630e+01,4.839343098709898705e-02,-4.405307204012434696e-02,9.978564038383108681e-01,1.231647942450810662e+00
9.959639150974396449e-01,-1.388690607066464695e-02,-8.867374844656941701e-02,6.071136170752713390e+00,9.794597482667867852e-03,9.988740073125232932e-01,-4.641964428531950709e-02,1.020487380549356082e+01,8.921852769427221497e-02,4.536376698652321710e-02,9.949784836672903587e-01,1.324783936617824898e+00
9.927220244246659497e-01,1.087716975900236693e-01,-5.168849026212860021e-02,6.236762971107736142e+00,-1.123388086031627958e-01,9.910570618167999779e-01,-7.201313980569840068e-02,1.020487162116715396e+01,4.339325182347891774e-02,7.729565334763263684e-02,9.960634556441413379e-01,1.333549905788626866e+00
9.760778965574030686e-01,1.964223182259385581e-01,-9.322131062597378837e-02,6.518711604930154557e+00,-2.028967219601255367e-01,9.769809188525565569e-01,-6.588781690002463998e-02,1.012680842002726145e+01,7.813360397365548549e-02,8.322594007137167071e-02,9.934629247381736583e-01,1.352449165692848565e+00
9.743738481136124951e-01,1.963774165670800764e-01,-1.096882599675588627e-01,6.706872621531664969e+00,-2.035861142453452011e-01,9.772887165710912871e-01,-5.881716203041261609e-02,1.008822714175228086e+01,9.564673647727305050e-02,7.964091112782317738e-02,9.922242826478189226e-01,1.491349332992796484e+00
9.752178481987928693e-01,2.126842862724120653e-01,-6.095525348410645722e-02,7.055978727474673029e+00,-2.148244379028493578e-01,9.761623279154884036e-01,-3.094463504940506149e-02,1.006351007329491232e+01,5.292078452028209368e-02,4.327243847312625680e-02,9.976607071717062958e-01,1.501819330866445146e+00
9.683279566022728879e-01,2.222866765094711206e-01,-1.137084073797590966e-01,7.269741867206643171e+00,-2.279022237564325148e-01,9.729079359424437357e-01,-3.886804069011522839e-02,1.004059580959997078e+01,1.019879643357043675e-01,6.355140932024234968e-02,9.927535814612163945e-01,1.566454840925766812e+00
9.936603981730104396e-01,8.435366830247484349e-02,-7.432006288056611232e-02,7.579730980359186354e+00,-8.663754070254356399e-02,9.958447616207691810e-01,-2.805614537833280367e-02,1.005445288360925460e+01,7.164460652184899414e-02,3.431718806066418742e-02,9.968396967215643611e-01,1.630160338700314071e+00
9.917680378597691915e-01,-3.526671647054167164e-02,-1.230951574562168943e-01,7.796056772193472817e+00,3.643219331068808103e-02,9.993099775204556945e-01,7.229392688242012276e-03,1.006731072474371480e+01,1.227552620882594731e-01,-1.165450717339062102e-02,9.923685394510399771e-01,1.699240241319552425e+00
9.774777678773963752e-01,-1.860248459078556738e-01,-9.965926956576801055e-02,8.116725697477592760e+00,1.873280037224780425e-01,9.822900727797720943e-01,3.798939281342968762e-03,1.007612679976081793e+01,9.718761406051280860e-02,-2.238235070922523981e-02,9.950143707755965128e-01,1.743951909953826984e+00
9.770186070811529566e-01,-1.856353924949044332e-01,-1.047575413536776662e-01,8.332056509121992249e+00,1.924976623305796608e-01,9.794838678025664658e-01,5.963222880111656438e-02,1.009649448663778415e+01,9.153846958774704279e-02,-7.842737894249418584e-02,9.927083432800117846e-01,1.797984304946925960e+00
9.751924976027188663e-01,-1.425157623316928301e-01,-1.693778323937018548e-01,8.589525165408344876e+00,1.528942460164245953e-01,9.869853974376422423e-01,4.983146375464806571e-02,1.018839038050859536e+01,1.600716781771271136e-01,-7.449216557382663806e-02,9.842905948517857162e-01,1.867699033912651796e+00
9.689873671004944899e-01,-2.025586795118440309e-01,-1.415396190261614673e-01,8.771635567862375638e+00,2.077826365541219356e-01,9.779045365707198512e-01,2.300202819374102398e-02,1.026046217576101327e+01,1.337529750931570061e-01,-5.169814995554695980e-02,9.896653186531826352e-01,1.862299501409488744e+00
9.112297453510368461e-01,-3.585166019934039050e-01,-2.027959498673216066e-01,9.057507972870407542e+00,3.696791844800575433e-01,9.289693282810402852e-01,1.879594837284704820e-02,1.035564348510296639e+01,1.816525577844852468e-01,-9.209686861223154164e-02,9.790406094959381855e-01,1.924061312063679141e+00
8.963373378518579848e-01,-4.205988473051568421e-01,-1.402711175481931027e-01,9.239828865547975667e+00,4.289676257894566302e-01,9.026601099442296272e-01,3.451813928980227569e-02,1.040704574397607018e+01,1.120988527916428196e-01,-9.111166534010400886e-02,9.895112488707508147e-01,1.950494519099893909e+00
8.915382342204883903e-01,-4.309551917879206884e-01,-1.394173575780706664e-01,9.491710642552600774e+00,4.419299460816890068e-01,8.950948863447369952e-01,5.918671468953184966e-02,1.054031037637901314e+01,9.928494185550312823e-02,-1.143799244209462163e-01,9.884633191020345544e-01,1.999266027234931631e+00
8.843524611114532696e-01,-4.572814543487056516e-01,-9.388501496431581050e-02,9.630902167805549752e+00,4.608058340505615802e-01,8.873010617804909517e-01,1.883637619559285284e-02,1.063041193411553387e+01,7.469074796173519326e-02,-5.992075827247560910e-02,9.954048396993911973e-01,2.045333484814015890e+00
8.211254946400213806e-01,-5.643351745796398866e-01,-8.531548970936810028e-02,9.811897879745938411e+00,5.690070692835673682e-01,8.210891816094949558e-01,4.520520931460921682e-02,1.081186384093412300e+01,4.454073593360961120e-02,-8.566426662278499304e-02,9.953279641738573824e-01,2.077257108149806353e+00
7.111018173508502072e-01,-6.880550856885375710e-01,-1.446181330900762063e-01,9.931152985603668881e+00,6.990636274199354405e-01,7.138911476034626169e-01,4.085919959929644463e-02,1.094737046334254060e+01,7.512822491448603590e-02,-1.301523277992094330e-01,9.886435765176690982e-01,2.108425730397244457e+00
5.341407348257178889e-01,-8.327645217675103684e-01,-1.455916435966481959e-01,1.006735354756785306e+01,8.453919905675663093e-01,5.256565273486802914e-01,9.485566688362022381e-02,1.113542170188534186e+01,-2.461236285275410825e-03,-1.737482850017754155e-01,9.847870205150414114e-01,2.143498949666087228e+00
4.824200514258974448e-01,-8.589372864396185303e-01,-1.717487465630562204e-01,1.013569162402729162e+01,8.759399509499921077e-01,4.729863817857620778e-01,9.493726863008672412e-02,1.128099055144335594e+01,-3.103416860160256724e-04,-1.962412306549276286e-01,9.805555991778743818e-01,2.159752291592039519e+00
4.017700489236872285e-01,-9.034508192258078330e-01,-1.495240617027119578e-01,1.018447118057772371e+01,9.157073679990559434e-01,3.977545144118505016e-01,5.719582552282191645e-02,1.155111205571244248e+01,7.800255130559828436e-03,-1.598998546128545251e-01,9.871024225047211331e-01,2.197856871713890659e+00
3.276854840314049055e-01,-9.330926718128564890e-01,-1.481900447541949217e-01,1.022561936447349851e+01,9.444574322315136827e-01,3.193749661877950952e-01,7.745830927152178025e-02,1.172641116920414639e+01,-2.494759021953212724e-02,-1.653411527167137907e-01,9.859208492371734911e-01,2.192059254333054596e+00
2.374141388040939826e-01,-9.460385929108974246e-01,-2.205572656229699280e-01,1.031016580638207891e+01,9.714012877853775985e-01,2.303353893342708347e-01,5.766408335473854202e-02,1.199151130557964784e+01,-3.750304630644856092e-03,-2.279398805461681221e-01,9.736679855432130992e-01,2.212990454097623516e+00
2.383121319478385125e-01,-9.516283191619692161e-01,-1.939352209771166569e-01,1.038583861828236543e+01,9.709560644190990963e-01,2.290867911282010727e-01,6.901857067746770824e-02,1.212836718061993224e+01,-2.125202894437417528e-02,-2.047505416343302354e-01,9.785834491581177907e-01,2.239062598644657509e+00
3.626103355759811575e-01,-9.064054021681263729e-01,-2.166633135856488312e-01,1.048401414529057085e+01,9.316498892734809134e-01,3.467556220350417329e-01,1.085772646726943097e-01,1.233683465204402019e+01,-2.328579717740372410e-02,-2.412255904905838688e-01,9.701896650358033947e-01,2.277215091644507972e+00
4.349197296596195583e-01,-8.770048806853543155e-01,-2.042235735826605503e-01,1.053125388173158683e+01,9.004389180411150884e-01,4.254331712590957992e-01,9.064420372741349707e-02,1.251668115224378219e+01,7.388073480357306225e-03,-2.233138062156000136e-01,9.747186057133374604e-01,2.277956020019784145e+00
4.236935347431956544e-01,-8.894542591554002176e-01,-1.713327449355085130e-01,1.056870090902023485e+01,9.049516128713145369e-01,4.074413167191983653e-01,1.226953617368408828e-01,1.278122884648735003e+01,-3.932387288180753254e-02,-2.070330753779360822e-01,9.775433180791178733e-01,2.277106969237229883e+00
3.072147035186824637e-01,-9.325506085240551357e-01,-1.896536012928414505e-01,1.057342693605481898e+01,9.514786872855192090e-01,2.973290610956215163e-01,7.927002629886747975e-02,1.299535422704074783e+01,-1.753378405692302550e-02,-2.048042772244097476e-01,9.786458881777588825e-01,2.306302256357231517e+00
5.915983426957980434e-02,-9.754197079680543281e-01,-2.122651815930091113e-01,1.060120317879293061e+01,9.952790744757495922e-01,4.124603564431846003e-02,8.785401786102238486e-02,1.331504784144156339e+01,-7.693944319978615609e-02,-2.164605226158926865e-01,9.732549328048452075e-01,2.267568903164374650e+00
-5.255431735227072965e-02,-9.730078381357365469e-01,-2.247082345043427132e-01,1.060464393537214178e+01,9.890134582603947733e-01,-8.184752601388003979e-02,1.230989921373178836e-01,1.345795893128147647e+01,-1.381680972853474854e-01,-2.157700846081992696e-01,9.666192877657260318e-01,2.289116568378696037e+00
-1.396882162223785084e-01,-9.582610716857931088e-01,-2.494452259318799270e-01,1.056297544095508911e+01,9.840145474689803162e-01,-1.624427455895511851e-01,7.299126505786718289e-02,1.372671648796957378e+01,-1.104652552526347170e-01,-2.352617114979088375e-01,9.656341721817051083e-01,2.286315329997780754e+00
-2.132710617904094996e-01,-9.462049393088720617e-01,-2.433344756303273404e-01,1.051290371021293701e+01,9.654793034543209806e-01,-2.422407750401158744e-01,9.575552991511768197e-02,1.390952625812770549e+01,-1.495498873424941644e-01,-2.145125165006911139e-01,9.652042330307042395e-01,2.282419065152093474e+00
-4.589214639154049480e-01,-8.551403288398623515e-01,-2.410935667938798599e-01,1.038592280741868912e+01,8.749765150031103556e-01,-4.821152388577272796e-01,4.450836611436142370e-02,1.420076225167613515e+01,-1.542957813770537145e-01,-1.905253643292935672e-01,9.694807359594291851e-01,2.309949300592634369e+00
-6.374015205269711881e-01,-7.207082478919296653e-01,-2.725782879292683036e-01,1.029014802740238999e+01,7.441034618109371168e-01,-6.675920611321674025e-01,2.511728556761937819e-02,1.432943501118684360e+01,-2.000733359318188076e-01,-1.868166516503564634e-01,9.618056970694575103e-01,2.271140661852904419e+00
-7.845747433951790750e-01,-5.316394916582296570e-01,-3.190641360851594888e-01,1.010016087379062100e+01,5.538041325376495960e-01,-8.322723773935024605e-01,2.497343812914555941e-02,1.439410231358764491e+01,-2.788251330325379196e-01,-1.571055082966466010e-01,9.474040344289451632e-01,2.192279950939625799e+00
-8.228461829808590977e-01,-4.795609132733574809e-01,-3.048696272413093933e-01,9.951383768182589407e+00,5.022794186657852933e-01,-8.646936205267241604e-01,4.508681087367825274e-03,1.442591050724798230e+01,-2.657810089878380744e-01,-1.494197881166009212e-01,9.523834218320890166e-01,2.154968485377299459e+00
-8.606920894972515113e-01,-3.882808146695392315e-01,-3.293131276405711905e-01,9.732797622192064679e+00,4.129133029798255916e-01,-9.107546070035553720e-01,-5.352573595137434352e-03,1.450447797119308646e+01,-2.978451465093024386e-01,-1.405846890004716909e-01,9.442055993900347888e-01,2.143992230902930896e+00
-8.988318891497638630e-01,-2.845298812606816274e-01,-3.333826355964720767e-01,9.592678785121055540e+00,3.077268559828127970e-01,-9.513090876975053289e-01,-1.775392269540512422e-02,1.452879936301418518e+01,-3.120984094070357595e-01,-1.185485821674957529e-01,9.426244302539992237e-01,2.084362793429274774e+00
-9.502112824210040554e-01,-1.153844595461034905e-01,-2.894562924779587321e-01,9.347434817931794981e+00,1.328733592817345766e-01,-9.902661274769987143e-01,-4.144474833916720474e-02,1.456983263026054232e+01,-2.818566819378595656e-01,-7.784229741575811323e-02,9.562935676767980731e-01,2.019953912115171946e+00
-9.450640938283643155e-01,-1.715908229993711592e-02,-3.264344106417053082e-01,9.185185112800795082e+00,2.721281678976938262e-02,-9.992847719166416676e-01,-2.625656523373271628e-02,1.456334314785382489e+01,-3.257503970200814614e-01,-3.369733684033154181e-02,9.448551044107930119e-01,2.019128946381584022e+00
-9.407586965460196238e-01,1.116810550535816959e-02,-3.388928271481352339e-01,8.960166054503499566e+00,5.271228184304201005e-04,-9.994080589842803120e-01,-3.439845605269237910e-02,1.447481895726682311e+01,-3.390763881702318350e-01,-3.253928482151810520e-02,9.401959359243882153e-01,1.901834420840934570e+00
-9.583380110265430352e-01,1.031369500970619017e-02,-2.854503184740501132e-01,8.787695930004529643e+00,-1.338704614607415591e-02,-9.998715114861087550e-01,8.817455073242537120e-03,1.445253517775293872e+01,-2.853227008444532142e-01,1.227143894303132921e-02,9.583529455107320238e-01,1.928426804001052375e+00
-9.394627369574629627e-01,1.613699334693344534e-01,-3.022738997010754325e-01,8.546908006428013849e+00,-1.672119412005626526e-01,-9.858986604569286438e-01,-6.633101022523722225e-03,1.437313705206653580e+01,-2.990818158770829904e-01,4.431225430214613681e-02,9.531980337423754390e-01,1.860510374089142660e+00
-9.137071591695964390e-01,3.085681270121409803e-01,-2.644332397306462523e-01,8.393685761031138171e+00,-3.127945771668814157e-01,-9.494345011151383851e-01,-2.708653885681760673e-02,1.430588568547613804e+01,-2.594200836042163116e-01,5.796411893981708030e-02,9.640235376474549644e-01,1.797029824101692208e+00
-8.549597046992908345e-01,4.612745989603996843e-01,-2.372122418730205073e-01,8.187873531320162712e+00,-4.652282953344130112e-01,-8.841676324221053873e-01,-4.254680948469343610e-02,1.416159371407912815e+01,-2.293611487605053401e-01,7.398203924611011784e-02,9.705256932756856081e-01,1.823577021065833303e+00
-8.369250798029049809e-01,4.797537212709996890e-01,-2.634250893964536488e-01,8.075483583826224887e+00,-4.758797394795062363e-01,-8.756081138685420928e-01,-8.275810824622305273e-02,1.404575210312326838e+01,-2.703606560685550275e-01,5.609632656604316564e-02,9.611234664682671847e-01,1.771036985970630750e+00
-8.435628233344921734e-01,4.753564660020279109e-01,-2.498759558621109489e-01,7.890894762451257982e+00,-4.785138586411969430e-01,-8.765349985483837925e-01,-5.206614454806225700e-02,1.388700184130027004e+01,-2.437749990795895216e-01,7.564804392613176665e-02,9.668769949036424283e-01,1.741378009508399716e+00
-7.793651538528393319e-01,5.634509575870187970e-01,-2.740674649684126662e-01,7.772886084629739400e+00,-5.701182810748826046e-01,-8.191554910094570596e-01,-6.284446780169883340e-02,1.378571459510776620e+01,-2.599136443978313782e-01,1.072720837092720619e-01,9.596549366894908673e-01,1.726721620743326913e+00
-6.606753018882393080e-01,7.092371364546254942e-01,-2.459488356315744362e-01,7.618899351580611601e+00,-7.189523064735773294e-01,-6.920670536844129028e-01,-6.442650247298523092e-02,1.359451789801324573e+01,-2.159067541583827299e-01,1.342604836808692081e-01,9.671392847106216051e-01,1.620591829003799056e+00
-6.089869403279593030e-01,7.654421407377696163e-01,-2.079260341870914908e-01,7.484426309515241016e+00,-7.743955328546487937e-01,-6.304849471597258059e-01,-5.291776733541113387e-02,1.347168123457067246e+01,-1.715997237898601036e-01,1.287907628200887222e-01,9.767120733396641441e-01,1.642384055165771350e+00
-6.724558861495313344e-01,7.026397455355622990e-01,-2.325950755638853118e-01,7.306281606384131599e+00,-7.084265502899788070e-01,-7.020373715481710297e-01,-7.263161704091281035e-02,1.330385429333205849e+01,-2.143242963993818029e-01,1.159349685964407017e-01,9.698578138208994170e-01,1.588509004032129468e+00
-7.946412571824358340e-01,5.566653237690956102e-01,-2.422168237273509550e-01,7.159751887912779722e+00,-5.673633129764900085e-01,-8.229244399250515984e-01,-2.990380013282514793e-02,1.322876771541102414e+01,-2.159725525891209863e-01,1.136621462365127178e-01,9.697611938209587112e-01,1.563671344280450848e+00
-9.315573528553989791e-01,2.587510929194526965e-01,-2.554383883718954196e-01,6.952591836108894974e+00,-2.557494116540956486e-01,-9.656716159151095269e-01,-4.550350156293114789e-02,1.319848974911896988e+01,-2.584436820269105928e-01,2.293909607836771419e-02,9.657539340284784224e-01,1.566400174702141213e+00
-9.584681853593362000e-01,8.306636607118446369e-02,-2.728345954634604498e-01,6.830588355668747447e+00,-8.132129105532803770e-02,-9.965304275958436486e-01,-1.771876115145668354e-02,1.327962119262195984e+01,-2.733598091802766916e-01,5.204392699995142105e-03,9.618977747253338872e-01,1.471746239513028742e+00
-9.639635232808952958e-01,-5.737746172880967693e-02,-2.597732716609678083e-01,6.568739428665716140e+00,6.486584636895134648e-02,-9.976866938300481547e-01,-2.033919686984081432e-02,1.338131050967672842e+01,-2.580053250588526526e-01,-3.645665700567522066e-02,9.654554181324213058e-01,1.468167644600008703e+00
-9.388654293322449274e-01,-1.218845599930211548e-01,-3.219873594414666140e-01,6.411495587560492204e+00,1.415276226743532595e-01,-9.891960639846121284e-01,-3.822406333057579847e-02,1.346246661959155588e+01,-3.138497054721053892e-01,-8.145735714262676563e-02,9.459720193232004082e-01,1.429045243718003899e+00
-9.383338311297417800e-01,-1.962199582004416909e-01,-2.846530332900022442e-01,6.144974882379082182e+00,2.170847753884040388e-01,-9.751886509588890695e-01,-4.337390154863907110e-02,1.355405471554439956e+01,-2.690795823765697592e-01,-1.024930390065663943e-01,9.576488684811628183e-01,1.370637640008657288e+00
-9.308227130411002026e-01,-1.808814106420484347e-01,-3.175704522951550146e-01,5.975540069618469730e+00,2.039198736488120611e-01,-9.781464766015754986e-01,-4.057284119924244037e-02,1.357801684545240661e+01,-3.032915462354004998e-01,-1.025250486274882772e-01,9.473662715054158578e-01,1.340287777784807233e+00
-9.471454648720704084e-01,-9.499023158719606397e-02,-3.064185442744639110e-01,5.703035038743240470e+00,1.132566353346698695e-01,-9.926627301367740852e-01,-4.235137246983251141e-02,1.363035284076947740e+01,-3.001473020450810547e-01,-7.481684369458259376e-02,9.509542770157992653e-01,1.264912486888751797e+00
-9.714890030281784217e-01,-2.502377467079540396e-02,-2.357603183246543832e-01,5.519077027081938702e+00,4.195296919750984843e-02,-9.968661414634970575e-01,-6.706597035154732156e-02,1.367855628636528031e+01,-2.333432351083494227e-01,-7.504469804661087484e-02,9.694943155708881655e-01,1.232342794803444885e+00
-9.556747776779984660e-01,-2.048739755124966144e-02,-2.937107179721002437e-01,5.278894013237261262e+00,3.639408414316302326e-02,-9.981455582837376328e-01,-4.879462181254069081e-02,1.377783285485281972e+01,-2.921663737487437129e-01,-5.732112193620674673e-02,9.546481545734460950e-01,1.156407684452758655e+00
-9.588744610373028943e-01,-7.251696869868974604e-02,-2.744103810375556063e-01,5.090155331642788994e+00,9.413507850299265844e-02,-9.933405015801169968e-01,-6.643218283181488715e-02,1.378882655227583598e+01,-2.677654850156369615e-01,-8.953176626939399196e-02,9.593152286204079671e-01,1.139157071357021156e+00
-9.584302021755530809e-01,-4.504032690687930635e-02,-2.817497409224201665e-01,4.847161329329243706e+00,5.824883283707753961e-02,-9.975525712452629756e-01,-3.867739747042343856e-02,1.375064481314909060e+01,-2.793181358788726087e-01,-5.348117943808162328e-02,9.587080590122655233e-01,1.101127335597051005e+00
-9.555153644786501532e-01,6.297440866382540692e-02,-2.881399175724789208e-01,4.683458451831366887e+00,-5.695227503001664554e-02,-9.979485010594979499e-01,-2.924427468768970792e-02,1.371111821480461224e+01,-2.893904397421231955e-01,-1.153312995440686391e-02,9.571416615628626223e-01,1.049388811826220014e+00
-9.496694565703344137e-01,2.235093363904648300e-01,-2.194800669849105434e-01,4.398294172833057125e+00,-2.146183840485726135e-01,-9.746076358231479109e-01,-6.386630898679139523e-02,1.369514925468624256e+01,-2.281816655338167188e-01,-1.354742564146451528e-02,9.735243164773567104e-01,1.029970991127417967e+00
-9.328540545732005862e-01,2.653505955917020431e-01,-2.436644707081234429e-01,4.239953823172969649e+00,-2.651319923291475811e-01,-9.636011270466444678e-01,-3.432046908210686920e-02,1.370161099435070540e+01,-2.439023155074962201e-01,3.258725784057518726e-02,9.692521504317211933e-01,9.463472038802134279e-01
-9.399518581366816949e-01,1.989809701937915176e-01,-2.773032237211423001e-01,4.000809384615934050e+00,-1.894202893750282501e-01,-9.799909063816877319e-01,-6.113736486209737919e-02,1.368997601988214896e+01,-2.839198097323988867e-01,-4.939322821821014349e-03,9.588353063647492291e-01,8.984946420780571819e-01
-9.540950394860576722e-01,1.253972097389666474e-01,-2.719893296028004781e-01,3.846018064773210288e+00,-1.216628057497525089e-01,-9.920990468999283385e-01,-3.062095422017795110e-02,1.365085946513527304e+01,-2.736801368846445981e-01,3.875684447670126563e-03,9.618129556960992588e-01,8.678242771870559036e-01
-9.413929491249933834e-01,1.357768904409958344e-01,-3.087781588129617782e-01,3.616984210656795096e+00,-1.321549729476990953e-01,-9.906889181886944229e-01,-3.271896244243837487e-02,1.359930871704980859e+01,-3.103455790936007208e-01,1.000516867877099432e-02,9.505711536422559726e-01,8.097069797331776231e-01
-9.363824383055814327e-01,2.211792600554665089e-01,-2.725209425974662314e-01,3.439729584465262668e+00,-2.121739664461645691e-01,-9.752329343984920129e-01,-6.247344737575244444e-02,1.356235307608798557e+01,-2.795892293980537513e-01,-6.771896525098096637e-04,9.601194739295622060e-01,7.646446103279013196e-01
-7.810542497734945799e-01,5.824538610423292129e-01,-2.251705102087024901e-01,3.243916421656501292e+00,-5.780920948160164219e-01,-8.107691597785220416e-01,-9.199401862763462168e-02,1.340180404606825704e+01,-2.361435767112770034e-01,5.831697273448499530e-02,9.699666704939364781e-01,7.124132829173505099e-01
-5.711380014230089674e-01,7.813901014420119306e-01,-2.514575365722294675e-01,3.163077812574345504e+00,-7.819788733613045606e-01,-6.110877026698887660e-01,-1.228041581634133766e-01,1.326565686063701222e+01,-2.496205619477638027e-01,1.264963596870750939e-01,9.600459603783575435e-01,6.717779494882436531e-01
-3.472682743069586131e-01,9.217151691472320607e-01,-1.727596382948203002e-01,3.083666946121219166e+00,-9.183334587206770649e-01,-3.715608496026762686e-01,-1.364045220535521075e-01,1.302431820749747082e+01,-1.899168350989114407e-01,1.112819931814140462e-01,9.754731742798397054e-01,6.801015728604162813e-01
-1.517472532018623865e-01,9.660780064812862777e-01,-2.089642470348324621e-01,3.070794099733253457e+00,-9.748466552335249835e-01,-1.811956306714860299e-01,-1.297772792347461623e-01,1.284906971036679479e+01,-1.632383837389371206e-01,1.840147516334157130e-01,9.692738525595301358e-01,6.788142932376478589e-01
1.540908756432578519e-01,9.683800600039681461e-01,-1.962041320416209877e-01,3.083777982215138103e+00,-9.861447752336598427e-01,1.383826727151711289e-01,-9.148069835523975346e-02,1.258006314555761485e+01,-6.143683197277148567e-02,2.075820206061161910e-01,9.762864438259056810e-01,6.437290356979228356e-01
3.422889380471333953e-01,9.264902145120278432e-01,-1.563782763174703105e-01,3.090257699678606862e+00,-9.395716146753503306e-01,3.363389506510104376e-01,-6.388498392685443283e-02,1.239805986634193324e+01,-6.592707101256298219e-03,1.687957128852356492e-01,9.856290090721985253e-01,7.331832885012894430e-01
4.831951462174256529e-01,8.654091292151150361e-01,-1.326253736773545799e-01,3.169551578113975143e+00,-8.746071235106134267e-01,4.702369930514587737e-01,-1.180658708959342745e-01,1.216768002824615280e+01,-3.980992560170842215e-02,1.730439523273205882e-01,9.841092217769978889e-01,6.951545695724485885e-01
4.633554559186724986e-01,8.765253452615388019e-01,-1.304033764307512833e-01,3.230635737563654519e+00,-8.861259351125702066e-01,4.567784117269506061e-01,-7.832183412739816830e-02,1.199751237163031092e+01,-9.085625530163515470e-03,1.518446630420238475e-01,9.883626104392971845e-01,7.328296539979324287e-01
4.259344005621950591e-01,8.892822107115183616e-01,-1.666044301024409979e-01,3.349062630715891942e+00,-9.044106008329199087e-01,4.134184039575050651e-01,-1.054831188876593495e-01,1.174316083109574294e+01,-2.492692357196187383e-02,1.956077017432214793e-01,9.803653785706503143e-01,7.547729348368374946e-01
4.400866427450714213e-01,8.812971739997412790e-01,-1.721599197764753786e-01,3.432203001818503463e+00,-8.974909495096378143e-01,4.255340710508334623e-01,-1.158911123563629020e-01,1.154807605948997384e+01,-2.887459827707976670e-02,2.055141004285962469e-01,9.782280981955916443e-01,7.473637147009588588e-01
4.436986812590569818e-01,8.786635071045270085e-01,-1.763006566401484065e-01,3.501492304675894118e+00,-8.960671904861450265e-01,4.319094228858572637e-01,-1.025565237158250625e-01,1.125368985869135940e+01,-1.396675994075037390e-02,2.034814284036257914e-01,9.789791815516709628e-01,7.799575283579216478e-01
4.204047197018028204e-01,8.905914986972943703e-01,-1.735126914682519617e-01,3.549505451205547946e+00,-9.066448561278934726e-01,4.048649612621982863e-01,-1.186569340535655048e-01,1.106595877349717227e+01,-3.542564761979644095e-02,2.071983242940621250e-01,9.776573417616484241e-01,7.845201046349010721e-01
3.271996021166757029e-01,9.256581149291537303e-01,-1.899933542008665488e-01,3.646804615975149932e+00,-9.440289519899192072e-01,3.113032943347647241e-01,-1.090852727967439595e-01,1.075793726761838442e+01,-4.183011091912414159e-02,2.150518849071780259e-01,9.757063741814776536e-01,7.950430593503443610e-01
2.997537105472333208e-01,9.309938575293846830e-01,-2.083222269843584828e-01,3.703865417002687455e+00,-9.525514022492861388e-01,2.799730007571316071e-01,-1.194191982889189346e-01,1.057510872916543043e+01,-5.285394106484719856e-02,2.342339772313248580e-01,9.707424503050802178e-01,8.388191973474445895e-01
3.083380599333463423e-01,9.212305330040391205e-01,-2.371960072548339182e-01,3.788232656520341912e+00,-9.510158460861103391e-01,2.926766499480666917e-01,-9.954516094868108567e-02,1.028017337837532885e+01,-2.228230889432345277e-02,2.562707233303729293e-01,9.663481852179718334e-01,8.111615022785627627e-01
3.130764856542939678e-01,9.239868811495199896e-01,-2.196163873529035360e-01,3.797901935704520060e+00,-9.494774305157981376e-01,2.992000570661663139e-01,-9.472029768071234257e-02,1.007371199389839944e+01,-2.181107680690070119e-02,2.381755010810039930e-01,9.709771921179910503e-01,8.479138476946594949e-01
2.215010914125449260e-01,9.563452230340185878e-01,-1.906333677063537790e-01,3.800205514081425928e+00,-9.718227529208108839e-01,2.003243875938896246e-01,-1.242202746758831466e-01,9.802539920720125366e+00,-8.060895364951771447e-02,2.127767706192291719e-01,9.737701178801821955e-01,8.022418147663615828e-01
1.154595538543653210e-01,9.714949530603012029e-01,-2.070426226701050920e-01,3.821785937811309708e+00,-9.900045063787965560e-01,9.555159510433151870e-02,-1.037350954243325685e-01,9.564536529696939127e+00,-8.099486880925446664e-02,2.169503372926233353e-01,9.728167259947737566e-01,8.402505264801616303e-01
6.942139248186916800e-02,9.702483181489165442e-01,-2.319458372014437109e-01,3.849506106740204103e+00,-9.919169127179103818e-01,4.237978854317511063e-02,-1.196026412217018053e-01,9.270745528384704670e+00,-1.062144459574569932e-01,2.383739806527481186e-01,9.653477802417715914e-01,8.324874689534974559e-01
1.118468171726920146e-01,9.698304069827069496e-01,-2.166085667283192684e-01,3.842979862138060643e+00,-9.917512359464265570e-01,9.520724260528823368e-02,-8.581996827216353818e-02,9.070009836270594761e+00,-6.260811039374791775e-02,2.244205040704986276e-01,9.724791318407143281e-01,7.713493521406904474e-01
1.542148854359711441e-01,9.668978782893601354e-01,-2.032886176585036175e-01,3.861281941651725447e+00,-9.863485755186717219e-01,1.386329833366723718e-01,-8.886722401123450799e-02,8.747518031331301458e+00,-5.774302280154081091e-02,2.142180872165313221e-01,9.750776145656473437e-01,8.574086218433445428e-01
1.441738774978542081e-01,9.718310985233743482e-01,-1.864355357491872811e-01,3.921358668391878410e+00,-9.851797328891108707e-01,1.232742906867302368e-01,-1.192658507713994231e-01,8.527574261806671885e+00,-9.292355434321171448e-02,2.008675314692168201e-01,9.752012345406916305e-01,8.194692226609607832e-01
1.180112519174060376e-01,9.641560289877968426e-01,-2.376478406957878153e-01,3.914036420106332681e+00,-9.904339147309769720e-01,9.704965906566895284e-02,-9.809191723027574361e-02,8.250054779012975459e+00,-7.151227147532310258e-02,2.469504311430171795e-01,9.663857819663529414e-01,8.408694986095619495e-01
1.450507735511566143e-01,9.638294380213205947e-01,-2.235913403862453130e-01,3.932409870042004929e+00,-9.871238275701675891e-01,1.255692117650389905e-01,-9.909047431479375834e-02,8.064339248670275850e+00,-6.743012780230379921e-02,2.350854896845275821e-01,9.696329152851365096e-01,8.222705056238189814e-01
2.103287347939101493e-01,9.521268490475007784e-01,-2.218474400187486206e-01,3.948453188285216076e+00,-9.772745351892812016e-01,2.108921511562387718e-01,-2.142389906787989934e-02,7.750637286001778037e+00,2.638761434024700439e-02,2.213119154125551269e-01,9.748460031747877563e-01,8.053979260640795612e-01
2.516505905947209465e-01,9.405642373861987648e-01,-2.280589739594744147e-01,3.964429244538740793e+00,-9.677040649804011796e-01,2.481533480548852866e-01,-4.437069381428126319e-02,7.539391077574856048e+00,1.486011015228018602e-02,2.318595074593052252e-01,9.726357724898835322e-01,8.733116233791188288e-01
2.478686445237800184e-01,9.396421572959418045e-01,-2.358680802783074126e-01,4.034494488721587224e+00,-9.687709259555710162e-01,2.420720341741308124e-01,-5.370310320629802237e-02,7.220061634993785837e+00,6.635366239465271578e-03,2.418134539330455135e-01,9.703000697783346062e-01,8.243180719874712015e-01
2.299526787661829719e-01,9.412562453430913800e-01,-2.473023374957952492e-01,4.063502876599080160e+00,-9.732016953541200444e-01,2.225284487150965274e-01,-5.796162240933028925e-02,7.000955378677635288e+00,4.750664435570198978e-04,2.540034844546050774e-01,9.672031866142684065e-01,8.644575681779457232e-01
1.852636487757197137e-01,9.507890688729367934e-01,-2.483496063094164374e-01,4.068420902873996603e+00,-9.824703994907122429e-01,1.738812713899824669e-01,-6.721024910209984216e-02,6.698238662616260441e+00,-2.071942486822006893e-02,2.564477529079543516e-01,9.663359951184643526e-01,7.867682083578089181e-01
9.454214592320071830e-02,9.716427556231322926e-01,-2.167305656554328608e-01,4.040866731822658764e+00,-9.952928463786838709e-01,9.691260748483118692e-02,3.105767399704783540e-04,6.516177872619100420e+00,2.130569387878824411e-02,2.156810189969882718e-01,9.762314097860025353e-01,7.943216756591144900e-01
-2.054980141092904444e-01,9.536745431164207476e-01,-2.197167085335700598e-01,3.906638013975544332e+00,-9.748329735290154341e-01,-2.192983892694108650e-01,-4.011097336668170699e-02,6.312080472897397598e+00,-8.643633447641339840e-02,2.059443669429454060e-01,9.747387741373341186e-01,8.143556149705507563e-01
-4.639288297863286004e-01,8.395839651585310648e-01,-2.826106975005863164e-01,3.844394347742896567e+00,-8.749742939188185353e-01,-4.841651532665851576e-01,-2.022212553611837590e-03,6.271385150290099908e+00,-1.385280689043027480e-01,2.463389327959048802e-01,9.592325600784312734e-01,7.802036367691694840e-01
-6.282974981765437894e-01,7.173413977127383045e-01,-3.011039237748866504e-01,3.714293298747501471e+00,-7.402198407309699135e-01,-6.703216670412371903e-01,-5.237795417231614487e-02,6.151141502250673909e+00,-2.394093589927428489e-01,1.899741609340457049e-01,9.521517615401923207e-01,7.447464712591531644e-01
-5.936882649727704964e-01,7.633864092796783796e-01,-2.545101847877657697e-01,3.632617229510970436e+00,-7.774296108040699149e-01,-6.257619179825220090e-01,-6.344463923666776584e-02,6.038672641236962235e+00,-2.076955567138029923e-01,1.601974161149849751e-01,9.649867064324916255e-01,7.007802746281417416e-01
-3.872204443102884031e-01,8.779662081659788120e-01,-2.814883031793643520e-01,3.520321608850626394e+00,-8.986612678525821574e-01,-4.276441392504099492e-01,-9.761360471967391039e-02,5.815553649436961514e+00,-2.060782695233423778e-01,2.151646520305595389e-01,9.545867793693953995e-01,6.445810260136312086e-01
-2.817850531446154938e-01,9.219821290405926240e-01,-2.656052287777181387e-01,3.502163538685634236e+00,-9.431723185283386046e-01,-3.169888036182776925e-01,-9.971998767817069620e-02,5.637984347118756290e+00,-1.761339302524290717e-01,2.224118974120574133e-01,9.589107291627322338e-01,6.128909990450690515e-01
-1.592739000082376288e-01,9.503150165910416725e-01,-2.674569012340787255e-01,3.468263490894505363e+00,-9.813261675990309074e-01,-1.819949597071781056e-01,-6.226385329052729067e-02,5.386966019675116790e+00,-1.078460827363122015e-01,2.525454491428288928e-01,9.615560402574990784e-01,6.745406026230938989e-01
-2.753122245044638261e-02,9.683920395749633370e-01,-2.479090346845557458e-01,3.475975129204638137e+00,-9.939374638200582091e-01,-5.292795900851004348e-02,-9.636881845362130217e-02,5.200236874542132348e+00,-1.064441158793546921e-01,2.437529258143137645e-01,9.639782992119823035e-01,6.694771991232577601e-01
1.047676548618679676e-01,9.712971820476378193e-01,-2.135544957172844927e-01,3.457420460939938156e+00,-9.944925012876426607e-01,1.029491428208070269e-01,-1.965041666509904569e-02,4.909880973804189530e+00,2.898857946751982276e-03,2.144370726781653635e-01,9.767335043315682475e-01,6.866095773781640821e-01
1.731194845362752088e-01,9.540515399650071338e-01,-2.445716728574549303e-01,3.438186379348117772e+00,-9.848882269810725898e-01,1.689510562716269593e-01,-3.808833074294021293e-02,4.727583117324888562e+00,4.982411863387736263e-03,2.474695934354395332e-01,9.688828494182997186e-01,6.827220266668986293e-01
1.132424817423402924e-01,9.603901348357722911e-01,-2.546113297537327402e-01,3.452692508488944600e+00,-9.934848223819836566e-01,1.061485319257643861e-01,-4.147766708297819654e-02,4.456115790499043605e+00,-1.280812341746877074e-02,2.576495256741876960e-01,9.661535457133048066e-01,7.011632029186629644e-01
3.079664855205295482e-02,9.557601303785839830e-01,-2.925305789429110681e-01,3.478705799090414885e+00,-9.993381847464186674e-01,2.377426783961425830e-02,-2.753137658066345805e-02,4.258428877201306584e+00,-1.935869173517018940e-02,2.931848518723373931e-01,9.558597615167720996e-01,7.147349851109471297e-01
-4.609373089282679803e-02,9.541755579216510963e-01,-2.956761279462492009e-01,3.472043679026865615e+00,-9.958081273467018768e-01,-6.729956069760510695e-02,-6.194305966100873556e-02,4.002440486867030245e+00,-7.900342703096817354e-02,2.915815045485862234e-01,9.532778633339533680e-01,7.219275981765145289e-01
-1.320058339808835857e-01,9.458322771529356077e-01,-2.966070857054918797e-01,3.429407279767382466e+00,-9.896148125714900878e-01,-1.429245776959204017e-01,-1.533257413288549760e-02,3.820817819442692720e+00,-5.689448597279809366e-02,2.915027762923318444e-01,9.548765097538822744e-01,7.028720764512705887e-01
-3.162934694514257239e-01,9.109380897584020698e-01,-2.648589016999328138e-01,3.299838747324080224e+00,-9.399346742218098738e-01,-3.387044469301833116e-01,-4.245121700566235889e-02,3.623596917221490354e+00,-1.283793183418688588e-01,2.355230227749174066e-01,9.633523012714740874e-01,6.693585837687212603e-01
-5.365249763336937816e-01,7.997714951900344316e-01,-2.692703200347695836e-01,3.168062751476064864e+00,-8.287544047562827032e-01,-5.595134082714595669e-01,-1.053007889418354666e-02,3.508342371851233654e+00,-1.590820114506709126e-01,2.175093134694564001e-01,9.630070675684869741e-01,6.503559590339633711e-01
-7.805210207338767470e-01,5.507425723719665545e-01,-2.957525235220448412e-01,3.001045200864017826e+00,-5.752440360648393147e-01,-8.179661482440193643e-01,-5.067474586012031199e-03,3.351288069243087087e+00,-2.447064264877059636e-01,1.661746048707661572e-01,9.552511531171599124e-01,5.891759635785571714e-01
-8.411869924983684799e-01,4.413790046959071844e-01,-3.123924100633712619e-01,2.891192493299857613e+00,-4.596367666102367799e-01,-8.879461343825902908e-01,-1.690281678019911818e-02,3.262334101847319534e+00,-2.848481813732334778e-01,1.293686076630212733e-01,9.498027568499129991e-01,5.411710272281395895e-01
-8.599858613115747286e-01,4.203634587104157494e-01,-2.893421520021009496e-01,2.624317164232261579e+00,-4.330846800160945143e-01,-9.010870827187256182e-01,-2.190272341095595224e-02,3.167749788010880252e+00,-2.699295802233386832e-01,1.064736208573587029e-01,9.569751249546551986e-01,5.253630104046052018e-01
-8.691795766748170449e-01,3.829878333595486684e-01,-3.128053436083622074e-01,2.450730184191829863e+00,-3.875424917117176737e-01,-9.204860619491710416e-01,-5.016200629144840911e-02,3.160228718401766557e+00,-3.071443970012489588e-01,7.762557088916485770e-02,9.484917448954801600e-01,4.867823768651629024e-01
-9.344375704233035540e-01,2.212435248392567722e-01,-2.790658160687113365e-01,2.103057595645743127e+00,-2.220615625967597984e-01,-9.745982945774671613e-01,-2.910028563057220560e-02,3.130050315318144705e+00,-2.784153181821727996e-01,3.477739098030260823e-02,9.598309453638826927e-01,3.923043138062249358e-01
-9.339054125727446198e-01,2.107531822415721068e-01,-2.887971200382431491e-01,1.939826705256483041e+00,-2.116046344419037495e-01,-9.769353904322355397e-01,-2.864823910342132948e-02,3.088957970231234196e+00,-2.881738347769303155e-01,3.435606345420435387e-02,9.569615989442269433e-01,3.689101298634026582e-01
-9.333200973310538107e-01,2.943984240380643769e-01,-2.055314181380972494e-01,1.563007380929490875e+00,-3.012091691583475561e-01,-9.535561151989571105e-01,1.942056027536242548e-03,2.986120658274584727e+00,-1.954140023971967788e-01,6.372050761395638141e-02,9.786485909541433603e-01,3.067408781457818812e-01
-9.140234757367299290e-01,3.284535297614194493e-01,-2.380742837633098297e-01,1.385745436396657260e+00,-3.341298132593565340e-01,-9.423680550061108718e-01,-1.731233072899403258e-02,2.929993719062523372e+00,-2.300398958733388954e-01,6.372383926967156720e-02,9.710926416235057257e-01,2.774732510475577119e-01
-9.283393871067022740e-01,2.614035966810888678e-01,-2.642993416347153013e-01,1.132483919447303977e+00,-2.566682168179863499e-01,-9.650486007037442082e-01,-5.293982201729798692e-02,2.870882402726528504e+00,-2.689003696944817778e-01,1.869111879847454652e-02,9.629866215354366821e-01,1.787766533331359708e-01
-9.372925856417798629e-01,1.841781318914509080e-01,-2.959071216343447941e-01,8.801744862434779382e-01,-1.783754700533531912e-01,-9.828518920766238232e-01,-4.673702948036716209e-02,2.770990871967932367e+00,-2.994408131571136833e-01,8.976300706792230202e-03,9.540726520770993480e-01,1.589904808681072146e-01
-9.357990679894788721e-01,2.156683733274478432e-01,-2.788678129442619391e-01,6.288865269544920977e-01,-2.136285132087588912e-01,-9.761729339161028252e-01,-3.806916644537649413e-02,2.720499587180383649e+00,-2.804335263377739085e-01,2.394902578234195736e-02,9.595746356953376299e-01,5.223755373281215031e-02
-9.264036508203916664e-01,2.769454009140701611e-01,-2.551029608985268538e-01,4.435789223415983473e-01,-2.761124805952211991e-01,-9.602999539748101610e-01,-3.982331547641330960e-02,2.677253477847038265e+00,-2.560042456800364352e-01,3.354464649575717577e-02,9.660934648807394387e-01,5.156541299098009457e-02
-9.287675072096428508e-01,2.539090107072747848e-01,-2.700391301890147644e-01,1.983178358443230260e-01,-2.393904683554126112e-01,-9.671084194612169505e-01,-8.598551429052318784e-02,2.590651271835063607e+00,-2.829896132584433510e-01,-1.521575791351114856e-02,9.590022729373254284e-01,-3.905958817110775916e-03
-9.567515690916594817e-01,1.281230307717853012e-01,-2.611722114362484137e-01,-4.801095492451584734e-02,-1.244296972371121690e-01,-9.917533589098547209e-01,-3.070057876497509289e-02,2.586221987026786184e+00,-2.629518691436312783e-01,3.124752290348037018e-03,9.648038922169609455e-01,-3.450201840479144577e-02
-9.482036010850307672e-01,1.296081596132575009e-01,-2.900200955986413365e-01,-2.953896629072340629e-01,-1.324331194872740425e-01,-9.911419725059069652e-01,-9.952848837004269963e-03,2.580938257740438058e+00,-2.887410600386627335e-01,2.897093886582369562e-02,9.569688004052089303e-01,-1.160364274244222588e-01
-9.588127101792229823e-01,1.574097472822293953e-01,-2.364325659872574814e-01,-4.802941639046288125e-01,-1.609800397394501592e-01,-9.869484975018913975e-01,-4.253243967505905554e-03,2.591311875143440524e+00,-2.340162678196958945e-01,3.398285949279172130e-02,9.716385910699698591e-01,-2.065350754639378450e-01
-9.415901605919342332e-01,1.665009964205071968e-01,-2.927206649135563610e-01,-7.152258591351702277e-01,-1.671055573294044638e-01,-9.856677334883887642e-01,-2.312686467065776241e-02,2.511003996964243257e+00,-2.923759603423064513e-01,2.713922163298173457e-02,9.559182812683689745e-01,-1.811146471790399115e-01
-9.523581463830883553e-01,8.194639211095471054e-02,-2.937664886227946970e-01,-8.601664926621837015e-01,-7.959440243836270190e-02,-9.966272018121431486e-01,-1.997377552143730570e-02,2.512418416065573368e+00,-2.944124523831311291e-01,4.359980286480054368e-03,9.556685086648271099e-01,-2.563710263798911204e-01
-9.494527196809556813e-01,-8.721181919632341184e-02,-3.015520381010636797e-01,-1.179810293173216396e+00,7.642457859125748043e-02,-9.959475310151871819e-01,4.741096130542341025e-02,2.550040720386617110e+00,-3.044648040046452064e-01,2.196847871891459067e-02,9.522702185121575402e-01,-3.182452366776780117e-01
-9.528486596342317094e-01,-9.880535437098071638e-02,-2.869092779623446110e-01,-1.350218178340377939e+00,9.249438118895517147e-02,-9.950800663663704748e-01,3.550283043329020838e-02,2.578893833416636028e+00,-2.890055730980321536e-01,7.291328269085371738e-03,9.572996475766368807e-01,-3.753724219525634287e-01
-9.679359213336423684e-01,-2.858594896967128762e-02,-2.495654136964844116e-01,-1.641158277701040502e+00,3.504695221103319713e-02,-9.991547383623557987e-01,-2.148301535569019025e-02,2.601049404403866117e+00,-2.487403532455323141e-01,-2.954068938868171720e-02,9.681196126190874107e-01,-3.945607676965455779e-01
-9.604768659286366805e-01,-2.741437851608737042e-02,-2.770065736882099672e-01,-1.821753855436646363e+00,3.802239712383972264e-02,-9.987319877804909929e-01,-3.299566488175958295e-02,2.601568511028530484e+00,-2.757507703214311934e-01,-4.222402674555083418e-02,9.603013299129242730e-01,-4.356412719581150839e-01
-9.645159725540002338e-01,-1.099296731527403675e-01,-2.400508397168065744e-01,-2.167766440167505859e+00,1.156136916234482975e-01,-9.932470755352131864e-01,-9.680973605377321892e-03,2.563588627246510043e+00,-2.373655682642516473e-01,-3.709061742922840910e-02,9.707120443784089669e-01,-4.968630445969730025e-01
-9.590423557047071945e-01,-4.875855938617977559e-02,-2.790346982920790531e-01,-2.342587153947920164e+00,4.995471400445737620e-02,-9.987474832067191333e-01,2.826895289980086660e-03,2.516678295990053105e+00,-2.788230379884358290e-01,-1.122798623226738818e-02,9.602768589381242004e-01,-5.415597572273032068e-01
-9.693092882318006254e-01,1.209197846134810184e-01,-2.140511841513398628e-01,-2.621652463321073601e+00,-1.165291699059657349e-01,-9.926368715421036715e-01,-3.306045698618047257e-02,2.461851531712264229e+00,-2.164727611238615734e-01,-7.102601223347438687e-03,9.762628215533337706e-01,-6.381299439642190707e-01
-9.475870215009818409e-01,2.081460466015186417e-01,-2.423923677986950798e-01,-2.813523592809596963e+00,-2.084098940262278377e-01,-9.777258474581720371e-01,-2.484921093675486470e-02,2.437992833965624051e+00,-2.421655482410253746e-01,2.697017790748394012e-02,9.698600191516120184e-01,-6.567873786511415624e-01
-9.480600183053282670e-01,1.832893966809712172e-01,-2.599753810560299638e-01,-3.077763503482527696e+00,-1.791140879218585669e-01,-9.830199474362411038e-01,-3.987388180719663583e-02,2.405872655505842950e+00,-2.628694451601852888e-01,8.762420143953716933e-03,9.647916224731639678e-01,-7.386920880564611380e-01
-9.591875033882502066e-01,1.460497352853101227e-01,-2.421338641473105013e-01,-3.314007135295368833e+00,-1.504108024125373200e-01,-9.886234676925713671e-01,-4.792130379974968938e-04,2.332319967434701713e+00,-2.394492093564614676e-01,3.595989364013790768e-02,9.702427336434725769e-01,-7.541219762881010702e-01
-9.208892523458390711e-01,3.041583618087488339e-01,-2.438250927524515665e-01,-3.493422411465102240e+00,-3.067189754517871125e-01,-9.513774773171933541e-01,-2.836134255254951081e-02,2.182710009372457627e+00,-2.405960411389387599e-01,4.866812709972802298e-02,9.694044348943725575e-01,-8.140755634054459566e-01
-8.777474751524105834e-01,4.517716301055594297e-01,-1.595674280526442335e-01,-3.664070218802088608e+00,-4.539934001216230364e-01,-8.906717117600604361e-01,-2.436995109588139044e-02,2.079055195281735990e+00,-1.531318468169785008e-01,5.105189616628559579e-02,9.868861846171781416e-01,-7.807799539615974949e-01
-7.406390928310557786e-01,6.385786324518565316e-01,-2.089762291417596174e-01,-3.847702647135222254e+00,-6.456319152107209414e-01,-7.625031642858910441e-01,-4.181332939797853532e-02,1.905251595423059996e+00,-1.860461346863454823e-01,1.039531367007446305e-01,9.770263973600453733e-01,-8.453153523475052111e-01
-6.623989367239043746e-01,7.186240012321447601e-01,-2.116770972026616460e-01,-3.933166840573948608e+00,-7.224127646319208340e-01,-6.875437180177038643e-01,-7.350804929571413959e-02,1.771719552202277281e+00,-1.983619069375687771e-01,1.042265833053060975e-01,9.745713792270918052e-01,-8.645655723876694010e-01
-5.355429944566619804e-01,8.251511474782206035e-01,-1.797756515876639816e-01,-4.023537805429408643e+00,-8.358226366767848026e-01,-5.483382300700825329e-01,-2.693892095613053053e-02,1.530457794203493149e+00,-1.208065441400517082e-01,1.358336087240117063e-01,9.833387054489172163e-01,-9.086585384530335707e-01
-3.608350906536253455e-01,9.063850532708669361e-01,-2.196910843893294385e-01,-4.043270388456197573e+00,-9.255032203789167466e-01,-3.770662575191325305e-01,-3.556439945751353054e-02,1.354845968112416532e+00,-1.150731350978489859e-01,1.904919227885679411e-01,9.749210229198408406e-01,-9.339407581347285436e-01
-8.267515769264972836e-02,9.794312907828045534e-01,-1.840629374318107914e-01,-4.065604417653290170e+00,-9.964107536612303306e-01,-8.460814895303089833e-02,-2.659157574281657051e-03,1.066762218713987798e+00,-1.817768656233627322e-02,1.831824439357479517e-01,9.829108626650590042e-01,-9.512039352628255395e-01
1.543152000467278295e-01,9.683231574020311205e-01,-1.963086393246656625e-01,-4.061621515415866135e+00,-9.878124314022113106e-01,1.471176820290324705e-01,-5.082310499822273453e-02,7.894359811204707533e-01,-2.033271752113518724e-02,2.017588919313549889e-01,9.792241470290854455e-01,-9.264303574031648170e-01
1.987914160839309718e-01,9.674850361617186589e-01,-1.563799146134350060e-01,-4.007559151294430855e+00,-9.798612454779013214e-01,1.931452936894354211e-01,-5.066394315607384430e-02,5.308113768313355019e-01,-1.881256234130795554e-02,1.633021749052407101e-01,9.863967189571216654e-01,-9.554334937177604292e-01
2.730843859577781196e-01,9.409603245352796685e-01,-2.000464590951963328e-01,-3.911809938629480676e+00,-9.616892366848223128e-01,2.618307479068935906e-01,-8.123097620418368026e-02,2.845960192035890679e-01,-2.405681173038446558e-02,2.145654378062318013e-01,9.764133052700537663e-01,-9.293209809899272145e-01
4.653627910781696353e-01,8.641916749934095421e-01,-1.913379772863259554e-01,-3.772248017375969820e+00,-8.815474247991471612e-01,4.719284311552713329e-01,-1.255761511277075568e-02,3.733259168723601640e-02,7.944564500293155307e-02,1.745173479612031897e-01,9.814438775348587329e-01,-8.582841218267217576e-01
5.908898162994681291e-01,7.850448672617270640e-01,-1.858864744396424851e-01,-3.679121906818941135e+00,-7.981361182403128307e-01,6.024348171823110665e-01,7.143375029002256744e-03,-1.296610428268764326e-01,1.175923541471549094e-01,1.441417615839883926e-01,9.825452614580140187e-01,-8.746209830825200093e-01
6.842213924965809824e-01,7.150982790133346700e-01,-1.430927580355076389e-01,-3.457349458543271137e+00,-7.225866838968239003e-01,6.912801182111459886e-01,-5.314329494400176846e-04,-3.846511884839239892e-01,9.853715190238994392e-02,1.037605393112127766e-01,9.897091391802007587e-01,-8.108506905890014993e-01
6.957887629046045630e-01,6.928097341631048733e-01,-1.894536082119563369e-01,-3.310119766944498387e+00,-7.015400833195359898e-01,7.120964089703981648e-01,2.757201166919065818e-02,-4.840150446673280316e-01,1.540113921490936233e-01,1.137250042001053396e-01,9.815024780956931316e-01,-7.845386096595708958e-01
8.351555102949613785e-01,5.198262946373854998e-01,-1.797105924188399373e-01,-2.953224435313546170e+00,-5.298453157168877548e-01,8.480435142392989123e-01,-9.281129755351918975e-03,-6.320353164871365115e-01,1.475778270501267864e-01,1.029700022347738997e-01,9.836757410869376717e-01,-6.780249152287683989e-01
9.059135966177195298e-01,3.744267511651522828e-01,-1.978008176804602891e-01,-2.761990747305289595e+00,-3.754772648136601165e-01,9.262212694354656772e-01,3.363010040739210921e-02,-7.108155166882720311e-01,1.957993336842674958e-01,4.380374478588901221e-02,9.796651738586670266e-01,-6.297925768050691708e-01
9.730513398934635960e-01,1.572225174752409638e-01,-1.686777102354793390e-01,-2.425537878958779814e+00,-1.514421396951692589e-01,9.873630460569259304e-01,4.668504691806391743e-02,-7.650912814030349507e-01,1.738860783849189295e-01,-1.988203409966877305e-02,9.845650493816933135e-01,-5.538212185183217784e-01
9.715758180987470460e-01,1.150593351827209204e-01,-2.068859083482063321e-01,-2.191329337820182577e+00,-1.032969193839054917e-01,9.924034420816911783e-01,6.682181223381095103e-02,-7.996336203123770581e-01,2.130027608542848228e-01,-4.355177989159522006e-02,9.760804609952650202e-01,-5.085544045475173247e-01
9.781828786690244248e-01,-5.661889181398519627e-02,-1.998813572310798592e-01,-1.805150696175027214e+00,5.381487664837873719e-02,9.983617148351089376e-01,-1.943824587828917386e-02,-8.113514687936923542e-01,2.006544665092269975e-01,8.257568725799633788e-03,9.796272748492861338e-01,-4.051814540799833497e-01
9.476820663467130368e-01,-2.486802592324626471e-01,-2.001420240551720076e-01,-1.547617846371008188e+00,2.548311239813559892e-01,9.669718228419158512e-01,5.156750933067775697e-03,-7.517872428348151281e-01,1.922493156690682214e-01,-5.588937732576862438e-02,9.797533251420560418e-01,-3.466728319363970301e-01
9.525473177601890828e-01,-2.196034275830213711e-01,-2.107793681119190243e-01,-1.170346607213701873e+00,2.330842809985565478e-01,9.715882935238324691e-01,4.108413122895012565e-02,-5.996591445914666307e-01,1.957685505367435241e-01,-8.826393647034123935e-02,9.766699299863309536e-01,-3.340120967786450734e-01
9.593402646248996302e-01,-2.148636384849182124e-01,-1.830297066775001535e-01,-9.427863537831646656e-01,2.184045308711418942e-01,9.758579661072935840e-01,-8.311918533235844323e-04,-5.466067770670086645e-01,1.787895902014045302e-01,-3.917712140986115421e-02,9.831070316062505698e-01,-2.290020952306077162e-01
9.421035540602118452e-01,-2.837502595633755176e-01,-1.786803951888300823e-01,-7.119339668034435631e-01,2.850370754156941744e-01,9.583285385878349549e-01,-1.898098434162282314e-02,-4.919808887642019291e-01,1.766203812293127284e-01,-3.304848447094111547e-02,9.837240662953147252e-01,-2.383539149089730358e-01
9.276656518297524689e-01,-3.212307020234782540e-01,-1.903871699794544015e-01,-4.604367953259672630e-01,3.236565785614169966e-01,9.459821386783942021e-01,-1.908435105978712257e-02,-4.302385828168834858e-01,1.862333417226896548e-01,-4.391616307191651553e-02,9.815235672421948054e-01,-1.766731336766454996e-01
9.468716517461854831e-01,-2.768416655017409966e-01,-1.636849637617167341e-01,-2.826183551903374003e-01,2.766226529174087290e-01,9.606638605735944303e-01,-2.459379760787081676e-02,-3.437959913366279707e-01,1.640548170959559293e-01,-2.199179915478059050e-02,9.862060523833500181e-01,-1.407605028866630026e-01
9.633243082602377383e-01,-2.341158466092886636e-01,-1.311337007841706925e-01,-5.295636257574842798e-02,2.329197940355926810e-01,9.721846373277552855e-01,-2.460488752916009311e-02,-2.887628297211467521e-01,1.332465634129216259e-01,-6.841148318925589084e-03,9.910593080276919320e-01,-4.894144621590976185e-02
9.415388987057501380e-01,-2.609581884024410603e-01,-2.130852555426609451e-01,2.510301043874136884e-01,2.719727664168146708e-01,9.620157183601447670e-01,2.359177728794761494e-02,-2.497579438408236430e-01,1.988348977205718071e-01,-8.016596243877741057e-02,9.767487404213619495e-01,1.465149698856600680e-02
9.024454329092722604e-01,-3.835332818964910517e-01,-1.962000568269666456e-01,4.386672278550746151e-01,3.927903657240502389e-01,9.195832312358662719e-01,9.077963657937514891e-03,-2.030077366281148876e-01,1.769405810309371552e-01,-8.525785891936631111e-02,9.805218652722246242e-01,3.959552138244807479e-02
9.210317741779675549e-01,-3.333767982229627336e-01,-2.013960807989897961e-01,5.943591378293391347e-01,3.484064117221295498e-01,9.363384693509778645e-01,4.339634874482456439e-02,-9.293656676840550412e-02,1.741075622294957492e-01,-1.101371019233681747e-01,9.785480956776864137e-01,9.370145752294778418e-02
9.379405250580705733e-01,-3.171154852990066830e-01,-1.403757117074321270e-01,7.584579560906987705e-01,3.233151938884896714e-01,9.460068449577819782e-01,2.320204072653950580e-02,-8.298876217927293741e-02,1.254386577361277511e-01,-6.714773470939290612e-02,9.898264114827196591e-01,1.455675429416706801e-01
9.115568937111767633e-01,-3.802808345862633277e-01,-1.563666088844003765e-01,8.420162370510078098e-01,3.868401370233514602e-01,9.220593862714887567e-01,1.269632137293852554e-02,-7.876280019558770662e-02,1.393511317334281963e-01,-7.206229967899352440e-02,9.876174801255749314e-01,1.601385041880906135e-01
9.091873332123425744e-01,-3.904585244337117067e-01,-1.446393232260130557e-01,8.534187679569077423e-01,3.963334733101973040e-01,9.180131085282460246e-01,1.310383547618081818e-02,-7.724364145980590346e-02,1.276642904656828392e-01,-6.923924658284479061e-02,9.893976731691542792e-01,1.421803440297154664e-01
9.148017726825720120e-01,-3.736894829011749297e-01,-1.532771576781033485e-01,8.705682424489524784e-01,3.820954989115837863e-01,9.236827197941339662e-01,2.851776402918291750e-02,-7.446024865150444039e-02,1.309226733928623154e-01,-8.465461312160479923e-02,9.877716588710673262e-01,1.315812929147405497e-01
9.237992268941448426e-01,-3.620980016125590617e-01,-1.244187510706217942e-01,8.678247510312554480e-01,3.726561541287566337e-01,9.249239805157456473e-01,7.512004430827899648e-02,-6.134412162851528988e-02,8.787706856596316785e-02,-1.157612521317235993e-01,9.893821068349434311e-01,1.577278930685397651e-01
9.374290673357242865e-01,-3.280005507419598287e-01,-1.168006097032333046e-01,8.818637476538423448e-01,3.358858301807359226e-01,9.402789234411377262e-01,5.528340814546151699e-02,-7.109536178189926336e-02,9.169216323042149452e-02,-9.105594349272733146e-02,9.916155315225643196e-01,1.117487065483216552e-01
9.336363988241965783e-01,-3.393919629625867795e-01,-1.146131330476121007e-01,8.803987825339203432e-01,3.436091176618910614e-01,9.389268206721397281e-01,1.868688529768994591e-02,-7.292354704627274087e-02,1.012711659368283612e-01,-5.682887381353159822e-02,9.932344285468983625e-01,1.336630146324557789e-01
9.299994994188103270e-01,-3.548104619715483077e-01,-9.597117877936293950e-02,8.800502544368861146e-01,3.594608529826379129e-01,9.324678654711463510e-01,3.593848962718681345e-02,-5.077981266000488464e-02,7.673868811596119832e-02,-6.792065914893150036e-02,9.947351194197471269e-01,1.273628814550371025e-01
9.344854039721804950e-01,-3.388506103541156778e-01,-1.091663575722643664e-01,8.793012090546464821e-01,3.452817691183039939e-01,9.373655526746976774e-01,4.611204369140094184e-02,-4.504069324674782326e-02,8.670368894970310880e-02,-8.078418484769503416e-02,9.929533653707052210e-01,1.288811606996651260e-01
9.478672785775045240e-01,-3.013154818652945544e-01,-1.037140423971715242e-01,8.882553834634488998e-01,3.074911105822185076e-01,9.502637076479582001e-01,4.947830676240405623e-02,-4.349869473997659830e-02,8.364711061950183546e-02,-7.879001405918099887e-02,9.933757066536132996e-01,1.134855032182960771e-01
9.325007803946746554e-01,-3.327099659374075924e-01,-1.405217888060535658e-01,8.664016894542214686e-01,3.443815747492552926e-01,9.363369576010505124e-01,6.836982377947414813e-02,-2.989167742142357156e-02,1.088284224665028305e-01,-1.121480289454175744e-01,9.877141256796486690e-01,1.383152347480636757e-01
8.949019633082568870e-01,-3.959475955415848181e-01,-2.058542631374589704e-01,8.521660520872084144e-01,4.164034777380701269e-01,9.067745861268614593e-01,6.609079877036065642e-02,1.801028255136687475e-02,1.604949213983729028e-01,-1.448632166538529609e-01,9.763483131885012378e-01,1.464073770551313214e-01
8.907747734813969975e-01,-4.212694570485644996e-01,-1.704474918770438885e-01,8.608751251787244430e-01,4.348997850185707392e-01,8.990452099402980179e-01,5.079259271007084686e-02,2.933137933667051556e-02,1.318426331653342887e-01,-1.193723378401278234e-01,9.840567895394127795e-01,1.500143697068924975e-01
8.891716334124364352e-01,-4.265149725763665578e-01,-1.657069235211443003e-01,8.521744180969419435e-01,4.424947541517780802e-01,8.937065868798892421e-01,7.407380856727394103e-02,4.460301568113572701e-02,1.164997806127514024e-01,-1.391887737415799520e-01,9.833891835796744196e-01,1.531034833599858314e-01
8.980411871540220359e-01,-3.974597065314651734e-01,-1.885412630140082535e-01,8.499263907321760181e-01,4.169288929082324291e-01,9.057080850830484531e-01,7.657129275072900587e-02,2.834518966063487994e-02,1.403293427381176739e-01,-1.473724746997337465e-01,9.790755993627697773e-01,1.578978643718102481e-01
9.289793584952379391e-01,-3.301936031696924290e-01,-1.672409516703153021e-01,8.208303242417890333e-01,3.442199622154430982e-01,9.368096069748733656e-01,6.245300546800731240e-02,-2.908291076575986178e-02,1.360513473001146167e-01,-1.155852270206002841e-01,9.839360173265446763e-01,1.655782983088276428e-01
9.425159315792143166e-01,-2.938381432883119815e-01,-1.591315941862087857e-01,8.181030936464754877e-01,3.029284975417741999e-01,9.523446851138790414e-01,3.569210154129971724e-02,-5.201462165261133697e-02,1.410604271099818174e-01,-8.184586907247416721e-02,9.866119853414123675e-01,1.827646284347736738e-01
9.496293241673522401e-01,-2.723309606342163014e-01,-1.550483620084518732e-01,8.226545305306307565e-01,2.854183697850096735e-01,9.559064760221088752e-01,6.913149273858770760e-02,-4.336803390838245287e-02,1.293850875129231581e-01,-1.099029434503141500e-01,9.854850796182723638e-01,1.663317880980026420e-01
9.483224048748849500e-01,-2.790529391665311221e-01,-1.510432837131005790e-01,8.353618196265135687e-01,2.943512699232427865e-01,9.514188928000418821e-01,9.032950967276003051e-02,-7.888141632463131769e-03,1.184987185875461119e-01,-1.301212802183692729e-01,9.843914394830161063e-01,1.668994110785083085e-01
9.185723885762695495e-01,-3.682751899585757771e-01,-1.435205609181591235e-01,8.223626364737637306e-01,3.728007285217368461e-01,9.278977628148156187e-01,5.035730029191019808e-03,1.757455523620493273e-02,1.313178729608074635e-01,-5.813025222927795804e-02,9.896345234564182247e-01,1.674956319947693562e-01
9.316254117632105647e-01,-3.292375635442151838e-01,-1.538724111349991930e-01,7.904593693590260539e-01,3.327335616060050349e-01,9.430154341570753385e-01,-3.204359925176723800e-03,-1.421184165658672879e-02,1.461590542457517627e-01,-4.821325225512216456e-02,9.880855292781964838e-01,1.776348688561894540e-01
9.427384771174079914e-01,-2.685322668249146560e-01,-1.978246330370010408e-01,7.647340009155185747e-01,2.694445058012378547e-01,9.627457164450992089e-01,-2.281104469645580876e-02,-1.935487455293488299e-02,1.965803196046806978e-01,-3.179791094537274404e-02,9.799719744990843528e-01,1.864105426499023388e-01
9.384877008152884281e-01,-2.548104310563494845e-01,-2.330503800539952264e-01,7.695608986492500359e-01,2.527829952172446770e-01,9.667346816808239929e-01,-3.904884843985491349e-02,-5.599806465777520947e-02,2.352479388803080940e-01,-2.226430911476267802e-02,9.716803526840559480e-01,1.607989637577191544e-01
9.363162259058187553e-01,-2.287015765750285978e-01,-2.664723512441412590e-01,7.676095057168328406e-01,2.445561820796594010e-01,9.692465997630892449e-01,2.744635958219291544e-02,-1.770235889823752740e-02,2.520003946665672623e-01,-9.086593266891056231e-02,9.634517026650094573e-01,1.413047652972982682e-01
9.139635449531936517e-01,-2.903416908780322991e-01,-2.835001605549410386e-01,7.413913376724536874e-01,2.926600126897816456e-01,9.555707627491010214e-01,-3.513736403776955564e-02,-3.783359527604437944e-02,2.811063063487009295e-01,-5.085489078929408824e-02,9.583282447125314185e-01,1.309438212974367022e-01
9.224785950129952283e-01,-2.597561606506198495e-01,-2.855870773457729328e-01,7.529810105843020018e-01,2.608418251745410754e-01,9.647490427713619754e-01,-3.494033072768126108e-02,-4.788265297568645995e-02,2.845958256588910773e-01,-4.226134730217404045e-02,9.577156125602951375e-01,1.670228852384303131e-01
9.310037725269977305e-01,-2.623320065120015032e-01,-2.537989241503714744e-01,7.823611244586392566e-01,2.812484192905275737e-01,9.587720030627421286e-01,4.068873049925953583e-02,-3.876957044743857550e-02,2.326613465685241910e-01,-1.092619078290739121e-01,9.664008140054903828e-01,1.550182303376311799e-01
9.287842124190046622e-01,-2.559831641952727277e-01,-2.680158696976464028e-01,8.010298710090238972e-01,2.886275173928445348e-01,9.532223265270360901e-01,8.978503446584261416e-02,-2.808606871907398661e-02,2.324952536394098157e-01,-1.607476776160870202e-01,9.592216329796693364e-01,1.373177475633804989e-01
9.189552882457123761e-01,-2.907891204289239084e-01,-2.663885614012224123e-01,7.865516037251096826e-01,3.189159851333843165e-01,9.453227345092117817e-01,6.824604051836241636e-02,-2.814903922338614362e-02,2.319779572106877297e-01,-1.476706303237166618e-01,9.614466247837967217e-01,1.530852855175730276e-01
9.235603204169416935e-01,-2.849358536827092392e-01,-2.566084445949938786e-01,7.664496980302127893e-01,3.082712790972023664e-01,9.497101165678291101e-01,5.495009529109064900e-02,-2.752397311477350686e-02,2.280463835168882458e-01,-1.298547410564240279e-01,9.649521196360157926e-01,1.550328110785183788e-01
9.212612308479366519e-01,-2.867722172038572048e-01,-2.627535727188666237e-01,7.733157668616188474e-01,3.159841524203231833e-01,9.457391231594122205e-01,7.570684476902152238e-02,-1.601899208441076583e-02,2.267857137382236488e-01,-1.527717459665057786e-01,9.618882646537445513e-01,1.417509853933391906e-01
9.232719762483493353e-01,-2.917031667436916220e-01,-2.499562369419288388e-01,7.838817784847587067e-01,3.216592784310511877e-01,9.427666879801058775e-01,8.789926412798752808e-02,-1.108039665264183744e-02,2.100099199411391560e-01,-1.615556701163048670e-01,9.642590932833302597e-01,1.369478158771636755e-01
9.195264598310944892e-01,-2.936389203976259021e-01,-2.612417924035350669e-01,7.792813033452301585e-01,3.211119892572764645e-01,9.445557806342647078e-01,6.856724892858183373e-02,-1.296398054986904781e-02,2.266234322079920260e-01,-1.469372713034923783e-01,9.628350109318604133e-01,1.451461740108734855e-01
9.194711442507441657e-01,-3.034325348054561777e-01,-2.500030234052445510e-01,7.796183281969393253e-01,3.238072699333112703e-01,9.451077761271020616e-01,4.381944137507498560e-02,-2.769660831600367218e-02,2.229835573053849107e-01,-1.212435083854951218e-01,9.672529890601603286e-01,1.392951858455225567e-01
9.121842539065783129e-01,-3.198490083513534366e-01,-2.561571759321907837e-01,7.754415965373254727e-01,3.379351447609413861e-01,9.407298119362086375e-01,2.876210823065209962e-02,1.309809319875593348e-03,2.317751601451321641e-01,-1.128008545673570423e-01,9.662071425675627934e-01,1.509382023818096885e-01
9.132689918658906114e-01,-3.145923437287405644e-01,-2.587883416298316641e-01,7.706732677994667657e-01,3.304820335014882482e-01,9.436173256165344414e-01,1.918250059364423610e-02,6.764218815016448220e-03,2.381624950091476567e-01,-1.030436803669294993e-01,9.657435611524718411e-01,1.568437215466296497e-01
9.193843276324595859e-01,-3.268977394237854162e-01,-2.187928839414800264e-01,7.750178274315445703e-01,3.417847794387075533e-01,9.392004639959883328e-01,3.294924845514801692e-02,4.307072324860770560e-03,1.947193432811583358e-01,-1.050731002176291812e-01,9.752148588710145560e-01,1.517305243983798346e-01
9.043172440727116346e-01,-3.441892101856857122e-01,-2.524759585871304002e-01,7.637029982499924374e-01,3.619437170344828036e-01,9.318350833789363907e-01,2.607916953121034928e-02,1.504105904372937501e-02,2.262897871579700182e-01,-1.149659296310398676e-01,9.672516566292733708e-01,1.265673524605680500e-01
8.998981785594682981e-01,-3.535652972350695200e-01,-2.552936521271715331e-01,7.577042896788678261e-01,3.627114144871865786e-01,9.318245527286107555e-01,-1.197634054432323604e-02,1.787624926598119918e-02,2.421233116121975226e-01,-8.182043463100237279e-02,9.667893868111807620e-01,1.421182741349193979e-01
9.083314141549431175e-01,-3.431161521507847256e-01,-2.391763955588465385e-01,7.565143577794506413e-01,3.584965215620514178e-01,9.332561397459322450e-01,2.265439591857300317e-02,2.940708020599349520e-02,2.154397504807143982e-01,-1.063216053291397289e-01,9.707118162220157442e-01,1.408807776566804448e-01
9.074224575627605205e-01,-3.430117789559273822e-01,-2.427496714894810947e-01,7.561605799988835308e-01,3.589679750618124943e-01,9.330558691825088236e-01,2.342515451602998969e-02,2.847079363780743305e-02,2.184639018025257007e-01,-1.083958693012231356e-01,9.698060935711070307e-01,1.330290746747639086e-01
9.137154367456765680e-01,-3.387960904383716110e-01,-2.243686915688842265e-01,7.641299137798853724e-01,3.530894914745998925e-01,9.352361766795879161e-01,2.571195908444076639e-02,3.355675528336858615e-02,2.011266060541654910e-01,-1.027156411333060154e-01,9.741650709216117532e-01,1.305202582288395030e-01
9.157031932651997774e-01,-3.358375032117901227e-01,-2.206826528759974204e-01,7.641693691040358782e-01,3.519379074171328781e-01,9.352919012152109968e-01,3.699687613962203414e-02,3.702487960490555285e-02,1.939777594642419778e-01,-1.115447486783295861e-01,9.746437286903986141e-01,1.204358679065090365e-01
9.147254638253921044e-01,-3.223575249654023755e-01,-2.436451352430460127e-01,7.566509844499363924e-01,3.441172107333176911e-01,9.375106723474854187e-01,5.154691563704195262e-02,2.768492425623603204e-02,2.118033784115452012e-01,-1.309937606634410112e-01,9.684936569542968998e-01,1.352173582306576138e-01
