9.999247489869285133e-01,1.157485088608958997e-02,4.064380689947569812e-03,7.662820816040039062e-02,-1.139506408515729256e-02,9.990620768501470295e-01,-4.177462285127359065e-02,1.092343870550394058e-02,-4.544103643534775673e-03,4.172516539015493076e-02,9.991187925843658668e-01,9.605919942259788513e-03
9.990471951269981332e-01,4.169957992275859920e-02,1.287815759894441608e-02,1.021197477725017400e-01,-4.105519043532442069e-02,9.980604812500804002e-01,-4.679473373337290909e-02,2.254152864023527270e-02,-1.480450091009583545e-02,4.622143227036015073e-02,9.988215085547965666e-01,1.784028022447107717e-02
9.983199594413453282e-01,5.249060356519742732e-02,2.453558881282313919e-02,1.379325847331003274e-01,-5.116386397089901783e-02,9.973413301905785788e-01,-5.188959546243016030e-02,4.297352360098703750e-02,-2.719407296816699765e-02,5.054708330901590968e-02,9.983513784055959572e-01,3.434263797985061262e-02
9.985090085004129090e-01,5.069823463708333228e-02,2.023484490193602423e-02,1.819964075924284108e-01,-4.945641905676029237e-02,9.971047186589979683e-01,-5.776021677627816292e-02,7.456179432410577068e-02,-2.310460035586592645e-02,5.667335381503174618e-02,9.981253971369288269e-01,3.954971471060865496e-02
9.984140620665373778e-01,5.238734832310203149e-02,2.061374307276915216e-02,2.103076072143575392e-01,-5.120765291761887605e-02,9.972212712167857207e-01,-5.410649235948186697e-02,9.602786258031156819e-02,-2.339095873334050280e-02,5.296510142019904971e-02,9.983223733249110277e-01,4.457160063836569652e-02
9.976898751323106662e-01,6.509151161458809343e-02,1.944243231188136703e-02,2.200913879886851887e-01,-6.409948271465340519e-02,9.967931026692921082e-01,-4.790372414165960935e-02,1.089861710255676103e-01,-2.249820824394678856e-02,4.654681070335879578e-02,9.986627183584844136e-01,5.225570867181568435e-02
9.972947718528057948e-01,7.086889631546301749e-02,1.951249779212983412e-02,2.451771046026241518e-01,-6.977041692229329906e-02,9.961983882897903486e-01,-5.216186433893655466e-02,1.264608934476462165e-01,-2.313497260748518386e-02,5.065935948916454323e-02,9.984479968123518567e-01,5.555335585689476219e-02
9.975558799753794226e-01,6.598201126792380133e-02,2.299218379331665826e-02,2.726721600042464333e-01,-6.469977711344096494e-02,9.965151349457073149e-01,-5.264527201572714171e-02,1.455159037339320838e-01,-2.638570006683808519e-02,5.102901148541308385e-02,9.983485537720802050e-01,6.019647219200317118e-02
9.989094641107634232e-01,4.298398198674115156e-02,1.822799502168691299e-02,2.073392817828025314e-01,-4.184862873804291727e-02,9.974004743102249382e-01,-5.865991918238371711e-02,1.667014202006479318e-01,-2.070204778983422700e-02,5.783313183895417292e-02,9.981115940008938869e-01,-1.653114923057321523e-02
9.999891622945564773e-01,-1.026437761988692899e-03,-4.541114285280529843e-03,2.338538973521159248e-01,6.697813095412211495e-04,9.969644768461263240e-01,-7.785488616603895851e-02,1.665473143006570844e-01,4.607242822839322828e-03,7.785100084424260991e-02,9.969543595276169068e-01,4.358481398581515870e-02
9.967071360340074015e-01,-8.107739992746229585e-02,-1.157670025951193634e-03,2.644346041760388122e-01,8.092789305423900292e-02,9.955566134920335042e-01,-4.814255350597088090e-02,2.021489512528926169e-01,5.055799114710055400e-03,4.789033883024795824e-02,9.988398041438053543e-01,6.963868722944858980e-02
9.945770491678722625e-01,-1.039165037265836339e-01,-4.225342799208618542e-03,2.332976982468886462e-01,1.036063944016343413e-01,9.935141586839720818e-01,-4.685436514959875898e-02,2.496290533050982141e-01,9.066879706982118592e-03,4.616250369858504454e-02,9.988927945203414094e-01,4.639685949361722905e-02
9.894174266618408486e-01,-1.446700462838257095e-01,-1.112355725910534054e-02,2.526884759911060541e-01,1.440165859508570623e-01,9.884978790994063402e-01,-4.616455336115431185e-02,2.741134541565469762e-01,1.767424083009676988e-02,4.407403684950134820e-02,9.988719139543710268e-01,8.169720324686040314e-03
9.904256836997139546e-01,-1.375826748419488044e-01,1.131249978073209546e-02,2.880359837705055437e-01,1.379605779523608300e-01,9.893755174765274107e-01,-4.585808924392924257e-02,2.917946739503461950e-01,-4.883031743194330213e-03,4.697970840041690299e-02,9.988839086698747538e-01,6.552997135335056345e-02
9.943623644555693586e-01,-1.060348404617575679e-01,-3.174312196641211658e-04,3.359947774510597673e-01,1.060027621574355927e-01,9.941268096546710398e-01,-2.180139309355040578e-02,3.057006635158376340e-01,2.627274124208163909e-03,2.164483619884873325e-02,9.997622709907596494e-01,6.445888386295571537e-02
9.962886543845598242e-01,-8.604419350907162312e-02,2.305191527088256993e-03,4.258145724671190679e-01,8.607499190130371569e-02,9.958950802806804115e-01,-2.800151499343292785e-02,2.986109070573949031e-01,1.136388737102081442e-04,2.809601103556147797e-02,9.996052227004897928e-01,3.049759203923527867e-02
9.952606782530146745e-01,-9.423310996218926816e-02,2.400631813093082739e-02,4.604251361489523631e-01,9.462986511484168528e-02,9.953845410701014362e-01,-1.596258209095118008e-02,3.177572829965807366e-01,-2.239131420208236370e-02,1.815864492514349463e-02,9.995843599530687129e-01,4.434621664035769129e-02
9.977897855981354702e-01,-6.160042310126521287e-02,2.491849974963220721e-02,4.912447710508306975e-01,6.224018343418900173e-02,9.977284814074365293e-01,-2.576891449962304473e-02,3.355452999583150020e-01,-2.327452087811502854e-02,2.726289166899749372e-02,9.993573091821256194e-01,5.927667484178875124e-02
9.991029541461249330e-01,-2.423902485602336815e-02,3.472400740864963614e-02,5.439080691913340537e-01,2.725893007148164071e-02,9.956303598216319495e-01,-8.931482146209236694e-02,3.478767863979312369e-01,-3.240737181329191030e-02,9.018124126156419618e-02,9.953979636189128621e-01,5.682221986735536134e-02
9.995378083939721048e-01,1.438884927741570065e-03,-3.036608636523210197e-02,5.597799638722545934e-01,-2.606238328594659599e-03,9.992575813516415550e-01,-3.843817936689804954e-02,3.734926740920609389e-01,3.028823389949602748e-02,3.849955482121817513e-02,9.987994829623297877e-01,5.281632252538788486e-02
9.994777606223219646e-01,-7.904933174959317271e-03,-3.133238026209561600e-02,3.275966564007940507e-01,7.351147524831915490e-03,9.998154230284701516e-01,-1.775050716090143324e-02,5.072027971273059821e-01,3.146691359916457126e-02,1.751090819747748786e-02,9.993513903740975923e-01,-4.635021380830796622e-01
9.996520800011474694e-01,-2.025150576545274236e-02,1.689956992387543072e-02,4.315642259585520946e-01,2.065120512014047977e-02,9.995028965704103596e-01,-2.382199560165295521e-02,5.292909482986045688e-01,-1.640873780843620997e-02,2.416270393791069768e-02,9.995733675233362536e-01,-4.134376745946575782e-01
9.999978402222895468e-01,-1.980277651759792309e-03,-6.309129723972681410e-04,4.601729278827265679e-01,1.987560168322693652e-03,9.999288824226300054e-01,1.175923898927874571e-02,5.551974052203654253e-01,6.075815452229653500e-04,-1.176046756943005880e-02,9.999306587195003759e-01,-4.162603692760503682e-01
9.996980877140956290e-01,-7.499450273563135205e-03,-2.339853983425863385e-02,4.867114667365555203e-01,8.074283316847617395e-03,9.996655027534635529e-01,2.457007435038954801e-02,5.771264810368885723e-01,2.320645103630260275e-02,-2.475158278289988842e-02,9.994242441426166579e-01,-4.241651906653959858e-01
9.982019301761415608e-01,-7.659838030473687569e-04,-5.993596467430677144e-02,5.148725583169887488e-01,3.017708581350388858e-03,9.992925456785849425e-01,3.748735234890537837e-02,6.030094172018026777e-01,5.986484801237133835e-02,-3.760081674679958269e-02,9.974980594228888275e-01,-4.220963781585078123e-01
9.991583725363708535e-01,-2.988453662515322753e-02,-2.809734971792596930e-02,5.132178613999209826e-01,3.102783263278067680e-02,9.986700339836405149e-01,4.117568245003507682e-02,6.247012742748008218e-01,2.682946500740760951e-02,-4.201282772932391635e-02,9.987567782566495467e-01,-4.215178443177670653e-01
9.991048981928799533e-01,-2.346591729665240683e-02,-3.519592494057374038e-02,5.031648095667998755e-01,2.374259860930165444e-02,9.996902418058855044e-01,7.463876296387366403e-03,6.252244151342266631e-01,3.500987601054048048e-02,-8.292838085773463278e-03,9.993525591192577995e-01,-4.198711976055399808e-01
9.980310868365971366e-01,-1.871028820477828661e-02,-5.986547271220497846e-02,5.297131427089588618e-01,1.802083595454333914e-02,9.997651647057922419e-01,-1.203598406029458487e-02,6.452110169234839265e-01,6.007661091690393029e-02,1.093346038975595742e-02,9.981338889470914300e-01,-4.201845308181895722e-01
9.984969537254536620e-01,-8.477931954140463869e-03,-5.414755830848975993e-02,5.798882399329878812e-01,9.067390120966268077e-03,9.999021776824761343e-01,1.064976536062504225e-02,6.753453288042300384e-01,5.405197348279280195e-02,-1.112473530575576464e-02,9.984761511558463143e-01,-4.056977982046433562e-01
9.996463302410926177e-01,-2.387088326477622424e-02,1.172157701321662089e-02,6.004186283254570045e-01,2.324936721064708653e-02,9.984499654456904238e-01,5.056810680462685975e-02,7.009789026675752321e-01,-1.291051353826908749e-02,-5.027770314621664294e-02,9.986518268177949631e-01,-3.841216153333321670e-01
9.977630351014015186e-01,6.577420124780086752e-02,-1.194488323317197120e-02,6.256384281124167668e-01,-6.495116282569989019e-02,9.961056630859301819e-01,5.962259987394784994e-02,7.110578625432438793e-01,1.581999471648894151e-02,-5.871339215505485404e-02,9.981495205372875601e-01,-3.662142480172038139e-01
9.975866439502358851e-01,6.134902153723190144e-02,3.251438710064388782e-02,6.291649785943884687e-01,-6.316390049788775385e-02,9.963111538335907014e-01,5.808964125101949427e-02,7.366357632069731043e-01,-2.883070387623561451e-02,-6.000318577545252219e-02,9.977817437750590157e-01,-3.464155421280546987e-01
9.973933803197493342e-01,7.206919727919862406e-02,3.532095394630380310e-03,6.663092468419460346e-01,-7.208363871087898611e-02,9.930156432489782858e-01,9.340171996819662814e-02,7.499657205472346488e-01,3.223961002288814551e-03,-9.341286349507707532e-02,9.956222391093452195e-01,-3.512160181570946338e-01
9.955864445891821068e-01,9.320108084902699319e-02,-1.100862747326938375e-02,7.348517402547478650e-01,-9.146787992634805575e-02,9.898835057451557118e-01,1.084632287711349563e-01,7.672937123458029030e-01,2.100614891052741268e-02,-1.069775844850383711e-01,9.940395053143992188e-01,-3.377294871314814317e-01
9.952148904285189612e-01,9.410852308142551859e-02,-2.628512417288600758e-02,7.773350844835354989e-01,-9.017646432550786850e-02,9.882042245940044767e-01,1.237764750520582435e-01,7.856352019196679581e-01,3.762349201099807194e-02,-1.208138914942946118e-01,9.919619329747000336e-01,-3.181843312927704615e-01
9.932275739196970710e-01,1.107046169222269255e-01,-3.526292951097248496e-02,8.115226366936125757e-01,-1.055394626050940726e-01,9.865773374649583483e-01,1.246056942261527939e-01,7.944536823758453492e-01,4.858403275378414543e-02,-1.200401807423519540e-01,9.915795211523495967e-01,-3.182905163756453715e-01
9.885595535678337598e-01,1.454493305533620107e-01,-3.993120698581757722e-02,9.019031951278777548e-01,-1.394722748958744374e-01,9.822883269548305929e-01,1.251284430641144141e-01,7.667083406171634197e-01,5.742380678024572305e-02,-1.181276215364489846e-01,9.913366589837212528e-01,-3.058579575198012157e-01
9.813749864431099423e-01,1.839706076851215788e-01,-5.529874765085473348e-02,7.848835984267110710e-01,-1.734795299040920169e-01,9.723684213299202961e-01,1.562194159015249384e-01,6.411785137029821779e-01,8.251053683040156239e-02,-1.437166264157542506e-01,9.861731808377440789e-01,-1.691452473818920721e-01
9.702295149058828283e-01,2.347979188031029396e-01,-5.936855843985669456e-02,8.418765783186452634e-01,-2.232635369227273237e-01,9.621227841532026259e-01,1.564389379088320930e-01,6.320208462242332681e-01,9.385137977807866960e-02,-1.385268405003916015e-01,9.859017359629357324e-01,-1.326433479379010016e-01
9.572229236203616543e-01,2.781263442097697269e-01,-7.981234962207220396e-02,8.789556433758418663e-01,-2.598525243032597798e-01,9.476224643058066555e-01,1.857103410050542636e-01,6.436270384779958498e-01,1.272829136565901409e-01,-1.570267550435225645e-01,9.793577783892825073e-01,-1.175348698260497704e-01
9.595218269852948678e-01,2.691811029054473337e-01,-8.282147896173304435e-02,9.825096535205130044e-01,-2.498940409995033529e-01,9.493626254407762088e-01,1.904299705643374696e-01,6.236840029585428713e-01,1.298877662127591592e-01,-1.620251192093461745e-01,9.782009144002357104e-01,-8.781308345958614703e-02
9.595245294001101266e-01,2.768515983792337876e-01,-5.163206323943044657e-02,1.038787583189519026e+00,-2.629114050459824825e-01,9.462980482508022151e-01,1.881424911429340208e-01,5.778128508136133323e-01,1.009468700666072000e-01,-1.669526769823864443e-01,9.807836321392047196e-01,-4.888442039902697600e-02
9.588779713261433857e-01,2.790551212182453833e-01,-5.178103347104943271e-02,1.156106555283569204e+00,-2.661836107075402080e-01,9.475126607597310624e-01,1.771046105856949326e-01,5.632920078132410691e-01,9.848513337634404174e-02,-1.560384472554257884e-01,9.828289177074307492e-01,-1.659882002398173351e-02
9.769287050239802150e-01,1.968559803560250843e-01,-8.281321330703787786e-02,1.251983032860764622e+00,-1.811637113629186446e-01,9.692098066926555511e-01,1.667694825080343057e-01,5.621910663931423136e-01,1.130929484334979584e-01,-1.479191455115011766e-01,9.825120413540822106e-01,9.167112218015281006e-03
9.881838097537752885e-01,1.364005537991703765e-01,-6.991170906074190006e-02,1.320120591416445333e+00,-1.250732621895488672e-01,9.812576418506137044e-01,1.465950865310158280e-01,6.050753378766683399e-01,8.859704975775770097e-02,-1.361188055819298470e-01,9.867229771020691320e-01,3.715954343090194928e-02
9.946137024943513261e-01,5.986037546199890480e-02,-8.461866378067174621e-02,1.359051067304259730e+00,-4.790871739191002177e-02,9.894369356073887678e-01,1.368185121016933514e-01,6.233327081090669353e-01,9.191483889089924197e-02,-1.320275952420840726e-01,9.869753677201132946e-01,5.647239681014359913e-02
9.937693839936962981e-01,-4.972337300483519427e-03,-1.113449024363455803e-01,1.447482578353325167e+00,1.654199595866316999e-02,9.945202244026148941e-01,1.032273492049230329e-01,6.591165890184201848e-01,1.102214761582000629e-01,-1.044260461567982079e-01,9.884060031573898009e-01,9.513745283968652600e-02
9.925002654152075277e-01,-3.139560974303006770e-03,-1.222021534492378908e-01,1.448599515315426967e+00,2.395127496901388459e-02,9.852883195764363666e-01,1.692136629637214507e-01,6.728376432462601642e-01,1.198730978080617265e-01,-1.708715027824412869e-01,9.779741151782952446e-01,8.091647252337173801e-02
9.913241591299661870e-01,1.747335454255034880e-03,-1.314281489791121194e-01,1.488877457295841200e+00,2.231947315540487239e-02,9.831523420994877638e-01,1.814202671763989472e-01,6.824568407433688755e-01,1.295308945515723231e-01,-1.827797008507812959e-01,9.745836692216676145e-01,9.627495687464543428e-02
9.910835829283811682e-01,1.956125024124486314e-02,-1.317979102218319043e-01,1.436208320525374171e+00,5.564588553288734793e-03,9.822250590449056462e-01,1.876245419407154558e-01,6.866205154208359085e-01,1.331253807659353861e-01,-1.866850044144683363e-01,9.733582804510860775e-01,9.637338569674533395e-02
9.908570122210579312e-01,1.873722222144864197e-02,-1.336087490989353865e-01,1.485146582679076621e+00,6.264876686353003030e-03,9.828509120114818920e-01,1.842955129087582022e-01,7.078269134611325786e-01,1.347706668843892119e-01,-1.834475436238422463e-01,9.737473317477773893e-01,9.872671200450629236e-02
9.806382789096731445e-01,4.326361519005001571e-02,-1.909890717757470047e-01,1.574471664940970683e+00,8.772700429862026862e-04,9.743100787438888633e-01,2.252090159281988635e-01,7.133083787676686160e-01,1.958259337634978281e-01,-2.210161307659766761e-01,9.554078048701984960e-01,1.267625072546455511e-01
9.848328051968759933e-01,2.542476759504632908e-02,-1.716331174359710388e-01,1.698900219188073324e+00,2.275269169174086534e-03,9.872279333321922756e-01,1.592979309308672486e-01,7.537037550284830800e-01,1.734911206899642511e-01,-1.572723397212154317e-01,9.721966067624157048e-01,1.795350255178806698e-01
9.861310681868810102e-01,2.800985333996902638e-02,-1.635877882742916845e-01,1.800194667781815472e+00,-5.873974268504099719e-03,9.909287600439553589e-01,1.342597815581453580e-01,7.300347534113503789e-01,1.658644409838769818e-01,-1.314368313435064217e-01,9.773501657970314893e-01,2.186740517542451467e-01
9.871257350336358760e-01,-2.039521136604022927e-02,-1.586405326126920368e-01,1.868846798195732850e+00,4.082442424873043013e-02,9.911126146456250563e-01,1.266062852905475988e-01,7.449290795570082668e-01,1.546484711177699145e-01,-1.314527308337350431e-01,9.791853909946216517e-01,2.033819288654639401e-01
9.791676091244351232e-01,4.159478224853260103e-02,-1.987477479903473343e-01,2.011911712378491757e+00,-7.257952393611593646e-03,9.853381845700969199e-01,1.704581595440846364e-01,7.482632886544827722e-01,2.029239152209258990e-01,-1.654646068432813755e-01,9.651131273138963129e-01,2.281374972934203937e-01
9.786868590836445003e-01,2.619053005689571390e-02,-2.036813393326191712e-01,2.214631713678932634e+00,2.076310589348620561e-02,9.741315043361707948e-01,2.250260111484972958e-01,7.411707818999581088e-01,2.043059599978585550e-01,-2.244590572801342387e-01,9.528259055642153141e-01,2.727133535181281987e-01
9.859308910670145920e-01,3.728171060345172871e-02,-1.629427877946221237e-01,2.363483630402663849e+00,3.548026042052019550e-03,9.699222861676199958e-01,2.433889280690085255e-01,7.447883719346839460e-01,1.671157968326384968e-01,-2.405427879813829550e-01,9.561440673868848439e-01,3.271029929682092163e-01
9.912104232670649884e-01,3.492789760446830122e-02,-1.276007005296510566e-01,2.595657591368743855e+00,-7.881132891655493258e-03,9.783952023626455441e-01,2.065931163860513231e-01,7.324406815797552817e-01,1.320597764312433919e-01,-2.037716122591373691e-01,9.700707940589913258e-01,3.600938697546333112e-01
9.890677908456132483e-01,3.503288401629636034e-03,-1.474199175218633973e-01,2.749564575205374339e+00,2.819431310603716032e-02,9.767818164003586601e-01,2.123731712295442720e-01,7.517530651567230215e-01,1.447410992781826833e-01,-2.142078666155600719e-01,9.660046604751728605e-01,3.736075847215577506e-01
9.709645502308502651e-01,4.888664947073065314e-02,-2.341750151030814187e-01,2.940818628140865254e+00,6.749679540911255639e-03,9.729085252087655844e-01,2.310918505750436946e-01,7.450580968716022934e-01,2.391281748792841721e-01,-2.259626010640459759e-01,9.443297193773336762e-01,4.274741859359820761e-01
9.787053663145619531e-01,9.452239211435567445e-02,-1.822123029217812273e-01,3.019678469233725515e+00,-5.126220382487434168e-02,9.720921710812322480e-01,2.289301146236377149e-01,6.684478148318031554e-01,1.987661752061854747e-01,-2.147145274813858640e-01,9.562372505201570672e-01,4.045076054894227169e-01
9.894053961916182693e-01,8.281290354987097535e-02,-1.192433855295400302e-01,3.285166903275754891e+00,-5.973385426116561286e-02,9.808207162333240081e-01,1.855332564869539291e-01,6.493318524535270919e-01,1.323209304759174754e-01,-1.764447381283661409e-01,9.753760432493716603e-01,4.885983115081772299e-01
9.908607905891021472e-01,9.223437733681215389e-02,-9.842618203724870507e-02,3.501464496259929948e+00,-7.201918424671907570e-02,9.787227518510923652e-01,1.921327981096946080e-01,6.443386809824017680e-01,1.140531927373197585e-01,-1.832882828942265507e-01,9.764206442820174692e-01,5.020893405148560973e-01
9.925106250410117292e-01,6.041282770205295971e-02,-1.061741467106846887e-01,3.683404733621371552e+00,-4.276217263305686495e-02,9.859814396824616578e-01,1.612823523929363678e-01,6.225247408960568052e-01,1.144292609973540792e-01,-1.555342111907880576e-01,9.811804387455240750e-01,5.505864328972684962e-01
9.882493775900674793e-01,9.803567727347281546e-02,-1.172696622079872353e-01,3.890849164904812696e+00,-7.540204846499062863e-02,9.800516567252668398e-01,1.838838797647615875e-01,5.792103743293192109e-01,1.329575074229626119e-01,-1.728807569730926030e-01,9.759275306539331174e-01,5.797253410303805365e-01
9.803769073168884240e-01,1.556333950087305518e-01,-1.209932475712159339e-01,4.112507265563208669e+00,-1.333941337651617653e-01,9.756482252812196387e-01,1.741164713134486230e-01,5.584973573048869211e-01,1.451451848213203832e-01,-1.545599782080122608e-01,9.772635716425348562e-01,6.123391559280240148e-01
9.715797124651749384e-01,2.107635993835964283e-01,-1.077569835368394902e-01,4.395458091369683018e+00,-1.864182424637809699e-01,9.618137449998462873e-01,2.004059849557494888e-01,5.171672779334565151e-01,1.458804346127430540e-01,-1.746225217554709941e-01,9.737689015844352980e-01,6.380101293242587124e-01
9.739758377297903502e-01,1.769602074274067016e-01,-1.416197461719312933e-01,4.646520339748756001e+00,-1.431079536418463360e-01,9.646732250658248686e-01,2.211915062689842337e-01,5.017017699774564132e-01,1.757588721032205259e-01,-1.951682705471052548e-01,9.648928256799592651e-01,6.684110019423538107e-01
9.776015889493988587e-01,1.785084663865406929e-01,-1.114892851889167785e-01,4.886299415105460398e+00,-1.500062193301070212e-01,9.625496041544873149e-01,2.258238111987443397e-01,3.823845958240791321e-01,1.476254295367102343e-01,-2.040416304834960226e-01,9.677674026251031902e-01,7.245204353973161426e-01
9.732014921077497549e-01,1.816749456030607723e-01,-1.409718762710281681e-01,5.145964601636036306e+00,-1.499580626026593144e-01,9.661585431602304208e-01,2.098815116654071944e-01,3.165792582457708226e-01,1.743313948194819551e-01,-1.831171308715391632e-01,9.675105586822656534e-01,7.596112339353087162e-01
9.759064813551860951e-01,1.649521758704252106e-01,-1.428191840214459163e-01,5.314405872683311216e+00,-1.299645328129497013e-01,9.652409603644278580e-01,2.267578193700647837e-01,2.624160264703512269e-01,1.752591220440495867e-01,-2.027329970931409098e-01,9.634228417626300445e-01,7.907705801204008011e-01
9.792275693843879303e-01,1.226744274053537809e-01,-1.614445794020716307e-01,5.531625527161009970e+00,-8.101527726285159825e-02,9.666133713668068062e-01,2.430948686108304613e-01,2.155770745261690879e-01,1.858760129967460817e-01,-2.249657199567574317e-01,9.564729649272745160e-01,8.513947081537401873e-01
9.890224200934631948e-01,7.573784437648653500e-02,-1.268795944258644393e-01,5.791980300186844843e+00,-4.615717531480470481e-02,9.740366771753269370e-01,2.216349852442174306e-01,1.770207212713396927e-01,1.403715345767336531e-01,-2.133455657998290511e-01,9.668399566805893075e-01,9.011235786136080339e-01
9.841436785363028017e-01,1.055946298695635971e-01,-1.425166451322219252e-01,6.037041946778467505e+00,-6.787634134590221635e-02,9.665299752124262289e-01,2.474118212643837411e-01,1.458815427115852936e-01,1.638719691787719479e-01,-2.338152714400294485e-01,9.583717423624806830e-01,9.453001638568629961e-01
9.914558150086125732e-01,5.851833297937298478e-02,-1.165803224859270765e-01,6.252415019321594158e+00,-3.148891649352304756e-02,9.746647990216555923e-01,2.214429445390790341e-01,1.330502379409231328e-01,1.265852085500966395e-01,-2.158799070163522349e-01,9.681797615747500529e-01,1.006633273939634865e+00
9.890691123675461327e-01,-6.224961781167778069e-02,-1.336685304878242053e-01,6.435675624151805607e+00,9.110978716786548304e-02,9.707638789113449684e-01,2.220731818190210261e-01,1.510267666570386247e-01,1.159366104502823902e-01,-2.318242361861627965e-01,9.658241174634241144e-01,1.027899884093373073e+00
9.637929806579930148e-01,-2.359603617508729545e-01,-1.242006365393456546e-01,6.703347903156356757e+00,2.577482376283947163e-01,9.437409399340559446e-01,2.071687338664771338e-01,2.159321293592606494e-01,6.832961608144594301e-02,-2.316802666926556231e-01,9.703892608594668623e-01,1.057297412178128893e+00
9.479390131992385671e-01,-3.009988189316757379e-01,-1.039775853566050345e-01,6.909293966193094327e+00,3.171623990832445061e-01,9.217117656875503107e-01,2.232833034530284921e-01,3.230669367378266044e-01,2.862935316443993364e-02,-2.446367347617136312e-01,9.691920491535788162e-01,1.027887591869973694e+00
8.987450462893982195e-01,-4.120118893459402409e-01,-1.500118155608282100e-01,7.187681270389364663e+00,4.369434464070031110e-01,8.701053246719546719e-01,2.280288328687423705e-01,4.910875754109483848e-01,3.657548922758372539e-02,-2.704864636448552906e-01,9.620287451904249165e-01,1.001901344600811150e+00
8.222057710285906040e-01,-5.599172514522909871e-01,-1.023246872137540536e-01,7.315992074715710558e+00,5.686386286677306279e-01,8.001130768001659677e-01,1.909690402139906651e-01,6.121179381613969239e-01,-2.505553978988826064e-02,-2.152016167678176550e-01,9.762481672537750566e-01,9.788581480982267990e-01
6.891722390394895426e-01,-7.084459714362921767e-01,-1.521378667294401854e-01,7.507076595284396525e+00,7.242060192095138849e-01,6.665447967685493857e-01,1.767588064043215668e-01,8.776419374738354540e-01,-2.381736085305357492e-02,-2.319964212147693772e-01,9.724250068079979270e-01,9.555393735202643013e-01
6.193261874904001374e-01,-7.733673083959742289e-01,-1.354181664067702351e-01,7.620768601281143084e+00,7.828689155835576452e-01,5.951934186222022083e-01,1.812761855342242545e-01,1.021780826666346620e+00,-5.959307427569626725e-02,-2.182837619548954888e-01,9.740640968463984972e-01,9.591103390923190197e-01
6.027409634952517470e-01,-7.836025068102709934e-01,-1.505670689276853158e-01,7.777746403892547455e+00,7.960870603483742869e-01,5.776995547846444090e-01,1.803014607470094788e-01,1.236559046627717651e+00,-5.430214793815750507e-02,-2.285395714581658910e-01,9.720190023898813703e-01,9.214874137152692102e-01
5.861818867378290054e-01,-8.013972769658047612e-01,-1.189672229325029196e-01,7.901147267427914400e+00,8.066842520910221248e-01,5.637012201271519585e-01,1.774864835853885991e-01,1.452676256597251525e+00,-7.517521592137553499e-02,-2.000083470731978119e-01,9.769060077674933673e-01,8.922005974537452477e-01
5.491846092264007773e-01,-8.249058517582608108e-01,-1.338902562691678400e-01,8.015180697030363177e+00,8.310711995932420493e-01,5.222462045446846224e-01,1.912578444020504587e-01,1.658577541026602820e+00,-8.784603687983416620e-02,-2.163082004308878037e-01,9.723650735350677365e-01,8.494347970112555712e-01
5.180700403453594172e-01,-8.487076427041447824e-01,-1.062956749455548772e-01,8.132577671547348785e+00,8.510065049206744225e-01,4.989595108282579572e-01,1.637905221211582441e-01,1.877012926227273670e+00,-8.597302995273559123e-02,-1.753132732270966665e-01,9.807516986226164635e-01,8.553557266484402843e-01
4.891570210629714865e-01,-8.670721376186368845e-01,-9.439977177009968579e-02,8.258018394906123660e+00,8.621284555402297656e-01,4.642736249821709515e-01,2.029397134464582253e-01,2.030947758132200409e+00,-1.321360469085403055e-01,-1.806541151243487575e-01,9.746302662015081664e-01,8.277379322742044465e-01
5.331161022155369578e-01,-8.410499439508685171e-01,-9.177261758691154792e-02,8.394311763727108300e+00,8.424162291420225213e-01,5.176672932777524050e-01,1.495174583405517732e-01,2.241964556769574290e+00,-7.824396741376650477e-02,-1.570209070497477211e-01,9.844908919399041336e-01,8.101316827087534644e-01
5.200862330584955506e-01,-8.525905575410120951e-01,-5.098677647125537254e-02,8.532842115672815808e+00,8.447541258179640522e-01,5.046563987259972128e-01,1.780797184926806442e-01,2.523540727685529284e+00,-1.260982834797898799e-01,-1.356880997612267548e-01,9.826942365184798689e-01,7.640882952022218788e-01
4.621914830881710956e-01,-8.831286772838901067e-01,-8.039136968333647493e-02,8.691167841481407308e+00,8.775809517461495846e-01,4.424893781799932313e-01,1.845394898936346118e-01,2.732701969026497757e+00,-1.273997884341917519e-01,-1.558425152411524461e-01,9.795317270768898466e-01,7.590287362521117576e-01
4.290659132928883457e-01,-8.986586988304920975e-01,-9.118653994107833727e-02,8.800867199893465553e+00,8.944296298183191940e-01,4.086028933696569942e-01,1.817671940505398431e-01,2.909181232487453972e+00,-1.260875860392351999e-01,-1.595500502858925862e-01,9.791045409457397319e-01,7.487716583707225704e-01
4.671238316326744577e-01,-8.815315071826178572e-01,-6.853851300655931789e-02,8.873860332193046929e+00,8.752690595229233317e-01,4.500339468335820547e-01,1.771257184579447808e-01,3.080359692952193917e+00,-1.252972440345893335e-01,-1.427292841071162166e-01,9.817988348412350907e-01,7.205671793557247851e-01
5.324009547250948549e-01,-8.436063668305826546e-01,-6.983925293637568976e-02,8.927619577665025119e+00,8.402237028696346588e-01,5.166345243476382354e-01,1.646599446985408388e-01,3.254272836297999127e+00,-1.028268084880817612e-01,-1.463457074703349570e-01,9.838747793094213545e-01,7.134827757290538308e-01
4.914745445477269881e-01,-8.699822048397185537e-01,-3.979617222580308228e-02,9.017345214335325210e+00,8.607170013065983394e-01,4.782603573154335930e-01,1.744513521939231038e-01,3.349491674384381668e+00,-1.327366404704403147e-01,-1.199916408869174667e-01,9.838612658265830646e-01,7.077524614717092266e-01
4.543498249387868393e-01,-8.893710499099095612e-01,-5.084655504789264979e-02,9.100939830574649392e+00,8.746485068275918762e-01,4.345453276552215249e-01,2.148495932443846568e-01,3.413650637225202455e+00,-1.689858753930496005e-01,-1.420897385287218651e-01,9.753226543675095339e-01,6.703201672821208490e-01
3.475308621872658654e-01,-9.321954377318748541e-01,-1.011630648964995799e-01,9.103549900142994034e+00,9.153153021590192395e-01,3.138489600162814863e-01,2.523821069930260452e-01,3.501690834472724223e+00,-2.035195259942308155e-01,-1.803066725569971163e-01,9.623249484298470602e-01,6.361582581553822946e-01
2.538972545371839806e-01,-9.637216175789652395e-01,-8.232149141908744194e-02,9.095630937498469848e+00,9.407146047724079807e-01,2.262484516817992730e-01,2.527205383016550289e-01,3.612276278894250403e+00,-2.249271359937927706e-01,-1.416060801045314621e-01,9.640308613167212215e-01,6.190517821681953414e-01
1.323497579115298917e-01,-9.888005550686386202e-01,-6.897103650599448188e-02,9.288964012040887397e+00,9.689615759246154036e-01,1.144085444616926434e-01,2.191441291384284007e-01,3.574693128848937196e+00,-2.087989606354462846e-01,-9.583395666520656830e-02,9.732516872769597649e-01,7.616863428273552561e-01
1.392797565456212194e-01,-9.892485260577137396e-01,-4.459263514564760361e-02,9.302388745297289319e+00,9.697895608593238848e-01,1.271557965598085205e-01,2.081816779870838408e-01,3.567836562920759125e+00,-2.002732060582984863e-01,-7.224096548275747709e-02,9.770731220544599527e-01,7.964119244701298728e-01
3.511808885469346331e-01,-9.356596894400598385e-01,-3.482713132481395080e-02,9.359873702188254541e+00,9.165307047975850274e-01,3.359206237646976678e-01,2.170916895986025330e-01,3.705587683313217084e+00,-1.914247911912797251e-01,-1.081585876686022157e-01,9.755297377481162435e-01,7.856370628672779688e-01
5.733219967339442391e-01,-8.182065641338479578e-01,-4.289413094219517858e-02,9.432198382237995560e+00,8.021694488278834356e-01,5.498853946003665616e-01,2.327020158321934928e-01,3.783370138752737866e+00,-1.668114607218905698e-01,-1.678215457367787378e-01,9.716017009857216280e-01,7.934044029030834499e-01
6.589638347253868877e-01,-7.518857719056610822e-01,-2.084347691343365824e-02,9.523765267312104044e+00,7.268308985227872610e-01,6.293835346399734298e-01,2.749421962461360280e-01,3.879431869523739529e+00,-1.936065842800002990e-01,-1.963266470195035862e-01,9.612347986800678923e-01,7.801869851391872723e-01
6.752039862890977240e-01,-7.376129267357933728e-01,5.171770641549887013e-03,9.620310055864969456e+00,7.010976953139455015e-01,6.439259256766246553e-01,3.063028303280493359e-01,3.978410273273708775e+00,-2.292631643434769328e-01,-2.031909755716490851e-01,9.519200748599945250e-01,7.421817261488677930e-01
6.156808341101557280e-01,-7.879640245347468985e-01,-7.057375463114883528e-03,9.690125898561959161e+00,7.520722109762426610e-01,5.849160548734799736e-01,3.037442974420221931e-01,4.147611458398688278e+00,-2.352116068282490979e-01,-1.923171983735417201e-01,9.527274506505127860e-01,6.965120621886982111e-01
5.784105767477637494e-01,-8.155361144463990630e-01,-1.849461381021081513e-02,9.812104078710662591e+00,7.896421408446745449e-01,5.540681398679105918e-01,2.635788037486136437e-01,4.403981663568142579e+00,-2.047107571881754962e-01,-1.670608943379115752e-01,9.644605556861625129e-01,5.871463206210473240e-01
5.263759371204340676e-01,-8.495731768724192889e-01,-3.396748385573437196e-02,9.887392738111572044e+00,8.249248830124452647e-01,5.006105861946484881e-01,2.624651946006393288e-01,4.591738361847681915e+00,-2.059789071907264513e-01,-1.661759854153273819e-01,9.643434199826115272e-01,5.658368885388247449e-01
4.485455965721054095e-01,-8.937430249180208230e-01,-5.500291461337101367e-03,9.978260965224693635e+00,8.639963362741860387e-01,4.320251634013685949e-01,2.585818808284951476e-01,4.759526696438689974e+00,-2.287294880433111133e-01,-1.207379956699897727e-01,9.659736837518084762e-01,5.113022990077747965e-01
4.478554439271628107e-01,-8.930548300414427043e-01,-4.334249513414562688e-02,1.009697217061900965e+01,8.800572599203392299e-01,4.317406785076289832e-01,1.977351910593423134e-01,4.982970444112968522e+00,-1.578756491872833900e-01,-1.267006592777708551e-01,9.792967999193464834e-01,4.858291756567407194e-01
4.897759168330450552e-01,-8.710645522031448262e-01,-3.696075196048712735e-02,1.021947187503584509e+01,8.433423451410255733e-01,4.625844028280809983e-01,2.734764325352755931e-01,5.154962347769697750e+00,-2.211181588707346324e-01,-1.651127377137279195e-01,9.611683222320088760e-01,4.737014617705345709e-01
6.470429202320082673e-01,-7.597891387926165585e-01,-6.368613624964898634e-02,1.038594312102150319e+01,7.419525594556902748e-01,6.082054959346727685e-01,2.821213820893543334e-01,5.338779147575016815e+00,-1.756185038507723506e-01,-2.297967347192568788e-01,9.572625563645452695e-01,4.433615096996978422e-01
6.867444333543953894e-01,-7.260727395951972474e-01,-3.464765610362243592e-02,1.053497180829443813e+01,6.966196462187699279e-01,6.437759005562032621e-01,3.166601622640328184e-01,5.557724060870087968e+00,-2.076129855254349177e-01,-2.416008416371391854e-01,9.479060510205861156e-01,4.449621766959563907e-01
6.002432076382795412e-01,-7.987776256093763738e-01,-4.077249697965151798e-02,1.068277616824689780e+01,7.802558536100618891e-01,5.735959145305413731e-01,2.493762814325045374e-01,5.760937202135582247e+00,-1.758092562732146424e-01,-1.814993985106244656e-01,9.675479697404884005e-01,4.003672149474276631e-01
4.258092696062405480e-01,-9.044367132168037449e-01,-2.609018403507911213e-02,1.079304066591380362e+01,8.869202626132627332e-01,4.115093044231844521e-01,2.098393198120074299e-01,5.998804122067178390e+00,-1.790500312298734242e-01,-1.124914403798418366e-01,9.773877235559337295e-01,3.800137420611569006e-01
3.675499483281572943e-01,-9.297556366361238167e-01,-2.148235618651085296e-02,1.086577828552631786e+01,9.060481644097169163e-01,3.527777713034488949e-01,2.337189933316330959e-01,6.179049988000049787e+00,-2.097230537011823825e-01,-1.053674533123344914e-01,9.720668395376547144e-01,3.593546382087444147e-01
4.145163798867091964e-01,-9.099893707347014304e-01,-9.773226462044957291e-03,1.094753964910325905e+01,8.855619975195386795e-01,4.008686082834065356e-01,2.347004632337295893e-01,6.349049057921270389e+00,-2.096571471589260549e-01,-1.059419843253185251e-01,9.720186091852330845e-01,3.316333876066012154e-01
4.365181550311918457e-01,-8.989366972162367020e-01,-3.694204550545737709e-02,1.101107518851973666e+01,8.828500355632912244e-01,4.200753387483291412e-01,2.100298180767912748e-01,6.551862505584539420e+00,-1.732850686991165845e-01,-1.242961148766914825e-01,9.769968069510275299e-01,3.266434661880341372e-01
3.806570587445686771e-01,-9.237251068950844690e-01,-4.280339378598013722e-02,1.108508835334967557e+01,9.116051769015971473e-01,3.670906419983652191e-01,1.849877347378302006e-01,6.790392681565675659e+00,-1.551650897403773766e-01,-1.094366823733799871e-01,9.818082335552952289e-01,2.787815577823551938e-01
3.422160667167756243e-01,-9.372086019591406858e-01,-6.729190214796537672e-02,1.120237703433115328e+01,9.184343471434434081e-01,3.185183507814943749e-01,2.345728249449022806e-01,7.006696542831828189e+00,-1.984099636310985015e-01,-1.420777837285942813e-01,9.697666676591217838e-01,2.632882642904080250e-01
4.125717238811104637e-01,-9.094495531642790009e-01,-5.182743388458234401e-02,1.132982170013384682e+01,8.903253043819544521e-01,3.905572503984623411e-01,2.340638514131787862e-01,7.225164119962448339e+00,-1.926276850064551349e-01,-1.427114025244136941e-01,9.708388283121813789e-01,1.959666225260332517e-01
5.001602366134576538e-01,-8.649254571357396504e-01,-4.175752997125725674e-02,1.145570057303088696e+01,8.421622663412163812e-01,4.746432174073041410e-01,2.558838277818006324e-01,7.417976605003049784e+00,-2.015005083412774456e-01,-1.631495319263079891e-01,9.658052471230594849e-01,1.803775870514700008e-01
5.432085572258227302e-01,-8.382875043061696063e-01,-4.688841520858176570e-02,1.159917441847638209e+01,8.164905087678450135e-01,5.144221828254547102e-01,2.621317739403550839e-01,7.610179193355463667e+00,-1.956213496749845404e-01,-1.806761687141587858e-01,9.638923226222475549e-01,1.208892680615704374e-01
5.582759554924785483e-01,-8.273508502199994341e-01,-6.179424050187005274e-02,1.173357043197089844e+01,8.136699646994693946e-01,5.314481630200292850e-01,2.355929510163618790e-01,7.768610571318186331e+00,-1.620775927292890106e-01,-1.818059973237393101e-01,9.698852680973145679e-01,9.372209502430491057e-02
6.178140004828418519e-01,-7.856983432145524526e-01,-3.136836427506473068e-02,1.189847944162619342e+01,7.604187297757817321e-01,5.868291313416915678e-01,2.781994356840782334e-01,7.893855811704395542e+00,-2.001729657410579177e-01,-1.957285980092382804e-01,9.600109893682300388e-01,5.610018364345293468e-02
7.575516956027704696e-01,-6.520306961245062594e-01,-3.116728735000610234e-02,1.207826390919149873e+01,6.425558762651168987e-01,7.364262964081670360e-01,2.116559846442232495e-01,7.969948257144251258e+00,-1.150537890142366293e-01,-1.803670736856951284e-01,9.768471448305140470e-01,7.152052240343809153e-02
8.873364237364268492e-01,-4.610431793613875562e-01,-8.559081433799346772e-03,1.229161718253160984e+01,4.518554909228952310e-01,8.656514098190881690e-01,2.155788765186692491e-01,8.041833275399518755e+00,-9.198198972339854951e-02,-1.951584572663111472e-01,9.764489183382604187e-01,1.016552507931633709e-01
9.623588170142148845e-01,-2.681966720777486657e-01,-4.400059546665337912e-02,1.248109494556910448e+01,2.715778064955202686e-01,9.426732908596648919e-01,1.939395826511151888e-01,8.030767071438125626e+00,-1.053576452284158381e-02,-1.985890525336881651e-01,9.800262169348799013e-01,1.106019281749006516e-01
9.969127661070119606e-01,7.334096480359200698e-02,-2.803639874418522096e-02,1.265696101252884986e+01,-6.633991759807661426e-02,9.777757362377728079e-01,1.988809316092394752e-01,7.953898155793427627e+00,4.199942982881023357e-02,-1.964070072740702888e-01,9.796225474067544736e-01,1.310503135862406965e-01
9.351676880137158587e-01,3.521513002115305713e-01,-3.809011754259472582e-02,1.282354359236929220e+01,-3.447713000389281413e-01,9.296353329079896088e-01,1.300419104693401884e-01,7.880845442177696114e+00,8.120434695598399699e-02,-1.084786134147033287e-01,9.907765865557564000e-01,1.864186656662893959e-01
8.268253281112900588e-01,5.607215078768807981e-01,-4.417315245636715265e-02,1.299336487297421350e+01,-5.548863776634083145e-01,8.260179343750199132e-01,9.897211715631808182e-02,7.775625730559124982e+00,9.198361091649903676e-02,-5.732157268515442744e-02,9.941092759992049555e-01,2.156924634800383156e-01
7.579539966373726179e-01,6.491894792144220494e-01,-6.370839080325274573e-02,1.317745646524113035e+01,-6.424797875863477170e-01,7.598549564580732163e-01,9.919761937213240899e-02,7.592671004297712578e+00,1.128071873793244639e-01,-3.425587866927849723e-02,9.930262198210894065e-01,2.349388851822535040e-01
7.538592149817806565e-01,6.487004831546411276e-01,-1.043262533688786159e-01,1.337311653506576903e+01,-6.436287426623648056e-01,7.610205440004701449e-01,8.117741821522354850e-02,7.344735937066444897e+00,1.320542525097766484e-01,5.951030512510867461e-03,9.912246262224947424e-01,3.336538104622646106e-01
7.361020866524157213e-01,6.716997907217928665e-01,-8.350514457360082299e-02,1.360050868799279833e+01,-6.637415108600330793e-01,7.404907693379185751e-01,1.054543848617758434e-01,7.152794750441734628e+00,1.326684769913299144e-01,-2.219936191953254812e-02,9.909118343945477747e-01,3.867164404806621714e-01
6.852601563802651619e-01,7.161496818737700387e-01,-1.324694350776484397e-01,1.380842859599025374e+01,-7.033866520991330917e-01,6.979460964170183246e-01,1.346048444336858108e-01,6.986801689904614143e+00,1.888537416268647740e-01,9.378956985620930499e-04,9.820047783107743733e-01,5.006900070121349522e-01
7.098129805200206199e-01,6.958799296305846482e-01,-1.091634381220018823e-01,1.397851222722474063e+01,-6.834322198045184038e-01,7.178955852272272953e-01,1.324625594057544098e-01,6.866678235782709194e+00,1.705459868139742319e-01,-1.941783326189564299e-02,9.851583700771475716e-01,5.450546526525315016e-01
7.454215741283599650e-01,6.529994190658597875e-01,-1.339344448737745663e-01,1.415716455574566446e+01,-6.295562299589652078e-01,7.556892043604074294e-01,1.805347050652219842e-01,6.731338224546997040e+00,2.191018716119319532e-01,-5.025519985813639567e-02,9.744068886986423372e-01,6.206032907573132418e-01
8.070497146987309911e-01,5.834365895333812890e-01,-9.095330669278761659e-02,1.439907821160453594e+01,-5.640392612293695374e-01,8.072861876135891679e-01,1.736338765337625545e-01,6.582690053724536305e+00,1.747297049631886812e-01,-8.882993460523938567e-02,9.806012303283669906e-01,6.531140935532694369e-01
8.014661414553047036e-01,5.916660357284587723e-01,-8.708229593961142045e-02,1.459903413734820354e+01,-5.748183657631754651e-01,8.023175215239224389e-01,1.608429079476629275e-01,6.470916697192961031e+00,1.650329375673128818e-01,-7.885364177435134903e-02,9.831308319327731748e-01,6.655082050873045718e-01
8.210568666700195362e-01,5.602736515320223543e-01,-1.093574738780214300e-01,1.481833358792969513e+01,-5.389470548256499738e-01,8.239609018398308393e-01,1.749985838058361887e-01,6.314661835062580941e+00,1.881533783612888144e-01,-8.474590042157791048e-02,9.784765907128134543e-01,7.556832572332022879e-01
8.843547956777785268e-01,4.564294127343948015e-01,-9.792234960747450701e-02,1.500555602998450944e+01,-4.399615772714901007e-01,8.850585029786175451e-01,1.520041342530820128e-01,6.261059952030914033e+00,1.560461658820745667e-01,-9.134351370612700527e-02,9.835171359042624850e-01,7.748174311297436612e-01
9.545745123249715913e-01,2.681685052995333440e-01,-1.298967019787465871e-01,1.531424112541114546e+01,-2.389033093682050579e-01,9.493248941368505056e-01,2.042240293035448573e-01,6.208199704949046271e+00,1.780806255392795578e-01,-1.639143011987339305e-01,9.702676912430252543e-01,8.270549045130638488e-01
9.916645305648520425e-01,9.293084463102022075e-02,-8.924862427934174280e-02,1.552051899118925959e+01,-7.640739375741460726e-02,9.818813774245827020e-01,1.734095465826534233e-01,6.191575490719925412e+00,1.037466577716574662e-01,-1.651448418297315479e-01,9.807975388520530080e-01,8.631154460035919129e-01
9.899916350185510305e-01,-5.813036947445218011e-02,-1.285979110952352455e-01,1.576721933651722907e+01,8.118479546811194214e-02,9.799364573144910828e-01,1.820262854939451724e-01,6.246667589749963057e+00,1.154365261868837977e-01,-1.906446951023974268e-01,9.748481977473312243e-01,8.749165776780551962e-01
9.597150551059349111e-01,-2.451944938923985018e-01,-1.372103245672904037e-01,1.591932336499260714e+01,2.686653445742892554e-01,9.437693055241944684e-01,1.926614402913970903e-01,6.361079188985795163e+00,8.225536838279159935e-02,-2.217637439150681178e-01,9.716248742477645584e-01,8.759628937688037631e-01
8.586569991853328920e-01,-4.864176938619819146e-01,-1.615734657919691841e-01,1.618955325321950056e+01,5.115678370228091687e-01,8.328270713367739164e-01,2.114176373257775354e-01,6.525780889546695107e+00,3.172547673150486608e-02,-2.641910224564819054e-01,9.639484414529432277e-01,8.722601153478883873e-01
7.247243916582231105e-01,-6.612639285994522664e-01,-1.936609740470059127e-01,1.638726054375919716e+01,6.890382989250677381e-01,6.951504540937172294e-01,2.049196642290464221e-01,6.757850102991858954e+00,-8.824681663718335952e-04,-2.819501071227240030e-01,9.594286624566835675e-01,8.609705283748949611e-01
5.893772292898205034e-01,-7.809617665917542029e-01,-2.067201023522841352e-01,1.660394313538818523e+01,8.019618867103428528e-01,5.347376008108206680e-01,2.662946310819505613e-01,6.979538641158169021e+00,-9.742491395243178809e-02,-3.227296351452284551e-01,9.414637373475358562e-01,8.489003034327734509e-01
5.067888104884539224e-01,-8.366128126949827770e-01,-2.079521656494245363e-01,1.667862935139654823e+01,8.551738008924092416e-01,4.574371735509197290e-01,2.437806442705680310e-01,7.210745870679588165e+00,-1.088249595953294513e-01,-3.013805466322169169e-01,9.472733999647313663e-01,8.519379193517957471e-01
3.883964990306222331e-01,-8.917333968321207172e-01,-2.322922911226315279e-01,1.676819013761785371e+01,9.139753266169823309e-01,3.406547553451062527e-01,2.204618787821232551e-01,7.464375138803176490e+00,-1.174617464374396597e-01,-2.979360445381050160e-01,9.473314369790837297e-01,8.418275259746434980e-01
2.663154801330602783e-01,-9.439319514180970483e-01,-1.951115991772887637e-01,1.684573092090096580e+01,9.496463919171564960e-01,2.222839808699238473e-01,2.208202032589935138e-01,7.642723111916203571e+00,-1.650690623957778713e-01,-2.440948646338980677e-01,9.555992369707808631e-01,8.524945881907071144e-01
1.989883791584737827e-01,-9.610182419331908532e-01,-1.919571921849260454e-01,1.691016024253930539e+01,9.495318603306684979e-01,1.406034286212470286e-01,2.803924429739989010e-01,7.826887266591330494e+00,-2.424724132285168143e-01,-2.380643075548858900e-01,9.404958874399999003e-01,8.338297788968311863e-01
1.616238448344753387e-01,-9.603235771591175363e-01,-2.272803553614695382e-01,1.696435539687823635e+01,9.648295628319140116e-01,1.053854514459410252e-01,2.408273682726081721e-01,8.015583985617068308e+00,-2.073201569228049768e-01,-2.582102511052764560e-01,9.435813789799236684e-01,7.916391457243552310e-01
7.764054528632657881e-02,-9.780679682743027570e-01,-1.932744037978582352e-01,1.698257731868513076e+01,9.678254970124171574e-01,2.740049255278980550e-02,2.501260089245613272e-01,8.226364810995535848e+00,-2.393444234994978603e-01,-2.064758156386368726e-01,9.487265066899172039e-01,7.444230009298352657e-01
-1.486059320677991513e-01,-9.579668856938368116e-01,-2.453889216495117875e-01,1.697365575086887901e+01,9.542452328942748752e-01,-2.040262649639973946e-01,2.186076821691989580e-01,8.524673175764286626e+00,-2.594847056240687788e-01,-2.016748103231790212e-01,9.444548472152075602e-01,6.645176133795459572e-01
-3.427954428800512043e-01,-9.099559810639564761e-01,-2.333910813775887383e-01,1.692914146106003770e+01,8.954803490060360138e-01,-3.916057837371529904e-01,2.115652492439058507e-01,8.720887913070859199e+00,-2.839123612749114289e-01,-1.364735236943067642e-01,9.490883775738510053e-01,6.285026791165633231e-01
-3.995512008366775003e-01,-8.788145572956784779e-01,-2.608520879639797951e-01,1.681106271976192801e+01,8.652978985355259667e-01,-4.555070348825276394e-01,2.092197121748533839e-01,8.864943649044960239e+00,-3.026852898638621725e-01,-1.421207763056697715e-01,9.424347724072497101e-01,5.558795279209356455e-01
-4.811610103613050970e-01,-8.359532629996028197e-01,-2.639436003929686025e-01,1.665359798322513640e+01,8.260476276001066376e-01,-5.331551545852972751e-01,1.827317653703416922e-01,9.135042112668507741e+00,-2.934781065843284908e-01,-1.301065840741443269e-01,9.470706825449916044e-01,5.035710981117812457e-01
-4.986925790769207723e-01,-8.296347803402556176e-01,-2.510215983205091872e-01,1.650371042069495076e+01,8.138178772307271824e-01,-5.478363962219926497e-01,1.938446431402513770e-01,9.290329683890018231e+00,-2.983390257295904791e-01,-1.076169792564042882e-01,9.483735611574409807e-01,4.323515630649562014e-01
-5.458441004056230339e-01,-7.973648003249322880e-01,-2.574171580434277962e-01,1.635906080024563281e+01,7.891314990871181045e-01,-5.924901350501851072e-01,1.619472661600977748e-01,9.461247106792193051e+00,-2.816481762783007992e-01,-1.147380280072477637e-01,9.526329249653909814e-01,3.417917107645322972e-01
-6.070161134188311047e-01,-7.459416386591215531e-01,-2.740483712128924942e-01,1.618522084254961868e+01,7.242970094700521555e-01,-6.612068714687041604e-01,1.954464509662587335e-01,9.638568989705669665e+00,-3.269943120646520152e-01,-7.985327067259474776e-02,9.416465234047516342e-01,3.103043152091911061e-01
-5.811889494118481769e-01,-7.720482627747402571e-01,-2.572175830460582957e-01,1.609809335015463105e+01,7.541781259764749334e-01,-6.297431654416250080e-01,1.861152865247045485e-01,9.800776489641311429e+00,-3.056709985918905081e-01,-8.581972690509692692e-02,9.482616807051585939e-01,2.423367469050392298e-01
-5.218485895662223761e-01,-8.152147568099039621e-01,-2.511950434365922691e-01,1.595041436967558646e+01,7.868405854435811531e-01,-5.737458817487340879e-01,2.273709662097791462e-01,9.952772520805657663e+00,-3.294782886117778586e-01,-7.899723701329210146e-02,9.408525356705591536e-01,1.719033243729197746e-01
-4.878243176496866451e-01,-8.322397942200915333e-01,-2.634470725328243446e-01,1.590564614133764465e+01,8.003869199613447005e-01,-5.468847598431737511e-01,2.455561805495119487e-01,1.020705584476024974e+01,-3.484368141634990312e-01,-9.107131473615184825e-02,9.328975303685936860e-01,1.371439365043533587e-01
-4.165846715477676265e-01,-8.706835155736125653e-01,-2.614716564750588224e-01,1.587267543162031380e+01,8.525059850235490178e-01,-4.740378509196582768e-01,2.202763296282617411e-01,1.046189843116137119e+01,-3.157384311902275420e-01,-1.311424096310724319e-01,9.397398105144268987e-01,1.155624390072463870e-01
-2.886471284798560188e-01,-9.179106854452138142e-01,-2.722550436003509655e-01,1.582948387973381799e+01,8.970781873979692955e-01,-3.586516925570647496e-01,2.581079020888841224e-01,1.073036586550920291e+01,-3.345647335196977323e-01,-1.697319562470424037e-01,9.269614350734591834e-01,4.912860892678505564e-02
-2.879759775785427633e-01,-9.142245325014035640e-01,-2.850672561173425157e-01,1.575544874667119188e+01,9.056192321041180993e-01,-3.567616800704220270e-01,2.292921936666740823e-01,1.102586504161187975e+01,-3.113256217866253728e-01,-1.921317459607274625e-01,9.306781126755128142e-01,-3.648738013801756941e-02
-3.436612353719761259e-01,-8.952655106375027039e-01,-2.835429786920787842e-01,1.564112889645981497e+01,8.627185159732114750e-01,-4.202474466964283284e-01,2.812629476879429102e-01,1.132060422732170046e+01,-3.709632293093020339e-01,-1.479586057250528441e-01,9.167848894328011200e-01,-9.451639209998441427e-02
-4.794695071598112368e-01,-8.224490215087597589e-01,-3.060826664860478719e-01,1.557050273363487669e+01,8.041519530916136915e-01,-5.514175207402046697e-01,2.219872837792006559e-01,1.150873781029531173e+01,-3.513525694268791466e-01,-1.397008405128865594e-01,9.257618738731488994e-01,-1.611751217744752107e-01
-5.945281646206458381e-01,-7.473076207383770875e-01,-2.967618261487653397e-01,1.543504992837594436e+01,7.107904452710478438e-01,-6.609971219304090484e-01,2.405405323663766526e-01,1.166463944839884093e+01,-3.759164859170066597e-01,-6.792734932307570306e-02,9.241605222198959746e-01,-2.109546526729448868e-01
-6.475524516476720560e-01,-6.929573696170128194e-01,-3.169951202440789984e-01,1.529542982033444964e+01,6.527540865491582300e-01,-7.190638415613543888e-01,2.384518698865661090e-01,1.177856129142054797e+01,-3.931767094557648279e-01,-5.250976721044724183e-02,9.179623083161110308e-01,-3.073756849226150223e-01
-6.977769675832079521e-01,-6.504222216254665900e-01,-3.000970461803538214e-01,1.510173764625294268e+01,5.920731839873423219e-01,-7.595024916175665552e-01,2.694537252104655667e-01,1.195610770701283343e+01,-4.031831448777005722e-01,1.033918964415866081e-02,9.150609011667094617e-01,-3.981971076605309023e-01
-7.617682875386601049e-01,-5.742662705020364911e-01,-2.998788533126292566e-01,1.494551483131115965e+01,5.153974049807010793e-01,-8.176475275418219057e-01,2.565502594890581856e-01,1.204938498751653242e+01,-3.925233636862600628e-01,4.087506903266094338e-02,9.188333024504502511e-01,-4.683085431651596853e-01
-8.587559379219397160e-01,-4.165977532572029962e-01,-2.983027842056768519e-01,1.472416324149507716e+01,3.584652083184167726e-01,-9.044641709904169824e-01,2.311866298466465075e-01,1.212916908879241085e+01,-3.661160109979392785e-01,9.160172146671730076e-02,9.260497778819949399e-01,-5.310816166169499697e-01
-9.170684861757031348e-01,-2.126481577052339311e-01,-3.372923845686003341e-01,1.444534685576767963e+01,1.521625711540296189e-01,-9.685422963805460084e-01,1.969070137442851531e-01,1.218671406095384668e+01,-3.685538544137048622e-01,1.292539405452178825e-01,9.205767079664445296e-01,-6.684672032288951904e-01
-9.329456067589437795e-01,-1.416365461175679852e-01,-3.309857755751305364e-01,1.422774146959187824e+01,5.748612438623049853e-02,-9.661715130754824354e-01,2.514119186205824308e-01,1.218936153320992410e+01,-3.553981434000973993e-01,2.155265554991246391e-01,9.095276046071653075e-01,-7.355258850878002574e-01
-9.443764865527179975e-01,-2.485703310655813791e-02,-3.279255701397528755e-01,1.401986070128501360e+01,-5.865840297462362324e-02,-9.684179261006282680e-01,2.423342983719455890e-01,1.213194162704476931e+01,-3.235927122275926715e-01,2.480904035066570368e-01,9.130930447008650530e-01,-8.111393920508181976e-01
-9.479375584746563277e-01,6.503898307562744341e-02,-3.117439909823347954e-01,1.378916191549446779e+01,-1.384286817630827615e-01,-9.657547653375879726e-01,2.194430069359105118e-01,1.211845088126386649e+01,-2.867958948423794396e-01,2.511725779384113566e-01,9.244784750297504461e-01,-8.885251207293171083e-01
-9.162592203911382738e-01,2.166271965666126120e-01,-3.369594912684789056e-01,1.353887976167801632e+01,-2.968512474758452369e-01,-9.319879452471144798e-01,2.080331867421510994e-01,1.206703099780286514e+01,-2.689765378620528891e-01,2.906391708317220268e-01,9.182486016640560855e-01,-9.331320635372160055e-01
-9.089424424705386807e-01,2.304916754092236342e-01,-3.474150598962842951e-01,1.326926482092809856e+01,-3.145798153214824922e-01,-9.260094599387059811e-01,2.086768312399026881e-01,1.199056432166143615e+01,-2.736113595375593843e-01,2.989649940562849051e-01,9.141973289508866785e-01,-9.756500796104171647e-01
-9.004546195348880344e-01,2.612628867414369949e-01,-3.477401072206217636e-01,1.306157858197881616e+01,-3.461702444622306585e-01,-9.145297057027543808e-01,2.092882682717587539e-01,1.189357532817914986e+01,-2.633394007877244425e-01,3.088318659056475401e-01,9.139339355741202819e-01,-1.038426749071666322e+00
-8.898813514802283997e-01,3.289708396322043038e-01,-3.160527914121361581e-01,1.283952572328486141e+01,-3.999278194972852862e-01,-8.958783731404207362e-01,1.935450328254866015e-01,1.181343314645677545e+01,-2.194741886415512988e-01,2.986304190985156204e-01,9.287900480244065671e-01,-1.084866001554103176e+00
-8.494664983452194784e-01,3.935191893202156233e-01,-3.514958261855610222e-01,1.258253945048391209e+01,-4.787743445308721979e-01,-8.548518774810774934e-01,2.000084862852309353e-01,1.172291637875307480e+01,-2.217696895613626706e-01,3.381876922713729083e-01,9.145749228947958054e-01,-1.138584189761627785e+00
-8.743929110992078035e-01,3.768824219691832011e-01,-3.056086992055263019e-01,1.237151902878085252e+01,-4.443371535777467796e-01,-8.749840103296926408e-01,1.922692789235787847e-01,1.160189223840537487e+01,-1.949398137115062046e-01,3.039121940265154809e-01,9.325426785687154219e-01,-1.155106011794945653e+00
-8.580274484915094702e-01,3.820965750655141990e-01,-3.432070875701028201e-01,1.210303817114517066e+01,-4.585760898535517494e-01,-8.708690168979204005e-01,1.769042826555523307e-01,1.145409059315568712e+01,-2.312938984274666432e-01,3.091752945020881937e-01,9.224498738792116237e-01,-1.203393488190101168e+00
-8.623954227627197433e-01,3.854303098689602081e-01,-3.282036121559687158e-01,1.193047695847644718e+01,-4.590911742230902037e-01,-8.686570065463985468e-01,1.861996206449219593e-01,1.137724669049067572e+01,-2.133293897904647574e-01,3.112530822532794117e-01,9.260734799352926538e-01,-1.251891822418242928e+00
-8.701833818462011427e-01,3.734204769912305433e-01,-3.214623295540997017e-01,1.170678567165896311e+01,-4.457929105674018344e-01,-8.745595407387901643e-01,1.908252881318388827e-01,1.129698483170566448e+01,-2.098798771834756716e-01,3.093586220980392154e-01,9.274953800893314115e-01,-1.305201537387739696e+00
-8.515802540364649786e-01,3.807578239893244509e-01,-3.603256171938131192e-01,1.153010031648192424e+01,-4.590708560858649534e-01,-8.735240585897861010e-01,1.618940028457426794e-01,1.117828041575452680e+01,-2.531106873045437800e-01,3.032807256251896511e-01,9.186706599410265905e-01,-1.357669228184913646e+00
-8.561367450791449452e-01,3.263051703100287582e-01,-4.006929117843592847e-01,1.124226542952449748e+01,-4.266466603771746913e-01,-8.838395822502618238e-01,1.918338344419066865e-01,1.110159700254211046e+01,-2.915518837433380139e-01,3.351902872647488096e-01,8.959045542964315656e-01,-1.394076481595156070e+00
-8.614109845072663862e-01,3.187153589011713084e-01,-3.954638235929017198e-01,1.098469852937389390e+01,-4.221723286674995967e-01,-8.821862183229712828e-01,2.086096860370438566e-01,1.098498342323397381e+01,-2.823856240634086134e-01,3.466525583368908481e-01,8.944777040937404999e-01,-1.464285718322097196e+00
-8.594283989374649213e-01,3.516848646714302307e-01,-3.710802919326511851e-01,1.071859249495833133e+01,-4.524194801098239127e-01,-8.612011248955133702e-01,2.316230482828890436e-01,1.087056860490005050e+01,-2.381164444488037546e-01,3.669473782979508214e-01,8.992497875692392340e-01,-1.540441237166717992e+00
-8.470956417852074649e-01,3.903493351631879271e-01,-3.606332904851723420e-01,1.054803643239385558e+01,-4.889322550436185910e-01,-8.383670000657754695e-01,2.410104213071967982e-01,1.078765363345717709e+01,-2.082647921432401739e-01,3.804841254748594914e-01,9.010314126683741653e-01,-1.561329086198692817e+00
-8.840642293152186637e-01,3.097014986261876213e-01,-3.500220281553433344e-01,1.032720088930566149e+01,-4.077461771961538028e-01,-8.771196188724361686e-01,2.537798833063680815e-01,1.065414753015052085e+01,-2.284151777514116521e-01,3.670778608657367936e-01,9.017096820124687051e-01,-1.627873693468174121e+00
-8.936536963053072213e-01,2.376415373500781469e-01,-3.806698974252511469e-01,1.013131005085643288e+01,-3.469666021871764539e-01,-9.038681539573516499e-01,2.502729254801919212e-01,1.056731994580226797e+01,-2.846001546846829156e-01,3.557370658050971191e-01,8.901987935095375670e-01,-1.666359121497682727e+00
-8.986319053059014239e-01,2.260772614399228220e-01,-3.759651188955010492e-01,9.949550020943199513e+00,-3.307234452837594652e-01,-9.121774211254206621e-01,2.419800717592584804e-01,1.053939910055851392e+01,-2.882407006408422290e-01,3.417914923587199727e-01,8.944807847266911249e-01,-1.745755892889945038e+00
-9.058210188518595052e-01,1.257821485575257303e-01,-4.045579475309187822e-01,9.745063991847310092e+00,-2.406381409446203545e-01,-9.386733038927191908e-01,2.469528572052620552e-01,1.051354168291415547e+01,-3.486854842532083887e-01,3.210471611202602160e-01,8.805379908940493827e-01,-1.836577004601853025e+00
-9.002942532009530208e-01,-1.928187523015789939e-01,-3.902450338110639572e-01,9.568395718677624728e+00,8.064662838154007529e-02,-9.549011802608310395e-01,2.857618891090280555e-01,1.064258875756046407e+01,-4.277456942904591108e-01,2.257978403292036085e-01,8.752422272254934965e-01,-1.932047065109038009e+00
-8.530350700920233953e-01,-3.501341690070254864e-01,-3.869589550415578616e-01,9.448137249895070866e+00,2.516749017880213213e-01,-9.256000701184491364e-01,2.827087795005855386e-01,1.068965869680845948e+01,-4.571552395008569580e-01,1.437726465308327706e-01,8.776893032881487589e-01,-1.977183443754898962e+00
-7.552006568936295849e-01,-5.217627449083392932e-01,-3.967815593662885054e-01,9.297688016031623093e+00,4.409986104212479940e-01,-8.522659177840032907e-01,2.813592560949751409e-01,1.080832913406357498e+01,-4.849661776185616446e-01,3.750257870471859767e-02,8.737284264326872218e-01,-2.063646564649925796e+00
-7.098719309881597050e-01,-6.015535408887656699e-01,-3.663538986271713260e-01,9.180539733318751061e+00,5.348020922547451761e-01,-7.988323749846260036e-01,2.754152479373062068e-01,1.091908220077124447e+01,-4.583323725366651447e-01,-4.172776146562643860e-04,8.887807728367584925e-01,-2.107419558353699429e+00
-6.571733272786424163e-01,-6.630939457134308324e-01,-3.583708094581785075e-01,9.034719973368545709e+00,5.944570812424433415e-01,-7.482811883416313758e-01,2.944419157232038287e-01,1.112553272775549473e+01,-4.634047868486398380e-01,-1.953669194688565508e-02,8.859313298408297843e-01,-2.200106721028786350e+00
-6.527538392428473557e-01,-6.789385510167340598e-01,-3.360875917034408800e-01,8.874325956359486511e+00,6.056935390926982965e-01,-7.341875706137251933e-01,3.067636677601790485e-01,1.123554768953841076e+01,-4.550250125598425677e-01,-3.324920993325185432e-03,8.904724492342843689e-01,-2.256274447850384668e+00
-6.857470500705579175e-01,-6.466228486223833949e-01,-3.341105729530272073e-01,8.725268659444960662e+00,5.610374037433140115e-01,-7.620399725582042150e-01,3.233142617090257187e-01,1.131631613301931161e+01,-4.636680007510646795e-01,3.426327279994690472e-02,8.853462674098474539e-01,-2.354431963959048080e+00
-7.902765740917873094e-01,-5.031777282199930701e-01,-3.496785813645335028e-01,8.551349339541671313e+00,3.988869441819195005e-01,-8.556518625941617051e-01,3.297712780100040542e-01,1.137312676427757552e+01,-4.651366919551257473e-01,1.211282950532487496e-01,8.769126489762464338e-01,-2.434684022480190890e+00
-8.798985364413833832e-01,-2.865384955310175674e-01,-3.790438710058910421e-01,8.323700861186837940e+00,1.914331994991806118e-01,-9.438831012052663061e-01,2.691431243569772369e-01,1.143554443033975687e+01,-4.348929703936560975e-01,1.642570602377529942e-01,8.853743403014544544e-01,-2.507756592127885487e+00
-8.962274149758089337e-01,-3.419387829189220185e-02,-4.422750268024820963e-01,8.139166548085619013e+00,-1.007044018929447726e-01,-9.553092205070133902e-01,2.779260992668126651e-01,1.145859750617969475e+01,-4.320127823168684600e-01,2.936240315465358797e-01,8.527308391357725226e-01,-2.542481629281957645e+00
-8.811210061378871305e-01,1.238537503508011783e-01,-4.563836336533082516e-01,7.991668945910605615e+00,-2.670161691880634236e-01,-9.268277181581908719e-01,2.639938375148410676e-01,1.137501691318192520e+01,-3.902923749379272889e-01,3.544723252635139099e-01,8.497183254982747513e-01,-2.614892259614112646e+00
-8.836034123779430427e-01,1.723361755340142021e-01,-4.353679504009940193e-01,7.707947815636671862e+00,-3.069599882614801323e-01,-9.153292833362326464e-01,2.606681197877683820e-01,1.123629609831695930e+01,-3.535824871802409342e-01,3.639677810871286834e-01,8.616883886243035251e-01,-2.677333966923970632e+00
-8.695322878329431182e-01,2.048384037434184957e-01,-4.493938459390094398e-01,7.516036396754803839e+00,-3.427611813991970346e-01,-9.054040260702028720e-01,2.505161114613068118e-01,1.114549038564215344e+01,-3.555676770206100401e-01,3.718666130855466934e-01,8.574886874650029522e-01,-2.732198396210237856e+00
-8.737040356772812766e-01,2.457609982539543381e-01,-4.198128032569398704e-01,7.324087194687415092e+00,-3.782416320244689212e-01,-8.858872928219718723e-01,2.685832686896636456e-01,1.105053011823211406e+01,-3.058995355418124285e-01,3.934529656182273460e-01,8.669603439613183804e-01,-2.762479301214008309e+00
-8.685915904090293349e-01,2.779773001350639428e-01,-4.102161255732540979e-01,7.125396465498161191e+00,-4.025423159446966936e-01,-8.785908936247057710e-01,2.569780642654559411e-01,1.093316071283224389e+01,-2.889780838482240988e-01,3.883383347666847785e-01,8.750342877887981041e-01,-2.784056263352760574e+00
-8.726658985539815783e-01,2.344331879069025681e-01,-4.283635254182794894e-01,6.957738692629614974e+00,-3.644641888163266952e-01,-8.965144559968515336e-01,2.518485363450144732e-01,1.084492723085891619e+01,-3.249924377142139331e-01,3.759027940791027089e-01,8.678000949712431078e-01,-2.844979488833148551e+00
-9.070118974622615182e-01,5.379027620879692911e-02,-4.176553891036096644e-01,6.724133050350657115e+00,-1.974116644690681044e-01,-9.303850618166337183e-01,3.088887687825676576e-01,1.081337605607765440e+01,-3.719651228186033332e-01,3.626158338156786898e-01,8.544891482474797906e-01,-2.883936131588905827e+00
-9.025216488219273137e-01,-6.363745997191508352e-02,-4.259165964083468925e-01,6.586868297634485891e+00,-8.163215908199507320e-02,-9.458089292598965692e-01,3.142954977976292752e-01,1.076854318099664098e+01,-4.228366871634486879e-01,3.184269822432931329e-01,8.484181710501439433e-01,-2.920282990461247952e+00
-9.208648131089001154e-01,-1.276312024996567041e-01,-3.683996092918665477e-01,6.449461075573326596e+00,-1.253396582335952747e-02,-9.347206648739242452e-01,3.551621859916785917e-01,1.079901040910205801e+01,-3.896805046171127884e-01,3.316738681387791376e-01,8.591516452380301150e-01,-2.951786195625629272e+00
-9.184097025761425170e-01,-2.332000929774021014e-01,-3.195955801467384449e-01,6.255896351649624876e+00,1.269291574352779117e-01,-9.387888614755399708e-01,3.202568696565770145e-01,1.082379278121232247e+01,-3.747167025991373634e-01,2.535610187011992367e-01,8.917926903649981973e-01,-3.047249697811628799e+00
-8.212573434393261040e-01,-4.820202355470940558e-01,-3.052750700108060600e-01,6.138052124971986601e+00,3.576764747685881041e-01,-8.518054369550597249e-01,3.827467007969046486e-01,1.087863243095482524e+01,-4.445266192750388368e-01,2.051438278304336948e-01,8.719587688984977714e-01,-3.095220025687910770e+00
-7.097912695668536776e-01,-6.219796051587903607e-01,-3.306625536905975493e-01,6.046598943916221991e+00,5.087585242434138344e-01,-7.773180755039165168e-01,3.700559059176747323e-01,1.092972272002389111e+01,-4.871972061253401765e-01,9.443505843383151466e-02,8.681710096992777403e-01,-3.144265208997647498e+00
-5.359674739344181260e-01,-7.798368413845262470e-01,-3.234089790091832506e-01,5.938003857657794704e+00,6.881639077372835311e-01,-6.254645465611741173e-01,3.677288907371519255e-01,1.110822003044945205e+01,-4.890493870480877581e-01,-2.546766213118782304e-02,8.718842212206063813e-01,-3.245690494435385265e+00
-4.768207243674169593e-01,-8.006303720092825538e-01,-3.628126296451213428e-01,5.832187548168272784e+00,7.097641749570078318e-01,-5.941794437243236304e-01,3.783987375812072340e-01,1.128603397406913444e+01,-5.185333284961827216e-01,-7.708304659086487320e-02,8.515758281955533304e-01,-3.320376766336059493e+00
-4.555026176364603274e-01,-8.122908748193938822e-01,-3.642813473285103076e-01,5.776603585691902687e+00,7.044684098208630063e-01,-5.790726151777256803e-01,4.103646743028621091e-01,1.140317042671356873e+01,-5.442808327424342174e-01,-6.970251814943019542e-02,8.360023529110626184e-01,-3.402812978511994935e+00
-4.215335072866452371e-01,-8.538660693645854227e-01,-3.053231694819296682e-01,5.688616495121147310e+00,7.770909549823051821e-01,-5.136765886824007366e-01,3.636839423514605651e-01,1.158357147795280362e+01,-4.673747424918348603e-01,-8.395890558769193712e-02,8.800634933078466116e-01,-3.485347946372149952e+00
-3.916444696141215265e-01,-8.729453587127224967e-01,-2.908281453411756812e-01,5.570592743402928981e+00,7.906253700289049835e-01,-4.809569156599374784e-01,3.789353105023818835e-01,1.177922677355157788e+01,-4.706656283258111584e-01,-8.152819132541966329e-02,8.785368633881432965e-01,-3.569667951089873004e+00
-4.239030829128684341e-01,-8.587731292234791480e-01,-2.877757613501831235e-01,5.434462041340329286e+00,7.448853556954483368e-01,-5.113132736528882560e-01,4.286076796521868792e-01,1.195158313704191499e+01,-5.152203248780382605e-01,-3.267183358916668501e-02,8.564348008590568773e-01,-3.721311336356646571e+00
-4.531792663703527180e-01,-8.453560000308475431e-01,-2.828458692360080184e-01,5.330190002396467008e+00,7.206100295207832351e-01,-5.341917777062081818e-01,4.419958483799780735e-01,1.219170766906585968e+01,-5.247377801207807613e-01,-3.518215872411370893e-03,8.512566500597762431e-01,-3.813631017512613131e+00
-4.310987109528341965e-01,-8.447132319008947565e-01,-3.171962440924359639e-01,5.211384265117469994e+00,7.172275713592530799e-01,-5.341025289380979535e-01,4.475702173559312214e-01,1.238626736976293152e+01,-5.474838009447516862e-01,-3.455494803167308976e-02,8.361025315531690483e-01,-3.943664799060709214e+00
-4.327074847595286378e-01,-8.530040977841470973e-01,-2.918017165757147979e-01,5.093587224598515206e+00,6.794890622218269227e-01,-5.212992980844854962e-01,5.162767243809510687e-01,1.264666893020614147e+01,-5.925021915182970833e-01,2.512072809601793161e-02,8.051770625557730376e-01,-4.034700176297572050e+00
-4.494381485079232963e-01,-8.488703059926142602e-01,-2.782526806156116472e-01,5.008201592522288692e+00,7.018705605103695566e-01,-5.282426638307133882e-01,4.778466327158652494e-01,1.274953962127417562e+01,-5.526147545574853215e-01,1.946514097137184637e-02,8.332094822626162633e-01,-4.108928910563886205e+00
-5.138404661206233959e-01,-8.086962349582582643e-01,-2.863186597853452642e-01,4.886190701556170524e+00,7.049980641207691523e-01,-5.882239519729619559e-01,3.961947903636263146e-01,1.287756056947477390e+01,-4.888207288596796984e-01,1.726814884686702061e-03,8.723825497724307931e-01,-4.201622768415528064e+00
-6.297524254828525958e-01,-7.174851395227280770e-01,-2.977028000582357392e-01,4.713256888938999190e+00,5.790210230219031695e-01,-6.890529731100750732e-01,4.358218158225151129e-01,1.301643701513607709e+01,-5.178286758157885084e-01,1.020836657463652375e-01,8.493717605917054936e-01,-4.289677354831965772e+00
-6.713422837412980071e-01,-6.596831609355666703e-01,-3.378130625643066542e-01,4.593205797527279088e+00,4.933006658641310160e-01,-7.378934811378390357e-01,4.606166123277427027e-01,1.304032750613246350e+01,-5.531310795092096999e-01,1.425879997487132234e-01,8.208012373337648659e-01,-4.357872376943229931e+00
-7.206064679954170549e-01,-6.082580139196246405e-01,-3.327889823682897430e-01,4.478338079608146671e+00,4.418861176882066810e-01,-7.727684004551605979e-01,4.555937425518662431e-01,1.313219714838167818e+01,-5.342873545926518641e-01,1.812489662329813123e-01,8.256426799541454198e-01,-4.345762588086844680e+00
-6.385962937094477043e-01,-6.890191954757283188e-01,-3.427058825385623231e-01,4.368166256027889105e+00,5.016541458263386044e-01,-7.104394731257189788e-01,4.935776261137619914e-01,1.321429289341602242e+01,-5.835562454775059527e-01,1.432770159196120885e-01,7.993333504073064644e-01,-4.392105279910552440e+00
-5.464574401693783612e-01,-7.619361731454942221e-01,-3.476169359164302253e-01,4.343885828093751122e+00,5.520681911572637990e-01,-6.398482793027854276e-01,5.346165839044003665e-01,1.334089459381673670e+01,-6.297658123428714338e-01,1.002369568854823145e-01,7.702905776903044011e-01,-4.477571605671544219e+00
-4.581483859335335751e-01,-8.173809271493689410e-01,-3.492684875549663115e-01,4.278361730755848136e+00,6.100681595801690227e-01,-5.749261955425916115e-01,5.452308780190151527e-01,1.346756707218865223e+01,-6.464649233585400001e-01,3.671906332352757596e-02,7.620595864206953785e-01,-4.544189221359323128e+00
-3.565726177107592654e-01,-8.729877728792713176e-01,-3.327886967764744908e-01,4.244830969852984026e+00,6.357965182437583795e-01,-4.877390422522107083e-01,5.982252201738148534e-01,1.359765140626135782e+01,-6.845573428778705116e-01,1.724838016612045529e-03,7.289569735216251400e-01,-4.613696366178487551e+00
-2.608218982606148595e-01,-9.144855883822842202e-01,-3.093348445113068834e-01,4.226026753816329418e+00,6.622489224966596755e-01,-4.026324675672258713e-01,6.319125419808809818e-01,1.371844501456044618e+01,-7.024231645096437049e-01,-4.004003873414099107e-02,7.106324600371329847e-01,-4.704811005164005522e+00
-1.186820787996175908e-01,-9.501209785384295836e-01,-2.884175624211812172e-01,4.203481853746843910e+00,7.132570666344251187e-01,-2.836574526595733170e-01,6.409390036865723062e-01,1.383471532584088948e+01,-6.907813844248090751e-01,-1.296478911971049863e-01,7.113455582487943074e-01,-4.776221853671282602e+00
-7.987420288632404719e-03,-9.668101493315962580e-01,-2.553709777295507521e-01,4.122598878507086617e+00,7.686452746138926484e-01,-1.692882863168331808e-01,6.168678285740327727e-01,1.403409965581222707e+01,-6.396253926564089420e-01,-1.913625126959922762e-01,7.444862294252404533e-01,-4.843661437881195297e+00
4.977940054139354600e-03,-9.694208931666734586e-01,-2.453535245411078980e-01,4.036063642338469037e+00,7.919493184274550845e-01,-1.459865446141190570e-01,5.928779012865278419e-01,1.418895294326661194e+01,-6.105665378606212057e-01,-1.972588671861329190e-01,7.670055033448840431e-01,-4.923832779249429414e+00
-4.371072164647369501e-02,-9.686597045255104232e-01,-2.445153362095979221e-01,3.980049612509107160e+00,8.284873904006907486e-01,-1.719200271500923305e-01,5.329654287210037200e-01,1.438845143245201896e+01,-5.582992179469681293e-01,-1.792815693072203620e-01,8.100370992408586490e-01,-5.096571648585393355e+00
-3.715544860863318616e-02,-9.713902760945157810e-01,-2.345642857463788866e-01,3.955455995646613765e+00,8.347830394753066319e-01,-1.592009079996357934e-01,5.270600989417228988e-01,1.460780473896617515e+01,-5.493239023045132230e-01,-1.762271329878265236e-01,8.168153083505678147e-01,-5.194586264596499525e+00
-2.466432803333898707e-02,-9.667093434233058336e-01,-2.546855242465544955e-01,3.952829435098395017e+00,8.124206583552490146e-01,-1.678398573231049962e-01,5.583927436593191240e-01,1.481088201908907998e+01,-5.825498646470411712e-01,-1.931393994808882908e-01,7.895142985202208141e-01,-5.339563700350772990e+00
1.128077441925644936e-01,-9.761663612243766108e-01,-1.854013162416662530e-01,3.938780060524314841e+00,8.347768374231817612e-01,-8.092374182322278203e-03,5.505289685219503237e-01,1.500699106999091192e+01,-5.389081967756047531e-01,-2.168726554779341897e-01,8.139681853451127269e-01,-5.433943797857919478e+00
1.200949197666116575e-01,-9.790758233745935346e-01,-1.642794641140830902e-01,3.941145577804058053e+00,8.360073628498817522e-01,1.049314553250560618e-02,5.486178844675211330e-01,1.511633400675570016e+01,-5.354146986281151932e-01,-2.032250623820618107e-01,8.197747706002985746e-01,-5.510079018329509637e+00
8.545214237131806834e-02,-9.798023612907251767e-01,-1.807906639549421435e-01,3.900510824702628554e+00,8.509590604252653678e-01,-2.260940935694949819e-02,5.247451687139940146e-01,1.525185135188079322e+01,-5.182341255111436729e-01,-1.986860523983672300e-01,8.318396742991127635e-01,-5.595729457833977349e+00
1.953080237546083765e-03,-9.764621707770798631e-01,-2.156798889996380253e-01,3.907942951455734448e+00,8.320991550197287534e-01,-1.180346726400836183e-01,5.419214078353062902e-01,1.536491961150217911e+01,-5.546234593785566158e-01,-1.805254693832942792e-01,8.122828160258619423e-01,-5.657116572588657633e+00
-1.611852179274495811e-01,-9.585980818145080073e-01,-2.347531534681141230e-01,3.811743978136886035e+00,7.869488157944369844e-01,-2.683829895354256090e-01,5.555916956252671124e-01,1.546352359034776036e+01,-5.955928868290925049e-01,-9.518554758770253477e-02,7.976269959630362116e-01,-5.760945179006260908e+00
-3.207741622428393891e-01,-9.188000060111943812e-01,-2.300227940688300832e-01,3.687227243211961714e+00,7.399209021498023287e-01,-3.946973106515238583e-01,5.447302924624954912e-01,1.558018222244546003e+01,-5.912875741965374354e-01,4.536729910526707613e-03,8.064480285067932019e-01,-5.850651883933396746e+00
-4.868688809908287563e-01,-8.376845019939330728e-01,-2.474739740698247703e-01,3.497482105793097151e+00,6.277911888694668319e-01,-5.325788932914210516e-01,5.676600616551645828e-01,1.561457129360723428e+01,-6.073194512779895859e-01,1.210140386056878098e-01,7.851870392204287619e-01,-5.918274269877572991e+00
-5.804305277551735642e-01,-7.675133467037722479e-01,-2.720729039824131279e-01,3.356914019344162892e+00,5.519157610296852035e-01,-6.164569218730340250e-01,5.615780054470137506e-01,1.568265127622753852e+01,-5.987398393099233607e-01,1.757956942202978379e-01,7.814131293475501394e-01,-6.038431260342163931e+00
-6.543405639762158721e-01,-7.032067931472486544e-01,-2.780982423656214730e-01,3.235839630080532991e+00,4.929558214618421919e-01,-6.755398184668472972e-01,5.483069503048981774e-01,1.578151553944368146e+01,-5.734396083478771056e-01,2.216893315821465704e-01,7.886829881774393147e-01,-6.101716919948158235e+00
-7.002787175092628491e-01,-6.422149283505457218e-01,-3.117205537132306525e-01,3.074018228622146687e+00,4.131138992008922539e-01,-7.206896646819707097e-01,5.567255279827056924e-01,1.583591721227381832e+01,-5.821912263944002408e-01,2.610869453348623748e-01,7.699915472815888062e-01,-6.224219628464535248e+00
-7.143593462054013132e-01,-6.301544722674354837e-01,-3.042960163563417919e-01,2.863803075059225822e+00,4.293993604119929475e-01,-7.380873214394688686e-01,5.204260708381933664e-01,1.592542888285127844e+01,-5.525458476604103719e-01,2.411067129128869613e-01,7.978475037383908619e-01,-6.349214351093195319e+00
-7.625182986635410387e-01,-5.501199070107746225e-01,-3.404907225075493593e-01,2.619773889669307021e+00,3.530061393223278832e-01,-7.948162922787791462e-01,4.936129324976791244e-01,1.598449658694041453e+01,-5.421738741437124309e-01,2.561935780589913447e-01,8.002576714767123400e-01,-6.441538119296404297e+00
-8.164121932142182070e-01,-4.527820069531808267e-01,-3.584125903907356414e-01,2.405360771139550824e+00,2.558257081100206443e-01,-8.400179104963110266e-01,4.784591070461683970e-01,1.601139538581270827e+01,-5.177106700089872948e-01,2.989286942146217596e-01,8.016341421957942082e-01,-6.538917257054649212e+00
-8.851126691808909319e-01,-3.205574781105844928e-01,-3.373699246863273160e-01,2.176218474828985450e+00,1.335553157145097369e-01,-8.694121886911088115e-01,4.756946749751694292e-01,1.603152830314525445e+01,-4.458010099807692694e-01,3.759858366783456751e-01,8.123398981444962530e-01,-6.579567577929035238e+00
-9.020939012265041246e-01,-1.617622908612693922e-01,-4.000744363556080763e-01,1.982944408926598845e+00,-5.474256839881969788e-02,-8.767007123815721004e-01,4.779111968919992348e-01,1.604064605341716288e+01,-4.280535533961190020e-01,4.530218782409476397e-01,7.820110825685272493e-01,-6.658965080153963711e+00
-9.159955499885586994e-01,-1.264100607246599062e-01,-3.807527399096989895e-01,1.780767397580292011e+00,-7.000770377963787261e-02,-8.841362513567653236e-01,4.619545545270745124e-01,1.598274168585540522e+01,-3.950330034473798491e-01,4.498039412726309028e-01,8.010151937403872102e-01,-6.768727562604693659e+00
-9.401082395816164894e-01,2.810650071484031495e-02,-3.397153550964658320e-01,1.508296409999418497e+00,-1.870617847641094789e-01,-8.756662548546952918e-01,4.452151151854759070e-01,1.588570186703701204e+01,-2.849638337607372507e-01,4.820981588082624558e-01,8.284787134996688396e-01,-6.835257946729536904e+00
-9.057605948283486974e-01,1.934237255235676245e-01,-3.770742728704478131e-01,1.346888415780227000e+00,-3.663666393413383959e-01,-8.046113484095075430e-01,4.673072475239032908e-01,1.578330151681219817e+01,-2.130099303645887066e-01,5.614159246184738938e-01,7.996492538299884156e-01,-6.856653535372990937e+00
-8.373450764880310260e-01,4.100418679547926937e-01,-3.615506733576848708e-01,1.097005533819767731e+00,-5.427780072369373654e-01,-7.024117550314249447e-01,4.604451772508553198e-01,1.560577797121032440e+01,-6.515564243524896160e-02,5.817932561639196365e-01,8.107227327150965390e-01,-6.846803713482637832e+00
-7.473239856972964112e-01,5.441004018172340695e-01,-3.813943014045031998e-01,9.038342619060579786e-01,-6.643819127485031117e-01,-6.030930919963988224e-01,4.414469349750459459e-01,1.542735095670058065e+01,1.017518619706010534e-02,5.832953583979096912e-01,8.121963989438203413e-01,-6.842228501068507995e+00
-7.062039527242932602e-01,5.918756569760663666e-01,-3.885346623349474893e-01,6.841534213616934368e-01,-7.075998972298149781e-01,-5.713861608894803545e-01,4.157165387428494729e-01,1.525867412383212240e+01,2.404917040018359278e-02,5.685077500114918969e-01,8.223263194012059296e-01,-6.844674908855828299e+00
-7.393414970534384345e-01,5.808604016000086245e-01,-3.405515300036907611e-01,5.087827712240367006e-01,-6.702307492153343205e-01,-5.863933357036816840e-01,4.548995478658556801e-01,1.511862596920979662e+01,6.453598640316621227e-02,5.645742198288761227e-01,8.228554288352155632e-01,-6.796173921991417899e+00
-6.894170907658685454e-01,6.303611965527050609e-01,-3.568596878894639279e-01,3.853859528055044725e-01,-7.197193597817796995e-01,-5.403979504245604026e-01,4.358601820908152291e-01,1.498752655873556883e+01,8.190310198783115614e-02,5.573282848174622162e-01,8.262427396517302292e-01,-6.725178621708147730e+00
-6.213607135585896835e-01,6.901697424591559660e-01,-3.709131842356374054e-01,2.411722387238649790e-01,-7.685240976980114436e-01,-4.446609332704024031e-01,4.600514815545660441e-01,1.471456058928538191e+01,1.525830098779523691e-01,5.709136370914212888e-01,8.067069133704196648e-01,-6.670869947571137715e+00
-5.382106790065975810e-01,7.570848182626208622e-01,-3.703401719493967792e-01,1.353189693054648313e-01,-8.175994405266837628e-01,-3.623351234896860507e-01,4.474867742583762409e-01,1.448395949657590620e+01,2.045981912278526105e-01,5.436320780104556549e-01,8.140047566840903359e-01,-6.600375892903494801e+00
-4.705848416214113428e-01,8.058423152079079443e-01,-3.593995963499502788e-01,6.649896472842174722e-02,-8.526529676181969775e-01,-3.105182019522677028e-01,4.201920549798768834e-01,1.429733792654728752e+01,2.270084219759947730e-01,5.041791440318481587e-01,8.332290003806166467e-01,-6.532501200293754806e+00
-4.199790707738944584e-01,8.381667793213883888e-01,-3.479856752136566977e-01,1.018785097523298988e-02,-8.724073008103579996e-01,-2.672184316032954476e-01,4.092674080650199886e-01,1.410097618625544058e+01,2.500461589480626468e-01,4.754689893710036808e-01,8.434489661750950162e-01,-6.418694383981545570e+00
-3.113653652963617180e-01,8.788979864928254671e-01,-3.613722992050132365e-01,1.656153516481866095e-02,-8.979403187117306340e-01,-1.476355129476675798e-01,4.146166173087538209e-01,1.392347931175833864e+01,3.110543253609195924e-01,4.535880120280227357e-01,8.351665235261345188e-01,-6.339710504942661196e+00
-4.996992996128908626e-02,9.402775695091049046e-01,-3.367210988009385342e-01,4.326234848500283559e-02,-8.992300203916265833e-01,1.043530376589378444e-01,4.248479892359452448e-01,1.364712839677224743e+01,4.346129042333380377e-01,3.240193448073739879e-01,8.403113040203988859e-01,-6.198293329216752134e+00
1.479941334881220982e-01,9.388186043184385543e-01,-3.109941553127262281e-01,7.208096737456828884e-02,-8.460413489733329406e-01,2.830275827983320669e-01,4.517847089075890388e-01,1.345929839087812319e+01,5.121638139116048150e-01,1.962524281656393976e-01,8.361657803083126783e-01,-6.050608615287372594e+00
3.617613611506642068e-01,8.773649872311990450e-01,-3.152132560017324447e-01,1.537141667612678397e-01,-7.801797193069258674e-01,4.700027376696482295e-01,4.128159785730211029e-01,1.327887332368048945e+01,5.103413790401316597e-01,9.658211927593465806e-02,8.545311995916742287e-01,-5.933689609154003008e+00
4.305381855229593047e-01,8.483615341065107174e-01,-3.080902112288586014e-01,2.809833098811473917e-01,-7.338312805420896812e-01,5.277546610763472756e-01,4.277460337748856256e-01,1.309929950866519199e+01,5.254793264292638710e-01,4.192523298247485819e-02,8.497727651171296248e-01,-5.794206042850120753e+00
5.033418238150147994e-01,8.049812793983150971e-01,-3.140893952632332065e-01,3.934513066421190253e-01,-6.906556933036316348e-01,5.932357612751270048e-01,4.136013114722912332e-01,1.297927605209205559e+01,5.192703743772145719e-01,8.744790596102077970e-03,8.545652736518011272e-01,-5.656936788020844098e+00
5.676613569326738329e-01,7.666125321260677250e-01,-3.001096623446360412e-01,5.432442717285591582e-01,-6.477575281801167817e-01,6.408988428428721296e-01,4.118966592831891926e-01,1.288695242271311514e+01,5.081050762699961254e-01,-3.941952346139913216e-02,8.603925456666495775e-01,-5.561125154485862865e+00
6.701548116022406631e-01,6.732761879775363001e-01,-3.123967080313099220e-01,6.894679153287129880e-01,-5.404685465770665553e-01,7.311380227709249890e-01,4.163303277681011938e-01,1.279389183646449268e+01,5.087104074493032924e-01,-1.101651776245883840e-01,8.538602666664533158e-01,-5.415233791619302295e+00
7.570904359817542950e-01,5.891622063493254791e-01,-2.823153668409651429e-01,8.522548488390538912e-01,-4.674573965208000947e-01,7.904065753177831333e-01,3.959053272341860885e-01,1.269923793206569229e+01,4.563963783630956006e-01,-1.677657304219365986e-01,8.738174898186944484e-01,-5.295464682528331579e+00
7.392048869185208204e-01,6.130180815539443273e-01,-2.788995640794287856e-01,9.716188041025357602e-01,-4.902999987079176281e-01,7.737399383336985847e-01,4.011638307404832293e-01,1.263742276485661797e+01,4.617164134214748472e-01,-1.597978082305365477e-01,8.725151082141365810e-01,-5.216135139503004226e+00
7.119070008279884121e-01,6.212531537656057479e-01,-3.274644119723300051e-01,1.138392222650529639e+00,-4.945064626945842590e-01,7.745471740681549866e-01,3.943856405807943943e-01,1.256123556375840167e+01,4.986499579117455450e-01,-1.188326305326990184e-01,8.586192551971411069e-01,-5.096217784695036279e+00
7.362702635819045049e-01,5.981228066433801338e-01,-3.164730749022348077e-01,1.323750169266021848e+00,-4.847299799740898418e-01,7.925074047432733026e-01,3.700930422763966665e-01,1.244316887663154070e+01,4.721683444274391017e-01,-1.190845145269721767e-01,8.734276918672355672e-01,-4.944395768619145315e+00
7.810330720117353298e-01,5.502143818659552821e-01,-2.953836055230101842e-01,1.406007324713408613e+00,-4.359017527387691882e-01,8.190380811869010236e-01,3.730499745676803536e-01,1.236999214392095858e+01,4.471878826435012333e-01,-1.626061362727174164e-01,8.795352420814533945e-01,-4.800991450673796734e+00
7.762682220302907776e-01,5.650283491185649209e-01,-2.795543098545921756e-01,1.475003774674163326e+00,-4.480867876217887735e-01,8.064725375211390102e-01,3.857723123592461945e-01,1.229137519199915118e+01,4.434251664313997865e-01,-1.741981943550553191e-01,8.792207406895745647e-01,-4.740984935419797708e+00
7.303793413829547942e-01,6.310584022953451555e-01,-2.613643253648910703e-01,1.585884761852331959e+00,-5.337253676444714268e-01,7.660663373720402181e-01,3.581614142787579724e-01,1.219818027863361998e+01,4.262431813105902467e-01,-1.220969272251807847e-01,8.963309047156616804e-01,-4.668655521891082572e+00
6.052437443863017963e-01,7.394768677458835038e-01,-2.947099793864860762e-01,1.629694356521391496e+00,-6.509221571330950917e-01,6.728568294782787396e-01,3.515167597393266674e-01,1.203629002957586991e+01,4.582361347978192723e-01,-2.092006436826818888e-02,8.885842648125065191e-01,-4.549643348623630068e+00
5.728486530003467081e-01,7.660019444739200045e-01,-2.916940894462189404e-01,1.669476286928033737e+00,-6.827589455619177405e-01,6.428382161110787196e-01,3.472740274801771054e-01,1.201539137362605025e+01,4.535246884248578247e-01,2.212900729196882088e-04,8.912436861037723590e-01,-4.514932039945301234e+00
5.186971346864529542e-01,8.036416979980308684e-01,-2.917418442851527072e-01,1.742282330727487505e+00,-7.361526867354089010e-01,5.933428634365073284e-01,3.256124509615742624e-01,1.190735563725078983e+01,4.347786842524599127e-01,4.587229717165711845e-02,8.993682383050310980e-01,-4.436038201590124075e+00
4.873125487697712588e-01,8.301966227130396225e-01,-2.707398150390319391e-01,1.756654402634325818e+00,-7.480792602291169713e-01,5.568347187652705754e-01,3.609882496600929636e-01,1.182966762790725390e+01,4.504485544727211965e-01,2.662073653116884750e-02,8.924054214088875669e-01,-4.377928219770682361e+00
4.644384737919228789e-01,8.442205229788887211e-01,-2.675604840836515175e-01,1.796958485233627334e+00,-7.678026898613365958e-01,5.344024764887955747e-01,3.534020692700268751e-01,1.175993656382080133e+01,4.413342650458075833e-01,4.130014169335056301e-02,8.963918589504180634e-01,-4.327629492407837120e+00
4.440157199583554815e-01,8.558296117129924330e-01,-2.653407547759081275e-01,1.901112702935429999e+00,-7.798974322450321628e-01,5.149361570202863891e-01,3.558099905438051325e-01,1.160905823955661553e+01,4.411462746158762993e-01,4.895334420000647946e-02,8.960990651061798706e-01,-4.254531146502009697e+00
5.155686947273447895e-01,7.949782252942863003e-01,-3.196850674102337253e-01,2.050621895161046204e+00,-7.076048666940383258e-01,6.054239994213829190e-01,3.643585233743376617e-01,1.146529386667446637e+01,4.832021043497756185e-01,3.835886120000349397e-02,8.746681222723208249e-01,-4.105564990107814616e+00
5.739083951894771163e-01,7.690814982033014058e-01,-2.813233069839772837e-01,2.176434599971998729e+00,-6.765257862543498923e-01,6.388403581361098427e-01,3.663275274251976410e-01,1.129838735874759692e+01,4.614564058109604794e-01,-1.991597192931495591e-02,8.869393099858304819e-01,-4.006266524740084378e+00
6.488537112779860783e-01,7.083081110516830092e-01,-2.780080595579517144e-01,2.356017268545756771e+00,-6.214862968829369949e-01,7.041250613720332341e-01,3.434569561598115883e-01,1.119178658443401631e+01,4.390257898432791128e-01,-5.007512123025151252e-02,8.970779442647449642e-01,-3.917506587739304713e+00
7.545551931951057778e-01,6.013189724339038644e-01,-2.627964113402764812e-01,2.495982667186132264e+00,-4.976017953490687318e-01,7.853503681749197662e-01,3.682624776879933615e-01,1.107329905255626556e+01,4.278304730704411973e-01,-1.471063989041578313e-01,8.918075990446446832e-01,-3.791533806022522324e+00
8.048759037132899863e-01,5.460951010160794983e-01,-2.322819843809456886e-01,2.645558626556560267e+00,-4.537779860271954901e-01,8.185905245358151561e-01,3.521293690354150852e-01,1.098216572586635920e+01,3.824399547887414874e-01,-1.780159930635838716e-01,9.066697233252977162e-01,-3.687345012246491027e+00
7.939366606306842433e-01,5.596074807619326741e-01,-2.377057979559568102e-01,2.798463427674576565e+00,-4.657195106780947502e-01,8.110732840504124574e-01,3.539286160702935224e-01,1.086824653718786138e+01,3.908579233946157250e-01,-1.702926756350936766e-01,9.045609367779983145e-01,-3.594320474196608828e+00
7.613281984937444458e-01,6.056500854326944960e-01,-2.314462101518117432e-01,2.890326783719105563e+00,-5.171660637964153873e-01,7.825576543311463240e-01,3.466161855785940826e-01,1.081711077879993432e+01,3.910481257282653056e-01,-1.441925506505136179e-01,9.090048799106142940e-01,-3.517663153184060310e+00
7.799519053667738344e-01,5.859390428389498195e-01,-2.198873879778265872e-01,3.070333153909337476e+00,-5.000929706336512126e-01,7.947468917280794409e-01,3.439249900943004978e-01,1.071024555647252186e+01,3.762738976298334315e-01,-1.582808142685926400e-01,9.128883490312084126e-01,-3.404268610332386480e+00
8.226406866464166523e-01,5.358325710537243936e-01,-1.901203736369785902e-01,3.219247554598243966e+00,-4.435746986697134409e-01,8.140371253450869871e-01,3.749467232287519436e-01,1.061006058853607747e+01,3.556737091408110341e-01,-2.241138424057280976e-01,9.073418309921342795e-01,-3.274835567499324362e+00
8.345089400446951133e-01,5.160752578254145240e-01,-1.930314928862852386e-01,3.353621138094732501e+00,-4.213177303930971118e-01,8.234378640922855874e-01,3.800545408695210070e-01,1.052876482223839893e+01,3.550861853717853234e-01,-2.358313215829561105e-01,9.045979154953602830e-01,-3.162843930206870713e+00
8.067182091062478078e-01,5.520714239319519656e-01,-2.107673456068364370e-01,3.500925867653073453e+00,-4.651819720373163158e-01,8.132365332732894858e-01,3.496456403862538420e-01,1.036535971250497568e+01,3.644330720281551139e-01,-1.840203353637468175e-01,9.128663933921197238e-01,-3.043500173367070794e+00
7.699982082166989539e-01,5.914492918729786775e-01,-2.393543283210514128e-01,3.599877836366649042e+00,-4.978428038965209135e-01,7.915536899546796734e-01,3.543942698853627671e-01,1.030307970929207251e+01,3.990680417566910276e-01,-1.537221228778736515e-01,9.039436968010786666e-01,-2.943636525845793273e+00
7.819019684043098106e-01,5.886221862971910967e-01,-2.053125266616168121e-01,3.665697776748830350e+00,-4.984703680394194647e-01,7.881090685899346804e-01,3.611251697029017604e-01,1.026399386471935493e+01,3.743749510745988940e-01,-1.800222703029198956e-01,9.096347498874891579e-01,-2.904509841779954638e+00
7.783119099673102559e-01,5.838959845851871000e-01,-2.308593727539104967e-01,3.785298669828760953e+00,-4.962317015723333724e-01,7.973071634083779280e-01,3.435918880478862625e-01,1.017667796239227940e+01,3.846877554038614644e-01,-1.528619192702297680e-01,9.103013591549566907e-01,-2.834532528905821636e+00
7.762188281195837591e-01,5.781355460150141568e-01,-2.514828449548359157e-01,3.895611790948412700e+00,-4.785281036807544908e-01,7.999641614871600970e-01,3.620334160320626271e-01,1.010158481952423948e+01,4.104816498460779894e-01,-1.606755450280583641e-01,8.976013504722345493e-01,-2.750511810980325045e+00
7.561016764454366879e-01,6.173827684232287005e-01,-2.171376801259208844e-01,4.024147459856300735e+00,-5.246745418379111792e-01,7.701463542271184126e-01,3.627550388593582253e-01,9.993132719640316353e+00,3.911865028647784071e-01,-1.603530801847757314e-01,9.062339707005474532e-01,-2.640336253835528169e+00
6.300437835831341760e-01,7.460258897733873518e-01,-2.156158680525873950e-01,4.112890779994724966e+00,-6.607119789239749297e-01,6.608725114822227020e-01,3.559595545473430156e-01,9.822026720197136740e+00,4.080496436398529103e-01,-8.181011768113928551e-02,9.092868595610453797e-01,-2.557617959480364078e+00
5.193077660303746512e-01,8.124118882627040517e-01,-2.651534799884128213e-01,4.212895297118200766e+00,-7.340741925254972156e-01,5.829218474881151524e-01,3.483348957383975986e-01,9.686598103168053697e+00,4.375551668173721653e-01,1.374931018148920457e-02,8.990864432639142922e-01,-2.477568145584392312e+00
4.357555116207896817e-01,8.589137041972061404e-01,-2.690434590067830034e-01,4.303012157215031941e+00,-7.838154808899330250e-01,5.090601872105831038e-01,3.556557573193602773e-01,9.541690230200922329e+00,4.424369175480099559e-01,5.590147171011553701e-02,8.950556404220127993e-01,-2.363661151803867266e+00
4.530355282348584867e-01,8.462373163355561001e-01,-2.804304095460318780e-01,4.437633985056674391e+00,-7.657151143691991457e-01,5.304595012495444406e-01,3.637211585275830772e-01,9.383175679500991961e+00,4.565513922698346549e-01,4.995119593440307953e-02,8.882937038171548894e-01,-2.262164973040490690e+00
5.280224208439503464e-01,8.060967653099689878e-01,-2.672083981518832974e-01,4.564852478317986240e+00,-7.065953470779859913e-01,5.915613182402026382e-01,3.883017154863631637e-01,9.190497773479442856e+00,4.710789090734501250e-01,-1.622380099468556658e-02,8.819418629974732360e-01,-2.100236300079279861e+00
5.534837064674240636e-01,7.924296662373455646e-01,-2.563415899577126122e-01,4.707110891833642619e+00,-7.044637504144384277e-01,6.096159204552726862e-01,3.634546104804461386e-01,9.056746269067780020e+00,4.442821299884832098e-01,-2.058284709258068404e-02,8.956504537923603015e-01,-2.002578746165909696e+00
5.461614805813214124e-01,7.964193664545804463e-01,-2.596609902648069901e-01,4.808750401927613716e+00,-6.975837009617552598e-01,6.040322153324488852e-01,3.853856029914365378e-01,8.953810196733245519e+00,4.637721609602249995e-01,-2.934749694020986899e-02,8.854682982137918046e-01,-1.908465154603018021e+00
5.844185082146717836e-01,7.614534637113918869e-01,-2.804347158574667653e-01,4.904597976464616593e+00,-6.626532891795008373e-01,6.473114350340540835e-01,3.766676577750485699e-01,8.849365776066496991e+00,4.683434910359318137e-01,-3.430056378653918020e-02,8.828804254983813049e-01,-1.801254281693982273e+00
6.254304505244130397e-01,7.365478769489849364e-01,-2.575538322735060337e-01,5.067263200809187573e+00,-6.369840843504344097e-01,6.725943021411130429e-01,3.766539273810196597e-01,8.696363436770402799e+00,4.506528906387549660e-01,-7.151314347201595534e-02,8.898302323868786390e-01,-1.680114392462171757e+00
5.893770006878351619e-01,7.649424769221004894e-01,-2.598033064849059603e-01,5.138030036642690312e+00,-6.515591641913766052e-01,6.402228197727140024e-01,4.069218556436952072e-01,8.576499049055358981e+00,4.776038176338665564e-01,-7.055315756614792544e-02,8.757378862073993409e-01,-1.545605990018509956e+00
4.762339092469377033e-01,8.413719181012435655e-01,-2.555280006457425479e-01,5.184867864197217457e+00,-7.522411359363324612e-01,5.403088744499593421e-01,3.770936138359187728e-01,8.431828843794420436e+00,4.553400235962059006e-01,1.263390760015859274e-02,8.902279748975308049e-01,-1.458635583407167147e+00
3.726846777382075704e-01,8.788661936104344985e-01,-2.978260309440248221e-01,5.237296649431427475e+00,-8.061323271029611215e-01,4.655981032805376896e-01,3.651973129982324373e-01,8.300946598681488098e+00,4.596268075066234915e-01,1.039837484911398102e-01,8.820037289439325301e-01,-1.378145376116166165e+00
3.446112556117526537e-01,8.726923329703224486e-01,-3.459063088185929669e-01,5.323844406944961527e+00,-8.010606726300466551e-01,4.654887113647775410e-01,3.763270630149456175e-01,8.149910562380750179e+00,4.894332245272960402e-01,1.474053987029354251e-01,8.594921565448072620e-01,-1.296085026161857279e+00
3.634976051256809670e-01,8.686668194531014242e-01,-3.365820076134851679e-01,5.374547067750627960e+00,-7.903629095633283308e-01,4.788147861904016311e-01,3.821817260309929298e-01,8.023155951367867189e+00,4.931490264154261838e-01,1.270997927089956014e-01,8.606100629430550875e-01,-1.203080032969277680e+00
4.660840988662885986e-01,8.201691146738324667e-01,-3.317954733252676536e-01,5.519029466521366167e+00,-7.064887994696552598e-01,5.707645130217766649e-01,4.184512479356924386e-01,7.881588876344058470e+00,5.325778713089036609e-01,3.937631280545336732e-02,8.454645569046200793e-01,-1.052444633646858918e+00
5.830952883487277028e-01,7.470047023777031114e-01,-3.193491182563531483e-01,5.667005027370855430e+00,-5.987051046988717262e-01,6.608297087895588229e-01,4.526105319020085060e-01,7.824053657823042407e+00,5.491375804960221263e-01,-7.271912132791044647e-02,8.325622181436490576e-01,-9.361934070224356974e-01
7.345374542800029438e-01,5.977168075359295951e-01,-3.212309858169134502e-01,5.833978109449898142e+00,-4.452381110553457755e-01,7.817774778669591695e-01,4.365627097724253391e-01,7.779029615084578353e+00,5.120720190790721826e-01,-1.776473841322479819e-01,8.403711407391697419e-01,-8.441699754994287375e-01
8.411486166987405255e-01,4.575844979013848346e-01,-2.882454369216103096e-01,5.998730306361856002e+00,-3.111758647533852673e-01,8.454383337816078203e-01,4.340548409677753017e-01,7.754563816599276294e+00,4.423105083770625390e-01,-2.754096059561365606e-01,8.535285367966976011e-01,-7.371603912914872492e-01
9.221733590168031958e-01,3.244398587143318413e-01,-2.105589561075182914e-01,6.136579442057920275e+00,-2.177693207210346094e-01,8.854393064475957198e-01,4.105773466112067061e-01,7.773555881860427341e+00,3.196448323880154430e-01,-3.327702100173983712e-01,8.871815870793394732e-01,-6.213977619134191110e-01
9.690083830184637037e-01,1.686280286201618239e-01,-1.805196432624925629e-01,6.296059550544738315e+00,-8.150081604882827846e-02,9.080850687403689836e-01,4.107786811826698026e-01,7.800534378046759976e+00,2.331959918680305277e-01,-3.833354873925393091e-01,8.936853660445668313e-01,-5.637844381889118850e-01
9.902000292244901303e-01,2.907715383817638215e-03,-1.396260982591113198e-01,6.410991530585669729e+00,5.698862595043483609e-02,9.043429621440877142e-01,4.229847554377550445e-01,7.852397992524424275e+00,1.274997985727722993e-01,-4.267966166825858942e-01,8.953147208396620149e-01,-5.499097246840627395e-01
9.786974868984259501e-01,-1.559918282109646614e-01,-1.334832523955854222e-01,6.553597896103338094e+00,1.985983612389549402e-01,8.841616152866743628e-01,4.228675075799267491e-01,7.883852806973584926e+00,5.205689245339234494e-02,-4.403689221380842622e-01,8.963064723424903901e-01,-5.105334432401616995e-01
9.495907965828954689e-01,-2.641786811564207915e-01,-1.687807556195710934e-01,6.725707836748849644e+00,3.124386928747340253e-01,8.416276655310326316e-01,4.405053187051330976e-01,7.948446945350105430e+00,2.567843920075198877e-02,-4.710334351563981170e-01,8.817415271637024654e-01,-4.382397075631880301e-01
9.421508654094634672e-01,-2.695641106610193738e-01,-1.992158052257147482e-01,6.919922764714040220e+00,3.332637357323945948e-01,8.169513912172620129e-01,4.706651748683640668e-01,8.035290928499060570e+00,3.587518994911063908e-02,-5.098290052867844313e-01,8.595274027710838594e-01,-3.977590605773286270e-01
9.525710515190835004e-01,-1.938797510119659451e-01,-2.345613650100180636e-01,7.088495831229945310e+00,2.864843551593381221e-01,8.312926921299833571e-01,4.763183538981274334e-01,8.101375007968254494e+00,1.026406647326629090e-01,-5.209252366307673965e-01,8.474088693095074287e-01,-3.501917122426153051e-01
9.618860990931930033e-01,-1.075166144481046054e-01,-2.514265498886205652e-01,7.145191974253585876e+00,2.173983415777255568e-01,8.584052071537238149e-01,4.646272284430023047e-01,8.118003090500049979e+00,1.658707130584895217e-01,-5.015781872739167868e-01,8.490619698234526114e-01,-3.463909475218153733e-01
9.645823024069518636e-01,-4.716525284539397483e-02,-2.595311557546240988e-01,7.272364253897036335e+00,1.640322641001737969e-01,8.777684666980601902e-01,4.501287984618472238e-01,8.154887922418639690e+00,2.065778260546652367e-01,-4.767577558829693141e-01,8.544165517989250613e-01,-3.090195640840819324e-01
9.454455389271257948e-01,-1.247466565661245891e-01,-3.009501696267462001e-01,7.416792842842661493e+00,2.499831211936384967e-01,8.701670347680492412e-01,4.246383999607975523e-01,8.244578292377985562e+00,2.089046960723488777e-01,-4.767049436271375562e-01,8.538800997097711898e-01,-2.786845088587497354e-01
9.042329324990262540e-01,-3.213167651195077412e-01,-2.812798255071698450e-01,7.579913559906976239e+00,4.170090433809331976e-01,8.063112327768868770e-01,4.194826023047142916e-01,8.344079747751429466e+00,9.201229006348991823e-02,-4.966062145714151832e-01,8.630851673654944545e-01,-2.966822270948858420e-01
8.011657316544383844e-01,-5.167779565588531687e-01,-3.017847147180617307e-01,7.742408685211472630e+00,5.984309783936597738e-01,6.949580598263163100e-01,3.986397611644484917e-01,8.496619678985014801e+00,3.719478648029659034e-03,-4.999738380128469495e-01,8.660325206256935804e-01,-3.055802627598065424e-01
6.242856214786562941e-01,-7.270514198355793045e-01,-2.857686052212057293e-01,7.873747949030433624e+00,7.650433748142209112e-01,4.949984295562366299e-01,4.119286217170715081e-01,8.614804619693794407e+00,-1.580382784893370196e-01,-4.757864937678722428e-01,8.652462741209597796e-01,-3.017774546004456937e-01
4.752623937511244456e-01,-8.431557568169800732e-01,-2.514239981233574728e-01,7.949424246511566317e+00,8.296142886132468197e-01,3.342723317311417919e-01,4.472159884974609145e-01,8.820218981517387036e+00,-2.930286491363696677e-01,-4.211298825604860574e-01,8.583611319251981397e-01,-3.737991875761734750e-01
4.351698879996834801e-01,-8.639046134270044197e-01,-2.535665346174023616e-01,8.043314564950119205e+00,8.312684829353120808e-01,2.773317671805902163e-01,4.817466140938769237e-01,9.023917625591449720e+00,-3.458610672752367443e-01,-4.204234886540316185e-01,8.388231114670180455e-01,-4.409495436444348382e-01
3.669151897579857602e-01,-8.953656783719263768e-01,-2.523758021650224226e-01,8.045374467607752322e+00,8.434225678303046703e-01,2.057387237130757496e-01,4.962962317401259371e-01,9.162762393655425441e+00,-3.924431367719335984e-01,-3.949580731653579146e-01,8.306602824513250605e-01,-4.774399377900815367e-01
3.311778273632312031e-01,-9.186950522113904727e-01,-2.152223215776591925e-01,8.101082351808999604e+00,8.255535220666748719e-01,1.716626108276712859e-01,5.375809987779835986e-01,9.352584910566438481e+00,-4.569273781097779596e-01,-3.557124528128516316e-01,8.152827865517525696e-01,-5.607922969635985577e-01
3.408349774099236895e-01,-8.996456535907261243e-01,-2.728904838012656819e-01,8.176550812800158496e+00,8.472788349447581968e-01,1.681704969331673793e-01,5.038226471844070575e-01,9.537271264791893799e+00,-4.073697264508347460e-01,-4.029347117543533585e-01,8.195691087607011038e-01,-5.938742860976145010e-01
4.043246919872430789e-01,-8.779295546100941428e-01,-2.564395456858001299e-01,8.244914427796418366e+00,8.247460944032272145e-01,2.287700958522380090e-01,5.171635360409507776e-01,9.662420142136406653e+00,-3.953674534101688232e-01,-4.205995011716926468e-01,8.165663698671915549e-01,-6.321374728961313139e-01
5.489894693927072078e-01,-7.964943718548036511e-01,-2.533915509631926577e-01,8.409567216363567965e+00,7.693307490004103188e-01,3.630304314041521430e-01,5.256796595998192156e-01,9.855516591704592599e+00,-3.267120462094704192e-01,-4.835345090871325247e-01,8.120674955836418851e-01,-6.723248646304651466e-01
6.296560519461386063e-01,-7.477815612834113335e-01,-2.106086248284768092e-01,8.524251573957295491e+00,7.247335394229926786e-01,4.677564169714458209e-01,5.059300655401450797e-01,1.006592274091176975e+01,-2.798116385767770442e-01,-4.711970617338100409e-01,8.364680364068938223e-01,-6.528741327553959639e-01
6.762085274829124915e-01,-7.074922386064579349e-01,-2.054184988529770550e-01,8.677552022740753657e+00,6.971098016409293940e-01,5.242963339770696507e-01,4.890309587688166371e-01,1.021006586270890892e+01,-2.382854418875242075e-01,-4.738861535113947365e-01,8.477334260807718458e-01,-7.155196318712842007e-01
6.167970106243159112e-01,-7.449055777293481784e-01,-2.543169832170276701e-01,8.815926318967509445e+00,7.527898714127810864e-01,4.638729333373294295e-01,4.670431577652637278e-01,1.037867753305854457e+01,-2.299322882572902293e-01,-4.795180726361882306e-01,8.468728126655401534e-01,-7.271073477697763687e-01
5.116713187868134893e-01,-8.180796922309726549e-01,-2.625606190772648563e-01,8.955670093984490876e+00,7.943145770326808242e-01,3.339259970388298027e-01,5.075015085839800211e-01,1.061691892128197168e+01,-3.275008614406291207e-01,-4.682296932712591286e-01,8.206729799955337912e-01,-7.758495834347097775e-01
4.982707407924231169e-01,-8.227166777992771518e-01,-2.736120189996898433e-01,9.055605917919436365e+00,7.979876248656495585e-01,3.117632409608885324e-01,5.157707166433946888e-01,1.082227166383623818e+01,-3.390310006938109799e-01,-4.753324622372010477e-01,8.118602286798352052e-01,-8.597200548408403531e-01
4.711300355056827760e-01,-8.549984345927180707e-01,-2.168275039943316218e-01,9.150473947452681500e+00,8.015435750286780126e-01,3.123764299596519800e-01,5.098518052688517654e-01,1.108785388952353834e+01,-3.681906937643286692e-01,-4.140031918351123053e-01,8.324884204454033876e-01,-9.725951140780212389e-01
3.927381113144607916e-01,-8.934743330549340667e-01,-2.178540614567173184e-01,9.170156835911821958e+00,8.253526250403476761e-01,2.379472208111161613e-01,5.120294566206826659e-01,1.125012771055201988e+01,-4.056474087926053573e-01,-3.808999032295795617e-01,8.308823282869500781e-01,-1.054507884368579118e+00
3.503376317533257733e-01,-9.096317364068223776e-01,-2.232345132343482030e-01,9.227428497744400104e+00,8.577924155364599068e-01,2.158985529493059607e-01,4.664546994966599636e-01,1.151281298052096780e+01,-3.761059898826313308e-01,-3.549055070802665246e-01,8.559125921602661613e-01,-1.174191773996144716e+00
3.282657801982235557e-01,-9.075723963179754827e-01,-2.618280408827429184e-01,9.330698966668675709e+00,8.668108172675171863e-01,1.792898720436409965e-01,4.652893173613509292e-01,1.176842070552020303e+01,-3.753406247914924942e-01,-3.796939388826462425e-01,8.455483003098727135e-01,-1.263139661620318543e+00
3.938036941293324711e-01,-8.823167224030538103e-01,-2.577515312428227956e-01,9.434024089777141242e+00,8.497094147580872558e-01,2.424787998685625501e-01,4.681857986801486460e-01,1.193009042548349363e+01,-3.505888774070811120e-01,-4.033871998244745183e-01,8.452018729606635139e-01,-1.348708155193779401e+00
5.582919266374009037e-01,-7.837758450123548659e-01,-2.720396100325546129e-01,9.519277839117100015e+00,7.987685390951148046e-01,4.191749635976813604e-01,4.315798545399641695e-01,1.209078784463298462e+01,-2.242296715498461879e-01,-4.582442303707145448e-01,8.600774847236736242e-01,-1.369740990450377449e+00
6.363056039621719506e-01,-7.359851828588627187e-01,-2.311730714822522736e-01,9.691127529853597267e+00,7.432706006913311070e-01,5.046632487023984259e-01,4.391626345183378688e-01,1.228809657189560234e+01,-2.065526386040137108e-01,-4.512657930990834343e-01,8.681562022265213452e-01,-1.403330616051547297e+00
6.070512375705939823e-01,-7.482127220689201996e-01,-2.677060281320227664e-01,9.818375477956140074e+00,7.782099008167812082e-01,4.915377821441158646e-01,3.908707701985111860e-01,1.251328351636612801e+01,-1.608668556127785809e-01,-4.456100663798535644e-01,8.806551671944028437e-01,-1.446232667368368974e+00
5.908812469450984706e-01,-7.679701229318395272e-01,-2.471461961929762585e-01,9.970717012900889742e+00,7.789172669934110171e-01,4.632766140970676072e-01,4.226850719037403836e-01,1.266004716475336345e+01,-2.101124536721173663e-01,-4.422631220380114359e-01,8.719266527048448179e-01,-1.452876109653484793e+00
6.119591587135001509e-01,-7.515388275231773552e-01,-2.463643212637518787e-01,1.007552919757128862e+01,7.608425951741784043e-01,4.743730536541073683e-01,4.428190954955500414e-01,1.284617570269996278e+01,-2.159271484442922551e-01,-4.584316706903681649e-01,8.620996867374191019e-01,-1.480050268276042136e+00
6.212152048577342933e-01,-7.460092146224434062e-01,-2.399206555342089098e-01,1.018469163771638719e+01,7.614170311075019182e-01,5.022183877009693820e-01,4.099033981250639336e-01,1.306129632223691317e+01,-1.852991473077996998e-01,-4.373178966763661135e-01,8.800098199756428707e-01,-1.480117287201436316e+00
5.471183828742469668e-01,-8.035430198054945850e-01,-2.344783368307861160e-01,1.030710269491913245e+01,7.981283801210797835e-01,4.163581024830729227e-01,4.354733279340936569e-01,1.327251340501901922e+01,-2.522945975766573423e-01,-4.253992781124082967e-01,8.691276604820931118e-01,-1.522522239532984933e+00
4.762453750740772707e-01,-8.332318670682312689e-01,-2.809181347341906387e-01,1.047674558910443920e+01,8.501193427918933843e-01,3.546683015263116800e-01,3.892396419990120648e-01,1.352584462413891409e+01,-2.246941159256917175e-01,-4.241875193760739626e-01,8.772556655125953728e-01,-1.588610780182903470e+00
4.902182465327308281e-01,-8.343579941712235826e-01,-2.520571529017640033e-01,1.057804818657411161e+01,8.230392219888040817e-01,3.479472104833520874e-01,4.489311503837938311e-01,1.373260204199931245e+01,-2.868667109206578525e-01,-4.275271643760462092e-01,8.572794257919309491e-01,-1.637658103886962646e+00
5.468523762118272513e-01,-8.058745523668406907e-01,-2.269772774508899416e-01,1.071605697098493515e+01,7.915456402686741333e-01,4.093220074370536588e-01,4.537741658571516901e-01,1.392801498558690731e+01,-2.727782579369735783e-01,-4.278103552688286015e-01,8.617252009321941797e-01,-1.719335341324929711e+00
5.984720811150526787e-01,-7.694386867838618471e-01,-2.231485500874690053e-01,1.080248718488675053e+01,7.742269700472879101e-01,4.838823249851315067e-01,4.079589371718405633e-01,1.416272458180440985e+01,-2.059217496458555507e-01,-4.169196599433832584e-01,8.853102451544797580e-01,-1.767427125803423538e+00
5.747144319414597691e-01,-8.025552706109566614e-01,-1.600261207827494703e-01,1.093569135217710375e+01,7.722810750138124902e-01,4.672007956498490100e-01,4.304710881344488982e-01,1.436620657512984245e+01,-2.707125096734765424e-01,-3.709830914728038942e-01,8.883052870199360518e-01,-1.846194782275127899e+00
4.931666628066643798e-01,-8.495370819012008079e-01,-1.872789074373454321e-01,1.103378572816266612e+01,8.299526068417975022e-01,3.949538951234816131e-01,3.939417356961470995e-01,1.456893399291825553e+01,-2.607015786155495451e-01,-3.497115485676424718e-01,8.998536101532202958e-01,-1.863233883627104071e+00
4.049522777260290973e-01,-8.958781092076130159e-01,-1.828006187273136518e-01,1.110712828603514701e+01,8.443989993479471545e-01,2.897393235309733694e-01,4.506012142682240817e-01,1.476284893113056107e+01,-3.507192362341763903e-01,-3.368286475975612038e-01,8.738091779633100353e-01,-1.925209353300910919e+00
4.090425736092084263e-01,-8.962558982566476429e-01,-1.714920925737400681e-01,1.121940320330930696e+01,8.375313508531344597e-01,2.941350632907416829e-01,4.604625944428857864e-01,1.496003284159155378e+01,-3.622504786929569565e-01,-3.319788086356066370e-01,8.709561764541362550e-01,-1.991636860569664602e+00
4.563349345685868141e-01,-8.786010107364476962e-01,-1.407788742147467187e-01,1.130343099564530362e+01,8.254994012977353579e-01,3.589681588398557777e-01,4.355371389401861970e-01,1.518362509190245646e+01,-3.321282372056935106e-01,-3.149636881801019528e-01,8.890943196189186049e-01,-2.045132501068047670e+00
4.502609436286679756e-01,-8.883332106131245354e-01,-9.016201841349283375e-02,1.141525829522250035e+01,8.099417331081942839e-01,3.638375405267382234e-01,4.600180790720589941e-01,1.539489559266085905e+01,-3.758450100936733818e-01,-2.801541558235896012e-01,8.833199745066676600e-01,-2.145389863894874072e+00
4.423348810332035086e-01,-8.829009329217818447e-01,-1.575620375191451594e-01,1.155407042396822348e+01,8.378041607790777112e-01,3.440939655754047810e-01,4.238909423847791458e-01,1.557444321249277408e+01,-3.200375621745118471e-01,-3.195078801851927164e-01,8.919028384846421353e-01,-2.171296165590622884e+00
4.547417667945020670e-01,-8.725977569008702694e-01,-1.782780978813153228e-01,1.169250397997509161e+01,8.388446151170436682e-01,3.523779314857640177e-01,4.149331332768592118e-01,1.577404199058696044e+01,-2.992484540006031257e-01,-3.382350485289482012e-01,8.922148926827384585e-01,-2.189444380528004164e+00
6.420605130791239290e-01,-7.461787539938925518e-01,-1.759987631567036248e-01,1.181298884713178587e+01,7.444593104012532381e-01,5.519833667279697709e-01,3.756257419460821700e-01,1.587914733631167508e+01,-1.831355582661634285e-01,-3.721983744507412206e-01,9.099064442868662894e-01,-2.194911654350327979e+00
7.742313619286687043e-01,-6.152560889302792768e-01,-1.484107248155955017e-01,1.188778407764642076e+01,6.221117358564848265e-01,6.966950314369697583e-01,3.572016535245454705e-01,1.596557315591957327e+01,-1.163734777159560474e-01,-3.688847763262304014e-01,9.221611765190736998e-01,-2.198146836624363942e+00
8.604811308544615400e-01,-4.808407466480563719e-01,-1.684173381999670982e-01,1.201365921723550834e+01,5.084024595154119641e-01,7.888752573967324766e-01,3.452575378263558759e-01,1.605046552413731931e+01,-3.315362125172311575e-02,-3.827113855507519036e-01,9.232728918189477829e-01,-2.193371977281335816e+00
9.108777994578401982e-01,-3.738309228663144190e-01,-1.747915202856186734e-01,1.215476882574224327e+01,4.109238293593635571e-01,8.606245474198003231e-01,3.007773177004861576e-01,1.610222845172312134e+01,3.799001078540195642e-02,-3.457973821291615568e-01,9.375398282703222286e-01,-2.141232774881383971e+00
9.821926354366588008e-01,-1.170695190457580748e-01,-1.469433721008903126e-01,1.230393029777524205e+01,1.532017664502324239e-01,9.517965773167317289e-01,2.657301152761605834e-01,1.608444760742125368e+01,1.087513018336521142e-01,-2.835101464119891279e-01,9.527828457896059255e-01,-2.090728423488179999e+00
9.743536680459566890e-01,1.732834551694412972e-01,-1.435540794611041560e-01,1.246898019579946926e+01,-1.373913116470722173e-01,9.633613779831341484e-01,2.303442703744383313e-01,1.602283312754392952e+01,1.782093068537159153e-01,-2.047137014832540181e-01,9.624623334841446720e-01,-2.036420702089779766e+00
8.920797069641250854e-01,4.018045830556508102e-01,-2.067531703705423607e-01,1.259638814165520060e+01,-3.612920312856953697e-01,9.090209209291817416e-01,2.077234542426949770e-01,1.593600828182947637e+01,2.714071932581237911e-01,-1.106076052924679504e-01,9.560879107588458048e-01,-1.969270515503891428e+00
7.725203121649828475e-01,6.093331195155672342e-01,-1.786771299129801538e-01,1.274454162886046760e+01,-5.793693750204851334e-01,7.915398767236521138e-01,1.944112929967715120e-01,1.583397406163592613e+01,2.598913130154335005e-01,-4.666661566612610029e-02,9.645095812906089305e-01,-1.894542538981313307e+00
7.280443026048624144e-01,6.673471666606501929e-01,-1.568414887540830194e-01,1.283096812858958735e+01,-6.441496010616827306e-01,7.442377444427465960e-01,1.765827601971561300e-01,1.572323088492662713e+01,2.345693605240696533e-01,-2.753069008891681144e-02,9.717094607991416666e-01,-1.862306804246279812e+00
6.840891922209767495e-01,7.071182571158783903e-01,-1.789015023409509797e-01,1.298266376466923333e+01,-6.811241816833101259e-01,7.070475324107861059e-01,1.901410950795696109e-01,1.559834157156136847e+01,2.609441055335210424e-01,-8.219328757099301358e-03,9.653189195401149503e-01,-1.751842086940543108e+00
6.822162275521346242e-01,7.117368010790088295e-01,-1.673670960922391815e-01,1.311104754521294957e+01,-6.928268546108182768e-01,7.024303406512230064e-01,1.630416083786137837e-01,1.540995743303461119e+01,2.336064391120478700e-01,4.726787748842662881e-03,9.723197463195776269e-01,-1.694908105245229946e+00
6.455152549251846894e-01,7.411693218028370111e-01,-1.843314733766096558e-01,1.321934803479867959e+01,-7.271287742413228283e-01,6.702340992383545304e-01,1.485597451817325110e-01,1.526867915009132659e+01,2.336531646033969123e-01,3.813513650782514308e-02,9.715718758971714220e-01,-1.607970944468150920e+00
6.412876928954134303e-01,7.505545474365984404e-01,-1.594301297218188584e-01,1.338477807112712981e+01,-7.398128751638523015e-01,6.599363267880000716e-01,1.309998256768099834e-01,1.515839124594897491e+01,2.035362490630820143e-01,3.393988667926237796e-02,9.784789621701280860e-01,-1.549645253725597582e+00
6.837449273095591584e-01,7.152118912432138265e-01,-1.447923513268088158e-01,1.355802282288251703e+01,-7.080737363725512212e-01,6.982411528917492616e-01,1.053132293105388667e-01,1.502993312344181831e+01,1.764212522284579476e-01,3.051627488247181386e-02,9.838416024591770670e-01,-1.489414838812728181e+00
7.481259266972867250e-01,6.402433505487490351e-01,-1.743446296317514854e-01,1.372173242553135530e+01,-6.308894862490683764e-01,7.677282995434653312e-01,1.121236559361321050e-01,1.491185279093262928e+01,2.056357311940433530e-01,2.610957981675388756e-02,9.782802440497737617e-01,-1.388826610988547428e+00
8.330050157354238483e-01,5.357602499108146121e-01,-1.380709903459912680e-01,1.394819814225378707e+01,-5.215040317126602432e-01,8.436794607179962657e-01,1.274304220742826788e-01,1.476148789693369956e+01,1.847598134526630409e-01,-3.414560261716467759e-02,9.821903528109249271e-01,-1.306305140611975668e+00
8.412671288515600754e-01,5.187921685608433142e-01,-1.520667739967722365e-01,1.414620487356582856e+01,-5.066000958549731203e-01,8.547050711315540283e-01,1.132942375486740705e-01,1.467314436715519044e+01,1.887484060689803289e-01,-1.827367565487755113e-02,9.818554435274476910e-01,-1.261077926227129886e+00
8.724092641810595739e-01,4.648614006808167720e-01,-1.510164028446130680e-01,1.438992073153765183e+01,-4.497959032602632523e-01,8.844626294477991868e-01,1.241350173019959841e-01,1.461263190183751881e+01,1.912739427662371594e-01,-4.036997977892813755e-02,9.807061453622631930e-01,-1.163276352066609620e+00
9.114391698048656121e-01,3.806364615678446972e-01,-1.561874638712182073e-01,1.465052651513946280e+01,-3.706278465129005384e-01,9.244092220385768943e-01,9.001438551276602640e-02,1.452806667604506785e+01,1.786438891611536184e-01,-2.415521341534857327e-02,9.836172459499873399e-01,-1.129096790694387398e+00
9.421988060514105978e-01,2.722753036285338046e-01,-1.952628200894397370e-01,1.489779852852317177e+01,-2.579609531672137912e-01,9.613908281145308043e-01,9.583226105188782928e-02,1.449379402567456410e+01,2.138166422810764133e-01,-3.992285875590471933e-02,9.760576872462015663e-01,-1.049887823991469071e+00
9.747713616255822000e-01,1.687186679830481872e-01,-1.461328287163061457e-01,1.513831862923317217e+01,-1.552869437922656526e-01,9.828983587654085419e-01,9.897869176707607686e-02,1.444243140020464011e+01,1.603332705406491643e-01,-7.378907378663671079e-02,9.843009778251013975e-01,-9.792221109772878407e-01
9.710306987776688992e-01,1.896754163698006479e-01,-1.453362255471423170e-01,1.538150663044530475e+01,-1.779998681056699228e-01,9.799396519742380463e-01,8.963439877062384653e-02,1.438561160103114567e+01,1.594221721897902677e-01,-6.116792389438681365e-02,9.853136841132071888e-01,-9.333631850688237641e-01
9.743275957565240564e-01,1.852766410000435127e-01,-1.278995795421058734e-01,1.567173800546384221e+01,-1.794883883435379468e-01,9.821938836999145606e-01,5.548957805133994392e-02,1.437820999464637950e+01,1.359031073859084393e-01,-3.110853777047611901e-02,9.902336109629075178e-01,-8.537451165888143567e-01
9.853172816540497481e-01,1.267675081196524278e-01,-1.143671865484275352e-01,1.591010150049444682e+01,-1.242679213918487097e-01,9.918319321397386368e-01,2.875590549608504284e-02,1.438263006579922276e+01,1.170783420911750417e-01,-1.412151808709502694e-02,9.930222779676693978e-01,-7.972417195152567970e-01
9.829857549016753904e-01,9.100613739039403738e-02,-1.595521501505365314e-01,1.621170985312318891e+01,-8.341817621881136846e-02,9.950698561234277983e-01,5.364130228495445074e-02,1.435411853303252805e+01,1.636472228200216983e-01,-3.941908664313592547e-02,9.857310597072189706e-01,-7.629759846002669432e-01
9.877774467374371703e-01,4.880055587409382056e-02,-1.480345279427881799e-01,1.642126705681859278e+01,-4.034362884589354908e-02,9.974065081245419018e-01,5.960410356972521695e-02,1.439770140732132298e+01,1.505593149838604927e-01,-5.290333918747475855e-02,9.871844454682252579e-01,-6.481471196315767846e-01
9.911039541288563237e-01,6.623875222067857060e-02,-1.154356089531683727e-01,1.663168150835062775e+01,-6.006018535651631851e-02,9.966109862782568385e-01,5.620779451658498849e-02,1.434851901971608790e+01,1.187675302643025899e-01,-4.877468332777872700e-02,9.917234009648026039e-01,-6.171272314819770122e-01
9.818407269006590443e-01,1.219169592825243009e-01,-1.453445631541974703e-01,1.689315799160688769e+01,-1.173663414094655577e-01,9.923021921619397112e-01,3.951583650592654928e-02,1.430675707315763745e+01,1.490433792670370350e-01,-2.173969801790001308e-02,9.885916531241574212e-01,-5.490238392282696944e-01
9.904473193123252139e-01,8.646745720017882941e-02,-1.074126925105216984e-01,1.710517452693974860e+01,-8.286336739086000436e-02,9.958519538875265642e-01,3.758388328846171134e-02,1.432699761408633066e+01,1.102169225285840326e-01,-2.832427905046201039e-02,9.935038828331781424e-01,-4.848971356021163359e-01
9.953308060494914233e-01,-5.637910250291363473e-02,-7.834528275417350363e-02,1.728585852457102945e+01,6.102618370404647857e-02,9.964353936644831933e-01,5.824355033155061145e-02,1.437152952743871914e+01,7.478229356863344557e-02,-6.275271351638668504e-02,9.952234450187288362e-01,-4.475469030105573287e-01
9.694070969831263263e-01,-2.454579319896127154e-01,-5.328622014577295623e-04,1.757822903834784967e+01,2.443864438258555871e-01,9.649681580633051592e-01,9.545532985675363180e-02,1.452317672514959135e+01,-2.291607280698352775e-02,-9.266529850646437749e-02,9.954335718970979130e-01,-3.988356724394468977e-01
8.908363659886914254e-01,-4.517974884268231572e-01,4.784974904084986214e-02,1.778414329020542795e+01,4.414007526627707345e-01,8.856240269410123878e-01,1.443449287419618088e-01,1.464961072580378065e+01,-1.075915637064420449e-01,-1.074667965280286519e-01,9.883698412351561435e-01,-3.749450913512555883e-01
7.257871838914770057e-01,-6.858821913529717929e-01,5.290163781699256523e-02,1.792888293447483861e+01,6.667474160615061152e-01,7.202984741637508126e-01,1.913582799166916315e-01,1.480311215637674316e+01,-1.693542053631393318e-01,-1.036133567751497675e-01,9.800935799318384323e-01,-3.573467634143316918e-01
5.595599139166446134e-01,-8.281360484749311635e-01,3.291485916602852890e-02,1.803378699904295246e+01,8.039049742049744207e-01,5.519893995810501997e-01,2.214599178150504222e-01,1.504657125292515651e+01,-2.015675945832899330e-01,-9.745967353974897829e-02,9.746138295999260404e-01,-3.425496829721863534e-01
4.685742822516750783e-01,-8.834237998594380858e-01,7.292833707410079384e-04,1.808970002144323175e+01,8.631484420541153391e-01,4.579956243955998763e-01,2.126376613256360515e-01,1.520306620624345761e+01,-1.881831793542614872e-01,-9.900705973006238003e-02,9.771308474977807856e-01,-3.119670372427184035e-01
3.528489638487286584e-01,-9.352820260634032712e-01,-2.729726055138001831e-02,1.817099394586728422e+01,9.195390663398982367e-01,3.412189643101583569e-01,1.949808294931807129e-01,1.543805250390026984e+01,-1.730477222780582580e-01,-9.389968113808623562e-02,9.804271190132102243e-01,-3.472455158955791710e-01
2.577072275178086125e-01,-9.652515544991094876e-01,-4.331768024875214812e-02,1.815035922114848077e+01,9.516848092681468030e-01,2.458265970316439730e-01,1.840252917402671051e-01,1.555990435317629128e+01,-1.669820609925888322e-01,-8.864942599301134374e-02,9.819665323104340704e-01,-3.436203966417379907e-01
1.610371111269784661e-01,-9.844869746961338874e-01,-6.965949679352365087e-02,1.814932741693741747e+01,9.766675707888183844e-01,1.488012840505624768e-01,1.548503601363902527e-01,1.574897584023311481e+01,-1.420827400120885098e-01,-9.297082616903785957e-02,9.854790309651979552e-01,-3.491629669084287957e-01
1.585095888117989404e-01,-9.844840186552905603e-01,-7.527235393582304424e-02,1.813090269820920142e+01,9.798494463738784965e-01,1.474627841531275241e-01,1.347211554679121348e-01,1.589817695332644298e+01,-1.215309536517973493e-01,-9.511016928874317655e-02,9.880203859244772735e-01,-3.525016171393516307e-01
2.726716474154023406e-01,-9.533779873621146539e-01,-1.293081045763565806e-01,1.813324760947930869e+01,9.553485765732543378e-01,2.523969954642016345e-01,1.536387123094239693e-01,1.600975735676327005e+01,-1.138387892382216465e-01,-1.654272344385987747e-01,9.796298077185964237e-01,-3.515552553230545940e-01
5.351113167350494138e-01,-8.332583196021624561e-01,-1.390555698843380095e-01,1.823404325070978516e+01,8.444025117601948738e-01,5.226448958100293751e-01,1.175870359214611083e-01,1.614158063531359844e+01,-2.530369212491103553e-02,-1.803410261074840371e-01,9.832786163989071238e-01,-3.594051739957986880e-01
7.354518682556321352e-01,-6.597737241750802895e-01,-1.543022435593245922e-01,1.834494390355400029e+01,6.760138630292104045e-01,7.299353386444076275e-01,1.009933581499070226e-01,1.622936589491784787e+01,4.599789638255608742e-02,-1.785862096753713935e-01,9.828484925166063313e-01,-3.482713256564501925e-01
8.283830252457171639e-01,-5.426072662222445331e-01,-1.391363292873989133e-01,1.844825859450367389e+01,5.575527067988660379e-01,8.226313732624214170e-01,1.114118614225511755e-01,1.626094725799994478e+01,5.400502408116365088e-02,-1.698675318217160723e-01,9.839860156561133220e-01,-3.181389098649342606e-01
8.776313617652630183e-01,-4.469391853249042867e-01,-1.732297822753252892e-01,1.858968120772313881e+01,4.698459898486180286e-01,8.736705885863096377e-01,1.262713287425976660e-01,1.631784662839941191e+01,9.491016104305217971e-02,-1.922109967206850067e-01,9.767532923263808620e-01,-2.939957921245599515e-01
9.413926452834857628e-01,-3.080882791262408160e-01,-1.373371751245393846e-01,1.868373214657655268e+01,3.274574530791950489e-01,9.324091749714737976e-01,1.529207208062405565e-01,1.634931809944842129e+01,8.094136043484545517e-02,-1.889305234578162740e-01,9.786489429192236633e-01,-2.843094365767587228e-01
9.708770008191205392e-01,-2.205038641648440767e-01,-9.367974791189943862e-02,1.877437425056409381e+01,2.304183318704370320e-01,9.665028024338430113e-01,1.130474467892611246e-01,1.634128321296966035e+01,6.561434003714471108e-02,-1.313406973329187266e-01,9.891634746620976415e-01,-2.884646432320178699e-01
9.532056038335023906e-01,-2.885835681540623310e-01,-9.010327969543295568e-02,1.879317707602102772e+01,2.963549442444932125e-01,9.508511236836332259e-01,8.975459660325620093e-02,1.640875930631915480e+01,5.977310299998667836e-02,-1.122571368824239746e-01,9.918797867568002191e-01,-3.121214760667563870e-01
8.737167418891758075e-01,-4.750605930349122707e-01,-1.045776643833501440e-01,1.879245978761194635e+01,4.827573653198018455e-01,8.732215828117396716e-01,6.655368916327109030e-02,1.659667839391599387e+01,5.970243857701920676e-02,-1.086347101854413799e-01,9.922873165423833353e-01,-3.080345569058806077e-01
7.318369104349295995e-01,-6.702868378001040073e-01,-1.230052502822122917e-01,1.877624975271790575e+01,6.808488631508691213e-01,7.269156634704284636e-01,8.965736861805501112e-02,1.671367272078674304e+01,2.931828902276648399e-02,-1.493625564633941638e-01,9.883477448021514844e-01,-2.978836971666703470e-01
4.621864435578425523e-01,-8.801068341679534335e-01,-1.086077890494586973e-01,1.880937620637373442e+01,8.849770245730641527e-01,4.499609946667836868e-01,1.197946962777689112e-01,1.698574143595132924e+01,-5.656286210188340990e-02,-1.514828826281619245e-01,9.868401992731689054e-01,-3.563650170518590787e-01
3.553607073196187183e-01,-9.191210496247325112e-01,-1.701036855274637438e-01,1.889873660310995618e+01,9.347234576554123153e-01,3.500652616904165737e-01,6.120759974323998487e-02,1.718097460843939928e+01,3.290197867659746915e-03,-1.807506810342529580e-01,9.835234445114398039e-01,-3.586522910455033908e-01
8.413145598970425687e-02,-9.770856239473328930e-01,-1.955136353007112249e-01,1.888163340074263630e+01,9.952599749636896753e-01,7.279207963789992297e-02,6.448949819360685898e-02,1.743841460105625529e+01,-4.877991746944483620e-02,-2.000124911535190453e-01,9.785783172716628897e-01,-3.403066253723810997e-01
-8.911363196445651336e-02,-9.749560885373275143e-01,-2.037630634391183471e-01,1.883478729791940864e+01,9.920261521371332991e-01,-1.051843245096243662e-01,6.942889422599962668e-02,1.772608012908879616e+01,-8.912280333390662501e-02,-1.959512268434281945e-01,9.765552941971400447e-01,-3.912353454047962642e-01
-2.107067711299619450e-01,-9.606508933050671439e-01,-1.809765669697551427e-01,1.871852639498493431e+01,9.758165718305584768e-01,-2.177153749182183240e-01,1.954568149422322015e-02,1.794228717928574213e+01,-5.817795751691270251e-02,-1.724815257249076306e-01,9.832931651052853050e-01,-3.858728885550094523e-01
-4.733334639258184873e-01,-8.593732486140515103e-01,-1.934762297919656315e-01,1.855161868578159101e+01,8.684979781705782775e-01,-4.919844051451762179e-01,6.051947626642559946e-02,1.814297898988528956e+01,-1.471961067474296114e-01,-1.393878210622252201e-01,9.792366116000391640e-01,-4.357820197364166148e-01
-7.267180557007766328e-01,-6.573701713145010395e-01,-1.993622967976206584e-01,1.836357632332996914e+01,6.707653765151158076e-01,-7.416694594123260931e-01,4.718512058754562423e-04,1.838850921792952420e+01,-1.481711078011312133e-01,-1.333824232834614210e-01,9.799257379883532515e-01,-4.756422858878319726e-01
-8.829084196959883224e-01,-4.160246493581711835e-01,-2.177067145412363569e-01,1.820958422844289615e+01,4.265552130397192721e-01,-9.044602437778639370e-01,-1.522384289297500559e-03,1.846915441637390742e+01,-1.962737187159003804e-01,-9.420805990834940635e-02,9.760130474485154695e-01,-4.784349184511088038e-01
-9.552274669040007327e-01,-1.936688366560527508e-01,-2.236802811614232445e-01,1.793785967058766673e+01,2.078173222779119422e-01,-9.772947660452152574e-01,-4.131465625978390788e-02,1.851262700132309647e+01,-2.106002066319036248e-01,-8.594953152238196670e-02,9.737865428304522952e-01,-5.174706343819261978e-01
-9.835606421086028339e-01,-2.394709849044539957e-02,-1.789832387929047586e-01,1.768397900014495505e+01,3.335982358864048036e-02,-9.982036064087805860e-01,-4.976627696177931409e-02,1.851442613296255502e+01,-1.774699565138946888e-01,-5.491900059533873224e-02,9.825926510556484139e-01,-5.377794032190724716e-01
-9.638144550803292576e-01,1.725810206075871489e-01,-2.031686184041417431e-01,1.747580042543436463e+01,-1.663306562441339564e-01,-9.849214251530422626e-01,-4.758044837844210145e-02,1.847624999294246351e+01,-2.083166075271001560e-01,-1.206555429897266524e-02,9.779870210937671171e-01,-5.934444468937850603e-01
-9.436167320917173695e-01,2.850361474232668280e-01,-1.683504011835019187e-01,1.726001465046314109e+01,-2.773876022738269720e-01,-9.583604451914720102e-01,-6.783343716176043481e-02,1.841458505342262342e+01,-1.806753470214504664e-01,-1.731045217500257194e-02,9.833904449526531533e-01,-5.864507927807053322e-01
-8.951378437089990703e-01,4.011448208126858761e-01,-1.944506968235341637e-01,1.701473626575805298e+01,-3.874250923462226326e-01,-9.158097565153954234e-01,-1.058030608807266210e-01,1.829979728788388726e+01,-2.205221952106431182e-01,-1.937324460094236311e-02,9.751895399424220789e-01,-5.950609433745388532e-01
-9.107501658875435391e-01,3.754423518925072423e-01,-1.719801608943044846e-01,1.681878357083610354e+01,-3.637398637394047007e-01,-9.265029555876969081e-01,-9.636173936837791332e-02,1.818565881844879684e+01,-1.955184054319377696e-01,-2.520542982538906060e-02,9.803760704161804673e-01,-6.186227150058042357e-01
-9.089139395917219533e-01,3.902855990594377711e-01,-1.468080433173451216e-01,1.664122960815077690e+01,-3.784739725725195791e-01,-9.199290235452318720e-01,-1.024111503904216181e-01,1.807759397611332375e+01,-1.750225771180035916e-01,-3.751989879956618701e-02,9.838492540491377003e-01,-5.967616569467281140e-01
-8.922460245303248660e-01,4.137749325804597755e-01,-1.807963961971110478e-01,1.645766958437407013e+01,-3.996197886970181412e-01,-9.099983642859151844e-01,-1.104852998308228501e-01,1.795484833673745229e+01,-2.102404722967904094e-01,-2.633025189762264878e-02,9.772950739891367311e-01,-6.594690638357942891e-01
-8.685337848915883896e-01,4.886868092416177256e-01,-8.266962546869670303e-02,1.629182624623797793e+01,-4.796150143890122730e-01,-8.707537033373222712e-01,-1.084316655639102206e-01,1.787130075108707672e+01,-1.249740071955588450e-01,-5.452697128562064566e-02,9.906605407140749442e-01,-6.806054626556031772e-01
-8.418898853852616604e-01,5.241261845059081992e-01,-1.285035548195662958e-01,1.603419929201249161e+01,-5.102658712552419207e-01,-8.506544200601674488e-01,-1.265535391216954797e-01,1.775289040447540856e+01,-1.756421404962821009e-01,-4.097316618686367568e-02,9.836010563915178473e-01,-6.418771620159973157e-01
-8.885956879435985556e-01,4.407291951340608360e-01,-1.271042089174120038e-01,1.579975301022572509e+01,-4.232279338834881721e-01,-8.946253756559017223e-01,-1.432604384093803529e-01,1.765677438926777043e+01,-1.768497083649052115e-01,-7.350655609547544767e-02,9.814891577914819365e-01,-7.088961231489980808e-01
-9.120744526195784241e-01,3.884313928129750071e-01,-1.313059250607677975e-01,1.564242891977818317e+01,-3.782183809516612150e-01,-9.206827061270372869e-01,-9.640648810581566031e-02,1.758365103973664390e+01,-1.583384008666113563e-01,-3.826758048224587760e-02,9.866430677276565309e-01,-7.134668614703452150e-01
-9.261470844136430181e-01,3.437256053552139590e-01,-1.552555514475910114e-01,1.550031555069803701e+01,-3.320167719028518927e-01,-9.382986627264170432e-01,-9.674958760131513458e-02,1.752478018060004317e+01,-1.789313868702566424e-01,-3.805690146355593384e-02,9.831252367036876771e-01,-7.320732993071543682e-01
-9.472434191781128332e-01,2.906323264714452126e-01,-1.351397633324434022e-01,1.528688092724515535e+01,-2.770631075273492505e-01,-9.544611729401486500e-01,-1.106340987083159061e-01,1.746138604970364128e+01,-1.611395025158074423e-01,-6.735517915875867401e-02,9.846305604486648155e-01,-7.422072073722966179e-01
-9.742887465865318619e-01,1.471150975552162343e-01,-1.706416899416998145e-01,1.503955614901383520e+01,-1.323109705218827592e-01,-9.866293986078146228e-01,-9.516426263223230764e-02,1.738785871224784785e+01,-1.823602077055115067e-01,-7.013970255211052218e-02,9.807268614509885296e-01,-7.530088448702553228e-01
-9.820556948826474342e-01,-3.188846862564762019e-02,-1.858755974227569996e-01,1.483097073586351478e+01,5.191639375835366277e-02,-9.932320221823017770e-01,-1.038982106235720460e-01,1.742319287690911622e+01,-1.813044406728173963e-01,-1.116838201368666877e-01,9.770646980174624296e-01,-7.797615054276585411e-01
-9.582548724874715429e-01,-2.179821361582160166e-01,-1.850172631672941381e-01,1.455105682586550131e+01,2.345073632920442186e-01,-9.694112020435228239e-01,-7.244458512782137038e-02,1.748045341414481513e+01,-1.635661820665506305e-01,-1.128082872329423114e-01,9.800614237973781506e-01,-7.355015680847818427e-01
-9.501555901054595799e-01,-2.259436449583176187e-01,-2.148344104055279480e-01,1.436793514793158089e+01,2.442823458456925001e-01,-9.676762279754069773e-01,-6.268056572343985722e-02,1.749302069665469261e+01,-1.937278764129380104e-01,-1.120365436553393129e-01,9.746370210423472846e-01,-7.842568296218644930e-01
-9.867272407662073253e-01,2.870279463649459857e-03,-1.623610600658385583e-01,1.411335512897968947e+01,1.583292808507431176e-02,-9.933793666137857858e-01,-1.137837966243141763e-01,1.750299748121795318e+01,-1.616127183056920991e-01,-1.148442226748536271e-01,9.801490365245766334e-01,-8.155104759438416284e-01
-9.670428611896215720e-01,1.846572379538631015e-01,-1.752991987814994101e-01,1.393991163826750324e+01,-1.673199682231417962e-01,-9.798445814692882117e-01,-1.091266438551039275e-01,1.747311307658093327e+01,-1.919169947034184420e-01,-7.619908553599978596e-02,9.784485507718264641e-01,-8.486286501583073516e-01
-9.475739050815135123e-01,2.587046637483731426e-01,-1.875515698772121376e-01,1.375121188552102680e+01,-2.371692065138840400e-01,-9.627636892235659216e-01,-1.297568733986762812e-01,1.740994130983267496e+01,-2.141365496363013821e-01,-7.847277022934161239e-02,9.736465284909070483e-01,-9.077594675091610332e-01
-8.906271617888361636e-01,4.126905053437476822e-01,-1.909706927334109128e-01,1.355143525355837930e+01,-3.948186948565550192e-01,-9.101438535784652784e-01,-1.255243561429581767e-01,1.727726810083685649e+01,-2.256135121745223293e-01,-3.639660138611834628e-02,9.735367638316585470e-01,-9.484378400581618962e-01
-8.060902658479485172e-01,5.555247168614821929e-01,-2.039871865121631600e-01,1.343986360328521457e+01,-5.357273606319126191e-01,-8.314463890185310735e-01,-1.472857673314255655e-01,1.721860288571653186e+01,-2.514252938261051784e-01,-9.444106310918947561e-03,9.678306310922623057e-01,-9.756658214224085413e-01
-7.153115301075675392e-01,6.726436143490948094e-01,-1.894201229292996891e-01,1.325052212844340360e+01,-6.577202858359161297e-01,-7.396239111858995408e-01,-1.426902085007583365e-01,1.713674062046511892e+01,-2.360793097564599374e-01,2.251750602208637750e-02,9.714728619099253226e-01,-9.896261311633282043e-01
-5.101796573943820912e-01,8.322858406875500714e-01,-2.168340300136559762e-01,1.313593460957282488e+01,-8.186799675848139834e-01,-5.472086465428772639e-01,-1.741430671144758857e-01,1.695764092096498743e+01,-2.635902651014923603e-01,8.867342634479299934e-02,9.605504648918772315e-01,-1.019569503583952486e+00
-3.540963310545532927e-01,9.090937467038293640e-01,-2.194637738618655520e-01,1.309515691975814633e+01,-8.939905079081532646e-01,-3.979381441920422646e-01,-2.059762247617717423e-01,1.679223016688947112e+01,-2.745847047885643377e-01,1.232631051895969332e-01,9.536296171969478319e-01,-1.063462390639268840e+00
-2.177647366723222400e-01,9.603694925100455526e-01,-1.739797612310861052e-01,1.305624832702511107e+01,-9.576703522807767932e-01,-2.446385002278425869e-01,-1.517217867304532508e-01,1.657042890425310233e+01,-1.882711231826159071e-01,1.335756042930875409e-01,9.729910287938398072e-01,-1.080400983351399002e+00
-1.155394896492169254e-01,9.733642026140724157e-01,-1.980221083643527724e-01,1.304108169011987428e+01,-9.690822773723272165e-01,-1.542152309423578671e-01,-1.926063400520740820e-01,1.636128576168768589e+01,-2.180141417763056533e-01,1.696460775109762120e-01,9.610879472611665308e-01,-1.128013632828469781e+00
-4.279591525838000177e-02,9.883641473417508205e-01,-1.459617137697605815e-01,1.301969042804195453e+01,-9.757773343688663781e-01,-7.272108842826220665e-02,-2.063255607766384669e-01,1.615793231944515185e+01,-2.145392816460048035e-01,1.335962407675331809e-01,9.675354986167699067e-01,-1.186621505344321204e+00
5.820318168217713389e-02,9.873590423720876030e-01,-1.474262903560274451e-01,1.299831473312572605e+01,-9.744718521608951578e-01,2.411505540466117245e-02,-2.232108273559791078e-01,1.599296605509815272e+01,-2.168340355852442780e-01,1.566543505584768459e-01,9.635571677191346884e-01,-1.212147525200266029e+00
7.950158564757033031e-02,9.882063503574890495e-01,-1.308728657615780000e-01,1.297928755134655177e+01,-9.712894626111272522e-01,4.726227815384753672e-02,-2.331588661927575246e-01,1.579438873664140175e+01,-2.242237224294229003e-01,1.456519350260549184e-01,9.635918410421815405e-01,-1.237188656291181577e+00
1.131510468233180161e-01,9.801971876225787916e-01,-1.625125040714359703e-01,1.295051487807641166e+01,-9.698154229402279336e-01,7.340002665693251549e-02,-2.325306033923804083e-01,1.561483213318722463e+01,-2.159974213504670115e-01,1.839182140614208094e-01,9.589156399321099311e-01,-1.214337093860395900e+00
1.586075088759965890e-01,9.726434788879383397e-01,-1.697301420046346265e-01,1.294623716997574903e+01,-9.623201437452326701e-01,1.138310009838761627e-01,-2.469462373820656975e-01,1.542377034233420119e+01,-2.208700954640588077e-01,2.025022621892688945e-01,9.540488639152230332e-01,-1.218958689145854146e+00
2.211969360334205825e-01,9.601676146116654431e-01,-1.707339079982806707e-01,1.292895275566834457e+01,-9.592498619196810905e-01,1.826501693475423849e-01,-2.155890026053813580e-01,1.526249698701793989e+01,-1.758170011588660597e-01,2.114641044911700907e-01,9.614423095616567716e-01,-1.249687125147669331e+00
2.585266025119075106e-01,9.482325487602140113e-01,-1.844424822684645193e-01,1.295502237330092221e+01,-9.522897194455451908e-01,2.181087429367398467e-01,-2.134780234424056289e-01,1.511435747269416119e+01,-1.621982923213808048e-01,2.308324278047989842e-01,9.593790201175821375e-01,-1.269818644368798211e+00
2.605891091037756402e-01,9.465811219368095442e-01,-1.899407692133147085e-01,1.299934864393208578e+01,-9.471075283761923869e-01,2.124746840893606548e-01,-2.405033020859849713e-01,1.493940956232156658e+01,-1.872982805837725695e-01,2.425668736945988668e-01,9.518826954390927630e-01,-1.305146830244586109e+00
1.611354581496023675e-01,9.653153192734805765e-01,-2.054305198913985719e-01,1.299961210116286381e+01,-9.642006321132312596e-01,1.095589796397417187e-01,-2.414828586312908754e-01,1.472124789831084968e+01,-2.106003446325767636e-01,2.369876881954653125e-01,9.484114774107336165e-01,-1.314875062728384281e+00
1.192815159912513773e-01,9.710570046180660997e-01,-2.069304562528496150e-01,1.305328745801989143e+01,-9.624677763356557225e-01,6.191770922650775139e-02,-2.642384847058354413e-01,1.448694109406301500e+01,-2.437779716428955246e-01,2.306826631247462234e-01,9.419967141531609967e-01,-1.339093109942483650e+00
1.677530545196154743e-01,9.531792491518664701e-01,-2.516112709828742799e-01,1.307684616487846263e+01,-9.606714009879776528e-01,1.007667025560653185e-01,-2.587596007489771921e-01,1.431208758659111524e+01,-2.212902438498647317e-01,2.851234656114012278e-01,9.325959668230466848e-01,-1.371133396446928998e+00
2.874926323993182153e-01,9.300851823658604633e-01,-2.286690618766976102e-01,1.310295553347893716e+01,-9.472492455659821120e-01,2.407971512148623927e-01,-2.115079164983687532e-01,1.411305409350587858e+01,-1.416575204173270708e-01,2.774135640343947107e-01,9.502498941851827974e-01,-1.386800043612110622e+00
3.271648532633936735e-01,9.198524349288464963e-01,-2.164131621334728917e-01,1.315528996106143289e+01,-9.327009859950778914e-01,2.775553115550909999e-01,-2.302866034995581512e-01,1.393653940738119168e+01,-1.517630703199864262e-01,2.771904525466619140e-01,9.487536158055100977e-01,-1.418089824755556894e+00
2.693713645341534457e-01,9.331763524297054246e-01,-2.379515985132124312e-01,1.318255919166425727e+01,-9.523952395351590328e-01,2.215055811576796541e-01,-2.094721585957489141e-01,1.365713608421534531e+01,-1.427668577778921644e-01,2.830497708566171999e-01,9.484199763492150437e-01,-1.427333196679230198e+00
2.269149272373289228e-01,9.381813582245605021e-01,-2.613911912762001966e-01,1.321768013402581055e+01,-9.576383571539903716e-01,1.660733308696966670e-01,-2.352624612666615600e-01,1.336999960412373767e+01,-1.773087496551755959e-01,3.037027952682650467e-01,9.361229723930304392e-01,-1.431321310125227786e+00
3.012605002220832828e-01,9.099126792840005473e-01,-2.851333496526600730e-01,1.329103143308150692e+01,-9.450691402759839876e-01,2.451480641322555110e-01,-2.162099598774690767e-01,1.319009136388407200e+01,-1.268322951931013520e-01,3.346062502859349364e-01,9.337838219661112049e-01,-1.482783769372869598e+00
3.804037002099464604e-01,8.924620500017103053e-01,-2.424964209495066858e-01,1.332128352969855456e+01,-9.228065268657219544e-01,3.489990386609341244e-01,-1.631802224160889825e-01,1.300536710455475031e+01,-6.100113802710483563e-02,2.858516404019455504e-01,9.563303303978791803e-01,-1.498893184397440459e+00
3.251773041390015884e-01,9.227633349730626211e-01,-2.068031636660257189e-01,1.335771561525854878e+01,-9.349646573849845765e-01,2.809330142585346191e-01,-2.166050113468968030e-01,1.284206233924220797e+01,-1.417773265154453344e-01,2.637886827159190428e-01,9.541041455507542901e-01,-1.522879006561688620e+00
2.087428439841793326e-01,9.550683922578984131e-01,-2.104062527476407429e-01,1.337835270289416734e+01,-9.614756999795709413e-01,1.610684073944563810e-01,-2.227587180969676783e-01,1.266941962669943322e+01,-1.788600107184058763e-01,2.487997874784478869e-01,9.518969284100526895e-01,-1.559661597423715129e+00
5.214973099111260002e-02,9.686454642802584392e-01,-2.429122682921376064e-01,1.337741362540221601e+01,-9.665740502846137394e-01,-1.218479447576799671e-02,-2.560979033494359403e-01,1.241335579031708924e+01,-2.510279085559001810e-01,2.481481317940153752e-01,9.356321359451014175e-01,-1.591657466440790092e+00
1.615171549128933612e-02,9.605309408574759233e-01,-2.777038597897676930e-01,1.338663451397349036e+01,-9.621448586083448662e-01,-6.064087473953385515e-02,-2.657065211174710062e-01,1.222162704835181657e+01,-2.720595396971303703e-01,2.714829570456875341e-01,9.231904521243258221e-01,-1.649090966718997242e+00
4.381640884110574174e-02,9.542090114733996487e-01,-2.959143199293010063e-01,1.339902753074505526e+01,-9.740679316068246996e-01,-2.500705725066367305e-02,-2.248695437422796317e-01,1.193412044244691650e+01,-2.219724913845608494e-01,2.980936254108994543e-01,9.283686786820845027e-01,-1.701525958467857924e+00
8.388274683487462191e-02,9.573337196319335884e-01,-2.765426441602035768e-01,1.345327650059217106e+01,-9.716093665433208626e-01,1.696612501980978779e-02,-2.359817565980376342e-01,1.165271090038704394e+01,-2.212214357351487415e-01,2.884862212610730392e-01,9.315775740719548503e-01,-1.777147910311699608e+00
3.809118622688500294e-02,9.493259727710738893e-01,-3.119763756345617645e-01,1.346290700333110912e+01,-9.767189854142780403e-01,-3.058784634035165498e-02,-2.123308907991459105e-01,1.148791467171813174e+01,-2.111139148969801149e-01,3.128011845861640161e-01,9.260595736011615342e-01,-1.817546064140225459e+00
-3.652770160757689427e-02,9.431650878186831344e-01,-3.303109809486169945e-01,1.339268793282763070e+01,-9.564507114068534488e-01,-1.287809709475999931e-01,-2.619494191081815360e-01,1.126370679997897817e+01,-2.895993157184409417e-01,3.063577624963389479e-01,9.067949920978002343e-01,-1.882495339109846677e+00
-1.011383877810025922e-01,9.421791888224152478e-01,-3.194830240669900845e-01,1.329423808160135145e+01,-9.564888489094837132e-01,-1.804255981534375330e-01,-2.292938844426108680e-01,1.107202166402747778e+01,-2.736788417632381454e-01,2.823915361353872000e-01,9.194318418948903560e-01,-1.940667225564800757e+00
-2.808872622296138544e-01,9.039420996855287438e-01,-3.224763965521563747e-01,1.317162040717297344e+01,-9.027622762650628907e-01,-3.628999697816082670e-01,-2.309196494134411193e-01,1.095685317061320063e+01,-3.257646673134942383e-01,2.262571376744156315e-01,9.179788064990993535e-01,-1.986565621453171060e+00
-4.653980841457002193e-01,8.060765401204478264e-01,-3.655752107856243271e-01,1.301276339455090358e+01,-7.784769586749857861e-01,-5.693221835109234519e-01,-2.642837039518243225e-01,1.089280125865443694e+01,-4.211629709336437433e-01,1.615947487692503126e-01,8.924734668798572912e-01,-2.009270578000247554e+00
-6.987695206967867723e-01,5.913409035930486946e-01,-4.025383120684706828e-01,1.288661106766939213e+01,-5.469715403255061004e-01,-8.043336593364587284e-01,-2.320980364681303476e-01,1.084225690007397880e+01,-4.610241761763932966e-01,5.799396689461837340e-02,8.854904905106016910e-01,-2.054896236995249481e+00
-7.929960879938343643e-01,4.077142934455907364e-01,-4.526878166536312253e-01,1.274638176398970479e+01,-3.474614268106520076e-01,-9.130288913560825614e-01,-2.136557989566055804e-01,1.083860908296523107e+01,-5.004275784818182915e-01,-1.213665807551764404e-02,8.656933292024282522e-01,-2.108992194771469819e+00
-8.421967231068849813e-01,3.156007009919772899e-01,-4.371508631140870738e-01,1.254419136550836633e+01,-2.375158109886471025e-01,-9.450414944077919488e-01,-2.246838075560616821e-01,1.077051632370357481e+01,-4.840360721252343623e-01,-8.539772468196581146e-02,8.708710062349763747e-01,-2.205357991583333011e+00
-8.448596173093749773e-01,3.577076498274890382e-01,-3.978158673239980403e-01,1.235753568176537165e+01,-2.877080478404029917e-01,-9.307064531231352689e-01,-2.258529993664340485e-01,1.073405785376885824e+01,-4.510391404830800810e-01,-7.635925202517790389e-02,8.892316674424286527e-01,-2.283436406546405006e+00
-8.173437697366252586e-01,3.811580015270446542e-01,-4.320506219699559725e-01,1.218637716699644180e+01,-3.173910443646097423e-01,-9.237214166123484116e-01,-2.144799977825798676e-01,1.074684938714467641e+01,-4.808451798966689728e-01,-3.817489179529526266e-02,8.759740810129942323e-01,-2.343301702208327342e+00
-8.258872460126825965e-01,3.846047918903365836e-01,-4.122977212265079849e-01,1.198968404997613568e+01,-3.224047448648780234e-01,-9.220299581671783651e-01,-2.142800427730990054e-01,1.068906530421944012e+01,-4.625639819119020668e-01,-4.404441278095364010e-02,8.854911926950987944e-01,-2.424081923404849181e+00
-7.935885173860420805e-01,4.301092487868566905e-01,-4.303757650949029956e-01,1.179431358909490335e+01,-3.625955002272941985e-01,-9.023118754950394393e-01,-2.331475553282505997e-01,1.062735336839091005e+01,-4.886120836491223973e-01,-2.897090693483770837e-02,8.720200217101887752e-01,-2.507360433878450756e+00
-7.265826433057657185e-01,5.442100594716391404e-01,-4.194199251545819296e-01,1.165518799733733424e+01,-4.957555343716072427e-01,-8.378971673910537987e-01,-2.283742258179927431e-01,1.050866262389803651e+01,-4.757143182485936150e-01,4.199700046336267423e-02,8.785966875451773905e-01,-2.617428582410775473e+00
-5.803867235335561370e-01,6.982418106738575991e-01,-4.190580210100622871e-01,1.153214384635371736e+01,-6.742546125310497906e-01,-7.006033281754947550e-01,-2.335287862984362917e-01,1.037149653366475910e+01,-4.566530068077771509e-01,1.470147964536495933e-01,8.774136316453660100e-01,-2.664222170512928756e+00
-3.014786789931260813e-01,8.516770858105803255e-01,-4.286685754959775330e-01,1.143561758725761557e+01,-8.718686431490793032e-01,-4.282282401148718165e-01,-2.376250059684377192e-01,1.012841939509575973e+01,-3.859477622761151583e-01,3.021038163832281964e-01,8.716522293442205971e-01,-2.757880899040605627e+00
5.726563272809880208e-03,8.932273696604692281e-01,-4.495687628856299134e-01,1.146959871899380623e+01,-9.693220921991234640e-01,-1.055165603619015596e-01,-2.219931013885435289e-01,9.920523862170549378e+00,-2.457272635419082141e-01,4.370481913689002185e-01,8.652207755095693287e-01,-2.753334086251838286e+00
2.749606200101422648e-01,8.565862100840743176e-01,-4.366425564892113531e-01,1.162259378145876987e+01,-9.556193609711298720e-01,1.935195933315030647e-01,-2.221301508889234888e-01,9.651400729710417181e+00,-1.057747341323286988e-01,4.783411248163871865e-01,8.717806340637709317e-01,-2.746608485749791218e+00
5.076854935292017812e-01,7.583829066455055612e-01,-4.087918866219327207e-01,1.180027407713862786e+01,-8.607438956885233861e-01,4.669068505600949548e-01,-2.027755876208827690e-01,9.450920031854479930e+00,3.708619278048896906e-02,4.548113452938073453e-01,8.898152923484106136e-01,-2.725881829204188644e+00
7.425035768885528409e-01,5.208700597004394250e-01,-4.211683976930835072e-01,1.205421688761567545e+01,-6.317593770932543595e-01,7.535306571668883846e-01,-1.818560919088970662e-01,9.292564653362569871e+00,2.226399060421182241e-01,4.011058832992784318e-01,8.885637527044777384e-01,-2.658090275963042259e+00
8.832088265981062891e-01,2.741506262326640075e-01,-3.805044056977898714e-01,1.223040950146646999e+01,-3.727973017508275921e-01,9.026730248435727022e-01,-2.149501849895781302e-01,9.259786836336298066e+00,2.845423350338099899e-01,3.316969164101320477e-01,8.994513968066972787e-01,-2.587897774970457920e+00
8.958620327799594607e-01,1.833605731123989779e-01,-4.047346271957036890e-01,1.232908302240332787e+01,-2.927657843473787658e-01,9.287879614942785578e-01,-2.272468219772573184e-01,9.295228166167959216e+00,3.342445418235234778e-01,3.220742504628281155e-01,8.857475732114609146e-01,-2.517271745143993211e+00
9.122575455412959000e-01,1.408448243805111577e-01,-3.846412692993137483e-01,1.246841935433398163e+01,-2.481292329234256744e-01,9.371462722237332565e-01,-2.453339524525486315e-01,9.291089294648530839e+00,3.259111142195012523e-01,3.192484924042412464e-01,8.898664763467742933e-01,-2.440594886435535127e+00
9.146965452263606799e-01,5.816400425478326225e-02,-3.999339679997234720e-01,1.266192476933558808e+01,-1.595412789850489677e-01,9.611847682906500268e-01,-2.251009140493679395e-01,9.310062222445756319e+00,3.713176678408519060e-01,2.697050051724969033e-01,8.884719465093628976e-01,-2.367798104086360933e+00
9.086865004104061061e-01,2.726024282956179129e-02,-4.165881937030339044e-01,1.282265320421665322e+01,-1.188267789929610407e-01,9.734802047069536224e-01,-1.954903773536242617e-01,9.252850521089470703e+00,4.002112449270278094e-01,2.271413000856041808e-01,8.878275672839756050e-01,-2.287699747902730785e+00
9.257003236225833653e-01,3.564053991747462985e-02,-3.765749098910195491e-01,1.302835339445565666e+01,-1.144123749550320090e-01,9.753000521752825946e-01,-1.889434219125850356e-01,9.129769277548712481e+00,3.605394836937945158e-01,2.179898165999493154e-01,9.069132927444247816e-01,-2.238738300786566437e+00
9.041745109803899227e-01,1.587869145348956568e-01,-3.965541192143320348e-01,1.315872379824699401e+01,-2.567252745485248955e-01,9.439755023848853677e-01,-2.073701625238904001e-01,9.069110327581190845e+00,3.414097056343766701e-01,2.893042804206129581e-01,8.942832024750111408e-01,-2.190775192980894293e+00
8.515824898365966789e-01,3.488353092817200740e-01,-3.913070277953407672e-01,1.324502219823816773e+01,-4.490982811081516979e-01,8.705039267209724319e-01,-2.013296984278973301e-01,8.954236776424272293e+00,2.704033966306656489e-01,3.471841594337096715e-01,8.979672391178363799e-01,-2.131590143661072467e+00
8.158619934278620311e-01,4.135314412972721509e-01,-4.041793596146519563e-01,1.334692542538922133e+01,-5.299585354271362236e-01,8.143641444654328154e-01,-2.365480732050147250e-01,8.867173640891907738e+00,2.313291127546097115e-01,4.071888840178245483e-01,8.835632712627239371e-01,-2.093304755100863890e+00
7.191912066560991468e-01,5.537577715479903295e-01,-4.196621721322306708e-01,1.345360486683666146e+01,-6.741490719378954166e-01,7.023452461930396185e-01,-2.285479904862635081e-01,8.638129489773492153e+00,1.681875057006718688e-01,4.472845689270296687e-01,8.784358128662275167e-01,-2.084389977204945676e+00
5.924585482908343304e-01,6.902453971440890568e-01,-4.153963893421681597e-01,1.356384332757690103e+01,-8.036474547291563297e-01,5.422795043315223884e-01,-2.451197823295856726e-01,8.425440328468241091e+00,5.606814661161605567e-02,4.790555613948690450e-01,8.759920844574951015e-01,-2.092964226274384831e+00
4.360799832331410109e-01,7.857091683942939442e-01,-4.387429212244051691e-01,1.364960752141039713e+01,-8.997132800030158695e-01,3.705195203816552540e-01,-2.307190906759982452e-01,8.162217626807899862e+00,-1.871528812481509582e-02,4.953548099264712956e-01,8.684891192600610044e-01,-2.095185892493213409e+00
3.417656817011859305e-01,8.266840110562825306e-01,-4.469784834588951261e-01,1.369805865840085524e+01,-9.369223728684854535e-01,2.626232499654566066e-01,-2.306631652346438632e-01,8.011332561946250763e+00,-7.329860864850934465e-02,4.976168952532383227e-01,8.642943593063200369e-01,-2.099668578501451055e+00
2.160647417121375480e-01,8.545379042938857639e-01,-4.723145112251738720e-01,1.372476228119362318e+01,-9.691565987165130514e-01,1.289740139813538855e-01,-2.100028354136528885e-01,7.781420119576667460e+00,-1.185390844958069817e-01,5.031209336159110368e-01,8.560477858182636846e-01,-2.131055539829906031e+00
8.163733373999856879e-02,8.741199281611538030e-01,-4.788002683075243127e-01,1.367685819681503645e+01,-9.813157423269043278e-01,-1.348189452853649183e-02,-1.919313741453302913e-01,7.607641137569907563e+00,-1.742261736973469421e-01,4.855230063667994589e-01,8.566870202631347020e-01,-2.140667649667321371e+00
-1.523646700015841848e-01,8.800594466283208073e-01,-4.497559090612996413e-01,1.354894581298531087e+01,-9.355407224262850541e-01,-2.751566859343206883e-01,-2.214776622319803712e-01,7.365563025310761347e+00,-3.186668542810983662e-01,3.870195971600012830e-01,8.652556081278535149e-01,-2.231109666421236870e+00
-3.158596162598201196e-01,8.248862162121732844e-01,-4.688234562384402393e-01,1.349043349990836482e+01,-8.671988205585832166e-01,-4.514702389446798581e-01,-2.100971893411064384e-01,7.238709048266894541e+00,-3.849661133632398258e-01,3.402019306976253876e-01,8.579415702200303695e-01,-2.252518959427284084e+00
-4.358288996235499813e-01,7.541220935026997640e-01,-4.912769466848864175e-01,1.341868760406349281e+01,-7.626312792299194676e-01,-5.992987647540537477e-01,-2.433814341818183180e-01,7.080889132699648592e+00,-4.779609839652808612e-01,2.685905036582001970e-01,8.363088180520261705e-01,-2.335926978516721597e+00
-5.065204876653334187e-01,7.339630436530077962e-01,-4.524767907052025806e-01,1.332050369883469365e+01,-7.550714368524060749e-01,-6.309561154103464631e-01,-1.782175795928262751e-01,6.929168012183401615e+00,-4.162981153271203549e-01,2.513814451742485412e-01,8.737867292407204278e-01,-2.385329210590640958e+00
-4.768429546764192950e-01,7.476145277542198819e-01,-4.622697421055059763e-01,1.316755551315293005e+01,-7.466920297688850461e-01,-6.220039926030801469e-01,-2.357160280198329905e-01,6.796028114844882673e+00,-4.637583522213715725e-01,2.327736047679319076e-01,8.548360308668926377e-01,-2.490873649880005480e+00
-5.495081037771183397e-01,6.881205201266680227e-01,-4.738470150416413951e-01,1.304408267426822832e+01,-6.878671880410576200e-01,-6.945251545742919808e-01,-2.108875085917630288e-01,6.656276539382930402e+00,-4.742146934667466063e-01,2.100594188418015151e-01,8.549827279285157067e-01,-2.610087959390065215e+00
-5.696251340926775653e-01,6.706528299761443934e-01,-4.751336530439430605e-01,1.284307393103194350e+01,-6.827227223014796786e-01,-7.079586205520521647e-01,-1.807879311217674145e-01,6.464195890619802931e+00,-4.576209032191953519e-01,2.214031915556324559e-01,8.611409499645398258e-01,-2.703752199491289421e+00
-4.837438756103328852e-01,7.281912089567984525e-01,-4.855197483187737029e-01,1.275581948370562735e+01,-7.601476502904048749e-01,-6.245212252546791243e-01,-1.793008336968001382e-01,6.295973535968994561e+00,-4.337826789620213841e-01,2.823310156614504685e-01,8.556411543562570943e-01,-2.795662453207807374e+00
-3.460111570867610009e-01,8.106095583895215340e-01,-4.724282199647053537e-01,1.267330231192288359e+01,-8.628288857915432652e-01,-4.726954964312736207e-01,-1.791236486266190586e-01,6.105064546130558156e+00,-3.685140336747054213e-01,3.456459337257302145e-01,8.629752577470970465e-01,-2.853510124463468411e+00
-2.412808197567032631e-01,8.477297415034046324e-01,-4.723746938481128144e-01,1.261848487335056568e+01,-9.017610445236580174e-01,-3.757249193483245264e-01,-2.136768671622944760e-01,5.925192386409662504e+00,-3.586231791130236046e-01,3.744129676590553513e-01,8.551048737152711077e-01,-2.904878627066107555e+00
-2.352366910856139859e-01,8.439212972451852757e-01,-4.821416215419379592e-01,1.258668316859530378e+01,-9.057030506606222886e-01,-3.703233759105814538e-01,-2.063070073415563532e-01,5.797428530295239746e+00,-3.526551902228732271e-01,3.881461597261898766e-01,8.514557390132987402e-01,-2.939351782211236497e+00
-2.808826972179757075e-01,8.124154270544213796e-01,-5.109658347556433888e-01,1.254116721852165206e+01,-8.726424746315695202e-01,-4.378024539732134346e-01,-2.163888231030414722e-01,5.697253145377373151e+00,-3.994997144835559788e-01,3.851106142123451592e-01,8.319193428142839242e-01,-2.975519076554498543e+00
-2.943586401882581360e-01,8.312553406218897711e-01,-4.715586385955620186e-01,1.249949997638152510e+01,-8.616828972535621745e-01,-4.442532358192956554e-01,-2.452379396520632249e-01,5.678088018297400730e+00,-4.133467981335093300e-01,3.341461074914180429e-01,8.470482886595734895e-01,-3.091322672592672571e+00
-2.849322847955635396e-01,8.317575859410407668e-01,-4.764377307799060879e-01,1.239311921527314553e+01,-8.449390775162629597e-01,-4.526546866014198867e-01,-2.849240073839581222e-01,5.536851847464830279e+00,-4.526494762696013918e-01,3.213768083220963079e-01,8.317604214589443545e-01,-3.122817832770660829e+00
-3.720212961301804233e-01,7.688706989142942705e-01,-5.200365406167718474e-01,1.230013594780053943e+01,-7.702263821857111559e-01,-5.683673579947096099e-01,-2.893265742223157244e-01,5.461794571986501090e+00,-5.180265199878566484e-01,2.929102161365379486e-01,8.036492579926394209e-01,-3.206554976855970018e+00
-4.801144040174985528e-01,7.158382322656383634e-01,-5.070165522758821597e-01,1.220457133684711337e+01,-6.971493452959720560e-01,-6.621863780521882736e-01,-2.747580591639103287e-01,5.326616622882562879e+00,-5.324217777367085125e-01,2.215509556488662324e-01,8.169713732088533797e-01,-3.300091984639501153e+00
-5.028620770074502255e-01,6.963406629285283644e-01,-5.120931679489629795e-01,1.205508101389675524e+01,-6.976663212466965858e-01,-6.767378127894887463e-01,-2.351332323152062476e-01,5.126940056731417172e+00,-5.102856412891226823e-01,2.390305710430194464e-01,8.261192107686391450e-01,-3.351809258949660197e+00
-4.188748879199749586e-01,7.459084248485899904e-01,-5.178459713176474244e-01,1.200174536018747062e+01,-7.552423382462531976e-01,-6.027991493175428594e-01,-2.573755934473495044e-01,4.965833138833024130e+00,-5.041357344905810223e-01,2.832910293707465166e-01,8.158390490088762714e-01,-3.412712473555514769e+00
-2.933007437254988026e-01,8.317862278098774320e-01,-4.712815983633117933e-01,1.197506896604469340e+01,-8.662320131496779041e-01,-4.397937963016325114e-01,-2.371149850373252543e-01,4.679499388986720909e+00,-4.044957022326970408e-01,3.386932062507417296e-01,8.495117061670617309e-01,-3.492850000344501549e+00
-2.176632730564317386e-01,8.608046484017135569e-01,-4.600413642840798789e-01,1.191460144394046772e+01,-8.929807915127255802e-01,-3.658886116667591781e-01,-2.621275068394655627e-01,4.475863546489295075e+00,-3.939644724485503735e-01,3.537525705101918216e-01,8.483225290570618471e-01,-3.541761820096688940e+00
-2.737037431761081274e-01,8.459478141577034815e-01,-4.576664251320875509e-01,1.186904854423903721e+01,-8.756998123346864116e-01,-4.159757030103110043e-01,-2.451816738299767151e-01,4.297425889746174121e+00,-3.977890139865343788e-01,3.336712607146077869e-01,8.546504490870799886e-01,-3.648681782606456370e+00
-4.129315291930347742e-01,7.718968990740000535e-01,-4.833867286120288043e-01,1.175104807035294918e+01,-7.967541846786760917e-01,-5.632817037090772638e-01,-2.188526706796474208e-01,4.128194533069285299e+00,-4.412145978946265812e-01,2.947692308680429085e-01,8.476088597567559280e-01,-3.682710307376551029e+00
-4.683439485141296932e-01,7.196327732311836867e-01,-5.126232706206229617e-01,1.167603691493688878e+01,-7.346530759490017548e-01,-6.394998304602304007e-01,-2.265498286029005437e-01,4.025294434834492563e+00,-4.908551760844144241e-01,2.704970213013963010e-01,8.281863060798657639e-01,-3.764789093871597547e+00
-6.059083297588691019e-01,6.298878036773440936e-01,-4.859181522719062674e-01,1.150586993314993300e+01,-6.209689233997300883e-01,-7.562718708905029619e-01,-2.060350782550277038e-01,3.948406035363572375e+00,-4.972652130408823368e-01,1.769017017394293456e-01,8.493721774470261998e-01,-3.876459717616651979e+00
-7.346717154656906557e-01,4.602723178192951181e-01,-4.984043177420790505e-01,1.129232989164945344e+01,-4.151855372551518930e-01,-8.860474696609990097e-01,-2.062543361034833156e-01,3.920816019191894153e+00,-5.365430459421182130e-01,5.540103750464815680e-02,8.420524240773643587e-01,-3.969369184548741547e+00
-7.827169907458020326e-01,3.208899004225992946e-01,-5.332764613262097608e-01,1.113347524597241467e+01,-2.467801783484567246e-01,-9.466177540800271295e-01,-2.073990627625541816e-01,3.900024050232666184e+00,-5.713612307219799735e-01,-3.073271005389164451e-02,8.201230667165816390e-01,-4.078449097143788116e+00
-8.432997518142231197e-01,2.177928284231218092e-01,-4.913367607634505640e-01,1.093359856377808192e+01,-1.319023479244683661e-01,-9.701213689881219571e-01,-2.036327577886749285e-01,3.898939157615340712e+00,-5.210060452644259543e-01,-1.069149817381352119e-01,8.468304951274839842e-01,-4.133987695678648322e+00
-8.439007748605583670e-01,1.421725116848305270e-01,-5.173185277089635825e-01,1.082145571510360860e+01,-6.638737597034172211e-02,-9.845104041687935403e-01,-1.622713172287935657e-01,3.899076315494390155e+00,-5.323759935435824486e-01,-1.025974707515854151e-01,8.402675529222007889e-01,-4.192636137469057722e+00
-8.775189811954215990e-01,1.103694248603974831e-01,-4.666680058646917595e-01,1.064573915754431255e+01,-2.816936152608192148e-02,-9.833372469177803499e-01,-1.795949495263428342e-01,3.981524979850602719e+00,-4.787138233986527602e-01,-1.444522373663431614e-01,8.660061353171255583e-01,-4.323324455051716697e+00
-8.631629496695606418e-01,1.947946593902379619e-01,-4.658377002677844270e-01,1.050440120680109501e+01,-1.081454404329467711e-01,-9.724994996485718524e-01,-2.062747849273820488e-01,4.003847073287172265e+00,-4.932081568985874909e-01,-1.276705285346445840e-01,8.604916909025821514e-01,-4.394753265287073773e+00
-7.946115896486787289e-01,3.456214426660236816e-01,-4.991374960523902726e-01,1.031132180926940123e+01,-2.587499211492901297e-01,-9.365283518509854854e-01,-2.365652647463470926e-01,3.918679120901922275e+00,-5.492184446112774454e-01,-5.882571332954691923e-02,8.336058034527119576e-01,-4.512242540002107560e+00
-7.014766604679210094e-01,5.298896269240586099e-01,-4.765999140757883890e-01,1.010945932055925844e+01,-4.357373014584893789e-01,-8.480578478170895940e-01,-3.015474935619861796e-01,3.818220613709799149e+00,-5.639711862643713713e-01,-3.856168321603525590e-03,8.257854630770848914e-01,-4.689888386852886448e+00
-4.996804906020878012e-01,7.243652345192463926e-01,-4.749888570603817417e-01,9.989430346868431343e+00,-6.655246900035243218e-01,-6.720299154798231589e-01,-3.247347836248697384e-01,3.591420071672231984e+00,-5.544333091611346465e-01,1.538531758530004845e-01,8.178831860189947900e-01,-4.814315733876370906e+00
-2.207085833028933908e-01,8.541146040929300520e-01,-4.709309549515734439e-01,1.004951234322927078e+01,-8.613268660918469433e-01,-3.972196552437142203e-01,-3.167531771529037976e-01,3.475292172862280982e+00,-4.576065460685902475e-01,3.357153385879720897e-01,8.233416425955514262e-01,-4.791028058981678051e+00
1.204040509899985678e-01,8.791524266021846223e-01,-4.610790336858553995e-01,1.006177514703168718e+01,-9.488893663442491411e-01,-3.457282041780257442e-02,-3.137095639714611028e-01,3.383750066087675368e+00,-2.917393270438609076e-01,4.752848944452613966e-01,8.300556813661083000e-01,-4.824303790173255280e+00
4.084794203219203612e-01,7.864238903668092640e-01,-4.633379197020192630e-01,1.013976663693366120e+01,-9.032392365116856947e-01,2.751096240654117842e-01,-3.293532698674348502e-01,3.190615064334912709e+00,-1.315425588897072284e-01,5.530390215951456190e-01,8.227055340726926458e-01,-4.840247096815487815e+00
5.347565525234434514e-01,7.129900114411323875e-01,-4.535203116933241296e-01,1.029481549324733614e+01,-8.416933966620264718e-01,4.019641348642607470e-01,-3.605233145004127504e-01,3.048152601490602187e+00,-7.475062239726912305e-02,5.745172563709433078e-01,8.150719395140696433e-01,-4.846565744998997616e+00
4.556677096101088842e-01,7.342008127556214347e-01,-5.033051807478803319e-01,1.038746595912610182e+01,-8.823084982538474952e-01,2.976421424909181379e-01,-3.646105715999645169e-01,2.901174555324594895e+00,-1.178925456834096358e-01,6.102117022496346133e-01,7.834175298714541880e-01,-4.835529953126812330e+00
4.112090038317577911e-01,7.833964656098563184e-01,-4.660441318562787427e-01,1.045933248929283899e+01,-8.890650971775921896e-01,2.318524315438678651e-01,-3.947248446295103519e-01,2.721882384494244800e+00,-2.011725829935312460e-01,5.766579815255976627e-01,7.918302622371391486e-01,-4.847270644548774321e+00
3.083622756578352497e-01,8.165343311711261709e-01,-4.880413844850014504e-01,1.050404290146358299e+01,-9.273814847260904992e-01,1.437896486271909302e-01,-3.453811209879563693e-01,2.525819817439129533e+00,-2.118402434344108243e-01,5.591030521885799187e-01,8.015781236380307151e-01,-4.909128197361099843e+00
2.612895940226779845e-01,8.280027351918224365e-01,-4.961241967192479563e-01,1.054660481851517062e+01,-9.232225551420442100e-01,6.434346939982951707e-02,-3.788403774976802918e-01,2.363023352994353843e+00,-2.817585166990644319e-01,5.570200969987072481e-01,7.812430798458929182e-01,-4.947598185701805207e+00
1.987502901423380264e-01,8.359697134259416185e-01,-5.115202443724780057e-01,1.056976591437103785e+01,-9.301125687319047319e-01,-3.587774339635310932e-03,-3.672570453540982549e-01,2.218154566505041281e+00,-3.088509861652897204e-01,5.487638527726038662e-01,7.768328663457142458e-01,-5.018351931578173719e+00
1.721421199050381934e-01,8.261466606790683898e-01,-5.365154104062789253e-01,1.060500563993497813e+01,-9.450500883805491581e-01,-1.516542264127500143e-02,-3.265736370376888242e-01,1.926098797174445654e+00,-2.779342026568754620e-01,5.632510142067488346e-01,7.781393666873294146e-01,-5.057793435702629736e+00
2.828268831961981977e-01,7.930340230925798650e-01,-5.395423916237865880e-01,1.066793442441073125e+01,-9.234737983206892098e-01,7.310417764780201277e-02,-3.766323446354468696e-01,1.682906857575757087e+00,-2.592394606472566698e-01,6.047750138919693041e-01,7.530219682155960825e-01,-5.093476780326539277e+00
3.993433282757931080e-01,7.570246548540123799e-01,-5.171446394431346016e-01,1.073519471726922347e+01,-9.094188771631049883e-01,2.556518403491597202e-01,-3.280235393771026020e-01,1.477063705944099414e+00,-1.161129278806044413e-01,6.012951093009547554e-01,7.905453684069935205e-01,-5.101275479402969104e+00
5.402762934621041513e-01,6.730615139433652194e-01,-5.050640802622076153e-01,1.082518403805982743e+01,-8.410038560755315196e-01,4.115395268870566947e-01,-3.512089575675151343e-01,1.275360111190113610e+00,-2.853140005210887814e-02,6.145107128910278771e-01,7.883923788020975598e-01,-5.076160155487952075e+00
5.793051783464902016e-01,6.533083176407310511e-01,-4.874358957261690772e-01,1.097774094706570835e+01,-8.150944125706409693e-01,4.605173069065776614e-01,-3.514895569368045036e-01,1.147823972961741212e+00,-5.158385121260180423e-03,6.009259955609732584e-01,7.992880200040511918e-01,-5.054781855406903723e+00
6.102738033913647220e-01,6.192815319803633978e-01,-4.940205147990172629e-01,1.109584999382525616e+01,-7.898064420340326075e-01,5.239805320886612439e-01,-3.188262632118348816e-01,9.976292311112223699e-01,6.141391548970279862e-02,5.847519013565787294e-01,8.088841356115795689e-01,-5.006195716564924680e+00
7.076358528939373782e-01,5.033138810847056499e-01,-4.959099079535662091e-01,1.127782175887260685e+01,-6.882478403812504197e-01,6.498165606892505330e-01,-3.225730113703482727e-01,8.880387078256140043e-01,1.598949965121178873e-01,5.695731511943318282e-01,8.062381878384025091e-01,-4.972937224880148221e+00
7.862280800779266610e-01,3.934032642098923005e-01,-4.765283599178259388e-01,1.143082104228010643e+01,-5.633872077834668479e-01,7.731543647992280555e-01,-2.912510640286957719e-01,7.927275742395391012e-01,2.538508621275914479e-01,4.974597470156764123e-01,8.295140383960842856e-01,-4.852860351119817395e+00
8.548233872496946439e-01,2.426132522856292162e-01,-4.587110053468767545e-01,1.154537871069348931e+01,-4.133333727189202333e-01,8.527932983669154199e-01,-3.192164050566259070e-01,7.005871047289797815e-01,3.137395410332524670e-01,4.624742155794895337e-01,8.292678097673770177e-01,-4.792438152757763525e+00
8.715982493444849322e-01,2.340962695453583098e-01,-4.307150198502140981e-01,1.173937509659564782e+01,-3.895861967783957880e-01,8.640765104065172286e-01,-3.187387322611380247e-01,6.001073683341470177e-01,2.975551831498980393e-01,4.456127475158672135e-01,8.443282491022039427e-01,-4.749770728304790524e+00
8.583659526516237426e-01,2.192394210775257812e-01,-4.638339870838014134e-01,1.193581603758484100e+01,-3.975257139329487210e-01,8.557435344684930500e-01,-3.311741384490445861e-01,4.534020554234581279e-01,3.243165091242893316e-01,4.686545417052520035e-01,8.216944215756109005e-01,-4.645831884496685937e+00
8.673990371409286970e-01,1.939104353645415557e-01,-4.582768305551983001e-01,1.212511213461936244e+01,-3.661361258220626191e-01,8.723834691479274150e-01,-3.238694492004985936e-01,4.334446032374392188e-01,3.369914653741185595e-01,4.487157516893722775e-01,8.277021967174236217e-01,-4.549310975399529333e+00
8.635241593729672260e-01,2.010632827076963836e-01,-4.624927918638404023e-01,1.232058462563467671e+01,-3.731737820426909713e-01,8.716229915369966275e-01,-3.178280809180452637e-01,3.350183892105402239e-01,3.392157935225892929e-01,4.470424107071935271e-01,8.276990566950912509e-01,-4.489964746687491015e+00
8.822461030896395773e-01,1.909873353889073588e-01,-4.303087859946443938e-01,1.247286922960729605e+01,-3.420364437624077159e-01,8.880892580697788974e-01,-3.070969567407523804e-01,1.943345741097228796e-01,3.235009810209327763e-01,4.181163802365460702e-01,8.488379161279172580e-01,-4.388540860979992964e+00
8.818676034830194022e-01,2.416631267259987392e-01,-4.048561017301388620e-01,1.267774399669884389e+01,-3.818423281788231316e-01,8.697706947393403221e-01,-3.125625937050334202e-01,4.068203441863288417e-03,2.765971191789379224e-01,4.302300219111356849e-01,8.592998090935778377e-01,-4.332923155472750310e+00
8.623379222713553061e-01,2.802539492557936107e-01,-4.217001680569353872e-01,1.278376356322566920e+01,-4.339265762390431824e-01,8.382309993864806019e-01,-3.302673433765443423e-01,-8.644860252122602007e-02,2.609234260203162070e-01,4.677889648057872996e-01,8.444480150724220646e-01,-4.258935946779971893e+00
8.765442352845932428e-01,2.712560408490666264e-01,-3.976057895607552628e-01,1.299743038669973672e+01,-4.135912224175957164e-01,8.470131399598248567e-01,-3.339326900357518224e-01,-1.648793679102589227e-01,2.461960688728841995e-01,4.571530389686639384e-01,8.546336025650153045e-01,-4.146586640421117131e+00
9.075104281710902887e-01,7.988717023617944446e-02,-4.123625380564710508e-01,1.326858109139670994e+01,-2.275504396368779048e-01,9.187052760435567844e-01,-3.228024367795140903e-01,-1.615881804221357132e-01,3.530518661355341314e-01,3.867798544409795092e-01,8.519129791339223878e-01,-4.004599284969178719e+00
8.623636280877220450e-01,-2.550878132662696696e-01,-4.373318882432521426e-01,1.343886895922585367e+01,1.475537790784477721e-01,9.529284284080532519e-01,-2.648684439706303073e-01,-1.116338736888649597e-01,4.843107011320779698e-01,1.638829394866587186e-01,8.594099876742010702e-01,-3.838804362523896341e+00
7.429659230529885861e-01,-5.156935656673552471e-01,-4.266869854018337516e-01,1.357934936216458333e+01,4.410237712518002562e-01,8.567080871126697694e-01,-2.674869841068658882e-01,4.847514095868071804e-02,5.034875076631554203e-01,1.055461060564020365e-02,8.639380358695353257e-01,-3.745919388074897327e+00
5.841966236835564041e-01,-6.794859372764596728e-01,-4.438616517793120275e-01,1.372632713957697703e+01,6.259524851959638037e-01,7.253257402791192243e-01,-2.865066434928541517e-01,2.816503222243931237e-01,5.166215163480187833e-01,-1.104600902230114673e-01,8.490587596357516142e-01,-3.589374133372753573e+00
4.826211199431751364e-01,-7.673981187274726556e-01,-4.221101538204525827e-01,1.375927143316387458e+01,7.333855276903221698e-01,6.175561153242992152e-01,-2.842008307516810106e-01,4.663734592525582423e-01,4.787718896919280764e-01,-1.724081546768982676e-01,8.608442982570833069e-01,-3.516013198813864982e+00
2.971009610591646699e-01,-8.550314009101244173e-01,-4.250321427790913487e-01,1.374283087277473214e+01,8.550821072307100978e-01,4.363414389313617359e-01,-2.800727379899628500e-01,6.457207244797784629e-01,4.249301222926030186e-01,-2.802275006650399858e-01,8.607595128951069929e-01,-3.459349939645624428e+00
1.222502666788741338e-01,-8.820747212003509086e-01,-4.549714919819288772e-01,1.371990763683442260e+01,9.104705233464398528e-01,2.821523101736553296e-01,-3.023797281249629987e-01,8.655006611982420939e-01,3.950927719083228706e-01,-3.772721300109358467e-01,8.375962282047435536e-01,-3.314147227732596068e+00
-3.284485040880181367e-02,-8.963469558015954020e-01,-4.421349914074108600e-01,1.370345687120211231e+01,9.597651492056334943e-01,9.514782833188772937e-02,-2.641926364114090542e-01,1.047678663735692517e+00,2.788764496545190763e-01,-4.330231236192059185e-01,8.571574535866557376e-01,-3.269912661648920249e+00
-8.065738110771192293e-02,-8.901634524310435559e-01,-4.484455539180710604e-01,1.368848668171173166e+01,9.700796234536522844e-01,3.325931576217279473e-02,-2.404981124147335114e-01,1.233172890490282114e+00,2.289976223301537217e-01,-4.544258419930285453e-01,8.608468174397039263e-01,-3.227852416220360343e+00
-1.304460831397548093e-01,-8.874804027972648113e-01,-4.419981380552364669e-01,1.364809642126738432e+01,9.644107938718723405e-01,-1.016584043658658870e-02,-2.642129375175268913e-01,1.504288503407179789e+00,2.299905216675671993e-01,-4.607333180257513483e-01,8.572217738742208271e-01,-3.123723522595621915e+00
-1.548284887639442275e-01,-8.967946032738484119e-01,-4.144726512159387921e-01,1.363838770514705878e+01,9.700171550317331359e-01,-5.844146692469141813e-02,-2.359053070361719628e-01,1.677363882239544024e+00,1.873362164964753884e-01,-4.385704441507505824e-01,8.789545537206133741e-01,-3.074485674788066003e+00
-6.688641670290015884e-02,-9.225213760881939562e-01,-3.801059298682225029e-01,1.367110652424584494e+01,9.630332016310277909e-01,3.994299836534752346e-02,-2.664049726222762482e-01,1.811092557462552266e+00,2.609468524756271002e-01,-3.838735046104722048e-01,8.857470703542522639e-01,-3.001197319420195964e+00
1.365010142606397359e-01,-9.243264151336199053e-01,-3.563539692385125912e-01,1.368486829255417980e+01,9.396012498164325599e-01,2.347756454135343507e-01,-2.490580006023776216e-01,1.911733597023765219e+00,3.138741219807910099e-01,-3.008339651816016036e-01,9.005453686205410202e-01,-2.953334949284230682e+00
4.591106186497248554e-01,-8.166287657153233903e-01,-3.497640616892041532e-01,1.384783674557449906e+01,7.994900467274526079e-01,5.514641735633255548e-01,-2.381237713036052639e-01,2.029171981691420878e+00,3.873410706687318017e-01,-1.703077340650811511e-01,9.060696279485488391e-01,-2.884373409962674106e+00
5.790868838856472189e-01,-7.399157976379310275e-01,-3.423200159462344017e-01,1.393259264112298901e+01,6.989748822718941934e-01,6.667224618567374472e-01,-2.586798654875954728e-01,2.098115157273290787e+00,4.196337627796395964e-01,-8.947497561616128692e-02,9.032727903982783468e-01,-2.818588797835129167e+00
6.929967249203552448e-01,-6.491240861974576504e-01,-3.136773182236358148e-01,1.418589771352423412e+01,6.032161909721978077e-01,7.603546436148407306e-01,-2.408132946544664921e-01,2.199174623383200355e+00,3.948237153447726189e-01,-2.233241258040875518e-02,9.184854365474131033e-01,-2.638073583281465684e+00
5.869741912291671637e-01,-7.185852868044991792e-01,-3.729564108833038905e-01,1.433876013854267306e+01,6.987167203899873336e-01,6.823291039336282227e-01,-2.149928802834867592e-01,2.299713932254753956e+00,4.089697341837431055e-01,-1.343956082363733651e-01,9.025971288501074552e-01,-2.521405827787996934e+00
4.779473719912779028e-01,-8.016444901940216194e-01,-3.590716097774831472e-01,1.446378320711908749e+01,8.040102380190349285e-01,5.638796425504291054e-01,-1.886989291908479915e-01,2.438409173686753473e+00,3.537426278626909504e-01,-1.985090931387379909e-01,9.140351706439076018e-01,-2.411173009049766947e+00
3.691383547738218418e-01,-8.444776526891741852e-01,-3.880649032616239613e-01,1.452806740876405378e+01,8.636885187749967496e-01,4.659018738807200188e-01,-1.922955705435858698e-01,2.604606306491728418e+00,3.431894776521054458e-01,-2.641835309458418490e-01,9.013479042000742680e-01,-2.305024443453746574e+00
2.457531921153293386e-01,-8.725057851583047919e-01,-4.223020523634841705e-01,1.451445758466642921e+01,9.150780722018988511e-01,3.525324822173753758e-01,-1.958391451087079238e-01,2.756368122164720713e+00,3.197459778329971858e-01,-3.383112529120808065e-01,8.850468946969319850e-01,-2.212533956180330552e+00
1.104448149485018488e-01,-9.035101468108318601e-01,-4.140910014246323434e-01,1.446250373476012463e+01,9.590098199967317383e-01,2.062766201676058397e-01,-1.942939039755561259e-01,2.928757316708584302e+00,2.609638059210984129e-01,-3.756585824683015828e-01,8.892572864008959632e-01,-2.163169475176473178e+00
-4.873096215952200244e-02,-9.082070327792379771e-01,-4.156744867529566512e-01,1.444904122221653608e+01,9.802093247283159005e-01,3.646108645848129132e-02,-1.945771540801311816e-01,3.192263553986702362e+00,1.918722831538303975e-01,-4.169299398994923966e-01,8.884562184895469228e-01,-2.047842263261823170e+00
-5.863812742184583426e-02,-9.117323258502065819e-01,-4.065780810769645814e-01,1.445016883128553253e+01,9.861054665227477756e-01,1.050994095529150102e-02,-1.657876655094323026e-01,3.341229799800579325e+00,1.554270854980266403e-01,-4.106503465734371860e-01,8.984479472694613111e-01,-2.039370628996096446e+00
-5.978635793097449025e-02,-9.267395742649394696e-01,-3.709169083454983418e-01,1.438282279303587252e+01,9.801982845882986073e-01,1.576785529317229970e-02,-1.973897100398287474e-01,3.541022480787965776e+00,1.887774199831748489e-01,-3.753733291413859363e-01,9.074458383142282036e-01,-1.962574076578708748e+00
-9.297631008530797547e-02,-9.227259515631710540e-01,-3.740751583235055744e-01,1.434263946487042851e+01,9.859054443468561191e-01,-3.283642805900525291e-02,-1.640494553467067018e-01,3.721802959498585750e+00,1.390893977632603196e-01,-3.840554482156984806e-01,9.127735492035776721e-01,-1.956854836958003885e+00
-1.097706745243250404e-01,-9.268002297553836755e-01,-3.591541913159823629e-01,1.432588321476706383e+01,9.780710500376988970e-01,-3.637413890747509537e-02,-2.050705807688903703e-01,3.918634034434687941e+00,1.769955369285496072e-01,-3.737890530019604696e-01,9.104692876551495617e-01,-1.898270436820346685e+00
-6.900668020274076941e-02,-9.265356337299291978e-01,-3.698240088421380634e-01,1.432669137039696849e+01,9.835723279279728892e-01,-1.204443997137335512e-03,-1.805104568965546219e-01,4.078310438001826022e+00,1.668039382680824856e-01,-3.762050886728290355e-01,9.113979248577045444e-01,-1.873794419055193616e+00
5.182974149360490557e-02,-9.398598507803964663e-01,-3.376050040916927508e-01,1.437827102176649774e+01,9.722336214686426725e-01,1.247368283538678180e-01,-1.979962346565780351e-01,4.330259480377771197e+00,2.282004890062056257e-01,-3.179688420950453343e-01,9.202284239655218467e-01,-1.796880462137385503e+00
1.131096250368354150e-01,-9.343571590281740669e-01,-3.379096211959948803e-01,1.439965879002414617e+01,9.668848662700315622e-01,1.818178131934329589e-01,-1.790975661016581122e-01,4.502967796451172511e+00,2.287790814344844159e-01,-3.064620403546786664e-01,9.239811414307351756e-01,-1.740161753478307149e+00
1.472218958438366032e-01,-9.240906980576371055e-01,-3.526784585815955775e-01,1.445540754844131293e+01,9.577997645537382754e-01,2.221870486836839409e-01,-1.823527527021032713e-01,4.705418328856119103e+00,2.468710683837753717e-01,-3.109490266274822501e-01,9.178046515650690740e-01,-1.670327951928543664e+00
1.550851729269267509e-01,-9.271680697155934014e-01,-3.410395279701169957e-01,1.457146218396795767e+01,9.657326585758402304e-01,2.150070628848806953e-01,-1.453698561244839704e-01,4.916162108883889381e+00,2.081081961342736153e-01,-3.068083007506032245e-01,9.287408924410883726e-01,-1.579730148811524737e+00
2.523805687744821724e-01,-9.122930438886824867e-01,-3.225297669632771758e-01,1.468166488467004527e+01,9.443105288220605686e-01,3.049468285623916364e-01,-1.236327501333531476e-01,5.194603497607729103e+00,2.111437274959054311e-01,-2.733657510041395122e-01,9.384505807537660838e-01,-1.474182684423554379e+00
2.356140196901511941e-01,-9.291092130199887222e-01,-2.850300054499891877e-01,1.470621533726155761e+01,9.612261584989647556e-01,2.660318538739897543e-01,-7.260389067872173585e-02,5.482635390475891768e+00,1.432840044902712606e-01,-2.568718026676744537e-01,9.557649141140798221e-01,-1.425007761118299188e+00
1.657541508205846448e-01,-9.328562837513207917e-01,-3.198510830862024146e-01,1.472458129939689364e+01,9.698151708654063619e-01,2.130123536623552694e-01,-1.186771736540894323e-01,5.649847728195910079e+00,1.788409792107106266e-01,-2.905251986539105213e-01,9.400058580147589993e-01,-1.311738473277813233e+00
1.420147485737157100e-01,-9.403825366886684467e-01,-3.090509600025925230e-01,1.473870447879254897e+01,9.838907538631316285e-01,1.683505867180206395e-01,-6.014203533580485955e-02,5.893647243698542759e+00,1.085854301929083526e-01,-2.955313259921499847e-01,9.491419491873415160e-01,-1.224546117219642571e+00
2.424784701309721791e-01,-9.023144936045558451e-01,-3.564165346249972277e-01,1.479693055483817510e+01,9.449148591643976580e-01,3.029127611808445919e-01,-1.240151927955588651e-01,6.083009759780791725e+00,2.198638225203632945e-01,-3.067122653969779345e-01,9.260601955606294622e-01,-1.130274872738926684e+00
3.245971066963518892e-01,-8.918175728443223926e-01,-3.151160660620365150e-01,1.485833234235381184e+01,9.232121563227293493e-01,3.711840041780096189e-01,-9.950753469115980465e-02,6.313991233338086317e+00,2.057086112497223118e-01,-2.586191249858314500e-01,9.438220782802640985e-01,-1.020507871558708368e+00
2.764667764594613275e-01,-8.966247264925257809e-01,-3.458760202100057968e-01,1.496193905736903318e+01,9.272844333254073312e-01,3.434118125850946779e-01,-1.490365951348677220e-01,6.590086438446334682e+00,2.524078073802164535e-01,-2.795217823698522563e-01,9.263681082346778561e-01,-9.406674726971132605e-01
2.446007445864852858e-01,-8.947852616155514971e-01,-3.735368942197289654e-01,1.498258464088161901e+01,9.362048522066439560e-01,3.182107583290801900e-01,-1.492058577548627529e-01,6.799623539472084310e+00,2.523706608393084805e-01,-3.132111889432063201e-01,9.155368920301996116e-01,-8.425316300140820447e-01
3.350163861553814293e-01,-8.773701911940448017e-01,-3.434902744059990520e-01,1.511673674529335365e+01,9.039388021072930490e-01,4.021376555617417470e-01,-1.455333227275968644e-01,7.012466339410022620e+00,2.658169728445055058e-01,-2.617381393366803310e-01,9.278116637358896357e-01,-7.332776039527635348e-01
3.913385982584232092e-01,-8.526238468969946638e-01,-3.462465555290009656e-01,1.519574042692969940e+01,8.732928807743275401e-01,4.627317263140969805e-01,-1.524430839731619192e-01,7.192805166668160055e+00,2.901958750602848802e-01,-2.427177891398616116e-01,9.256751206190305670e-01,-6.616114002743523903e-01
3.979918490802518138e-01,-8.572324084532099153e-01,-3.267339681808214547e-01,1.528746883198186168e+01,8.717792622597205776e-01,4.643071899091879007e-01,-1.562682030757604201e-01,7.391363774810130849e+00,2.856630987012061529e-01,-2.226464266412977178e-01,9.321079136796821540e-01,-5.883994823560276810e-01
3.162712858661214654e-01,-8.786899105740103577e-01,-3.575982589331533901e-01,1.532944422209195778e+01,8.947434866539271114e-01,4.015673993110013829e-01,-1.953911894148989414e-01,7.531136253271758285e+00,3.152880695918572895e-01,-2.581620902960631292e-01,9.132063120166280523e-01,-4.874496068546638750e-01
3.160511344652183197e-01,-8.791385358759881141e-01,-3.566891015170876589e-01,1.541122041271245102e+01,9.048038218596679005e-01,3.923892383927564675e-01,-1.654107902819136333e-01,7.793347968582819973e+00,2.853799648738198358e-01,-2.704553943469655275e-01,9.194629711506866476e-01,-3.846163301224944653e-01
3.471709923103662443e-01,-8.625113451004493559e-01,-3.681663777034021034e-01,1.546211474029005473e+01,8.820172101306066326e-01,4.336862127001853140e-01,-1.842875740444464561e-01,7.959719054256921389e+00,3.186188053641102469e-01,-2.607497813743659965e-01,9.113131231259491427e-01,-3.154030345899114796e-01
4.217620476745741476e-01,-8.425212057152171585e-01,-3.350743097605693999e-01,1.555277488579427825e+01,8.454547845197007971e-01,4.989532112929188079e-01,-1.903993179431766325e-01,8.131823184975079499e+00,3.276018657976360604e-01,-2.029869721451535436e-01,9.227531125199492923e-01,-1.901391439748866541e-01
4.270604988188871909e-01,-8.399654818366791842e-01,-3.347795090375661475e-01,1.563682358115231885e+01,8.466932487287567310e-01,5.014249119767091312e-01,-1.779988769804177473e-01,8.328015404467755900e+00,3.173796983200133370e-01,-2.074392609223764394e-01,9.253318756653092780e-01,-9.152340040896667084e-02
3.691658427446572466e-01,-8.577627608301444662e-01,-3.577144485251757544e-01,1.575541136218481419e+01,8.698740845407328948e-01,4.544111166887604969e-01,-1.919104324264110095e-01,8.484127681085714912e+00,3.271630443602160376e-01,-2.403197519196433318e-01,9.138986591752065181e-01,1.870508356029391972e-02
3.429827139327987218e-01,-8.694142695604042403e-01,-3.556426378094109109e-01,1.578757081196174639e+01,8.853741612423279284e-01,4.256942794038388600e-01,-1.868073207539980018e-01,8.659822827871755280e+00,3.138079867494324993e-01,-2.508051202977957250e-01,9.157627089397558651e-01,5.781950597103383688e-02
2.117861550906797452e-01,-9.095081687673370885e-01,-3.576891324284074414e-01,1.577859411710688242e+01,9.399695830935378416e-01,2.897688493087966499e-01,-1.802531465168167035e-01,8.930431737911664669e+00,2.675888775171033074e-01,-2.980417838420266752e-01,9.162790446765675112e-01,9.342080277820978551e-02
-8.233747511573405453e-02,-9.320184352976201847e-01,-3.529336714694943922e-01,1.571044699759062269e+01,9.811279234421358408e-01,-1.363746504416809766e-02,-1.928782449870592164e-01,9.245082516925130278e+00,1.749529594882160144e-01,-3.621541878986636598e-01,9.155521864720644887e-01,1.310142650077854576e-01
-3.354652075278089507e-01,-8.428505519169606774e-01,-4.207921597078470577e-01,1.551958729414831950e+01,9.410547085307833237e-01,-2.792674296159882719e-01,-1.908552810579730585e-01,9.472148411240313592e+00,4.334893413180899296e-02,-4.600137496738000431e-01,8.868529867011163415e-01,1.335213585032735129e-01
-5.370942277879617865e-01,-7.327698038940372305e-01,-4.178255676450911005e-01,1.535898491948056588e+01,8.384552983497169931e-01,-5.179831356975035384e-01,-1.693699613339540999e-01,9.638614625195332408e+00,-9.231740435117144483e-02,-4.412956895711436789e-01,8.926004768202820960e-01,1.049771675408305849e-01
-6.414531942761914074e-01,-6.154563145045420791e-01,-4.579861618972260739e-01,1.521182111673893722e+01,7.405214820578971402e-01,-6.526932006801891006e-01,-1.600609896152784262e-01,9.766127583143768831e+00,-2.004139071113672510e-01,-4.418202244378726107e-01,8.744307606174590575e-01,7.171052586710000010e-02
-6.537353975668277473e-01,-5.964219710386995388e-01,-4.657369025860517708e-01,1.502524759180511715e+01,7.199950136573574078e-01,-6.796579153208870405e-01,-1.402579710754572051e-01,9.865397349389844806e+00,-2.328888367369306711e-01,-4.270198480211123693e-01,8.737372826653038160e-01,2.332095862808019476e-02
-7.015858102778718131e-01,-5.216735916158175002e-01,-4.854214814235052189e-01,1.486660477924956147e+01,6.544955360615307693e-01,-7.411473049747853148e-01,-1.494532221269858907e-01,9.953080632337643507e+00,-2.818030235683584017e-01,-4.225604526446617437e-01,8.614114694897401225e-01,-2.345943618970408595e-02
-7.681549155919068506e-01,-4.136455648964630916e-01,-4.887078598646347749e-01,1.474041585924595310e+01,5.395784031462772523e-01,-8.291196364081995229e-01,-1.463412975904103408e-01,1.000252231527570324e+01,-3.446638543713299030e-01,-3.761089937289679996e-01,8.600865376961119857e-01,-7.791811410462465282e-02
-8.520301746135452436e-01,-2.696296620720382564e-01,-4.487141928654867495e-01,1.452795826875704499e+01,3.846949768540667280e-01,-9.038276520114731927e-01,-1.873642181492312930e-01,1.005055516850435460e+01,-3.550413445378686750e-01,-3.322580635445014363e-01,8.738136087738643809e-01,-1.478708638734836378e-01
-8.715348541726475329e-01,-1.410946975673051107e-01,-4.695948086176505165e-01,1.436533126704151542e+01,2.434511185322136007e-01,-9.558380454550503558e-01,-1.646365200861568123e-01,1.010499611452939561e+01,-4.256272440148454184e-01,-2.578098469396701842e-01,8.673958335000663267e-01,-2.414550960335152263e-01
-8.676919967876978168e-01,-1.435364141593508669e-01,-4.759284573555654374e-01,1.420997171976989826e+01,2.469474470058375670e-01,-9.553763318583148312e-01,-1.620895522303846259e-01,1.018518180849795129e+01,-4.314250307155040876e-01,-2.581731247345913638e-01,8.644183481028773208e-01,-3.172370107306040632e-01
-8.785264527480757257e-01,-1.975080261790818081e-01,-4.349504010996212422e-01,1.404438653356917399e+01,2.969534696147005381e-01,-9.390169981235071406e-01,-1.733946773084605320e-01,1.022719863589060729e+01,-3.741789795080302516e-01,-2.814918414980389083e-01,8.836019660822262978e-01,-3.583632323307608392e-01
-8.423016524002123750e-01,-2.483786676043477637e-01,-4.783680213423090466e-01,1.382591808542215261e+01,3.668095638238063616e-01,-9.144300076730008664e-01,-1.710804049403123750e-01,1.030749990280546591e+01,-3.949413503942802994e-01,-3.195712730303540416e-01,8.613335771944019559e-01,-4.317786862208865539e-01
-8.420656840788686148e-01,-2.671080591281472238e-01,-4.685922197877128159e-01,1.366647956841810618e+01,3.863628242704363336e-01,-9.049141802930640299e-01,-1.784771535135536991e-01,1.042307550598941823e+01,-3.763630583871850344e-01,-3.313360998341755015e-01,8.651978023712988408e-01,-5.029997281715623547e-01
-8.246579658047704653e-01,-2.802651526550961059e-01,-4.913152589142214532e-01,1.352193831438490612e+01,4.079205108708059968e-01,-8.964129760063132002e-01,-1.733338779881251346e-01,1.053294589036749507e+01,-3.918419276259692552e-01,-3.433587346416530073e-01,8.535600055647235562e-01,-5.262282388732798522e-01
-7.948351180851753739e-01,-3.131270759308105722e-01,-5.197966615682910740e-01,1.336698682595140397e+01,4.506765803100709622e-01,-8.782126108899618311e-01,-1.601038101790629720e-01,1.063323897345188840e+01,-4.063591453610246873e-01,-3.615163127617526673e-01,8.391532640636081286e-01,-5.731489882012607007e-01
-7.872634530670205022e-01,-3.707094645463604454e-01,-4.927380118894185701e-01,1.315762474610655985e+01,5.028971688675183405e-01,-8.484133082681151183e-01,-1.651947211583461861e-01,1.074041336935432689e+01,-3.568062401500607383e-01,-3.778483177801634230e-01,8.543535308879347534e-01,-6.554262328703523988e-01
-7.956361764932231573e-01,-3.511953735541896715e-01,-4.935837155431413437e-01,1.294871109956399025e+01,4.745182132542837272e-01,-8.678101985960481324e-01,-1.474378665833382673e-01,1.084108617322309698e+01,-3.765574855785018826e-01,-3.515213632296291801e-01,8.571097894948948026e-01,-6.968902321869138161e-01
-8.312303031415458898e-01,-2.674135917653779893e-01,-4.873870680253513665e-01,1.277623117809967646e+01,3.568585098752096174e-01,-9.289022853261338364e-01,-9.895730516504236407e-02,1.087812118010282880e+01,-4.262724329215477614e-01,-2.561845335983843897e-01,8.675605440982930849e-01,-7.639249684243086813e-01
-8.660497368898489867e-01,-1.280524117333151357e-01,-4.832809049427670423e-01,1.258381819978274407e+01,2.214485172195715668e-01,-9.648988600240711033e-01,-1.411762874759698305e-01,1.092073562517913743e+01,-4.482392301598252526e-01,-2.292875264237592692e-01,8.640074205539005625e-01,-8.429750426746602798e-01
-8.599461610260407118e-01,-3.305845968856954004e-02,-5.093130062933686197e-01,1.222902437243931928e+01,1.102775751404418414e-01,-9.863631250397402184e-01,-1.221746372328498531e-01,1.096133154549132982e+01,-4.983286631909861208e-01,-1.612294135846608356e-01,8.518647895279125581e-01,-1.124715358884366356e+00
-8.506347092943117305e-01,-2.413869103404240463e-02,-5.252027369872893647e-01,1.203764494173439736e+01,1.011426560856357182e-01,-9.877997423231584806e-01,-1.184138175477891103e-01,1.096935539634629819e+01,-5.159367737075164495e-01,-1.538473030685343634e-01,8.426981979776752008e-01,-1.252738897694329889e+00
-8.898671369296541345e-01,-1.385644779064055566e-02,-4.560092953737241994e-01,1.175059866125244845e+01,7.745648219601854179e-02,-9.896162030250176267e-01,-1.210795774528538593e-01,1.099207730847510156e+01,-4.495964545883718855e-01,-1.430656127969582303e-01,8.817002089466694503e-01,-1.356178034230762997e+00
-8.734705413540555519e-01,2.942427070536591735e-02,-4.859870632847189675e-01,1.157504555521149214e+01,2.234868435631004110e-02,-9.946969432762661212e-01,-1.003918689157223959e-01,1.099461895946115497e+01,-4.863638038487148041e-01,-9.855051156796251766e-02,8.681808837883413510e-01,-1.454696660690883991e+00
-8.897541453617628937e-01,1.017830790879077352e-01,-4.449469245010448937e-01,1.135243406412228140e+01,-5.350148171342243575e-02,-9.913566270648070944e-01,-1.197899387642983177e-01,1.092327284917961094e+01,-4.532936711073989877e-01,-8.277827484353078580e-02,8.875092140073306268e-01,-1.552393501346886362e+00
-8.788133649430924788e-01,1.243787311355773195e-01,-4.606701649103158158e-01,1.114135609635895463e+01,-7.410502411493698205e-02,-9.892922320389017088e-01,-1.257351383997700467e-01,1.094889472609798098e+01,-4.713761926511765288e-01,-7.635974638897723155e-02,8.786203242203628472e-01,-1.643722413279645078e+00
-8.734783361336020402e-01,7.564027464460153227e-02,-4.809512918757556377e-01,1.085102117714446912e+01,-2.205407547357265789e-03,-9.884621100646852065e-01,-1.514522800885388376e-01,1.099083027756129560e+01,-4.868580208672956267e-01,-1.312295920063642485e-01,8.635670568630017252e-01,-1.771672296591381368e+00
-8.847730273646953192e-01,-4.689641135781155018e-02,-4.636565718823210114e-01,1.064608360365394901e+01,1.077766374089298151e-01,-9.885424333408969755e-01,-1.056790135896400196e-01,1.101471399263746775e+01,-4.533882293098621119e-01,-1.434732870126498860e-01,8.796900189481845489e-01,-1.858186939853303521e+00
-8.612071202968935024e-01,-1.164443392148716144e-01,-4.947352946927668915e-01,1.034139000181063928e+01,1.739270831540409568e-01,-9.821524106245230756e-01,-7.159617343100481424e-02,1.107550038522574276e+01,-4.775684931980497816e-01,-1.477070010840613734e-01,8.660894735160455937e-01,-2.007844116441139359e+00
-8.744547265364176480e-01,-6.768334814481877237e-02,-4.803622545767112784e-01,1.006570198143691286e+01,1.276048953016240550e-01,-9.874400503832602150e-01,-9.316188917236052636e-02,1.113558685938131454e+01,-4.680234202827638912e-01,-1.427624295219468709e-01,8.721083457826890317e-01,-2.154313603837136881e+00
-8.744484785058791454e-01,-5.126570613499003420e-02,-4.824019960709415855e-01,9.879038562869091322e+00,1.122483427253235383e-01,-9.887970066135799430e-01,-9.839100196379491070e-02,1.115680217612099234e+01,-4.719535655063613611e-01,-1.401866865522616301e-01,8.704065285367146299e-01,-2.190003987545555475e+00
-8.472275901108988760e-01,-1.283914554536865482e-01,-5.154813718470898642e-01,9.704099791264425789e+00,2.002006657305722692e-01,-9.759771330140855072e-01,-8.595539119007722384e-02,1.121565682198681557e+01,-4.920620936385070587e-01,-1.760234927505058833e-01,8.525788092628187043e-01,-2.289555736670046748e+00
-8.198864609941359793e-01,-2.901590754363229108e-01,-4.935523295664242527e-01,9.484277553614809619e+00,3.628111002689388687e-01,-9.301879748777893697e-01,-5.584296656156979149e-02,1.128902541850425401e+01,-4.428930983884821204e-01,-2.248511559558728501e-01,8.679214601939291285e-01,-2.353702665611340450e+00
-8.101087661242593052e-01,-3.253468786658383349e-01,-4.877224575422184349e-01,9.361950577231837656e+00,3.923512278822913757e-01,-9.190029273436602919e-01,-3.865402324517708960e-02,1.135812261272146273e+01,-4.356424004018489282e-01,-2.226724681593481303e-01,8.721425748671733924e-01,-2.419867966418550953e+00
-7.993972347013460489e-01,-3.505772922779200607e-01,-4.879135407947986502e-01,9.182293114066403916e+00,4.182168958630185784e-01,-9.077487348516113386e-01,-3.296759606033573126e-02,1.146730989512738219e+01,-4.313452088137050278e-01,-2.304078916061195192e-01,8.722691753805631443e-01,-2.507163205256352168e+00
-7.914642742162897315e-01,-3.682357201452904905e-01,-4.878388638150468193e-01,9.009152700589257989e+00,4.429915382297150428e-01,-8.955060082385896125e-01,-4.274910835860139952e-02,1.150172477176476882e+01,-4.211208848966640494e-01,-2.499428807100993188e-01,8.718863209651769308e-01,-2.531953177983617742e+00
-7.855182222418477522e-01,-3.356245934366752226e-01,-5.199204312262292182e-01,8.854783193410122877e+00,4.016713813821596868e-01,-9.156478455596419597e-01,-1.578367195969431272e-02,1.153198046256759568e+01,-4.707666342303280516e-01,-2.212355197576763577e-01,8.540688619151286520e-01,-2.590407469165021404e+00
-7.501930982069359155e-01,-4.368901171925879678e-01,-4.963238266516327157e-01,8.745485222974506812e+00,4.904875927344686803e-01,-8.710780276692732249e-01,2.539667469084233228e-02,1.161599669010600344e+01,-4.434323361869560443e-01,-2.243882688806434211e-01,8.677659062284772684e-01,-2.632672464037339122e+00
-6.512385196016799993e-01,-5.881224719071319607e-01,-4.795835157976672813e-01,8.615923542262690304e+00,6.622886658208700927e-01,-7.490032726167857868e-01,1.917865309541191138e-02,1.171019924428203929e+01,-3.704890196918408374e-01,-3.051328491775103791e-01,8.772866296944216158e-01,-2.601978671443720081e+00
-6.422306835116018409e-01,-6.314231555458056366e-01,-4.345624785882836183e-01,8.553443113124089336e+00,6.982320861992558081e-01,-7.158245334742231458e-01,8.197016423257097451e-03,1.173822126610569150e+01,-3.162462694768946592e-01,-2.981610905483537688e-01,9.006043865787949354e-01,-2.648947353341462474e+00
-7.395295131512723552e-01,-5.344568849917068487e-01,-4.092089164023650638e-01,8.465396863549994322e+00,5.746064742963062910e-01,-8.178877655565123250e-01,2.978258970843670680e-02,1.180521219840357183e+01,-3.506044764046899465e-01,-2.131089886371116127e-01,9.119545274228668674e-01,-2.731500769625279545e+00
-8.330077657153179826e-01,-3.723645642122938582e-01,-4.091976216658114174e-01,8.351539320210930484e+00,3.874933749211521006e-01,-9.205753094585840124e-01,4.888746268160115704e-02,1.177845819519599502e+01,-3.949011859316011175e-01,-1.178377313691031242e-01,9.111351833924545840e-01,-2.799130172276206530e+00
-9.167019656486270485e-01,-8.384313577613176915e-02,-3.906761251460894036e-01,8.200611340563437324e+00,7.637025530196890621e-02,-9.964770914701085447e-01,3.465530666986376546e-02,1.170065523373217431e+01,-3.922054184748732242e-01,1.932552326628866890e-03,9.198756301590221840e-01,-2.847951329884989224e+00
-8.999494076065626125e-01,1.246608770376236713e-01,-4.177926872083831400e-01,8.066879303784212141e+00,-1.466904691737775102e-01,-9.889617621736742636e-01,2.089352081184916651e-02,1.165152052104229519e+01,-4.105763875360696202e-01,8.008931698140980826e-02,9.083021145540101093e-01,-2.912074192424987995e+00
-8.523925747698453126e-01,2.761722644185663489e-01,-4.440222729133635471e-01,8.061633815719236651e+00,-3.298838477667178082e-01,-9.428586439468231717e-01,4.684255028689193745e-02,1.168924987225397416e+01,-4.057136249374101444e-01,1.864040179306140632e-01,8.947904763906875392e-01,-2.974502229885815474e+00
-8.468996640216455152e-01,2.493374520169063524e-01,-4.696720069386030594e-01,7.994587285849979352e+00,-3.102539619875025467e-01,-9.490248107887822027e-01,5.562721976128952306e-02,1.171209405053764030e+01,-4.318604382796326080e-01,1.928282747136180197e-01,8.810867257653453022e-01,-3.047620647099610114e+00
-8.578758744392093183e-01,1.311128459376894873e-01,-4.968484735664145946e-01,7.822676819152665217e+00,-1.732964166511730408e-01,-9.840759672044993023e-01,3.953280595138158882e-02,1.171239964529894806e+01,-4.837533834827624224e-01,1.200163005622417733e-01,8.669364172581152106e-01,-3.130216586324256589e+00
-8.932239895808923302e-01,-2.951714257407640762e-02,-4.486419984034596409e-01,7.678414940539397548e+00,8.337828075192435864e-03,-9.987585581113799238e-01,4.911031686176756811e-02,1.174776919658567742e+01,-4.495346316583158086e-01,4.012581330685070780e-02,8.923612127643658631e-01,-3.198447831246395534e+00
-8.695894305975961913e-01,-1.608705222391411394e-01,-4.668349786246190902e-01,7.517593124840987073e+00,1.447800603193620528e-01,-9.869550581556791879e-01,7.041624325991242828e-02,1.179111728458522990e+01,-4.720730413049083474e-01,-6.355175483251773033e-03,8.815365309604106248e-01,-3.261320088049849630e+00
-8.352798136835984932e-01,-2.412449466993596137e-01,-4.940733837647098836e-01,7.361226751168601368e+00,2.112398975591973094e-01,-9.704399241457603020e-01,1.167221457271420543e-01,1.182678266917294074e+01,-5.076271648876452547e-01,-6.872358837466501814e-03,8.615494368590488339e-01,-3.343937333129182843e+00
-8.645931483668947148e-01,-2.335525551360043972e-01,-4.448953717296444399e-01,7.215623569759447520e+00,2.158222487131110368e-01,-9.721886179395056171e-01,9.093980486721628398e-02,1.192455164738825069e+01,-4.537614403598350665e-01,-1.739238736673004090e-02,8.909534556329287147e-01,-3.373405136431081086e+00
-8.689156873154980643e-01,-2.101062679770493158e-01,-4.481527468328027064e-01,7.030027462886825340e+00,1.770788060692120025e-01,-9.774635423578835747e-01,1.149265844018591970e-01,1.194117812598490325e+01,-4.621997671766326365e-01,2.050315873057342517e-02,8.865387728147817725e-01,-3.426633201729107459e+00
-8.762618865975388971e-01,-1.981913459977286684e-01,-4.391870859532695515e-01,6.839195858008872975e+00,1.782219248311754101e-01,-9.801607077395184664e-01,8.672907536134784323e-02,1.195702031948451705e+01,-4.476628771810188256e-01,-2.275384620592068707e-03,8.941995141012122339e-01,-3.508167496238562055e+00
-8.780976062668490734e-01,-2.610761417832769271e-01,-4.009786054890984719e-01,6.656510680983899420e+00,2.443911634705945579e-01,-9.651835710290725956e-01,9.323965590377053525e-02,1.196805413170610599e+01,-4.113606119767836411e-01,-1.612210926405198419e-02,9.113300853735530893e-01,-3.528438210604570635e+00
-8.650593596720155265e-01,-2.783774285473268884e-01,-4.173467521368943722e-01,6.491334140002714470e+00,2.489230903838774989e-01,-9.604635363351449184e-01,1.246879723322375233e-01,1.199035449171495671e+01,-4.355566545440186510e-01,3.975254200937385768e-03,9.001525415375238870e-01,-3.586067569189307136e+00
-8.662667285511751469e-01,-2.618011787354681541e-01,-4.254904203597983936e-01,6.318725357404423981e+00,2.273090183798209540e-01,-9.649768531602493926e-01,1.309590891390965961e-01,1.203657958883081847e+01,-4.448736507913700899e-01,1.672769194056374781e-02,8.954371106637825095e-01,-3.649555109956248433e+00
-8.822712042849102376e-01,-2.319547581330707597e-01,-4.096272845759625914e-01,6.176795638494867013e+00,2.025945882984986901e-01,-9.725616349266784644e-01,1.143647631961221267e-01,1.210955831715866537e+01,-4.249152325838777000e-01,1.791246627830206731e-02,9.050559036159153692e-01,-3.679276007590686515e+00
-8.502414486163369922e-01,-2.459210997791421716e-01,-4.654162564180626127e-01,5.983163957745445849e+00,2.149569210902340100e-01,-9.692886360826760139e-01,1.194699210529148320e-01,1.220703514837267711e+01,-4.805028627700306809e-01,1.533833237139970492e-03,8.769918165099427343e-01,-3.774872337283481816e+00
-8.526453771459492348e-01,-3.181953524493475460e-01,-4.144243942039023132e-01,5.824221513628098812e+00,3.012967089902776618e-01,-9.474451074752613389e-01,1.075549230524359690e-01,1.230194213541101966e+01,-4.268678413552199347e-01,-3.315849816897772917e-02,9.037059034973247140e-01,-3.839018015476191259e+00
-8.368909626335672147e-01,-3.721388577811776677e-01,-4.014052655254732871e-01,5.683035184178721444e+00,3.537251677237414627e-01,-9.273280605511839969e-01,1.222340943975427363e-01,1.233868353840995447e+01,-4.177224226457896261e-01,-3.969053594618938974e-02,9.077073531569741505e-01,-3.904616862549590284e+00
-8.090157556792675342e-01,-4.198995348534507732e-01,-4.113123967163567207e-01,5.480706672367150034e+00,3.897693003867104822e-01,-9.070264047472776925e-01,1.593204116467145659e-01,1.239922367522127367e+01,-4.399697711647401754e-01,-3.142422188501681896e-02,8.974626001902088479e-01,-3.993278914703754179e+00
-8.065857353690407683e-01,-4.543330890757580343e-01,-3.781545922900543810e-01,5.350355546889378644e+00,4.342941161462151034e-01,-8.894585967686008399e-01,1.423096107619089834e-01,1.250427180271431027e+01,-4.010088180825421289e-01,-4.944541237876533962e-02,9.147388037110592007e-01,-4.051925201398707266e+00
-7.761411552341448417e-01,-5.168522553977652478e-01,-3.612044479820877285e-01,5.227338248279397526e+00,5.039935094556704520e-01,-8.527357760896270289e-01,1.372306037419328828e-01,1.260900040620663276e+01,-3.789399023306468384e-01,-7.553437804774784659e-02,9.223335124316924816e-01,-4.093509178254811864e+00
-7.148745249807056945e-01,-5.817356290645147032e-01,-3.879923599898820741e-01,5.128681192204449957e+00,5.683000662893118449e-01,-8.066455114747115296e-01,1.623516352651296346e-01,1.271003076019780664e+01,-4.074180263429327820e-01,-1.044350357619964753e-01,9.072507234035270818e-01,-4.153928464356857475e+00
-5.913619753097719700e-01,-7.292531474149892556e-01,-3.442104895889303573e-01,4.987849628972711891e+00,7.327726422584727173e-01,-6.641481919843269521e-01,1.481601628018916761e-01,1.283993708241451692e+01,-3.366530393673256016e-01,-1.646117434124192980e-01,9.271287424168603852e-01,-4.208781555371385430e+00
-4.948295088368981909e-01,-7.914675567874540629e-01,-3.587796869070584704e-01,4.919754183121254343e+00,8.032338508765294316e-01,-5.741309053543123264e-01,1.587106937893478786e-01,1.296450600092399519e+01,-3.316008715161839482e-01,-2.096492548756862251e-01,9.198304473867888742e-01,-4.248843939181098150e+00
-3.669505876388942101e-01,-8.527098740030423230e-01,-3.717971718681845616e-01,4.897757785824039090e+00,8.698077020747434496e-01,-4.562230706523551227e-01,1.878698251875155767e-01,1.312606492124749913e+01,-3.298209023741855428e-01,-2.544531009483794737e-01,9.091049399133386277e-01,-4.288851465793464435e+00
-2.443265134704999952e-01,-9.078722900914480975e-01,-3.406940852134852094e-01,4.905931440815195721e+00,9.382147627113524013e-01,-3.101175689187497531e-01,1.535583031893824058e-01,1.329976399211508209e+01,-2.450665498305055201e-01,-2.821258554830241572e-01,9.275491296002317254e-01,-4.305484899436470059e+00
-5.221342557253737249e-02,-9.445790040108024144e-01,-3.241053275895602881e-01,4.928880605895265887e+00,9.731508440271802174e-01,-1.209793032075178049e-01,1.958097111090442433e-01,1.348121011550706072e+01,-2.241677785926539379e-01,-3.051794773201148003e-01,9.255345988473148156e-01,-4.304311491939886380e+00
2.042219616229843104e-01,-9.262615321600854434e-01,-3.167537915026524264e-01,5.039036834213217908e+00,9.673789081077519558e-01,1.414069468782798433e-01,2.101954412512657688e-01,1.369063561887193892e+01,-1.499047648979539848e-01,-3.493474622993693046e-01,9.249242736818422683e-01,-4.295487586532554580e+00
4.028930187677015051e-01,-8.745674764187792993e-01,-2.698313262368381427e-01,5.109150172723580852e+00,9.116127079403795186e-01,3.572098598888012733e-01,2.033799073650801315e-01,1.388922405546641059e+01,-8.148304209989336300e-02,-3.279220108329211070e-01,9.411841842389001567e-01,-4.283837591895291119e+00
4.965492112942389569e-01,-8.384107729453024183e-01,-2.247359708020157942e-01,5.202672508925789252e+00,8.651147105959973160e-01,4.568945253557263331e-01,2.069394360927045706e-01,1.409487830144628795e+01,-7.081961785740464865e-02,-2.971780081184037248e-01,9.521921094071892355e-01,-4.287527209088575653e+00
5.301617880202005306e-01,-8.033585779738788846e-01,-2.711889999963230102e-01,5.310896933061898473e+00,8.478338069376217812e-01,5.061659442747168391e-01,1.580312395387090674e-01,1.426576009001328593e+01,1.031088438878813990e-02,-3.137053267833803116e-01,9.494644035512110891e-01,-4.264375864660554960e+00
5.325068888292170399e-01,-8.034429271050986809e-01,-2.663003496697170513e-01,5.411211460523823291e+00,8.460098537353176740e-01,4.953565557784400664e-01,1.972034736764664009e-01,1.442538448799082573e+01,-2.652811211092851590e-02,-3.303049281075113308e-01,9.435014116235995729e-01,-4.219543921630572569e+00
5.371475245818460031e-01,-7.981389943841261658e-01,-2.728491936566527776e-01,5.514287832278823132e+00,8.430517618623524223e-01,4.975993208235061083e-01,2.041044897516124668e-01,1.465925578085356840e+01,-2.713417874884579625e-02,-3.396602148610833316e-01,9.401567288405436873e-01,-4.189009912594395146e+00
5.323735698305553932e-01,-7.994269647545243496e-01,-2.783790763854820938e-01,5.576472547891014209e+00,8.465080450768484033e-01,5.033779474592270375e-01,1.733054287433185292e-01,1.485172148123310265e+01,1.584855210766544873e-03,-3.279133575124690836e-01,9.447064719789231013e-01,-4.136472512726589557e+00
3.933717606650003473e-01,-8.795496719562827526e-01,-2.676771048724711499e-01,5.636683506372554220e+00,9.155094131618785047e-01,3.480595745756167592e-01,2.017350910432561817e-01,1.508857599085790646e+01,-8.426845390362218413e-02,-3.244177971502670843e-01,9.421528116865461877e-01,-4.178282319238278752e+00
2.963432785510352052e-01,-9.010131631464444180e-01,-3.167900583895539857e-01,5.737952383724093330e+00,9.531724940737240637e-01,2.580471394907515870e-01,1.577145216583258069e-01,1.529126817514918812e+01,-6.035609164696414952e-02,-3.486932084762691120e-01,9.352914992469629762e-01,-4.165213572781983231e+00
1.775511107135039901e-01,-9.345916038725859964e-01,-3.082436326272826044e-01,5.783654774840647939e+00,9.714603022216544703e-01,1.163870196034977739e-01,2.066856136145531764e-01,1.554439172499015775e+01,-1.572910814121705192e-01,-3.361437127757672672e-01,9.285832865551241211e-01,-4.160985825896338142e+00
1.756612374987116809e-01,-9.317373390332112093e-01,-3.178185971458039050e-01,5.797545655485024874e+00,9.705236164827744094e-01,1.097915203714542182e-01,2.145454075568120622e-01,1.575866517565187941e+01,-1.650061801558199426e-01,-3.461377660785233679e-01,9.235592062258692891e-01,-4.167418943564524803e+00
1.697101566113404236e-01,-9.291183921894257125e-01,-3.285383935528474186e-01,5.821098210468050205e+00,9.770108202374001571e-01,1.149766050101901083e-01,1.795278180098308085e-01,1.611474568857074274e+01,-1.290283685163620964e-01,-3.514532594750865435e-01,9.272714200935704421e-01,-4.188675337532504983e+00
9.910573429298231984e-02,-9.493445252854534333e-01,-2.981996407455597686e-01,5.856375365040722869e+00,9.765980046434755701e-01,3.531078348704047576e-02,2.121543916488910220e-01,1.633983292264045417e+01,-1.908779472768614982e-01,-3.122468909053597308e-01,9.306274702389305542e-01,-4.219892471051577054e+00
-8.760587309115595855e-02,-9.462492630529735216e-01,-3.113479455073310254e-01,5.795718343983194742e+00,9.796161365697551027e-01,-1.385526549954094189e-01,1.454489146259526355e-01,1.666110460550855876e+01,-1.807690127540696468e-01,-2.922592923508551821e-01,9.390990736139078754e-01,-4.308432274666576411e+00
-1.463814256472951714e-01,-9.362043653183972358e-01,-3.195213053682612325e-01,5.779579702469249014e+00,9.603144422594834806e-01,-2.120081266619853189e-01,1.812421756025079933e-01,1.686121981317270269e+01,-2.374208293585892693e-01,-2.803104361026318436e-01,9.300846247512296605e-01,-4.336580574639739005e+00
-1.761946155695655603e-01,-9.312399079779942745e-01,-3.189791391822118793e-01,5.759031479065472858e+00,9.510792448517769726e-01,-2.445961145183200569e-01,1.887352928699670973e-01,1.710191943672126413e+01,-2.537788948207960749e-01,-2.701202964452551480e-01,9.287794668229194528e-01,-4.380442903130409960e+00
-1.581736961063618940e-01,-9.420676188735251921e-01,-2.957865502858674778e-01,5.699161570597784277e+00,9.604443266507816102e-01,-2.163193289377940975e-01,1.753643160173323501e-01,1.728775267562355111e+01,-2.291893916924971630e-01,-2.563484920920423571e-01,9.390195276658324097e-01,-4.361963339328260858e+00
-2.428833918699977445e-01,-9.347244171368317422e-01,-2.594184302664919728e-01,5.621159239425594478e+00,9.319076721615532355e-01,-2.990916167557423622e-01,2.051640693515044689e-01,1.751343667492047373e+01,-2.693617428666481017e-01,-1.919230804115059086e-01,9.437212420440711513e-01,-4.423009041905197058e+00
-4.291305667710374472e-01,-8.582483131664980780e-01,-2.815258240546046342e-01,5.536166443625514688e+00,8.659115141647527603e-01,-4.795816485323862177e-01,1.421221025311045771e-01,1.771312652824915901e+01,-2.569906735655427821e-01,-1.827875141737382025e-01,9.489702410310442149e-01,-4.462652330133002998e+00
-6.056585315287206228e-01,-7.329117732459665691e-01,-3.098678360590561010e-01,5.371748228033242256e+00,7.309385171850988350e-01,-6.663390691792446807e-01,1.473808976108663404e-01,1.789840675009519089e+01,-3.144942404587410811e-01,-1.372318385899798932e-01,9.392873869032295486e-01,-4.530141470101833434e+00
-6.401277082200212964e-01,-7.042212030217924745e-01,-3.070977277407276884e-01,5.255261952818616855e+00,7.079009409763139526e-01,-6.959749254322464829e-01,1.203958509850997505e-01,1.800939237854337094e+01,-2.985176291843251173e-01,-1.403260502690580891e-01,9.440316862701481071e-01,-4.577095791059267782e+00
-7.233118933902293879e-01,-6.199524246690591989e-01,-3.041034298181976014e-01,5.039856298496027343e+00,6.245068493519870811e-01,-7.752212166704599561e-01,9.499084343464218871e-02,1.817263889396546261e+01,-2.946372345659886705e-01,-1.212066680134499946e-01,9.478912615043920686e-01,-4.619997552412073105e+00
-7.654835008279365915e-01,-5.495854364352640298e-01,-3.346503518875521554e-01,4.883630971964081802e+00,5.480050531091301691e-01,-8.293979344088102668e-01,1.085795936871055689e-01,1.825720716982624481e+01,-3.372320739892092911e-01,-1.002741963650467805e-01,9.360660306924316609e-01,-4.696073030460360620e+00
-8.031453652629684248e-01,-5.077090530838627158e-01,-3.117515672347071498e-01,4.670152686953288779e+00,5.080568096763572461e-01,-8.569465498376821477e-01,8.672305842608041271e-02,1.840058648998739343e+01,-3.111845118223146023e-01,-8.873628422453373743e-02,9.461976915338222716e-01,-4.745817127670228786e+00
-7.727009633700713254e-01,-5.333077600888975756e-01,-3.442616072638978175e-01,4.560761062614801631e+00,5.269454146222904978e-01,-8.413051752798875738e-01,1.205575881303982272e-01,1.857125967758378593e+01,-3.539233691288324324e-01,-8.825211088827988881e-02,9.311013981883298207e-01,-4.801937889149193950e+00
-7.093786107330094515e-01,-6.117188205958142833e-01,-3.501172248881324056e-01,4.398922846900894079e+00,6.278773742712437933e-01,-7.741462080604725182e-01,8.042170990372447814e-02,1.872092752480295630e+01,-3.202373955564088437e-01,-1.627812430056182758e-01,9.332471684461720596e-01,-4.876077969372407672e+00
-6.743298597199240962e-01,-6.584718261866906452e-01,-3.342066642191141579e-01,4.246337265327828625e+00,6.620157499518989352e-01,-7.395884243416831483e-01,1.214253243578533453e-01,1.884267061639571139e+01,-3.271305352695320634e-01,-1.393693535112619508e-01,9.346452782719902874e-01,-4.910509699821431262e+00
-7.174922164790668022e-01,-6.138660583637286505e-01,-3.292011264879431964e-01,4.088961078372789437e+00,6.044706496839736820e-01,-7.835630980248313726e-01,1.436805661332174466e-01,1.893158682916035929e+01,-3.461504773398249024e-01,-9.590273094497370199e-02,9.332644390711086757e-01,-4.983455591740434620e+00
-8.008262195820201601e-01,-5.212780677040890209e-01,-2.948669906256999873e-01,3.963081672365890373e+00,5.038853607935530610e-01,-8.525622873419236303e-01,1.386978348073847900e-01,1.904639124052000554e+01,-3.236926153126111760e-01,-3.750629724453045932e-02,9.454186207490788973e-01,-5.056945949133665685e+00
-8.837215149492133603e-01,-3.755465432869365405e-01,-2.792867305138146961e-01,3.727021337055801187e+00,3.448237138529534618e-01,-9.259492379097349346e-01,1.539955037624027023e-01,1.910750394417756581e+01,-3.164378143972693125e-01,3.978445223465550129e-02,9.477786170725057691e-01,-5.104276549878285607e+00
-9.128158891573442402e-01,-2.856646770984993533e-01,-2.918267375688747278e-01,3.542502017710024820e+00,2.468181777752447015e-01,-9.552471870609209326e-01,1.630447752364495018e-01,1.915403931650259750e+01,-3.253428032423512639e-01,7.680171788707511327e-02,9.424720454782765655e-01,-5.189963643469998722e+00
-9.338781131905989907e-01,-2.199780250160623118e-01,-2.819243483872849176e-01,3.234735612171520280e+00,1.719582465624740208e-01,-9.675170267241133271e-01,1.853136919876395838e-01,1.919490580276680447e+01,-3.135315472846750828e-01,1.245811844098555637e-01,9.413700108609360795e-01,-5.242067990693053403e+00
-9.546793071615050641e-01,-1.103647126573251425e-01,-2.764182531557756728e-01,3.031689555916216250e+00,5.310677475253507140e-02,-9.769715146306324760e-01,2.066550993218181087e-01,1.918042614953632352e+01,-2.928601901129753715e-01,1.826096651341129196e-01,9.385556026398238494e-01,-5.280564406552493040e+00
-9.529629258194547425e-01,1.943755654916548836e-01,-2.325506429864678815e-01,2.781673338093584746e+00,-2.348207498488235623e-01,-9.586093417210994616e-01,1.610197050223226845e-01,1.914008897841163304e+01,-1.916269225710627577e-01,2.080535255765669500e-01,9.591625790454445522e-01,-5.321012494388822844e+00
-8.524707271403455522e-01,4.539588573418306128e-01,-2.592585875331923639e-01,2.569529229590487240e+00,-4.959038049741307241e-01,-8.591563687402743454e-01,1.262131144739097877e-01,1.903097440188086154e+01,-1.654481054016202490e-01,2.361603055001505469e-01,9.575255790448075066e-01,-5.336214288778930559e+00
-7.822832414912850307e-01,5.694342547667480270e-01,-2.525421936630041775e-01,2.355108768079943626e+00,-6.056115022323828034e-01,-7.901502798406107031e-01,9.432520146620639034e-02,1.882824259878794493e+01,-1.458342841917517896e-01,2.267314816386158394e-01,9.629772566308310022e-01,-5.359890296869527226e+00
-7.647693252904340655e-01,5.986640556412241576e-01,-2.381789822339736018e-01,2.199350440369729043e+00,-6.340257080041149518e-01,-7.650267726565306292e-01,1.128956983618635557e-01,1.868307603822241347e+01,-1.146267014473122542e-01,2.373507649069894476e-01,9.646374104881998424e-01,-5.323544785874715579e+00
-6.920228546041041762e-01,6.894010510675450121e-01,-2.140807312500292159e-01,2.040550864730885650e+00,-7.183184137020376392e-01,-6.870392712300715798e-01,1.095248662370319620e-01,1.854716282988147924e+01,-7.157531168057851279e-02,2.295718418591766730e-01,9.706563471091183004e-01,-5.324586791169056532e+00
-6.015559492567130739e-01,7.754287328521977107e-01,-1.919393658973738981e-01,1.899865547166939672e+00,-7.981334301450049296e-01,-5.934603066936590121e-01,1.038647777835970537e-01,1.836757709149242856e+01,-3.336866192733190656e-02,2.156736994774773042e-01,9.758951725236078012e-01,-5.340291203536338571e+00
-4.665907105964480772e-01,8.641703053072442575e-01,-1.884218464252009340e-01,1.787396927543080993e+00,-8.837293817957551090e-01,-4.467608288297863495e-01,1.393812812906161658e-01,1.810099995552669583e+01,3.626966412846557852e-02,2.315479329393893837e-01,9.721471422657724792e-01,-5.330340391063656647e+00
-3.805611596877092051e-01,8.972575237903424039e-01,-2.238350726288554360e-01,1.705647912525195764e+00,-9.247069216327504781e-01,-3.717128393750609439e-01,8.213814052077923755e-02,1.786283806387297801e+01,-9.503305826177159757e-03,2.382404269752516623e-01,9.711597119593808891e-01,-5.330836524553776101e+00
-3.806698161632137145e-01,8.947378899920217510e-01,-2.335264423462270200e-01,1.640972918749103782e+00,-9.244716628802499558e-01,-3.624898659694973380e-01,1.181238401036820013e-01,1.767255036760188602e+01,2.103890666570627788e-02,2.608547589790867760e-01,9.651487756425316533e-01,-5.341032262482499071e+00
-3.416482088045247889e-01,9.155660159291023614e-01,-2.121682631695101517e-01,1.599801529920764853e+00,-9.381546533303257718e-01,-3.187707706516575423e-01,1.350964182086402121e-01,1.747648626983255582e+01,5.605664862720847325e-02,2.452020926783779198e-01,9.678499810873757436e-01,-5.299230149976289717e+00
-1.408192286123313153e-01,9.693657036136330563e-01,-2.012463105516976714e-01,1.595649375619026644e+00,-9.864190636442331517e-01,-1.200176199463641180e-01,1.121302893140111029e-01,1.721892925498731586e+01,8.454215358187520957e-02,2.143032980615384719e-01,9.731015983481323683e-01,-5.279109603452753596e+00
7.174823885728529894e-03,9.884270384798676812e-01,-1.515272632370923134e-01,1.651177314022745923e+00,-9.828881646173582842e-01,3.486287183092451336e-02,1.808740888652131673e-01,1.694299803391088943e+01,1.840635155519130539e-01,1.476366139194968952e-01,9.717633726751899736e-01,-5.219625554762818531e+00
1.573762512351510878e-01,9.761699402879234766e-01,-1.494154049134117368e-01,1.662751744301907308e+00,-9.736009520986050880e-01,1.786990778518716128e-01,1.420134699511992893e-01,1.666130738914631237e+01,1.653296755572339349e-01,1.231214329560801207e-01,9.785229742458709801e-01,-5.143294393367842332e+00
1.999647376925609288e-01,9.712368647619936679e-01,-1.292789859444846146e-01,1.688603871933727518e+00,-9.679808130612264083e-01,2.162596543557289142e-01,1.274555116237320596e-01,1.645023061439408707e+01,1.517473203218828726e-01,9.965296997696167225e-02,9.833829550840825773e-01,-5.095028521648372610e+00
2.352914717917347354e-01,9.621048741460366260e-01,-1.378119532062237196e-01,1.811071389608705839e+00,-9.548815453366306105e-01,2.552672009157342936e-01,1.517889670304584382e-01,1.622064048975419581e+01,1.812157765692792022e-01,9.587944138907403269e-02,9.787583844040961267e-01,-4.998095436613809284e+00
3.912431848773239018e-01,9.063668624378563576e-01,-1.594612208707824608e-01,1.910534243684881783e+00,-9.029545916160981456e-01,4.115385552994379470e-01,1.237296366334926373e-01,1.606795621499883353e+01,1.777688830095211503e-01,9.557786446977964423e-02,9.794197752021081005e-01,-4.970563098401922453e+00
5.059268572954120913e-01,8.467988289655782319e-01,-1.642247189972005361e-01,2.048436221300183657e+00,-8.263331339413735321e-01,5.304124181562615004e-01,1.893045652282444313e-01,1.588369915037727331e+01,2.474097144774531631e-01,3.993006296199746313e-02,9.680878179452732102e-01,-4.907303803994850000e+00
5.213774893043464642e-01,8.414018104849471102e-01,-1.421566282638465351e-01,2.108818214975789029e+00,-8.132739710268772626e-01,5.404010161490876429e-01,2.157595647826690000e-01,1.571515853055232981e+01,2.583620748036929426e-01,3.120105396142845277e-03,9.660431166596303854e-01,-4.854643968669459575e+00
3.853347162606152176e-01,9.117606186529600976e-01,-1.421609324600777435e-01,2.123286404190130927e+00,-8.884800239333645600e-01,4.081943715553993934e-01,2.097155266113116812e-01,1.546604261510868916e+01,2.492396507695321950e-01,4.549647573230326814e-02,9.673725586247657882e-01,-4.792909835936723262e+00
8.750144307936144616e-02,9.779566878379774009e-01,-1.895895940498792953e-01,2.131942271239141817e+00,-9.653972612823655819e-01,1.301839845738864410e-01,2.259651700350590597e-01,1.526222735030787803e+01,2.456656780413912777e-01,1.632569963996476359e-01,9.555079946075978325e-01,-4.706436290049109239e+00
-1.795923508225582832e-01,9.647628416304488974e-01,-1.922998880269163602e-01,2.079462662689484098e+00,-9.736592328486829429e-01,-1.464082320063830045e-01,1.747922420740648797e-01,1.507381603996647534e+01,1.404787735372863555e-01,2.186259111128017740e-01,9.656440468286239254e-01,-4.655620713709636149e+00
-3.027072816115403131e-01,9.273192764704922819e-01,-2.201073854862447832e-01,1.991714114847432437e+00,-9.485329785934889513e-01,-2.705773420134434670e-01,1.645390242754079801e-01,1.494252032883142789e+01,9.302413761983598095e-02,2.585862747231169601e-01,9.614986470842852295e-01,-4.626164799336770272e+00
-3.978024735456175964e-01,8.900604282236758147e-01,-2.225884681452998115e-01,1.850097471852873543e+00,-9.160120983000994421e-01,-3.716271817539922306e-01,1.510465939683297565e-01,1.475051727248048294e+01,5.172067100140356755e-02,2.639804384644230395e-01,9.631403326095838713e-01,-4.597116485629300975e+00
-4.370011597023075733e-01,8.660594475341989451e-01,-2.428394938134905978e-01,1.719419441300905627e+00,-8.992169283097489751e-01,-4.269473420095750704e-01,9.552425342360840177e-02,1.456522649399488323e+01,-2.094999427245328866e-02,2.601095932250753195e-01,9.653517997353474600e-01,-4.583863299189324891e+00
-4.931637052031900281e-01,8.390797158759529806e-01,-2.296405675741703123e-01,1.602164103662518491e+00,-8.697899548467129538e-01,-4.707454517477591693e-01,1.478653242195419881e-01,1.434824247064306313e+01,1.596854151172467234e-02,2.726608700644915784e-01,9.619776793760171918e-01,-4.549076472393992709e+00
-4.745066857055602605e-01,8.468078006864019347e-01,-2.403330063003825123e-01,1.528020167936920748e+00,-8.801064032124050751e-01,-4.613668524527862469e-01,1.120417175980966268e-01,1.413257622955230630e+01,-1.600388219295182865e-02,2.646831618264852137e-01,9.642026237260991062e-01,-4.510135342192492125e+00
-4.072359081530806946e-01,8.791277443720770801e-01,-2.475748860163235476e-01,1.461544263348031336e+00,-9.132190049460119363e-01,-3.960348206597564813e-01,9.585129018646221244e-02,1.395105574999875309e+01,-1.378274704655634529e-02,2.651241782641778344e-01,9.641157637875235054e-01,-4.511185821178625766e+00
-3.573847039677437998e-01,9.116544363385228333e-01,-2.028850957418372181e-01,1.353272195381312049e+00,-9.319013350770023463e-01,-3.336765797870734351e-01,1.421964900526743736e-01,1.376371926733586193e+01,6.193605615137841996e-02,2.398877420917708003e-01,9.688228920409188705e-01,-4.449534969939826112e+00
-3.585219883246551498e-01,9.096556201180331369e-01,-2.097346816227793620e-01,1.282877556325360047e+00,-9.333771672751335347e-01,-3.453547392953381645e-01,9.765842337297493680e-02,1.359884132344296859e+01,1.640266738006736918e-02,2.307742551367516770e-01,9.728690537111872594e-01,-4.450125604411855562e+00
-4.055449156428959090e-01,8.928970590589153655e-01,-1.956225020802372094e-01,1.192473678564329509e+00,-9.135231762274610423e-01,-3.884736604307308383e-01,1.206798311518505612e-01,1.340844111824911344e+01,3.176047687748612125e-02,2.276467813861774436e-01,9.732256752845319658e-01,-4.434107707585938307e+00
-3.381267507305697473e-01,9.154252232798958389e-01,-2.183276460353477666e-01,1.104646025167043355e+00,-9.409052172850584927e-01,-3.241068103388206056e-01,9.824534379679940310e-02,1.318921225958431442e+01,1.917478881609573776e-02,2.386450001046436786e-01,9.709175512879130165e-01,-4.401326955687334674e+00
-1.903960764436341546e-01,9.583325047249748874e-01,-2.129510377115403363e-01,1.071523785653796246e+00,-9.792645280452363377e-01,-1.701069957421364742e-01,1.100208803451584033e-01,1.297410998387213077e+01,6.921212456794205437e-02,2.294829413859275358e-01,9.708487325148336122e-01,-4.400343121771984833e+00
-7.629020232510330679e-02,9.813383287860372173e-01,-1.765074771351581584e-01,1.028918499214342308e+00,-9.841081321087701284e-01,-4.564001462951219196e-02,1.716047009321242933e-01,1.274030741761751528e+01,1.603464665858921612e-01,1.867942009807622983e-01,9.692249156585803771e-01,-4.349297375147951783e+00
-2.852949872401505313e-02,9.791277020737527703e-01,-2.012337216629579428e-01,1.008214643307892677e+00,-9.928970995490661311e-01,-4.495757378933515173e-03,1.188912859407291467e-01,1.259074712076616009e+01,1.155050536106833198e-01,2.031962873611573572e-01,9.723013171815820810e-01,-4.330454803534628638e+00
-1.159461223336581415e-01,9.796452076273045595e-01,-1.638650783072454209e-01,9.783304346738359580e-01,-9.881750687519608167e-01,-9.710745269979993710e-02,1.186599179470981119e-01,1.231932596577664896e+01,1.003320996134542398e-01,1.756855423847033804e-01,9.793202029898867567e-01,-4.315094440990904445e+00
-1.808212316513095608e-01,9.642407429208453840e-01,-1.937613786995634191e-01,9.737343673065028682e-01,-9.813616230106945171e-01,-1.638565281005945617e-01,1.004012105536227495e-01,1.212821976113329114e+01,6.506187106068261894e-02,2.083046516289816796e-01,9.758975996711007905e-01,-4.283192032030107121e+00
-1.379469185190804192e-01,9.681340124178310358e-01,-2.090147881630321780e-01,9.475795472764049210e-01,-9.889443700302973372e-01,-1.230450594606235792e-01,8.275836107432381350e-02,1.194678530165261598e+01,5.440294713033885787e-02,2.181202588987981306e-01,9.744043678070511971e-01,-4.277580616272289582e+00
1.773717812906588226e-02,9.858974886451239428e-01,-1.664077353828591621e-01,9.204650272645992226e-01,-9.926665059233881205e-01,3.726902052501201990e-02,1.149966439812773189e-01,1.168605580807899713e+01,1.195767558092634270e-01,1.631476692825855057e-01,9.793284625077512962e-01,-4.228578310553937847e+00
4.006128492067455582e-01,9.059238019363495820e-01,-1.371546941801083663e-01,1.026066302040103739e+00,-8.952016518452624583e-01,4.189000832781853978e-01,1.521076025813344057e-01,1.147999388979646085e+01,1.952520104479473217e-01,6.184484873224848495e-02,9.788012398343823861e-01,-4.169592752615779219e+00
6.432906430430718192e-01,7.544453968393683985e-01,-1.303429774138797070e-01,1.183640077676861413e+00,-7.450170024744751096e-01,6.560704464121929202e-01,1.205040885964132613e-01,1.135177845696893506e+01,1.764279303205056326e-01,1.958858168398032798e-02,9.841186274379918331e-01,-4.124833898159906198e+00
8.121057038698356045e-01,5.694499319885908406e-01,-1.273228208149046470e-01,1.377470802640157199e+00,-5.533898792587021997e-01,8.208259065719025749e-01,1.414371685040805293e-01,1.125015411008961763e+01,1.850512558079932257e-01,-4.440277084372597216e-02,9.817252297182181842e-01,-4.066927598614161532e+00
9.159003979484912072e-01,3.846721183689020829e-01,-1.146901146017956785e-01,1.558728087118177452e+00,-3.703577465575356165e-01,9.200129850546482357e-01,1.281063889728308591e-01,1.122169904879309321e+01,1.547953507138266349e-01,-7.485632024361388304e-02,9.851065580519566822e-01,-4.049471239594412353e+00
9.784613035549739601e-01,1.712946148810776670e-01,-1.152025709706193390e-01,1.894634961521465932e+00,-1.584022059506186297e-01,9.808766487846339865e-01,1.130917371827044188e-01,1.120377254057224370e+01,1.323715173119778821e-01,-9.240754721215693746e-02,9.868832892610766017e-01,-3.983056123388763137e+00
9.934923060594228472e-01,2.244962455650406294e-02,-1.116649101463755150e-01,2.114653886328732302e+00,-6.447972179417832753e-03,9.898964959202415370e-01,1.416451588286695429e-01,1.117762473891185238e+01,1.137165839070951312e-01,-1.400033632528074057e-01,9.835993070465264276e-01,-3.917033564797905321e+00
9.979573129752909999e-01,-3.994984631823936955e-02,-4.985189322665917189e-02,2.353951368637198449e+00,4.689134275759065246e-02,9.880382558730681497e-01,1.469067966626936006e-01,1.120950599026158301e+01,4.338667368585834988e-02,-1.489443342677155280e-01,9.878933048847065024e-01,-3.913884430327406960e+00
9.977117910282218283e-01,-1.936537179237815542e-02,-6.477780807187442924e-02,2.535756517372250940e+00,2.787077050804477596e-02,9.907115453562032048e-01,1.330934034774443886e-01,1.120975726824279661e+01,6.159871909821967861e-02,-1.345942653803084699e-01,9.889843181427081520e-01,-3.905076458485543522e+00
9.986973146236483023e-01,1.047735298896394773e-02,-4.993895110887086597e-02,2.749252470636649015e+00,-4.624892280155844942e-03,9.932504842590001992e-01,1.158968761039609469e-01,1.122384146925003812e+01,5.081617985353100581e-02,-1.155149366688331958e-01,9.920050480070616850e-01,-3.907355317404970663e+00
9.981717453999637835e-01,-1.330610668831496389e-02,-5.895858046107661787e-02,3.051160165504491317e+00,2.110051794042382134e-02,9.908077528301709735e-01,1.336217238111790939e-01,1.122601221119451154e+01,5.663863370378714734e-02,-1.346214858647176715e-01,9.892770697412063274e-01,-3.871813700229301602e+00
9.983447817690721537e-01,-1.406098479013170432e-03,-5.749538765437722104e-02,3.229080514943719393e+00,8.807114693727149946e-03,9.916477914583710085e-01,1.286743658484668096e-01,1.116813222675621375e+01,5.683424535639764602e-02,-1.289677501656940339e-01,9.900187816258697593e-01,-3.859045384886491181e+00
9.983310095843649368e-01,5.078616733682543571e-02,-2.749473603246067877e-02,3.440073389753224298e+00,-4.670919094895353840e-02,9.900498899197359703e-01,1.327383401689621045e-01,1.115530354268656232e+01,3.396243193814223876e-02,-1.312325442760018668e-01,9.907696869301654274e-01,-3.859813822503896930e+00
9.896960148862222750e-01,1.309418513605211665e-01,-5.793124960334889578e-02,3.695570297220136524e+00,-1.237479611887268433e-01,9.857466602069053785e-01,1.139735232085203193e-01,1.114382340428914375e+01,7.202943995311791858e-02,-1.056302676944855801e-01,9.917933284343241063e-01,-3.797967101902271825e+00
9.862330395895835267e-01,1.569026047301691207e-01,-5.221076757504016647e-02,3.929922300280820124e+00,-1.525809806803274937e-01,9.851726684309130011e-01,7.844652772010875241e-02,1.113667028304168483e+01,6.374508574405009231e-02,-6.940018735997929844e-02,9.955501886082323004e-01,-3.777356179155576754e+00
9.851736359061452619e-01,1.535509342406440880e-01,-7.651808746490512680e-02,4.173033513866938549e+00,-1.437041529277767460e-01,9.822151513995500682e-01,1.208408572977982126e-01,1.109002459324283407e+01,9.371245139666235791e-02,-1.080532598072901918e-01,9.897183788827252915e-01,-3.741739256510860478e+00
9.813400259385224311e-01,1.745273019736798825e-01,-8.069680512116683690e-02,4.330542213750937286e+00,-1.612219116690826459e-01,9.755594441904367198e-01,1.493025989345476701e-01,1.103680160221985140e+01,1.047819101216538734e-01,-1.335065231238964645e-01,9.854931555290628031e-01,-3.690034791082288823e+00
9.584666844515650208e-01,2.822426405476778921e-01,-4.099642244262120122e-02,4.557158046416111219e+00,-2.731446380558428810e-01,9.497628549093487527e-01,1.527826107113759158e-01,1.091934226987659073e+01,8.205864669711949999e-02,-1.352390893607131606e-01,9.874091184565422230e-01,-3.630581445911650551e+00
9.416922765081144897e-01,3.289716049980538903e-01,-7.066356536408861799e-02,4.766365586916553987e+00,-3.185216565800076949e-01,9.392491598169737665e-01,1.278865515706582023e-01,1.086103809574468571e+01,1.084417385257571975e-01,-9.792190198372692500e-02,9.892682601081489446e-01,-3.574537969602614051e+00
9.437398587426771845e-01,3.284926236608812777e-01,-3.804832743680034574e-02,5.013415400849470238e+00,-3.220380188746966299e-01,9.390932117444371618e-01,1.199810570664238824e-01,1.079896524203840080e+01,7.514381823948348971e-02,-1.009778978584216225e-01,9.920468087366085541e-01,-3.556279146539614189e+00
9.526310851136979840e-01,2.953633016015042578e-01,-7.248817656799605436e-02,5.206701305678707037e+00,-2.813793331232347650e-01,9.464208901595828616e-01,1.584713524920665362e-01,1.074348322926973864e+01,1.154109464748397512e-01,-1.305680617019313317e-01,9.846990884007083000e-01,-3.520261470142909577e+00
9.645288684010004943e-01,2.618502984483764839e-01,-3.344373220167998206e-02,5.456916311172029133e+00,-2.514507806290846581e-01,9.499195336082145724e-01,1.855407895600704460e-01,1.067366754307458621e+01,8.035276561578894028e-02,-1.705499952273412390e-01,9.820672747759451315e-01,-3.491384841311074183e+00
9.582857517439219430e-01,2.858068861851993936e-01,-1.685767986109525107e-03,5.642473561905577029e+00,-2.811124272732817841e-01,9.435780262958842757e-01,1.750323156565256888e-01,1.061379953096207984e+01,5.161609474870160197e-02,-1.672570838579991448e-01,9.845612457649423055e-01,-3.525350731821921713e+00
9.506986324648118991e-01,3.091950221111647301e-01,-2.388615773222933086e-02,5.961072196453133465e+00,-3.020386073580425546e-01,9.406499654172276736e-01,1.547589164661622996e-01,1.052922771784659695e+01,7.031920004342606667e-02,-1.399145484295402087e-01,9.876634696307311501e-01,-3.459869428850316453e+00
9.551260649495514343e-01,2.959390730990700269e-01,-1.242034891799054762e-02,6.228007241401296135e+00,-2.897422518741131769e-01,9.421899455361004705e-01,1.683078548660043861e-01,1.048685802899337105e+01,6.151119843491811845e-02,-1.571565192537069666e-01,9.856562285721949257e-01,-3.445585255119715473e+00
9.744536303133851662e-01,2.138355877743975675e-01,-6.866195285773982193e-02,6.493141662664516645e+00,-1.949228495938754302e-01,9.571037084013784835e-01,2.143771771213778543e-01,1.041077584124178834e+01,1.115580793813887167e-01,-1.955168349925520965e-01,9.743346253516984579e-01,-3.421440706493705353e+00
9.752028117043222144e-01,2.162317899325052473e-01,-4.715176631437126287e-02,6.707906800676413539e+00,-2.028887516357097132e-01,9.585978852839724951e-01,1.998155369054100960e-01,1.037802885687616694e+01,8.840605467774095838e-02,-1.852941104074240508e-01,9.786983509461131270e-01,-3.399541081353329552e+00
9.717127907956480959e-01,2.297019316126408806e-01,-5.487508375893856982e-02,6.915290871029529995e+00,-2.166372849168717862e-01,9.594846848404841033e-01,1.801594469918270935e-01,1.032445546952470039e+01,9.403477541832747089e-02,-1.631752498695073217e-01,9.821055436367580604e-01,-3.381242536685606481e+00
9.642503786258390663e-01,2.638369328157694205e-01,-2.472408142457720864e-02,7.139536760694178419e+00,-2.546468236503709459e-01,9.483776540326449567e-01,1.890365587295524119e-01,1.028132478332025457e+01,7.332259218480495500e-02,-1.759826645266557299e-01,9.816587488844598086e-01,-3.341456092884733664e+00
9.492007824746622191e-01,3.112877865105896924e-01,-4.601943631578338939e-02,7.300173704371337280e+00,-2.994376459514233590e-01,9.384898699717195703e-01,1.719705211585192406e-01,1.017565700373552318e+01,9.672109768067864433e-02,-1.494546015678331341e-01,9.840266009278654247e-01,-3.313906582609186913e+00
8.987813189638251821e-01,4.355984278587261560e-01,-4.945857184198344109e-02,7.412219829857747300e+00,-4.182767832848665046e-01,8.858423420018229910e-01,2.008180213068233577e-01,1.008894464120863610e+01,1.312885114795199204e-01,-1.598041137259250122e-01,9.783792577471004392e-01,-3.292250266232816358e+00
7.190743198148935589e-01,6.939559211058904387e-01,-3.684158173611334908e-02,7.522813199083182134e+00,-6.837606291926127122e-01,7.159867874892219541e-01,1.408343782852171100e-01,9.916087637527162713e+00,1.241109364595542469e-01,-7.607956166366099116e-02,9.893474494575710265e-01,-3.239626962489388085e+00
5.078641651465343188e-01,8.573462675679208722e-01,-8.385324828153147003e-02,7.623986511967420832e+00,-8.472175322517881968e-01,5.147223542276729846e-01,1.314661595373871894e-01,9.807325823518274532e+00,1.558731625559751643e-01,4.274990721898500393e-03,9.877678278062763662e-01,-3.198943625636657018e+00
3.578194125988007901e-01,9.289318496558949256e-01,-9.513614803176723145e-02,7.682706886102944388e+00,-9.263928218336355824e-01,3.659365707189300432e-01,8.880746514556635274e-02,9.575864527250779190e+00,1.173098786230756807e-01,5.635640962075558896e-02,9.914950062769354311e-01,-3.164545018769604479e+00
5.104408612533939404e-01,8.588167893518237062e-01,-4.340333501372779096e-02,7.819718976673407873e+00,-8.480714170485350589e-01,5.111177028395620381e-01,1.397625322799220804e-01,9.379816153937706957e+00,1.422146221321157200e-01,-3.453137951819532786e-02,9.892333319699621041e-01,-3.142287504982528734e+00
7.247087961956623081e-01,6.883861830359115919e-01,-3.035825623908347190e-02,8.010210145180421293e+00,-6.826958798481719271e-01,7.232950687794910127e-01,1.037814006342144685e-01,9.166549895283266025e+00,9.339965928718038657e-02,-5.448583746732485467e-02,9.941367094924753456e-01,-3.113002204511263304e+00
7.824896491405115562e-01,6.216324463357655317e-01,-3.581969640527777471e-02,8.219896144046600739e+00,-6.150683895748805252e-01,7.806226148358434980e-01,1.109919337276867174e-01,9.050392866641104206e+00,9.695785235719248107e-02,-6.481847629694999224e-02,9.931755836692855999e-01,-3.100504212120330116e+00
8.707409508703878309e-01,4.892381799922238539e-01,-4.956006169512348208e-02,8.476627282304129096e+00,-4.818776839616986662e-01,8.690149150955798207e-01,1.122807866071889732e-01,8.974803048915065418e+00,9.800048049391517357e-02,-7.388559114817455642e-02,9.924398345711693548e-01,-3.077075788102919596e+00
9.201918413502515603e-01,3.900426943482775965e-01,-3.337172003305598905e-02,8.680240015628982064e+00,-3.828356085109395068e-01,9.144285103182709928e-01,1.313674098593875239e-01,8.956478853503961446e+00,8.175495072769500826e-02,-1.081073360260120797e-01,9.907718869290118580e-01,-3.057911607020627809e+00
9.613395321983575492e-01,2.661689291491401432e-01,-7.057198444310634755e-02,8.933261068017159801e+00,-2.529020617839015106e-01,9.548140313809426738e-01,1.561112187625277592e-01,8.862915785046054040e+00,1.089350768948640635e-01,-1.322280856462416387e-01,9.852151452288193667e-01,-3.022123139891812027e+00
9.681734770027866643e-01,2.397763563306726797e-01,-7.174550420142017382e-02,9.066243521676378592e+00,-2.275434559507313881e-01,9.626610701241165025e-01,1.466548319063733230e-01,8.845024341614639241e+00,1.042309650839302326e-01,-1.256620985511344990e-01,9.865824562120496521e-01,-2.980460758168527402e+00
9.402632567106207206e-01,3.246173026420843266e-01,-1.026090391013868286e-01,9.280172622337454769e+00,-3.095105108749161560e-01,9.406055769455026194e-01,1.395148460808547097e-01,8.786784958654807909e+00,1.418035674370757560e-01,-9.942210742281160085e-02,9.848893302385445248e-01,-2.986706554576883388e+00
9.236376482497535845e-01,3.723275478672899985e-01,-9.091585029460211298e-02,9.499735494998708063e+00,-3.614248753088661892e-01,9.250754306615726064e-01,1.166512198576349912e-01,8.734203440826327380e+00,1.275364820105629460e-01,-7.488420851844540538e-02,9.890029327918793411e-01,-2.948118292368815396e+00
8.962267287099395796e-01,4.361525965110633063e-01,-8.092319384782697966e-02,9.643639823411113809e+00,-4.291037342936299681e-01,8.986478474917873882e-01,9.111548394008968377e-02,8.674028141001594250e+00,1.124617088663419640e-01,-4.693568743538028415e-02,9.925469285045588341e-01,-2.944736854929053571e+00
8.480536150247011129e-01,5.139195475638678179e-01,-1.291966124760272616e-01,9.819917016521699793e+00,-5.067955101533995199e-01,8.578090876628513550e-01,8.556798473365936908e-02,8.532288744132234370e+00,1.548010882774657482e-01,-7.089975653879390834e-03,9.879202170789618265e-01,-2.894027151622070360e+00
7.462786710237807597e-01,6.569507081149026373e-01,-1.071630173254882190e-01,1.002657752038986061e+01,-6.495916057407467026e-01,7.539248647845652185e-01,9.812259684053928344e-02,8.270061941765375124e+00,1.452545728234898303e-01,-3.614604667073140210e-03,9.893877115200945260e-01,-2.802562582423055115e+00
5.649139898534111248e-01,8.144324636520708927e-01,-1.325592177764853830e-01,1.010668834566938301e+01,-8.126423236801215699e-01,5.769900087115347187e-01,8.182287950710057101e-02,8.091871495013650772e+00,1.431245535597228669e-01,6.150034143545077270e-02,9.877920176695378363e-01,-2.772162380544625382e+00
3.230054859056788463e-01,9.365573800663452575e-01,-1.361166041234304624e-01,1.017453575355312623e+01,-9.424033002783472890e-01,3.314975551127060660e-01,4.455772187596297729e-02,7.901410232441490322e+00,8.685318473903787251e-02,1.138843483432061821e-01,9.896902947402956841e-01,-2.746739589399160852e+00
2.885271200079468357e-01,9.472963535084377718e-01,-1.392182446719243127e-01,1.022103681842396483e+01,-9.539393677016917428e-01,2.968859539996925312e-01,4.310931531104321424e-02,7.722144240482394117e+00,8.216923857998340019e-02,1.203675577026646487e-01,9.893229337703057791e-01,-2.719209592124907537e+00
2.724178671824532549e-01,9.536873921178785629e-01,-1.275494561147080819e-01,1.023812694184115379e+01,-9.591908056332697496e-01,2.796145801735449021e-01,4.205573614822294415e-02,7.497022166827718159e+00,7.577271295367425663e-02,1.108875316244648246e-01,9.909401855318396013e-01,-2.681323337817983710e+00
1.678046480527093931e-01,9.762181358498264183e-01,-1.372579736474023593e-01,1.026600273251765749e+01,-9.852774037477967095e-01,1.706986807287060592e-01,9.507789515884235501e-03,7.310208437853917829e+00,3.271143157835584153e-02,1.336417286455234554e-01,9.904897024243786152e-01,-2.664309767038143484e+00
1.218995071961545412e-01,9.878866500972621756e-01,-9.602331334076663616e-02,1.020460080812860859e+01,-9.916346213803786114e-01,1.253535842702590553e-01,3.077753385815936230e-02,7.106628515662005263e+00,4.244158132216323265e-02,9.146827575833729740e-02,9.949031443837507149e-01,-2.631236133591535964e+00
1.632752454582117041e-01,9.796995165653981097e-01,-1.163187494004337963e-01,1.025499395913125156e+01,-9.859363089078939657e-01,1.662906985149907590e-01,1.664326784235921342e-02,6.872470569475990665e+00,3.564812754741580186e-02,1.119654447984574502e-01,9.930724798187945401e-01,-2.681052274710618022e+00
2.174191296346813795e-01,9.692730958510332728e-01,-1.150590619127689618e-01,1.029636164014880428e+01,-9.705175814686919367e-01,2.272380902704166927e-01,8.036463395308345026e-02,6.619358744783465198e+00,1.040410790460035428e-01,9.419403372614720826e-02,9.901024885744627024e-01,-2.617951269582725615e+00
2.280204674268349052e-01,9.682667467846847176e-01,-1.023043181173012156e-01,1.031686578345352245e+01,-9.700257637010617495e-01,2.349780572003589973e-01,6.193004432837883461e-02,6.436426391384230783e+00,8.400407246448153564e-02,8.511650665612924271e-02,9.928234969540369326e-01,-2.597022520172235449e+00
9.097427134337249255e-02,9.877859116104391601e-01,-1.265016789511944351e-01,1.033782418957091309e+01,-9.924469052985464002e-01,1.004262471670744200e-01,7.045359496345231232e-02,6.186364714132335685e+00,8.229715740460902262e-02,1.191367353248614230e-01,9.894612757350629284e-01,-2.549530989308983475e+00
8.880811854165636399e-02,9.869814056183495721e-01,-1.340925913117977930e-01,1.039733587383355484e+01,-9.951376003820454619e-01,9.367615563514446186e-02,3.042916645724869085e-02,6.004989615194421759e+00,4.259429993501372830e-02,1.307382225251731145e-01,9.905015107429203658e-01,-2.530559155817549311e+00
1.362733134994694728e-01,9.832814875925144360e-01,-1.207770681285233183e-01,1.040880128187682985e+01,-9.866014494017257830e-01,1.457405764831524730e-01,7.332983297929025757e-02,5.802015943331660708e+00,8.970598679178320989e-02,1.091659311516409159e-01,9.899674920973470238e-01,-2.516058614622800338e+00
1.493430422673453772e-01,9.850124224436292986e-01,-8.629706459701644294e-02,1.042985890889534240e+01,-9.847929989886067270e-01,1.560074641749275293e-01,7.644880813153855093e-02,5.633853020577339166e+00,8.876601190409552644e-02,7.356764746433203106e-02,9.933319668555969928e-01,-2.494132809247077365e+00
3.875717012961660268e-02,9.919614499943401054e-01,-1.204589701461247220e-01,1.040634765707644327e+01,-9.957205695856073957e-01,4.845983269802636023e-02,7.869048175599656358e-02,5.427255486798638451e+00,8.389534592368944055e-02,1.168936539765957489e-01,9.895945859756649643e-01,-2.458135325588827858e+00
2.702925097057001444e-02,9.885555944830398678e-01,-1.484158219606260265e-01,1.041965554483035561e+01,-9.974036657578799758e-01,3.658378749793006479e-02,6.202865487053019905e-02,5.267647633557910325e+00,6.674838668245852702e-02,1.463538968001344143e-01,9.869778061165853655e-01,-2.434188852101385692e+00
6.774206954378872436e-02,9.835965034344900104e-01,-1.671793361793392496e-01,1.047340563755533083e+01,-9.948899378690225781e-01,7.916985045272979804e-02,6.265896828278394448e-02,5.076164361329640329e+00,7.486670515586389685e-02,1.620803911974925127e-01,9.839333937052732182e-01,-2.399376177690327960e+00
8.260737351277465390e-02,9.828385317792411868e-01,-1.649376921487049064e-01,1.048148697539801688e+01,-9.931415307397533088e-01,9.492761530591574404e-02,6.825428757396512225e-02,4.889952775667562257e+00,8.274008557657192009e-02,1.581681646297757593e-01,9.839394848955056450e-01,-2.366720731216516604e+00
6.263604888033908434e-03,9.823320795660602789e-01,-1.870413128408274228e-01,1.043568858909275576e+01,-9.996336941016819022e-01,1.107583310889405197e-02,2.469420048446200472e-02,4.707823016456487153e+00,2.632954368061612982e-02,1.868181237898439151e-01,9.820416201736137385e-01,-2.337211192329090803e+00
-1.054193095105943473e-01,9.715827081006954691e-01,-2.119287863930299221e-01,1.038774680267436246e+01,-9.938965536035115900e-01,-9.597684731892823506e-02,5.438828471076433829e-02,4.510673318796835751e+00,3.250246017410656635e-02,2.163688658250815522e-01,9.757705180954185931e-01,-2.322526998914376417e+00
-1.982155135277611779e-01,9.441187650245909113e-01,-2.633445798290928730e-01,1.032804134240678451e+01,-9.801309340727243358e-01,-1.929355316807156162e-01,4.603512451168551012e-02,4.327860741118289667e+00,-7.345901622834894069e-03,2.672370448562763068e-01,9.636028225289895444e-01,-2.346257798143600581e+00
-2.032296684442812806e-01,9.556735574100231334e-01,-2.130393239082704060e-01,1.031436002095562898e+01,-9.788496106613695513e-01,-1.930869011870454954e-01,6.760834488483841165e-02,4.143228128649776743e+00,2.347640458226625537e-02,2.222734807781841793e-01,9.747016764993496896e-01,-2.380655675454804054e+00
-1.442489298744658310e-01,9.682137288555410226e-01,-2.043389867003221894e-01,1.032009188662970089e+01,-9.895308213735897196e-01,-1.401821098839933222e-01,3.431806550752865281e-02,3.939308229501728764e+00,4.582551884944622601e-03,2.071500695730395247e-01,9.782984457179259019e-01,-2.395088859083627231e+00
-1.950451040427552962e-01,9.642273976358564092e-01,-1.795074734860051813e-01,1.030425961184406880e+01,-9.805874866441667281e-01,-1.954682233461018659e-01,1.550337701252742749e-02,3.769473460516962415e+00,-2.013922604830011009e-02,1.790466400419084281e-01,9.836344403607885090e-01,-2.402952388297530106e+00
-1.971139754175961489e-01,9.626165776627266801e-01,-1.857832207277213543e-01,1.034744466064167057e+01,-9.803779461700545816e-01,-1.931026285604758308e-01,3.962899830198477608e-02,3.477199198255827461e+00,2.272302456704575115e-03,1.899492017670225130e-01,9.817912901373790913e-01,-2.373694389323502296e+00
-1.129991585612191568e-01,9.748433850761391017e-01,-1.921238265748024254e-01,1.036487534567730506e+01,-9.935950834660867148e-01,-1.108698092210218256e-01,2.183335785701111600e-02,3.251910591514892701e+00,-1.662751825365499584e-05,1.933604405678228388e-01,9.811277897129130343e-01,-2.360281065246041976e+00
-2.156653764918672368e-03,9.864880614898923206e-01,-1.638189652709561850e-01,1.043154479980181293e+01,-9.976377992300238251e-01,9.125334947820489331e-03,6.808487210506146414e-02,3.001122363074280486e+00,6.865981642861233858e-02,1.635788274808154807e-01,9.841380984435029733e-01,-2.352367944325711502e+00
2.877526273856269648e-02,9.869557042005058234e-01,-1.583995650259316657e-01,1.042638046555187614e+01,-9.979203347963532256e-01,3.750840181443490517e-02,5.242256377991157817e-02,2.821495643252920793e+00,5.768006288362299144e-02,1.565616739160780868e-01,9.859824808820590869e-01,-2.349472408880036944e+00
2.956691891405171363e-04,9.879530455323052296e-01,-1.547536506941518952e-01,1.038553284309331914e+01,-9.992738703342182172e-01,6.188080164283989507e-03,3.759574086449509606e-02,2.578883468528212930e+00,3.810045468233227983e-02,1.546301635752778958e-01,9.872374931421949995e-01,-2.306207598404738324e+00
4.804231305373586614e-02,9.861608206100364038e-01,-1.586782028199855699e-01,1.043586536414711574e+01,-9.984493998806913684e-01,5.188576343357653720e-02,2.016589771867950687e-02,2.354998456362497716e+00,2.811995793617377143e-02,1.574633400085504176e-01,9.871243916138546792e-01,-2.305591094415336162e+00
1.830783236267506942e-01,9.717462961108163100e-01,-1.489679945925375948e-01,1.052162110183865629e+01,-9.812795859768765894e-01,1.898424177518130973e-01,3.240726102578896789e-02,2.143512235546813027e+00,5.977208012999309095e-02,1.402461850356344630e-01,9.883108347174422992e-01,-2.270659721161282008e+00
3.309124339686957961e-01,9.326712360099147503e-01,-1.436012763336219633e-01,1.064380312854947874e+01,-9.340324386509920584e-01,3.454047369940975720e-01,9.098885211781056193e-02,1.943707622937638657e+00,1.344632462518732807e-01,1.040189078089649305e-01,9.854439112530156697e-01,-2.211243144360188317e+00
5.645580921547159736e-01,8.179714274993877821e-01,-1.104395960570078855e-01,1.079811195243691380e+01,-8.214630735073850110e-01,5.698594508785986834e-01,2.141553427165657914e-02,1.729172387945848932e+00,8.045234270314927105e-02,7.863173684302286748e-02,9.936520872592318199e-01,-2.197176708501975995e+00
6.536760182260604735e-01,7.393998750776767936e-01,-1.612311630276016539e-01,1.098383005349022312e+01,-7.395960701738678589e-01,6.693073691104907130e-01,7.088934079085759676e-02,1.598987461959716860e+00,1.603287752697274970e-01,7.290727254193790641e-02,9.843674179040101668e-01,-2.142068601000175931e+00
7.991984849258838564e-01,5.788866482359631416e-01,-1.617777184481782038e-01,1.124204428026966518e+01,-5.719322363937177078e-01,8.151778838181888975e-01,9.153433622077483678e-02,1.543978143323786467e+00,1.848656232668685062e-01,1.937178948439956597e-02,9.825728650366485351e-01,-2.079784687594476100e+00
9.101179064067181912e-01,3.823016187909916153e-01,-1.597838186664518045e-01,1.151112595512363157e+01,-3.838617696205224861e-01,9.231229533537954612e-01,2.222959322986408498e-02,1.497422800987384672e+00,1.559985200623640877e-01,4.110334853939193872e-02,9.869017055802493665e-01,-2.029745447588524598e+00
9.734248635546414175e-01,1.391030886974567449e-01,-1.819185689489916935e-01,1.182432756316125833e+01,-1.318277157397116373e-01,9.899312736550343050e-01,5.155120563642747594e-02,1.450926340132826065e+00,1.872578125912809366e-01,-2.619931591753394892e-02,9.819613574214546281e-01,-1.983001143203848793e+00
9.908576382922298365e-01,1.948284598794234115e-02,-1.334974132713761252e-01,1.201056136510142913e+01,-1.140689935874283564e-02,9.980728838487480381e-01,6.099509138333134711e-02,1.397114818127036528e+00,1.344285062215516968e-01,-5.891466063766745420e-02,9.891703793972979053e-01,-1.915636593671337318e+00
9.868406999348962039e-01,-1.717009978042960752e-02,-1.607812819501319990e-01,1.225139740524453380e+01,2.728793150897807981e-02,9.977687164895709948e-01,6.093403965529627098e-02,1.390822179413409465e+00,1.593762897860244165e-01,-6.451957895307428026e-02,9.851073150605281770e-01,-1.870185177517094122e+00
9.859569305419311203e-01,-8.749607851891735844e-02,-1.422440415628672961e-01,1.242567665707583480e+01,9.104205346120886055e-02,9.956732933807910246e-01,1.860207917984440726e-02,1.451829283149777439e+00,1.400009843461587911e-01,-3.129103852636211380e-02,9.896568068224720349e-01,-1.852162899099977222e+00
9.441976991020141208e-01,-2.710884593496610262e-01,-1.870875522793627732e-01,1.271530638579418238e+01,2.833560840946476311e-01,9.581050899475497262e-01,4.176082162915569634e-02,1.574373753663724340e+00,1.679286593080616397e-01,-9.244286789159120166e-02,9.814551857109820032e-01,-1.812147210026271216e+00
9.073317080018348246e-01,-3.908508042936066906e-01,-1.548703342719567888e-01,1.284494016141622552e+01,4.023227325976619917e-01,9.141283867266210006e-01,5.005708157426787958e-02,1.617609366391165704e+00,1.220065182259425923e-01,-1.077262334049744197e-01,9.866658340830309903e-01,-1.777154867925907933e+00
8.888380398410663519e-01,-4.308711555038692853e-01,-1.559390467017327531e-01,1.304345808526044515e+01,4.418756766396613189e-01,8.960555619330190513e-01,4.278219633376012521e-02,1.700129050939671149e+00,1.212964357502993307e-01,-1.069321153052666118e-01,9.868397526400211062e-01,-1.778139412064405622e+00
8.437556617427778294e-01,-5.131510599875721557e-01,-1.573288686498186539e-01,1.316559458121265180e+01,5.192227543272174284e-01,8.546339643034811528e-01,-2.918637999392734769e-03,1.829276599918274515e+00,1.359562968966842866e-01,-7.922611117897804256e-02,9.875419528514219891e-01,-1.752943831646086359e+00
6.853916750747383047e-01,-7.020650272604385123e-01,-1.932432385260547669e-01,1.332979324236168850e+01,7.137828112620805410e-01,7.002565460759838656e-01,-1.244459820692987717e-02,2.098810681428679104e+00,1.440567599421861134e-01,-1.294042780418358796e-01,9.810719559438205728e-01,-1.744357221993273921e+00
5.346282621445106464e-01,-8.243565877835664635e-01,-1.860345061921827026e-01,1.344553024909686201e+01,8.368186521869488415e-01,5.471298182163396584e-01,-1.958329314928711901e-02,2.361421172478544772e+00,1.179286422730072559e-01,-1.452073627485364893e-01,9.823480325909261790e-01,-1.717985964288042400e+00
4.474869385285593082e-01,-8.745406502969147455e-01,-1.869066366520482358e-01,1.352454100802331283e+01,8.867878327586389275e-01,4.609488895149287946e-01,-3.366691144414172415e-02,2.670957057172023141e+00,1.155974892355805944e-01,-1.506810281130245843e-01,9.818006153233124200e-01,-1.705209181190094903e+00
3.915545818398131206e-01,-9.090281103837211107e-01,-1.426636042319286424e-01,1.360117565270669182e+01,9.128603493325934126e-01,4.032370529849941265e-01,-6.392074558662493022e-02,2.882493804708950336e+00,1.156330059136291000e-01,-1.052034867871443763e-01,9.877050340618949154e-01,-1.665416464585360856e+00
1.704718800865040740e-01,-9.707120047741765179e-01,-1.692853859229010993e-01,1.368260528394663034e+01,9.791196235030905637e-01,1.861816355772516751e-01,-8.161593866974135858e-02,3.151950878040199022e+00,1.107434014780835779e-01,-1.518374208193501163e-01,9.821819060988624672e-01,-1.659207727441095903e+00
1.030125251511883194e-01,-9.834904331520935017e-01,-1.487783168350726437e-01,1.370557682881225681e+01,9.924511389791786931e-01,1.116331287381766846e-01,-5.078170248282698473e-02,3.392734202924824416e+00,6.655190756773571303e-02,-1.424240585941399240e-01,9.875658110387741662e-01,-1.607505116619706298e+00
2.101890955248637005e-01,-9.672791358346535251e-01,-1.420972114483595727e-01,1.373026286285728936e+01,9.733782585412620314e-01,2.206353017908436187e-01,-6.208727247062400395e-02,3.636658970589953466e+00,9.140738439326254183e-02,-1.252642685789666921e-01,9.879036152863102105e-01,-1.598085467647077484e+00
2.059632847010547108e-01,-9.708711135124445946e-01,-1.224271469170634535e-01,1.372320609715767858e+01,9.765432109911291736e-01,2.119515670988708078e-01,-3.794588609409600688e-02,3.875814325579505226e+00,6.278919032990706861e-02,-1.117399398220388779e-01,9.917518356052007489e-01,-1.593636586125170007e+00
1.026918012553601628e-01,-9.900558962011456465e-01,-9.614424762964210447e-02,1.372899955911967673e+01,9.940843583187175536e-01,1.055827507753862304e-01,-2.546706274317106500e-02,4.163866528975387560e+00,3.536498976376896419e-02,-9.296023416516814575e-02,9.950415631334045274e-01,-1.578359160531961125e+00
9.268838469488599463e-02,-9.892025292850903373e-01,-1.135218895131102496e-01,1.373725367755581495e+01,9.951288191671608940e-01,9.587650851143295072e-02,-2.294184775966581769e-02,4.335763428101095052e+00,3.357821623647299497e-02,-1.108424610500459845e-01,9.932705835887566392e-01,-1.535423426677356762e+00
1.403426760925929606e-01,-9.863206165339407638e-01,-8.646140565171543668e-02,1.378017438334732248e+01,9.900403212037507394e-01,1.407802085824124694e-01,1.046547784423602348e-03,4.519251607623056444e+00,1.113982306601237621e-02,-8.574715313987585352e-02,9.962546512164789370e-01,-1.505631949050313390e+00
1.785100818023337144e-01,-9.774440088062072984e-01,-1.128599146897115435e-01,1.383542612764271773e+01,9.838275693448066406e-01,1.790310717853562106e-01,5.584723133232422261e-03,4.767735819552124887e+00,1.474667732108364201e-02,-1.120316249289969174e-01,9.935952146240237814e-01,-1.512722395547272392e+00
2.744465103713914986e-02,-9.926863423705272194e-01,-1.175611194250375940e-01,1.381684272779862965e+01,9.979408444252634292e-01,3.402882569131564228e-02,-5.437012092924644463e-02,5.032976050697960169e+00,5.797294332048810034e-02,-1.158268737948501270e-01,9.915761560009774822e-01,-1.497088261535404641e+00
-1.761576634185049381e-02,-9.893295879976696794e-01,-1.446259004761749345e-01,1.379551965862954610e+01,9.983655793081673835e-01,-9.539286444098503751e-03,-5.634866517321719670e-02,5.174924105145085385e+00,5.436777380816040089e-02,-1.453821458312276049e-01,9.878806490890768011e-01,-1.485904304307685608e+00
4.272179002309371004e-02,-9.953041139231619816e-01,-8.685948114538813436e-02,1.380552271856509705e+01,9.988903788362216707e-01,4.427641692351719227e-02,-1.605023279716029372e-02,5.422360672229511458e+00,1.982068933339211497e-02,-8.607740535145130822e-02,9.960912712007441439e-01,-1.445386042646491731e+00
-1.188378278687082651e-01,-9.906007464138572027e-01,-6.773279760758484092e-02,1.377640502273119161e+01,9.928084994586607870e-01,-1.195413251972099605e-01,6.415214161336629632e-03,5.539085859643330778e+00,-1.445178432194943116e-02,-6.648332704067656806e-02,9.976828720367597603e-01,-1.439567491625701301e+00
-1.245020060390699401e-01,-9.898234323533685597e-01,-6.891170623658550431e-02,1.375854402552853806e+01,9.919020130844432570e-01,-1.259180571276693750e-01,1.658430969984757766e-02,5.540796811270068289e+00,-2.509276651297750668e-02,-6.628888031474763909e-02,9.974849058584021044e-01,-1.454132713682803058e+00
-1.103519730636200735e-01,-9.902943238014314531e-01,-8.449611995603827086e-02,1.374790138858755739e+01,9.938471607313200673e-01,-1.107601037201818017e-01,1.432835896185833855e-04,5.567077160197969832e+00,-9.500691935776401156e-03,-8.396041728429862183e-02,9.964237979806539469e-01,-1.451639982343938984e+00
-1.002510864678935326e-01,-9.863496434576179972e-01,-1.306296310682622530e-01,1.372649647005299478e+01,9.936654527564257045e-01,-1.059545947366110907e-01,3.745119293916905623e-02,5.623057881755150866e+00,-5.078078042304234180e-02,-1.260476287171785059e-01,9.907236282810691907e-01,-1.409976552549465190e+00
-1.203825064683535645e-01,-9.854177850593272003e-01,-1.202490791031683992e-01,1.369818084440482764e+01,9.899143123471071393e-01,-1.282701998787387221e-01,6.013659479403189040e-02,5.710784010820878720e+00,-7.468404345474266570e-02,-1.117968904390076873e-01,9.909206572382179834e-01,-1.392868157393418960e+00
-9.939083233031842379e-02,-9.906616015072711168e-01,-9.333302602899454237e-02,1.371109508903875351e+01,9.934280318067462145e-01,-1.041423640110281656e-01,4.748803679631199287e-02,5.741922541498591492e+00,-5.676449655603273137e-02,-8.799976884763263674e-02,9.945018012117960993e-01,-1.379456260262083456e+00
-1.177479976185283606e-01,-9.888818788733275689e-01,-9.081871334024906040e-02,1.367107515404443596e+01,9.911368246291797357e-01,-1.226940003651064565e-01,5.093110187687587692e-02,5.758212650835535129e+00,-6.150775496482063787e-02,-8.401673589445378398e-02,9.945642182226508421e-01,-1.384983799702319551e+00
-1.112813606152247697e-01,-9.874150633404780164e-01,-1.123741583636459068e-01,1.364933833460020729e+01,9.913283737585134592e-01,-1.182461023902433433e-01,5.732289813692127700e-02,5.757375650205483808e+00,-6.988929933061278910e-02,-1.050207215640293484e-01,9.920111561274147505e-01,-1.388228789538610508e+00
-7.603143463897445165e-02,-9.908917894292991191e-01,-1.111426227346402063e-01,1.366613180287712304e+01,9.944962013703736448e-01,-8.341842874124399954e-02,6.339299019795455181e-02,5.787986030986197683e+00,-7.208693644922961608e-02,-1.057110561291344092e-01,9.917805433690615180e-01,-1.390147402163165902e+00
-1.153012178251606040e-01,-9.869552268809473894e-01,-1.123610666574786365e-01,1.359914966378807222e+01,9.916144576746317441e-01,-1.210095140216902732e-01,4.535928622541482436e-02,5.862493588790521848e+00,-5.836434269894208438e-02,-1.061888772358276223e-01,9.926316163878309284e-01,-1.391224270217694459e+00
-1.771394959000878733e-01,-9.740921255939846146e-01,-1.405920689372250898e-01,1.355344542177923195e+01,9.834981266338475026e-01,-1.805393051590848674e-01,1.170445216087148688e-02,5.969796184828906505e+00,-3.678360912110071462e-02,-1.361987156637735064e-01,9.899984221965043574e-01,-1.369196481912136498e+00
-1.863461720986921144e-01,-9.738643949749118400e-01,-1.298585551448467601e-01,1.351641815449137773e+01,9.809597008240180660e-01,-1.917847980443770917e-01,3.060484599421416790e-02,6.048448709994376671e+00,-5.470986660024438480e-02,-1.216829135056355787e-01,9.910600885200487875e-01,-1.362148678818729364e+00
-1.927575622629759122e-01,-9.704581459642364072e-01,-1.451051657319117061e-01,1.349078583012963506e+01,9.788560110479429532e-01,-2.004896539578772396e-01,4.055623615622124672e-02,6.052468513893020763e+00,-6.845021421254526839e-02,-1.342195424947543181e-01,9.885846866034082581e-01,-1.363421287803610049e+00
-1.759352618814243874e-01,-9.716936448633983758e-01,-1.576649744197877179e-01,1.348513411363845194e+01,9.837103639862722071e-01,-1.795437347758682411e-01,8.829897435864169156e-03,6.093288072280530265e+00,-3.688771357389477451e-02,-1.535431790566101906e-01,9.874531830686877898e-01,-1.304967674855452398e+00
-1.394221125275403039e-01,-9.766119530811185889e-01,-1.636782442398340698e-01,1.345963714547294998e+01,9.897518465175595415e-01,-1.425898532239089078e-01,7.708182189389377499e-03,6.141082256894255131e+00,-3.086675968478926058e-02,-1.609261534265354343e-01,9.864836624546318156e-01,-1.304016818285454127e+00
-6.191119028517604733e-02,-9.853807311763109755e-01,-1.587193092975938691e-01,1.343279762695290636e+01,9.978196411284941947e-01,-6.475094137537987238e-02,1.277808159328375562e-02,6.199568239345723875e+00,-2.286850007488942446e-02,-1.575821380024856055e-01,9.872410554099204649e-01,-1.293878209938419399e+00
-1.613099104429728189e-02,-9.831449728028496260e-01,-1.821146715133267480e-01,1.342498052871110659e+01,9.996837328352321528e-01,-1.937269269468934463e-02,1.603536972983594933e-02,6.203847765652767521e+00,-1.929314470334485623e-02,-1.817984082170000792e-01,9.831465370621126354e-01,-1.303597270360903559e+00
-2.510256361202643088e-02,-9.810328793307780959e-01,-1.922091334251864181e-01,1.340435989883948054e+01,9.995464503460543826e-01,-2.783038987891728322e-02,1.150491198528995167e-02,6.209389010708365575e+00,-1.663595205288759954e-02,-1.918331542542742740e-01,9.812865463401365673e-01,-1.297597959959530645e+00
-7.835150415578381877e-02,-9.783155638738214588e-01,-1.917281911424787433e-01,1.341086128382550591e+01,9.969247585446884274e-01,-7.661139651491293001e-02,-1.648392321774460462e-02,6.204184967203502765e+00,1.437914162917657218e-03,-1.924301208394238183e-01,9.813096254478440583e-01,-1.378949804768501819e+00
-9.472752346516437327e-02,-9.873761070209716717e-01,-1.269453409238066321e-01,1.336534023757009848e+01,9.951881956222536907e-01,-9.071657297326438107e-02,-3.702645921646569721e-02,6.282094249874999647e+00,2.504299487439490962e-02,-1.298419295608739255e-01,9.912184026417353300e-01,-1.385350793679654302e+00
-6.047030363919222995e-02,-9.895155011468798056e-01,-1.311579786662531721e-01,1.337296236716036901e+01,9.978493342552237078e-01,-5.659637920560874058e-02,-3.306895806071230570e-02,6.345872435948571422e+00,2.529917991141509767e-02,-1.328755916293437866e-01,9.908097842900850383e-01,-1.345152156535301291e+00
-3.298036857466995347e-02,-9.896519665854756065e-01,-1.396469846512035373e-01,1.336353245520962929e+01,9.901075221802926318e-01,-1.328565895255472140e-02,-1.396802984969510164e-01,6.394292211990723729e+00,1.363795798889264055e-01,-1.428722376800010962e-01,9.803000223858164830e-01,-1.332742717236571117e+00
5.313143424680712851e-02,-9.850567549807526246e-01,-1.638299122921723083e-01,1.333192210324466664e+01,9.854894707064023596e-01,7.820927049533236974e-02,-1.506446585027253482e-01,6.496872982479411363e+00,1.612065563855644423e-01,-1.534486867828182000e-01,9.749184307945663042e-01,-1.341421734111601038e+00
-2.449896278350231424e-02,-9.930745287494811002e-01,-1.149033557887784163e-01,1.331254560126478559e+01,9.850595707133560364e-01,-4.381729476777958265e-03,-1.721581906062301937e-01,6.572222348148145876e+00,1.704624385856062241e-01,-1.174043474313543334e-01,9.783449168037157140e-01,-1.330773297815740497e+00
1.216636174169028264e-02,-9.961019154856933788e-01,-8.736677633801465115e-02,1.332381524330902778e+01,9.746001812720823665e-01,3.135282659931000471e-02,-2.217464473867799268e-01,6.535866366535579175e+00,2.236212563831869171e-01,-8.244982856234323032e-02,9.711825572278613983e-01,-1.303894750947703685e+00
1.099980019607930265e-02,-9.894289891557482841e-01,-1.446004142935772008e-01,1.333797364982704536e+01,9.855282439424347674e-01,3.519001771941963203e-02,-1.658184038176943043e-01,6.581911514708854050e+00,1.691540268139885284e-01,-1.406838230612694474e-01,9.754972973522177959e-01,-1.258902527205348454e+00
1.844391332196529398e-02,-9.844902555480989914e-01,-1.744670707961942513e-01,1.327299140934010424e+01,9.851570202823064504e-01,4.767942905952807231e-02,-1.649009321776100101e-01,6.571343851857127660e+00,1.706618511849069819e-01,-1.688360411031651631e-01,9.707568819095511170e-01,-1.267646427041623891e+00
-2.402820263905867948e-02,-9.892273983445434293e-01,-1.444015229920242172e-01,1.324542453189147473e+01,9.846352617055770251e-01,1.572818599283479961e-03,-1.746165159646807519e-01,6.591713906693258629e+00,1.729625591968575182e-01,-1.463785524116606729e-01,9.739903862512933053e-01,-1.270873971239650180e+00
-3.228557145003966428e-02,-9.923330490340174226e-01,-1.193011385988775735e-01,1.324779159163915843e+01,9.758556542964736957e-01,-5.499149154842531209e-03,-2.183472036371753577e-01,6.552228879403988238e+00,2.160170915778333867e-01,-1.234701549096654805e-01,9.685513600180634119e-01,-1.257375696046527658e+00
-3.415811311118202576e-02,-9.906927974895861633e-01,-1.317611638948873731e-01,1.323921492897871843e+01,9.833019000486842298e-01,-9.734535604175790016e-03,-1.817212485572850256e-01,6.607199280191340840e+00,1.787472983553359818e-01,-1.357682577733929918e-01,9.744826235043133611e-01,-1.244887630576558601e+00
-3.728754951091979575e-02,-9.914522781384935701e-01,-1.250280721496406788e-01,1.324283466633781359e+01,9.845639617354929873e-01,-1.503838873292992831e-02,-1.743779003085771939e-01,6.599223560376386466e+00,1.710071457664320838e-01,-1.296002586351667485e-01,9.767089275001634707e-01,-1.239985174620898745e+00
-3.722887404135689915e-02,-9.915944324829801815e-01,-1.239132454839390884e-01,1.324836156432450629e+01,9.851526880673132647e-01,-1.562221356325233131e-02,-1.709682065096640169e-01,6.596951146747001005e+00,1.675953225223186793e-01,-1.284384207008715806e-01,9.774535180541882307e-01,-1.237083646708615259e+00
-4.101466104437486576e-02,-9.942399226724488726e-01,-9.901905747729371210e-02,1.325489395681145943e+01,9.859387345747135933e-01,-2.420507289175452895e-02,-1.653448702304286533e-01,6.617730043803268458e+00,1.619957074882779624e-01,-1.044082880358700033e-01,9.812524140835499065e-01,-1.236207772035392560e+00
-6.102783365081097811e-02,-9.937583773376381657e-01,-9.338035655932591661e-02,1.323748244119029849e+01,9.853927852936925635e-01,-4.508274149830474031e-02,-1.642212078573765111e-01,6.634702281247852440e+00,1.589863585689910985e-01,-1.020383941967665520e-01,9.819936374023615633e-01,-1.232077856111074565e+00
-5.427549854229905130e-02,-9.930232308179203216e-01,-1.046854016275330646e-01,1.322359192435602537e+01,9.847514310366206614e-01,-3.587785308465146067e-02,-1.702274911092913068e-01,6.629544690742183555e+00,1.652839657356781622e-01,-1.123282810069172050e-01,9.798283359633570555e-01,-1.202442577706503535e+00
-3.851019644713468693e-02,-9.924373728635851322e-01,-1.165548184899366929e-01,1.323536864549866898e+01,9.900324397061619486e-01,-2.208081042148561310e-02,-1.390978293885104244e-01,6.626194531372863850e+00,1.354722595185746392e-01,-1.207497360442215811e-01,9.833955298587572225e-01,-1.199167947136150714e+00
-7.097667222439837942e-02,-9.893014104827352329e-01,-1.274559971786919099e-01,1.325553863577246538e+01,9.892828097409576138e-01,-5.347073605611103037e-02,-1.358690646786604728e-01,6.653662449580043159e+00,1.276002913436596609e-01,-1.357335610764039691e-01,9.824940539497093450e-01,-1.245985746580611897e+00
-7.713782473250686833e-02,-9.944209440992314297e-01,-7.194957909761541537e-02,1.329307841862454076e+01,9.869523250658783775e-01,-6.593010362900816879e-02,-1.468956414687826728e-01,6.584264873296015175e+00,1.413324592674810032e-01,-8.234201462348993139e-02,9.865317676512772582e-01,-1.244627872380020150e+00
-7.800327861430463028e-02,-9.937394797868911445e-01,-7.998334100481238607e-02,1.328885508922360614e+01,9.879624453718757193e-01,-6.630045611281497331e-02,-1.397657184507572758e-01,6.583335695426318246e+00,1.335877803552519283e-01,-8.992272144516892662e-02,9.869489394632604551e-01,-1.233297593869027597e+00
-7.829102128858600462e-02,-9.922226136706912003e-01,-9.677190142849505239e-02,1.328014475156013852e+01,9.890483664676491538e-01,-6.512289741444961255e-02,-1.324474877829782404e-01,6.582413871573052688e+00,1.251153258928156264e-01,-1.060815401134573288e-01,9.864546933711120236e-01,-1.231324707831318976e+00
-7.825494058827996147e-02,-9.928587565343077737e-01,-9.004251133029785026e-02,1.329034265815931626e+01,9.893134319108916053e-01,-6.619369704336264260e-02,-1.299127703977767390e-01,6.585364071571929934e+00,1.230247849590434817e-01,-9.924658203118820465e-02,9.874284876591878923e-01,-1.232117587782506352e+00
-7.234462901413839242e-02,-9.916960485510856183e-01,-1.063259231841576918e-01,1.327808342292124344e+01,9.910240093492875824e-01,-5.945821766216547594e-02,-1.197335928037815966e-01,6.599985681581286734e+00,1.124173809785216360e-01,-1.140336250436469051e-01,9.870960767895585741e-01,-1.223405696044711943e+00
-6.579234533924457895e-02,-9.904381780008344460e-01,-1.212583310669531206e-01,1.333029679874891116e+01,9.912932784590832158e-01,-5.098622936548161122e-02,-1.214003315355157708e-01,6.604334727134383520e+00,1.140570180944793649e-01,-1.281897810805194271e-01,9.851692121914527034e-01,-1.224316411333403076e+00
-6.638505589221067871e-02,-9.928808774285787786e-01,-9.889685329087763432e-02,1.333104646892870981e+01,9.908285258396707373e-01,-5.390594289412111578e-02,-1.239071495236693243e-01,6.592626840278911438e+00,1.176939112128296550e-01,-1.062154064029547929e-01,9.873532451489107631e-01,-1.205039366195092443e+00
