9.999538881286408332e-01,3.386163388036086096e-03,8.986407175456874799e-03,6.517262011766433716e-02,-3.161855975198083618e-03,9.996859759964725756e-01,-2.485864161156493835e-02,3.227635286748409271e-03,-9.067760649999702730e-03,2.482908160785750329e-02,9.996505851662893516e-01,9.482800960540771484e-03
9.989598597142930192e-01,-1.069782750760006097e-02,4.432555883705936728e-02,2.206299357970977204e-01,1.171353628360358168e-02,9.996732728519284183e-01,-2.271872824888175948e-02,5.582719572190027180e-02,-4.406803543763529452e-02,2.321430662611896623e-02,9.987587817989566075e-01,-3.368285245943724096e-03
9.999930747580091372e-01,-2.571619503776152987e-03,2.690206153913326636e-03,3.873467768293006319e-01,2.505569907792731203e-03,9.997022114422307038e-01,2.427365973541176919e-02,9.682142438921077787e-02,-2.751827658106268792e-03,-2.426675113485908877e-02,9.997017316349405824e-01,-2.195233024786556741e-02
9.971178707919630124e-01,-5.926118475950265668e-02,-4.737154977623288937e-02,6.736473287446047564e-01,6.066064797324358798e-02,9.977466025622622192e-01,2.867059230168077580e-02,7.254405836494143278e-02,4.556574957979116908e-02,-3.146154885511942556e-02,9.984657898039714929e-01,-7.398940251555380376e-03
9.964519776131760542e-01,-8.412977277847109858e-02,2.374372134572723652e-03,8.180927529502459716e-01,8.410482175474376376e-02,9.964148497838695162e-01,9.155658785218529633e-03,5.737136255573002663e-02,-3.136123147038941562e-03,-8.923478157724776261e-03,9.999552671340729004e-01,-6.697203317031358294e-03
9.994512497627942027e-01,2.554014038361832398e-02,-2.109266642162234764e-02,1.055868035252377046e+00,-2.604121759772641889e-02,9.993767226072237664e-01,-2.383319736988544907e-02,8.711724662749391335e-02,2.047081663287100839e-02,2.436939761317707953e-02,9.994934107468412821e-01,1.022745311288777298e-02
9.967997678461042455e-01,7.970981126946660722e-02,-6.047215006790417936e-03,1.219355317248455695e+00,-7.991789231032672691e-02,9.954156109423121235e-01,-5.254419074472713169e-02,7.525894965187006347e-02,1.831204692914734393e-03,5.285931781369550275e-02,9.986002900107946445e-01,1.511711858049229543e-02
9.977117562530517514e-01,4.662848710700968208e-02,-4.895953047734481062e-02,1.526256939244537980e+00,-4.712164483340187254e-02,9.988489119396024574e-01,-8.966699797962699239e-03,6.961010730279756920e-02,4.848507010044793286e-02,1.125323540958281070e-02,9.987605131712861128e-01,6.352769517046687880e-04
9.990100908979938632e-01,-4.046344908615898128e-03,-4.429972208560672975e-02,1.835197316122982869e+00,4.597786816735030709e-03,9.999131259885674083e-01,1.235317093539466636e-02,4.135128290301663678e-02,4.424588840072410378e-02,-1.254462309723730629e-02,9.989419071152129126e-01,5.599654536319485787e-02
9.998933901313701300e-01,2.893429229880606509e-04,-1.459878941104358202e-02,2.118654890371440835e+00,-1.501339934094014729e-04,9.999545215366177908e-01,9.535843867101783181e-03,6.512818890035249053e-02,1.460088460947158231e-02,-9.532635477486610387e-03,9.998479599566495457e-01,3.352059086142310240e-02
9.995441973379038947e-01,3.004834760092024368e-02,-2.914511036070031782e-03,2.283205454757715636e+00,-3.008376022914206749e-02,9.994630839485522111e-01,-1.298118617556467957e-02,4.528495798263026950e-02,2.522882993837004175e-03,1.306294876754301830e-02,9.999114932987297477e-01,6.577750520767922104e-02
9.999270268596057720e-01,-1.030698693146092984e-02,6.301347165760191708e-03,2.551478556835902189e+00,1.056477453690673335e-02,9.990471407489065481e-01,-4.234614622865539441e-02,1.430666987883372904e-02,-5.858881693042473915e-03,4.240962840946654183e-02,9.990831281347301029e-01,8.692986708884048452e-02
9.984687857811407330e-01,-5.226115827494647037e-02,-1.813436396720057714e-02,2.776354396389135726e+00,5.205476696674931486e-02,9.985760095409128567e-01,-1.167280623431640220e-02,-3.228537673566191785e-02,1.871857518005405271e-02,1.071095257703360247e-02,9.997674181719070630e-01,8.308073733712333098e-02
9.960913792955257140e-01,-8.829717710316627166e-02,-2.360637360659837564e-03,2.965250035805105266e+00,8.822497373520328534e-02,9.958609480392107693e-01,-2.184779576677370327e-02,-4.217814920709649085e-02,4.279965252096098495e-03,2.155413385075003255e-02,9.997585214497470840e-01,1.024740625200807609e-01
9.983563334233478415e-01,-5.453635761503096424e-02,1.761866089048071474e-02,3.274480195341721966e+00,5.454826932565640107e-02,9.985111155868705568e-01,-1.958648471608247200e-04,-4.481347325508339141e-02,-1.758174698555170848e-02,1.156610370069369219e-03,9.998447601629901760e-01,9.601989750980133298e-02
9.988612902326595711e-01,1.069645101563823815e-02,-4.649418039299146876e-02,3.539108867367085853e+00,-1.057199122567942760e-02,9.999398457257090422e-01,2.921973916543329532e-03,-8.675176081031360509e-02,4.652263832017844436e-02,-2.427110569144775697e-03,9.989142872429117581e-01,1.664835814531919755e-01
9.991392654130732964e-01,-3.923349991160302724e-02,-1.347073845451158929e-02,3.880702098508249431e+00,3.849947724300974844e-02,9.979564005619334655e-01,-5.099816496193136650e-02,-7.894757409581154572e-02,1.544404616150143843e-02,5.043565268890285586e-02,9.986078942087355248e-01,1.194043751504415413e-01
9.962156727591342520e-01,-8.478253965295916295e-02,-1.913777205055627179e-02,4.076554278284954869e+00,8.386860929805073361e-02,9.954891301026498329e-01,-4.435592656996267119e-02,-1.138569824400870872e-01,2.281205215397265340e-02,4.258301090180689058e-02,9.988324671630673945e-01,1.467439353471776398e-01
9.967815234199202123e-01,-8.016545487635677592e-02,3.072671946255300045e-04,4.312317085128961835e+00,7.992533039097723946e-02,9.934843992340534058e-01,-8.124463084071856245e-02,-1.566103714603202801e-01,6.207747623350987586e-03,8.100770533114927396e-02,9.966941434293800084e-01,1.409477600583846635e-01
9.993956606374805318e-01,-3.216052836579978008e-02,-1.319143336433432033e-02,4.561424550742673389e+00,3.108968693327029270e-02,9.967271285610492804e-01,-7.462213181648062743e-02,-1.670959218938457558e-01,1.554814668583772222e-02,7.416691719141059458e-02,9.971246278820703468e-01,1.576704705468799650e-01
9.997455221673393622e-01,1.561951511618292661e-02,-1.627641403653575999e-02,4.812202676503338772e+00,-1.712063612020931283e-02,9.951772712775011076e-01,-9.658717591640093858e-02,-2.046630290917416384e-01,1.468927245280680742e-02,9.684125918327234073e-02,9.951914367570717790e-01,1.680501270691784899e-01
9.998253715597283930e-01,-2.652823473293164976e-03,-1.849834892821152280e-02,5.063961045752883194e+00,1.473120232152605588e-03,9.979808923119075637e-01,-6.349778340312151048e-02,-2.403501054184704055e-01,1.862944717998741770e-02,6.345944459217757461e-02,9.978105243931933988e-01,1.752634541223929143e-01
9.997911271233490549e-01,1.923163644316297147e-02,-6.917100920243368298e-03,5.283409945758458015e+00,-1.944893980810789152e-02,9.992708682835622636e-01,-3.285529698778619223e-02,-2.652031976749694153e-01,6.280196315675339210e-03,3.298296468683557109e-02,9.994361826423450168e-01,1.730416707823728140e-01
9.961147766181696062e-01,7.681905855529584659e-02,-4.306023740775071634e-02,5.453788106430039306e+00,-7.883367877603077167e-02,9.957687311784865214e-01,-4.722165920236214010e-02,-2.807447094959238387e-01,3.925051456441582681e-02,5.043278943172255224e-02,9.979558762072416878e-01,1.761325976778695679e-01
9.865085032124465414e-01,1.568113173190366638e-01,-4.702322670985631392e-02,5.641841431186733757e+00,-1.601655991671071810e-01,9.839249139324800497e-01,-7.898572394048541945e-02,-3.181095924367284278e-01,3.388146887281755920e-02,8.545159158043463821e-02,9.957660727115532628e-01,1.771177994368689779e-01
9.756916901374325102e-01,2.156034040317035827e-01,-3.925427322855496587e-02,5.839296800316586378e+00,-2.181393701927015483e-01,9.726582175281338616e-01,-7.969446057866380606e-02,-3.659210176849280183e-01,2.099859444561826688e-02,8.632012537603669933e-02,9.960461309529661245e-01,1.848916546873390632e-01
9.416357879670522735e-01,3.317049428312272563e-01,-5.739227928040848553e-02,6.118784283319232742e+00,-3.357568574799102423e-01,9.377290679557930275e-01,-8.905912511345499827e-02,-5.332437157848617382e-01,2.427705655311829941e-02,1.031311107866638294e-01,9.943714590197293424e-01,2.352113090286281072e-01
8.863160316402982630e-01,4.619517200757078945e-01,-3.231873104700025423e-02,6.243761604676508092e+00,-4.630581818227134105e-01,8.834207314625747154e-01,-7.172817765126547618e-02,-6.316525328944355699e-01,-4.583918022414879175e-03,7.853928661010116385e-02,9.969004805668115754e-01,2.394688606339100689e-01
7.978278892509095277e-01,6.012674091447043345e-01,-4.413798629132194978e-02,6.380500609565165071e+00,-6.028744741302625165e-01,7.961109264729455681e-01,-5.243816541934810671e-02,-7.448883202226804778e-01,3.609373297041597838e-03,6.844629610725797009e-02,9.976482731772755574e-01,2.354406210677881250e-01
6.465132046201039762e-01,7.598432720065549928e-01,-6.825597584252705852e-02,6.500883055760861673e+00,-7.628393994386259980e-01,6.450203261833632462e-01,-4.499810523148244784e-02,-9.578825320392125864e-01,9.834984288725643828e-03,8.116021683484905824e-02,9.966525434108722825e-01,2.608455815958680701e-01
5.008681653278874712e-01,8.635789390851805747e-01,-5.798704104875308796e-02,6.573259570583600997e+00,-8.652859549375261361e-01,4.980357899938929744e-01,-5.692598767708725860e-02,-1.091346901551122350e+00,-2.028046224643104481e-02,7.868778719517242892e-02,9.966929993721227454e-01,2.243819367940095844e-01
4.334079898596956970e-01,8.956475140848433325e-01,-9.986513325189080859e-02,6.676104358269029149e+00,-9.010799021515359941e-01,4.324749275686335936e-01,-3.194443555743038676e-02,-1.264431904511874372e+00,1.457821197388742621e-02,1.038314381011123250e-01,9.944880633760765365e-01,2.345628132646749575e-01
3.607602350989529416e-01,9.262369865445382322e-01,-1.092570250750077854e-01,6.707819366259152538e+00,-9.320017650150120847e-01,3.536282659249346816e-01,-7.949691533528391307e-02,-1.503549840697335105e+00,-3.499661098234755491e-02,1.305070660761952495e-01,9.908295226344104867e-01,2.342047511004431981e-01
2.227258019149003510e-01,9.660246359333594102e-01,-1.311091908722826771e-01,6.738117728420198738e+00,-9.747818918542425770e-01,2.187610579578020131e-01,-4.408925985142207737e-02,-1.659285607353674141e+00,-1.390972589332932149e-02,1.376226808742050944e-01,9.903870542543299349e-01,2.255269655281813002e-01
6.576975288703143518e-02,9.893254643217392896e-01,-1.300363997108252845e-01,6.758139260087979494e+00,-9.969906908002778012e-01,5.979444043099300249e-02,-4.933748423996382054e-02,-1.903824625013802452e+00,-4.103537574779894670e-02,1.328899941234069626e-01,9.902809436716015767e-01,2.228533958926071090e-01
3.883372786333937066e-02,9.959479068294949666e-01,-8.111540212674418771e-02,6.775838978689860070e+00,-9.982271991365672115e-01,3.500193366335972028e-02,-4.813858684869568721e-02,-2.062062066435105923e+00,-4.510432888537126150e-02,8.284100145322412234e-02,9.955415450869075089e-01,2.141199518732437024e-01
7.158744314634774009e-02,9.955291581591495520e-01,-6.161926029013104628e-02,6.755117661092159054e+00,-9.968198247040688242e-01,7.357489028350927551e-02,3.061000811366204263e-02,-2.329017156488585094e+00,3.500678592383615201e-02,5.923200802525672992e-02,9.976302391991627161e-01,2.218471464803743465e-01
6.205077508322045382e-02,9.964658482186249389e-01,-5.661726455337867669e-02,6.744189177390882861e+00,-9.980385927466497442e-01,6.241970392520315020e-02,4.769481122353152677e-03,-2.523079964659354246e+00,8.286657942625190801e-03,5.621026503963195281e-02,9.983845638852376636e-01,1.952056222558644083e-01
3.927306127401179736e-02,9.979062709874113590e-01,-5.138775128535892633e-02,6.730204251087628542e+00,-9.986674810508712197e-01,4.092217431899104751e-02,3.144261344916049472e-02,-2.703866702105797160e+00,3.347967965311084843e-02,5.008442844841403535e-02,9.981836810313624575e-01,2.075708699137603641e-01
2.819428389822097730e-02,9.955528946067692120e-01,-8.988613016227080255e-02,6.757650391319226735e+00,-9.992983109702334721e-01,3.028960608646897104e-02,2.203237289001283225e-02,-2.981349380250576608e+00,2.465700808096030552e-02,8.920187107459522091e-02,9.957083198152392178e-01,2.104487693845971397e-01
6.638336811980719010e-02,9.944484943005531541e-01,-8.164214977836060927e-02,6.757299272427179204e+00,-9.954418795277872878e-01,7.161992711991091443e-02,6.297658709015921397e-02,-3.191542522598561415e+00,6.847417702503560966e-02,7.708941706032519658e-02,9.946700502468360794e-01,2.178623288065809627e-01
1.153040103624552865e-01,9.882361405167146007e-01,-1.004704721346645346e-01,6.723173779610875478e+00,-9.909388754226479135e-01,1.214506846256150907e-01,5.735744398128828081e-02,-3.428143589500521671e+00,6.888490669538585576e-02,9.294655335512447270e-02,9.932853607342509994e-01,2.614757019423628592e-01
6.963082535738342183e-02,9.942715907082846361e-01,-8.108977784200664674e-02,6.740563238889001774e+00,-9.973085916672371765e-01,7.125283584414750238e-02,1.728023063729958175e-02,-3.628737320650468057e+00,2.295911903276884325e-02,7.966829541657959035e-02,9.965569936329060630e-01,2.625529100966784712e-01
-5.560410588332120180e-02,9.936915184398396050e-01,-9.739275943129258040e-02,6.753730221066723161e+00,-9.980035453826077152e-01,-5.238790870502735286e-02,3.527648544368200412e-02,-3.903205836275097873e+00,2.995174139613611397e-02,9.915983663882728394e-02,9.946206412422278209e-01,2.764124405296814468e-01
-4.631440355360928046e-02,9.935920044263529816e-01,-1.031014294929757380e-01,6.781672972447982062e+00,-9.987722602270837635e-01,-4.424382156121067083e-02,2.228130280171133556e-02,-4.096073038212191264e+00,1.757692306279000014e-02,1.040067930170012755e-01,9.944212582110077969e-01,2.663984744195224130e-01
-3.925144240947457501e-03,9.958017961893130821e-01,-9.145149506063238176e-02,6.769978996201161614e+00,-9.993704452636051894e-01,-6.815854662611740529e-04,3.547179971294340400e-02,-4.321314063605509403e+00,3.526054985831551108e-02,9.153315326912581096e-02,9.951775597732800405e-01,2.850100770220738156e-01
7.456905197212137897e-03,9.963703453113558206e-01,-8.479699021196888953e-02,6.729081227668130438e+00,-9.999613330512105991e-01,7.034685698640806388e-03,-5.276892984182109982e-03,-4.570110638691039284e+00,-4.661219510488614354e-03,8.483306066180969218e-02,9.963842756945862078e-01,2.798445554162245497e-01
-2.182261773102772695e-02,9.963925124039322290e-01,-8.201057602983145844e-02,6.752462447566783155e+00,-9.995358552522849438e-01,-2.348826078388362507e-02,-1.940040387287953957e-02,-4.765070840862860813e+00,-2.125670295337456217e-02,8.154914365416467137e-02,9.964426173888915050e-01,2.525222261312067840e-01
-1.054684965970681537e-01,9.896235034210072445e-01,-9.757928931020884433e-02,6.731314186991039783e+00,-9.942910646483872350e-01,-1.033493768063535462e-01,2.653648571522503052e-02,-4.932821127683667761e+00,1.617637122256563795e-02,9.982097870923485605e-02,9.948739102135509826e-01,2.608940375078623863e-01
-1.246049339787490551e-01,9.893833174038008105e-01,-7.479479708643543834e-02,6.711779321655943598e+00,-9.920239443718407157e-01,-1.256732634656454739e-01,-9.732658569414232713e-03,-5.144607593432623638e+00,-1.902903626266861520e-02,7.298549234569751132e-02,9.971514497236468877e-01,2.507181507063900860e-01
-7.157773394695801650e-02,9.974071475777401830e-01,-7.457208851437758731e-03,6.688484044816227936e+00,-9.973876397028232921e-01,-7.149945814094045560e-02,1.028220081414702933e-02,-5.470612902034979186e+00,9.722354192738359019e-03,8.173704569370611808e-03,9.999193299374525834e-01,2.634449455261115292e-01
-7.766529308253344865e-02,9.959570286049089782e-01,-4.514088416152083755e-02,6.654959435354379949e+00,-9.965878005422433850e-01,-7.882422568540953245e-02,-2.448463304745837274e-02,-5.714545852382199698e+00,-2.794383761721481313e-02,4.308524825941303232e-02,9.986805311618165426e-01,2.602184264147456849e-01
-1.518739529265932531e-01,9.870898252677489104e-01,-5.087218567483719339e-02,6.603174930270204079e+00,-9.883973339687533999e-01,-1.517888534619858676e-01,5.554652838452131709e-03,-5.950942229587891319e+00,-2.238889436958007954e-03,5.112553977788307502e-02,9.986897248677938377e-01,2.544147952296528792e-01
-1.362721635693040223e-01,9.863987123862199002e-01,-9.191016069481758310e-02,6.588087527944216149e+00,-9.906198273622831563e-01,-1.366243514487421595e-01,2.478755318723053179e-03,-6.199582535259621885e+00,-1.011212504177015289e-02,9.138581287058120117e-02,9.957642181425898631e-01,2.859682000633093080e-01
-1.035411555308290016e-01,9.897045117820625348e-01,-9.881400948027979636e-02,6.558672450640591123e+00,-9.942280261937446184e-01,-1.001805627421462480e-01,3.839904659697652295e-02,-6.398411643799404303e+00,2.810446658861521022e-02,1.022195392618016480e-01,9.943647744921754184e-01,2.638113516092365218e-01
-1.490058015126110701e-03,9.966970454760641918e-01,-8.119593134138440582e-02,6.538605126318985938e+00,-9.975421662436086967e-01,4.206532143580369622e-03,6.994234520898372220e-02,-6.749405509348510357e+00,7.005288211857663150e-02,8.110058339252725068e-02,9.942410618558625846e-01,2.894710532438375949e-01
6.832155108739006860e-03,9.966661621939025828e-01,-8.130118568782582211e-02,6.522138102436356277e+00,-9.997206691061660822e-01,8.647345291526536276e-03,2.199561732090732011e-02,-6.952669999521686961e+00,2.262532692556763758e-02,8.112819828570894121e-02,9.964468425482748692e-01,3.120671918441178527e-01
-5.287857545819715094e-02,9.966491750780139824e-01,-6.240415109449447967e-02,6.516938261936349619e+00,-9.982314820398802135e-01,-5.105593460558440627e-02,3.044995576373654006e-02,-7.071175393909300055e+00,2.716182103569260084e-02,6.390393851604929398e-02,9.975863482025816298e-01,3.185354697406786451e-01
-2.985923713312188532e-02,9.938853854584712710e-01,-1.063027117711135838e-01,6.504313422161891900e+00,-9.992258886182336930e-01,-2.695493814503259131e-02,2.865405424538619572e-02,-7.246327288095836039e+00,2.561346272818407904e-02,1.070760098325572868e-01,9.939208613593993880e-01,3.274487803668065800e-01
1.923156134323143751e-02,9.928402238789534318e-01,-1.178916320028256109e-01,6.476649123714470768e+00,-9.990216302311186736e-01,2.377886587568055210e-02,3.728736874630696890e-02,-7.490901312069431661e+00,3.982372883920086426e-02,1.170591960746976967e-01,9.923261637363431920e-01,3.410176402578162236e-01
1.427747412231757280e-02,9.895285188958942157e-01,-1.436296070606023489e-01,6.476120364149800857e+00,-9.981727213051582170e-01,2.253986244527980340e-02,5.606400844750224904e-02,-7.675315161070970227e+00,5.871432682863948760e-02,1.425667033098694525e-01,9.880421868181620271e-01,3.583561564503557895e-01
-7.634558533258488378e-02,9.875761463525468686e-01,-1.373488505801067905e-01,6.416575542343351479e+00,-9.970786847452161039e-01,-7.529510292338752186e-02,1.283526012612396655e-02,-7.881633892935562713e+00,2.334100891951946741e-03,1.379275267349050482e-01,9.904395737963112012e-01,4.038859942414840809e-01
-2.091871579981143814e-01,9.698771769769132245e-01,-1.248158423757338986e-01,6.431479755888418914e+00,-9.776268291391730925e-01,-2.045442822124637072e-01,4.906546200203262820e-02,-8.059019087403907378e+00,2.205710488611100847e-02,1.322871807601933014e-01,9.909659862631832183e-01,3.957782798792381929e-01
-2.708607986527908351e-01,9.462098740970652511e-01,-1.769782526594357031e-01,6.395698103563529635e+00,-9.626174392235412602e-01,-2.665197846999745601e-01,4.832049323206344393e-02,-8.266483484035656915e+00,-1.446877977951577417e-03,1.834504797614164850e-01,9.830278877119525971e-01,4.201630144493923025e-01
-3.215746383422360410e-01,9.301170055315364227e-01,-1.774037992719056378e-01,6.344479857978302384e+00,-9.467075040258192686e-01,-3.194409586054974270e-01,4.125985683934522280e-02,-8.455782187050836285e+00,-1.829354520760305761e-02,1.812176315545682148e-01,9.832728594939913469e-01,4.210518614360292955e-01
-4.165861507999040203e-01,8.950752318346442138e-01,-1.590481320791793107e-01,6.257703467520586926e+00,-9.090913839904588567e-01,-4.107309468256001850e-01,6.966308114099482862e-02,-8.671653389154709402e+00,-2.972291377132751846e-03,1.736099613383469409e-01,9.848100054366158984e-01,3.962927622016739759e-01
-5.252591344542930640e-01,8.299364360506792382e-01,-1.879051723285506126e-01,6.180597223717785305e+00,-8.486401890772939938e-01,-5.271390404114182360e-01,4.398024052892921670e-02,-8.794361591386648414e+00,-6.255134814838315960e-02,1.825649040468198259e-01,9.812020101157536978e-01,3.823770179792104207e-01
-6.480239541922455659e-01,7.441981837686711954e-01,-1.619691886392479463e-01,6.008917255517678413e+00,-7.588142019750846456e-01,-6.491054403782976490e-01,5.350826246674738468e-02,-8.923442475895832615e+00,-6.531432977502377168e-02,1.575791564475011730e-01,9.853440250893764629e-01,3.590561988569929142e-01
-7.109483937662421926e-01,6.873778089080812004e-01,-1.485399919951681802e-01,5.893080736758480320e+00,-6.986414477141229540e-01,-7.144865828941643349e-01,3.753732009791902607e-02,-9.020920811881618206e+00,-8.032751046256532412e-02,1.304632924808534489e-01,9.881937160182421298e-01,3.534545178250864117e-01
-7.360592797142302413e-01,6.637047889273706147e-01,-1.330890299815960798e-01,5.747620221811313712e+00,-6.736213815055926979e-01,-7.375564719684797321e-01,4.737810713720820577e-02,-9.141844235395575780e+00,-6.671559881365402012e-02,1.245247116530791842e-01,9.899710223348224813e-01,3.109700659538058298e-01
-7.864883920388153760e-01,6.142789275503826030e-01,-6.401100183366462137e-02,5.574945403396176502e+00,-6.163085325201399511e-01,-7.873227831561274703e-01,1.693008760047654687e-02,-9.220135211439373535e+00,-3.999752406173792685e-02,5.276584397922490927e-02,9.978055741366106401e-01,2.801446358434967476e-01
-8.226212069739273769e-01,5.633036717825659068e-01,-7.735194369269224324e-02,5.419540765396741122e+00,-5.642346496338763728e-01,-8.255367155289478065e-01,-1.133099581734750214e-02,-9.297798843449543327e+00,-7.023966108470992842e-02,3.432352939246259560e-02,9.969394592154281476e-01,2.791404711817104256e-01
-8.872649119863759148e-01,4.473630258699005657e-01,-1.123712554096215482e-01,5.209871583359459990e+00,-4.460769166113384143e-01,-8.941978948652437031e-01,-3.775591721950661422e-02,-9.348129613316983111e+00,-1.173727414024601512e-01,1.662672256013870628e-02,9.929487356719781666e-01,2.683260013603281369e-01
-9.422058171723088904e-01,3.146511915842958307e-01,-1.150774770371836009e-01,4.996852561242254076e+00,-3.118792668649343347e-01,-9.492008626063105359e-01,-4.182158924796508526e-02,-9.386583509801543102e+00,-1.223908533610737204e-01,-3.514265501800479998e-03,9.924757573621290074e-01,2.515717613242183237e-01
-9.526594537236678928e-01,2.882736032321373543e-01,-9.663485349749431630e-02,4.844509656814150134e+00,-2.828943854207460751e-01,-9.568996803196774259e-01,-6.567928517817614442e-02,-9.479628867321482133e+00,-1.114034646155150632e-01,-3.523253444840486470e-02,9.931505105410771694e-01,2.260703185573683383e-01
-9.114897789503697556e-01,4.090723508266889130e-01,-4.296736736328467254e-02,4.549155393484462628e+00,-4.035011239775070369e-01,-9.095397828150214581e-01,-9.962041169203568469e-02,-9.533577522588178255e+00,-7.983248598091868820e-02,-7.346560600667878527e-02,9.940973689313228334e-01,1.967600216854847595e-01
-8.462757044589167554e-01,5.295627802015309138e-01,-5.814373455315701572e-02,4.346777484428090865e+00,-5.212690232607829488e-01,-8.456304533111780319e-01,-1.148378936652844490e-01,-9.604012275515431796e+00,-1.099819868492667579e-01,-6.687599164090857196e-02,9.916811807787487831e-01,2.096485269017036857e-01
-7.954715699774690396e-01,5.953997940127143673e-01,-1.128010046373547626e-01,4.172815607105647473e+00,-5.886634562910689761e-01,-8.034155847217050450e-01,-8.943563861085643274e-02,-9.672197307658789711e+00,-1.438760459042156825e-01,-4.741678594785466577e-03,9.895843571414577600e-01,1.942187958801779302e-01
-7.783147806519091771e-01,6.194221652335738515e-01,-1.026756224043489790e-01,4.021300125034303896e+00,-6.124651079235733375e-01,-7.849999814274256638e-01,-9.306729143531231041e-02,-9.791998199950825210e+00,-1.382483048537485604e-01,-9.550412362342860020e-03,9.903515516364755911e-01,2.007406592200940421e-01
-7.433946599681843237e-01,6.617206549493963585e-01,-9.741742320616136874e-02,3.815058800165254116e+00,-6.557046512083416490e-01,-7.497468637805136948e-01,-8.905644634179714358e-02,-9.924700499314326407e+00,-1.319688975271583464e-01,-2.327029141223820388e-03,9.912511261132785911e-01,2.175873454480145852e-01
-7.285893656353986669e-01,6.827083659701584928e-01,-5.537890679096373753e-02,3.675319671244935193e+00,-6.795015750921777897e-01,-7.306049261521143645e-01,-6.703768589019010182e-02,-1.005930462466597852e+01,-8.622729109890928112e-02,-1.121289064505611582e-02,9.962123896805974432e-01,1.848581335261242631e-01
-7.315872903698095175e-01,6.766400795898432907e-01,-8.329609391807818453e-02,3.538495512373406093e+00,-6.742846607314680885e-01,-7.361865074696037903e-01,-5.804844978080506840e-02,-1.013825363592149742e+01,-1.005993681471610141e-01,1.369777034250060400e-02,9.948327187100536317e-01,1.716602855511152048e-01
-8.363574629415310158e-01,5.438396143451211806e-01,-6.888155087506642182e-02,3.348154633751137421e+00,-5.417104125231375633e-01,-8.391839134152617730e-01,-4.816833429813949935e-02,-1.024397764774521136e+01,-8.400013777379766733e-02,-2.972092527945863639e-03,9.964613105986548369e-01,1.330115671673940125e-01
-9.168752837286294755e-01,3.946219082092329855e-01,-6.011042878609203222e-02,3.148200062826742585e+00,-3.924532473370528907e-01,-9.186755025720063639e-01,-4.489732317936447059e-02,-1.031120965843880555e+01,-7.293944572140921567e-02,-1.757471295281136728e-02,9.971815114223089305e-01,1.161847571269429280e-01
-9.357870877468421611e-01,3.467102860542330967e-01,-6.398831104564842165e-02,2.989919344547903535e+00,-3.440529175431865094e-01,-9.376680196168610815e-01,-4.905379616109020041e-02,-1.036680978446240786e+01,-7.700724859585839077e-02,-2.388854394859765001e-02,9.967443108098044124e-01,9.431453510233246684e-02
-9.617588804843270056e-01,2.679277831026039558e-01,-5.687318217980034257e-02,2.806542111544344742e+00,-2.643173325723731093e-01,-9.623275635640831105e-01,-6.373388507410975012e-02,-1.041148017102465850e+01,-7.180670937564573308e-02,-4.626406214912518605e-02,9.963450371443136611e-01,8.395688056269277888e-02
-9.867488814470229963e-01,1.133371581007841938e-01,-1.161091450174606410e-01,2.600527898249462844e+00,-1.033221858294435802e-01,-9.906640927975378652e-01,-8.893357721949596284e-02,-1.039908178863281485e+01,-1.251046397160146539e-01,-7.575845718642827686e-02,9.892469283683719139e-01,5.552776205218379335e-02
-9.940642155098147192e-01,-3.262043009443054559e-02,-1.037894165284205111e-01,2.378094928281143883e+00,4.006334159073795392e-02,-9.967101417389196971e-01,-7.045439670712774771e-02,-1.036421767111392533e+01,-1.011497113364115547e-01,-7.419434543976977103e-02,9.921007685720867331e-01,1.039339546867395908e-01
-9.881793624272670051e-01,-1.018531034738943547e-01,-1.145752721383415246e-01,2.126220778271369571e+00,1.086274302427209099e-01,-9.925869786868415368e-01,-5.450845017232820722e-02,-1.033440782562109206e+01,-1.081740683884152288e-01,-6.631014291993822529e-02,9.919180086449869149e-01,9.650537589167811070e-02
-9.884624195312887718e-01,-1.242834598402701718e-01,-8.657751893234895413e-02,1.929711363125291346e+00,1.281363460598247128e-01,-9.909315522663731945e-01,-4.044422754104308459e-02,-1.027161301294166229e+01,-8.076584669763578472e-02,-5.107132593820991329e-02,9.954238281627215690e-01,7.235919657857933784e-02
-9.884546070394307771e-01,-1.308047253222242023e-01,-7.646969109327465819e-02,1.720927893452738111e+00,1.354538355818425410e-01,-9.890175283153103125e-01,-5.913194662143298613e-02,-1.021783469313085924e+01,-6.789512684052073643e-02,-6.880735802550785873e-02,9.953169340631452533e-01,6.962312360916025900e-02
-9.769556420012951437e-01,-1.883546784716970679e-01,-1.004001427272878805e-01,1.491548051548462261e+00,1.939297116040687996e-01,-9.797948222770433979e-01,-4.892211357104391672e-02,-1.010970499411601331e+01,-8.915683102824292772e-02,-6.726530559596975711e-02,9.937436481025085921e-01,4.756673264545083213e-02
-9.670613619992965981e-01,-2.426736737255342780e-01,-7.682324002941497143e-02,1.252262682849784703e+00,2.466867139783479601e-01,-9.679146626597991965e-01,-4.782123957751838877e-02,-1.002122788449126212e+01,-6.275338456711856971e-02,-6.519734571835583692e-02,9.958972431112824708e-01,3.570283957484415849e-02
-9.547459839588197106e-01,-2.829941022224427560e-01,-9.151198949764779988e-02,1.075737014358290722e+00,2.897760128568762639e-01,-9.543942439090093988e-01,-7.184350747367532208e-02,-9.982725157591277210e+00,-6.700722712719259233e-02,-9.511027967923567361e-02,9.932089740895733154e-01,3.773641853677052460e-02
-9.580496203332393712e-01,-2.831585194525990667e-01,-4.429647661775104606e-02,8.779949070225816499e-01,2.864394549179534732e-01,-9.512101825859724524e-01,-1.146805441697282268e-01,-9.935185194296160205e+00,-9.662486514367411156e-03,-1.225579104185919310e-01,9.924143262509809160e-01,2.532978950530499762e-03
-9.474609910222526743e-01,-3.129465386201256138e-01,-6.619769223176803774e-02,6.895992999874454021e-01,3.193863827142576772e-01,-9.369358276203784142e-01,-1.419281277901476568e-01,-9.830821088357115656e+00,-1.760707323296894708e-02,-1.556140060759224342e-01,9.876610107142894668e-01,1.143144011171884356e-02
-9.140370074307224701e-01,-4.015721337463487584e-01,-5.723784102752919878e-02,4.849911784077620691e-01,4.055159388373918428e-01,-9.012771921049078649e-01,-1.524999880010481645e-01,-9.697209248251208891e+00,9.652584934435083641e-03,-1.626014895070031496e-01,9.866446083642211873e-01,5.404724952256465161e-03
-8.598059610103446770e-01,-5.062552219475440207e-01,-6.662851988390006142e-02,3.087545666259363664e-01,5.106186772268556107e-01,-8.528366215842325682e-01,-1.092623601790067428e-01,-9.625025363993689353e+00,-1.508601396007478151e-03,-1.279661952846696815e-01,9.917773827760913985e-01,2.955192893606677518e-03
-7.794842576825844471e-01,-6.205270766045586361e-01,-8.573470257503110203e-02,1.442128666958393535e-01,6.263027445858333486e-01,-7.746708271137233703e-01,-8.734976670369783147e-02,-9.477583135587005714e+00,-1.221327758141244404e-02,-1.217836475867709878e-01,9.924815257883545794e-01,-1.785000793969719265e-02
-6.881528348398580075e-01,-7.201591861555496354e-01,-8.841053386131172975e-02,1.113052758154037258e-02,7.253684721860517159e-01,-6.799979518528024292e-01,-1.069736651445818698e-01,-9.311358621243346789e+00,1.691908568269371443e-02,-1.377444447945866401e-01,9.903232868452062077e-01,-1.110878169083680950e-02
-5.772284885884978456e-01,-8.114492282087722996e-01,-9.141893677583880218e-02,-6.830714202159605952e-02,8.164858013394722391e-01,-5.718072393089885797e-01,-7.992131933890303519e-02,-9.173335371493021029e+00,1.257808303662446420e-02,-1.207751262190169678e-01,9.926002018506263624e-01,-8.208862864392518430e-03
-4.173236536667009888e-01,-9.049157905575875294e-01,-8.347682366867051340e-02,-1.350633929257439858e-01,9.066561433514918056e-01,-4.083543107159163799e-01,-1.059310844026715992e-01,-9.014631868976136886e+00,6.177059019689221803e-02,-1.198923221864679062e-01,9.908633736633238875e-01,-1.194510633211963609e-02
-2.342871310753279201e-01,-9.684712613677340931e-01,-8.469330621295138861e-02,-1.820676697117938891e-01,9.694721733787569073e-01,-2.262666458474493769e-01,-9.448338489497774828e-02,-8.853653017080588938e+00,7.234117262499686896e-02,-1.042440448262327984e-01,9.919173019266812608e-01,3.249636362950423379e-02
-1.659201363858482381e-01,-9.804691266635855440e-01,-1.055973484574587867e-01,-1.315732940544645513e-01,9.813667213169402492e-01,-1.536455792247688190e-01,-1.153793494362060079e-01,-8.626333031491677517e+00,9.690132420838369620e-02,-1.227734810300244866e-01,9.876926676463849697e-01,5.880280604002294242e-02
-1.374569793268633211e-01,-9.836754102843149328e-01,-1.161389944692026721e-01,-1.503994620207294297e-01,9.816152517455462023e-01,-1.196070879023708039e-01,-1.487469060654377784e-01,-8.439340579479731375e+00,1.324276269320712740e-01,-1.344501086853327476e-01,9.820316145112857331e-01,1.054843615696816617e-01
-9.552319864260529203e-02,-9.871597528255299236e-01,-1.280271101076745910e-01,-1.231494803509712438e-01,9.912612489857078879e-01,-8.257885866904410288e-02,-1.028682086954466474e-01,-8.227343045804406785e+00,9.097502283801443823e-02,-1.367346134025884119e-01,9.864214062545821893e-01,1.373996418316356105e-01
-2.553200903121256166e-02,-9.928396675212693978e-01,-1.166940920144795557e-01,-1.421779506025734885e-01,9.955177885244825831e-01,-1.461859972173746615e-02,-9.343783641275431318e-02,-8.034758341499193435e+00,9.106288621689458129e-02,-1.185567000992745618e-01,9.887627923902778670e-01,1.367215343242274561e-01
2.982099732512673296e-02,-9.940329895212997036e-01,-1.049243721062040058e-01,-1.396071633749826624e-01,9.957985064606476033e-01,3.863718932305430093e-02,-8.302109449986617984e-02,-7.817613809890395338e+00,8.657968958870237985e-02,-1.020077611976695220e-01,9.910087658573779601e-01,1.489864149770874779e-01
1.419378146305576467e-02,-9.943751313701771899e-01,-1.049601575852501661e-01,-1.411120424616278124e-01,9.941407851492687353e-01,2.528356247563197032e-02,-1.050944373948205501e-01,-7.624931427452998456e+00,1.071570616925085206e-01,-1.028534859938266544e-01,9.889077431936438289e-01,1.269187592529010256e-01
-2.097678095176467444e-02,-9.910023917031460794e-01,-1.321901444871914633e-01,-1.093694295250056403e-01,9.982597331959125464e-01,-1.347235176185792790e-02,-5.741080749848254811e-02,-7.377369586664435097e+00,5.511333541462288405e-02,-1.331643923000724872e-01,9.895603897099094493e-01,1.634513796155967758e-01
-3.573554234685117487e-02,-9.932420539279699367e-01,-1.104227934899427999e-01,-8.583905669055108545e-02,9.988263071776247726e-01,-3.188279924978075497e-02,-3.646224351167730304e-02,-7.184675851226062449e+00,3.269524587892030931e-02,-1.115961890968697606e-01,9.932156419811222214e-01,1.781052925445633373e-01
2.014079714797964438e-02,-9.926783405834629370e-01,-1.190968531351892234e-01,-5.301882528220699942e-02,9.984107765707445070e-01,2.624067012867998053e-02,-4.987332411819402067e-02,-6.977253597753731107e+00,5.263334986151440437e-02,-1.179030931216761696e-01,9.916292609209840236e-01,2.252838523219375111e-01
3.382383400176739580e-02,-9.948587530367768439e-01,-9.545684763037649845e-02,-5.144115677913951856e-02,9.981315487676813980e-01,3.848849021140288845e-02,-4.745574228556674601e-02,-6.764106715189527108e+00,5.088575054028670469e-02,-9.367335601629052377e-02,9.943017362775735668e-01,2.748842491645712149e-01
-1.470376224740025653e-03,-9.947206418093272884e-01,-1.026093697095753071e-01,-5.447111753990207389e-02,9.960664482944318054e-01,7.634061776995887914e-03,-8.827996195569472182e-02,-6.548603596161175489e+00,8.859722668273325996e-02,-1.023355552055274509e-01,9.907966317892412667e-01,2.769253125377931224e-01
-5.183334620570663812e-03,-9.948170822857749229e-01,-1.015485393032676542e-01,-5.777277422004633428e-02,9.974607688419111495e-01,2.069591050296705568e-03,-7.118800049296189481e-02,-6.345594588836757310e+00,7.102920289227948603e-02,-1.016596753157346655e-01,9.922802843708965481e-01,3.380483728963121215e-01
2.815360471192753650e-02,-9.940757387260550360e-01,-1.049799991330298277e-01,1.072075818625322502e-02,9.991037430716259715e-01,3.130478511971109684e-02,-2.849071794239288469e-02,-6.161461671774054238e+00,3.160830780014681207e-02,-1.040837936705569094e-01,9.940661340037476590e-01,3.534335976124401424e-01
9.228978486816946658e-02,-9.845025974200475316e-01,-1.491215319199926115e-01,1.306861852783372697e-02,9.948010358342451731e-01,9.763880146228917645e-02,-2.894069024951538560e-02,-5.945098051182409193e+00,4.305223237066549413e-02,-1.456753243421340105e-01,9.883952676767109313e-01,3.870536814590195274e-01
1.147584640540973283e-01,-9.840538174906979796e-01,-1.358991508800809211e-01,4.268748570988045027e-02,9.930954558344133876e-01,1.169958818285091739e-01,-8.566168116838999286e-03,-5.680499213443888529e+00,2.432921143360313593e-02,-1.339777888948460727e-01,9.906856421458160034e-01,3.952147561975581924e-01
8.899047822557963616e-02,-9.797341519392455123e-01,-1.794482831042651105e-01,7.116883611219752825e-02,9.938861039338537928e-01,9.916690211236620089e-02,-4.854212534097388648e-02,-5.483396637396203310e+00,6.535370832910047945e-02,-1.740313680039380917e-01,9.825690692049661168e-01,3.915368128603636255e-01
6.764800070401744136e-02,-9.736150330709224532e-01,-2.179392469911158314e-01,1.110835161196916249e-01,9.957097446134208774e-01,7.970458015049093625e-02,-4.700302527399477515e-02,-5.275419472078090699e+00,6.313360818631488791e-02,-2.138245712759392902e-01,9.748298314249715935e-01,4.347599414600159529e-01
9.694626625124290464e-02,-9.762159875584353053e-01,-1.939169077085619586e-01,1.783126263072760953e-01,9.943407669003438976e-01,1.035032826093129910e-01,-2.394806399545202844e-02,-5.039173817432735625e+00,4.344951944471612398e-02,-1.904978113375699889e-01,9.807256105229534837e-01,4.359706500784490957e-01
1.301380408283383805e-01,-9.737113143630803380e-01,-1.869501714647065493e-01,1.898682602434495492e-01,9.897443571884722013e-01,1.387806284316594196e-01,-3.385328027960412406e-02,-4.849052945533205872e+00,5.890838431783352452e-02,-1.806272777114104611e-01,9.817859180104532291e-01,4.467324744113823631e-01
1.610112238939292451e-01,-9.714791816679093639e-01,-1.740792502454761026e-01,2.647014192157794987e-01,9.850856970617335451e-01,1.690306260579143016e-01,-3.216857004695593270e-02,-4.636335050479246433e+00,6.067582075732871200e-02,-1.663034787378709078e-01,9.842060748314389595e-01,4.433781732431825717e-01
1.194227662319442274e-01,-9.752330398283277635e-01,-1.861685283089185849e-01,2.884555471810585359e-01,9.890710721056363841e-01,1.331892221402818932e-01,-6.323800621044065040e-02,-4.315766204316076049e+00,8.646743450175665979e-02,-1.765818482541870182e-01,9.804806135961183777e-01,4.613670029910718062e-01
1.115035804120945301e-01,-9.765345996839469578e-01,-1.842474617882047805e-01,3.289679757033017182e-01,9.918182565164136433e-01,1.209523005317446609e-01,-4.082997718365481005e-02,-4.142014196821442340e+00,6.215703979456311395e-02,-1.781873076742302997e-01,9.820314586548576363e-01,4.933043630755801212e-01
1.940239234470003682e-01,-9.534512914312470722e-01,-2.308362016632544145e-01,3.440369757132897832e-01,9.769527025314110880e-01,2.091427286813606068e-01,-4.269351304688645543e-02,-3.922176936733413388e+00,8.898389824458456665e-02,-2.172324881499098359e-01,9.720555086749922413e-01,4.902607494209107464e-01
2.126463070469696570e-01,-9.489648948915957449e-01,-2.329102324129783130e-01,3.528233760907368843e-01,9.729939860427739839e-01,2.275492706025433187e-01,-3.878185881107786004e-02,-3.742028265064850867e+00,8.980117607179728678e-02,-2.183734363690602309e-01,9.717246477601004795e-01,5.212957667389361838e-01
2.782615450466319196e-01,-9.246306508951293024e-01,-2.600551325652113999e-01,4.003082286170349113e-01,9.521623978111763975e-01,3.011496379383915567e-01,-5.191978201075635874e-02,-3.521442998759856113e+00,1.263221308509727969e-01,-2.331674398255979275e-01,9.641969011889881536e-01,5.675078763336312004e-01
3.606250470442272649e-01,-8.926570642395323940e-01,-2.703940478405676973e-01,4.591801112724100409e-01,9.201302993268143382e-01,3.879372285648369223e-01,-5.352512451343010430e-02,-3.357695234041090604e+00,1.526754980509118231e-01,-2.294952556300269564e-01,9.612606930163202223e-01,6.101760872802051150e-01
4.673464146937295061e-01,-8.494515911339141079e-01,-2.449884139974321806e-01,5.846686124655671168e-01,8.697654120872585493e-01,4.914313524321660687e-01,-4.475884028179167445e-02,-3.198144742802439655e+00,1.584154557156462473e-01,-1.921645653255361630e-01,9.684922938380322588e-01,6.674993642266396909e-01
6.481797174962166119e-01,-7.268142670341946054e-01,-2.271653033851566972e-01,6.846134576107625325e-01,7.392800412084006290e-01,6.721426825642997649e-01,-4.110030348026557506e-02,-3.114543923527297586e+00,1.825597833517245139e-01,-1.412983917488503660e-01,9.729885353855723951e-01,7.070980192789506624e-01
8.742585360668684302e-01,-4.347201760382936042e-01,-2.160795702037798249e-01,7.944485578646973689e-01,4.371935497578594010e-01,8.985291750894355278e-01,-3.882166358127931566e-02,-3.100873569148925757e+00,2.110303583950353667e-01,-6.052842355729352170e-02,9.756036581406063446e-01,7.669379702842089586e-01
9.650163804943104884e-01,-1.519450338408417367e-01,-2.136728622655779120e-01,9.909058231569957131e-01,1.466484186176441884e-01,9.883584216581786652e-01,-4.052001547748428079e-02,-3.115408455317961511e+00,2.173421880229499392e-01,7.767691320902532157e-03,9.760645656292114003e-01,8.355177785952785374e-01
9.672065447625868284e-01,1.284288294869502800e-01,-2.191290385253149287e-01,1.158489335473201765e+00,-1.420203243013041239e-01,9.887293178141060013e-01,-4.737682534955658942e-02,-3.175998927167986263e+00,2.105747545499445650e-01,7.694395266336334638e-02,9.745449712018271482e-01,8.669703422530049552e-01
9.030486126520489432e-01,3.801520320693116406e-01,-1.999690868628990204e-01,1.266049756826138628e+00,-3.999394620332822337e-01,9.139711203446577725e-01,-6.859459078132348897e-02,-3.258097100751852881e+00,1.566895972798991732e-01,1.419197790637438117e-01,9.773981514279441729e-01,8.892319063243744326e-01
7.501053968444840736e-01,6.228478273883725214e-01,-2.222666811340874293e-01,1.369897781921303626e+00,-6.522547097125520610e-01,7.522412559017414013e-01,-9.325709933920732497e-02,-3.452949747310392059e+00,1.091131856494510360e-01,2.149271430902883750e-01,9.705156546292679209e-01,8.978622068848191029e-01
6.356660191070274690e-01,7.356093602323406921e-01,-2.341101904898408304e-01,1.457741092942632655e+00,-7.686301235445787139e-01,6.312690110419000300e-01,-1.034754506055648310e-01,-3.550936660281277302e+00,7.166899840563999147e-02,2.457199724009967723e-01,9.666877726705697116e-01,9.134948999794655355e-01
4.760908388410307612e-01,8.473872355974196857e-01,-2.351007999097530776e-01,1.522773560361158296e+00,-8.789230695736398591e-01,4.672825990421630160e-01,-9.560967735354657104e-02,-3.679506735250730465e+00,2.884009262973791579e-02,2.521544082084688498e-01,9.672571547826080973e-01,9.121021421114905436e-01
4.173913184407451737e-01,8.813491612943026299e-01,-2.213778290076148514e-01,1.594192931689879078e+00,-9.083707180898836775e-01,4.114773489478881774e-01,-7.449181042023740595e-02,-3.861101810444148796e+00,2.543866755872187940e-02,2.321853724691677334e-01,9.723388437186862854e-01,9.010956724965687448e-01
3.780040458938916936e-01,9.023326993648718153e-01,-2.071440101589990257e-01,1.650683165345114833e+00,-9.257685457119113615e-01,3.664501434452451245e-01,-9.309614460013750092e-02,-4.040078787254410386e+00,-8.095743220916020583e-03,2.269581283538048555e-01,9.738708676800226227e-01,9.145277966606194520e-01
3.025680324984786895e-01,9.298896446080125999e-01,-2.091837339775309557e-01,1.700158825567797516e+00,-9.527149610411864700e-01,2.886044417869134682e-01,-9.508774468432916460e-02,-4.198396361541098187e+00,-2.804975433560081416e-02,2.280629847907086616e-01,9.732422546571161126e-01,9.109708045936908416e-01
2.502768595300067789e-01,9.427423505948984150e-01,-2.204503435665320366e-01,1.745879451319747089e+00,-9.673805979136740341e-01,2.342847875074197672e-01,-9.636086925086914667e-02,-4.434379040402871119e+00,-3.919531048450946437e-02,2.373762809073559910e-01,9.706267196500497629e-01,8.946360956318522017e-01
2.422436062042229721e-01,9.420074547415988597e-01,-2.322498449179826452e-01,1.771250378470054843e+00,-9.695636618150949015e-01,2.262695555581340778e-01,-9.353284939114293872e-02,-4.631722256607277544e+00,-3.555757220164241367e-02,2.478387448297343365e-01,9.681485503890134847e-01,8.759441537408539924e-01
2.571758708730985665e-01,9.412335280733805654e-01,-2.189520885289726604e-01,1.798224050530891072e+00,-9.661177626972931032e-01,2.453029412993594782e-01,-8.026789888029443876e-02,-4.866675695535278123e+00,-2.184124633434215979e-02,2.321764687052045029e-01,9.724284278743321464e-01,8.832994414883602596e-01
2.558158897058696035e-01,9.432075899040444078e-01,-2.119378987378079671e-01,1.846168182993719098e+00,-9.647089303692601980e-01,2.349188204017134129e-01,-1.189530474046920361e-01,-5.046562170812229020e+00,-6.240921598441760004e-02,2.348884632511152870e-01,9.700167522222187255e-01,8.870318026829429048e-01
2.157762069112799386e-01,9.577115072142157182e-01,-1.903399524021551492e-01,1.895412073689156429e+00,-9.759188213896385911e-01,2.051378899117565768e-01,-7.416805363502550208e-02,-5.258392674386930921e+00,-3.198566223226280425e-02,2.017600432990294679e-01,9.789125611307369912e-01,8.712893340239217244e-01
2.944594018782661360e-01,9.301339437122787546e-01,-2.194185666704992488e-01,1.954470599543262077e+00,-9.555867716419566005e-01,2.836512827892631039e-01,-7.997419355583375300e-02,-5.494510829104694238e+00,-1.214835414342820170e-02,2.332226329631154615e-01,9.723474795387497815e-01,8.924392064246103873e-01
4.071160828140173993e-01,8.878111090162760233e-01,-2.145878137766898397e-01,2.040378139628033605e+00,-9.131201513607574149e-01,4.011749422466569515e-01,-7.259652121346057974e-02,-5.688755021378478105e+00,2.163525578945391104e-02,2.254996683382939904e-01,9.740029852553050427e-01,9.187693060180486260e-01
5.327713580909296809e-01,8.198308384614415578e-01,-2.098382145977114865e-01,2.150297668560270381e+00,-8.426493569312872856e-01,5.368098825361615756e-01,-4.215698370137593853e-02,-5.880926279420392255e+00,7.808163203489112969e-02,1.992800700499703925e-01,9.768268589773975163e-01,9.733824702856078703e-01
6.658210728982126847e-01,7.151267570670172269e-01,-2.127816256434829911e-01,2.272860017228552021e+00,-7.382091086407110980e-01,6.728085591100795293e-01,-4.874376583834328508e-02,-6.048417206611038210e+00,1.083033277630837815e-01,1.895319606689820635e-01,9.758832025813413136e-01,9.988000045991433096e-01
7.357183640332883856e-01,6.375430286030114857e-01,-2.285987215709666953e-01,2.437855492919946965e+00,-6.594164891077530788e-01,7.512943584629606653e-01,-2.695701827967392217e-02,-6.175937827396219326e+00,1.545586707919825442e-01,1.705745397807848229e-01,9.731474418923324876e-01,1.036968371244589182e+00
8.861808241522020069e-01,3.865123816573536319e-01,-2.555224564113360297e-01,2.677495979273642579e+00,-4.040219694327962241e-01,9.145766110269583082e-01,-1.777275381268287810e-02,-6.280869419834396616e+00,2.268254728212137916e-01,1.189865596947913134e-01,9.666397485575648485e-01,1.117333840656237420e+00
9.306639304780053301e-01,2.519016546429784231e-01,-2.653492131048422187e-01,2.840734252650222391e+00,-2.546293550084066659e-01,9.667241028195804331e-01,2.466577782430297641e-02,-6.358127924590584179e+00,2.627328302196585974e-01,4.461014924661106662e-02,9.638368090651885378e-01,1.156455954456454993e+00
9.604671272400687743e-01,5.635319516440673825e-03,-2.783363804197290792e-01,3.113167349123952210e+00,1.149451312573630509e-03,9.997063080544649205e-01,2.420694936974258568e-02,-6.349952446570022779e+00,2.783910491608675430e-01,-2.356991323821312073e-02,9.601785682554344614e-01,1.226442556208460877e+00
9.593181163364257191e-01,-8.143671561765480904e-02,-2.703272332158568880e-01,3.287313610240141237e+00,8.911330913959690514e-02,9.958893352165930635e-01,1.622498493191807875e-02,-6.321466218414540705e+00,2.678946990944795492e-01,-3.965467628489132562e-02,9.626317763536690331e-01,1.271312763941835122e+00
9.439812837444966354e-01,-1.843499086795238051e-01,-2.737050366908554966e-01,3.501900587120079233e+00,1.924917675539506157e-01,9.812941573370139725e-01,2.948932042884051807e-03,-6.271538571629159620e+00,2.680415179856419639e-01,-5.546970295655886257e-02,9.618091581441016169e-01,1.359647022509719250e+00
9.031504699559381732e-01,-3.349853239949339700e-01,-2.685219941203625393e-01,3.655523396899063471e+00,3.360873755962853204e-01,9.408347100573597466e-01,-4.330501490685877142e-02,-6.206313530942413337e+00,2.671413569314350922e-01,-5.113590772921552952e-02,9.622996489438943035e-01,1.399962775696005579e+00
8.038569416583847271e-01,-5.168566578508212439e-01,-2.944031463536122550e-01,3.839485553713551713e+00,5.338751112383696151e-01,8.451620561770005757e-01,-2.604734917186167162e-02,-6.102047906600168936e+00,2.622811143560393465e-01,-1.362361700648602181e-01,9.553262913885569585e-01,1.447984594369657652e+00
6.965663962242395479e-01,-6.401524871818997653e-01,-3.240371102296811801e-01,4.000333123138608116e+00,6.715597285601070388e-01,7.406897290235422426e-01,-1.965340416581334154e-02,-6.007344346401018775e+00,2.525921349279309225e-01,-2.039203728759274581e-01,9.458402057951935671e-01,1.516608172773186158e+00
5.715884151144449143e-01,-7.592875786681305694e-01,-3.110772517996831521e-01,4.101052654571998524e+00,7.914383791173945637e-01,6.102318855665113118e-01,-3.524681401161539052e-02,-5.844358128785174245e+00,2.165917259892145841e-01,-2.260518053859023047e-01,9.497308068683403270e-01,1.543030867110021687e+00
5.096696450427156133e-01,-7.860404888781094002e-01,-3.498245313958044944e-01,4.210205986457588700e+00,8.304113091021257942e-01,5.557858669666866369e-01,-3.897598998588990699e-02,-5.682726832201282718e+00,2.250642366910494407e-01,-2.706333680911311435e-01,9.360040969132171762e-01,1.585747953897493012e+00
3.861287625222127318e-01,-8.428312985042357708e-01,-3.748866242142118721e-01,4.272910509348097463e+00,8.959994608466426147e-01,4.393035991431809006e-01,-6.478668028515731370e-02,-5.416228181551804077e+00,2.192932851584585008e-01,-3.108822124881220894e-01,9.248041441531837936e-01,1.601764392026574058e+00
2.736397754077368183e-01,-9.046142603897763257e-01,-3.267939920106555096e-01,4.364662149820476067e+00,9.482224801179726104e-01,3.106736516624294953e-01,-6.600007849730511744e-02,-5.224660152503005861e+00,1.612308950348000647e-01,-2.918131629351014000e-01,9.427882458028902235e-01,1.644725813071103326e+00
1.151770057174305167e-01,-9.311562743820299692e-01,-3.459512249334343870e-01,4.350536909722654499e+00,9.812435105890717768e-01,1.608476107232221786e-01,-1.062507367102131228e-01,-5.004759296100480093e+00,1.545814681027430915e-01,-3.272247527367196929e-01,9.322169977615699654e-01,1.675935784524415828e+00
7.961806219783229555e-02,-9.419411684862138978e-01,-3.262020835045159606e-01,4.363750173918453434e+00,9.877017201894496834e-01,1.187193909344559234e-01,-1.017399535627569324e-01,-4.855865033243912166e+00,1.345595634158431586e-01,-3.140900210560290673e-01,9.398091202826043267e-01,1.721344542384240395e+00
1.649985042690816084e-01,-9.377808238227455240e-01,-3.055202449254347807e-01,4.406180965292054275e+00,9.767157253807772221e-01,1.984245368073342397e-01,-8.157263626177152505e-02,-4.706158629743505628e+00,1.371199671195500458e-01,-2.849470646683808228e-01,9.486850293717135063e-01,1.736721883887801132e+00
3.417385217859018609e-01,-9.002755265558955999e-01,-2.696641596728988066e-01,4.427636595087876437e+00,9.252163126210600774e-01,3.726348190061720134e-01,-7.154066343083964608e-02,-4.576693629238750560e+00,1.648925637725194293e-01,-2.250494788901784282e-01,9.602932752361575952e-01,1.766544995380357586e+00
4.230642949792245422e-01,-8.703298159009447144e-01,-2.520766031736352830e-01,4.512050288219083605e+00,8.950468413684208313e-01,4.447265134512958795e-01,-3.330885752867592670e-02,-4.399812330061687149e+00,1.410948406928599630e-01,-2.115285791265104909e-01,9.671338615427432783e-01,1.822972699873196767e+00
3.814609816174705514e-01,-8.627660322937253934e-01,-3.318467914920636419e-01,4.551294467448688152e+00,9.105976049721314913e-01,4.124942382237553606e-01,-2.570029671463543858e-02,-4.249621887901692929e+00,1.590582324887736543e-01,-2.923752331377346136e-01,9.429831396823618039e-01,1.846851409401291333e+00
2.982896609623185702e-01,-8.673783505123822124e-01,-3.983441668022803528e-01,4.589422935797812464e+00,9.417399571482614196e-01,3.354019898109714681e-01,-2.512684503136358369e-02,-4.057916991116895744e+00,1.553999075719628142e-01,-3.676415404891816840e-01,9.168917964696645662e-01,1.913568554110483877e+00
2.963425975083851527e-01,-8.663192080975431475e-01,-4.020846858352450370e-01,4.631904639301099635e+00,9.418052101470767434e-01,3.350166085245402381e-01,-2.769148158791592124e-02,-3.877891120626780985e+00,1.586947101884701172e-01,-3.704792864573661082e-01,9.151836358153702111e-01,1.941212869736111735e+00
2.533299958547138298e-01,-8.898108102196525815e-01,-3.795532047243110885e-01,4.655734429599798219e+00,9.564698732090709532e-01,2.891482594316467925e-01,-3.947994061635705376e-02,-3.658275977970235182e+00,1.448768264550025497e-01,-3.530297524060727055e-01,9.243271601940710180e-01,1.982118441804113118e+00
9.825986560873929687e-02,-9.290472758958268074e-01,-3.566737416198375588e-01,4.681595642471378937e+00,9.867819798259193087e-01,1.373706754531127672e-01,-8.596872580417251608e-02,-3.463623542234803399e+00,1.288655233233079733e-01,-3.435119454634694702e-01,9.302651343689679608e-01,2.020469572452870288e+00
-5.874875506916148182e-02,-9.330045724603999169e-01,-3.550366904220022546e-01,4.688618525545052762e+00,9.917908326020259402e-01,-1.408783317529692380e-02,-1.270923967946298583e-01,-3.312258846987682581e+00,1.135760896685665960e-01,-3.595886548883460709e-01,9.261730244026702419e-01,2.045027347094044323e+00
-2.490749799445645674e-01,-9.020068146089211814e-01,-3.526263755941700939e-01,4.636082541633320453e+00,9.684164685024203578e-01,-2.276558960145061150e-01,-1.016972789367128066e-01,-3.030527948465588040e+00,1.145416513386071644e-02,-3.668194370652931302e-01,9.302216417027660000e-01,2.034905654315235513e+00
-3.446194665498327758e-01,-8.782321707094646879e-01,-3.315805748318933488e-01,4.579319416089901118e+00,9.370916908075226370e-01,-3.427768504575275377e-01,-6.605447607781564368e-02,-2.857354767334315593e+00,-5.564697920287654809e-02,-3.334850598173149661e-01,9.411116451220004064e-01,2.027617294480061005e+00
-4.163293053156900125e-01,-8.388061998331151070e-01,-3.508191395247433619e-01,4.470234669088192447e+00,9.069282199734619576e-01,-4.104662356795214517e-01,-9.486133660691167813e-02,-2.628852863823730956e+00,-6.442913433471672557e-02,-3.576613321126707601e-01,9.316261364733550154e-01,2.021369640183823702e+00
-5.597785497995572124e-01,-7.418506471631335364e-01,-3.691958727937555418e-01,4.370356394278394063e+00,8.235127267141155727e-01,-5.475432356828615621e-01,-1.484021360958904800e-01,-2.491363672625550585e+00,-9.205848208712327785e-02,-3.871098324268978375e-01,9.174264076830552783e-01,1.986991217449650238e+00
-7.466312635044841661e-01,-5.661204197592446530e-01,-3.493557308665660166e-01,4.202604622655478295e+00,6.467950473355656982e-01,-7.405720786292725455e-01,-1.822338143619357809e-01,-2.251828959623690007e+00,-1.555568163079941724e-01,-3.620230195530858563e-01,9.190981504789292877e-01,1.945740741829086184e+00
-8.570585141131094042e-01,-4.057249343839043343e-01,-3.175499661555703512e-01,3.989322930696775682e+00,4.806834012081780960e-01,-8.515321131867428228e-01,-2.093717459798635216e-01,-2.115737563853913095e+00,-1.854566558233079199e-01,-3.320848352919710811e-01,9.248380890620483408e-01,1.903008105648668291e+00
-9.008443452033155774e-01,-3.235441797806992703e-01,-2.894799292614987918e-01,3.803395372044203526e+00,3.896012928305642165e-01,-8.966673667585575158e-01,-2.102343121734084330e-01,-2.061322876392090997e+00,-1.915471178064567237e-01,-3.021701459779042032e-01,9.338109576031613512e-01,1.843653180122929447e+00
-9.110818602056597326e-01,-2.854475270216961236e-01,-2.974046961992881655e-01,3.650462438230698048e+00,3.515223893119487908e-01,-9.148224563941125265e-01,-1.988262635806938294e-01,-2.014543921707604657e+00,-2.153180294741046941e-01,-2.856914114814078087e-01,9.338193420513153375e-01,1.793004268115115263e+00
-9.238371082586096517e-01,-2.592261037446490501e-01,-2.816501811498380858e-01,3.421201255163402788e+00,3.108780972181801605e-01,-9.374037155566056212e-01,-1.569365563871997771e-01,-1.979781660356699557e+00,-2.233378742496931746e-01,-2.325426868298326177e-01,9.465960557321124735e-01,1.741368999237004500e+00
-9.293260876604846343e-01,-2.146787680579977098e-01,-3.004430883524463747e-01,3.237382666578495272e+00,2.603079285038711888e-01,-9.579536422758473391e-01,-1.206838912550473875e-01,-1.944630223751985909e+00,-2.619022816847514923e-01,-1.903624064660276449e-01,9.461338959432676887e-01,1.710789180712609436e+00
-9.592700368885436202e-01,-1.229317536214520334e-01,-2.543398912467428330e-01,2.951540083694197847e+00,1.649278649309933731e-01,-9.746874410427494029e-01,-1.509410204114169651e-01,-1.917640985165414369e+00,-2.293464534217921624e-01,-1.867409334481609784e-01,9.552633291808899640e-01,1.644797574192069289e+00
-9.448722843229900858e-01,-1.010443532605575095e-01,-3.114585124738258881e-01,2.770220237849046363e+00,1.494838204818136340e-01,-9.794012568511500927e-01,-1.357489060454906971e-01,-1.848985055408442824e+00,-2.913261981566601100e-01,-1.748233873157201135e-01,9.405135987932583541e-01,1.608933526550289983e+00
-9.354246468779102708e-01,-1.446559843970266213e-01,-3.225761556461700930e-01,2.540015187767340255e+00,1.953138183265374361e-01,-9.720211402606342421e-01,-1.304891384641787277e-01,-1.771639114366970746e+00,-2.946748078544266791e-01,-1.850663369296062788e-01,9.375058445425373810e-01,1.528260116496712229e+00
-9.412503705034521717e-01,-1.066876539204879709e-01,-3.204145510554324283e-01,2.236579213708465907e+00,1.512254905696824303e-01,-9.814990361482419656e-01,-1.174329299729411913e-01,-1.727890192781236678e+00,-3.019579292369568568e-01,-1.589886365153593273e-01,9.399702242251708473e-01,1.477244414197123268e+00
-9.503911948204473159e-01,-4.446603916664102298e-04,-3.110568743572415529e-01,1.998394431622606104e+00,4.956359412684483573e-02,-9.874393694399793420e-01,-1.500231376061841870e-01,-1.701958191186684788e+00,-3.070830945281588509e-01,-1.579977656712612533e-01,9.384757211019906231e-01,1.425928551388685905e+00
-9.688371038462705309e-01,4.527282441053460255e-02,-2.435262564502271021e-01,1.821897303846593541e+00,7.467618952449115756e-03,-9.773695617316691120e-01,-2.114071296518283960e-01,-1.710526736820992433e+00,-2.475861483967750354e-01,-2.066376325124175128e-01,9.465738153740126393e-01,1.339204591914392672e+00
-9.444626640670097384e-01,9.056334862652638817e-02,-3.158932668940490629e-01,1.608815746046442285e+00,-3.227934500461708545e-02,-9.821940029090047153e-01,-1.850756184257072168e-01,-1.715031814565160184e+00,-3.270295400564262600e-01,-1.646001838854845023e-01,9.305688901931705725e-01,1.320665374817386439e+00
-9.284870772115318971e-01,8.820543578511456928e-02,-3.607375064352792426e-01,1.414818280637216930e+00,-3.587593908338546078e-02,-9.881445524400144231e-01,-1.492757866434063774e-01,-1.727041930819383397e+00,-3.696277376578637197e-01,-1.256588420330243261e-01,9.206439001985790016e-01,1.255961556983834271e+00
-9.247823651538185086e-01,5.364670677875527094e-02,-3.766956436598412061e-01,1.209356293239438607e+00,-6.585406816402137112e-03,-9.921191906682196304e-01,-1.251245136849630235e-01,-1.710063537297587866e+00,-3.804394952125377261e-01,-1.132322496448350396e-01,9.178476170491490782e-01,1.198686226963264545e+00
-9.219727724727997398e-01,-1.610969996928953091e-03,-3.872513545418354020e-01,1.003717173178985567e+00,3.106816905948980162e-02,-9.970757182479145220e-01,-6.981963156373412194e-02,-1.691892627153517292e+00,-3.860064451406329256e-01,-7.640298983726752369e-02,9.193267142065546516e-01,1.145013865100538153e+00
-9.370080155174399517e-01,-1.068816139940637899e-01,-3.325542052750065647e-01,7.842529257345854932e-01,1.426652238414151119e-01,-9.861107188255785472e-01,-8.504283699159470578e-02,-1.624779023750994700e+00,-3.188457507359102050e-01,-1.271297400584300852e-01,9.392419371122288085e-01,1.109535452417897528e+00
-8.897610435550382668e-01,-3.251717696494937360e-01,-3.202945606701186332e-01,6.229055724434484631e-01,3.546527206455538095e-01,-9.342774727607775498e-01,-3.670220198353668639e-02,-1.580774676760298814e+00,-2.873094727128824299e-01,-1.462495268872693599e-01,9.466067519169180100e-01,1.096110660526295577e+00
-7.742366323046447896e-01,-5.338856923656229991e-01,-3.398877824883382304e-01,5.025731311423500269e-01,5.888516023457386339e-01,-8.045005479266411630e-01,-7.767019248456373537e-02,-1.501989278203376355e+00,-2.319729027546467981e-01,-2.602785735957001689e-01,9.372532403329278949e-01,1.059722740450430134e+00
-5.991396748307764586e-01,-7.153049224341349044e-01,-3.596811337631795613e-01,4.307672119581596459e-01,7.848731489577788212e-01,-6.134616524706612006e-01,-8.740103542330118769e-02,-1.356630976331662852e+00,-1.581321918167536700e-01,-3.346694920208008739e-01,9.289728419183043151e-01,1.057265087556534366e+00
-3.400010854058936327e-01,-8.733470700939567344e-01,-3.488038948766403191e-01,3.754734475303342367e-01,9.377171953525947901e-01,-3.429666500424558007e-01,-5.532032627089481652e-02,-1.196601851355924673e+00,-7.131425848227461450e-02,-3.458883810088970723e-01,9.355615984103717864e-01,1.062656490507698948e+00
-2.485054772911325927e-01,-8.945450422871781271e-01,-3.715295345941365679e-01,3.787041062145152237e-01,9.678201599787342735e-01,-2.136206352489495308e-01,-1.330051207080814590e-01,-9.438674823956574311e-01,3.961269613447603033e-02,-3.926262746114487778e-01,9.188446238563380275e-01,1.070464598336919648e+00
-2.407459573088962523e-01,-8.982550736514516299e-01,-3.676672499677486328e-01,3.736243262471583559e-01,9.689269436879585085e-01,-2.002693764750931305e-01,-1.451645777791126801e-01,-6.697851880713847628e-01,5.676232760320563953e-02,-3.911904900501818605e-01,9.185575859244575758e-01,1.099282560642972584e+00
-1.927740346127804205e-01,-9.195158036051429562e-01,-3.425330035186355260e-01,3.679684948260120159e-01,9.793214561893626158e-01,-1.584567593662190299e-01,-1.257813215795636208e-01,-4.414472291481794652e-01,6.138124327720875101e-02,-3.596972926386064473e-01,9.310479045904154205e-01,1.103061069492368595e+00
-1.324922483086091451e-01,-9.285296911150920929e-01,-3.468117888074747079e-01,3.410016820517683400e-01,9.857136269444436438e-01,-8.672192661907779376e-02,-1.443882027712258542e-01,-2.784714559078569351e-01,1.039925468202368281e-01,-3.609874238269055180e-01,9.267543525900795442e-01,1.145462286848396793e+00
-3.838801248932949967e-02,-9.390176587383093354e-01,-3.417194713134475426e-01,3.252986004675982312e-01,9.912680780320176632e-01,7.386718319634352423e-03,-1.316549804115859368e-01,-1.069948837046352796e-01,1.261505369462523063e-01,-3.437895765873208997e-01,9.305346683805419961e-01,1.166507591387024645e+00
-6.485350166563270957e-03,-9.325304375202563278e-01,-3.610331332876462462e-01,3.474643467080964498e-01,9.804107021193820826e-01,6.514543222881752360e-02,-1.858787987627957827e-01,1.384906574739312723e-01,1.968572970529578470e-01,-3.551662367934187436e-01,9.138403300571753540e-01,1.200393264226376377e+00
3.430362571960365176e-02,-9.380412056780104146e-01,-3.448216317353549054e-01,3.898332960666545111e-01,9.716469942507509616e-01,1.120634324896572914e-01,-2.081919923102621972e-01,3.962407998643526774e-01,2.339345631281741222e-01,-3.279031618462672215e-01,9.152891000253708942e-01,1.283333080224124734e+00
1.663355237778287588e-01,-9.261650042167718366e-01,-3.384536578229005999e-01,4.383245976387065701e-01,9.548075828880195903e-01,2.370186655114072116e-01,-1.793450079002154862e-01,5.930901887133190886e-01,2.463229043127986573e-01,-2.933266731194714705e-01,9.237339929046527454e-01,1.328908304700753051e+00
3.150243924302484344e-01,-8.869658155788372467e-01,-3.377147822771749408e-01,5.075886228825907676e-01,8.974956591751996893e-01,3.941209026915903912e-01,-1.979147690882085142e-01,7.979686548257971523e-01,3.086440894227945320e-01,-2.407495712480763883e-01,9.202056672332789011e-01,1.445917151519590993e+00
5.379329408010332658e-01,-7.878390560962620359e-01,-2.998962702177234152e-01,5.848603706200607988e-01,7.816580364851274387e-01,5.993773058763799400e-01,-1.725037947367733526e-01,9.497653174449498525e-01,3.156562453039169491e-01,-1.416208561255084819e-01,9.382455264539841799e-01,1.494500478157173351e+00
5.904990956715678863e-01,-7.474145003383323438e-01,-3.044378141674589644e-01,7.065317596852547233e-01,7.220645501954510159e-01,6.577812232813151638e-01,-2.143516915015526714e-01,1.050079875366423776e+00,3.604630402164704650e-01,-9.324927336197462446e-02,9.281007324937122771e-01,1.552970775266373504e+00
6.912086130920515048e-01,-6.456392798164540814e-01,-3.246237414999894599e-01,8.823787991818338172e-01,6.094130051991075714e-01,7.621997681230823218e-01,-2.183284282160963818e-01,1.155554040449004782e+00,3.883895496554384263e-01,-4.691943980067114078e-02,9.203000184109740855e-01,1.682599148830952629e+00
8.063286834964483729e-01,-5.000318159891523617e-01,-3.159149207768979228e-01,1.118663949424984594e+00,4.546885468917574169e-01,8.656354492820992341e-01,-2.096034214215962144e-01,1.222760770140687736e+00,3.782755338326093120e-01,2.536635458175473881e-02,9.253454320192483484e-01,1.789380785179132127e+00
8.860325992388153882e-01,-3.686282141926300326e-01,-2.811751638876733295e-01,1.280915093107330538e+00,3.105986467990741740e-01,9.222195042959218103e-01,-2.303034226900826653e-01,1.275955419284458880e+00,3.442015596895104390e-01,1.167237148026705612e-01,9.316119689602401222e-01,1.904144649677037116e+00
9.068535704690583454e-01,-2.940833236524434957e-01,-3.018801094425591081e-01,1.415830476839771368e+00,2.350022844658471721e-01,9.474547711686487350e-01,-2.170331377591795674e-01,1.329702316750231317e+00,3.498435765072048231e-01,1.258747605332138919e-01,9.283129949738696540e-01,1.945188964029675782e+00
9.039951692486899448e-01,-2.590796681414240799e-01,-3.401036011728788000e-01,1.600151246616961842e+00,1.935614414051427534e-01,9.572963038961788129e-01,-2.147504480737506549e-01,1.385828997071074653e+00,3.812173951647467307e-01,1.283024243825602040e-01,9.155390682659942936e-01,2.016475262813781200e+00
9.226936860883181435e-01,-2.273948317508523442e-01,-3.113325427027383019e-01,1.771020826061934672e+00,1.643727170647502900e-01,9.624924688266405237e-01,-2.158468376806764732e-01,1.444161170898212054e+00,3.487376829903852671e-01,1.479859383353639979e-01,9.254632302352706619e-01,2.130768682784808021e+00
9.385068709937817166e-01,-1.516688316337126419e-01,-3.101635352653894229e-01,1.975564148380576146e+00,9.196003072761166353e-02,9.757040995093102520e-01,-1.988589021122788569e-01,1.437272091376032401e+00,3.327885302200733753e-01,1.581077977570638504e-01,9.296524718637481088e-01,2.203697937674867990e+00
9.499946843351492198e-01,-1.188693788711542298e-01,-2.887562475544813156e-01,2.145215150899071332e+00,6.501474530880678449e-02,9.797405131897581887e-01,-1.894244168714750431e-01,1.422946686898650892e+00,3.054229569423193014e-01,1.611787752201054580e-01,9.384765419503884321e-01,2.262662868659456095e+00
9.476967434545257030e-01,-1.147192020156494047e-01,-2.978428900185100536e-01,2.319967181055782923e+00,5.839891239116065669e-02,9.797444304828949457e-01,-1.915474300774493710e-01,1.415276170552308477e+00,3.137840809811981990e-01,1.641351748609613248e-01,9.352000828144469979e-01,2.327129286785277529e+00
9.296830744109013667e-01,-1.501303861375025417e-01,-3.363781329279560417e-01,2.566589261298287017e+00,9.994067290491995270e-02,9.817263357614399721e-01,-1.619421611925875859e-01,1.376610952777475028e+00,3.545437110614220177e-01,1.169370293389501159e-01,9.276984898749045527e-01,2.424326310793761152e+00
9.256238361634372414e-01,-1.406101615779260239e-01,-3.513535205275603590e-01,2.792806694625087349e+00,8.478930244114320225e-02,9.818648415575871313e-01,-1.695647578497265773e-01,1.334711882346365064e+00,3.688241967626658124e-01,1.271621617232165657e-01,9.207597387528707600e-01,2.520365843780714599e+00
9.286026772663726891e-01,-5.030051152131879283e-02,-3.676505491828043204e-01,2.995345868513539678e+00,-3.459060935310844312e-03,9.895536376972553505e-01,-1.441236726480856489e-01,1.339303179049201598e+00,3.710594328017679522e-01,1.351053539309984841e-01,9.187281647299225806e-01,2.601490752957592800e+00
9.331978824768458747e-01,-2.968877293236281412e-02,-3.581344564580470902e-01,3.221948613607643619e+00,-2.922689396400414766e-02,9.870099002870963423e-01,-1.579786232515994204e-01,1.331963941906444182e+00,3.581724456319148597e-01,1.578924744787556789e-01,9.202078383131879757e-01,2.726947042737745353e+00
9.393571754048917199e-01,-4.935133966309036141e-02,-3.393708035302994697e-01,3.349222723692232950e+00,-1.251351046442236714e-02,9.839997316121293913e-01,-1.777299643929289852e-01,1.318561294504863035e+00,3.427119914318720872e-01,1.711986374382497011e-01,9.237096499810365513e-01,2.801748595827997512e+00
9.292527244853060475e-01,-7.758944236800119354e-02,-3.612052774665091559e-01,3.540215972052177307e+00,1.818239073552816235e-02,9.861178806592075796e-01,-1.650482538875563676e-01,1.291333164194565564e+00,3.689969846811431697e-01,1.468039641059233902e-01,9.177634888243337841e-01,2.861552966749141724e+00
9.379955307400950071e-01,-9.233633594036315395e-02,-3.341233086402610186e-01,3.738770867031665279e+00,4.003194338711710265e-02,9.862759922556204595e-01,-1.601783712267034754e-01,1.254485123640256106e+00,3.443280816608737527e-01,1.368709909560725801e-01,9.288188757849655808e-01,2.951322711299828150e+00
9.382339322231247891e-01,-4.854741515550098363e-02,-3.425788039369213056e-01,4.002703607965211852e+00,-6.451109243597256092e-03,9.874810831352521800e-01,-1.576055000295176478e-01,1.222463103283469410e+00,3.459414280115338802e-01,1.500808413214242409e-01,9.261750749472781319e-01,3.035323780455523313e+00
9.456919656659621420e-01,-2.138975629945061817e-03,-3.250571193776600754e-01,4.202579134122345295e+00,-6.189084149644545618e-02,9.805013654740165618e-01,-1.865116512243907843e-01,1.227117541887139396e+00,3.191178932835160853e-01,1.965006287186925882e-01,9.271198806516075530e-01,3.111413407250239072e+00
9.423176908130818097e-01,-2.760483328152798371e-02,-3.335795898435626183e-01,4.385314436418993544e+00,-4.322012964933871770e-02,9.782157623696925430e-01,-2.030417263632612046e-01,1.199537227540709683e+00,3.319177457952416921e-01,2.057471638467421871e-01,9.205969338397936852e-01,3.173451702058483814e+00
9.236372978460996030e-01,-4.143208800050252050e-02,-3.810216845685728826e-01,4.652671753553137890e+00,-3.596960450546257682e-02,9.803813709588359293e-01,-1.938002967711650593e-01,1.149584437097659784e+00,3.815761124327295417e-01,1.927063817334279949e-01,9.040265045118630605e-01,3.274271592625397354e+00
9.354703434879764190e-01,-3.838394281773045008e-02,-3.513145448003136551e-01,4.864404981741983214e+00,-2.952648750383048484e-02,9.821198577604662860e-01,-1.859267907759544203e-01,1.093081089522512928e+00,3.521695940738957531e-01,1.843020833477597709e-01,9.176106576775933110e-01,3.342443339615388087e+00
9.295825757222868635e-01,3.896368241337353627e-02,-3.665488594530168509e-01,5.040306700882425162e+00,-1.033888978295123134e-01,9.820423659330196342e-01,-1.578085147204479899e-01,1.076015944099228960e+00,3.538177083175972348e-01,1.845931281642548827e-01,9.169178841725256213e-01,3.426409939546680938e+00
9.249999351761017952e-01,6.355036536485128562e-02,-3.746150971146253172e-01,5.285928321904941996e+00,-1.327196865618055222e-01,9.778535584817791282e-01,-1.618267683773479126e-01,1.077467092554329708e+00,3.560345555183404564e-01,1.994085485291784976e-01,9.129488627794802857e-01,3.538378444938892642e+00
9.280518409356333098e-01,9.691936048584533225e-02,-3.596198243965360031e-01,5.515336500654157703e+00,-1.645107990575009338e-01,9.729250703810562451e-01,-1.623360847669960971e-01,1.043223280858938118e+00,3.341496334420300807e-01,2.098176469866863403e-01,9.188691840972410541e-01,3.625338733498548294e+00
9.142655951603493314e-01,1.417084245055727776e-01,-3.795222574899124179e-01,5.740906928867479664e+00,-2.181955500859721064e-01,9.615812803410649368e-01,-1.665897452435667891e-01,1.003330352054544017e+00,3.413343279378311945e-01,2.351173403256022476e-01,9.100608292028871116e-01,3.680976900232193483e+00
8.892685582451216320e-01,2.961288687003755804e-01,-3.485815893573225299e-01,5.913774117111630702e+00,-3.635672900907550575e-01,9.200764227311701848e-01,-1.458704970522683719e-01,8.081021307569287160e-01,2.775252364969817420e-01,2.564509104223404168e-01,9.258578042285162679e-01,3.733372668915943660e+00
8.211115358104524864e-01,4.316577041735623066e-01,-3.734266623938469754e-01,6.093635447056512611e+00,-5.117935743395967130e-01,8.464536633236654506e-01,-1.469133523906003824e-01,6.914112255090870685e-01,2.526720859606337299e-01,3.117496147127613026e-01,9.159525067942931864e-01,3.806590892661834147e+00
7.606830161651038091e-01,5.299047305161148635e-01,-3.749164246796914957e-01,6.197295552322739987e+00,-6.216699026129419714e-01,7.609066076042979576e-01,-1.858700263338127212e-01,6.277633488283452801e-01,1.867829786227144240e-01,3.744624294649087637e-01,9.082345555064877951e-01,3.858893209210405129e+00
7.245327259285522237e-01,5.651928085663289192e-01,-3.944735963324352834e-01,6.344225876847345624e+00,-6.658761933511193609e-01,7.217474697920535087e-01,-1.889166085260623185e-01,4.384140800664771964e-01,1.779360114950365168e-01,3.995468420519338593e-01,8.992780975980499969e-01,3.901419576487767049e+00
6.063960223106783509e-01,6.830938568033150249e-01,-4.070216786896714289e-01,6.420563780105045915e+00,-7.851153871553985253e-01,5.954638741755658993e-01,-1.703426059553294902e-01,2.346686218138652469e-01,1.260067179860410447e-01,4.228540615264293479e-01,8.973944225773813343e-01,3.912916844419805251e+00
4.383404760964620950e-01,8.043461987878526287e-01,-4.011044994899181648e-01,6.450099377050614535e+00,-8.988060582155867895e-01,3.934132767406865461e-01,-1.933226924060215124e-01,5.715633065400463342e-02,2.301462683545110049e-03,4.452563151485752768e-01,8.954001994023852440e-01,3.918560750773660395e+00
2.606478001809861000e-01,8.631123257208591637e-01,-4.325503871799687428e-01,6.476151385919472148e+00,-9.634972371258323509e-01,2.041905223655689217e-01,-1.731453280540994899e-01,-1.733750494045212531e-01,-6.112117727676807943e-02,4.618910518345258898e-01,8.848281516336942154e-01,3.919585352943016243e+00
1.992925411116013013e-01,8.736274862598111257e-01,-4.439115883919260708e-01,6.542070939607870450e+00,-9.707839411281460329e-01,1.142310572581015232e-01,-2.110208643840666143e-01,-4.401276110426172172e-01,-1.336451372290919648e-01,4.729971255822373877e-01,8.708689318640095989e-01,3.924671632947345667e+00
2.209065234312910520e-01,8.803364432111016047e-01,-4.197714314480271436e-01,6.527800728078430481e+00,-9.717327657202126101e-01,1.619173713043802476e-01,-1.718086054178416533e-01,-6.690554157581458661e-01,-8.328108987786102257e-02,4.458592957697586900e-01,8.912203703038059643e-01,3.899518146982001721e+00
2.373953509566077147e-01,8.724501352177703728e-01,-4.271700000031389832e-01,6.493089262491053226e+00,-9.628423888367393380e-01,1.530442389813498061e-01,-2.225129101283307986e-01,-9.107963309482273173e-01,-1.287555109630184880e-01,4.641209136347042574e-01,8.763639631588818757e-01,3.868752339154546416e+00
1.715862739695931671e-01,8.762147462744828141e-01,-4.503397262027568071e-01,6.516911338027736811e+00,-9.711301181542933980e-01,7.353896226461133223e-02,-2.269324010419621895e-01,-1.126494857755029111e+00,-1.657240000689625126e-01,4.762769566546198874e-01,8.635368066046510416e-01,3.826679459872293521e+00
1.343510940603240555e-01,8.860197300452785640e-01,-4.437553622158095235e-01,6.503603208409016290e+00,-9.776636793509341228e-01,4.547655830124534837e-02,-2.051965222002193612e-01,-1.357352442136787740e+00,-1.616277006047711906e-01,4.614118774105886445e-01,8.723391346154619752e-01,3.772618413659283299e+00
1.779959340278748081e-01,8.752227252160661441e-01,-4.497806451314967369e-01,6.542175156704605143e+00,-9.779014468838674867e-01,1.063893506122831067e-01,-1.799724041588963430e-01,-1.550227559287684187e+00,-1.096640672781230563e-01,4.718754998319557581e-01,8.748184411672881300e-01,3.754782068325458244e+00
2.305493051900983636e-01,8.737466277836883899e-01,-4.282684302081979366e-01,6.565861656839195426e+00,-9.721649853990872447e-01,1.879484826690778210e-01,-1.398949928567201073e-01,-1.810328225518154088e+00,-4.174037661968375834e-02,4.486002656029340896e-01,8.927572697327232909e-01,3.723538673200999405e+00
2.504795680371724731e-01,8.757800637215902295e-01,-4.126369663320500480e-01,6.578157166006476153e+00,-9.660660353339123319e-01,1.983448925113162065e-01,-1.654560938402949433e-01,-2.032972090098946083e+00,-6.305871367325298349e-02,4.400779290108522979e-01,8.957427169826146507e-01,3.709820124997118551e+00
1.965353331854941266e-01,8.809236655889960410e-01,-4.305198697097638028e-01,6.592242082064238673e+00,-9.764330599724715398e-01,1.359101027741232426e-01,-1.676511955123522468e-01,-2.241145655738326248e+00,-8.917590595256280617e-02,4.533232173286217970e-01,8.868741277252196742e-01,3.693636723659920573e+00
1.716411528435939082e-01,8.694303319565730437e-01,-4.632820010796921406e-01,6.638641468769414189e+00,-9.814073414131446738e-01,1.098967887225946322e-01,-1.573604971040782619e-01,-2.460817922440968530e+00,-8.590078504241446811e-02,4.816778941391681723e-01,8.721281221396061101e-01,3.689583779860307278e+00
1.778065227506879231e-01,8.735704582992493972e-01,-4.530557304064777857e-01,6.681862730712467169e+00,-9.811553961963709325e-01,1.219946328647871503e-01,-1.498379059748438935e-01,-2.667150639467853690e+00,-7.562360069481809111e-02,4.711602317036362453e-01,8.787998105819828654e-01,3.691810181807116287e+00
1.588166387373925736e-01,8.958108838864644596e-01,-4.150905149129602290e-01,6.675243013104918965e+00,-9.855343387499927443e-01,1.186495341811841520e-01,-1.210138635991777345e-01,-2.903044610296592332e+00,-5.915523987584490190e-02,4.283049711935855708e-01,9.016959073025093696e-01,3.660133498212289282e+00
1.562097350218597525e-01,9.075457897866591184e-01,-3.898193916737698883e-01,6.689463383128602558e+00,-9.811338704566509028e-01,9.705801306308364795e-02,-1.672006888233294186e-01,-3.086946807554856953e+00,-1.139071855817260642e-01,4.085833838285082287e-01,9.055853198523585723e-01,3.641032435689032898e+00
6.716587210721415568e-02,9.236466581866623615e-01,-3.773136579090223264e-01,6.704294013658028462e+00,-9.906066428791435730e-01,1.658774269693658043e-02,-1.357325527496299755e-01,-3.260155380482001153e+00,-1.191101368809059508e-01,3.828860112524740122e-01,9.160846454773622360e-01,3.639418820091210538e+00
7.868277081616886770e-02,8.946594856086939052e-01,-4.397651946062532957e-01,6.695195880565936619e+00,-9.879228945740490264e-01,1.091105304983544869e-02,-1.545616488582272074e-01,-3.483352467251334073e+00,-1.334817438945133106e-01,4.466154427824114981e-01,8.847131005671569071e-01,3.607945061446467427e+00
9.744450453234779208e-02,8.913824926070683663e-01,-4.426531603976787688e-01,6.704958982441622695e+00,-9.935291395230380074e-01,6.105030849325621123e-02,-9.577425933666951219e-02,-3.742961327813868699e+00,-5.834738601732314400e-02,4.491214888050741871e-01,8.915634979284768891e-01,3.607366564003038789e+00
1.051945844023742249e-01,9.039122459054503844e-01,-4.145802107126850822e-01,6.713705647962011192e+00,-9.942304300051071353e-01,8.680278662205755114e-02,-6.301688889895347423e-02,-4.021668802362701634e+00,-2.097502000640630304e-02,4.188172966065373815e-01,9.078282439971366857e-01,3.600606102913427087e+00
1.335689995342233538e-01,9.028914545223348798e-01,-4.085906799156914793e-01,6.705560056809083846e+00,-9.884526419869086311e-01,9.160159207685880656e-02,-1.207084209079166554e-01,-4.275531809975302799e+00,-7.155904493859961690e-02,4.199954400699195123e-01,9.047005766594560239e-01,3.577242598959355480e+00
6.553633031151089028e-02,9.157058232928402264e-01,-3.964692101498931698e-01,6.730874735427000211e+00,-9.941955292668749333e-01,2.594663810542700150e-02,-1.044127461413704161e-01,-4.540830306124120419e+00,-8.532431655194623599e-02,4.010107444428462897e-01,9.120910830867384744e-01,3.556301394878925937e+00
3.737258161334351680e-02,9.013410452766069669e-01,-4.314946236550640801e-01,6.758871096787863131e+00,-9.956134866593669974e-01,-3.477936416701708777e-03,-9.349700070193504853e-02,-4.822909988054055574e+00,-8.577339520813079266e-02,4.330960910213263459e-01,8.972573212944651155e-01,3.564852892328213674e+00
8.136380799306963674e-02,8.950750387205685943e-01,-4.384297045231281276e-01,6.766557328817820682e+00,-9.959182483787849538e-01,5.576745865377835676e-02,-7.097064957734051938e-02,-5.027163679057914614e+00,-3.907394649888009525e-02,4.424145856712569658e-01,8.959590175283325131e-01,3.545703568536704431e+00
9.810398371333306500e-02,9.130907449819481991e-01,-3.957788521483717736e-01,6.741238187343426169e+00,-9.951293828595894064e-01,8.615148634668123862e-02,-4.791067490391064110e-02,-5.261793120294989912e+00,-9.649857463433917509e-03,3.985513929577545467e-01,9.170952335621262996e-01,3.549917100813398285e+00
8.476697472612974849e-02,9.242989771379283015e-01,-3.721370189292606545e-01,6.771490338204614545e+00,-9.948796147323986094e-01,5.788331972330682668e-02,-8.284970421022272435e-02,-5.445933812147872644e+00,-5.503737081012808480e-02,3.772544528028620170e-01,9.244728041725855938e-01,3.528395194238973964e+00
7.904013260830495755e-03,9.177347353675210373e-01,-3.971152000040752972e-01,6.740272645214455238e+00,-9.989443765833069255e-01,-1.072442627362491657e-02,-4.466675691929870157e-02,-5.620282724186180801e+00,-4.525106702563739397e-02,3.970490425388353284e-01,9.166811870830762210e-01,3.544925779268913502e+00
2.523320457323962457e-02,8.987492332331924461e-01,-4.377363374792086481e-01,6.774160743990760736e+00,-9.990756261339766020e-01,7.427992979311700758e-03,-4.234050289379744092e-02,-5.925267476554995305e+00,-3.480199206892289898e-02,4.384000920198879436e-01,8.981058849963019508e-01,3.560175605990729242e+00
6.750810853975432180e-02,8.903534871746362489e-01,-4.502369633396922644e-01,6.785653664101535476e+00,-9.973912180379037595e-01,7.178536312085415094e-02,-7.590772192048058850e-03,-6.098750337229110308e+00,2.556195341223257284e-02,4.495748319441048579e-01,8.928768431425372354e-01,3.553362443739342957e+00
4.306619047184518517e-02,8.874920661119287679e-01,-4.588062072668810387e-01,6.797814167258271922e+00,-9.988453159091073008e-01,2.846077365056828151e-02,-3.870425363760678777e-02,-6.334433196938723754e+00,-2.129173841366120007e-02,4.599432757977758857e-01,8.876929902414107953e-01,3.572076505328996898e+00
-1.467811869928541992e-02,8.941743153589716275e-01,-4.474783196801400686e-01,6.808582725165955196e+00,-9.981483983663029802e-01,-3.952284693075872046e-02,-4.623547782027925823e-02,-6.546565412501496262e+00,-5.902819385879434083e-02,4.459711182608129265e-01,8.930987817744299173e-01,3.560614560330255696e+00
-1.268858978456061104e-01,8.649812078870802168e-01,-4.854971461606336081e-01,6.781822818782695883e+00,-9.876143895071903822e-01,-1.557088984089951555e-01,-1.930172517145826994e-02,-6.773814704238231066e+00,-9.229185536249555344e-02,4.770348508845686508e-01,8.740251509397699570e-01,3.562056866963212443e+00
-2.009176179370524840e-01,8.596181327092303759e-01,-4.697752406417283755e-01,6.780372749054728310e+00,-9.678575903358286325e-01,-2.482469775828408387e-01,-4.031281372349952014e-02,-6.967649082178715148e+00,-1.512739092898106319e-01,4.465759779012724584e-01,8.818651259289610467e-01,3.550685359523842788e+00
-2.116928047141091174e-01,8.747390321107149092e-01,-4.359102913837676896e-01,6.744330105134291209e+00,-9.690607749100746959e-01,-2.457847949567327495e-01,-2.260639508546541387e-02,-7.146940860114135319e+00,-1.269148177438614300e-01,4.176379535795137210e-01,8.997061569017744675e-01,3.539392172155519933e+00
-2.915332500545657624e-01,8.597434805629886601e-01,-4.193441447570928071e-01,6.672210609769811285e+00,-9.390112026702076564e-01,-3.408075624999907238e-01,-4.591477542864396549e-02,-7.271686644035409763e+00,-1.823905846595985647e-01,3.803831659948299637e-01,9.066654960101225846e-01,3.510869540850430681e+00
-4.718536538962390114e-01,7.878963125023579206e-01,-3.956937326392127030e-01,6.594182163797490226e+00,-8.401197000270868021e-01,-5.379510346026361578e-01,-6.933667136767238115e-02,-7.366935110978554135e+00,-2.674939605508205864e-01,2.997133382336152896e-01,9.157613750064482749e-01,3.422488662018284611e+00
-6.070677654421179348e-01,6.789663165030408454e-01,-4.128843290988457038e-01,6.531787083877070188e+00,-7.214704967558798199e-01,-6.887156227456887603e-01,-7.177125675951141759e-02,-7.491897538781812749e+00,-3.330901536700473509e-01,2.543138455536937959e-01,9.079512197732643175e-01,3.399505697866085363e+00
-6.806825067126439643e-01,5.913612443070924707e-01,-4.323924187436179456e-01,6.419867697403013551e+00,-6.166290029623232583e-01,-7.811731114904688633e-01,-9.765880702726335849e-02,-7.577485045184656265e+00,-3.955249647760311071e-01,2.001510644884609003e-01,8.963813661734929550e-01,3.323775502332491083e+00
-6.870060274757383567e-01,5.901548731334946840e-01,-4.239574789159775148e-01,6.262798306490340750e+00,-5.991348012896910991e-01,-7.901771646524222703e-01,-1.290640861952644936e-01,-7.652560118035497183e+00,-4.111693180376737589e-01,1.653398747388079293e-01,8.964387975348857562e-01,3.244106567038700373e+00
-7.336446147162117848e-01,5.147042835056228061e-01,-4.436722662493817193e-01,6.090908480514504397e+00,-5.087386905266491066e-01,-8.488708091486758534e-01,-1.435384761536087350e-01,-7.721106743200980560e+00,-4.505003041720724855e-01,1.204070177200350367e-01,8.846194809208304255e-01,3.185064050563337190e+00
-7.764134932565222025e-01,4.098658274817968405e-01,-4.787401079415259386e-01,5.951216086620870982e+00,-3.964277826132994731e-01,-9.081487379805548432e-01,-1.345766802853509136e-01,-7.748379911571560363e+00,-4.899256072726810851e-01,8.529872898809548465e-02,8.675811352095619267e-01,3.113655388724807516e+00
-8.082373906740552005e-01,3.895179575994818233e-01,-4.416198376702757944e-01,5.755616201156617429e+00,-3.650221804279363269e-01,-9.199010273289071060e-01,-1.433209953735107844e-01,-7.790786294260094280e+00,-4.620726437607275972e-01,4.536364873714072293e-02,8.856811002055012816e-01,2.982666386968169103e+00
-8.106616902286408743e-01,3.864116466258948890e-01,-4.399018792270675826e-01,5.546478591190355800e+00,-3.785493341176632276e-01,-9.190568619668050276e-01,-1.097036285215776674e-01,-7.887399904613384471e+00,-4.466856004335885144e-01,7.759203453699824171e-02,8.913200606637865508e-01,2.859872783242584315e+00
-7.641308762431837653e-01,5.063967946454830393e-01,-3.995826451994662354e-01,5.420817971631290533e+00,-4.836548983134257296e-01,-8.596525992741484989e-01,-1.645458838702068827e-01,-7.950513049799816656e+00,-4.268277677345426180e-01,6.752551320780721122e-02,9.018083841685948787e-01,2.762255985364278743e+00
-6.450749119379911578e-01,6.791314198973321670e-01,-3.502268871694808605e-01,5.252655419633174283e+00,-6.704235524336680241e-01,-7.229359463436976219e-01,-1.670205910250606163e-01,-8.064154624832189810e+00,-3.666205372458178902e-01,1.270595608066266702e-01,9.216535410213630986e-01,2.674730137228540361e+00
-4.692617341703355649e-01,8.056636130816291486e-01,-3.615239513499791113e-01,5.150639736425032922e+00,-8.242205342554340675e-01,-5.465470127207217033e-01,-1.481447731030005599e-01,-8.206097195995551985e+00,-3.169446887946448799e-01,2.284567911932307849e-01,9.205180925992496599e-01,2.613901428854547238e+00
-3.753241416185319479e-01,8.588497961448225970e-01,-3.485811474826291390e-01,5.059449149195775597e+00,-8.924741543625873685e-01,-4.363899672554877318e-01,-1.142527035721102174e-01,-8.437857026132949301e+00,-2.502432267077271399e-01,2.682178669305013696e-01,9.302889354099399544e-01,2.560241679275088611e+00
-3.222256590697330503e-01,8.780885378253980855e-01,-3.537388081292868747e-01,4.946088966537191212e+00,-9.240677689276284301e-01,-3.729035293235818949e-01,-8.391493458931781335e-02,-8.637337217805626466e+00,-2.055951922253768938e-01,2.998390861073125246e-01,9.315724015749632381e-01,2.498570745665836590e+00
-2.892867179769938457e-01,8.728695880118328976e-01,-3.929527670422363617e-01,4.808842421604511586e+00,-9.373813847658902798e-01,-3.415031734793851914e-01,-6.849614586156639595e-02,-8.818470702046921517e+00,-1.939828195910136277e-01,3.485315836872743822e-01,9.170040353651467413e-01,2.435448809624908506e+00
-2.872085798362108977e-01,8.779238554618177259e-01,-3.830938992982296232e-01,4.699124651132644104e+00,-9.390950649047592469e-01,-3.368723129642876568e-01,-6.795221725311957617e-02,-9.100579517579580724e+00,-1.887106004971407514e-01,3.402451304120985842e-01,9.212065786189682637e-01,2.370842298230609657e+00
-3.515913451597866279e-01,8.414521752506556318e-01,-4.102947267205239168e-01,4.525226336786992931e+00,-9.113682310109130214e-01,-4.078403507213405055e-01,-5.544543107895352069e-02,-9.271781142509690099e+00,-2.139894238339112298e-01,3.544354455883769184e-01,9.102659179590336658e-01,2.305909176846387520e+00
-4.900285946290427463e-01,7.623202517996254812e-01,-4.227763121817951775e-01,4.426668335129221532e+00,-8.312409381850480727e-01,-5.546980318778532704e-01,-3.672323673200546257e-02,-9.466857554191722812e+00,-2.625080553642588077e-01,3.334335422943964788e-01,9.054896983079868678e-01,2.253547187052233447e+00
-5.976458329937679448e-01,6.574273806722914504e-01,-4.589212322910687925e-01,4.319104313680479201e+00,-7.278903109056437115e-01,-6.848885612862817274e-01,-3.321677150010460267e-02,-9.569434991125163492e+00,-3.361475176092620920e-01,3.141924533810040998e-01,8.878558152332840514e-01,2.215454651125087882e+00
-7.173765382214687403e-01,5.209686335146079816e-01,-4.625608990212009553e-01,4.146858528076329264e+00,-5.727205820528717961e-01,-8.190354942934902072e-01,-3.423439762045694251e-02,-9.647081974967914419e+00,-3.966888419181965331e-01,2.403591936692616726e-01,8.859263065945527371e-01,2.126883362934385513e+00
-8.034134695966824724e-01,3.808758414994037333e-01,-4.576684282673860737e-01,3.978483563953460145e+00,-4.181396740929749778e-01,-9.081229100718123393e-01,-2.172540338224341824e-02,-9.671469649496327037e+00,-4.238938662212979880e-01,1.739148457286536220e-01,8.888574782354827786e-01,2.032838965692647104e+00
-8.506785090508582892e-01,2.166431407592364078e-01,-4.789695437091803787e-01,3.859119881360974613e+00,-2.395279598065914728e-01,-9.707930245164019256e-01,-1.368429834467050840e-02,-9.684838061627022654e+00,-4.679449013611530761e-01,1.030856591009028378e-01,8.777248522047418344e-01,1.967930636212712248e+00
-8.903659194301613011e-01,3.231562763440302966e-02,-4.540971589075140646e-01,3.665963664211005835e+00,-1.714447183103359057e-02,-9.991499880267027400e-01,-3.748824498255474980e-02,-9.670096911767371850e+00,-4.549226270509268977e-01,-2.559299976227327744e-02,8.901631321057136281e-01,1.859927787647192909e+00
-8.740610302341218496e-01,-9.240882310109486963e-02,-4.769464590906760670e-01,3.478090925624834462e+00,1.070338098184819564e-01,-9.942491665014552282e-01,-3.515461121943620672e-03,-9.655254909330643898e+00,-4.738787597917896721e-01,-5.412212416590389541e-02,8.789253191790348252e-01,1.775736296249918800e+00
-8.730993767621608725e-01,-1.050072471677367947e-01,-4.760997336060775464e-01,3.328505478182417487e+00,1.350803158711608720e-01,-9.904019985692651407e-01,-2.927779865614620058e-02,-9.634306190529269287e+00,-4.684557466417417215e-01,-8.987413016133392885e-02,8.789037798110066468e-01,1.659512117760460814e+00
-8.845118392201647417e-01,-9.173897343707003438e-02,-4.574087526841519868e-01,3.102940900059368179e+00,1.075557057342904077e-01,-9.941619163568353734e-01,-8.593848363825574987e-03,-9.553188451044649199e+00,-4.539499713000960668e-01,-5.679828182625207278e-02,8.892150351507952522e-01,1.566442685082935382e+00
-8.777772145421491867e-01,-9.466561861700487079e-02,-4.696228085202884261e-01,2.943138440951544421e+00,1.276978281595154696e-01,-9.910496761281422096e-01,-3.890763587837910847e-02,-9.492773793008266736e+00,-4.617363168670693963e-01,-9.412204894795679622e-02,8.820094180834319175e-01,1.483180632441583713e+00
-8.743420429994849252e-01,-1.696837848927879866e-01,-4.546794530083175800e-01,2.715859307283067459e+00,2.199349834706384177e-01,-9.736949614544598841e-01,-5.955438761304893136e-02,-9.415983519194110585e+00,-4.326136785739151946e-01,-1.520708229169999981e-01,8.886618422820313778e-01,1.394722797140159454e+00
-8.574420532883024748e-01,-2.029157387586843220e-01,-4.728829963286427795e-01,2.508596435010008729e+00,2.545684658553721280e-01,-9.659063241665497568e-01,-4.711548712582405707e-02,-9.382179949156991938e+00,-4.472002028675524654e-01,-1.607798989273196699e-01,8.798646501912343876e-01,1.303812674828034979e+00
-8.710286957964533672e-01,-1.850625224008244085e-01,-4.550394201624424206e-01,2.315825398156876158e+00,2.279967545113426308e-01,-9.728070521175405938e-01,-4.079116672360162676e-02,-9.319601860944867866e+00,-4.351166407199591468e-01,-1.392777877230347849e-01,8.895365123566079113e-01,1.186132116624912358e+00
-8.870016683684841530e-01,-1.501153705113141557e-01,-4.366845724865652811e-01,2.067983412049029912e+00,1.898189131642608329e-01,-9.806222923316092466e-01,-4.846338811346429659e-02,-9.198938311094011056e+00,-4.209475270347388665e-01,-1.258780970564321589e-01,8.983083458171763347e-01,1.081446667212672796e+00
-8.741810521998463201e-01,-1.868060080245659837e-01,-4.482309709744443094e-01,1.881364567947050093e+00,2.320854956108972522e-01,-9.715231601519174198e-01,-4.773962730765167473e-02,-9.095952330564566424e+00,-4.265487201971323028e-01,-1.457609846781893759e-01,8.926421033336012778e-01,9.748206202299152245e-01
-8.760967210298407082e-01,-2.253061606668430861e-01,-4.262530578967449468e-01,1.703963046670316395e+00,2.805439425351864968e-01,-9.572380016452847196e-01,-7.064350297765033260e-02,-9.021878041983010021e+00,-3.921092089043215489e-01,-1.814732547008135743e-01,9.018413530775373221e-01,8.942110732750394586e-01
-8.497051663792316578e-01,-2.847177798021984230e-01,-4.437757497801636530e-01,1.472037571680130830e+00,3.379353796214836225e-01,-9.401462520902025277e-01,-4.387144721600125252e-02,-8.942376392668252905e+00,-4.047231268762919165e-01,-1.872453218247385476e-01,8.950633385555624155e-01,7.946171555135128628e-01
-8.507363509615204489e-01,-2.860660793262506107e-01,-4.409238703127574821e-01,1.332053049115895282e+00,3.479907580309871684e-01,-9.352670349960459095e-01,-6.463749356775405630e-02,-8.889202232692051453e+00,-3.938909664839913005e-01,-2.084268972772234663e-01,8.952140163188350153e-01,7.176796529241783462e-01
-8.418819735904629065e-01,-3.137603353370748138e-01,-4.390776634179777704e-01,1.137508236744247059e+00,3.851936018861246702e-01,-9.192116026405269258e-01,-8.170629496572071049e-02,-8.734319508127040166e+00,-3.779690881665033753e-01,-2.379169635402203775e-01,8.947261518757491094e-01,6.604756976847769856e-01
-8.293976294090493750e-01,-3.653008474308764852e-01,-4.226758370157089328e-01,9.334663101416382780e-01,4.418426259495602526e-01,-8.919244819563035831e-01,-9.615514744918253476e-02,-8.597400141297066867e+00,-3.418693701176565014e-01,-2.665070531022793454e-01,9.011655366369145659e-01,6.079522966876721446e-01
-7.579489488972787070e-01,-4.934067143793766097e-01,-4.266886512093519546e-01,8.088504024943834469e-01,5.729717908714472285e-01,-8.162331247644323273e-01,-7.393789896159257136e-02,-8.485669871094229322e+00,-3.117959552833771686e-01,-3.005217134295576353e-01,9.013711677362947761e-01,5.758534999019636613e-01
-7.060599409926792136e-01,-5.819695101477111443e-01,-4.034734799015231577e-01,6.779154095122192913e-01,6.501976060550218595e-01,-7.585044484860465897e-01,-4.375013951056910821e-02,-8.356541441898240663e+00,-2.805751820915913797e-01,-2.932277116599138478e-01,9.139447884358021801e-01,5.426544755283222443e-01
-6.277019086914144008e-01,-6.699454247723495293e-01,-3.964384462331433934e-01,5.603945605724449663e-01,7.405299237163593951e-01,-6.709052375976231053e-01,-3.875040960709154325e-02,-8.199897121257764709e+00,-2.400119703385545089e-01,-3.178982384202078126e-01,9.172431324918906004e-01,5.081597075155260823e-01
-5.722164033774642666e-01,-7.241013967558483921e-01,-3.850266937784780352e-01,4.455496197482571863e-01,7.960251435091485472e-01,-6.033266034270533540e-01,-4.838368008339287429e-02,-7.970519504892170204e+00,-1.972621570575446570e-01,-3.341768645693515283e-01,9.216362973427231209e-01,4.565014394025185829e-01
-4.540778518188478552e-01,-8.017853917902303396e-01,-3.885273349448719604e-01,3.613821037839612393e-01,8.733674044610809650e-01,-4.867943771332157721e-01,-1.614345738671029221e-02,-7.762603237642367482e+00,-1.761893337080651101e-01,-3.466574965340710746e-01,9.212957716087929461e-01,4.509078370372425759e-01
-2.261333173003326202e-01,-9.016025233099610459e-01,-3.687500681597979391e-01,3.283216869797687121e-01,9.704154444260724155e-01,-2.413916595901560713e-01,-4.892024085807950180e-03,-7.573477354888092705e+00,-8.460252966721935886e-02,-3.589470109102723128e-01,9.295157101052626825e-01,4.416721760499557892e-01
-4.421885324496106773e-02,-9.393827672391038552e-01,-3.400069258587268273e-01,3.050559643470270310e-01,9.984160769141795511e-01,-5.340436480119687551e-02,1.770059828021591092e-02,-7.325204028724659366e+00,-3.478549089774998077e-02,-3.386856808818198838e-01,9.402563369574401531e-01,4.728426155233995676e-01
-2.558206764149030185e-02,-9.320310312783952611e-01,-3.614743622296259229e-01,3.661518825388864751e-01,9.996477614030686576e-01,-2.129508651083430321e-02,-1.583895237467948525e-02,-7.080728595392255187e+00,7.064767301013416025e-03,-3.617522301584673583e-01,9.322475063191965061e-01,4.926695504558545879e-01
1.534349379025341104e-02,-9.431564583986437045e-01,-3.319946869744058171e-01,3.718258745461960335e-01,9.998628743014560394e-01,1.654146919684353761e-02,-7.825537927252521541e-04,-6.802416519089693914e+00,6.229750551756029799e-03,-3.319371548617826573e-01,9.432809313403565099e-01,5.109155233526039286e-01
4.833112451977476104e-02,-9.431972647974516955e-01,-3.286989839979085337e-01,4.601230475471506653e-01,9.987181885605844744e-01,5.058784835678323960e-02,1.688027515723143374e-03,-6.575476512583661837e+00,1.503603142178202602e-02,-3.283592381481512668e-01,9.444332313519316902e-01,5.540567667850149203e-01
1.194681209481911616e-01,-9.412494277722039948e-01,-3.158747897436650076e-01,4.641608491953774784e-01,9.913451764680329958e-01,1.305306559029811297e-01,-1.401745209016619538e-02,-6.253896877768575280e+00,5.442526224715014266e-02,-3.114663105185431768e-01,9.486973322621382598e-01,5.946555076980200027e-01
1.477190260382222342e-01,-9.317566228905169723e-01,-3.316755719765560051e-01,4.577841490389404910e-01,9.870403291006829560e-01,1.601428079747132804e-01,-1.027958086634661421e-02,-6.079603619322478281e+00,6.269352498570199272e-02,-3.258586760447395037e-01,9.433375033206510274e-01,5.854322989958167245e-01
1.019324980231424010e-01,-9.164778088029826852e-01,-3.868826589787183745e-01,4.887563363026636298e-01,9.890897568351315616e-01,1.349483962429165462e-01,-5.907946576673849676e-02,-5.873479829675234853e+00,1.063542136945248573e-01,-3.766395575655138717e-01,9.202344401869970714e-01,6.081975600267950366e-01
1.324995490581466762e-01,-9.080902552900657065e-01,-3.972605665638220818e-01,5.010806050294179803e-01,9.838820812739967892e-01,1.690543858732163618e-01,-5.828091252696705749e-02,-5.606387818806280343e+00,1.200829698472447443e-01,-3.831353584103805998e-01,9.158533602539313812e-01,6.432126160429312289e-01
1.999213862451653390e-01,-9.097315283177656031e-01,-3.638955697812654155e-01,5.678070788208267050e-01,9.732999316930196487e-01,2.271361228671594790e-01,-3.311230368361718635e-02,-5.390304760222345060e+00,1.127771354848717822e-01,-3.475596755572988861e-01,9.308510029206256142e-01,6.636997205495174246e-01
2.140792101284982596e-01,-9.077243317541850987e-01,-3.608415571025244684e-01,6.111020414690546687e-01,9.641849685364867195e-01,2.555790543092074651e-01,-7.089917803968906473e-02,-5.083699577738061137e+00,1.565804529277231849e-01,-3.327399653480584418e-01,9.299283183241193740e-01,7.020267741215442392e-01
2.500518385138864041e-01,-9.001340773356143465e-01,-3.566969594417447875e-01,6.565874457777568507e-01,9.593440737648594174e-01,2.801341875814823412e-01,-3.440617793805402641e-02,-4.843525984118576488e+00,1.308931861789136009e-01,-3.335917861207363666e-01,9.335863613210680922e-01,7.519520365433514097e-01
1.850762743812854327e-01,-9.093574690874783872e-01,-3.725798787856869354e-01,7.132979204528157036e-01,9.694721904112637567e-01,2.310020481079419485e-01,-8.222971354152119883e-02,-4.582975762887350868e+00,1.608429192732089008e-01,-3.459870621638184707e-01,9.243497758613482551e-01,7.864154311703843714e-01
1.723025072830397519e-01,-9.087992917994379694e-01,-3.799943331272405689e-01,8.098450412110625996e-01,9.769260868927459596e-01,2.070796310066105317e-01,-5.228237915962766214e-02,-4.309670725729771945e+00,1.262032754424516345e-01,-3.622179918874878224e-01,9.235100755382126270e-01,8.471664483526790690e-01
2.182157035627586006e-01,-8.996325680326969776e-01,-3.782104562984786589e-01,8.874439133708794669e-01,9.687239289191399427e-01,2.465963286817489664e-01,-2.764417154023982373e-02,-4.069434031637825022e+00,1.181349070261364931e-01,-3.603491268417003957e-01,9.253067872475339017e-01,8.983158390412205874e-01
2.705646481857655883e-01,-8.835519865265516470e-01,-3.822703993995554272e-01,9.290794781971969396e-01,9.500659112650921001e-01,3.091845972131874731e-01,-4.218588742870456321e-02,-3.876111627330670828e+00,1.554655441058935550e-01,-3.517680655646580612e-01,9.230870449988773929e-01,9.652681131860182395e-01
2.725316699032716006e-01,-8.876537450675847651e-01,-3.712106110649638357e-01,1.000687758024635166e+00,9.504365610314124968e-01,3.083820887528596066e-01,-3.963370776503014753e-02,-3.620699168919967459e+00,1.496557127359824102e-01,-3.420106960372918947e-01,9.277024584647681760e-01,1.014626356779595451e+00
2.300079115281193909e-01,-9.029079267802743169e-01,-3.631165603381619200e-01,1.065645873718275682e+00,9.586893268384160116e-01,2.743858453107650419e-01,-7.501454858359141165e-02,-3.385878648987197259e+00,1.673652748946929669e-01,-3.308620311405373604e-01,9.287191077548607732e-01,1.044792578731778443e+00
2.502584204849364058e-01,-9.048246152476870918e-01,-3.444751640078831390e-01,1.174312316704561265e+00,9.612339657596872255e-01,2.747447249301926964e-01,-2.333664913682689107e-02,-3.158092828657612650e+00,1.157583087570286384e-01,-3.252810350526231242e-01,9.385053341291189621e-01,1.112472430995325112e+00
2.996297376543515800e-01,-8.951895038828663331e-01,-3.299360126617435496e-01,1.272018060210597046e+00,9.485108063026596037e-01,3.167384333257290963e-01,2.003791765420333010e-03,-2.937361627478184634e+00,1.027096423918474333e-01,-3.135482689990621297e-01,9.440011718040571820e-01,1.115509485479960539e+00
3.739737532849830570e-01,-8.737059803089504140e-01,-3.110972385385583627e-01,1.365926725591554369e+00,9.209564799577525385e-01,3.894358121823714991e-01,1.337573226706609449e-02,-2.663312312306951313e+00,1.094659484852094217e-01,-2.915091905278980877e-01,9.502839564887989310e-01,1.199001969293466141e+00
3.944145494409338482e-01,-8.606798977805190098e-01,-3.219740311668298216e-01,1.430092546291522826e+00,9.102901015249813543e-01,4.138786185359978886e-01,8.741863895705253781e-03,-2.490103050777785043e+00,1.257342206996270861e-01,-2.965376918289599484e-01,9.467081403842542153e-01,1.244878298327720900e+00
3.462931764035794280e-01,-8.776002909525110196e-01,-3.315098268473887777e-01,1.555570782130974328e+00,9.249125225755920887e-01,3.784896241477174739e-01,-3.581103175520582854e-02,-2.189995363501023196e+00,1.569008016524215121e-01,-2.942164742712167769e-01,9.427718730998738694e-01,1.293601175206826603e+00
3.717215624830383924e-01,-8.781870297202051256e-01,-3.010159809983025681e-01,1.679532273393772535e+00,9.245772581164013459e-01,3.793919373702182574e-01,3.490919123136178304e-02,-1.941942861064333670e+00,8.354623725293851277e-02,-2.912890294701707128e-01,9.529799198048217734e-01,1.370607420189900338e+00
4.358082271959883292e-01,-8.381819245918686878e-01,-3.279058559949165064e-01,1.728223733686416130e+00,8.907987529700490681e-01,4.537617276866439120e-01,2.403905559366803849e-02,-1.737952802874175084e+00,1.286420258519496151e-01,-3.025745458135907784e-01,9.444045073009808000e-01,1.402675101466683616e+00
4.717439499896151078e-01,-8.302777510816991002e-01,-2.968105485101730778e-01,1.786857554290855354e+00,8.717650507496432777e-01,4.896694855105624411e-01,1.579529206095695373e-02,-1.478587978040559969e+00,1.322245890130343826e-01,-2.662003963530761852e-01,9.548057430921758071e-01,1.471039989670716919e+00
4.933593649212264509e-01,-8.137305095011935219e-01,-3.073096076458570747e-01,1.870746721383675037e+00,8.551184017263208093e-01,5.184327500028194091e-01,5.247413634665129458e-05,-1.282754322561452387e+00,1.592766651884242324e-01,-2.628119891318509982e-01,9.516095850163645009e-01,1.492615248241682124e+00
5.032496803865443846e-01,-8.020841269201202106e-01,-3.215599672434800160e-01,2.001046493637381740e+00,8.402510618185130564e-01,5.410890473228843200e-01,-3.465250322953700862e-02,-1.109008971206665528e+00,2.017867991314125919e-01,-2.527522427398022908e-01,9.462549294383104659e-01,1.592900035537907488e+00
5.980548194883974489e-01,-7.399593993500193090e-01,-3.078806915028244884e-01,2.181123574586247393e+00,7.757253904946400658e-01,6.309961225041615940e-01,-9.695974765293101025e-03,-9.614449534988990242e-01,2.014461501956216205e-01,-2.330321452037670826e-01,9.513755661530814978e-01,1.678877455123096718e+00
7.462252809554685840e-01,-5.957675807136771917e-01,-2.969996966892430867e-01,2.318749116872679483e+00,6.254475299259159016e-01,7.802404759109209387e-01,6.339326452250990292e-03,-8.458389584506426084e-01,2.279544195064025502e-01,-1.904882923459328969e-01,9.548565301167668551e-01,1.709245156682665190e+00
9.267504935644870212e-01,-2.531801398159414518e-01,-2.775488055833756906e-01,2.474104995853464661e+00,2.674990979207633179e-01,9.634515010126040169e-01,1.433310183234549721e-02,-8.427286395697236587e-01,2.637759566176494652e-01,-8.752726431997463752e-02,9.606046131010969047e-01,1.767736146154234245e+00
9.556746171816113966e-01,-6.196603923153755356e-02,-2.878302208885210045e-01,2.592314019309701845e+00,7.185318013552534355e-02,9.971287502664256674e-01,2.390347038666458535e-02,-8.542478044454444586e-01,2.855225850597303272e-01,-4.352545662103870366e-02,9.573830936708367378e-01,1.827063977661218086e+00
9.082153591604860132e-01,2.852695098874632462e-01,-3.062126191285304833e-01,2.740358473634448622e+00,-3.035958595970892349e-01,9.527135621403405308e-01,-1.290048640038240525e-02,-9.800513985782979276e-01,2.880527997095187476e-01,1.046813032132706545e-01,9.518757320874832173e-01,1.874487977303364472e+00
7.930730246363436597e-01,5.414428317667336898e-01,-2.790606341327642737e-01,2.896478075225540572e+00,-5.573221376912583791e-01,8.298801475046991838e-01,2.628641506221801941e-02,-1.124400788086918457e+00,2.458194712251364211e-01,1.346796224601106984e-01,9.599136351050543414e-01,1.921896116010914035e+00
5.675988380706447067e-01,7.641561702493685493e-01,-3.064260212362366342e-01,2.963790384969418046e+00,-7.969567156811153685e-01,6.033665509596055632e-01,2.843938314868385553e-02,-1.254711152890152004e+00,2.066193416687358286e-01,2.280661146530241212e-01,9.514695449647638803e-01,1.964177359657885980e+00
3.652870439621994647e-01,8.759082533658439917e-01,-3.151985202994342372e-01,3.047602103369454252e+00,-9.238599577842747657e-01,3.826612446174161297e-01,-7.290423217204466087e-03,-1.444318300679772404e+00,1.142285162128701126e-01,2.938623888037474319e-01,9.489977568626619675e-01,1.985069384692437877e+00
2.418801273258588402e-01,9.069623851074206655e-01,-3.448379851540187557e-01,3.070193385237707684e+00,-9.656692315674412219e-01,2.597117860182193150e-01,5.720437673111549229e-03,-1.608235931688614562e+00,9.474671080713809035e-02,3.316157719462144993e-01,9.386447893573732770e-01,1.996561499010124585e+00
1.050584202744368062e-01,9.296442775610757048e-01,-3.531631995655601930e-01,3.084995083112371361e+00,-9.937566919970184376e-01,1.115514022295515384e-01,-1.980346374144064704e-03,-1.812311786830334004e+00,3.755483245310134444e-02,3.511663449970181539e-01,9.355596361006911499e-01,2.016022495812571869e+00
-1.280301907132822686e-02,9.389381439844035615e-01,-3.438477053490118784e-01,3.074061399576911491e+00,-9.997413158730020788e-01,-1.848498835377200902e-02,-1.325166186094675277e-02,-1.952623905032963458e+00,-1.879851162127404648e-02,3.435890961260013587e-01,9.389319192487520782e-01,2.023005740017271847e+00
-1.834741157301067738e-01,9.212516564080397430e-01,-3.429761426433285965e-01,3.041608143756453941e+00,-9.810336599279265712e-01,-1.937904133220556546e-01,4.270104551635971538e-03,-2.153460995359763430e+00,-6.253164755122490870e-02,3.372545941420341808e-01,9.393344089218834680e-01,2.021044781510341171e+00
-2.485035799533667489e-01,8.953182192176982745e-01,-3.696637081013073867e-01,3.003666932409383428e+00,-9.614673303913878755e-01,-2.743247096886968217e-01,-1.807003719607611081e-02,-2.383039562763078933e+00,-1.175863229309269675e-01,3.509291096376303543e-01,9.289898905093244563e-01,2.022414355426084498e+00
-2.588467842139248187e-01,8.958256630569865209e-01,-3.612405344235589677e-01,2.934654545195107378e+00,-9.627923620469288624e-01,-2.693503457626570952e-01,2.193761203116642577e-02,-2.577656405892186697e+00,-7.764798700676613097e-02,3.534781077323539966e-01,9.322145769444684094e-01,1.998191706716934579e+00
-2.558330314139706796e-01,8.998219216550537025e-01,-3.533694516317775203e-01,2.849415970848308888e+00,-9.646576259657351216e-01,-2.614903439374595684e-01,3.253405436798202655e-02,-2.779050831141125055e+00,-6.312784412355744446e-02,3.492038220530724879e-01,9.349179461106952305e-01,1.987895671541732634e+00
-2.449924758209030551e-01,9.017875806414306084e-01,-3.560306815318282081e-01,2.728588831805097037e+00,-9.627673372388340090e-01,-2.695689959568196570e-01,-2.028819274541712042e-02,-3.017550228528121714e+00,-1.142704736018340661e-01,3.378042566630947152e-01,9.342540034932199644e-01,1.940662244884653331e+00
-3.366432350506833315e-01,8.640283393452213856e-01,-3.743345577193587514e-01,2.649281945271358740e+00,-9.319603020409539251e-01,-3.625580879314212468e-01,1.276046724683950299e-03,-3.230229174870249409e+00,-1.346154809609295955e-01,3.492945199739745932e-01,9.272928397231432474e-01,1.917237610497845912e+00
-3.282368007327143844e-01,8.667478172293268113e-01,-3.755114165680563665e-01,2.595329884523367880e+00,-9.357584521321774540e-01,-3.526184249951091476e-01,4.045444000058193504e-03,-3.419175553235179521e+00,-1.289058645211366427e-01,3.527158455218088462e-01,9.268089395392647978e-01,1.885853376518595415e+00
-2.834097099439162326e-01,9.039129961361730414e-01,-3.203439272494962298e-01,2.542421157069361559e+00,-9.548688255936031988e-01,-2.969481403593030588e-01,6.879523722052211659e-03,-3.568467166593492834e+00,-8.890704257254376797e-02,3.078361534213887030e-01,9.472763273869615475e-01,1.843617059096664734e+00
-1.388514843128813292e-01,9.589277202121742061e-01,-2.473416517952247984e-01,2.538456826526027221e+00,-9.897310164568270396e-01,-1.429348807182002634e-01,1.461142500670815697e-03,-3.886208418407916643e+00,-3.395261944891968253e-02,2.450045862484094283e-01,9.689272275820333125e-01,1.830931082333982829e+00
-2.295854609059371984e-02,9.645644122982558466e-01,-2.628467228046122983e-01,2.550148561400996883e+00,-9.988423559871423274e-01,-3.324772754113404505e-02,-3.476401155509634133e-02,-4.107265747802271605e+00,-4.227118459965910346e-02,2.617443087080769115e-01,9.642111095665074627e-01,1.880368103797536161e+00
-3.337282835113348362e-02,9.648217088254674723e-01,-2.607783052842946869e-01,2.616916390126404313e+00,-9.992770939345035908e-01,-3.696506385235079351e-02,-8.881080576267130766e-03,-4.416588763868014134e+00,-1.820834604395249468e-02,2.602934002880107345e-01,9.653578620909719632e-01,1.903674466382119901e+00
1.539060591381140874e-01,9.468647043868464452e-01,-2.824184068841538164e-01,2.661505289457972268e+00,-9.867556273921505028e-01,1.621111769727238139e-01,5.770451493506577843e-03,-4.670441000411865495e+00,5.124701718632965197e-02,2.777898448232519746e-01,9.592739678228429101e-01,1.893642988160684881e+00
3.586854411361251604e-01,8.951688065294323149e-01,-2.646083183379794312e-01,2.758915188244443595e+00,-9.243588392286630206e-01,3.801038770004774858e-01,3.289040937783893614e-02,-4.877058207921748156e+00,1.300211161958673145e-01,2.327957269923055794e-01,9.637949257167252037e-01,1.932968069782964315e+00
5.260500216238098714e-01,8.155022562695521948e-01,-2.413036360456616847e-01,2.848745117497981205e+00,-8.298169697877199047e-01,5.543163060303646361e-01,6.432129912536459215e-02,-5.097036720413001376e+00,1.862127047274506897e-01,1.664016312664003128e-01,9.683157159263560132e-01,1.980325370425197962e+00
6.896124650151080893e-01,6.898985009675773217e-01,-2.201697219384952942e-01,2.968816280504251282e+00,-7.028614594924417203e-01,7.108530915086512803e-01,2.595478862839854101e-02,-5.240226417643694568e+00,1.744144972642421854e-01,1.368500663327599232e-01,9.751162199906142636e-01,2.000565876933111387e+00
7.575070337273116516e-01,5.991767588133856126e-01,-2.591723471968676584e-01,3.217154219599538845e+00,-6.060800003963173754e-01,7.929941410862134665e-01,6.186538064649321073e-02,-5.311441990842745042e+00,2.425904511172005673e-01,1.102157153078559826e-01,9.638476897964397550e-01,2.053133776874820793e+00
8.357693084093998914e-01,4.666326272697911559e-01,-2.893849586418822950e-01,3.377843933694965273e+00,-4.777350031449926759e-01,8.777792803135158195e-01,3.567634822031354874e-02,-5.397579743070076930e+00,2.706638688316653774e-01,1.084321272482289683e-01,9.565477217000217802e-01,2.113180825844888755e+00
8.835475878535131722e-01,3.808608316800511928e-01,-2.725595107315404442e-01,3.547039702558553387e+00,-3.736995225707614443e-01,9.241033632282222854e-01,7.988517322175836544e-02,-5.480677179941430666e+00,2.822982940589996437e-01,3.127300692715220820e-02,9.588168084723569518e-01,2.166759526149579340e+00
9.305425998233798346e-01,2.314620142490654287e-01,-2.837530720075280288e-01,3.796867616283420066e+00,-2.106028523186357915e-01,9.721955630205409982e-01,1.023827418973799613e-01,-5.554276203338347706e+00,2.995611932630771745e-01,-3.551229650327365761e-02,9.534159471541624464e-01,2.280743177641308517e+00
9.521438170214714392e-01,1.411778622523512106e-01,-2.710921668319426492e-01,3.969209255616106713e+00,-1.215064204239792583e-01,9.886718989750675757e-01,8.811393744909246095e-02,-5.596192366402871876e+00,2.804609447027032743e-01,-5.095770193884081173e-02,9.585118523573838978e-01,2.323247281742860881e+00
9.510122777978430308e-01,8.176715228842693084e-02,-2.981438919119399067e-01,4.129767531899511290e+00,-4.586171041207513094e-02,9.910322680925151007e-01,1.255059644697490429e-01,-5.557911809578613749e+00,3.057324827293237957e-01,-1.056843243155972251e-01,9.462338361093007855e-01,2.409136410652169769e+00
9.441600059467826211e-01,-9.083964709178102281e-02,-3.167176055839197035e-01,4.301674824494954308e+00,1.243436329625900866e-01,9.884011062273706516e-01,8.718895658380401703e-02,-5.550628368883434582e+00,3.051238176744573427e-01,-1.217021434681758302e-01,9.445041260698758823e-01,2.473114786043316027e+00
8.786783053278084399e-01,-3.067133175157128466e-01,-3.658570439457951018e-01,4.490962485196456022e+00,3.630347316619064735e-01,9.269397671521744098e-01,9.480744527218197548e-02,-5.438431088699901217e+00,3.100487370614783966e-01,-2.161240591197004235e-01,9.258294506636793875e-01,2.516145791184612790e+00
7.820402348634779566e-01,-4.745557833655097424e-01,-4.039924250886680057e-01,4.654088906415381643e+00,5.487015276235079897e-01,8.316612809751153801e-01,8.524169936396509828e-02,-5.331604419881975865e+00,2.955329163364118217e-01,-2.883336993852356755e-01,9.107820667758692590e-01,2.586272685741786592e+00
6.655849835932072800e-01,-6.474370631461967562e-01,-3.712436920404937335e-01,4.866009914240002843e+00,7.179073256879834330e-01,6.913652534653432769e-01,8.138278702727699820e-02,-5.123290946963686920e+00,2.039747566213934438e-01,-3.206857270996445464e-01,9.249621414392156238e-01,2.607775730078540910e+00
6.489644910440597325e-01,-6.604441292014499032e-01,-3.777017892031521162e-01,4.967687373693220110e+00,7.245727623310730392e-01,6.879123858902950195e-01,4.208160437338100135e-02,-4.911011835578113605e+00,2.320331904099965092e-01,-3.009818957048059906e-01,9.249705384530383379e-01,2.645816594788445109e+00
5.760530719899176200e-01,-7.197276339510030319e-01,-3.874983757104912274e-01,5.086140946654480466e+00,7.814131049671609874e-01,6.240085262833345858e-01,2.630306308993007186e-03,-4.772318043697441503e+00,2.399091862279520981e-01,-3.043115049632370006e-01,9.218666336897413105e-01,2.692307892908965439e+00
4.886927245005999731e-01,-7.856350045613578192e-01,-3.794167374115898772e-01,5.212615297141012682e+00,8.477430441680863238e-01,5.303696955899579457e-01,-6.302147605297737411e-03,-4.583591548591243736e+00,2.061823272853547384e-01,-3.185680862981874473e-01,9.252044219022678151e-01,2.699678519420279255e+00
4.637787119929849822e-01,-7.947431961804725109e-01,-3.915259358292553782e-01,5.292982939078769711e+00,8.609346996453295375e-01,5.085619564359270539e-01,-1.249717618768086090e-02,-4.410097869472671128e+00,2.090472416673617162e-01,-3.312823396906452444e-01,9.200822040232946586e-01,2.746214987308796651e+00
5.558653556899729731e-01,-7.424956243662235167e-01,-3.737832983704205136e-01,5.376667622283760828e+00,8.099899854708643154e-01,5.848851227271850695e-01,4.272723545131296152e-02,-4.266499545375027402e+00,1.868955049768904475e-01,-3.265113183481028192e-01,9.265313967751016566e-01,2.782538315955798591e+00
6.260427109144997004e-01,-6.894786330717166400e-01,-3.642660273047439445e-01,5.541610300188058780e+00,7.455422919191794229e-01,6.661445236952000526e-01,2.044907114734645717e-02,-4.063197010910034379e+00,2.285546216350030635e-01,-2.843777208018422598e-01,9.310704038045856112e-01,2.857966231736110529e+00
6.505637621209822141e-01,-6.673022403048080031e-01,-3.625941415676455781e-01,5.636614890419560986e+00,7.230072696434961532e-01,6.903212642195178939e-01,2.677760648416091863e-02,-3.920580852680046746e+00,2.324376894086871981e-01,-2.795787406984824863e-01,9.315623695125332393e-01,2.898758162440039587e+00
5.804979402703464020e-01,-7.160867419404407519e-01,-3.876105253460094824e-01,5.784014540844610863e+00,7.824532847622815979e-01,6.223156862867030847e-01,2.213693217731114993e-02,-3.727064499144473686e+00,2.253641464532445127e-01,-3.161375722982530667e-01,9.215573974933799484e-01,2.923757849356194427e+00
5.415571937197606323e-01,-7.483568541561881338e-01,-3.829854106461903496e-01,5.880752895969549421e+00,8.179974676210034490e-01,5.741714433090137071e-01,3.474617466810822619e-02,-3.572610323528413900e+00,1.938967480284317646e-01,-3.320981368901320674e-01,9.231006871290401428e-01,3.017548757273528892e+00
5.234814273366292792e-01,-7.730965200356487710e-01,-3.581744909152167478e-01,6.030359224332176638e+00,8.316593053257236301e-01,5.550091251786888336e-01,1.754054826733098676e-02,-3.377954857941848577e+00,1.852295740391859957e-01,-3.070612995431941106e-01,9.334898838359796391e-01,3.072487050026938338e+00
4.910397225391553988e-01,-7.634874384384628954e-01,-4.194841144016579482e-01,6.121056682044629937e+00,8.446369587942763602e-01,5.351367654898374626e-01,1.473261890594343253e-02,-3.158825721724054958e+00,2.132332026852837015e-01,-3.615460877505772275e-01,9.076431169269300048e-01,3.094571205643802614e+00
3.696837435881867862e-01,-8.230263334728856739e-01,-4.312326334321207599e-01,6.192903172144711199e+00,9.082617321333218419e-01,4.179671508752598186e-01,-1.908105687305699030e-02,-3.013745868821601448e+00,1.959452874370788689e-01,-3.846181420570220499e-01,9.020389842638781852e-01,3.210741212534445221e+00
2.294681309701793737e-01,-8.630159424556218539e-01,-4.500531745655030336e-01,6.249971110287475540e+00,9.625216966248161254e-01,2.698811814449313951e-01,-2.676063206224312679e-02,-2.824122279674635472e+00,1.445557345646850400e-01,-4.270452329312700024e-01,8.926006994368455016e-01,3.249237323774501363e+00
-5.781223846594664428e-02,-8.849629998942157849e-01,-4.620586909709485379e-01,6.213684254973524723e+00,9.976668731231476128e-01,-3.437899152796088792e-02,-5.898216013506919070e-02,-2.585939669081947390e+00,3.631191755106092517e-02,-4.643905401273273892e-01,8.848857953905793217e-01,3.293573994981747077e+00
-2.591416299720077920e-01,-8.571202269695834541e-01,-4.451859523110094363e-01,6.164988355789777330e+00,9.572352474206916595e-01,-2.893106361800674153e-01,-1.920638677807038968e-04,-2.377442934432675070e+00,-1.286324092555828635e-01,-4.261974569524016876e-01,8.954381223604532813e-01,3.267223972638344520e+00
-3.198683567524298610e-01,-8.363517451756180554e-01,-4.451965775814071824e-01,6.069006366558106436e+00,9.360470525104903627e-01,-3.516742930401340894e-01,-1.187885100262548593e-02,-2.173541422751123164e+00,-1.466292939181020605e-01,-4.205246127831517300e-01,8.953540641604655903e-01,3.251578349688910574e+00
-5.213636493664619564e-01,-7.416404675902409371e-01,-4.220774359662135544e-01,5.916952404706863788e+00,8.251106179534010154e-01,-5.642930796034728580e-01,-2.767288297562559354e-02,-1.987498042354906236e+00,-2.176520463028998598e-01,-3.626882092709333705e-01,9.061373238069425629e-01,3.218177534686023744e+00
-6.110938198688466994e-01,-6.416900774637394056e-01,-4.634632539939720353e-01,5.806476442771081103e+00,7.442147598613959580e-01,-6.652179724188633791e-01,-6.024483691884679332e-02,-1.851588937629424114e+00,-2.696455720432743286e-01,-3.817314417958196371e-01,8.840658187159732284e-01,3.150726230647795223e+00
-7.234294525527648068e-01,-5.291488378167359397e-01,-4.434538697727241074e-01,5.667986040214286980e+00,6.257870132152779652e-01,-7.738827743229160783e-01,-9.744775881140381457e-02,-1.652342612412737166e+00,-2.916169427010495974e-01,-3.480042514732582526e-01,8.909840625321162610e-01,3.096990413391113250e+00
-7.721036387673751999e-01,-4.679460333735902533e-01,-4.299796284152318515e-01,5.527658172650996349e+00,5.597275457598840376e-01,-8.211503615892625785e-01,-1.114323031236355566e-01,-1.534774149891168671e+00,-3.009336231127962558e-01,-3.267087288575933890e-01,8.959354669664915116e-01,3.084854321158819523e+00
-7.316086666573655695e-01,-5.247389872958272417e-01,-4.351985226119007288e-01,5.377025948934364585e+00,6.169371593569437096e-01,-7.812391970869687619e-01,-9.515176477339143402e-02,-1.372590354009666891e+00,-2.900643036921568552e-01,-3.381039960524814258e-01,8.952923475473986148e-01,3.026959670177896911e+00
-7.100153340146627690e-01,-5.780223382763347573e-01,-4.022044280183956766e-01,5.184045242980214852e+00,6.658103360519497249e-01,-7.370236207138137763e-01,-1.161584216330755204e-01,-1.275747844770440675e+00,-2.292920013224083176e-01,-3.502661259149350004e-01,9.081513195311184949e-01,2.981225093097261691e+00
-7.369738367940631418e-01,-5.424164918397426094e-01,-4.033037481369389221e-01,5.046238961929097044e+00,6.321479193342764979e-01,-7.643421930583210733e-01,-1.271613934814277147e-01,-1.170030109170827615e+00,-2.392876343699800457e-01,-3.486622452905689951e-01,9.061876553708740900e-01,2.927630591457464515e+00
-7.653041078564055688e-01,-5.003198903847231316e-01,-4.049563307117560185e-01,4.892572301746854535e+00,6.027547072390401217e-01,-7.777798202355674650e-01,-1.781721474740221856e-01,-1.066732582191414647e+00,-2.258237928104314951e-01,-3.804452109302277063e-01,8.968082604888126808e-01,2.865660619370995033e+00
-7.792624441864285378e-01,-4.625303305329199755e-01,-4.228660975033355918e-01,4.738518887263001744e+00,5.603087386430107841e-01,-8.164500497110356303e-01,-1.395114107416421945e-01,-9.091650894625249446e-01,-2.807207874042648155e-01,-3.456515726334158933e-01,8.953886473789915978e-01,2.800894344586300377e+00
-7.655984069247619983e-01,-4.640583260641766294e-01,-4.455434314685606245e-01,4.564284727998413338e+00,5.810416170686901749e-01,-7.960760112663026744e-01,-1.692738122703347781e-01,-7.793024601102047644e-01,-2.761335158007203749e-01,-3.884750369030759987e-01,8.791117262070227145e-01,2.740871980438010169e+00
-7.287591705733433844e-01,-5.232508816913932215e-01,-4.417222952426458349e-01,4.261346723761855415e+00,6.210934418192610718e-01,-7.767245498859954855e-01,-1.046035856627266919e-01,-6.183191771328531150e-01,-2.883626325208506480e-01,-3.505816430071257983e-01,8.910328297835456990e-01,2.651503167198458133e+00
-7.503831392984738891e-01,-5.114307371497359700e-01,-4.187645464399342154e-01,4.038500079830297018e+00,6.039293639225196131e-01,-7.879778445417837673e-01,-1.198342184162056318e-01,-4.254084194650318285e-01,-2.686902820138951653e-01,-3.428257831753039331e-01,9.001533284621776598e-01,2.580000352533049046e+00
-7.386127819718942833e-01,-5.219411882847624362e-01,-4.266480449734045277e-01,3.833235567371233277e+00,6.271590028313480669e-01,-7.641257896080320133e-01,-1.509415874551749137e-01,-2.851746993018871024e-01,-2.472301427320840461e-01,-3.790635482709859838e-01,8.917331904201432069e-01,2.507496416257416261e+00
-6.829982326783158308e-01,-5.996247187902788989e-01,-4.170894517654158973e-01,3.683304198100791904e+00,7.013583763303340435e-01,-6.978570589208816788e-01,-1.452306898199270946e-01,-6.785908016943589804e-02,-2.039849065729445465e-01,-3.917214851523648789e-01,8.971869570833365115e-01,2.476020950834794121e+00
-5.478934228699441356e-01,-7.400148766907150844e-01,-3.901163665527009328e-01,3.633289715547982190e+00,8.251949351161048662e-01,-5.546608081059145601e-01,-1.067928228394519202e-01,1.220507280240357983e-01,-1.373539815024742983e-01,-3.804331350286380697e-01,9.145515368407096668e-01,2.474954243554245537e+00
-2.976081372469885911e-01,-8.775428490397089165e-01,-3.759626906272048319e-01,3.615218365222562458e+00,9.534690261658264054e-01,-2.931051766797407310e-01,-7.061282847985803079e-02,2.768863968080388926e-01,-4.823082817831102209e-02,-3.794837328566371126e-01,9.239404113417871711e-01,2.489154567599078938e+00
-1.215980910388461955e-01,-9.229664151719075837e-01,-3.651669491074258089e-01,3.617814465023348358e+00,9.922024871026419168e-01,-1.028891344999010860e-01,-7.034238117372977606e-02,4.561794208970576525e-01,2.735194404494056125e-02,-3.708730543819247494e-01,9.282806949896073023e-01,2.489961799169337464e+00
-2.100212244975008594e-02,-9.249485526347093201e-01,-3.795116412332578681e-01,3.617660259984328164e+00,9.943450124396341350e-01,2.020021928876657505e-02,-1.042590397860402029e-01,7.089337819969949717e-01,1.041004663247339507e-01,-3.795551687431501509e-01,9.192937325965709894e-01,2.526701289259063454e+00
1.090500641493564876e-01,-9.173077028739383687e-01,-3.829551693829953973e-01,3.682672248741915677e+00,9.894814886798477538e-01,1.370093929736420357e-01,-4.641992887655024130e-02,9.491634500197750901e-01,9.504981361860219413e-02,-3.738649548769338860e-01,9.225998745100397747e-01,2.650288296064183147e+00
2.110485481749491965e-01,-8.920613755995969729e-01,-3.996060716212904707e-01,3.753464775189937264e+00,9.630977968158278557e-01,2.596339703661185716e-01,-7.094247811023857153e-02,1.188644075510593590e+00,1.670363555689069190e-01,-3.698874201635945491e-01,9.139377179671391849e-01,2.708361932593355448e+00
2.773087036138637274e-01,-8.824063091402783998e-01,-3.800776085083528155e-01,3.814305355143445819e+00,9.452536820982845311e-01,3.214045271051303443e-01,-5.652084956863673293e-02,1.357042332032334375e+00,1.720330182832096599e-01,-3.435960354045986542e-01,9.232260855687595136e-01,2.745774320810758784e+00
2.833740321644233617e-01,-8.750571887938756177e-01,-3.923953035333562211e-01,3.894171778533093597e+00,9.392267389070962924e-01,3.359126864504442533e-01,-7.082231289349713577e-02,1.536043112943076494e+00,1.937841345848911878e-01,-3.484789569282543686e-01,9.170660422027326897e-01,2.770584349025913440e+00
2.811201015705730444e-01,-8.866863038646285444e-01,-3.670952015919480282e-01,4.002280668999900648e+00,9.318690751296326846e-01,3.436241238582178337e-01,-1.163721973656631076e-01,1.793347294933715030e+00,2.293284005743541631e-01,-3.093701020485892239e-01,9.228751945135689194e-01,2.881032628413466856e+00
3.727024355320200377e-01,-8.573835175768124151e-01,-3.549456272953799840e-01,4.101259790396054150e+00,9.019415834637671825e-01,4.246345565212753526e-01,-7.865668075154022554e-02,1.968906227861009439e+00,2.181611206594116503e-01,-2.908246846393721108e-01,9.315721809055071967e-01,2.945891925519487753e+00
4.737658526971121331e-01,-8.049115548499825579e-01,-3.573000219523646548e-01,4.160116703990344611e+00,8.378676038285770566e-01,5.369056387449362422e-01,-9.854041576149549786e-02,2.138587732314484846e+00,2.711527157760634799e-01,-2.526850291427533701e-01,9.287768735139751985e-01,2.966283684502021512e+00
5.226598341681329973e-01,-7.782060755673925190e-01,-3.481695013888150836e-01,4.289793984548076367e+00,8.043211657556541549e-01,5.855030755922924213e-01,-1.012601145043283274e-01,2.301045288706164538e+00,2.826555502105045914e-01,-2.271155045829386099e-01,9.319465582925009484e-01,3.059930833522161109e+00
5.527848745080088388e-01,-7.478394924742935990e-01,-3.676478967857075841e-01,4.438812579415696291e+00,7.714123787066343718e-01,6.260980960313069499e-01,-1.136842826609834184e-01,2.436891497022890096e+00,3.152012444349403530e-01,-2.207651866616695269e-01,9.229901992247301346e-01,3.070757363109365645e+00
6.081565699674666980e-01,-6.806194413398370946e-01,-4.085373452643616399e-01,4.540462261517744125e+00,7.072839637418786296e-01,6.982544440920591677e-01,-1.104089033514252527e-01,2.565833206957179868e+00,3.604094630264041421e-01,-2.218060129390901913e-01,9.060392439541936627e-01,3.099510001928332148e+00
7.248078723820546854e-01,-5.566830807497656908e-01,-4.059033083628997840e-01,4.631593396217050795e+00,5.803082756824179400e-01,8.108589241873903619e-01,-7.582948133915257127e-02,2.644462700941875521e+00,3.713433092267802715e-01,-1.805872439365976967e-01,9.107647303337407241e-01,3.158270133372986788e+00
7.305805652027483887e-01,-5.358880657321964947e-01,-4.231737453503418567e-01,4.645726324396585838e+00,5.591425742536266785e-01,8.252305161709747594e-01,-7.971309075184832005e-02,2.736219313042411727e+00,3.919331823220107980e-01,-1.783776224361959539e-01,9.025352095120474649e-01,3.171497271954882180e+00
8.747175955323864827e-01,-3.234842871246973450e-01,-3.608698436409793486e-01,4.828002036115176310e+00,3.123227367413053401e-01,9.456428118735262789e-01,-9.063211608668363117e-02,2.765082076450751103e+00,3.705720391239195055e-01,-3.343035051200173718e-02,9.282019044820954967e-01,3.248558458600407928e+00
8.773089584866069490e-01,-2.933451492966314134e-01,-3.798389326323464155e-01,4.989752616015278086e+00,2.820286325187469911e-01,9.554967042674720190e-01,-8.652108745041807436e-02,2.792527332309878041e+00,3.883153895981315551e-01,-3.121972962942638763e-02,9.209975497704219194e-01,3.315756377197185412e+00
9.011821927268875987e-01,-2.181833785967818573e-01,-3.745219203411868092e-01,5.134942628574244772e+00,2.091463312424154397e-01,9.757108222355759253e-01,-6.516289972225168536e-02,2.795466214295888374e+00,3.796425524619108649e-01,-1.960624075308254471e-02,9.249254714212067352e-01,3.393906465112687343e+00
9.189337458997350883e-01,-1.265678333138955947e-01,-3.735523446813109327e-01,5.258951402913280226e+00,1.187533763688244370e-01,9.919500440888822101e-01,-4.396300300328313121e-02,2.786481547721564755e+00,3.761095668122300673e-01,-3.961515150588556036e-03,9.265667273057198727e-01,3.464249586132567948e+00
9.081865610572099623e-01,5.501265813550133832e-02,-4.149346668572573282e-01,5.408742025139740228e+00,-5.315697962197210580e-02,9.984574998237034649e-01,1.602986473012646754e-02,2.738469364431197484e+00,4.151764755288360198e-01,7.498565907114763951e-03,9.097099898741325408e-01,3.525733302124762769e+00
8.954939210210194345e-01,9.352009952532461257e-02,-4.351374821814038563e-01,5.506025643325417995e+00,-7.696384250576236707e-02,9.954845144920028144e-01,5.556211257113263802e-02,2.772170756891279453e+00,4.383687994841178326e-01,-1.626568139957185882e-02,8.986479974091439171e-01,3.566237814910730997e+00
8.783635014016636378e-01,7.572708570549478713e-02,-4.719565317865199172e-01,5.663271653421017682e+00,-3.806723817194351822e-02,9.953168944947968777e-01,8.885474051051783784e-02,2.736811455912540492e+00,4.764750201042743938e-01,-6.008067928863351781e-02,8.771327534603023945e-01,3.646453531767469780e+00
8.730605850443227123e-01,9.193850823339935752e-02,-4.788658742757520570e-01,5.764507435892790355e+00,-4.457973963677001189e-02,9.930007850523535629e-01,1.093713294210366532e-01,2.709202389683627921e+00,4.855696259610783327e-01,-7.414008085525911063e-02,8.710484411069214783e-01,3.717203308386375138e+00
8.789321701167812639e-01,1.076550012658371580e-01,-4.646381829297461796e-01,5.913903092233964820e+00,-8.268045890604894255e-02,9.938349025206456577e-01,7.386560936499231289e-02,2.709220921743817900e+00,4.697256455090452754e-01,-2.650636214626761814e-02,8.824144325184655191e-01,3.794628625330711991e+00
8.707083398082778869e-01,5.646756632152301336e-02,-4.885472351186065931e-01,5.956134485531732636e+00,-2.609135572314657397e-02,9.972913994911982716e-01,6.876849320301513246e-02,2.734778411925749886e+00,4.911071452797641790e-01,-4.713044084887549334e-02,8.698232541157743247e-01,3.823603748238264988e+00
8.821463229206475409e-01,5.407882949762948810e-02,-4.678603906698504677e-01,5.993697168469984682e+00,-1.184795922722387332e-02,9.956196790816816966e-01,9.274201036982512858e-02,2.724839990366719089e+00,4.708263913798049205e-01,-7.626883259532112047e-02,8.789229626962884456e-01,3.841132041362886440e+00
8.743810160579962298e-01,8.323358161310316639e-02,-4.780481248255651350e-01,6.209366704177552876e+00,-1.249815667047291488e-02,9.887149904259554534e-01,1.492865157569189527e-01,2.829228724219058577e+00,4.850789985530449822e-01,-1.245585749711981133e-01,8.655538842636678609e-01,3.969007737139960135e+00
8.728582034875490558e-01,1.278933196295967134e-01,-4.709159748815157087e-01,6.156598447984857003e+00,-6.015406463756428623e-02,9.858836322590971424e-01,1.562528468578622542e-01,2.821278481201199284e+00,4.842520470912505814e-01,-1.080590692062854130e-01,8.682299191171701791e-01,3.924811406088900334e+00
8.623321980819149690e-01,9.062957401782457956e-02,-4.981660972653184638e-01,6.197902331953325294e+00,-4.386990781106066967e-02,9.935242935963747302e-01,1.048089176667295341e-01,2.869000720062679033e+00,5.044389074405944973e-01,-6.852560358851267353e-02,8.607238990018650782e-01,4.007378295280807912e+00
8.505897628761747153e-01,9.648972254241981739e-02,-5.169011401940778461e-01,6.258125644960853329e+00,-3.665575525147166114e-02,9.915089181501474114e-01,1.247654633128340990e-01,2.924700274099780728e+00,5.245506752423407804e-01,-8.717682417023971120e-02,8.469042392327474911e-01,4.065010238609770177e+00
8.618169324901534534e-01,9.654494626079289377e-02,-4.979464310794496917e-01,6.253597472183986206e+00,-2.946149247918082928e-02,9.895886001420420852e-01,1.408773329170117938e-01,2.926543528200004296e+00,5.063631062134762439e-01,-1.067402258776520008e-01,8.556885700098085801e-01,4.086060319266192842e+00
8.676077704636352417e-01,9.698554734356665263e-02,-4.876992518320969472e-01,6.261092290608783806e+00,-3.308174782856630747e-02,9.898797168375188527e-01,1.379990730196352378e-01,2.924499720280582693e+00,4.961475129351410884e-01,-1.035951244033251478e-01,8.620357855728131291e-01,4.093215991721304903e+00
8.727091878551266335e-01,4.986210097398478119e-02,-4.856875995119737666e-01,6.288360660092981114e+00,-5.990294490020203408e-03,9.957900879737766608e-01,9.146702720160342082e-02,2.912575873705021579e+00,4.882036355919182613e-01,-7.691470327340717283e-02,8.693338476185087371e-01,4.114535793221340221e+00
8.559700331995218070e-01,6.448902730408534456e-02,-5.129877850609899648e-01,6.295769773608102859e+00,-1.318501851998438688e-02,9.945906415482144158e-01,1.030320873870698289e-01,2.946938926481051269e+00,5.168572893469102203e-01,-8.142862581477211537e-02,8.521900734853026238e-01,4.133534754347430784e+00
8.305053494004572823e-01,1.146972425390786338e-01,-5.450737630551979462e-01,6.456105757886819951e+00,-7.742694220828567897e-02,9.928412585761290376e-01,9.094670906218074724e-02,2.926846335867109516e+00,5.516030576759864967e-01,-3.332833363518128422e-02,8.334406331224843978e-01,4.230925628673894323e+00
