9.999354177723550618e-01,-3.585785188622166142e-04,1.135921237902271126e-02,2.055518329143524170e-02,1.716920392947784047e-04,9.998646893308956729e-01,1.644912006993979464e-02,-3.138501197099685669e-04,-1.136357365750647296e-02,-1.644610746278474256e-02,9.998001774069922298e-01,-1.912610046565532684e-02
9.994440654138079250e-01,-2.434213443401750734e-02,2.278202362206948814e-02,1.998954350936413271e-01,2.420153344028743228e-02,9.996864398109585048e-01,6.427117334377766347e-03,2.482798288459642580e-02,-2.293132984061243065e-02,-5.872184371035137421e-03,9.997197965242330397e-01,-3.709105820935279518e-02
9.999522554654650675e-01,-2.676117527800866806e-03,-9.398147929604501807e-03,3.713167184481619976e-01,2.729445138724041851e-03,9.999802229014390642e-01,5.666033464727675620e-03,5.571231970512723064e-02,9.382799090038541553e-03,-5.691414671776712057e-03,9.999397836271293194e-01,-3.848973059743369951e-02
9.996556695536351622e-01,2.581762718271267409e-02,-4.689611490073818112e-03,5.541311600937547377e-01,-2.587908755272584627e-02,9.995731722390311935e-01,-1.355530034483577555e-02,1.002454254570840086e-01,4.337644143049027359e-03,1.367199570855731454e-02,9.998971253967249284e-01,-2.525242087092707116e-02
9.992380084365359849e-01,3.095246147715354987e-02,2.377703985550732452e-02,7.984920424680179707e-01,-3.036047226273249841e-02,9.992296246180424335e-01,-2.486762975577461524e-02,1.017177858423976428e-01,-2.452843696139055119e-02,2.412679867267435510e-02,9.994079514222606875e-01,-5.739852662807760908e-02
9.999137164638484121e-01,-8.853831359369981197e-03,9.704086650177285930e-03,1.037232856011577553e+00,9.041431001505194354e-03,9.997697201605358908e-01,-1.946173619102588292e-02,9.902799692184119373e-02,-9.529541064465449351e-03,1.954779579348787932e-02,9.997635077990780772e-01,-7.204866038598628508e-02
9.997207112098080994e-01,1.143327967767151024e-02,-2.068283573322159119e-02,1.233512114218067390e+00,-1.137215636667898884e-02,9.999306207052001128e-01,3.070478087429297058e-03,1.172053462307283134e-01,2.071650640738170387e-02,-2.834412095254415162e-03,9.997813723361461680e-01,-4.600899072692881536e-02
9.996439835666325324e-01,-2.569250151985432926e-02,-7.197324828471610494e-03,1.397079596900567378e+00,2.550741221288210445e-02,9.993688239031032206e-01,-2.472500217857592775e-02,1.284895052930496717e-01,7.828029205129743290e-03,2.453261454025547697e-02,9.996683814058456852e-01,-2.548370063404797534e-02
9.984101802679914428e-01,-3.927068471575646813e-02,-4.043420902147919910e-02,1.570690190245445983e+00,3.552314533146706116e-02,9.953476743817095684e-01,-8.956066797809179858e-02,3.218519256262654393e-02,4.376320467009344600e-02,8.798193237749543649e-02,9.951602692491927638e-01,-5.316467755141909834e-02
9.993978482842322819e-01,2.574996256741298589e-02,-2.325683281583175790e-02,1.841492429683412313e+00,-2.738185554455601842e-02,9.969695348482798813e-01,-7.281470024206510017e-02,-5.162418313593590546e-03,2.131137798885341522e-02,7.340766998196822379e-02,9.970742896876015893e-01,-4.682562985543673589e-02
9.969627668525805619e-01,-2.040410134053736307e-02,-7.515925863213730740e-02,2.036581751508941718e+00,1.603757794100557285e-02,9.981732500169343547e-01,-5.824911196247851281e-02,-2.016711303529633223e-02,7.621048224118252834e-02,5.686682336051723102e-02,9.954687975006805134e-01,-5.664071869798532888e-02
9.936590884362954679e-01,-5.655321984795502743e-02,-9.717689690857279905e-02,2.285958880547403815e+00,5.572608493910677363e-02,9.983831971784777881e-01,-1.120691969457414568e-02,-5.669774073854584595e-04,9.765356842076985955e-02,5.720569596643364924e-03,9.952040271513076242e-01,-1.852898487080843759e-02
9.892459596501703700e-01,-9.918663534738050847e-02,-1.074915935516784632e-01,2.468981257097373039e+00,9.492308167644540606e-02,9.945076394171709078e-01,-4.409267179400151032e-02,1.405202911981111476e-02,1.112746147189930951e-01,3.341506410815978101e-02,9.932277652229561937e-01,-1.239767042138700988e-02
9.919282063212577771e-01,-5.242793525552277845e-02,-1.154545153258844797e-01,2.624955298788893998e+00,4.573226376853850583e-02,9.971562342980231364e-01,-5.989995368271336385e-02,4.580762049658018004e-02,1.182666206285484661e-01,5.413645726706817207e-02,9.915050430732434972e-01,1.228692531811516157e-02
9.919631776796523637e-01,-8.468892077821643660e-02,-9.400447236758131819e-02,2.748774788969879257e+00,8.230173452834037284e-02,9.961856028365854154e-01,-2.899429589998561013e-02,6.354781520849417387e-02,9.610139760332817027e-02,2.102454276626046503e-02,9.951494812238798060e-01,2.740710900445342962e-02
9.893900151609564819e-01,-1.316169224321206699e-01,-6.151734413398543544e-02,2.890800535191662135e+00,1.309753776051873486e-01,9.912815432240968949e-01,-1.436497561542680185e-02,5.058570186166497229e-02,6.287168170949984647e-02,6.155306064716900387e-03,9.980026371940453611e-01,9.647539538831656492e-03
9.885953969265361962e-01,-1.437492698539001024e-01,-4.489196578603562443e-02,2.908255221450221750e+00,1.427277670889467998e-01,9.894410494406810086e-01,-2.520305901130580339e-02,7.442484395281570575e-02,4.804087506975018157e-02,1.850829809017052671e-02,9.986738793141324289e-01,-2.187745510985806413e-02
9.892984612694202262e-01,-1.412606967938857261e-01,-3.652355501950902555e-02,2.902435121397928253e+00,1.405191520774491110e-01,9.898303175042437729e-01,-2.214295483631264355e-02,6.964561713589012548e-02,3.928005129059737588e-02,1.677373216532690794e-02,9.990874433601166782e-01,-5.305091375097387152e-02
9.869219626109999588e-01,-1.599677257582726997e-01,1.988382336920044291e-02,2.946782098137785688e+00,1.606252862078916266e-01,9.862963071762429479e-01,-3.767110140597512008e-02,7.258810746042006212e-02,-1.358518114286400881e-02,4.037228215288796856e-02,9.990923489283077830e-01,-6.007568207297803858e-02
9.868154367773772639e-01,-1.614600211833934207e-01,1.122298076858287662e-02,3.000253160990392853e+00,1.617724355738187070e-01,9.861117660859354261e-01,-3.759340201940034737e-02,1.003963030810909596e-01,-4.997281900047579120e-03,3.891331836705388264e-02,9.992300940360414607e-01,-5.286222486768639428e-02
9.900255575183037893e-01,-1.408788493093153238e-01,-1.595392696001476669e-03,3.192752324340056624e+00,1.407290084014076736e-01,9.893833568232394127e-01,-3.627560386175671808e-02,1.680658992159763110e-01,6.688920311066032416e-03,3.568925690542970597e-02,9.993405502062902013e-01,-5.256254125396720572e-02
9.967432838116286886e-01,-7.936337502983006886e-02,1.429268625154506492e-02,3.351736962108971873e+00,7.979499405991395677e-02,9.962747304211073684e-01,-3.270199454663509642e-02,2.379216659628185515e-01,-1.164410148482350818e-02,3.373597824614529839e-02,9.993629464175600718e-01,-3.539924565170374238e-02
9.962492829814254547e-01,-7.569273046253036097e-02,4.192823290005880110e-02,3.621903870048403640e+00,7.721360754654678360e-02,9.963671452359339487e-01,-3.592451397086837001e-02,2.627732134092077287e-01,-3.905668916642465738e-02,3.902720140519917724e-02,9.984745628116099558e-01,-3.563354760500208468e-02
9.945760492640866035e-01,-1.011907450950180476e-01,2.406065953700153165e-02,3.823772949091638118e+00,1.022909504570481687e-01,9.934961263583830249e-01,-5.002007962290173915e-02,2.421745250186439491e-01,-1.884260292088538527e-02,5.220996090788399685e-02,9.984583498059212969e-01,9.931494963934896225e-03
9.961472387177477961e-01,-7.455913676255737643e-02,4.616940459035542843e-02,4.024099669023181391e+00,7.615746391689715011e-02,9.965199179588820622e-01,-3.388353288795949159e-02,2.479169726291282627e-01,-4.348240431199949102e-02,3.726913248849746119e-02,9.983587993696471097e-01,1.574911984519752547e-02
9.963914757042684478e-01,-7.734824756727806672e-02,3.494675581710426915e-02,4.242628929134308891e+00,7.870634120534780731e-02,9.961222024960486587e-01,-3.931754758995344851e-02,2.455000243073093558e-01,-3.177009596989958939e-02,4.192620055158750858e-02,9.986154688914907762e-01,2.669444206902728267e-02
9.991752389879949847e-01,-3.480735085693871522e-02,2.091148296042429078e-02,4.438744287305060432e+00,3.539636139454222646e-02,9.989671771937194134e-01,-2.848993663802794341e-02,2.722200243191554292e-01,-1.989822588345785404e-02,2.920662965721739293e-02,9.993753215838169224e-01,2.852038544650665683e-02
9.976734163381574261e-01,1.613191024218308539e-02,6.623832579471632120e-02,4.638137616281430731e+00,-1.526198509470262643e-02,9.997907839472807145e-01,-1.361837527205925213e-02,3.043691075334250540e-01,-6.644415808118810107e-02,1.257576264167340266e-02,9.977108920177542029e-01,8.096381940377601893e-03
9.998294499881076325e-01,-1.837924323851720942e-02,1.809517741444820974e-03,4.815472071596698989e+00,1.830726077270918364e-02,9.992559191019798615e-01,3.394778847962400675e-02,3.340799715450911700e-01,-2.432105975735524440e-03,-3.390887137072967628e-02,9.994219695918669100e-01,1.559932002907950255e-02
9.980224964248334274e-01,-6.285759772407638335e-02,-1.379793490669256617e-04,5.033230965973545246e+00,6.276283990717387851e-02,9.963925943625618897e-01,5.711938222905960094e-02,3.573612204598937137e-01,-3.452905548816736885e-03,-5.701508842228639184e-02,9.983673457878469160e-01,8.449305348780640490e-02
9.975910791467663685e-01,-6.927041194934453749e-02,3.694432995383994944e-03,5.317872854913435532e+00,6.915339927143611398e-02,9.972754855571143162e-01,2.567904351853373887e-02,4.117104516072235265e-01,-5.463165382323781002e-03,-2.536170213509955293e-02,9.996634122987678728e-01,6.959325443712530146e-02
9.996622602418276937e-01,2.409829964216991804e-02,9.728175705423475206e-03,5.539762624234769284e+00,-2.443566691285613268e-02,9.990459798628895660e-01,3.619431312129464673e-02,4.607925871834025466e-01,-8.846673426963677297e-03,-3.641980332394138820e-02,9.992974203384709098e-01,9.941468875217512879e-02
9.996839532093098057e-01,-1.317185636494074170e-02,2.141251726692997015e-02,5.775548654762886258e+00,1.256152395401370116e-02,9.995179238726074056e-01,2.839239287810720394e-02,4.794661138085354324e-01,-2.177617532437561496e-02,-2.811444570489385689e-02,9.993674880297783725e-01,8.189832675698302533e-02
9.952967091735344107e-01,-8.745733738926653178e-02,4.166143114574626799e-02,6.013568905318932067e+00,8.626507550712683714e-02,9.958321847199774757e-01,2.960737447978008599e-02,4.565709575623812522e-01,-4.407717613551795366e-02,-2.587419588347090321e-02,9.986930101544232441e-01,1.172773133287312031e-01
9.956953995841106853e-01,-8.207683033816737250e-02,4.305885702938044152e-02,6.205097195621513073e+00,7.947267598492953333e-02,9.950860980073640283e-01,5.905718689772298385e-02,4.618938550300324963e-01,-4.769449673527705047e-02,-5.538096671346453420e-02,9.973255153193721911e-01,1.135208477685151623e-01
9.989246970518582680e-01,-4.606336903121827087e-02,-5.255059785149660857e-03,6.405095496181731463e+00,4.626842246581051865e-02,9.976844353577430935e-01,4.984977961261312374e-02,4.972757710375629303e-01,2.946642560097531040e-03,-5.003931932385395631e-02,9.987429017616240579e-01,1.064649400844172727e-01
9.997929231011986051e-01,-1.420123317935914099e-02,-1.457518071740138491e-02,6.528004992832968867e+00,1.455290379638658239e-02,9.995984769090836553e-01,2.431250608499616744e-02,4.927077671388396252e-01,1.422406087770147418e-02,-2.451958272942934836e-02,9.995981523366891386e-01,1.300178683049717232e-01
9.978773797411537583e-01,-6.372128650140623796e-02,-1.342879918434113432e-02,6.640794550033755073e+00,6.426242354281762326e-02,9.969314214774985805e-01,4.469990817951719625e-02,5.134583587022735207e-01,1.053925620388752871e-02,-4.546799442970245186e-02,9.989101989474379328e-01,1.207908174606974749e-01
9.948049298849291899e-01,-1.017873152005742687e-01,-1.579221611599455769e-03,6.668793569343322680e+00,1.017235874741595075e-01,9.933436000500994734e-01,5.404446309192723757e-02,5.461991069767954121e-01,-3.932331118640682195e-03,-5.392434240458204159e-02,9.985372812610491255e-01,1.025037217447345855e-01
9.949664131210309570e-01,-9.893475299716583682e-02,1.592957659380617522e-02,6.681277278399937458e+00,9.800576523437093401e-02,9.938678217809944204e-01,5.120178521425202550e-02,5.360720007180045377e-01,-2.089752956436564946e-02,-4.938286623608238030e-02,9.985612779296102470e-01,7.184004188016190895e-02
9.911178306779332425e-01,-1.152096266988905937e-01,6.642429998252451229e-02,6.748274022572326558e+00,1.112871247794622875e-01,9.919745642515420680e-01,6.001366291339890052e-02,5.417966486215676225e-01,-7.280536773196431832e-02,-5.208844203722111377e-02,9.959850263109125690e-01,5.434467683184191628e-02
9.867315267151034464e-01,-1.304650400969310509e-01,9.664247254176522306e-02,6.902294744788113334e+00,1.254761770109949492e-01,9.905125507185613687e-01,5.604119798607593017e-02,5.588273820532585479e-01,-1.030369991274259767e-01,-4.317128885631341811e-02,9.937402158659477402e-01,2.392741406960361555e-02
9.928959980635682081e-01,-1.025980087453490092e-01,6.025931986704188142e-02,7.151634316937068192e+00,9.921810876059979079e-02,9.934525002898756396e-01,5.663829589389120234e-02,6.054910042193868414e-01,-6.567574836512332648e-02,-5.025712157777697392e-02,9.965745921943817143e-01,7.048503307087370523e-03
9.968626240409695916e-01,-5.033349977643648832e-02,6.108557596033699355e-02,7.379985267106968116e+00,4.511670963745618990e-02,9.954466727545436822e-01,8.396668513998460648e-02,6.429452323587854234e-01,-6.503377047073399808e-02,-8.094726988702781456e-02,9.945944641893986748e-01,1.588909939056763060e-02
9.965583831290463213e-01,-8.257468240249055125e-02,-7.267106807169397033e-03,7.628627052736648650e+00,8.288162719802359690e-02,9.910702005768857736e-01,1.044533072788929318e-01,6.600559844513690377e-01,-1.422985673449286663e-03,-1.046961286515352280e-01,9.945032406971607841e-01,1.306715434765540890e-02
9.991724092121589962e-01,-3.749947023977961980e-02,1.575710636200879089e-02,7.896873141119655770e+00,3.528575103086965120e-02,9.918003011277349845e-01,1.228294690093600372e-01,6.768354022937108638e-01,-2.023394285242649873e-02,-1.221718151402759606e-01,9.923026933058156640e-01,7.307751487217322393e-03
9.996407787689033375e-01,-1.822665240751908389e-02,-1.964949272408338804e-02,8.165301770745371002e+00,2.053822115106788276e-02,9.919815941265223147e-01,1.247024393753113081e-01,6.934371648370633023e-01,1.721902709935028281e-02,-1.250612092385919305e-01,9.919995962950457491e-01,1.012021587947051215e-02
9.996586634764907942e-01,1.485997197319627490e-02,2.148808435738290210e-02,8.458211514458826130e+00,-1.647959345511530380e-02,9.968737536328576843e-01,7.727316686593317663e-02,7.162666658008702836e-01,-2.027263021781590402e-02,-7.760090560613368271e-02,9.967783705082892132e-01,2.987806837487705369e-02
9.993014812800411484e-01,3.736740542549225885e-02,4.759446189479087227e-04,8.745080542321467476e+00,-3.724391082903891897e-02,9.947902326273178053e-01,9.489617576828381085e-02,7.287463510384480925e-01,3.072558815061354753e-03,-9.484761505200502152e-02,9.954870613429764870e-01,4.140621456786364868e-02
9.977369720789588392e-01,6.443742108595117146e-02,1.920295056757064314e-02,8.965887469371567775e+00,-6.632015029560597852e-02,9.901556207255391984e-01,1.232618530218887731e-01,7.043257794473440914e-01,-1.107123351198867692e-02,-1.242564505746616005e-01,9.921883703607445870e-01,3.365626390227709902e-02
9.933484898291520260e-01,1.148031713993611508e-01,8.888733925019064175e-03,9.246315108377613612e+00,-1.151222775193435216e-01,9.885817617357465226e-01,9.722634201802721199e-02,6.434041751844465917e-01,2.374652164032878959e-03,-9.760293130893182845e-02,9.952226026507858814e-01,1.772296455988494820e-02
9.804584200434477426e-01,1.948102409558141734e-01,2.739081204786916052e-02,9.443724516303340977e+00,-1.952924229644050214e-01,9.806117617386459484e-01,1.616917661850402962e-02,5.952657507578440477e-01,-2.370983126460522034e-02,-2.120242341257300156e-02,9.994940225648365484e-01,1.914321470232904082e-02
9.586285502302535066e-01,2.779643371141793384e-01,6.137694987627536486e-02,9.649880626425925811e+00,-2.796163112853802812e-01,9.599028559846219943e-01,2.003061496116516349e-02,5.658106944639058611e-01,-5.334811286819211851e-02,-3.636391570279409735e-02,9.979136458071723448e-01,-2.713484584742324041e-02
9.453350376574570779e-01,3.200217091340867293e-01,6.267194156933161842e-02,9.865708113799238177e+00,-3.223801431282837804e-01,9.460763799394702467e-01,3.178878162518467693e-02,5.199841347892173449e-01,-4.911934337670944423e-02,-5.025523856797734640e-02,9.975277946517161487e-01,-6.519178527387414768e-02
9.371641811505798669e-01,3.402141553314411704e-01,7.731510900512676698e-02,1.006390946151625876e+01,-3.409849629939294413e-01,9.400625629531872418e-01,-3.410681150873458734e-03,4.168489925920709771e-01,-7.384140153321386291e-02,-2.316692137506082966e-02,9.970008732060430257e-01,-8.305585207301277584e-02
9.574145681188432899e-01,2.826067689008915917e-01,5.908264487313093227e-02,1.026952747483485773e+01,-2.820763378736682592e-01,9.592358443043135230e-01,-1.730706831241684424e-02,3.919691414091632242e-01,-6.156528539352884577e-02,-9.577676396741390636e-05,9.981030540286031094e-01,-1.052583625417584379e-01
9.995198808918300815e-01,2.095065008392056269e-02,2.282713216855379590e-02,1.044794228197731378e+01,-2.123763646376347625e-02,9.996975173198279219e-01,1.240309082466396935e-02,4.047947751519980764e-01,-2.256037454060820860e-02,-1.288193019826479498e-02,9.996624857295357547e-01,-8.424615895709494651e-02
8.560926723067703303e-01,-5.165769103584061384e-01,1.592583144497104752e-02,1.056393508019206884e+01,5.157162530834247249e-01,8.558697686287173312e-01,3.903441370148206385e-02,4.876087241083454371e-01,-3.379471450159083484e-02,-2.520386541759124174e-02,9.991109460113863916e-01,-8.722609315627326276e-02
5.688119957864292697e-01,-8.219439144670693809e-01,2.934475966859724505e-02,1.059091389485157286e+01,8.218604818544558155e-01,5.694008557939841397e-01,1.811115090323693610e-02,6.473813550286936502e-01,-3.159528153727853006e-02,1.381545842987710535e-02,9.994052587879213023e-01,-1.264776531239161506e-01
2.899681900149504443e-01,-9.550412794582225917e-01,6.176247493626087215e-02,1.059466782878093483e+01,9.570054160753170835e-01,2.888360807050145973e-01,-2.672736585365624237e-02,9.285795060715058558e-01,7.686506486192516002e-03,6.685710892466982525e-02,9.977329525500657770e-01,-1.845542222960816769e-01
4.757151460168892315e-02,-9.961781464821019005e-01,7.325333760302552011e-02,1.050574192196436840e+01,9.982106878733854050e-01,4.475245877339219941e-02,-3.965652593304234974e-02,1.179592776638534346e+00,3.622669752880472438e-02,7.500878552021351953e-02,9.965246150903339650e-01,-1.772057754923611061e-01
-1.760788409349589856e-01,-9.819988723295305366e-01,6.836999721024855647e-02,1.045366042567484932e+01,9.828296857551614973e-01,-1.792692713472322785e-01,-4.368451841376248118e-02,1.418350513261271484e+00,5.515478740246693157e-02,5.950414350413279346e-02,9.967031686176318628e-01,-1.704756306667731536e-01
-2.870371715741308893e-01,-9.556601973540987949e-01,6.575142072872282306e-02,1.038338478028539136e+01,9.541652038971191185e-01,-2.913089259397316222e-01,-6.861394420821748108e-02,1.602086725425801106e+00,8.472559121476394561e-02,4.304296529007521632e-02,9.954741972207744594e-01,-1.420177150262403598e-01
-2.626707594785374078e-01,-9.630014928891288406e-01,6.026770949916058356e-02,1.027649875794952372e+01,9.584130278766113120e-01,-2.676218827070414030e-01,-9.911102810849956035e-02,1.796990654997980608e+00,1.115730259128679402e-01,3.172778891832035014e-02,9.932496198333026216e-01,-1.379102629704472005e-01
-1.715763884445715148e-01,-9.832853740130372833e-01,6.092139345383236482e-02,1.025452334808439936e+01,9.783000092157053684e-01,-1.773442922153213586e-01,-1.071358669503214428e-01,1.950192271097420882e+00,1.161491924072988735e-01,4.121741465310362756e-02,9.923761836281872473e-01,-1.223277519838008448e-01
-9.221750895899963330e-02,-9.950704807558529152e-01,3.647834110414484299e-02,1.020743610498282194e+01,9.895670221381437370e-01,-9.565694713051960119e-02,-1.077351250164714225e-01,2.146283115587174439e+00,1.106934493908404010e-01,2.616269852256273426e-02,9.935101778381407733e-01,-1.169957165318004089e-01
-6.096255044678847157e-02,-9.979878083877133932e-01,1.743277810646540887e-02,1.011570492513645014e+01,9.850751736518275070e-01,-6.297199573017184249e-02,-1.601918537522441788e-01,2.448112691533788521e+00,1.609672938762526928e-01,7.406892954924497972e-03,9.869319471163701118e-01,-1.173538113514330100e-01
-4.543629188066448943e-02,-9.988074544070651983e-01,-1.786651619682184250e-02,1.007765611614400036e+01,9.874709553915551608e-01,-4.220068153153214152e-02,-1.520533285934990431e-01,2.727658400225666302e+00,1.511180189064937618e-01,-2.455140523779515346e-02,9.882107937391826358e-01,-8.772019293536374718e-02
-5.483912527568060580e-02,-9.979126437314302933e-01,3.410316436847964788e-02,1.001869244834472639e+01,9.833456453505001749e-01,-5.990260431969020305e-02,-1.715896843225894752e-01,3.035669157498420478e+00,1.732743838806112269e-01,2.412536997983591100e-02,9.845780590761353812e-01,-4.869980217292327329e-02
-7.702142172971044969e-03,-9.964215753609548809e-01,8.417078567494870600e-02,9.986515862492591822e+00,9.924338613818113330e-01,-1.793174745832777986e-02,-1.214639173412310896e-01,3.311298918175618056e+00,1.225385971387544654e-01,8.259840548268215787e-02,9.890206244679550229e-01,-1.625305326228580066e-02
4.885098518194695531e-03,-9.973614339119447614e-01,7.243138793074978266e-02,9.957873023643555754e+00,9.903956122214176983e-01,-5.183004626967181033e-03,-1.381653638058354117e-01,3.530422172542077242e+00,1.381762175811362403e-01,7.241068020771576630e-02,9.877570684570299298e-01,-2.666346754898950636e-03
-4.055770801233306994e-02,-9.990137656141010458e-01,1.807120456189945448e-02,9.879228825419406945e+00,9.905313420099726152e-01,-4.257429645107181637e-02,-1.305185418920158102e-01,3.802253081814765956e+00,1.311591888382507565e-01,1.260656159418320314e-02,9.912811618244661283e-01,8.672672411792246849e-02
-8.761716813576412091e-03,-9.998744747980869985e-01,1.320102138949808511e-02,9.805523090457135993e+00,9.866637791341154040e-01,-1.079024766717252316e-02,-1.624135385368649931e-01,3.996848497945555412e+00,1.625355938348991003e-01,1.160194822124160918e-02,9.866344690584286647e-01,1.399607245112516607e-01
4.972157645709254781e-02,-9.985364675381265265e-01,2.127646190274500373e-02,9.811906173034108392e+00,9.865666897570566363e-01,4.578425565259208740e-02,-1.568118892053178004e-01,4.192165347176737278e+00,1.556082629439202447e-01,2.878758292763663323e-02,9.873992827487567681e-01,1.973870069657541193e-01
5.830177837891465514e-02,-9.982117182706925496e-01,1.320106605259119617e-02,9.775940495457710711e+00,9.827878682095017027e-01,5.506889716000384905e-02,-1.763389425674408706e-01,4.346832561159366115e+00,1.752966307094296350e-01,2.325472151305804647e-02,9.842409812587926687e-01,2.236429092863175261e-01
-5.710889179002334899e-03,-9.999735164986303104e-01,-4.511324212033157241e-03,9.798938514407709022e+00,9.930020124245295676e-01,-5.138789354541474681e-03,-1.179855760879409132e-01,4.508914091746918373e+00,1.179592686719393019e-01,-5.153556571007411602e-03,9.930050613108927227e-01,1.898692027420533779e-01
-4.815342120930947434e-02,-9.986747609224985167e-01,1.816507424225624959e-02,9.782798882638271465e+00,9.942492920863722494e-01,-4.966577278048742855e-02,-9.487705834322650300e-02,4.512088960727778542e+00,9.565350600780821166e-02,1.349195725255808269e-02,9.953232509481071411e-01,1.473258608822975435e-01
-1.041413694547406177e-01,-9.942560761341671105e-01,2.468664088890982003e-02,9.772222134801845428e+00,9.906116490619151227e-01,-1.059059702754492349e-01,-8.644354344222830722e-02,4.534214781847233589e+00,8.856148096618485233e-02,1.545252504616827401e-02,9.959508439470158292e-01,1.398984793615390410e-01
-2.101094615199400051e-01,-9.768476996736406015e-01,4.028133342027242353e-02,9.728471636637538111e+00,9.724661430449027533e-01,-2.130604767755242823e-01,-9.441839792941135456e-02,4.642669444624582198e+00,1.008147549278929772e-01,1.933403420139407497e-02,9.947173368903990953e-01,1.418385518254667299e-01
-3.137265406048788674e-01,-9.488602507961306776e-01,3.521196074059054770e-02,9.631499684319665633e+00,9.443510049783665483e-01,-3.156680040848705571e-01,-9.249265156445171665e-02,4.785598596882812750e+00,9.887788992714177660e-02,4.235050905947646514e-03,9.950905623245451803e-01,1.412288376330679274e-01
-4.156796230820422045e-01,-9.087109035886947739e-01,3.814373675175251194e-02,9.534677915208556342e+00,9.000720931735263219e-01,-4.170301509529405481e-01,-1.263173791938162205e-01,4.964516377538152447e+00,1.306930680816610901e-01,-1.817544759238703261e-02,9.912562610446494782e-01,1.677843816855969783e-01
-6.000402361166520260e-01,-7.988611760680007778e-01,4.210150130720678729e-02,9.359676839900242129e+00,7.868636991751983834e-01,-5.988791973026605930e-01,-1.489604845536006417e-01,5.083175861624843250e+00,1.442124611862456440e-01,-5.625414126417521005e-02,9.879464750831572495e-01,1.991804425613671881e-01
-8.250777590325991673e-01,-5.639102779078101202e-01,3.538205787794374002e-02,9.109734258282397690e+00,5.503127779272415365e-01,-8.162195677754645606e-01,-1.759018579504948443e-01,5.216574948026050151e+00,1.280723935895054788e-01,-1.256615122078712510e-01,9.837716433959079465e-01,2.621300477486285807e-01
-9.243484157001293777e-01,-3.811113116101167431e-01,1.828044188402000100e-02,8.940397456662470432e+00,3.677206362061236078e-01,-9.026053225322551166e-01,-2.237971524497287534e-01,5.325500609574287836e+00,1.017916504474834644e-01,-2.001444475853862981e-01,9.744642938558177869e-01,3.344380246447543059e-01
-9.692263448673961168e-01,-2.455327467334774971e-01,1.771899253623149956e-02,8.744980477628670812e+00,2.383378652073021020e-01,-9.539638499321598797e-01,-1.820660183313652647e-01,5.347976018797555575e+00,6.160644790451044045e-02,-1.722400746171600106e-01,9.831266461003199675e-01,3.505829083706735183e-01
-9.474730867101786025e-01,-3.156176469522217753e-01,5.177113956855435711e-02,8.542732935508563941e+00,3.034063606023829074e-01,-9.381625449540473838e-01,-1.667201835152582468e-01,5.405106474132374217e+00,1.011895760733346195e-01,-1.422551938513560987e-01,9.846441639071505936e-01,3.771762706605562010e-01
-9.022332338418564968e-01,-4.294650725009552250e-01,3.917835184145454508e-02,8.420953363767624822e+00,4.184427276847032529e-01,-8.937964143797323402e-01,-1.613494756412883202e-01,5.477458548654927206e+00,1.043114346514767143e-01,-1.291809627757981582e-01,9.861193657246916100e-01,4.026169936880071298e-01
-8.543805266175227286e-01,-5.163415003724719510e-01,5.852666682689768030e-02,8.268669789143654469e+00,5.000204160638082040e-01,-8.475408761196422391e-01,-1.779158419751454556e-01,5.564408955070333285e+00,1.414690752643096017e-01,-1.227433024627114649e-01,9.823037119162321140e-01,4.151637690404813563e-01
-7.777976713205921877e-01,-6.218011468488818805e-01,9.161940987409328274e-02,8.166149663619490795e+00,5.966740730401708381e-01,-7.763158320142117264e-01,-2.032579138083795978e-01,5.676240648597614680e+00,1.975116023172195645e-01,-1.034266055785271615e-01,9.748292692613347299e-01,4.327364443697895857e-01
-6.206066757722272786e-01,-7.790867867150902404e-01,8.871940460180573196e-02,8.085029135523029709e+00,7.586437725402110921e-01,-6.251936543227046839e-01,-1.832826259648698830e-01,5.797156315458293463e+00,1.982598808960118475e-01,-4.643999742222706256e-02,9.790486945328726875e-01,4.696520092009032754e-01
-4.655317312964488696e-01,-8.784315728056762973e-01,1.078803923531735098e-01,8.015623616013156649e+00,8.629028984044776474e-01,-4.775945320075376532e-01,-1.652333226732800864e-01,5.935893557844077684e+00,1.966692530145007500e-01,1.616894847060893967e-02,9.803365595672093313e-01,4.883628414011290664e-01
-3.679964720999949757e-01,-9.246179515287091810e-01,9.828652111459219853e-02,7.955065724232570190e+00,9.161466418263285449e-01,-3.786164869449466508e-01,-1.316240345978176574e-01,6.055111553356611331e+00,1.589148425802253128e-01,4.160768588036172638e-02,9.864151627400011835e-01,5.144305438562463140e-01
-3.089375461813304025e-01,-9.476151892524318221e-01,8.113597018298504548e-02,7.883759013973125285e+00,9.324026100953067830e-01,-3.185903107399113421e-01,-1.706622002380897285e-01,6.216375958026397974e+00,1.875712271296351985e-01,2.292742900376802326e-02,9.819833846620622531e-01,5.359860481149446576e-01
-3.430624621956724352e-01,-9.354493234036430627e-01,8.510411491759567459e-02,7.822721764502039932e+00,9.147962093740885647e-01,-3.532991445642195694e-01,-1.957743848540687004e-01,6.392473576438752580e+00,2.132042268507845784e-01,1.069007922587347260e-02,9.769491695370355888e-01,5.870460610711994986e-01
-3.548095269332329771e-01,-9.309015444002607387e-01,8.679005836282693842e-02,7.757477108402744292e+00,9.127313760900571671e-01,-3.649985664904312199e-01,-1.835687379721297752e-01,6.527884418064780370e+00,2.025626685699150609e-01,1.408407232081754917e-02,9.791680163325886532e-01,6.004961691658355916e-01
-2.765310206026992401e-01,-9.558835910327038166e-01,9.908155751122615928e-02,7.729243635955090674e+00,9.343589971442920472e-01,-2.915411201628872462e-01,-2.048829902888018306e-01,6.709146881831486553e+00,2.247306367630848567e-01,3.592124230298860549e-02,9.737585970103002087e-01,6.328210145173820411e-01
-2.234751880095605658e-01,-9.707264878086444559e-01,8.802798538410076812e-02,7.655120565338438432e+00,9.477632478356300405e-01,-2.374978503544215025e-01,-2.129309679898310215e-01,6.839289543167725860e+00,2.276041880022178776e-01,3.584490122347760988e-02,9.730937656054169382e-01,6.846971693552550420e-01
-2.736307284314751231e-01,-9.590290154926766064e-01,7.341370376984214519e-02,7.570659112663879142e+00,9.297479729204831678e-01,-2.832810575803211828e-01,-2.352032084526628486e-01,7.015337274083901065e+00,2.463634130878852857e-01,3.897417006273422128e-03,9.691696852627856851e-01,7.427611536929268343e-01
-4.419133272062045203e-01,-8.943301326814923069e-01,6.990153800485898739e-02,7.525027865959118323e+00,8.586815063609760657e-01,-4.442699631902756185e-01,-2.555196087202619148e-01,7.165295112112218590e+00,2.595740392858771894e-01,-5.289436250503706111e-02,9.642735631261492024e-01,7.938692863960389312e-01
-5.833144445996020222e-01,-8.081384403356759449e-01,8.158749887867144945e-02,7.458479953896918424e+00,7.762762639944129628e-01,-5.842237656755975284e-01,-2.368074187577336454e-01,7.318363362369412428e+00,2.390385338817432315e-01,-7.479874913154926919e-02,9.681248506510006235e-01,8.481658369316670276e-01
-6.895283012168015313e-01,-7.188682983244742974e-01,8.819915807503250771e-02,7.323485734012540327e+00,6.786438565294590219e-01,-6.838268179842585948e-01,-2.679988787296435082e-01,7.483906427641797698e+00,2.529688475205861820e-01,-1.249369947997672065e-01,9.593734984428687884e-01,9.105513266037102982e-01
-8.086689368948852819e-01,-5.782856972267870210e-01,1.078897719166326818e-01,7.121576342963312101e+00,5.302598655435749597e-01,-7.959803093164298238e-01,-2.919585966780739450e-01,7.585282598042216939e+00,2.547136146636147513e-01,-1.788882320429400208e-01,9.503262465814288351e-01,9.521224917324071502e-01
-9.359361684550536742e-01,-3.325422515567208470e-01,1.159273026825787534e-01,6.918420478385590044e+00,2.862636300415569712e-01,-9.101171211067268230e-01,-2.995662864606665754e-01,7.609009522799048852e+00,2.051258703652524829e-01,-2.471891518614640071e-01,9.470062832467943670e-01,9.730833462347552310e-01
-9.808273608352743311e-01,-1.285461663877164595e-01,1.464703770184611897e-01,6.736415243545399001e+00,7.337640397041279849e-02,-9.398868521246527274e-01,-3.335095329126018249e-01,7.619796516586627710e+00,1.805369534950656274e-01,-3.163678054262671346e-01,9.312989960869108019e-01,9.967259535922459168e-01
-9.760237666439395277e-01,1.640094971657920786e-01,1.431030809787083302e-01,6.572012721313405414e+00,-2.048848472776053364e-01,-9.142100247490969611e-01,-3.496315632266168150e-01,7.532889772234977244e+00,7.348337432512981604e-02,-3.705683681693289211e-01,9.258937726381538669e-01,9.993129814210267581e-01
-9.214648435772244683e-01,3.600721406858493623e-01,1.457758400871330129e-01,6.409013817662026824e+00,-3.881950248765764222e-01,-8.674399473017985196e-01,-3.112114401594632818e-01,7.449294471078330204e+00,1.439321757891409530e-02,-3.433598568950111951e-01,9.390936289639939538e-01,9.866098208652096524e-01
-8.699757186848371404e-01,4.711070514401322074e-01,1.456035541536812028e-01,6.251317931466224387e+00,-4.928178007016187911e-01,-8.208242089404637065e-01,-2.887528931956899192e-01,7.327420567026668330e+00,-1.651860195111349086e-02,-3.229640291126027463e-01,9.462670720726441553e-01,9.868453336248225183e-01
-7.950151134545501153e-01,5.808354141160751993e-01,1.748747868832285779e-01,6.088954755646494021e+00,-6.038422047063564113e-01,-7.304053665504165460e-01,-3.191905266916899575e-01,7.212981228378958498e+00,-5.766767893902530195e-02,-3.593580696505346839e-01,9.314162423872729413e-01,9.656383527844277781e-01
-6.530903813011439407e-01,7.257673363321086590e-01,2.161821624587018098e-01,5.950943787001901519e+00,-7.502854956139121123e-01,-5.814223024399769457e-01,-3.146740874250406605e-01,7.097734348423160533e+00,-1.026870436000173054e-01,-3.677089606452239035e-01,9.242540188378395305e-01,9.644145590424967329e-01
-6.212736002502439181e-01,7.514481302442014288e-01,2.221369424129897296e-01,5.820485546299003055e+00,-7.769233177571224225e-01,-5.538048095958931771e-01,-2.994835407726467724e-01,6.976806508870037504e+00,-1.020258396552788105e-01,-3.586445878874360282e-01,9.278818823652537073e-01,9.651999295839930326e-01
-7.151241063339570658e-01,6.594852968036510887e-01,2.316822303066369826e-01,5.708960834131678652e+00,-6.977092314290328501e-01,-6.533428277359947245e-01,-2.938451596073042293e-01,6.877061594808488998e+00,-4.241863881321902841e-02,-3.717825880077405554e-01,9.273501853860278699e-01,9.582921171081657530e-01
-8.114717558761798122e-01,5.364169744358044944e-01,2.318844948511331883e-01,5.613832195190161301e+00,-5.841617238760874464e-01,-7.556917106297414977e-01,-2.961167317859838000e-01,6.803872607013378371e+00,1.639114923811037586e-02,-3.757484105390619389e-01,9.265767438286062196e-01,9.709426368797265949e-01
-8.668873922018223155e-01,4.514359611948000062e-01,2.114517017705204727e-01,5.509651731598878222e+00,-4.963620434050796115e-01,-8.209431603364486518e-01,-2.822712336805459077e-01,6.735012972579822232e+00,4.616244261579219299e-02,-3.496539724312167641e-01,9.357409515751748952e-01,9.637161854613184309e-01
-8.807819025157853643e-01,4.077582657261714094e-01,2.407414316910501673e-01,5.293344231989999926e+00,-4.645029843300289008e-01,-8.427658887264605214e-01,-2.719974895979659912e-01,6.634204007037793893e+00,9.197944199204959037e-02,-3.513955798399907571e-01,9.316978741629433625e-01,1.005558897888200409e+00
-8.880466847596709679e-01,4.014446551224980508e-01,2.240876492824496469e-01,5.092820909706686550e+00,-4.502017823883205927e-01,-8.581455547391168004e-01,-2.467884965225732863e-01,6.487238227635097054e+00,9.322789722896830666e-02,-3.200443652918625315e-01,9.428044141937360623e-01,1.030651928020262176e+00
-8.974343605321789541e-01,3.806787308152952409e-01,2.229243648438927194e-01,4.871963915713075188e+00,-4.284322088966948661e-01,-8.725510178851626497e-01,-2.347350923220999641e-01,6.385673715804182748e+00,1.051542244329539411e-01,-3.061673155195074325e-01,9.461522942906614997e-01,1.068386769463987918e+00
-9.258062301168950015e-01,3.048399571999401703e-01,2.235071022833045040e-01,4.676743259677224707e+00,-3.553616687422851417e-01,-9.034592181540954670e-01,-2.397488801247847912e-01,6.219984225512216192e+00,1.288445135247889006e-01,-3.013868637262220318e-01,9.447566087134994239e-01,1.107913571688059706e+00
-9.219227777229912490e-01,3.044920665872626886e-01,2.394639290184226998e-01,4.466984154771719062e+00,-3.622819520964284945e-01,-8.965953375663489044e-01,-2.546931248374906809e-01,6.147181109631726592e+00,1.371502063459018594e-01,-3.215608527786027460e-01,9.369036443837618355e-01,1.123819357937157370e+00
-9.182475468214984504e-01,3.088738571222258145e-01,2.478273252543735927e-01,4.337173352806217075e+00,-3.702597814081617367e-01,-8.916127729650583644e-01,-2.606422017961391724e-01,6.073238721746659685e+00,1.404604464889626370e-01,-3.310945536731125238e-01,9.330848083106507707e-01,1.136080016563751682e+00
-9.186856141315861146e-01,3.241514750819872726e-01,2.257045936392088059e-01,4.113728063172037430e+00,-3.730098534434414526e-01,-8.999316497156387706e-01,-2.258022920038480486e-01,6.001513364493050950e+00,1.299245612721902365e-01,-2.916313546967476689e-01,9.476659545092716019e-01,1.162196049764677053e+00
-9.324291167855482954e-01,2.807091911986994148e-01,2.275484391225137404e-01,3.906483161147553673e+00,-3.304182770839487748e-01,-9.172546263318148707e-01,-2.224133823351405470e-01,5.895120487542914844e+00,1.462863778326448094e-01,-2.825708768600443399e-01,9.480263684155364468e-01,1.186481512861970566e+00
-9.485604645173534299e-01,2.465603798349175757e-01,1.985976441206739329e-01,3.638109613880307514e+00,-2.893696766199513326e-01,-9.296934043517046664e-01,-2.278933174926427163e-01,5.775580728754798443e+00,1.284454569359523290e-01,-2.736387271579054370e-01,9.532175048706963416e-01,1.238657766769597934e+00
-9.351772661478319204e-01,2.746005553665358812e-01,2.236917876736988775e-01,3.412442548603110470e+00,-3.271446783059695496e-01,-9.117269547275850261e-01,-2.484558702853444101e-01,5.705640263485077135e+00,1.357197124088795892e-01,-3.055298594500281406e-01,9.424604313434582492e-01,1.278805493681565375e+00
-9.287921768613159879e-01,2.695794370344595792e-01,2.543069392081146463e-01,3.239951421700340006e+00,-3.364589050855927299e-01,-9.010579795726264551e-01,-2.736602321074445010e-01,5.592609504964200617e+00,1.553721255239182975e-01,-3.397373170210770121e-01,9.275980045437248744e-01,1.295095776275993149e+00
-9.420419307875464998e-01,2.465322940034332388e-01,2.275496179989636991e-01,3.038021977440338972e+00,-2.950122342329352110e-01,-9.316982701413369927e-01,-2.119106299092427537e-01,5.473500697793834746e+00,1.597647717457185423e-01,-2.667586201588332817e-01,9.504288801798870256e-01,1.260875880629356072e+00
-9.476105311595877101e-01,2.581340963424580970e-01,1.881517194736859466e-01,2.726144306273042606e+00,-2.925670342486587083e-01,-9.378089838869760886e-01,-1.868658347901548389e-01,5.346357139510493184e+00,1.282139294553692743e-01,-2.321230235162800581e-01,9.641991963527424270e-01,1.306816648534190106e+00
-9.328668147402400246e-01,2.418680895041261103e-01,2.669444384811583415e-01,2.451872362976144082e+00,-2.942107191536297295e-01,-9.391685798809034091e-01,-1.772073116425814110e-01,5.257086615137499308e+00,2.078450352823014990e-01,-2.438487355802992085e-01,9.472793861709375429e-01,1.339004869751398985e+00
-9.439878152544052270e-01,1.858674708038763890e-01,2.726541544671258199e-01,2.262233394261401465e+00,-2.458166129865412830e-01,-9.473304771385191447e-01,-2.052782498569451775e-01,5.165267470917333625e+00,2.201390411331854979e-01,-2.608030873695235119e-01,9.399577395752887199e-01,1.358147498321327307e+00
-9.284408072606816775e-01,2.277846994866160601e-01,2.934481182303340652e-01,1.993195323519011186e+00,-2.813982537030224607e-01,-9.469469134762233953e-01,-1.552628927681783955e-01,5.027294506750122238e+00,2.425132784529988317e-01,-2.267281935217700106e-01,9.432823734366783119e-01,1.359923158476819660e+00
-9.382081571653103635e-01,2.201302197634147362e-01,2.670358406195341705e-01,1.743688857313618890e+00,-2.697667323489859603e-01,-9.485293391793484519e-01,-1.658855112230676609e-01,4.941883100723652333e+00,2.167749153989485811e-01,-2.276725259290158232e-01,9.493017734055279044e-01,1.399534873698744075e+00
-9.295138118175190201e-01,2.387126027730312183e-01,2.811056152370297045e-01,1.492092829081391070e+00,-2.901657015444961130e-01,-9.438493215931046398e-01,-1.579630456006274331e-01,4.858352932689261827e+00,2.276135744802023353e-01,-2.283960406958934486e-01,9.465871905465366165e-01,1.423487789027146455e+00
-9.357488191341183370e-01,2.006748690850422012e-01,2.900064558019397887e-01,1.228121134916328794e+00,-2.573608408848759299e-01,-9.507950033467026385e-01,-1.724942294396330789e-01,4.722383509887139397e+00,2.411214322040474700e-01,-2.360475768328159640e-01,9.413511546724872003e-01,1.483659787188299939e+00
-9.295293060972266153e-01,1.952512045803644070e-01,3.128134207739869943e-01,9.807415822474813138e-01,-2.727266974382828724e-01,-9.349714756006751726e-01,-2.268225921673212575e-01,4.626095602075351643e+00,2.481842412620397231e-01,-2.961508178665256397e-01,9.223336031318460915e-01,1.561371994213823333e+00
-9.180367063954296691e-01,2.373568573310797236e-01,3.176008941872544566e-01,7.119135316484681564e-01,-3.125524888786734290e-01,-9.260931845139939167e-01,-2.113346996886120988e-01,4.480718883866813940e+00,2.439662833392705066e-01,-2.932799615975191787e-01,9.243740134377320672e-01,1.594051617110523233e+00
-9.095987624695192064e-01,2.792430894806810504e-01,3.076579078964197800e-01,5.335296597944131358e-01,-3.516522345559063289e-01,-9.117880794323691696e-01,-2.120924424322309654e-01,4.387489477232377588e+00,2.212934640827780852e-01,-3.011076139560661669e-01,9.275577650863200407e-01,1.596772812079859438e+00
-9.193803727261540271e-01,2.774834163534182219e-01,2.788237505930083460e-01,2.844655885013737118e-01,-3.380411527054785203e-01,-9.197934456891274646e-01,-1.992691555280776405e-01,4.224910101435974674e+00,2.011663722481178418e-01,-2.774580525343552373e-01,9.394408548495082334e-01,1.656542200205891158e+00
-9.190370965162467654e-01,2.885988629272361328e-01,2.684800021306835704e-01,1.644146486311253152e-01,-3.455090291446198392e-01,-9.176556191591016542e-01,-1.962948685148641070e-01,4.178095961809244585e+00,1.897217067352286735e-01,-2.731645309018569390e-01,9.430730687760310316e-01,1.674017215831303584e+00
-9.312199028398581158e-01,2.568932382406694526e-01,2.585253502098900369e-01,3.470693919368347813e-02,-3.068507794031536395e-01,-9.353772231796463332e-01,-1.758182286806770633e-01,4.113822624113993243e+00,1.966522100933553174e-01,-2.430541390368738952e-01,9.498697772655170235e-01,1.707261050366540855e+00
-9.318235589772189131e-01,2.501761042597056006e-01,2.629006880791011636e-01,-4.382781721558463850e-02,-2.985518951056821968e-01,-9.403026771536313611e-01,-1.633941286170315366e-01,4.060242354801266274e+00,2.063289142699928636e-01,-2.307439970945070751e-01,9.508867371779965438e-01,1.729738032001949533e+00
-9.022256962326892227e-01,3.479142185035990487e-01,2.548420876159737114e-01,-1.810416665945083214e-01,-4.018218095985633398e-01,-8.927560754911828544e-01,-2.037788580901288560e-01,4.019488761055397319e+00,1.566142598500343541e-01,-2.862556309255949727e-01,9.452669926401829903e-01,1.725454672333914585e+00
-8.404343734100196972e-01,4.786085896311861321e-01,2.541729370372715069e-01,-3.019266349033238872e-01,-5.282799214724827053e-01,-8.281285613777651378e-01,-1.874124072718241774e-01,3.939493642518625105e+00,1.207906807660842213e-01,-2.917822882932390449e-01,9.488270167308829883e-01,1.718247272982616591e+00
-6.966029371088926503e-01,6.584183718101370708e-01,2.850080624721880729e-01,-3.635511250103112824e-01,-7.141574986644791956e-01,-6.743940462514323997e-01,-1.875412954042786629e-01,3.808523091842933805e+00,6.872710609765134149e-02,-3.341824622021745128e-01,9.399992908741658937e-01,1.715668026299330906e+00
-5.065563329697388983e-01,8.079171195615982848e-01,3.011156081101403204e-01,-3.825396480272699185e-01,-8.620991320823377935e-01,-4.690804589018799375e-01,-1.916992684891654364e-01,3.669998039301070047e+00,-1.362967318500827620e-02,-3.566979828870506797e-01,9.341203246976160779e-01,1.694422649180683305e+00
-3.441061443901545780e-01,8.965321768539598057e-01,2.789641863365989738e-01,-3.820799479378143571e-01,-9.331998134899621711e-01,-2.937856491862992914e-01,-2.069495118005455769e-01,3.536896623776482507e+00,-1.035812217307814781e-01,-3.315419252488041035e-01,9.377371072465222612e-01,1.676145853995308910e+00
-2.260668787075930386e-01,9.349023354546530662e-01,2.735898198267625037e-01,-3.428274380419035761e-01,-9.643171607303743231e-01,-1.750573543311279567e-01,-1.986135348245308130e-01,3.387576457639017047e+00,-1.377903475295545188e-01,-3.087273001469421629e-01,9.411170353742753791e-01,1.635819427789995339e+00
-7.514643940651140330e-02,9.593082498545791870e-01,2.721776890295503626e-01,-3.155863959878493774e-01,-9.832250969338984792e-01,-2.578985714590796910e-02,-1.805638170501484840e-01,3.186888880429780802e+00,-1.661969356030645051e-01,-2.811806626162918765e-01,9.451539628900756940e-01,1.580746428760216205e+00
1.054247028263262664e-01,9.559486469544837828e-01,2.739485652816444072e-01,-2.731504815786796048e-01,-9.675345268963448930e-01,1.622381591479261365e-01,-1.937929796967841622e-01,2.977828607857447185e+00,-2.297010476629277320e-01,-2.446241282093469804e-01,9.420172315835687593e-01,1.497718436149494181e+00
2.527411527585591844e-01,9.340606880977315729e-01,2.522945513733220735e-01,-1.907941225922416828e-01,-9.363898713941267715e-01,3.017709532722032129e-01,-1.791878916435936941e-01,2.791141366685888414e+00,-2.435075326407068752e-01,-1.909579082195267952e-01,9.509149062012113296e-01,1.429985533428173028e+00
3.470251809257476894e-01,9.069140114025920907e-01,2.389152563674203367e-01,-1.136616137497974272e-01,-9.071319501172111499e-01,3.892532598589336090e-01,-1.599797636132103962e-01,2.562322732426545180e+00,-2.380864315327460567e-01,-1.612106560089993368e-01,9.577713586807404811e-01,1.399327697568079731e+00
3.658269447312497147e-01,8.966789427130726908e-01,2.492739862150966934e-01,-3.501868853865924835e-02,-8.986875299152062846e-01,4.099692779396258424e-01,-1.558393875776173110e-01,2.429855833899176254e+00,-2.419325734238859105e-01,-1.670091759174541501e-01,9.558119925361208136e-01,1.331029095943288665e+00
3.460115750690814229e-01,9.059564487798817956e-01,2.439649623047491500e-01,5.875621326292619628e-02,-9.085221522398715388e-01,3.884458259708384320e-01,-1.539394009838437882e-01,2.266074076327419640e+00,-2.342295643330379595e-01,-1.683827580246196609e-01,9.574882547542702405e-01,1.297593628610151706e+00
2.952555418270192966e-01,9.159617165023028473e-01,2.717320351423195834e-01,1.825925153707248783e-01,-9.154465698451580424e-01,3.526247931512953016e-01,-1.939415711335249204e-01,2.081149134256227384e+00,-2.734625070812578551e-01,-1.914938358202686597e-01,9.426284358450436329e-01,1.239944430840541179e+00
2.957172183960579126e-01,9.138725265999761982e-01,2.781875839606657852e-01,2.533791144834509623e-01,-9.187267381758625895e-01,3.518581199831059547e-01,-1.792680784821821804e-01,1.901138593865387305e+00,-2.617107321162768785e-01,-2.025657140972498549e-01,9.436496299832021206e-01,1.158738924913756740e+00
3.385728704887339124e-01,8.975586134352635526e-01,2.824127242480140021e-01,3.841169568734131290e-01,-9.056474867291562925e-01,3.922800620123556015e-01,-1.609937350605438744e-01,1.631542788328516069e+00,-2.552861945937950350e-01,-2.012582629253976962e-01,9.456870890807758112e-01,1.086224393622130746e+00
3.129746005394925534e-01,9.073106923711817817e-01,2.807742989058480410e-01,4.462222124578132942e-01,-9.128804314112287654e-01,3.689576633296377528e-01,-1.746984848726000628e-01,1.473405384657707984e+00,-2.620996325132740057e-01,-2.016371745964998519e-01,9.437405535724042727e-01,1.023231995013841766e+00
2.815318907321812669e-01,9.268326657802227198e-01,2.484371231186829621e-01,5.632806351371806297e-01,-9.327474164760792830e-01,3.251042768966309060e-01,-1.558507818418565505e-01,1.260531176173055767e+00,-2.252155668641983299e-01,-1.878521194616750711e-01,9.560279962719685498e-01,9.707551372747741381e-01
2.601604106539484595e-01,9.259238557549424042e-01,2.738276356985686610e-01,6.650801713505903878e-01,-9.308648564711484719e-01,3.158579641670760663e-01,-1.836419490725850756e-01,1.074667121987679330e+00,-2.565291011080742534e-01,-2.071201579183673258e-01,9.440837147565647181e-01,8.899896975295129575e-01
2.551578456924845084e-01,9.250212313987261625e-01,2.814785875393598924e-01,7.841358930621497025e-01,-9.277631654091254010e-01,3.162117674472829099e-01,-1.981555627225872751e-01,8.103947326490729131e-01,-2.723049443025408189e-01,-2.105845188741292673e-01,9.388845390775919508e-01,7.880917711537009929e-01
2.752237827942142778e-01,9.131124640457467523e-01,3.007947761992325608e-01,9.083429495095267647e-01,-9.232043879186304647e-01,3.383189383977790454e-01,-1.823018212996968535e-01,5.664617801071252234e-01,-2.682266346063153506e-01,-2.275212603817570456e-01,9.361028514869867978e-01,7.061590392196048782e-01
2.669880790024460882e-01,9.112816897107829384e-01,3.135012721958916893e-01,1.036506103890503239e+00,-9.302200481581598401e-01,3.286967633296514202e-01,-1.632455199423304137e-01,2.858645964144275742e-01,-2.518095067212796079e-01,-2.480405607445489991e-01,9.354506147041202757e-01,5.929142231115798189e-01
2.290859520708644070e-01,9.243463445997072148e-01,3.051285987726214954e-01,1.175667426176164154e+00,-9.386921199041489139e-01,2.927484356663213050e-01,-1.820864010429567581e-01,-9.232367875001867841e-03,-2.576368191731147617e-01,-2.447083746831721363e-01,9.347411838398268502e-01,4.994617146969115851e-01
2.383114332677620517e-01,9.199455984817767051e-01,3.113001069833885026e-01,1.235221431381755774e+00,-9.378506983949209674e-01,3.012509732605280210e-01,-1.722902162914170254e-01,-2.110789245676289450e-01,-2.522770863436145095e-01,-2.508942943623648225e-01,9.345631732324938268e-01,4.304075187138398095e-01
2.758224821187426068e-01,9.100650860242323059e-01,3.093598189124777131e-01,1.363991265121912377e+00,-9.255831724580673159e-01,3.382779075427535531e-01,-1.698936377000494213e-01,-4.858770874269479623e-01,-2.592638602279832560e-01,-2.394777577734548968e-01,9.356455815700109868e-01,3.550056559211857143e-01
2.793817713056176988e-01,9.070594538096520276e-01,3.149428092791921596e-01,1.444368194610589740e+00,-9.219284774152716189e-01,3.450697816428998088e-01,-1.759963872574669963e-01,-7.172922964480561436e-01,-2.683164333262022527e-01,-2.411845622162739067e-01,9.326501479952978846e-01,2.635037539617436364e-01
2.615028119257018502e-01,9.245732256681437056e-01,2.770931787910936306e-01,1.627087496430803748e+00,-9.295841338303634238e-01,3.185204523539624244e-01,-1.855210488410408698e-01,-9.889382214361174261e-01,-2.597876392090348596e-01,-2.090671466534836653e-01,9.427625950918757658e-01,1.915616163091834467e-01
2.872764966686306987e-01,9.180633478283642956e-01,2.731884035532475830e-01,1.723622512152615638e+00,-9.171715179514928762e-01,3.458838551078269319e-01,-1.978907916864804661e-01,-1.229051776645802008e+00,-2.761677409118456494e-01,-1.937112494150037001e-01,9.413858564529886674e-01,1.003534817501466891e-01
3.818880385685866075e-01,8.834057984255188067e-01,2.715800458546378526e-01,1.815942083027459075e+00,-8.992410758267767035e-01,4.230078870523021894e-01,-1.114890803507119499e-01,-1.427466677517293947e+00,-2.133706014054850553e-01,-2.016395863904615615e-01,9.559364328532238275e-01,3.631232569647549480e-02
5.394222560293909785e-01,7.928340624698815287e-01,2.836155480358300007e-01,2.024271696279709598e+00,-8.000544427973685924e-01,5.876060658919441959e-01,-1.209628037339740697e-01,-1.643382954549141406e+00,-2.625576474992754039e-01,-1.616578507666561748e-01,9.512782038001043050e-01,-3.038045558970078885e-02
6.990376644227832559e-01,6.467236680371002411e-01,3.051144718281597612e-01,2.243370336218651229e+00,-6.628743893679142074e-01,7.460969254218208224e-01,-6.274489458290909150e-02,-1.803219762958349293e+00,-2.682235777079530203e-01,-1.583915246367152418e-01,9.502464087197612930e-01,-1.315452805720630503e-01
8.759145505325427461e-01,4.097920676942000684e-01,2.546451676751078641e-01,2.503780096739377292e+00,-4.057420135930025484e-01,9.112426243175141272e-01,-7.078345874867383869e-02,-1.878680755927464974e+00,-2.610500307812050891e-01,-4.131998162924315626e-02,9.644405324058565876e-01,-1.744976378922754034e-01
9.548629683317412242e-01,1.600969191066871911e-01,2.502112871179894560e-01,2.701982270464659219e+00,-1.476182520060643766e-01,9.867043757863376285e-01,-6.799504745764638203e-02,-1.890492970620744506e+00,-2.577703694829344139e-01,2.799020001072027516e-02,9.658006964793474092e-01,-2.260705265889977333e-01
9.711430707236656801e-01,-1.316676582486986380e-01,1.988586532105434401e-01,2.873309676077850039e+00,1.369716224077108246e-01,9.904884329152148226e-01,-1.309346845420376708e-02,-1.832982579820153557e+00,-1.952432094604234780e-01,3.995362352109890075e-02,9.799407110265032639e-01,-2.568737329052614426e-01
9.276850493207409176e-01,-3.410764672634941097e-01,1.518792044548135933e-01,3.046718211009150412e+00,3.445145393827507840e-01,9.387728804463650878e-01,3.900140039230035310e-03,-1.758793877539904349e+00,-1.439103242323616361e-01,4.870649255991740117e-02,9.883913679114404438e-01,-3.032071730070316495e-01
8.866301516023167295e-01,-4.340676826267259591e-01,1.596001916311964308e-01,3.230727350494062566e+00,4.431777959170653536e-01,8.960882290107227144e-01,-2.488628205494682749e-02,-1.673368095164291969e+00,-1.322135222877853511e-01,9.279618918625009982e-02,9.868680012021709969e-01,-3.535287875360514920e-01
9.043978199622721981e-01,-3.894708687501988176e-01,1.742900618005874536e-01,3.473579565810264391e+00,4.018153447695892444e-01,9.148120452673510483e-01,-4.078419475068727207e-02,-1.544237819937226197e+00,-1.435583921447413647e-01,1.069175580937540698e-01,9.838493908195942161e-01,-3.630062815660713982e-01
9.007354851109362626e-01,-4.116589565029483144e-01,1.386091244935470368e-01,3.708767074193341173e+00,4.221748959659438749e-01,9.047590042464511706e-01,-5.638706811951193359e-02,-1.459084544609539957e+00,-1.021956118339153868e-01,1.093071258696054898e-01,9.887406177334979729e-01,-4.119158660483519530e-01
8.926886050016886731e-01,-4.264444037955550382e-01,1.457814287609719706e-01,3.941101440967748282e+00,4.377605716946888492e-01,8.973709498830140241e-01,-5.559730367199747919e-02,-1.401529994196919704e+00,-1.071108601854913051e-01,1.134484410536820559e-01,9.877533674216527615e-01,-4.107968733092697833e-01
8.837062014603316307e-01,-4.306459629171744963e-01,1.833232230888629244e-01,4.128514179075858159e+00,4.475801734205200333e-01,8.920975522905416621e-01,-6.191886270016067756e-02,-1.296246308778856271e+00,-1.368770903453409016e-01,1.367699229376245218e-01,9.811007340320517800e-01,-4.183824681655468058e-01
9.149364164927240584e-01,-3.591115575791409276e-01,1.842016367694207513e-01,4.305014558747496167e+00,3.793324679082180073e-01,9.210086576206750753e-01,-8.859983847853569738e-02,-1.200619758140291093e+00,-1.378340762152485133e-01,1.509368801878629152e-01,9.788870341530961916e-01,-4.225103850897530822e-01
9.195987270307411920e-01,-3.546282658375008445e-01,1.690472546731377479e-01,4.459944550019248943e+00,3.721185255615815923e-01,9.242491207918819285e-01,-8.538949378762851483e-02,-1.138501907604535290e+00,-1.259602484012805335e-01,1.414296849481035123e-01,9.819020623454098873e-01,-4.507731954613535819e-01
8.996925542892307837e-01,-3.896544065558372183e-01,1.967809726780899993e-01,4.542720602820601528e+00,4.104238074153004900e-01,9.086131312016708650e-01,-7.729473536162227709e-02,-1.096515263615007729e+00,-1.486795415087268368e-01,1.503050939240357375e-01,9.773959139863654944e-01,-4.551064036727231477e-01
8.873360429730362542e-01,-3.944942581245984847e-01,2.387656322582334678e-01,4.621020823369653030e+00,4.251999611034004700e-01,9.003486996656479002e-01,-9.261323926978891341e-02,-1.068653522095598607e+00,-1.784369354102960381e-01,1.837022028095990078e-01,9.666507956673309199e-01,-4.763755516779223931e-01
8.925997576463715610e-01,-3.775794245741384003e-01,2.463725853010003131e-01,4.617421510319906552e+00,4.111165789408769422e-01,9.059685454422879980e-01,-1.010156086411104631e-01,-1.033106285068860597e+00,-1.850643973582870028e-01,1.914543622053223870e-01,9.638964654064089421e-01,-4.616405724335779781e-01
8.967939921302361395e-01,-3.827101680622755908e-01,2.220213119068890906e-01,4.749453950224344467e+00,4.104089965329702494e-01,9.070167981020456072e-01,-9.426019056586266986e-02,-9.706701933184027631e-01,-1.653027260631592388e-01,1.756515164251565564e-01,9.704749113365230828e-01,-5.461708992420597486e-01
8.919104497590542024e-01,-4.016340589517877202e-01,2.078120119254679432e-01,4.953574354189353102e+00,4.290922589447928037e-01,8.967122579770441249e-01,-1.085677655078389620e-01,-9.045083774305239244e-01,-1.427430661162000514e-01,1.860032501963932716e-01,9.721250989415535226e-01,-5.731514817365080949e-01
8.823275191796269290e-01,-4.283412434142553904e-01,1.949921231451465786e-01,5.211480120639061298e+00,4.544349938031055358e-01,8.831636655375775247e-01,-1.162358648670900468e-01,-7.519407628392206222e-01,-1.224213433413221669e-01,1.911693465609968223e-01,9.738928563399306126e-01,-6.123847730117574217e-01
8.670067780020084269e-01,-4.517925088472560802e-01,2.101969929567867323e-01,5.409154107740198114e+00,4.792078511100190674e-01,8.716163838253104812e-01,-1.031732275438062424e-01,-6.126932697815240525e-01,-1.365982515740642167e-01,1.901799368934329326e-01,9.721998299064446014e-01,-6.236941726176801204e-01
8.879853540645821219e-01,-4.105704770958088501e-01,2.071566902229225737e-01,5.619744473300179344e+00,4.383685942848620232e-01,8.918534954943888593e-01,-1.114913365206156304e-01,-4.856555711485485149e-01,-1.389783670630438117e-01,1.898136610251193457e-01,9.719340448696773826e-01,-6.182895982793794598e-01
8.936307531653236991e-01,-4.080699808426427877e-01,1.868233597071277396e-01,5.831392227369914139e+00,4.316133082619263983e-01,8.955080270283126698e-01,-1.085141726183884159e-01,-3.781802767873025384e-01,-1.230204419125902060e-01,1.776070501498834830e-01,9.763819470927803668e-01,-6.613782223586390785e-01
8.681276919202344233e-01,-4.722059403907406527e-01,1.528916622348656384e-01,6.037222758538113965e+00,4.896461412973830973e-01,8.651969742327974000e-01,-1.080779907797813633e-01,-2.755748343219973640e-01,-8.124633427932055618e-02,1.686883091328725548e-01,9.823152689071195098e-01,-6.912541083196873659e-01
8.400454725381711896e-01,-5.102256997189782428e-01,1.843728272126802237e-01,6.292810250973849051e+00,5.307275033965133115e-01,8.433404171619250933e-01,-8.429269197061732555e-02,-1.239599491661303177e-01,-1.124807592729612227e-01,1.686614245387140498e-01,9.792351110259226443e-01,-7.032093591178046887e-01
8.487883967498177640e-01,-4.979871520934975315e-01,1.776711960129691570e-01,6.453095636578227712e+00,5.192492803858553829e-01,8.484514328321727250e-01,-1.025200026521842361e-01,-3.049206963630091138e-03,-9.969173667683089990e-02,1.792734293609628549e-01,9.787352017596580023e-01,-7.110897920976818609e-01
8.657997946303300774e-01,-4.692430742729037929e-01,1.737862274893767212e-01,6.617159242467678837e+00,4.902494604453762062e-01,8.650186035381894900e-01,-1.067627372534889485e-01,1.388529254890328857e-01,-1.002306447704137821e-01,1.776337602477468247e-01,9.789790932748023700e-01,-7.183321423587225585e-01
8.623908400676145725e-01,-4.774629945341505866e-01,1.682591091678330986e-01,6.802911447883084328e+00,4.986230099817385297e-01,8.585712414899424605e-01,-1.192917314953950841e-01,2.365998737150906694e-01,-8.750504490726346285e-02,1.867739600075448425e-01,9.784980096959211560e-01,-7.830038306190564290e-01
8.479792399089209898e-01,-5.061109980580551504e-01,1.574257486187218558e-01,7.031974286118263251e+00,5.249440007987985490e-01,8.429889464035539293e-01,-1.174880090340144484e-01,3.604032188083532429e-01,-7.324619245282860958e-02,1.822670949077336566e-01,9.805170581917785899e-01,-7.899252136095967769e-01
8.362560389822134566e-01,-5.239424716420549855e-01,1.617409152793144178e-01,7.245127239499793426e+00,5.411021477061229712e-01,8.362677107093241524e-01,-8.868360487038587370e-02,5.480590137599442579e-01,-8.879359781874610058e-02,1.616805567611635241e-01,9.828403199664756951e-01,-8.282403015219668152e-01
8.231548321391313205e-01,-5.456802206023322332e-01,1.570006979901236999e-01,7.399648913654942817e+00,5.631446966998959747e-01,8.199518344954561666e-01,-1.026987813282985301e-01,6.939358874452417059e-01,-7.269231668325282225e-02,1.729511085565089146e-01,9.822442370125150646e-01,-8.389332172682301136e-01
8.517617926909452075e-01,-5.017493644577579737e-01,1.508291211210245342e-01,7.569645147013420505e+00,5.197746084589501825e-01,8.454174016947744175e-01,-1.228974097082650152e-01,8.335004312612440680e-01,-6.584986646341667305e-02,1.830764653850733004e-01,9.808908210952225204e-01,-8.311959189338949949e-01
8.398731792149093378e-01,-5.317791047559113915e-01,1.087383399746367357e-01,7.748462414744889060e+00,5.424967066519943426e-01,8.289155988093332983e-01,-1.363680802911882706e-01,9.394643967139144625e-01,-1.761721053907880016e-02,1.735220844606394641e-01,9.846723922692552922e-01,-8.785042336806586638e-01
8.310956901778749906e-01,-5.367248107237440058e-01,1.456242813589818941e-01,7.935223676110345181e+00,5.529994968986206016e-01,8.253248135192166046e-01,-1.141512532534895152e-01,1.060313707849951603e+00,-5.891952306011471324e-02,1.754007689351182731e-01,9.827324458159196752e-01,-8.762207804479904549e-01
8.431805572431316786e-01,-5.205530754800570259e-01,1.344285813932930007e-01,8.116579330960476568e+00,5.347463595537425007e-01,8.378825594171994684e-01,-1.095406206322664805e-01,1.136527523640812998e+00,-5.561365687651551731e-02,1.642477160655101409e-01,9.848501454211633366e-01,-8.672828841202444572e-01
8.640197593890666106e-01,-4.790086043594830034e-01,1.549858455951282354e-01,8.297714679137536464e+00,4.980925765540323846e-01,8.581228497391193422e-01,-1.246152476119095631e-01,1.294373641246934215e+00,-7.330511965082675552e-02,1.848673354197337693e-01,9.800257280948228011e-01,-8.212878519549664524e-01
8.662639551996852427e-01,-4.751276746528891315e-01,1.544035384980968761e-01,8.488314754245923410e+00,4.942877351308109235e-01,8.600093824769986517e-01,-1.267418516149429186e-01,1.429188749182255691e+00,-7.256993055700279582e-02,1.861116730096992189e-01,9.798449113755117734e-01,-8.483563079304232701e-01
8.526008167244985003e-01,-5.032963369258517394e-01,1.405867865687766283e-01,8.718914875658157371e+00,5.203123417936409423e-01,8.425709361842974587e-01,-1.391017055061996854e-01,1.559753808238338646e+00,-4.844496153298755853e-02,1.917472678671993391e-01,9.802479640211112510e-01,-8.540592349001180361e-01
8.418796563604129535e-01,-5.158928129177465793e-01,1.584084902594713185e-01,8.909326258567437762e+00,5.341628792046488883e-01,8.383982118601615019e-01,-1.084364183726245073e-01,1.668235700177931324e+00,-7.686782608003007999e-02,1.759063498839597006e-01,9.814011888031489717e-01,-8.377988455440431581e-01
8.766081860440961826e-01,-4.567579945854532975e-01,1.514272846707330478e-01,9.098011531488218395e+00,4.755928899219450945e-01,8.702889877466298829e-01,-1.280955926745267481e-01,1.813685531406372897e+00,-7.327681226806143089e-02,1.843073850642471534e-01,9.801333055225764923e-01,-8.285595344017906427e-01
9.175007540941430006e-01,-3.632876794172754109e-01,1.619087033494082117e-01,9.281619275587788209e+00,3.855970767567841184e-01,9.122620383868348393e-01,-1.381769434996994728e-01,1.947707971703960705e+00,-9.750518259712302738e-02,1.892089725724110938e-01,9.770837753564408645e-01,-8.147569858701683154e-01
9.245224586034245240e-01,-3.571135182464547086e-01,1.331471314881212953e-01,9.467056611893038820e+00,3.752200191768376714e-01,9.141139533679824014e-01,-1.536411971669410514e-01,1.974702508686470015e+00,-6.684430227632985611e-02,1.920042065778675422e-01,9.791150207762087110e-01,-8.291271819280118249e-01
9.158057041990657066e-01,-3.718161449482745295e-01,1.518310459433578063e-01,9.635617314412117551e+00,3.910649812758269506e-01,9.116629532744187081e-01,-1.262491189937635094e-01,2.057315375601767471e+00,-9.147727901608873613e-02,1.749954684635235125e-01,9.803104066779287917e-01,-8.427274673085083379e-01
9.101560476353972584e-01,-3.883254381808098898e-01,1.442890259666045061e-01,9.879622382576632944e+00,4.070449475733795563e-01,9.030406099882767323e-01,-1.372299798403573412e-01,2.189195128191839590e+00,-7.700895797044667035e-02,1.836328150785752900e-01,9.799737800669083843e-01,-8.721195192468781388e-01
9.379268522630662686e-01,-3.157365977749300168e-01,1.435396134501040200e-01,1.005278911802209230e+01,3.347086336838533960e-01,9.324554386996047883e-01,-1.360036226613646204e-01,2.305227309562102089e+00,-9.090297212622409917e-02,1.756053975965401748e-01,9.802547597403349355e-01,-8.626429152856970317e-01
9.313647068107414606e-01,-3.382537808792074330e-01,1.347002695923800175e-01,1.027033064019788533e+01,3.547199775974718139e-01,9.263999868182828390e-01,-1.263202355774157848e-01,2.410924769538275836e+00,-8.205803068918723908e-02,1.654310857850059269e-01,9.828016256882201596e-01,-9.021998219706037769e-01
9.353094498800826884e-01,-3.312786444538958763e-01,1.243008153384507347e-01,1.046331167744613921e+01,3.471810423112599575e-01,9.270253357132179906e-01,-1.417369069983616392e-01,2.501818610459055847e+00,-6.827559464904911501e-02,1.757227551416847000e-01,9.820692218477964364e-01,-9.191898141626715368e-01
9.421592691206666093e-01,-2.975149835650591768e-01,1.543397102637273088e-01,1.067792072228651179e+01,3.210537769629802640e-01,9.333231583152915567e-01,-1.607244674907140902e-01,2.568819949510025236e+00,-9.623088853280661881e-02,2.009793937364011407e-01,9.748573738683711243e-01,-9.146898987307362505e-01
9.594808575146881457e-01,-2.436286322819912753e-01,1.415682647886963297e-01,1.089535304274560978e+01,2.662890290555758321e-01,9.482612911762339225e-01,-1.728892034264142286e-01,2.667098064482868125e+00,-9.212294539100815416e-02,2.035819569342718072e-01,9.747141887462702492e-01,-9.303906211097167089e-01
9.597158417082325421e-01,-2.191828984976568473e-01,1.757963599748928185e-01,1.110030164759249338e+01,2.490017850769846441e-01,9.533328846656186073e-01,-1.707469532483819608e-01,2.754329207471797769e+00,-1.301676388459561684e-01,2.076421633996715643e-01,9.695056048192680631e-01,-9.341231462364445459e-01
9.639572174806163574e-01,-2.355926814349804110e-01,1.236226974357895192e-01,1.131268737117778045e+01,2.534785386804584983e-01,9.544048377475716771e-01,-1.576706571066741336e-01,2.798431647438127001e+00,-8.084004759674537355e-02,1.833234685966502742e-01,9.797231203591404425e-01,-9.824245576682771874e-01
9.559520857975760677e-01,-2.634113650269139795e-01,1.294992758046119297e-01,1.156948471441091009e+01,2.811322987769496184e-01,9.485033931800646023e-01,-1.459655565888456075e-01,2.845198476559554379e+00,-8.438151600705463828e-02,1.759425073726117172e-01,9.807772396705541906e-01,-9.952734714095013979e-01
9.451166381159228358e-01,-3.143605645146800298e-01,8.906164064548084680e-02,1.174751605160520640e+01,3.241977634536005182e-01,9.361628968221162861e-01,-1.359957381144963895e-01,2.972107081888057500e+00,-4.062450649714015316e-02,1.574054195116392774e-01,9.866981217070551757e-01,-1.010755446626959708e+00
8.965780545161576853e-01,-4.345486920489961546e-01,8.552909679475248494e-02,1.178405179236063027e+01,4.426883829211030741e-01,8.850732857229480777e-01,-1.437785607324103265e-01,2.998709918210984871e+00,-1.322073321409173059e-02,1.667714398153689603e-01,9.859069424013570115e-01,-9.637307189367126936e-01
6.799049232047007507e-01,-7.305152279955513528e-01,6.384980085024015428e-02,1.191666682754024542e+01,7.297988110435202902e-01,6.655896922602634325e-01,-1.561539527400824801e-01,3.208295288083460317e+00,7.157507108953731212e-02,1.527673499917269195e-01,9.856668534423965733e-01,-9.296742052007449519e-01
3.481921682159297982e-01,-9.331820520252843698e-01,8.907003857059118956e-02,1.197490903974594723e+01,9.313889979888578807e-01,3.336222284343068334e-01,-1.456390851380163498e-01,3.373269749295595421e+00,1.061920355695286922e-01,1.336692428062821181e-01,9.853201434605897147e-01,-8.903096181941104748e-01
4.102947277398336784e-02,-9.940392900650557584e-01,1.010072877115618661e-01,1.190805055830746895e+01,9.903799466002664031e-01,2.708984625032744356e-02,-1.356970950396026998e-01,3.523681380151867160e+00,1.321519721227880362e-01,1.056031724764504298e-01,9.855880611223782894e-01,-8.644563982147227543e-01
-2.868409774684587132e-01,-9.539138587608035902e-01,8.815102783864901814e-02,1.179710326142390997e+01,9.463960917956869556e-01,-2.964362496765697297e-01,-1.282964820700085162e-01,3.686458942002867722e+00,1.485149523744618283e-01,4.662509991154446809e-02,9.878104114552811454e-01,-8.336619911756280032e-01
-4.766633534739425637e-01,-8.753383662704145030e-01,8.108509104647049215e-02,1.161866423840345774e+01,8.622885614562042500e-01,-4.835072561919445677e-01,-1.505960490568299948e-01,3.850694756411308095e+00,1.710277294381375157e-01,-1.864871249348497295e-03,9.852644508041791260e-01,-7.806423467943088834e-01
-6.083225362334463426e-01,-7.905107975873013615e-01,7.096739257147142987e-02,1.149626828732323780e+01,7.740619948807709871e-01,-6.106644575456442459e-01,-1.670836568060606042e-01,3.933995938168317164e+00,1.754186990936481005e-01,-4.670759240606148915e-02,9.833853165570062282e-01,-7.339177433867751787e-01
-7.490510961143947988e-01,-6.620576259196576663e-01,2.453885432223016499e-02,1.132697283289970436e+01,6.437849800493422592e-01,-7.361224810814737118e-01,-2.089607434647081929e-01,3.962823514927108715e+00,1.564076560552280504e-01,-1.407245280968479340e-01,9.776161068227297024e-01,-7.137777539324098308e-01
-8.644535072698100731e-01,-5.024143885001535192e-01,1.731808294640092144e-02,1.116005502084551715e+01,4.843367496280331364e-01,-8.415891807202959818e-01,-2.390513832929922755e-01,4.040290983294069882e+00,1.346775657957720307e-01,-1.982610227012784609e-01,9.708524708465084974e-01,-7.145890718538236985e-01
-9.021796267259969415e-01,-4.283847024297626205e-01,5.058129935758460399e-02,1.098090139760799566e+01,4.034322113534229981e-01,-8.794542527733022474e-01,-2.525919003480513458e-01,4.106251074633834541e+00,1.526904448975954232e-01,-2.074771409170554914e-01,9.662498973008279979e-01,-7.020158186952142332e-01
-9.266565205070131928e-01,-3.694948835715238800e-01,6.914639554089926921e-02,1.079178498494679594e+01,3.411561794771115763e-01,-9.038831920137637699e-01,-2.580845528108770548e-01,4.177752861509598681e+00,1.578611865102180767e-01,-2.155660135769895680e-01,9.636447164718504599e-01,-6.849877081513154886e-01
-9.271089744675634625e-01,-3.697919629348251358e-01,6.101519163707185001e-02,1.062004968965029228e+01,3.435534060292148029e-01,-9.035665335015085065e-01,-2.560050326493465422e-01,4.208496814972980893e+00,1.497998887430349868e-01,-2.163825863716295761e-01,9.647479306262856102e-01,-6.507430936454480230e-01
-8.773294202783868956e-01,-4.745615900263702169e-01,7.130487771274841846e-02,1.046934867334261199e+01,4.399199652896265134e-01,-8.546984851812101658e-01,-2.756100933719931589e-01,4.255198526916019297e+00,1.917381351050468641e-01,-2.104324041125496259e-01,9.586212447290396454e-01,-6.167419742671021998e-01
-8.217248445688154490e-01,-5.670398350356903316e-01,5.686919465800569645e-02,1.035364559997709044e+01,5.403691329318015546e-01,-8.069754940327251713e-01,-2.383102016388981281e-01,4.313108061608707189e+00,1.810234238790300876e-01,-1.650950559930103312e-01,9.695226364009144060e-01,-5.780198932720206351e-01
-7.569525585111829269e-01,-6.520318743178297183e-01,4.332734744879838257e-02,1.016237534016707045e+01,6.227811585162726926e-01,-7.398968153459885011e-01,-2.543547350414248620e-01,4.428264657331747678e+00,1.979051610254301263e-01,-1.655510118194410407e-01,9.661399534876196071e-01,-5.441259841831550537e-01
-7.487997161975886717e-01,-6.610960970281560822e-01,4.744402508795177859e-02,9.999222494020388652e+00,6.298118382728574716e-01,-7.320101833619074849e-01,-2.598040412038093439e-01,4.520334277623999419e+00,2.064849471360390154e-01,-1.646603836646927665e-01,9.644951656994581457e-01,-5.172315909347555696e-01
-7.333850920796854966e-01,-6.783887202300390440e-01,4.398921435895131876e-02,9.792805209939929867e+00,6.503142224703244434e-01,-7.189456013675253887e-01,-2.453744777418887246e-01,4.696495160581196870e+00,1.980851301034151912e-01,-1.513471722198180824e-01,9.684298191882464435e-01,-4.848640205770513578e-01
-7.081070528116518714e-01,-7.031089517660968902e-01,6.497848647647694320e-02,9.608907004417050146e+00,6.729004986903329710e-01,-6.998326938627221772e-01,-2.396645978511353914e-01,4.795235801379531537e+00,2.139843934045101703e-01,-1.259841360934929044e-01,9.686788305894177276e-01,-4.341899472471518751e-01
-6.580010034732524105e-01,-7.507293116754013562e-01,5.865304782846218062e-02,9.442615317447215162e+00,7.260100896091730149e-01,-6.531475798607343508e-01,-2.151919810488907014e-01,4.911247434800777967e+00,1.998600240515155391e-01,-9.901383495977428284e-02,9.748088178061828923e-01,-3.924232452390604697e-01
-6.576503695196893595e-01,-7.519795158367572618e-01,4.497554038062278464e-02,9.286164756874519810e+00,7.225155463891599350e-01,-6.465291732006471781e-01,-2.448904110545390977e-01,5.040936703572733713e+00,2.132305716743929935e-01,-1.285567421895929818e-01,9.685070404189181081e-01,-3.828729743658561557e-01
-6.752918765214416252e-01,-7.356076552275669922e-01,5.350008481065882809e-02,9.046161862877537985e+00,7.042038452506858004e-01,-6.646262090232829545e-01,-2.497377556828110079e-01,5.215526686087375019e+00,2.192665634297597810e-01,-1.309709122283951310e-01,9.668344192837607931e-01,-3.157431754126244217e-01
-6.686517906498268271e-01,-7.400616880820639620e-01,7.220443680205974879e-02,8.856391581750832742e+00,7.096889117602557251e-01,-6.641437774543232919e-01,-2.350631646882304082e-01,5.386039734338744722e+00,2.219153698717657719e-01,-1.059327178062845348e-01,9.692945000941939337e-01,-2.613808614811752862e-01
-6.174449745653154409e-01,-7.829397154079177357e-01,7.594146048768324331e-02,8.710397943136067411e+00,7.507074992332296581e-01,-6.153432882614949806e-01,-2.403973547827036039e-01,5.511715335899928903e+00,2.349467045502574292e-01,-9.142231471854783686e-02,9.676993367738135898e-01,-2.177205002000683343e-01
-5.974561015082660020e-01,-7.961305235963502813e-01,9.603330760076106420e-02,8.513092395050364303e+00,7.608937259394861208e-01,-6.006296660054341041e-01,-2.455295137862791022e-01,5.626185752766684978e+00,2.531539938386698219e-01,-7.362196487733457806e-02,9.646205791352021608e-01,-1.712079610403599850e-01
-6.404261541056399665e-01,-7.596196855302494999e-01,1.132796296444362888e-01,8.414142776518630740e+00,7.231081965941401624e-01,-6.460794977153067054e-01,-2.443272777450507804e-01,5.762800377155953946e+00,2.587834561092106633e-01,-7.456015012632299932e-02,9.630534288695068446e-01,-1.339379775105821457e-01
-6.493336674701137845e-01,-7.554706213666597669e-01,8.734946217167932625e-02,8.298910318639899586e+00,7.222270203835153835e-01,-6.485508269995824415e-01,-2.403538138372405819e-01,5.878761822112696933e+00,2.382308110168777360e-01,-9.298368163300992084e-02,9.667471828933423827e-01,-4.807982865408948203e-02
-6.369860436863128417e-01,-7.674283688837343353e-01,7.281812124263244146e-02,8.119667451501509703e+00,7.252893559268145385e-01,-6.286397643275067892e-01,-2.806552990512086732e-01,5.988213963844724930e+00,2.611592049461858300e-01,-1.259593003263589917e-01,9.570423837705267500e-01,-4.681871481748360597e-03
-6.746000055476661927e-01,-7.323634002597942949e-01,9.251314757913170483e-02,7.962546651413865639e+00,6.866062394028646931e-01,-6.685417060484137863e-01,-2.856988961948093153e-01,6.095462142442836573e+00,2.710843125821618127e-01,-1.292123726033507503e-01,9.538435187377810598e-01,4.916441120113859004e-02
-7.499273056734978571e-01,-6.501305967677543096e-01,1.222261974851911737e-01,7.799369842847807988e+00,6.024603198444228314e-01,-7.475277641552069419e-01,-2.797209409931141200e-01,6.152490967257935317e+00,2.732226184235886923e-01,-1.361339375891257308e-01,9.522693693583974550e-01,1.069194707850178450e-01
-8.736501957259737994e-01,-4.686447139064993106e-01,1.307955184073985588e-01,7.570369856050342960e+00,4.024367320204993992e-01,-8.470959751760115397e-01,-3.470923300236738451e-01,6.216195831377222980e+00,2.734593429170521506e-01,-2.506003610693665618e-01,9.286654116544230675e-01,1.612655678263534009e-01
-9.817179241574448545e-01,-1.186574502791284541e-01,1.488298588363586583e-01,7.373150240457738924e+00,5.308943071131709546e-02,-9.215751660272529788e-01,-3.845526306093737801e-01,6.183634031904185591e+00,1.827879365131696854e-01,-3.696209177726514361e-01,9.110263154323052781e-01,2.087017598341212032e-01
-9.662433566839274679e-01,2.225512899919583065e-01,1.297871295124781721e-01,7.096384557659130898e+00,-2.550277531441279000e-01,-8.976780467333169700e-01,-3.593535439359334394e-01,6.096774572490327060e+00,3.653246214576148787e-02,-3.803222945555149170e-01,9.241322045430505616e-01,2.169855502973048467e-01
-9.495860005608061094e-01,2.893946580500305621e-01,1.205701431990342659e-01,6.917885619561692678e+00,-3.131026250167702751e-01,-8.949419497355246556e-01,-3.178767887266790715e-01,5.969173625771773573e+00,1.591143445883592272e-02,-3.396021768123451134e-01,9.404345738847444958e-01,2.235489220079168449e-01
-8.846614732606030707e-01,4.503972021119262426e-01,1.204841817755541444e-01,6.755037074828149635e+00,-4.643953841885992695e-01,-8.283147624641340467e-01,-3.134191784628197475e-01,5.871370832777635052e+00,-4.136429465976897840e-02,-3.332221700513535723e-01,9.419405397972678839e-01,2.115186613394560433e-01
-8.359677485926257923e-01,5.266441702684415693e-01,1.542849352180507561e-01,6.586111275965238931e+00,-5.465950525594891474e-01,-7.740031269280754911e-01,-3.196138420391881896e-01,5.838395216199177895e+00,-4.890574435037026158e-02,-3.515182462231872251e-01,9.349027493497452657e-01,2.250509000921048497e-01
-8.832993689201624754e-01,4.283007872670737681e-01,1.906322650855433731e-01,6.415869102353876308e+00,-4.681586857885715602e-01,-8.272723889374730133e-01,-3.105605245719493257e-01,5.804197704179395956e+00,2.469149217763778187e-02,-3.635640660572641014e-01,9.312419127627109550e-01,2.178743966074661864e-01
-9.651216485671403333e-01,2.125757342054961363e-01,1.528128289576400067e-01,6.267260810830793893e+00,-2.527766509442955223e-01,-9.085752377561578941e-01,-3.325582686894546502e-01,5.773314335699867073e+00,6.814813426960930620e-02,-3.595866996474362809e-01,9.306198134749965600e-01,2.522293525263224478e-01
-9.819212301140659571e-01,-1.100344037590770957e-01,1.540231406012137760e-01,6.121486428349985687e+00,5.103879690268924019e-02,-9.374565192071069308e-01,-3.443404068749730262e-01,5.839225952569957911e+00,1.822792886260063139e-01,-3.302540001051919583e-01,9.261244821040628405e-01,3.047118176934748290e-01
-9.167129919660336190e-01,-3.743395829435877120e-01,1.396680600649297943e-01,6.005826823264914793e+00,3.197982648358602686e-01,-8.970014506542816068e-01,-3.051515481397533147e-01,5.870588075479570733e+00,2.395127557535366991e-01,-2.350707854365052807e-01,9.420060327118997545e-01,3.893282019617568257e-01
-8.705477082683201751e-01,-4.799782868944262315e-01,1.084782546811331461e-01,5.929153457176989050e+00,4.338229666330465362e-01,-8.526459473452603355e-01,-2.911915556766830893e-01,5.902632224204547029e+00,2.322591682807724212e-01,-2.064357832004792004e-01,9.504945797656766393e-01,4.231230846465111051e-01
-8.507251295352693532e-01,-5.178523617367025711e-01,8.997602692337579311e-02,5.875176790712028918e+00,4.734123224853829526e-01,-8.293020384014024859e-01,-2.968819664820943616e-01,5.896185997176635496e+00,2.283583300346040124e-01,-2.099691895183626589e-01,9.506657733172108049e-01,4.474055196761569375e-01
-8.474968815399587241e-01,-5.239894907375016730e-01,8.475877167996430372e-02,5.867457713049773815e+00,4.843587731641169070e-01,-8.287428145488100473e-01,-2.803246799564196312e-01,5.891534985179659678e+00,2.171304092912708650e-01,-1.965206374159476910e-01,9.561558578132732800e-01,4.494163706784051193e-01
-8.458369870195401319e-01,-5.273722310273232239e-01,8.023915086145610998e-02,5.868003750246139738e+00,4.902437009963908632e-01,-8.277935933983706640e-01,-2.727982411269823659e-01,5.888779851377278440e+00,2.102876720663049148e-01,-1.914061040559488225e-01,9.587193532557164444e-01,4.395121993086117396e-01
-8.389970436156688471e-01,-5.384873759073810495e-01,7.820042706116028808e-02,5.875295680634573081e+00,5.007880733273302187e-01,-8.203546416695415289e-01,-2.760970255260635775e-01,5.878874818047054696e+00,2.128268460915262728e-01,-1.924827469661144208e-01,9.579431745688855582e-01,4.359961276466174374e-01
-8.301152442794238473e-01,-5.523015847922200239e-01,7.662663147308700073e-02,5.873464870310848518e+00,5.116880193315156422e-01,-8.091514321031318957e-01,-2.888759782294862410e-01,5.859569999249841565e+00,2.215492091782352013e-01,-2.005914239479177352e-01,9.542950427153267245e-01,4.463728330960098356e-01
-8.255284167950264207e-01,-5.589293981507260645e-01,7.810736806961232626e-02,5.869470815228037708e+00,5.182031676918648078e-01,-8.055344838974991539e-01,-2.873667904370793558e-01,5.847100851343495442e+00,2.235359256540495887e-01,-1.967539659952428077e-01,9.546305918035163929e-01,4.484708012111564557e-01
-8.257604607584297929e-01,-5.584019980658555538e-01,7.941580449812001008e-02,5.865803620364063775e+00,5.174693620893514590e-01,-8.060723810279367685e-01,-2.871807372418874182e-01,5.834527194569897546e+00,2.243771841049439497e-01,-1.960472522123517525e-01,9.545786264908326935e-01,4.488923804690320707e-01
-8.258176513206868519e-01,-5.587072548901144131e-01,7.662512708201349443e-02,5.859865817951981803e+00,5.178862378605807448e-01,-8.051266238760028671e-01,-2.890760525547647064e-01,5.827324592364266920e+00,2.232018176489540540e-01,-1.990410079837384161e-01,9.542345758454900961e-01,4.511067191502605711e-01
-8.243534275547375056e-01,-5.600731512979696403e-01,8.221612782122146579e-02,5.856463874429480576e+00,5.166783615922211359e-01,-8.037769797886206158e-01,-2.949339543427698107e-01,5.814642461720331390e+00,2.312680201435829974e-01,-2.006505219456094780e-01,9.519739864627728698e-01,4.535023506175788754e-01
-8.234759778191893531e-01,-5.615685367334133371e-01,8.079661196993859207e-02,5.851751286472724800e+00,5.168697009495887285e-01,-8.012826956557609348e-01,-3.013167003053791593e-01,5.800353936314168735e+00,2.339509055229569423e-01,-2.063657437505816428e-01,9.500948129588223656e-01,4.573854321422127778e-01
-8.196425712442373390e-01,-5.668739358824688157e-01,8.270426966760364984e-02,5.850190312712266305e+00,5.204568776950561082e-01,-7.971730558472690520e-01,-3.060061396296519520e-01,5.784001205189346351e+00,2.393965201586011338e-01,-2.077716531393201671e-01,9.484304119373800912e-01,4.634235966337031387e-01
-8.162342887057404406e-01,-5.719629438781951292e-01,8.136323967997041717e-02,5.841162986408456881e+00,5.254546343636596895e-01,-7.935266232568150002e-01,-3.069412409703060063e-01,5.770398889657329278e+00,2.401229126234843136e-01,-2.077832741411734241e-01,9.482442184481751912e-01,4.599569483932861025e-01
-8.082326336699349190e-01,-5.831371905238645903e-01,8.192085753269637283e-02,5.841493718333125251e+00,5.361730879936430494e-01,-7.862769817827306440e-01,-3.070617651711174956e-01,5.746356034867545759e+00,2.434716196650454911e-01,-2.042535800091984100e-01,9.481571839474230989e-01,4.579345589351420664e-01
-7.973299980448427249e-01,-5.996659272137909724e-01,6.830556314556643360e-02,5.774516258557536474e+00,5.542508126053832251e-01,-7.723026186716289709e-01,-3.104105377064685367e-01,5.757189253921627170e+00,2.388951881978418901e-01,-2.096412195436987702e-01,9.481453728854823959e-01,4.777649055833576019e-01
-8.239569845976337792e-01,-5.617978781068155847e-01,7.401372634486057256e-02,5.624366759251265613e+00,5.111628711303652928e-01,-7.932744538332742179e-01,-3.307992745960669501e-01,5.842251653635853081e+00,2.445555288897286461e-01,-2.347313039417640301e-01,9.407942433068275934e-01,5.192561486326927600e-01
-8.719910577675548113e-01,-4.817211694591610471e-01,8.704200174810207413e-02,5.486668580017828312e+00,4.248161387954680346e-01,-8.330219903396787196e-01,-3.544088201913603298e-01,5.914605337854303535e+00,2.432341328685771464e-01,-2.720644749051585043e-01,9.310306536856096660e-01,5.914968699243079442e-01
-9.295665523854753642e-01,-3.659973577208861517e-01,4.418097811851304235e-02,5.292247479362186091e+00,3.268830865991534385e-01,-8.737102551271861417e-01,-3.602469122435330018e-01,5.959210085170949966e+00,1.704507916719353311e-01,-3.204314657253848342e-01,9.318101756213515996e-01,6.369473322396851378e-01
-9.440455826742065737e-01,-3.258648548541388523e-01,5.089237864559432306e-02,5.102696154486314306e+00,2.841492137698808929e-01,-8.819321315254429194e-01,-3.761049583519862627e-01,6.006209708786845347e+00,1.674430116406005753e-01,-3.405991951750345081e-01,9.251783752870829103e-01,6.777493712174343932e-01
-9.894886616305558213e-01,-1.259315924849215840e-01,7.108742869721006163e-02,4.874247211912328126e+00,8.955725603179660876e-02,-9.196033113104238321e-01,-3.825039185668049901e-01,5.999536205830237279e+00,1.135415624193382156e-01,-3.721168953986329631e-01,9.212151376102437617e-01,7.303664031838148496e-01
-9.869023943853350023e-01,1.256901871851086872e-01,1.011219105924287265e-01,4.683490932505732118e+00,-1.555734801656584732e-01,-9.073517023457600139e-01,-3.905250062664346600e-01,5.964102006934722588e+00,4.266797658240174818e-02,-4.011419513035570095e-01,9.150216274377017678e-01,7.735535316164536823e-01
-8.999764750963340498e-01,4.203774003337035770e-01,1.154347675609607021e-01,4.464740076704642568e+00,-4.300695948290889081e-01,-8.128641337815026846e-01,-3.928002591842228997e-01,5.858243275001711936e+00,-7.129156946455943167e-02,-4.031559763916756078e-01,9.123501360897342538e-01,7.767294032606737453e-01
-8.402552462333101602e-01,5.296948013174477277e-01,1.157347771184933788e-01,4.336896209797102664e+00,-5.297866086722387013e-01,-7.567103535344329446e-01,-3.830347113844433937e-01,5.723511911158807308e+00,-1.153137912349050109e-01,-3.831616608052841877e-01,9.164550568576570466e-01,7.755507564565558010e-01
-7.163989659885200423e-01,6.883287706765658376e-01,1.139123566144829708e-01,4.170568531211687358e+00,-6.750811828316889418e-01,-6.426535593558704296e-01,-3.623007027785074552e-01,5.523453774918482218e+00,-1.761758159258733913e-01,-3.364519372898869265e-01,9.250741460968071594e-01,7.317968780686514574e-01
-6.732322460353720173e-01,7.322583290639060882e-01,1.027427973860111643e-01,4.065272269941438310e+00,-7.076320444259704967e-01,-5.977208565200515800e-01,-3.768111826664108932e-01,5.382048277660803848e+00,-2.145116141370678464e-01,-3.263855346020586023e-01,9.205744131806186115e-01,6.762015635935421098e-01
-5.321204949782565308e-01,8.300097121009215595e-01,1.671276656997246479e-01,3.902301001209411702e+00,-8.208356636181699528e-01,-4.573458383380313852e-01,-3.421455793772643639e-01,5.120192917264327903e+00,-2.075490114566074240e-01,-3.192470234364410131e-01,9.246646667145661525e-01,5.985919892737894266e-01
-4.913802373767032217e-01,8.618803159620418430e-01,1.253306956526771265e-01,3.777626700041305519e+00,-8.265519720851864927e-01,-4.161239435378906726e-01,-3.790154364357283256e-01,4.947809303584830509e+00,-2.745128407883776211e-01,-2.898330287797511451e-01,9.168639570136088990e-01,5.405413723548977423e-01
-4.998081680305935248e-01,8.554326580745649222e-01,1.357452123258301724e-01,3.680795046075636012e+00,-8.334224353790163908e-01,-4.323210513572637859e-01,-3.442463547523220146e-01,4.770050870745953020e+00,-2.357940613688406239e-01,-2.851902453676025129e-01,9.290143618751844912e-01,5.013632893987808314e-01
-5.438698761010264393e-01,8.346094064826058423e-01,8.736530478745495321e-02,3.593288443832677093e+00,-8.043554321849474276e-01,-4.887978097004047062e-01,-3.377706913671695843e-01,4.542639056991176538e+00,-2.392026266252567090e-01,-2.539760615547030365e-01,9.371650140571520238e-01,4.492122738102086732e-01
-5.527929483666909061e-01,8.311246289699375511e-01,6.043018579851453659e-02,3.458424746255524429e+00,-7.974480508954299163e-01,-5.065576161720412030e-01,-3.278353056355908235e-01,4.393788747412295415e+00,-2.418606258966976286e-01,-2.294149790612670659e-01,9.428001935846100912e-01,3.757363130526990558e-01
-5.787400522983778828e-01,8.114964919712850389e-01,8.082942152438873928e-02,3.319593011856174058e+00,-7.791610391889377540e-01,-5.209583826568512377e-01,-3.485834742921340434e-01,4.154662830955249575e+00,-2.407655018387951928e-01,-2.647183542141628432e-01,9.337859316066291493e-01,3.293195566716708989e-01
-5.577925950303938007e-01,8.231387639311534832e-01,1.063484661062392284e-01,3.224815565224503189e+00,-8.014744729508429533e-01,-5.009022218303451623e-01,-3.267041985858071262e-01,3.944152441487106309e+00,-2.156527072341752060e-01,-2.674687635581307066e-01,9.391242571583687804e-01,2.544745138783556238e-01
-6.096117107735545826e-01,7.880287604463844797e-01,8.593157043294814834e-02,3.103290793057132735e+00,-7.689367725857871871e-01,-5.615082841097335242e-01,-3.056872366349280279e-01,3.713807731130706280e+00,-1.926390455050437378e-01,-2.524264637185978932e-01,9.482463174520802118e-01,1.902349702565712120e-01
-6.239453953271042463e-01,7.772456438079260455e-01,8.112553748175785340e-02,2.984953361469354416e+00,-7.540496650768154785e-01,-5.715436818738092173e-01,-3.236462919726945109e-01,3.518227122089691683e+00,-2.051858821840495950e-01,-2.631102979583501145e-01,9.426938659292442013e-01,1.196753967784180833e-01
-5.956942454390548036e-01,7.927916358003775921e-01,1.289565359171626346e-01,2.854263049875227054e+00,-7.809247797822541637e-01,-5.340945752473518215e-01,-3.238818812675248737e-01,3.380251382321001863e+00,-1.878958601801380690e-01,-2.936399272856320408e-01,9.372676985956878148e-01,7.122872228059730360e-02
-5.851407022386809764e-01,7.989432681012800241e-01,1.389244864639327670e-01,2.706614972272500808e+00,-7.831562216197563986e-01,-5.122919341633548340e-01,-3.524532688590619744e-01,3.150438684974724790e+00,-2.104202726019793468e-01,-3.150343291560684378e-01,9.254602532422971928e-01,1.659533795556438623e-02
-6.085291919748436751e-01,7.813030184914202536e-01,1.387725326231282474e-01,2.598611649638476351e+00,-7.700871854081892121e-01,-5.392553165329460052e-01,-3.408363690409924596e-01,2.954400335859735272e+00,-1.914626579376197124e-01,-3.142758293078654064e-01,9.298240444989135378e-01,-2.213313086780986649e-02
-6.461190719277675187e-01,7.572730786772403633e-01,9.522409990066785235e-02,2.448964597568989987e+00,-7.307225894965726498e-01,-5.777334555961504137e-01,-3.636874365225673533e-01,2.709489178903831341e+00,-2.203965564400324206e-01,-3.045677898196461619e-01,9.266411491584827242e-01,-5.497102354768290677e-02
-6.417773885221171870e-01,7.588676984998722341e-01,1.106417631603742874e-01,2.299212107858535248e+00,-7.417397299779304731e-01,-5.775895676927681466e-01,-3.408994929077340252e-01,2.526271421389267413e+00,-1.947920854500996557e-01,-3.008489778376974288e-01,9.335662461657532329e-01,-1.329586586502861656e-01
-6.399591854656410117e-01,7.610959317104776245e-01,1.057602178132745346e-01,2.175785666028638321e+00,-7.388922908149341273e-01,-5.717393359031937017e-01,-3.565842317815470786e-01,2.364731037683170722e+00,-2.109275314235030674e-01,-3.063447641379467568e-01,9.282577562147569239e-01,-1.522402825168430174e-01
-6.447620769408474173e-01,7.540467857696374621e-01,1.252809203725811782e-01,2.045745939958313553e+00,-7.417525999536154213e-01,-5.776259248629119769e-01,-3.408098757200550000e-01,2.154557590449168725e+00,-1.846210838473683058e-01,-3.126687317221584772e-01,9.317474548407856938e-01,-2.063707251035203361e-01
-6.668714205189713029e-01,7.368650908993447102e-01,1.109610125625560967e-01,1.942036175141914844e+00,-7.182403654522516723e-01,-5.959315296705152143e-01,-3.591606734869197681e-01,1.977570174515376200e+00,-1.985277963662159251e-01,-3.192106667366546024e-01,9.266559578999732372e-01,-2.648115348032747951e-01
-6.632137092711315463e-01,7.408735853315583375e-01,1.060844304918836523e-01,1.778350759070610243e+00,-7.211389899971057948e-01,-5.946505242509114719e-01,-3.554564827290007112e-01,1.782034322981732810e+00,-2.002651565819221213e-01,-3.122452314545053897e-01,9.286532089500055820e-01,-3.394766573968961976e-01
-6.555664592449100825e-01,7.428403959500160525e-01,1.357231139412637400e-01,1.595657531305829657e+00,-7.260793928177542433e-01,-5.706958385465503714e-01,-3.835557002458091502e-01,1.557194694580653849e+00,-2.074640519186242149e-01,-3.499920084951546051e-01,9.134901538336558380e-01,-3.950307365129626103e-01
-6.421192184546771209e-01,7.569056461983568740e-01,1.215596645446219565e-01,1.389547646804755843e+00,-7.356921855888759465e-01,-5.638547437778971272e-01,-3.752663533846683497e-01,1.325770381024954592e+00,-2.154992281995885550e-01,-3.303962328359831835e-01,9.189115365328561769e-01,-4.285909890587481508e-01
-6.738138465781955411e-01,7.358276154047656004e-01,6.732473963730575828e-02,1.276612404319931171e+00,-7.048786489379101905e-01,-6.127847962733606879e-01,-3.572686436390469233e-01,1.158633840115730118e+00,-2.216325572450115744e-01,-2.881883305478410429e-01,9.315720560993053789e-01,-4.719243171370858247e-01
-6.913254921862667102e-01,7.211555866087818734e-01,4.476252625085357095e-02,1.116403716506644050e+00,-6.853437724862985192e-01,-6.348516195329005907e-01,-3.567454760620012988e-01,9.692447111586484088e-01,-2.288514307747835097e-01,-2.773049604305636295e-01,9.331285986148643019e-01,-5.263903920295461836e-01
-6.877894162616727813e-01,7.206801263828529480e-01,8.698203443942326141e-02,9.443885565295546680e-01,-6.875229959915641897e-01,-6.082747251255078424e-01,-3.966282752859072724e-01,7.480758467599892825e-01,-2.329331424705631814e-01,-3.325988788470015667e-01,9.138490777631218531e-01,-5.792539568393352267e-01
-6.669724747954763888e-01,7.371258500054012064e-01,1.085964968081879617e-01,7.697505116989702412e-01,-7.117243959464816250e-01,-5.871851382105318651e-01,-3.855671117708255879e-01,5.139248361420021283e-01,-2.204452360107020392e-01,-3.344534268302428170e-01,9.162667751270344718e-01,-6.602162979657175690e-01
-7.164238565702887307e-01,6.920422195961994927e-01,8.839923095433850631e-02,6.267437536099081941e-01,-6.626838803690552337e-01,-6.353986352335733168e-01,-3.963819484314669572e-01,2.768299584412852177e-01,-2.181442926962947060e-01,-3.425582295605777428e-01,9.138199641747591917e-01,-7.304788858300125254e-01
-7.203040241511559083e-01,6.869957312991851195e-01,9.591130261000133106e-02,4.663950980163611426e-01,-6.622360673679332788e-01,-6.399248258677817658e-01,-3.897943153961399010e-01,6.139382233301982073e-02,-2.064110071403792990e-01,-3.442863378276670439e-01,9.158937786209219167e-01,-8.023576338178556311e-01
-6.872857922988341306e-01,7.106518005315733966e-01,1.503737281089848887e-01,2.553357149749833077e-01,-7.003233896389917668e-01,-5.933141467932142588e-01,-3.968947885014305621e-01,-1.763393098047807694e-01,-1.928351358770426238e-01,-3.780903881564199320e-01,9.054624612622065305e-01,-8.698256416837817362e-01
-6.822096616675183967e-01,7.122240571872333614e-01,1.653084084105971852e-01,6.400386668360524833e-02,-7.098763200173756616e-01,-5.910528409507647130e-01,-3.830563267753459566e-01,-4.170317481888540789e-01,-1.751159267630428840e-01,-3.786732517194547620e-01,9.088129513965662598e-01,-9.377880776852114408e-01
-7.393427107913864704e-01,6.586911583444303719e-01,1.396363631670304584e-01,-1.180690871510437223e-01,-6.581622190011998663e-01,-6.632087025216985010e-01,-3.563379159995523904e-01,-6.092146852721473937e-01,-1.421085834109306889e-01,-3.553592194081320876e-01,9.238641543552731372e-01,-9.901582088533078529e-01
-7.578117799765443641e-01,6.452073453715381213e-01,9.710194440582768649e-02,-2.610413460207217096e-01,-6.335026629380403618e-01,-6.919596206727901544e-01,-3.462170697825027177e-01,-7.882395675577447136e-01,-1.561911718990344200e-01,-3.238817142676946315e-01,9.331157232539960544e-01,-9.982691792547028209e-01
-7.932787969187455879e-01,6.046843416244319647e-01,7.117301000641429454e-02,-4.080934454625678165e-01,-5.867802630162869404e-01,-7.280781411528222113e-01,-3.543884074147892194e-01,-9.536611740148100980e-01,-1.624736079912216524e-01,-3.228917270071782752e-01,9.323857888967630458e-01,-1.028144896265970276e+00
-8.313784886018805720e-01,5.495920875047015652e-01,8.220916033068038919e-02,-6.048989772771953266e-01,-5.421243534235412609e-01,-7.696268821610999789e-01,-3.373064595884491812e-01,-1.087668372967141250e+00,-1.221105815036527126e-01,-3.249969224580579463e-01,9.377984891636547138e-01,-1.050314322716743076e+00
-8.791252670964746496e-01,4.690848126408931340e-01,8.425083561727193804e-02,-7.357286330932237828e-01,-4.695608304999635552e-01,-8.222654266128570644e-01,-3.215465668567512592e-01,-1.162227960129158078e+00,-8.155606177799602785e-02,-3.222406038146574669e-01,9.431381669938033729e-01,-1.077716556930365721e+00
-8.999697593109206029e-01,4.320444666927296673e-01,5.824097463158417476e-02,-9.171475440244440946e-01,-4.261269699643889797e-01,-8.435978385350360043e-01,-3.267391808277460008e-01,-1.303405174275232170e+00,-9.203389481496489222e-02,-3.188734319745232249e-01,9.433183431832435906e-01,-1.083020934926223422e+00
-8.343812479126575532e-01,5.447163513682387048e-01,8.421418932571922422e-02,-1.075244916565678110e+00,-5.394803559707272989e-01,-7.757475569305035679e-01,-3.273784865229459884e-01,-1.460962397805824597e+00,-1.129994630669258343e-01,-3.185903709599975930e-01,9.411329857560833956e-01,-1.100079169730478146e+00
-6.932192220676429706e-01,7.156682761727704012e-01,8.524100325445128912e-02,-1.202394678224411706e+00,-6.961958928762126408e-01,-6.343306751729114179e-01,-3.360593299954248714e-01,-1.609192284628694569e+00,-1.864360182427895751e-01,-2.923072236783981759e-01,9.379755317102913548e-01,-1.116622065377829376e+00
-5.252301736677825739e-01,8.451569684522995951e-01,9.921170971930548532e-02,-1.243016091236425869e+00,-8.204081687132349643e-01,-4.719595807706127855e-01,-3.227763789799774630e-01,-1.774976380964831124e+00,-2.259727890200692035e-01,-2.509259906732356216e-01,9.412610933355043397e-01,-1.165617929527352770e+00
-2.991634091525420813e-01,9.470902024313025969e-01,1.162815681131845330e-01,-1.202416513711733526e+00,-9.229719229841598649e-01,-2.562933678803368531e-01,-2.871176395895568279e-01,-1.931598452104833941e+00,-2.421241086863361869e-01,-1.932197144164818081e-01,9.508112630557459255e-01,-1.188818107368333710e+00
7.805342343204599298e-02,9.846149263988320799e-01,1.563365274117287929e-01,-1.150832385621710419e+00,-9.502908721609660825e-01,1.208919973113695423e-01,-2.869362007025613726e-01,-2.040399029006287446e+00,-3.014215011874403216e-01,-1.261688222132887061e-01,9.451066114059428758e-01,-1.215486202837291252e+00
4.424358370072377644e-01,8.775824199372904699e-01,1.846608414058384107e-01,-9.863600694937995073e-01,-8.308303710294876465e-01,4.786202877621995033e-01,-2.839780180180070390e-01,-2.208375137883905825e+00,-3.375965413133100168e-01,-2.777978328637656369e-02,9.408808951901695972e-01,-1.263256785403603200e+00
6.778613754791585899e-01,7.140522716106049161e-01,1.750237385077703101e-01,-8.420496733148510327e-01,-6.577922737030172939e-01,6.953864087648433667e-01,-2.893908553526723382e-01,-2.284880083960744379e+00,-3.283493266174267178e-01,8.103762035542415310e-02,9.410736548203945118e-01,-1.302920722766025108e+00
8.882476736750816171e-01,4.398244912952004593e-01,1.325537138963754358e-01,-6.250332664639874913e-01,-3.975591808443339481e-01,8.806016812833601382e-01,-2.578514623718549115e-01,-2.302841184807719266e+00,-2.301364115849258429e-01,1.763380156910006602e-01,9.570486593089071459e-01,-1.326646558108281582e+00
9.814337266944425098e-01,1.141622985935968615e-01,1.541259539677957979e-01,-4.532921056262437798e-01,-8.082525544418164842e-02,9.749022562202110942e-01,-2.074436523471544502e-01,-2.213031630105374070e+00,-1.739399844458982547e-01,1.911349272021485579e-01,9.660291514309454763e-01,-1.339460950834239661e+00
9.487280613261372952e-01,-3.027274495238674312e-01,9.094590126620200055e-02,-2.643442763044764332e-01,3.144356507598393691e-01,9.332744380052012678e-01,-1.735772015482288655e-01,-2.127522646280675556e+00,-3.233090137290527133e-02,1.932741955638452025e-01,9.806119508478196023e-01,-1.316752060408448832e+00
7.973136549089228087e-01,-5.920722386523080694e-01,1.172237173656328069e-01,-1.360929701062876807e-01,6.034779238707972393e-01,7.787157916664859680e-01,-1.715112568020900619e-01,-2.014869985874516267e+00,1.026309389841731888e-02,2.074901926031259003e-01,9.781832593523325237e-01,-1.296689196596289895e+00
7.238445378275283337e-01,-6.769543650045785066e-01,1.333486886268407667e-01,9.006182508254134689e-03,6.873504115858901642e-01,6.907042613982148360e-01,-2.246709482310876305e-01,-1.847285266106480695e+00,5.998747160832994252e-02,2.542841146977013467e-01,9.652673682780583686e-01,-1.257549303119924078e+00
7.320902722638664706e-01,-6.639371750587315102e-01,1.524180462794602064e-01,1.705706650055500428e-01,6.800629452740378778e-01,6.993652194116611875e-01,-2.200060916031247316e-01,-1.626459543558942178e+00,3.947434257615980990e-02,2.647181849671644827e-01,9.635175446383281717e-01,-1.202728893695028889e+00
7.822858403123535975e-01,-6.101209062171022435e-01,1.256238187750050861e-01,2.970548984816853144e-01,6.201858737759978757e-01,7.439770752217705896e-01,-2.487319712324183307e-01,-1.507333876622971802e+00,5.829533442307138769e-02,2.724896169421541225e-01,9.603910987942481103e-01,-1.178185829426356523e+00
8.899226124634420643e-01,-4.380510346486767292e-01,1.270788529593525062e-01,5.092243826578293220e-01,4.560189195321962541e-01,8.488962854595644147e-01,-2.672486511876992488e-01,-1.477792627111126578e+00,9.191781923578673172e-03,2.957809790642027536e-01,9.552115595871387699e-01,-1.230707837982859321e+00
9.721213350361774808e-01,-2.044991440207787892e-01,1.147179587608106455e-01,6.490855919440792210e-01,2.288548563637393118e-01,9.340037857125554899e-01,-2.743399041214191203e-01,-1.480020150224467423e+00,-5.104473220824087137e-02,2.929454358227572275e-01,9.547656293271175043e-01,-1.236645861482289499e+00
9.887708761904061561e-01,6.008116493600084568e-02,1.368298506086579047e-01,7.932637986482352632e-01,-1.631402506751201617e-02,9.535456638194979018e-01,-3.008064487292985700e-01,-1.477488288783514347e+00,-1.485463125888726588e-01,2.951964102609793139e-01,9.438183471332201036e-01,-1.237798764616167224e+00
9.612376280889729507e-01,2.374937798471941086e-01,1.400675796884336410e-01,9.924551306640635451e-01,-1.877623569053975539e-01,9.358432738681490282e-01,-2.982325671100946596e-01,-1.505525684079197291e+00,-2.019096819749195137e-01,2.603729465394578613e-01,9.441601606905209998e-01,-1.285150580733951831e+00
9.446046424638661065e-01,3.049535466374519443e-01,1.213482749319044762e-01,1.226410908218883877e+00,-2.660399019507094787e-01,9.279435345634934329e-01,-2.610432286650433142e-01,-1.596299572557351887e+00,-1.922104055605898254e-01,2.142991625159847702e-01,9.576695823399551388e-01,-1.284343812976805221e+00
9.483581593149096323e-01,2.954369819298710009e-01,1.154720371735224321e-01,1.483845159483810017e+00,-2.544387127189024489e-01,9.258960746183906299e-01,-2.792443383064478479e-01,-1.655670562292290038e+00,-1.894142104774136082e-01,2.354430901819524191e-01,9.532517024137926454e-01,-1.336375252396418967e+00
9.220281684017573864e-01,3.766520353176570080e-01,8.942762976152662802e-02,1.700183249162844135e+00,-3.298361477027847433e-01,8.852715893709824924e-01,-3.278754774623497958e-01,-1.704303736884588805e+00,-2.026627058496085487e-01,2.728139610497292700e-01,9.404787984394302747e-01,-1.370519270559936942e+00
9.055431646687012170e-01,4.163612735311035262e-01,8.145469185595585748e-02,1.976669329046317092e+00,-3.701665500735829561e-01,8.692052381987194210e-01,-3.278093639518731006e-01,-1.806287496835613071e+00,-2.072879690874817604e-01,2.666937265693873349e-01,9.412258783523339556e-01,-1.439835678855434953e+00
9.041284874400222771e-01,4.235447152819136196e-01,5.622768318344434357e-02,2.155425624777933979e+00,-3.940518164879809326e-01,8.774709978761242590e-01,-2.734370381071367651e-01,-1.880417947388866917e+00,-1.651509737238558984e-01,2.250655949785383692e-01,9.602450905029513706e-01,-1.461638237575290100e+00
9.220462084144853687e-01,3.847190263691083745e-01,4.268559825133332736e-02,2.355957031571009441e+00,-3.608745727967179184e-01,8.942661915079667123e-01,-2.646838140775243930e-01,-1.902841756235539084e+00,-1.400011866280256589e-01,2.286465601653436819e-01,9.633900654809053332e-01,-1.480739513476542868e+00
9.051299821219899178e-01,4.218212344854442297e-01,5.297699124166836693e-02,2.613843792940343747e+00,-3.879366318528053026e-01,8.704708094491314663e-01,-3.029616140102198707e-01,-1.942884912112507800e+00,-1.739105664718076372e-01,2.536679247247311531e-01,9.515291371446832347e-01,-1.496750705482185584e+00
8.971242662076280849e-01,4.343767442140611390e-01,8.052884618206479495e-02,2.858381520212665450e+00,-3.856914753053509726e-01,8.589951969683738975e-01,-3.367036344651613278e-01,-2.005577279764733323e+00,-2.154301205918162099e-01,2.710057115104010372e-01,9.381608430703869406e-01,-1.516548443699496707e+00
9.284585803191911513e-01,3.691755270634852759e-01,4.091570418638346140e-02,3.145538062202988261e+00,-3.414248428310485139e-01,8.916252923445041612e-01,-2.973775626192631250e-01,-2.126129102082253919e+00,-1.462659951234858424e-01,2.621331117371046848e-01,9.538828494115834111e-01,-1.557263331354841185e+00
9.466237743020551321e-01,3.185133294423582728e-01,4.952462916239958046e-02,3.368730087149625962e+00,-2.936282006137495570e-01,9.154530467934129945e-01,-2.751875704333158756e-01,-2.167356103816184376e+00,-1.329883819379008847e-01,2.459572688175793720e-01,9.601141141475519891e-01,-1.570240302871442672e+00
9.505703219129760795e-01,3.060592582990342980e-01,5.238123239962776817e-02,3.601727455941550193e+00,-2.815362744216928226e-01,9.206765324851928778e-01,-2.703554118485463897e-01,-2.193041778327231572e+00,-1.309709482404857739e-01,2.422446138523797476e-01,9.613345711959503381e-01,-1.616548572190496191e+00
9.338808572127100804e-01,3.448812855049949722e-01,9.446397959049646076e-02,3.918141983906441528e+00,-2.987678365508363298e-01,8.977080255403382392e-01,-3.238179746759008992e-01,-2.280419346283084181e+00,-1.964798319787154635e-01,2.741846089569789369e-01,9.413917759555404663e-01,-1.645304644610688261e+00
9.377469382297213274e-01,3.385129803745550170e-01,7.771513339573657420e-02,4.154653772228654951e+00,-3.036249561337693859e-01,9.076393818770661648e-01,-2.898320866960494291e-01,-2.334296030458786309e+00,-1.686492391134556124e-01,2.481928979317408190e-01,9.539170401888725781e-01,-1.698806302869794171e+00
9.562082875177788654e-01,2.854434645358536748e-01,6.471274554585973449e-02,4.449109244696205501e+00,-2.590217623312021655e-01,9.282315991518937937e-01,-2.670090353803752370e-01,-2.424238408249122845e+00,-1.362843994048930085e-01,2.385542430762632449e-01,9.615188170749238150e-01,-1.722285359183119091e+00
9.602081664363385505e-01,2.748840293283510428e-01,4.938671409572400334e-02,4.732624612134717523e+00,-2.489594391319070732e-01,9.225941769694310235e-01,-2.946848864282434199e-01,-2.427459426704304146e+00,-1.265680638079315079e-01,2.706635458319248122e-01,9.543174368005664654e-01,-1.764677542138254562e+00
9.768035612547760760e-01,2.098274318881074296e-01,4.274636297074157348e-02,4.937698301351084673e+00,-1.822203136165237713e-01,9.193321306072017585e-01,-3.487465998955702196e-01,-2.438281615142178893e+00,-1.124747083813968235e-01,3.328676650869930587e-01,9.362417195970577088e-01,-1.748576090422434559e+00
9.744245727595333140e-01,2.182550814498351033e-01,5.349272309132072772e-02,5.037770868524560797e+00,-1.890785898152090583e-01,9.249650120660688479e-01,-3.296801682344744910e-01,-2.447726466726400485e+00,-1.214332692300202909e-01,3.111341284316862521e-01,9.425759997205354068e-01,-1.713014393071658148e+00
9.709007970841453394e-01,2.340770042279763097e-01,5.059247288900908801e-02,5.106233774963409466e+00,-2.063618271269840876e-01,9.249393657481143061e-01,-3.192208733687243449e-01,-2.447179519574614659e+00,-1.215172355107772689e-01,2.994914452553429363e-01,9.463289257402452970e-01,-1.685794795887464836e+00
9.710651315148866036e-01,2.341115823930920437e-01,4.716224491450913409e-02,5.127778956737524929e+00,-2.081431912885060576e-01,9.265025963254220898e-01,-3.134794266335362845e-01,-2.429052379278709317e+00,-1.170851069786838505e-01,2.945924404862698687e-01,9.484230974265315250e-01,-1.666302615576143564e+00
9.699658115588261076e-01,2.355211364626020043e-01,6.079571273033887446e-02,5.213347348820312810e+00,-2.026134466489351582e-01,9.206071391939439907e-01,-3.338117530917443787e-01,-2.440885047068864555e+00,-1.345886906246746006e-01,3.114679590977356138e-01,9.406772001124664717e-01,-1.649710490739441093e+00
9.703215302828731570e-01,2.337115473734798221e-01,6.208897240086007352e-02,5.253550117513306361e+00,-2.004926147195263408e-01,9.210795427331665008e-01,-3.337891361344626495e-01,-2.432960242151419372e+00,-1.351992578101981202e-01,3.114344049438929063e-01,9.406007506401519169e-01,-1.627963019551112556e+00
9.821539491374140507e-01,1.802513191859412556e-01,5.369433979021605297e-02,5.317647714195703479e+00,-1.546978081400808558e-01,9.365862446646554540e-01,-3.144436268421022529e-01,-2.443615629185123872e+00,-1.069682586117665785e-01,3.005256532089867760e-01,9.477563628975963494e-01,-1.640229994159452476e+00
9.942614287002350393e-01,4.790373077468790264e-02,9.565272592472738589e-02,5.499813599632929595e+00,-1.983597042560260662e-02,9.611864003682378810e-01,-2.751858245339439124e-01,-2.505702394673501310e+00,-1.051225269684823438e-01,2.717092864165997490e-01,9.566207806642844647e-01,-1.687115124603390637e+00
9.862581043643582346e-01,-1.420506566294482409e-01,8.435972099742113095e-02,5.769606907390469885e+00,1.606012893455210644e-01,9.441169378798254241e-01,-2.878375122686071541e-01,-2.428722819235611841e+00,-3.875793384813864401e-02,2.974303591760030230e-01,9.539565000587078014e-01,-1.703763184423546795e+00
9.784995293413135675e-01,-2.059480119425920741e-01,1.113945491121975766e-02,5.981759782135327441e+00,2.000577127369240482e-01,9.346067929146633091e-01,-2.940868140740770520e-01,-2.382899089988842700e+00,5.015558446769483036e-02,2.899923430276450387e-01,9.557137951981455881e-01,-1.665168419771348107e+00
8.835095957466317929e-01,-4.684011383013299001e-01,-3.341835070603481860e-03,6.139106569587930551e+00,4.463601916224986255e-01,8.440558709116745550e-01,-2.972074462631507652e-01,-2.286486148477030689e+00,1.420330016522529659e-01,2.610939685583590908e-01,9.548070831451241913e-01,-1.610345046101482769e+00
7.219402189043256923e-01,-6.916893890704858272e-01,-1.918617668192251768e-02,6.276878846622921948e+00,6.579884782437721569e-01,6.948180285250459276e-01,-2.903085767506987103e-01,-2.129213266002343730e+00,2.141342635516798876e-01,1.969611542509475122e-01,9.567407281438982114e-01,-1.542794567659091065e+00
5.336971200984663710e-01,-8.409057737887160044e-01,-8.969316366034608967e-02,6.392335072486106995e+00,7.844889784410018496e-01,5.318995601162831433e-01,-3.188414976954863089e-01,-1.968567186118634460e+00,3.158234106319520174e-01,9.980149075491545618e-02,9.435545748603524352e-01,-1.447037495654143857e+00
3.722461574525592898e-01,-9.205600646978436830e-01,-1.183299013153649715e-01,6.452534661699242058e+00,8.709391260628831510e-01,3.905197497530631945e-01,-2.982605635105473052e-01,-1.876485505949859744e+00,3.207769270920656779e-01,7.968207847724118054e-03,9.471212544912449571e-01,-1.383256767417909705e+00
2.995335895249001679e-01,-9.511579207378734191e-01,-7.468760649486466674e-02,6.476936203000946080e+00,9.008717756981553526e-01,3.077374890482839631e-01,-3.061497698589905614e-01,-1.731163875329704283e+00,3.141809550192117273e-01,2.441818281241082619e-02,9.490490397505064735e-01,-1.331737245057678543e+00
2.833042816236403527e-01,-9.578153577027375132e-01,-4.825375179701494460e-02,6.459637103586775453e+00,9.174531948814569349e-01,2.853331922307353885e-01,-2.772446656172645185e-01,-1.637249051104454400e+00,2.793175956067277532e-01,3.427404207549644005e-02,9.595868750792114765e-01,-1.270997574481238512e+00
2.844280139843329835e-01,-9.571670323239506173e-01,-5.414773396077733614e-02,6.455839533343289638e+00,9.158272192638883258e-01,2.879764058476972921e-01,-2.798751402508255492e-01,-1.600578717819393537e+00,2.834805272259539599e-01,3.001436168238858643e-02,9.585081787739196946e-01,-1.241039502919350612e+00
2.741031638420524108e-01,-9.594896114597679659e-01,-6.517009339074367191e-02,6.454363690879512561e+00,9.136819743223881796e-01,2.809638528377831901e-01,-2.936742467375961785e-01,-1.545333417456017377e+00,3.000878294268575219e-01,2.095230057367668958e-02,9.536814435284719504e-01,-1.207530307066827513e+00
2.611681259200553940e-01,-9.632988274775180493e-01,-6.202079476951770365e-02,6.457522317368827203e+00,9.181527661414735642e-01,2.677337751375955532e-01,-2.920858156044813803e-01,-1.476734113616186450e+00,2.979709852152883642e-01,1.933894079332709737e-02,9.543790113675095776e-01,-1.161604863062565274e+00
2.455234635712581215e-01,-9.668447234319379469e-01,-7.021046651169665642e-02,6.465261643455892937e+00,9.185671367679613120e-01,2.551837629904125104e-01,-3.018537101908234099e-01,-1.427300123129177312e+00,3.097622379921179947e-01,9.619141223092833592e-03,9.507653906386406284e-01,-1.130622578566839564e+00
2.397835868382865721e-01,-9.654527809816622064e-01,-1.020037213916135665e-01,6.463091294912094220e+00,9.150887315307891789e-01,2.598547538956149650e-01,-3.083636170225398376e-01,-1.336284543065076491e+00,3.242166635266298669e-01,-1.940192187958025491e-02,9.457838656474537586e-01,-1.089197748311235170e+00
2.081426975411869162e-01,-9.758674246759201365e-01,-6.602565347395546180e-02,6.502682638902093082e+00,9.336103269314828257e-01,2.183493593269155431e-01,-2.840692076385933351e-01,-1.177820421110766791e+00,2.916305452231822137e-01,-2.515300759400861032e-03,9.565277300501650037e-01,-1.053378637984576649e+00
1.901772078441205938e-01,-9.785201139057964070e-01,-7.956768375665257409e-02,6.552368964025084175e+00,9.381937764718264461e-01,2.050147936219802736e-01,-2.788572613106429232e-01,-9.477053419627924358e-01,2.891799913654976573e-01,-2.161761036565437721e-02,9.570306220366887606e-01,-9.745420304405895129e-01
2.249302110147024525e-01,-9.716493229148133182e-01,-7.282852086966537519e-02,6.550478915664482926e+00,9.225903188122870358e-01,2.364227010005087171e-01,-3.048465353017306145e-01,-7.417909920616249098e-01,3.134222452327314334e-01,1.378307224746444168e-03,9.496128666264319618e-01,-8.560433693334690286e-01
1.958726899408558819e-01,-9.768291327288406434e-01,-8.624810019676479311e-02,6.583144513810306186e+00,9.245451660834680396e-01,2.132722137030436671e-01,-3.158024679034318050e-01,-5.120823754349044243e-01,3.268793740923827684e-01,-1.788318524259641107e-02,9.448968549416136842e-01,-7.711521741131074359e-01
1.828409890942226113e-01,-9.742937952807264601e-01,-1.316084084871511350e-01,6.626522339208613666e+00,9.206575895547804977e-01,2.166414893947908871e-01,-3.247400004126227979e-01,-3.236644325351570872e-01,3.449040091130134988e-01,-6.179049724902022783e-02,9.366019212811229622e-01,-7.160691914374353040e-01
1.455300133674524987e-01,-9.771372115024273830e-01,-1.549964035277145991e-01,6.657380412361369793e+00,9.318590937743718161e-01,1.880085779032438231e-01,-3.103085625386582946e-01,-1.514692932264236347e-01,3.323546969117141536e-01,-9.927559887533807248e-02,9.379150872593250421e-01,-6.365187338764544123e-01
1.198673120351721605e-01,-9.861788357568072039e-01,-1.143815169107639390e-01,6.689811438795620013e+00,9.478076535302389916e-01,1.479612126675763362e-01,-2.824325254913897520e-01,1.005169105323377721e-01,2.954530071178270156e-01,-7.455724948846333133e-02,9.524435611277709546e-01,-5.365897546071276558e-01
1.765814838027916778e-01,-9.809630378284410757e-01,-8.081149665980390251e-02,6.705106063583475162e+00,9.425222884428012815e-01,1.921800847221422359e-01,-2.733469422267921223e-01,3.653496639498707843e-01,2.836736071025136030e-01,-2.789862811292411621e-02,9.585149718094482241e-01,-4.177413106069178816e-01
2.171640113926385229e-01,-9.709301772826811616e-01,-1.006696726808821718e-01,6.739321336093224701e+00,9.359888562571235804e-01,2.363946716227524336e-01,-2.608494205300346813e-01,5.554400980509855978e-01,2.770643483350783143e-01,-3.757858526061121085e-02,9.601162413017869657e-01,-3.626946169392434305e-01
1.941823351490084282e-01,-9.733060317543723583e-01,-1.223461861548262586e-01,6.815751537131435001e+00,9.238641323959604357e-01,2.233820842421690434e-01,-3.107660041122355388e-01,8.626127264161054242e-01,3.298003723289885669e-01,-5.268598476044390050e-02,9.425793873311067994e-01,-2.780323038243278644e-01
1.730537989069254046e-01,-9.787015450503155911e-01,-1.104340001992274028e-01,6.851164894244564429e+00,9.356913606144932061e-01,1.983714149315264907e-01,-2.917712450010535030e-01,1.139534707090772869e+00,3.074639171598545495e-01,-5.284001754528162148e-02,9.500915072720806931e-01,-1.773188560235131606e-01
1.610935080970514188e-01,-9.794377315571624054e-01,-1.214520961167052104e-01,6.848101571582121849e+00,9.384376561756659907e-01,1.901156293726024848e-01,-2.884281763971470736e-01,1.324622802944682931e+00,3.055873804994401199e-01,-6.751131364753189257e-02,9.497676428522275893e-01,-1.179707764104992729e-01
2.014220643204256977e-01,-9.755111310839151839e-01,-8.835827712373707510e-02,6.853381536580647193e+00,9.295634272372217399e-01,2.188093855098623419e-01,-2.967057255190550524e-01,1.579898298412017787e+00,3.087733582223221585e-01,-2.237154317818044677e-02,9.508725084405048600e-01,-5.353591942880528420e-03
1.651738893591940538e-01,-9.803230384966100663e-01,-1.080940630503231387e-01,6.889858849391985451e+00,9.266923799663365768e-01,1.917757931939616522e-01,-3.232077939300902480e-01,1.845552507211125182e+00,3.375778712923661051e-01,-4.678445615369820898e-02,9.401342433270469812e-01,1.038544270432934236e-01
1.385429926950685342e-01,-9.804293225292809444e-01,-1.398720225773039394e-01,6.929665416952221157e+00,9.332254686342583705e-01,1.765180154619495623e-01,-3.129402737100893672e-01,2.022545226242399963e+00,3.315057523897053104e-01,-8.717645176391736195e-02,9.394169481068512795e-01,1.959207421730916610e-01
1.051470122773445065e-01,-9.819123964513437608e-01,-1.574552365096932860e-01,6.963114268088679282e+00,9.321896714383185456e-01,1.524662021288762381e-01,-3.282932738758413960e-01,2.254071455442462124e+00,3.463618372062216011e-01,-1.122590882894220071e-01,9.313599598563169213e-01,2.874387633960005517e-01
5.911027391624350952e-02,-9.820555515464473029e-01,-1.790889979712487201e-01,6.986835706459584294e+00,9.325743333612872554e-01,1.183235342404275331e-01,-3.410346815216993011e-01,2.497047687644460723e+00,3.561054454417942328e-01,-1.468551494556926962e-01,9.228339378268709536e-01,3.663777247347272947e-01
9.753663297322613668e-02,-9.800804774578500966e-01,-1.729996038557170268e-01,7.005090661899811444e+00,9.331845617652095859e-01,1.504803461025585876e-01,-3.263774488532102946e-01,2.798987038403445204e+00,3.459092061673431084e-01,-1.296068020701196810e-01,9.292733171386322599e-01,4.620198841378604926e-01
6.244299997543415609e-02,-9.853702644541297850e-01,-1.585758925047009993e-01,7.025350477079023825e+00,9.251487947344547713e-01,1.167553186682271926e-01,-3.612034096794606852e-01,2.997525003304974955e+00,3.744336781800683966e-01,-1.241516713229242619e-01,9.189046648876428858e-01,5.161684021560044577e-01
3.494098898935948244e-02,-9.856548462487548790e-01,-1.651170837762860333e-01,7.056212451974705147e+00,9.369556840130358610e-01,8.978885256234843404e-02,-3.377158689656186707e-01,3.238620699137358727e+00,3.476969563917853279e-01,-1.429072637127891399e-01,9.266522219765157553e-01,6.384592477719883696e-01
5.199801325860481382e-02,-9.900641470085097540e-01,-1.306491156704331635e-01,7.087041221435231186e+00,9.384497593035491247e-01,9.317860974613474678e-02,-3.326105770249804250e-01,3.464060329859211418e+00,3.414795101909783304e-01,-1.053125419600432766e-01,9.339705630402092007e-01,7.111215345691155321e-01
1.014014227286864217e-01,-9.938678574715147374e-01,-4.409572942559544795e-02,7.102386683646095378e+00,9.388410979125434430e-01,1.102608971069311827e-01,-3.262206729187270282e-01,3.696290787915645470e+00,3.290822759417016408e-01,-8.319642669712775176e-03,9.442646023265299782e-01,8.310551417868282664e-01
1.239825055612780863e-01,-9.903623551672477987e-01,-6.173122210296942691e-02,7.112499552959985927e+00,9.380877040856828719e-01,1.372624493242639576e-01,-3.180416316282485001e-01,3.881189829897497390e+00,3.234498380862201317e-01,-1.847770205091138832e-02,9.460648903584348846e-01,8.907268830928011250e-01
7.584538524752965083e-02,-9.947477503457415882e-01,-6.873420341239587505e-02,7.141386466970773839e+00,9.380650626668336489e-01,9.455410892851626170e-02,-3.333068536478154820e-01,4.075643840400534401e+00,3.380553441975521767e-01,-3.919736811084419126e-02,9.403096035841914668e-01,9.912955902652890172e-01
2.616320633774165197e-02,-9.958798074557905222e-01,-8.682681461359280373e-02,7.146179996834685078e+00,9.409410780790496975e-01,5.386255630931885419e-02,-3.342584518172486141e-01,4.241362845040707263e+00,3.375579568275154374e-01,-7.295364370365578499e-02,9.384734368392081416e-01,1.089698560511036751e+00
6.873059429105508877e-02,-9.947693476696710668e-01,-7.556487507600551101e-02,7.114337014871408904e+00,9.325614741796555140e-01,9.097079403936618458e-02,-3.493614339158196969e-01,4.434514286014842988e+00,3.544082424045304491e-01,-4.645707232167248235e-02,9.339360460690188104e-01,1.183799397709980550e+00
1.013614672029284902e-01,-9.903427298635257836e-01,-9.458927197587498059e-02,7.100294479606948705e+00,9.387252837287555218e-01,1.266933952519983253e-01,-3.205364648333961508e-01,4.641214558349632036e+00,3.294247936249478093e-01,-5.630329480569751244e-02,9.425015885075128663e-01,1.278254077570323943e+00
5.829615523593435766e-02,-9.915717778521252468e-01,-1.157020641643022596e-01,7.077476086814891154e+00,9.252769795019439858e-01,9.717916940979023921e-02,-3.666315865232905313e-01,4.899629496902102588e+00,3.747853645601296191e-01,-8.568324456972785386e-02,9.231437115160004980e-01,1.352558935021494602e+00
3.925313527564786714e-02,-9.927378881635737784e-01,-1.137131336986024199e-01,7.048945228636830151e+00,9.341565849246549202e-01,7.685452191274795564e-02,-3.484893933873334793e-01,5.131284632820138469e+00,3.546979929643527818e-01,-9.254657133620644571e-02,9.303894162773855836e-01,1.470481088341555775e+00
3.851401317150541376e-02,-9.933386823244945152e-01,-1.086044795911253469e-01,7.038526646899744499e+00,9.345067247917243636e-01,7.429236632146196673e-02,-3.481060551403907244e-01,5.330976381300677858e+00,3.538556939042690752e-01,-8.808465532765519246e-02,9.311429758030387305e-01,1.558624240009752304e+00
9.748089024220597809e-02,-9.919594871870167641e-01,-8.070843708841630992e-02,7.014960705231511717e+00,9.303037318428096780e-01,1.196329263602544102e-01,-3.467317831549718843e-01,5.567419941024665420e+00,3.535992683206954923e-01,-4.128363731734088077e-02,9.344855369308403548e-01,1.666875651513632262e+00
8.116041413647474834e-02,-9.953604205077832834e-01,-5.167804624559479976e-02,7.025032835580774737e+00,9.404468588828389652e-01,9.364924604098934235e-02,-3.267866648646462480e-01,5.832972614946291046e+00,3.301101222237815547e-01,-2.207831521018034995e-02,9.436841925151029375e-01,1.767373590293063401e+00
5.944609378563094071e-02,-9.955239010684404644e-01,-7.347328994335887431e-02,7.073806957309935584e+00,9.363823878233658027e-01,8.111696498503982722e-02,-3.414792259652555950e-01,6.097683893311770298e+00,3.459106614544337766e-01,-4.849948858582636690e-02,9.370131343258061296e-01,1.890325331408027054e+00
2.628750751312119993e-02,-9.967989105552502727e-01,-7.550429699434889341e-02,7.086133481916209398e+00,9.467756338900830126e-01,4.906582499889460686e-02,-3.181327457040724616e-01,6.265708426751550597e+00,3.208190549527590307e-01,-6.312271170538481802e-02,9.450347386451882770e-01,1.998595778262190814e+00
3.409006422856160345e-02,-9.969039318184562681e-01,-7.085490982135600468e-02,7.069595633244418309e+00,9.323842612120409878e-01,5.725083807986142831e-02,-3.569060534415644526e-01,6.429368252655538463e+00,3.598575509350491752e-01,-5.389705246164615965e-02,9.314492207152127445e-01,2.055147731438081493e+00
6.099231138594886359e-02,-9.975552167061126907e-01,-3.411051999335767276e-02,7.039385764226292252e+00,9.427403416070444520e-01,6.880023147629292513e-02,-3.263543725085425451e-01,6.669982116510319692e+00,3.279033184620662178e-01,-1.225225576072564403e-02,9.446318309110384170e-01,2.190721833737481639e+00
4.174365043667521702e-02,-9.981208298421767600e-01,-4.485840705355013946e-02,7.039856988425233553e+00,9.391390120565067390e-01,5.452077295208017371e-02,-3.391834331895340893e-01,6.870344349448292753e+00,3.409917648298148585e-01,-2.796952541372511175e-02,9.396501061386527409e-01,2.237392917675911974e+00
2.926536607449047858e-04,-9.985137800393165675e-01,-5.449904059180179366e-02,7.023667524019822750e+00,9.414405376316817842e-01,1.865103614025452258e-02,-3.366628178974738761e-01,7.068989933137997284e+00,3.371789264731815949e-01,-5.120908046906304939e-02,9.400468082068615949e-01,2.326242415358925175e+00
-1.486208662980078449e-02,-9.997083309399422690e-01,-1.903605605895973898e-02,7.028203001245056036e+00,9.507930602237336659e-01,-8.237378718087972826e-03,-3.097171325939928610e-01,7.246514078738088394e+00,3.094699904859889994e-01,-2.270239285023495715e-02,9.506381679416610053e-01,2.414448309342325683e+00
-2.801758747171256142e-02,-9.991394562196136420e-01,3.058368547831320436e-02,7.015168859755749331e+00,9.596802644845615626e-01,-3.544668985928072641e-02,-2.788499993488695039e-01,7.438302764685276181e+00,2.796941271301726095e-01,2.153785512049573303e-02,9.598475483355163318e-01,2.478017577916550529e+00
-1.104662125190615796e-01,-9.934120157308174992e-01,3.049234155200625240e-02,6.958575964008690384e+00,9.528783706679547771e-01,-1.145804379891511154e-01,-2.808809960524217275e-01,7.583505416941523691e+00,2.825243823192596926e-01,-1.972367066566608606e-03,9.592580899649882920e-01,2.529550701154128056e+00
-4.000455309802797843e-01,-9.164316887417750523e-01,-1.079504574335245042e-02,6.844398418955853991e+00,8.729340045355956645e-01,-3.774166713616450286e-01,-3.091001130762444093e-01,7.813082159210628319e+00,2.791949083850833180e-01,-1.330774813715409344e-01,9.509682366323568559e-01,2.627554816460918818e+00
-6.092727103984193482e-01,-7.909644273990042995e-01,-5.623201003988513580e-02,6.669698890885302767e+00,7.601835616043272070e-01,-5.624400991913830472e-01,-3.252415832702662546e-01,7.925526556272496137e+00,2.256273853731475265e-01,-2.409074706416391431e-01,9.439575591935938093e-01,2.697843237400156635e+00
-8.375126773952865644e-01,-5.454452057001381027e-01,-3.258899785064914290e-02,6.386430800438508193e+00,5.223203124598749802e-01,-7.816360497967452803e-01,-3.409201913204332191e-01,8.006357243401231116e+00,1.604805483352875761e-01,-3.025468777509950913e-01,9.395272110849861580e-01,2.671303356678373486e+00
-9.791883112698861469e-01,-1.998212595155443028e-01,-3.552063228670355316e-02,6.111062424742679688e+00,2.004220471591795227e-01,-9.244899218298685550e-01,-3.242674628258740421e-01,8.041023563179372502e+00,3.195706627569330077e-02,-3.246380271635279646e-01,9.452983112406505573e-01,2.715514786254403123e+00
-9.967262705545042456e-01,4.922656487852408030e-02,-6.413647087864168816e-02,5.861071014519538380e+00,-2.282999952096030280e-02,-9.323573923225811910e-01,-3.608164132953375347e-01,8.020359769532499072e+00,-7.755986531950362362e-02,-3.581709623792789787e-01,9.304289489262058677e-01,2.693233106936709920e+00
-9.706067429603187913e-01,2.373022978942493921e-01,-4.012692280835605807e-02,5.642703222393532059e+00,-1.950292325691183326e-01,-8.732206606309670383e-01,-4.465974432200889854e-01,7.970007075826573306e+00,-1.410182575536249594e-01,-4.256445668175825592e-01,8.938347463458861109e-01,2.668852106396882196e+00
-9.481591044486169517e-01,3.165759732254996295e-01,-2.782024132752360102e-02,5.411999832508200825e+00,-2.707396389840386330e-01,-8.505047092392327146e-01,-4.509343493732575481e-01,7.880785816123691667e+00,-1.664162267748779955e-01,-4.200254667734050762e-01,8.921234481436961516e-01,2.642335880542011850e+00
-9.699303523507490921e-01,2.419136949546554782e-01,2.669973374651925246e-02,5.197127365456178261e+00,-2.307120030748396056e-01,-8.789510115360410492e-01,-4.173932090451016874e-01,7.820095766638132773e+00,-7.750537546483607376e-02,-4.110022913721497195e-01,9.083336574524253360e-01,2.643555765862497520e+00
-9.724493246748826536e-01,2.312846085604172985e-01,2.915031359036633629e-02,5.056023693053056434e+00,-2.220675286140325333e-01,-8.810576410128728719e-01,-4.176403308447236284e-01,7.757654583098698708e+00,-7.091067391175208401e-02,-4.126073957842827378e-01,9.081447094320905800e-01,2.627704733926776726e+00
-9.640937203949839773e-01,2.653524385748939340e-01,1.055374991711732248e-02,4.961173432882257650e+00,-2.455463489987822212e-01,-8.755878549968066915e-01,-4.159962724297685543e-01,7.727377258456285425e+00,-1.011448900752041913e-01,-4.036508287176551746e-01,9.093050751465252546e-01,2.625857595199975858e+00
-9.620385771323612945e-01,2.729116858641865151e-01,9.938953197368659547e-04,4.915045018124971854e+00,-2.471408323214024649e-01,-8.696375346398652617e-01,-4.273780145784110696e-01,7.674662987389351265e+00,-1.157721257843376816e-01,-4.113997691592282679e-01,9.040724776405439922e-01,2.613509796531412466e+00
-9.590115841682400610e-01,2.825737989758450031e-01,-2.118559802032031827e-02,4.851971736951384173e+00,-2.475736424370952871e-01,-8.719018266917752946e-01,-4.224860899272043224e-01,7.635696419210006525e+00,-1.378552610586562810e-01,-3.999240587210349807e-01,9.061217767246004806e-01,2.620960927744696356e+00
-9.600756796807085047e-01,2.784098106500283998e-01,-2.725191038144662500e-02,4.867218729760395490e+00,-2.428275489476808269e-01,-8.777926225194517817e-01,-4.129344903522687571e-01,7.615481632342810947e+00,-1.388865391522369486e-01,-3.898308468864928322e-01,9.103529206072098479e-01,2.639978082476538646e+00
-9.598997550485953711e-01,2.787309805998999801e-01,-3.002500143983811640e-02,4.873263989650339134e+00,-2.421527076753847152e-01,-8.783313736455613530e-01,-4.121845026628051523e-01,7.584475137540653833e+00,-1.412604913736494328e-01,-3.883851677442395900e-01,9.106055320791528462e-01,2.645194589062282553e+00
-9.595350257024770624e-01,2.795887682012921926e-01,-3.350604640700333148e-02,4.867482757959013639e+00,-2.415908405196269260e-01,-8.785165802876908625e-01,-4.121195020096045658e-01,7.556194625701412093e+00,-1.446596012270372489e-01,-3.873483430393203641e-01,9.105135149560003027e-01,2.655832564955853403e+00
-9.597839296700131362e-01,2.797928781351729510e-01,-2.303809219577515610e-02,4.848576874023616590e+00,-2.465058301933485407e-01,-8.791748514871140507e-01,-4.077823637595205941e-01,7.532301260627495054e+00,-1.343491124938080705e-01,-3.857039354964489353e-01,9.127884695342509680e-01,2.666563345050724454e+00
-9.611287494126949937e-01,2.750662346731200247e-01,-2.387663282664604508e-02,4.849956214192539861e+00,-2.420468933159150293e-01,-8.810337238798466863e-01,-4.064392683077351909e-01,7.508448352884871113e+00,-1.328338378896791461e-01,-3.848612008622898095e-01,9.133657687817829940e-01,2.671000427712284964e+00
-9.624217400646932763e-01,2.705078433218337519e-01,-2.387259835492288457e-02,4.850708920315740968e+00,-2.377446739535720999e-01,-8.818015986765844749e-01,-4.073124237954603433e-01,7.478129959317422859e+00,-1.312321007130344552e-01,-3.863307485468789881e-01,9.129768280025812865e-01,2.673768986968483308e+00
-9.631190849907610430e-01,2.676572362675111449e-01,-2.759043312806487569e-02,4.857684455941966739e+00,-2.348261870782880623e-01,-8.861600763534602798e-01,-3.994708762093995835e-01,7.456039036167522838e+00,-1.313708110229606929e-01,-3.782590685639525274e-01,9.163306101295008999e-01,2.681330337346361059e+00
-9.656003181616913400e-01,2.591233717848414053e-01,-2.170492480734603075e-02,4.863996986832211711e+00,-2.293235303299169525e-01,-8.879495490053830320e-01,-3.986932616162000564e-01,7.429280743376623697e+00,-1.225836204517650185e-01,-3.800008902831592539e-01,9.168274534398207498e-01,2.693951921301159569e+00
-9.675509023652815177e-01,2.526634013278649671e-01,2.541055206177485638e-03,4.838643860467244373e+00,-2.318313491019858841e-01,-8.836869494449421936e-01,-4.066344807738867528e-01,7.403687588538440778e+00,-1.004961536860030369e-01,-3.940286550622026374e-01,9.135874025424134404e-01,2.698411647076116804e+00
-9.685463185426824717e-01,2.480235693679391784e-01,2.005836173272871822e-02,4.827861756331809140e+00,-2.336665518393385710e-01,-8.788397440491447776e-01,-4.159815462627526883e-01,7.381160488958957266e+00,-8.554514240404662018e-02,-4.075843634361145384e-01,9.091518109168850170e-01,2.695124316410919540e+00
-9.677671729435676218e-01,2.505300742538332237e-01,2.571732620591032567e-02,4.814688723422478667e+00,-2.381818654683220682e-01,-8.772944564807897416e-01,-4.166819357616901032e-01,7.358251093206764182e+00,-8.182968859065456457e-02,-4.093764997193251043e-01,9.086884964291739308e-01,2.698726197819698580e+00
-9.664521117194579958e-01,2.560333708116283025e-01,2.042617888478313881e-02,4.810710446936052875e+00,-2.412989250855095968e-01,-8.778240946023374569e-01,-4.137628399073164931e-01,7.330929113945614972e+00,-8.800650263234288673e-02,-4.048107853879684415e-01,9.101555271095168598e-01,2.706051670588353275e+00
-9.657065533657857026e-01,2.590242583136685428e-01,1.781253467158191647e-02,4.811340171210224170e+00,-2.427808458008458015e-01,-8.765706595846717297e-01,-4.155494431081850348e-01,7.300093169260064130e+00,-9.202344102781290225e-02,-4.056233626905004774e-01,9.093961589654170341e-01,2.699818578966410865e+00
-9.631387032384520763e-01,2.689724585135569446e-01,4.201771688639776257e-03,4.796578696429253164e+00,-2.458326574559067113e-01,-8.737226470544765533e-01,-4.197321056963462249e-01,7.257570602567337659e+00,-1.092251933041021722e-01,-4.052931686881650619e-01,9.076383115329534901e-01,2.697002206318016349e+00
-9.610415978953897875e-01,2.764036157653524950e-01,-2.971641176399099013e-04,4.794143208340851281e+00,-2.512514849559480123e-01,-8.740359800462352835e-01,-4.158530953258028906e-01,7.240080297425604883e+00,-1.152030313060623673e-01,-3.995774602958207522e-01,9.094317537899361259e-01,2.702276752938238324e+00
-9.637055226666160213e-01,2.667758465925600397e-01,-1.011500156623751367e-02,4.712587373995384965e+00,-2.396139858816144219e-01,-8.810492930882319884e-01,-4.078446774430867228e-01,7.189791975538510016e+00,-1.177149240826696197e-01,-3.906184721996022735e-01,9.129952934296335920e-01,2.636424142562030060e+00
-9.652667108832496679e-01,2.610133277112167693e-01,-1.149867895662431451e-02,4.603756127702460788e+00,-2.313927889319617459e-01,-8.745040645021983083e-01,-4.262628513011976761e-01,7.139731843423946067e+00,-1.213159267817717074e-01,-4.087966290544162162e-01,9.045262638435817015e-01,2.587185928402381041e+00
-9.722869204481857652e-01,2.282528809627799582e-01,5.058425305934526051e-02,4.351676247076912141e+00,-2.290229460633387837e-01,-8.864233486677332019e-01,-4.022463637040797346e-01,7.038370554488480479e+00,-4.697482838553815321e-02,-4.026838328873852402e-01,9.141329751350600885e-01,2.564104814621692707e+00
-9.678343412275248747e-01,2.441235971956482731e-01,6.083056166876510407e-02,4.165957664059825483e+00,-2.479321151277623925e-01,-8.843997004325754308e-01,-3.954324672596426504e-01,6.983656675169054751e+00,-4.273586583837379882e-02,-3.977949712691576933e-01,9.164784812552978499e-01,2.577816238729764287e+00
-9.651449172477420957e-01,2.556794877406873279e-01,5.588638706792816574e-02,3.976800988819348959e+00,-2.566701551395276781e-01,-8.829754607807622779e-01,-3.930327812277937816e-01,6.932401506695301308e+00,-5.114411179694462739e-02,-3.936779587526616497e-01,9.178245718114339535e-01,2.573731104601218789e+00
-9.692926953669469547e-01,2.359043815886779916e-01,6.943193397522405552e-02,3.784412718780393980e+00,-2.444090900311794989e-01,-8.930331620842284490e-01,-3.778306077172392530e-01,6.837648821981609615e+00,-2.712687631129258661e-02,-3.831982439483637704e-01,9.232676959671474171e-01,2.584475686849757370e+00
-9.631819579481049054e-01,2.504357469847867113e-01,9.778779328435804885e-02,3.533716434584999622e+00,-2.686685698748668694e-01,-8.832296902182100728e-01,-3.843468666171764303e-01,6.696727038801699727e+00,-9.885112272869388261e-03,-3.964684740924786510e-01,9.179951163302215722e-01,2.568695171425063428e+00
-9.161014585441816793e-01,3.751190678832508896e-01,1.415761369850901952e-01,3.300172268129400788e+00,-3.993795995997175829e-01,-8.225529909080891988e-01,-4.048487527110947726e-01,6.639470784191742858e+00,-3.541261183238385984e-02,-4.274251537504067389e-01,9.033568978342130240e-01,2.549634441053577838e+00
-8.246758593133907134e-01,5.204699997660977573e-01,2.214062022825827314e-01,3.088795639129135129e+00,-5.637321833644250990e-01,-7.245184491401434057e-01,-3.965842184136209037e-01,6.465371139678086188e+00,-4.599730975719001913e-02,-4.518672329335681748e-01,8.908985639768784992e-01,2.534991590379938486e+00
-7.170180878712563155e-01,6.587199579137731353e-01,2.279760485479148946e-01,2.949835141610422706e+00,-6.884533012092396431e-01,-6.180043698481898495e-01,-3.796085495647386066e-01,6.279508379964906517e+00,-1.091655335696589957e-01,-4.291370595679397382e-01,8.966182411627797721e-01,2.488849546366785681e+00
-5.630880877631168069e-01,7.901912112928313192e-01,2.419290288800443889e-01,2.844303270253302873e+00,-8.094308666870962954e-01,-4.683486376473844914e-01,-3.542191774424667816e-01,5.995205085863571703e+00,-1.665937498030899966e-01,-3.952814227982445194e-01,9.033266957846111112e-01,2.431380633324121909e+00
-3.151295176851534596e-01,9.151908002161976974e-01,2.512353205326736116e-01,2.804005114868153736e+00,-9.143192543078185741e-01,-2.218085920002716982e-01,-3.388528437491036271e-01,5.702096212821383681e+00,-2.543888525181873250e-01,-3.364918241421173128e-01,9.066750046185196865e-01,2.326727864316442407e+00
-2.292388838736691969e-01,9.295711713192471581e-01,2.886987557515863778e-01,2.733970793872872118e+00,-9.372890110000968722e-01,-1.308029419895891665e-01,-3.230787833104046824e-01,5.433127924585055446e+00,-2.625620764292089793e-01,-3.446563909447028506e-01,9.012619642491059846e-01,2.277637288959621920e+00
-2.942424410778143318e-01,9.163269078385644084e-01,2.715996756985931682e-01,2.651915843076688706e+00,-9.227982542961864487e-01,-1.984330336926670435e-01,-3.302540128559205423e-01,5.291940257171324546e+00,-2.487262908027269848e-01,-3.478064535205418473e-01,9.039722911422578555e-01,2.269534451262582131e+00
-5.277458259655261053e-01,8.144900432547804714e-01,2.410193200031638394e-01,2.511825437315303056e+00,-8.304924829342298365e-01,-4.352480709287437910e-01,-3.476224281351071865e-01,5.234867820119433190e+00,-1.782318124401608694e-01,-3.836210189648509572e-01,9.061282110400642464e-01,2.265150031741462566e+00
-7.476096074468357999e-01,6.307042549841446188e-01,2.080673390950154578e-01,2.392847105857824452e+00,-6.570207257525532141e-01,-6.566202951384012554e-01,-3.703694830084544587e-01,5.162604811527668147e+00,-9.697237124447957712e-02,-4.135963379398476802e-01,9.052814084349531942e-01,2.277437832005971163e+00
-8.259254022117407112e-01,5.224057604583374204e-01,2.119892719486468624e-01,2.221484717778960505e+00,-5.628810855662451651e-01,-7.428761051266701276e-01,-3.623533854451986280e-01,5.052773564150847996e+00,-3.181373120430314172e-02,-4.186016171394638663e-01,9.076125674730867177e-01,2.290846860345060243e+00
-8.589623353799290539e-01,4.844209534040593290e-01,1.658916703808764603e-01,2.067619774136112643e+00,-5.107965471811635183e-01,-7.881070973859415352e-01,-3.434735658499937228e-01,4.945279429433811380e+00,-3.564538941376839409e-02,-3.797677487004497698e-01,9.243948632811278543e-01,2.299988861297684650e+00
-8.684015296555132046e-01,4.637765355719052907e-01,1.754711040168230596e-01,1.880285495481357039e+00,-4.957661308112391030e-01,-8.051086687453113955e-01,-3.256009444882004278e-01,4.830671182953751419e+00,-9.732771055423753565e-03,-3.697449885584299656e-01,9.290822980788684404e-01,2.267345441526864125e+00
-8.109751729201025716e-01,5.518364133724354970e-01,1.944115268790739814e-01,1.733034757380238045e+00,-5.846116334342971177e-01,-7.509817634014787080e-01,-3.070107963764319159e-01,4.675225177419671141e+00,-2.342022545776471093e-02,-3.626333739669465039e-01,9.316375524445428269e-01,2.279250119046514200e+00
-5.476761520149892037e-01,7.994919940497383637e-01,2.467050545984504073e-01,1.633184050041218471e+00,-8.228501086418900101e-01,-4.612612179168767979e-01,-3.318972545139110553e-01,4.425145642894220188e+00,-1.515537238806297649e-01,-3.847734921953565590e-01,9.104838430646124969e-01,2.226009335868718519e+00
-2.106478806470850895e-01,9.384508479562815308e-01,2.737471029052628846e-01,1.616034886251201286e+00,-9.307856796584164094e-01,-1.069578739592784711e-01,-3.495683505996121654e-01,4.145364624016374400e+00,-2.987733069096262795e-01,-3.284357154273029322e-01,8.960270598090462890e-01,2.177948928368949932e+00
3.649122417985281586e-02,9.545888746917876588e-01,2.956830581425309301e-01,1.679595210122283078e+00,-9.343493567768090813e-01,1.375456232443982019e-01,-3.287437923627997693e-01,3.895416700694105838e+00,-3.544850773285399548e-01,-2.642750117604275584e-01,8.969387092273403139e-01,2.085686047925932041e+00
1.592215562845939181e-01,9.342775020970857103e-01,3.190204461935613467e-01,1.746602703948789470e+00,-9.180639462668069850e-01,2.589545918936599911e-01,-3.001684692005606170e-01,3.718321683434943292e+00,-3.630524570627928216e-01,-2.450878789585808903e-01,8.989576436118975611e-01,2.047423401626613071e+00
3.236518160791567733e-01,8.864371006053878288e-01,3.308757600958013856e-01,1.847086927166877723e+00,-8.447042738157271025e-01,4.282521562430146589e-01,-3.210526132437738767e-01,3.535234032851521491e+00,-4.262912053351672337e-01,-1.755829073216439440e-01,8.873817954580608403e-01,1.912003680709015274e+00
4.005635483248088935e-01,8.503854187699708689e-01,3.411648916533716047e-01,1.900840415930893146e+00,-8.234712613138380766e-01,4.973887627963261560e-01,-2.729459661437390050e-01,3.331804019420919527e+00,-4.018008530897309027e-01,-1.716072789463214676e-01,8.995037611199890870e-01,1.832619968178811565e+00
4.762979049228011075e-01,8.164789197159385559e-01,3.263471762182738045e-01,1.974723829649818185e+00,-7.492753407219381323e-01,5.711101178231513531e-01,-3.352904667688185736e-01,3.155419197078282778e+00,-4.601377723597290248e-01,-8.482574479201294981e-02,8.837860733618225773e-01,1.751078005587762831e+00
4.560731245871864625e-01,8.332379927775047657e-01,3.125887912600071039e-01,2.092470889391457423e+00,-7.742507927635375875e-01,5.446841155562723857e-01,-3.222653009024047943e-01,2.994751454904067689e+00,-4.387858417660196464e-01,-9.504557671346665348e-02,8.935509629634409423e-01,1.644650951562336427e+00
4.033532789266244256e-01,8.656644383823826061e-01,2.965319755089683706e-01,2.245318981838329453e+00,-7.938825250337062656e-01,4.922109055903146624e-01,-3.570419595286693504e-01,2.781429898920564359e+00,-4.550347995760854469e-01,-9.139750838001675648e-02,8.857707528681894038e-01,1.561062345415868968e+00
3.960606232524176984e-01,8.682540239775331514e-01,2.987824167445671253e-01,2.335524837019415934e+00,-8.082074584477929591e-01,4.840760189418800152e-01,-3.353671301644549629e-01,2.664384027059496507e+00,-4.358172631026290822e-01,-1.086524630747069120e-01,8.934528277696230925e-01,1.470891874801946830e+00
4.215692677095488339e-01,8.497133806176300208e-01,3.166488959750056176e-01,2.464755548732275869e+00,-8.076795038917583547e-01,5.105969832977420575e-01,-2.948635949730163408e-01,2.391734956905217757e+00,-4.122295131549877922e-01,-1.314453934019858827e-01,9.015480780509720349e-01,1.357771954587069230e+00
4.416348719441553494e-01,8.415194894033619644e-01,3.111327511483982788e-01,2.557993379746171136e+00,-7.820595004943539097e-01,5.310272941197532459e-01,-3.261793227449851784e-01,2.235510157645318685e+00,-4.397062400846628583e-01,-9.927216051923745677e-02,8.926384825764874797e-01,1.269548944147276703e+00
4.143888510803775405e-01,8.581842755085006269e-01,3.029878370004827626e-01,2.695537288876954207e+00,-8.079389431677661548e-01,5.001397455913740853e-01,-3.116005439545174727e-01,2.005022008803045264e+00,-4.189469467763645150e-01,-1.156718814135240664e-01,9.006128311527769048e-01,1.167976371667319047e+00
3.684365226124116099e-01,8.809782185218621997e-01,2.968701859320272418e-01,2.822056746291493834e+00,-8.173714833934104806e-01,4.591116046419998487e-01,-3.480235518155431751e-01,1.760630127023599778e+00,-4.428977161157303111e-01,-1.144286370323992635e-01,8.892399564158033343e-01,1.071899842540549264e+00
3.769851480632392948e-01,8.728271072664121055e-01,3.099274737106750277e-01,2.898597535614333420e+00,-8.463341462392117709e-01,4.605591664065509239e-01,-2.675888023599826693e-01,1.548406529534554599e+00,-3.762986992394242169e-01,-1.614251995812567841e-01,9.123273501824173959e-01,9.600592067577103927e-01
4.095365920596594211e-01,8.487811668264467757e-01,3.344402945293706297e-01,2.980132826640319532e+00,-8.093744013384770453e-01,5.071905089674391132e-01,-2.960926646699209575e-01,1.335301776713373467e+00,-4.209428206088592916e-01,-1.494266323453902201e-01,8.946948213350605084e-01,8.552967523553712814e-01
4.013967944171913382e-01,8.702828302812065653e-01,2.854617465604317172e-01,3.129439971029168710e+00,-8.176315596666030583e-01,4.809330239987819056e-01,-3.165154957731886598e-01,1.156316093989310900e+00,-4.127459824986324244e-01,-1.063542276786321045e-01,9.046156820363678852e-01,7.165599818480044014e-01
3.714415034146856809e-01,8.892058338960967534e-01,2.671033404998551797e-01,3.245170740363668038e+00,-8.285150624677652953e-01,4.472870083600939961e-01,-3.368933413059901349e-01,9.214436809967344599e-01,-4.190393785852033481e-01,-9.616297165449219642e-02,9.028613858602585474e-01,6.197857234816291916e-01
3.940153811553785412e-01,8.826372898429469815e-01,2.563265378217317036e-01,3.362050134870497420e+00,-8.335323180201701376e-01,4.606637585682128444e-01,-3.049799605838576233e-01,7.114591345363207031e-01,-3.872670321998812337e-01,-9.348965782643157973e-02,9.172153125905582183e-01,5.235102052796237748e-01
4.693629163213930422e-01,8.464407552252388722e-01,2.514686872674223861e-01,3.454151103616598384e+00,-8.064298896559577434e-01,5.269126145067367650e-01,-2.683913741966328370e-01,5.161807472563447741e-01,-3.596794209455921876e-01,-7.681890761655785216e-02,9.299083662280089868e-01,4.515005526865795149e-01
4.721732372782779796e-01,8.458498529681176548e-01,2.481742537652955327e-01,3.584918416236148708e+00,-7.926840659222319507e-01,5.305815878462775137e-01,-3.002251659530288386e-01,2.577606982746883379e-01,-3.856221021040538433e-01,-5.496548801144007790e-02,9.210181265841176357e-01,3.457398533025337617e-01
4.598089206687890895e-01,8.390919317660411325e-01,2.906896739110854111e-01,3.726895433960600634e+00,-8.010839107142581073e-01,5.331983819985208761e-01,-2.719633310373151258e-01,6.931433158646091441e-02,-3.831975006026966946e-01,-1.078156550751880743e-01,9.173524186770083411e-01,2.309170666921947224e-01
4.764539637298558228e-01,8.306132437699470517e-01,2.882243218745986768e-01,3.889283824960284797e+00,-7.769154466161201089e-01,5.512212727906640186e-01,-3.042326366981640828e-01,-1.692111137938243914e-01,-4.115750347814884358e-01,-7.897308210400649786e-02,9.079478195621228931e-01,1.211093967356123013e-01
5.301838362976414309e-01,8.012598308404710323e-01,2.772864641669549601e-01,3.994758846840817057e+00,-7.566533604518853595e-01,5.946915577310443179e-01,-2.716940251096722214e-01,-3.518304242905004875e-01,-3.825974279129226163e-01,-6.576195438795383319e-02,9.215717950922193147e-01,3.461949328765939748e-02
5.399612731088405670e-01,7.816361790027301915e-01,3.122286137058687960e-01,4.099256320885846350e+00,-7.361037362245466120e-01,6.184186752012715838e-01,-2.751538327528240679e-01,-5.589526284077728224e-01,-4.081581961187868979e-01,-8.126023527110869116e-02,9.092874469081516642e-01,-4.053896366100927240e-02
5.172404190778928657e-01,8.056123887370144621e-01,2.888789157857737933e-01,4.234390692667115985e+00,-7.685494459493128483e-01,5.857364540995430024e-01,-2.573801769171435994e-01,-8.246067354564869945e-01,-3.765555709362551906e-01,-8.889030010262895243e-02,9.221195240013836392e-01,-1.422144866719400325e-01
4.535789444090948530e-01,8.426573178061902425e-01,2.901633780069521329e-01,4.382939034518053667e+00,-8.056823370987910016e-01,5.268841029962572087e-01,-2.706826808217722702e-01,-1.045107286142902714e+00,-3.809752129414207267e-01,-1.110035438961575749e-01,9.178976524464672604e-01,-2.257000502235110839e-01
4.548162253308163372e-01,8.413339687393130983e-01,2.920605317758314667e-01,4.457298611184148385e+00,-8.048867379447448567e-01,5.286819222035857857e-01,-2.695417671081632438e-01,-1.196319588000181566e+00,-3.811817680011667653e-01,-1.124836796183235205e-01,9.176316698779688474e-01,-3.033261159339422086e-01
4.927277186493764782e-01,8.177353407843950261e-01,2.975370694666582549e-01,4.599132666624754506e+00,-7.974846906714539996e-01,5.611626028199787619e-01,-2.216183686903322736e-01,-1.404276998529055742e+00,-3.481918485824093135e-01,-1.280837445913249606e-01,9.286317843753956192e-01,-4.122682679601078481e-01
4.856359474684779909e-01,8.210891286663013489e-01,2.999506114552937253e-01,4.703977994113468064e+00,-8.002472197246286445e-01,5.556719860435676006e-01,-2.254618177195447104e-01,-1.579762836106548995e+00,-3.517983994412069437e-01,-1.305422794056046998e-01,9.269285837852864196e-01,-4.705490706073045537e-01
4.327165043933129396e-01,8.616235661622464459e-01,2.652569642054320442e-01,4.820899429200499853e+00,-8.424576490200675893e-01,4.912176348561236305e-01,-2.212924418364502488e-01,-1.845352624899351479e+00,-3.209696814859814840e-01,-1.277108665705790902e-01,9.384393417406274862e-01,-5.546852373765558397e-01
4.135702920778036584e-01,8.694039674500039228e-01,2.703633756500122276e-01,4.891522620902123641e+00,-8.391780764675771387e-01,4.791824692911086925e-01,-2.572242544945072540e-01,-2.004888691823620395e+00,-3.531851773317465915e-01,-1.205027074644694079e-01,9.277603828612633885e-01,-5.769888637461616510e-01
3.889779751893128745e-01,8.695268247203450374e-01,3.043340860130094305e-01,4.964559336661769073e+00,-8.338672227307090123e-01,4.727460467517275999e-01,-2.849151279521494051e-01,-2.070219543095690895e+00,-3.916140825774738210e-01,-1.429485095143256945e-01,9.089577184636473683e-01,-5.885141642870489465e-01
3.807084410369793726e-01,8.772795480409970592e-01,2.923040839813462188e-01,4.998530179845787735e+00,-8.421398666447462711e-01,4.595000817837158191e-01,-2.822412440596338001e-01,-2.093650676980600700e+00,-3.819182215223070886e-01,-1.387092982814846220e-01,9.137276413896534555e-01,-5.936210163482346092e-01
3.750795880990305808e-01,8.780773822203632450e-01,2.971454415340956667e-01,5.018873346386281575e+00,-8.453961698306393657e-01,4.555159117250232037e-01,-2.789454609793964868e-01,-2.089001484723325142e+00,-3.802901768743792155e-01,-1.465788695493122074e-01,9.131779762863874161e-01,-5.938821772925038101e-01
3.788234531948557748e-01,8.755009932231908598e-01,2.999846698995268235e-01,5.044890400520952944e+00,-8.462429208104489398e-01,4.589130064107453388e-01,-2.706875902682904789e-01,-2.092804922987453242e+00,-3.746541208738074502e-01,-1.513170955717056954e-01,9.147335274821954965e-01,-5.979048416204387761e-01
3.918970442368297502e-01,8.635895047180324191e-01,3.172221210119126056e-01,5.080231002931462569e+00,-8.462622565155373255e-01,4.736396018121742379e-01,-2.439379445523765788e-01,-2.100705346958584130e+00,-3.609112078000174528e-01,-1.728545484969017942e-01,9.164411629495193834e-01,-5.960073225442333866e-01
4.008245875725518492e-01,8.525436607226585251e-01,3.354235480089299282e-01,5.050077124697440745e+00,-8.448442595328587990e-01,4.855775430644915236e-01,-2.246166218378105039e-01,-2.087635147195184615e+00,-3.543696193689148677e-01,-1.933487942374083335e-01,9.148980361959869745e-01,-5.891762573882513010e-01
3.980802438627779050e-01,8.540785875285936690e-01,3.347863285310652692e-01,5.043511922475149234e+00,-8.440971438413087391e-01,4.839326373295111949e-01,-2.308878825019869963e-01,-2.095532296676986928e+00,-3.592104274726676816e-01,-1.906802791388386986e-01,9.135693186301959701e-01,-6.111075071882461351e-01
3.989418432190743879e-01,8.546496580640935425e-01,3.322940982020175515e-01,5.060782045921341066e+00,-8.439422525986476353e-01,4.839336789673004957e-01,-2.314512230252772640e-01,-2.097332266754224683e+00,-3.586180140590933818e-01,-1.881014522328336436e-01,9.143363514922796531e-01,-6.048674032760519292e-01
4.001306515016511689e-01,8.545257497776216349e-01,3.311815283131812615e-01,5.081796073060680818e+00,-8.437983804725008863e-01,4.845292075236425355e-01,-2.307287155264776124e-01,-2.091560289893300340e+00,-3.576307520905454562e-01,-1.871288059693212991e-01,9.149224312124222269e-01,-6.044775643237361162e-01
3.957543615948276861e-01,8.549512080859275054e-01,3.353161449603646038e-01,5.102440357738085019e+00,-8.449512129901344260e-01,4.820222414278254597e-01,-2.317585088737808829e-01,-2.080068106493997870e+00,-3.597720569265648316e-01,-1.916063426959233595e-01,9.131544647503638812e-01,-6.131625611556271727e-01
3.933706699992522982e-01,8.561967498333687976e-01,3.349427437027286403e-01,5.119689325801192403e+00,-8.496082026630407125e-01,4.777494364580522346e-01,-2.234309242958412434e-01,-2.066365792870511697e+00,-3.513195382440573722e-01,-1.966789300834953791e-01,9.153643976631363754e-01,-6.057141029985639857e-01
3.917027723581346099e-01,8.558890844894034844e-01,3.376726420349137614e-01,5.146233509154231278e+00,-8.499394248901721571e-01,4.771435451933215277e-01,-2.234659063430371739e-01,-2.065411962895879139e+00,-3.523803515298711830e-01,-1.994690761302085336e-01,9.143523257057140086e-01,-6.055265853342125526e-01
3.899629958981912226e-01,8.577972291206229505e-01,3.348324589150303843e-01,5.161016229928981680e+00,-8.499923571535948907e-01,4.751818906792089070e-01,-2.274096821839623750e-01,-2.058085893280839684e+00,-3.541777161406173269e-01,-1.959236700440072643e-01,9.144244424258933801e-01,-6.004557822992854232e-01
3.853116331379187187e-01,8.622231088197731541e-01,3.287951580935344342e-01,5.172668802411310551e+00,-8.487755230290444652e-01,4.709615480687454059e-01,-2.403649969264775865e-01,-2.057552543048953630e+00,-3.620981315546418222e-01,-1.864578527653250051e-01,9.133008333877641327e-01,-6.260681590930093909e-01
3.768622024949676019e-01,8.662898648650387834e-01,3.278974692838474425e-01,5.212275910525377753e+00,-8.477815034619452517e-01,4.652024255151328558e-01,-2.546629648823007241e-01,-2.101734006452389725e+00,-3.731506434651382653e-01,-1.820125636513845735e-01,9.097417347547636091e-01,-6.452340557710881663e-01
3.185225666110627629e-01,8.762790215018331219e-01,3.614947455154609024e-01,5.266848393804712813e+00,-8.633663758552586609e-01,4.256257377524532703e-01,-2.710004287916152887e-01,-2.223308364991019470e+00,-3.913334583217475404e-01,-2.257826561949984878e-01,8.921212454366699296e-01,-7.137419456700693221e-01
3.204024820590260503e-01,8.671802126673998634e-01,3.812357908808348128e-01,5.335738835659658008e+00,-8.624774413874817247e-01,4.334900745535099076e-01,-2.611877071404755668e-01,-2.362956921332306948e+00,-3.917587428355878143e-01,-2.451220798331208983e-01,8.868146668781294872e-01,-8.103839839363738973e-01
3.945198017172149019e-01,8.402977543706052765e-01,3.718249723360769199e-01,5.430826008071848676e+00,-8.313991352205125640e-01,4.987507589478581971e-01,-2.449962416110146590e-01,-2.523797107408268570e+00,-3.913177788033588289e-01,-2.124790917917648292e-01,8.953898768378806272e-01,-8.708092812776779823e-01
5.022982677390106510e-01,7.936176195962424407e-01,3.433184004576219639e-01,5.559685717170504304e+00,-7.718474380559587900e-01,5.904948722109002457e-01,-2.357272539590806182e-01,-2.733330944609945856e+00,-3.898050571668388309e-01,-1.465840365081649277e-01,9.091562779017330342e-01,-9.286865101382852927e-01
6.139639018814793126e-01,7.070519263935066689e-01,3.508930044467937770e-01,5.739949776247449620e+00,-6.756330001978897437e-01,7.005948560101774580e-01,-2.295362646199522183e-01,-2.887348358277409766e+00,-4.081278920020870449e-01,-9.614791269347282288e-02,9.078475657590452386e-01,-1.038224109650833116e+00
7.292588267860115048e-01,5.925654955962219583e-01,3.421223421285011224e-01,5.953156673200123983e+00,-5.741119291511151967e-01,8.019352962596015821e-01,-1.652128125158991157e-01,-2.977453195821897491e+00,-3.722593939191777834e-01,-7.593361601972954678e-02,9.250173131337042776e-01,-1.132598159294360363e+00
8.904290569592634430e-01,3.055394783612077614e-01,3.373154631578504925e-01,6.157264130716429307e+00,-2.726023741541962475e-01,9.515447709348268113e-01,-1.423042322353315903e-01,-3.039326469534378461e+00,-3.644503260090872221e-01,3.475882721486610316e-02,9.305739002371170576e-01,-1.204042846683438750e+00
9.431228394054559372e-01,-9.789125375096016657e-02,3.177052285230015372e-01,6.402265036941931164e+00,1.570236096485492783e-01,9.735143228433082996e-01,-1.661729497598167515e-01,-2.991015857500371578e+00,-2.930237120178644794e-01,2.066087259967576695e-01,9.335148303788596280e-01,-1.305356329478199573e+00
8.985691085963560809e-01,-2.952955354924155507e-01,3.246137763475152593e-01,6.584658375098097594e+00,3.558539780416453135e-01,9.231866905475952789e-01,-1.452387025132024223e-01,-2.885122366787644665e+00,-2.567907774595600268e-01,2.460221150913640131e-01,9.346291325962876595e-01,-1.357222786624894706e+00
8.816752697454198762e-01,-3.244526660167214582e-01,3.426064597084822472e-01,6.734249875043977873e+00,4.027891387754582997e-01,8.957145963104403696e-01,-1.882983580410444169e-01,-2.750636479645251153e+00,-2.457837024781441282e-01,3.040161664633460048e-01,9.204154182351950153e-01,-1.375917159260759082e+00
8.890310406386606745e-01,-2.715420340099057861e-01,3.686308893008021781e-01,6.946281256162022189e+00,3.663070213432523814e-01,9.048654470951144058e-01,-2.168817391298692443e-01,-2.618744465787473885e+00,-2.746688458773093866e-01,3.278466812690414844e-01,9.039212237165941133e-01,-1.406419462371343077e+00
8.854769585548419863e-01,-3.294896798627688916e-01,3.276692032101793939e-01,7.224054983021148679e+00,4.164358767898282965e-01,8.755477526188905069e-01,-2.449434494047572908e-01,-2.473516537372829838e+00,-2.061836957442391149e-01,3.533449925327120100e-01,9.124886847853552752e-01,-1.484599587177225066e+00
8.685787516083814941e-01,-3.894826138700427376e-01,3.063890431255365532e-01,7.422409369274745039e+00,4.665513673485178203e-01,8.511201326954506152e-01,-2.406747625857573458e-01,-2.379044609185547721e+00,-1.670352474169858881e-01,3.519912118412040214e-01,9.209785083849186815e-01,-1.486420963778139592e+00
8.603541910466865339e-01,-3.898915773565242437e-01,3.282913703630364055e-01,7.677931055611765920e+00,4.780502426688733597e-01,8.406836716049539415e-01,-2.543991544424806239e-01,-2.257253440445883719e+00,-1.768011069892742315e-01,3.758131479914682549e-01,9.096734833796755737e-01,-1.540638359123707612e+00
8.596863541847377110e-01,-3.565001025210482455e-01,3.658511300119667853e-01,7.952093984955364014e+00,4.644630910312986805e-01,8.436457791294306174e-01,-2.693247787091847534e-01,-2.112018942824289702e+00,-2.126344504030451832e-01,4.014591838027621873e-01,8.908519036530245794e-01,-1.573943096171433353e+00
8.905084837341125104e-01,-3.389938150200071387e-01,3.034432958161213945e-01,8.195268469510761378e+00,4.261685897904516906e-01,8.550342728483242283e-01,-2.954601924638221577e-01,-2.000710160639042723e+00,-1.592952399589794288e-01,3.924278094540709083e-01,9.058837899496233748e-01,-1.628997592951942242e+00
8.695884176079657912e-01,-3.855813786168520996e-01,3.084525643044628285e-01,8.443227126617513179e+00,4.639285218312203529e-01,8.518943723389628131e-01,-2.429944546871538047e-01,-1.912956042089969166e+00,-1.690748668299707491e-01,3.544051055517317694e-01,9.196796782387313129e-01,-1.667964120476139067e+00
8.642615331332872408e-01,-4.014208992010105947e-01,3.031720040352489653e-01,8.673441095685534563e+00,4.789459876974991315e-01,8.409261021310894257e-01,-2.519008368844439238e-01,-1.795098861185792760e+00,-1.538269911769920284e-01,3.629112183982003415e-01,9.190390113298619879e-01,-1.731803669886811337e+00
8.624618341901172380e-01,-3.569264286819598397e-01,3.588357689441757370e-01,8.922108548672197159e+00,4.544706959889321385e-01,8.581820769357857426e-01,-2.387046487052994770e-01,-1.637675931506642701e+00,-2.227464276991979464e-01,3.689539908098635745e-01,9.023618906030573816e-01,-1.761070146226724642e+00
8.620858845353215338e-01,-3.489789963435719344e-01,3.674528375124934132e-01,9.123805638023659625e+00,4.504639745780668614e-01,8.598778280750067893e-01,-2.401922737981874723e-01,-1.538270907237722751e+00,-2.321424892006691831e-01,3.725906344717271335e-01,8.984910037455444698e-01,-1.847685086240208108e+00
8.656556465626449315e-01,-3.575693307146126654e-01,3.504061576321263471e-01,9.436881564167638459e+00,4.532305921403084192e-01,8.570253934471026014e-01,-2.451316081923913814e-01,-1.417177509072599983e+00,-2.126554300326103375e-01,3.710143510959445501e-01,9.039502305760553913e-01,-1.917155346410965189e+00
8.499569719722640526e-01,-3.787858311752144158e-01,3.661890767030600013e-01,9.654963042325871214e+00,4.821367616165425640e-01,8.394411894397689755e-01,-2.507640974498999697e-01,-1.305625634114685463e+00,-2.124083070260044948e-01,3.896919085288399476e-01,8.961154655140707304e-01,-1.977853821009189383e+00
8.671861868713506283e-01,-3.512375444413725623e-01,3.530160119234244664e-01,9.932882696714059989e+00,4.539278726427062316e-01,8.490492868277030869e-01,-2.703050036078503693e-01,-1.138252210396385911e+00,-2.047867274449055308e-01,3.946485726721508658e-01,8.957203248504763682e-01,-2.026872170114233374e+00
8.320713041602562088e-01,-4.106055749019706380e-01,3.729080404770996893e-01,1.018406458456970753e+01,5.185975267581630632e-01,8.143908555075130007e-01,-2.604306811918704612e-01,-9.393635401845975563e-01,-1.967586085368754900e-01,4.100860840423205533e-01,8.905702968555992971e-01,-2.041292323117632979e+00
7.962709869677992991e-01,-5.136422252348094020e-01,3.195687402878412686e-01,1.040958290534503305e+01,5.963222398628327259e-01,7.553159378489389120e-01,-2.718411673686609853e-01,-7.264327691606343729e-01,-1.017462606600472719e-01,4.070251816377118970e-01,9.077324495436351892e-01,-2.106717341448373304e+00
7.761683649075278302e-01,-5.304411645492471683e-01,3.408736426719010115e-01,1.060340574434542837e+01,6.170333396705884876e-01,7.502335172416912945e-01,-2.375279506544972774e-01,-5.977418280151775010e-01,-1.297402291185598966e-01,3.946920832228590914e-01,9.096074056368858018e-01,-2.099168542623730094e+00
8.362738154829727488e-01,-4.524594474016117029e-01,3.097201220369396046e-01,1.074330868996424648e+01,5.281335476773211246e-01,8.165145653807468484e-01,-2.331928822645772670e-01,-4.874479431521550610e-01,-1.473806681872436852e-01,3.585866882332915950e-01,9.217887641247123343e-01,-2.109902725361347375e+00
8.059647789978677812e-01,-4.888949983149760703e-01,3.337700640223979498e-01,1.089542137099661723e+01,5.713159829580708449e-01,7.900347036417889601e-01,-2.223583024271595654e-01,-3.585138860624271784e-01,-1.549800717239887826e-01,3.699011322829813264e-01,9.160536718469057815e-01,-2.124116461343854567e+00
7.880834724207523845e-01,-4.964257322884800816e-01,3.639861711921119070e-01,1.099702955912973401e+01,5.882690518099522592e-01,7.815026479113070801e-01,-2.078295791994965169e-01,-3.091855833463501013e-01,-1.812842055444168210e-01,3.779088562464016920e-01,9.079212152993612062e-01,-2.121355068417648315e+00
7.717443134770475277e-01,-5.103906997448781624e-01,3.793574148870326179e-01,1.101126194302429262e+01,6.067148422116853679e-01,7.696746206979188099e-01,-1.987412350106764480e-01,-2.637698818986304872e-01,-1.905460964068591834e-01,3.835391920879139271e-01,9.036536246132480521e-01,-2.094074301484338374e+00
7.670852533328786915e-01,-5.182443472403751583e-01,3.781573887584754323e-01,1.101198628527853174e+01,6.124731101807942002e-01,7.670079376394567383e-01,-1.912472559372719039e-01,-2.428479297670415316e-01,-1.909369095400358374e-01,3.783141818006113266e-01,9.057712053404198826e-01,-2.072388905957930572e+00
7.689365221891294455e-01,-5.166003923143941412e-01,3.766439426093279308e-01,1.101112034588694932e+01,6.112679222687241731e-01,7.666747375084647098e-01,-1.963705020404240276e-01,-2.430977145237581682e-01,-1.873183174411018892e-01,3.812268111334015108e-01,9.053054547632503057e-01,-2.052160706051090244e+00
7.694045560068688561e-01,-5.221364318899049950e-01,3.679540401859310306e-01,1.102667472637334889e+01,6.100929416556098994e-01,7.713373926985058748e-01,-1.811773417596142244e-01,-2.257307627418638218e-01,-1.892174192242341013e-01,3.638848349661619186e-01,9.120222558379661448e-01,-2.033626000605130102e+00
7.613262287774750225e-01,-5.405706356067336849e-01,3.580024599010430686e-01,1.102261323857493558e+01,6.212626391224825850e-01,7.661956756604711982e-01,-1.642465215149672142e-01,-2.088327172495943462e-01,-1.855130901204491978e-01,3.474587378652712055e-01,9.191612039653533905e-01,-2.017635238736368297e+00
7.254996929915973336e-01,-5.922476827702299884e-01,3.505608046008416023e-01,1.104142865098216220e+01,6.675929892983265557e-01,7.293921929851217012e-01,-1.493540406285819022e-01,-1.671312091506747532e-01,-1.672417295677878224e-01,3.423882460973931008e-01,9.245542130267586645e-01,-2.010471218354914047e+00
6.448906392445356017e-01,-6.791309856181366733e-01,3.505669234085139196e-01,1.116582886142961328e+01,7.563910661340904618e-01,6.328493012850557875e-01,-1.654518568513366761e-01,-3.627464006648262185e-02,-1.094925499169302208e-01,3.718640426773677787e-01,9.218072007075754914e-01,-2.041042275140179552e+00
5.250858712815993368e-01,-7.824565056247654304e-01,3.347336920387960491e-01,1.132549089905166717e+01,8.506604431047126713e-01,4.944322900277838273e-01,-1.786435588393267826e-01,1.215316093051172497e-01,-2.572233110240475587e-02,3.785479195337921876e-01,9.252242075839233193e-01,-2.019811851216210208e+00
4.433719316641318020e-01,-8.411418769911916948e-01,3.096799525060506264e-01,1.141812691406206959e+01,8.955101965040421774e-01,4.008425371758065348e-01,-1.933565316914809262e-01,3.297188464845069999e-01,3.850737812047081571e-02,3.630504140779844957e-01,9.309734575529498013e-01,-2.020460113118150769e+00
2.654250006208446755e-01,-9.212677506500893676e-01,2.842803205597383975e-01,1.141280046184938968e+01,9.522503128774082448e-01,2.043519539503434179e-01,-2.268471303357387225e-01,5.720459396200859858e-01,1.508937065298214253e-01,3.309169239081008462e-01,9.315176213045543996e-01,-1.998391107788203058e+00
2.051192430892575386e-02,-9.575402751638159016e-01,2.875689176533983704e-01,1.139356513061681042e+01,9.693085187947325654e-01,-5.143505911848469253e-02,-2.404068012462297621e-01,7.815246186521271898e-01,2.449903188967090528e-01,2.836742077325333788e-01,9.270969137658754411e-01,-1.955687788109468972e+00
-2.223226425868411738e-01,-9.480669520700871766e-01,2.274680131045614118e-01,1.136943206251710947e+01,9.017272341823776571e-01,-2.886664799625212607e-01,-3.218068651844635530e-01,9.759766331642144577e-01,3.707568444776263572e-01,1.335691496513394250e-01,9.190748851613854686e-01,-1.877320384358658556e+00
-4.042754227073122042e-01,-8.724241446972833547e-01,2.746588690431018276e-01,1.127905266873868229e+01,8.226842672013293667e-01,-4.780746712215677707e-01,-3.076283557083226428e-01,1.119016509249902480e+00,3.996898536293336801e-01,1.015909468683322547e-01,9.110034579627895868e-01,-1.807043812846866215e+00
-4.536160906856130381e-01,-8.372897760818329704e-01,3.052511640271562965e-01,1.114204968348353120e+01,7.792059268824724771e-01,-5.388534788674843590e-01,-3.201172469949740140e-01,1.308338786484961380e+00,4.325165497207369980e-01,9.264318205483274005e-02,8.968537645772731715e-01,-1.749071910257379736e+00
-4.924244002545045129e-01,-8.057295022680662777e-01,3.291172727294084943e-01,1.102932641948994075e+01,7.334551774106335964e-01,-5.877378853535565328e-01,-3.414786682205352419e-01,1.506504014808870417e+00,4.685741272878063413e-01,7.324033926044784537e-02,8.803829507330817039e-01,-1.631576325048142984e+00
-4.933790496128636072e-01,-8.047345575523972006e-01,3.301202891130037842e-01,1.090767724605104760e+01,7.436091830048158213e-01,-5.871275498123762482e-01,-3.198853282072041115e-01,1.707122802984563092e+00,4.512454945525990468e-01,8.765575926466470658e-02,8.880844394052391788e-01,-1.535572632056409370e+00
-4.649159313433080531e-01,-8.118308879257184474e-01,3.532474857559813053e-01,1.082764018013729235e+01,7.559282754950968908e-01,-5.716924025326890479e-01,-3.189674578909506564e-01,1.880023504187475769e+00,4.608965383794885740e-01,1.187367099769187362e-01,8.794748288687199711e-01,-1.465207551927886209e+00
-4.628236144695083709e-01,-8.277013788892657598e-01,3.173400845688832406e-01,1.070631905939644035e+01,7.781736664196992059e-01,-5.508162990543991056e-01,-3.017402021390950262e-01,2.127150611297755400e+00,4.245468723006972089e-01,1.072932061261289427e-01,8.990262071479752093e-01,-1.341547615894418621e+00
-4.251970271714744509e-01,-8.433442632854877274e-01,3.285999721058969203e-01,1.060017722446286648e+01,7.904256983107798007e-01,-5.228615446436558623e-01,-3.191285330125948616e-01,2.335325444149560781e+00,4.409475065520369053e-01,1.240413588941569611e-01,8.889201526285895882e-01,-1.217169003317868592e+00
-4.038241290106688863e-01,-8.520623152092769992e-01,3.330403636632939257e-01,1.046521420611747288e+01,8.102450843487852827e-01,-5.021436938170232844e-01,-3.022492581437211112e-01,2.510442430677863435e+00,4.247693210642767281e-01,1.477887741339064254e-01,8.931570422510216600e-01,-1.099187676729429075e+00
-3.959774095491161994e-01,-8.500233968865889000e-01,3.473645288053369695e-01,1.035755037588484129e+01,7.933970239015173398e-01,-5.071583007543173371e-01,-3.366179146156853541e-01,2.735376167154554228e+00,4.623019074057436728e-01,1.423048935257623104e-01,8.752292635005043397e-01,-1.011180039793684093e+00
-4.251534555647643598e-01,-8.465602980533698529e-01,3.202814402695341456e-01,1.026761396050653197e+01,7.654473489330900771e-01,-5.251294791762577407e-01,-3.719265869918160772e-01,2.928537378774702660e+00,4.830475082563268630e-01,8.703270569080687191e-02,8.712579485476696917e-01,-8.951050220234620935e-01
-4.472762141189428609e-01,-8.378101647670537222e-01,3.130784503865211565e-01,1.020166923874098330e+01,7.578141499248194357e-01,-5.409153649312644641e-01,-3.648674857465439847e-01,3.075329775366740570e+00,4.750386325943927734e-01,7.405873205962941463e-02,8.768429743965403533e-01,-8.028716892811413874e-01
-4.205212762570185170e-01,-8.403940490778951666e-01,3.419059790200019711e-01,1.012536758299917317e+01,7.578039847253414951e-01,-5.325628167494762533e-01,-3.769747563833183990e-01,3.259922829658524090e+00,4.988937531675099457e-01,1.005718076317845266e-01,8.608079545172159230e-01,-6.813657908268847541e-01
-3.946242051109559168e-01,-8.410914034210243972e-01,3.699148386207224970e-01,1.006036224591955097e+01,7.834796139400281856e-01,-5.183400927162802319e-01,-3.427582862940973252e-01,3.364903855910006847e+00,4.800327398010810764e-01,1.545600186792495945e-01,8.635275151058823262e-01,-5.901949547982363597e-01
-4.149489232578787989e-01,-8.383444063232230459e-01,3.535478008327689881e-01,9.994778807160097145e+00,7.646010786886031640e-01,-5.319240591229257298e-01,-3.639257970993796665e-01,3.459589958398936460e+00,4.931557376279355753e-01,1.193124122325654596e-01,8.617203529753115765e-01,-5.347077847786230187e-01
-4.420905044655728533e-01,-8.254148190045547118e-01,3.510646128977557012e-01,9.933976942129106646e+00,7.449559463215851274e-01,-5.558731406518131468e-01,-3.688437196727162859e-01,3.523035344631033627e+00,4.995964610578105813e-01,9.846536482219882258e-02,8.606439147690206903e-01,-4.694870673871432420e-01
-4.718080396329006332e-01,-8.134641893527527756e-01,3.401076099978144196e-01,9.885560544552328466e+00,7.299095557889874186e-01,-5.767396316054420602e-01,-3.668834115949453634e-01,3.528027400398046076e+00,4.946000546964017253e-01,7.514925133551687841e-02,8.658656800670818665e-01,-4.634261213841214810e-01
-4.801308773645751593e-01,-8.074661787280648095e-01,3.427429223359947374e-01,9.859951116070305943e+00,7.247965740587450911e-01,-5.852677802409834706e-01,-3.634990393996962443e-01,3.551774300246907323e+00,4.941095696642907598e-01,7.389178318385485056e-02,8.662538528307288654e-01,-4.331553915986883219e-01
-4.804326682560434714e-01,-8.045608659082009728e-01,3.490934893712885345e-01,9.841376271661657071e+00,7.271388506727465284e-01,-5.879578120648741857e-01,-3.543652114333563641e-01,3.560447313259310853e+00,4.903606255753995002e-01,8.359081457273274951e-02,8.675016038050722411e-01,-4.268841025281949197e-01
-4.812003162152680424e-01,-8.029734074506822417e-01,3.516816210741817161e-01,9.829593336171310369e+00,7.264790125401928700e-01,-5.898070634722429872e-01,-3.526412797970197577e-01,3.548194591247188168e+00,4.905858742493039437e-01,8.579822145762286412e-02,8.671586735896479325e-01,-4.186390725098447230e-01
-4.803515698986769444e-01,-8.023619441383401663e-01,3.542282878235688548e-01,9.824168728229402348e+00,7.232931099253867568e-01,-5.908246922569809767e-01,-3.574538573772987893e-01,3.539913725088319030e+00,4.960941910870761418e-01,8.450735836593067929e-02,8.641464343221433309e-01,-4.087571933826493753e-01
-4.818061743199162361e-01,-8.008828576248255837e-01,3.555973266911567898e-01,9.815956118196346836e+00,7.225004293751721152e-01,-5.926974769048145575e-01,-3.559534104673852117e-01,3.536695080277290071e+00,4.958386228803681184e-01,8.541867028560624908e-02,8.642035123897273685e-01,-4.030353457089359548e-01
-4.763326849133905361e-01,-8.021351803012555237e-01,3.601198769941343358e-01,9.812355354927470685e+00,7.265172399295913852e-01,-5.897527247473290934e-01,-3.526534045464383982e-01,3.518086247283770174e+00,4.952573809326730747e-01,9.365295604610913982e-02,8.636835360567767239e-01,-3.979776962248579020e-01
-4.251505215487799139e-01,-8.333546831371394514e-01,3.532237338008249461e-01,9.781011103420496511e+00,7.644371526484002866e-01,-5.395562587884213945e-01,-3.528666649785051068e-01,3.527664006782640804e+00,4.846471641076719461e-01,1.199958986617489370e-01,8.664399059523709701e-01,-3.442066747748969147e-01
-2.026976983925760367e-01,-9.104854488015619030e-01,3.604578901716098960e-01,9.783726164351763899e+00,8.886305268535305002e-01,-3.256725426362855891e-01,-3.229135824285463419e-01,3.681342667236784383e+00,4.113993556270746366e-01,2.548600449137419788e-01,8.750982388830388370e-01,-2.921520494364448495e-01
8.827699440283807986e-02,-9.287883910255246844e-01,3.599434635542308469e-01,9.839138275994221416e+00,9.458738865417626318e-01,-3.513041648002684925e-02,-3.226274083154196948e-01,3.809838184818782558e+00,3.122975552539374311e-01,3.689417007254061076e-01,8.754154776152072159e-01,-2.652964759383898419e-01
3.562661504120921419e-01,-8.729438086512830708e-01,3.332319567627605728e-01,9.950362760450865096e+00,9.077659956030641464e-01,2.388397750364216754e-01,-3.448426584506813497e-01,3.954447440515751921e+00,2.214392180652072772e-01,4.253524054216008543e-01,8.775192327833790662e-01,-3.061637302105127412e-01
5.482421076863724929e-01,-7.478334249118252508e-01,3.744005341132022324e-01,1.006420561847226125e+01,8.315722697957631526e-01,4.398203350118746746e-01,-3.391837746956196109e-01,4.041822127069570669e+00,8.898399556285288559e-02,4.972959294974080846e-01,8.630055660533029194e-01,-3.109164143621878096e-01
7.178416929313697903e-01,-5.649692146188972641e-01,4.068330006554646827e-01,1.019372217313347306e+01,6.951134397519016517e-01,6.143419768655112856e-01,-3.733647564209282566e-01,4.158322109154625856e+00,-3.899499667529824493e-02,5.508118753203157247e-01,8.337179788396154034e-01,-2.913236701967342746e-01
7.977692108712794994e-01,-4.102724909239781059e-01,4.418605768529799138e-01,1.036441164386515013e+01,5.775521726528607402e-01,7.304459996822526557e-01,-3.645300116755256781e-01,4.285762903049359807e+00,-1.731986548728870201e-01,5.460083559243675833e-01,8.196810972634385184e-01,-3.196169171760483985e-01
8.495138204173087182e-01,-3.775332406296347254e-01,3.685036243236596287e-01,1.055326150827546527e+01,5.089779493759603035e-01,7.702851158610671822e-01,-3.841904310780643872e-01,4.364904442635025639e+00,-1.388081984935753688e-01,5.139352999187649651e-01,8.465239462226571421e-01,-3.891901661966346571e-01
8.626347778506395780e-01,-3.508497724007391128e-01,3.643702474803965918e-01,1.084917099491343784e+01,4.845232777738308627e-01,7.799906219443119015e-01,-3.960452284452284366e-01,4.553956987926724764e+00,-1.452529976898302710e-01,5.181882542911192546e-01,8.428419186163224053e-01,-4.092274614324482029e-01
8.739335623579692625e-01,-3.350404344387754030e-01,3.521193489079864625e-01,1.107135935522897974e+01,4.642484969862006317e-01,7.899208894902527422e-01,-4.006224174868226462e-01,4.616470475704722354e+00,-1.439217204954278129e-01,5.135882549650128137e-01,8.458803950509976577e-01,-4.612642762627679471e-01
8.954243688991412320e-01,-2.793703809031677365e-01,3.466516837628108028e-01,1.126971354373714362e+01,4.151183227140057275e-01,8.053045984676873159e-01,-4.232744757647355915e-01,4.742477574015070196e+00,-1.609098434797752442e-01,5.229117458623572245e-01,8.370611257910013370e-01,-4.646210328024326097e-01
9.060452560234831809e-01,-2.550218824708398446e-01,3.377067270552486788e-01,1.156223453325973338e+01,3.839397393137003456e-01,8.309842173310392210e-01,-4.025611843216535535e-01,4.891281373668415533e+00,-1.779670492340338916e-01,4.943976840639043857e-01,8.508223430183187164e-01,-4.704143439209355626e-01
8.947108869734059500e-01,-2.994460177146184843e-01,3.313978141239254382e-01,1.189100115104021960e+01,4.199195302287588305e-01,8.167594879688115928e-01,-3.956912015011042061e-01,5.015473703941949246e+00,-1.521841544436224325e-01,4.931896402883819697e-01,8.565068370121156072e-01,-5.429704807500043140e-01
8.694229233204823215e-01,-3.285165512256544851e-01,3.690266331522252807e-01,1.217275470035745499e+01,4.664024848472737572e-01,7.921593818984639102e-01,-3.936397284301173527e-01,5.120215146499448977e+00,-1.630107436126726206e-01,5.143543421038145880e-01,8.419424613510108069e-01,-5.793902032819582271e-01
8.523498128322510858e-01,-3.800684635468379868e-01,3.592321806046485655e-01,1.237876956221435876e+01,5.078567977925211308e-01,7.654923520287677530e-01,-3.950986356865784366e-01,5.292733032815010397e+00,-1.248249554406257733e-01,5.192007530836343365e-01,8.454876158150606003e-01,-6.176241425113099259e-01
8.015315600848945676e-01,-5.218450928675198996e-01,2.919329670283285494e-01,1.254551325585651611e+01,5.977971864878121044e-01,6.882050902470814302e-01,-4.111110282943851169e-01,5.454358443087642172e+00,1.362651881931588663e-02,5.040351702094777453e-01,8.635756279427833082e-01,-5.670373154882859534e-01
6.075551708078903435e-01,-7.426421899495974088e-01,2.817078134015097435e-01,1.263627690474139698e+01,7.728834764025621640e-01,4.709947039453496465e-01,-4.252236126549497341e-01,5.695016781747701096e+00,1.831061067482152582e-01,4.760741187696493903e-01,8.601311452965854087e-01,-4.881400740803760741e-01
2.011489690955299559e-01,-9.472159740249083137e-01,2.496417248455239657e-01,1.268504500873182828e+01,8.988110579816235290e-01,7.714827955430551831e-02,-4.314937137569554992e-01,5.886036266949662199e+00,3.894583087851180569e-01,3.111752585181761233e-01,8.668864886502640754e-01,-3.908672737272412268e-01
-1.937034174704894973e-01,-9.594887413734871640e-01,2.045979991050088653e-01,1.261231403869971324e+01,8.537077945075913776e-01,-2.676076381867715237e-01,-4.467316348559681738e-01,5.997300022243175377e+00,4.833859613779038500e-01,8.813346221282351844e-02,8.709595313108082770e-01,-3.134497377638056914e-01
-5.980637262437581425e-01,-7.693014042224051163e-01,2.247112120319438577e-01,1.244595426565231300e+01,6.268798024120304513e-01,-6.237227441432181552e-01,-4.668957611355142867e-01,6.106669038379509473e+00,4.993410584753525394e-01,-1.383664984737683901e-01,8.552854607795139508e-01,-2.211138135489872369e-01
-8.216687866692075071e-01,-5.146554386033236339e-01,2.449289377137199020e-01,1.220978795115401994e+01,3.545340242947133680e-01,-7.979765307230750615e-01,-4.873798129103878995e-01,6.084489082558691919e+00,4.462802153702841168e-01,-3.136291375672695114e-01,8.381352715629296624e-01,-1.820782291628041949e-01
-9.558293068992242958e-01,-1.495335898605048841e-01,2.530415807253366678e-01,1.193028275748620359e+01,1.366773527449536077e-02,-8.825943820855626232e-01,-4.699365379745163995e-01,6.039907461563482904e+00,2.936043751121796275e-01,-4.457206100400094573e-01,8.456533620228506853e-01,-1.264549860589405106e-01
-9.623932166037648672e-01,1.145332553302021439e-01,2.463360104786222748e-01,1.174738810206043027e+01,-2.249085728244178128e-01,-8.445072022743769224e-01,-4.860285168349611218e-01,5.950763648411055762e+00,1.523661068123149387e-01,-5.231536282299632523e-01,8.385075138391341332e-01,-1.075444936267226648e-01
-8.989368565346218531e-01,3.354316577588246084e-01,2.817767395240732831e-01,1.152978975425485331e+01,-4.356120116427077971e-01,-7.525857913594711235e-01,-4.938185921534706813e-01,5.803779350511809376e+00,4.641878150324876828e-02,-5.666570652669985497e-01,8.226451647622735619e-01,-1.002623440066668092e-01
-8.460212069906121179e-01,4.488919253204970983e-01,2.876528405981819136e-01,1.128201072202028499e+01,-5.321550925919501518e-01,-6.780570545694269979e-01,-5.070005800559697073e-01,5.654303854636510529e+00,-3.254342868540091582e-02,-5.820091667067551766e-01,8.125307717980339017e-01,-7.217774679701974283e-02
-7.998110110330171052e-01,5.279473072737442818e-01,2.856116023076508137e-01,1.101768029180685815e+01,-5.908660856322447419e-01,-6.086532687532310026e-01,-5.295455290016523042e-01,5.483556724419595518e+00,-1.057337007768732601e-01,-5.922945544055006062e-01,7.987537451189934412e-01,-5.931712885424586523e-02
-7.998180091465555419e-01,5.406499099894930271e-01,2.607466722188250263e-01,1.080139805570362910e+01,-5.890102165818423829e-01,-6.232856363108646436e-01,-5.143753302120692705e-01,5.315077171950949975e+00,-1.155773204701202039e-01,-5.649891064409242603e-01,8.169633973416647876e-01,-9.485943934107321507e-02
-8.414184871216272565e-01,4.812969477343104208e-01,2.456993643288203077e-01,1.061794937559592000e+01,-5.317462042103816566e-01,-6.564659957541079116e-01,-5.350685663785738067e-01,5.170044686112089671e+00,-9.623358996631044271e-02,-5.808662879873514040e-01,8.082904500499762390e-01,-1.297126215678154060e-01
-8.131779754283467998e-01,5.033439986236389885e-01,2.922095127264326964e-01,1.039966458210348854e+01,-5.780758606993187110e-01,-6.401859477727223080e-01,-5.059547920032844148e-01,4.992557753461968062e+00,-6.760088427674801337e-02,-5.803505589933621867e-01,8.115561281396965754e-01,-1.506702240020383055e-01
-8.713427125793964390e-01,4.287596188557123988e-01,2.385939363719908057e-01,1.021830014517565388e+01,-4.891949296313576889e-01,-7.213581425394394175e-01,-4.902354036736072396e-01,4.893524774667245225e+00,-3.808146606619963737e-02,-5.438819903533809175e-01,8.382971922364380601e-01,-1.155704847849754330e-01
-9.442032379584599511e-01,2.079881843954075882e-01,2.553843389494741545e-01,1.007021367361100239e+01,-3.104006474489450773e-01,-8.212230623315176503e-01,-4.787944443684822304e-01,4.883522290350194694e+00,1.101439217207888649e-01,-5.313507288474800250e-01,8.399611416376463469e-01,-9.663037154204212609e-02
-9.642397260285906491e-01,-1.135604760411676323e-01,2.394697664207534604e-01,9.899645721931127795e+00,-9.906688200286938376e-03,-8.874768061490461157e-01,-4.607458910032672383e-01,4.895133360809285961e+00,2.648463861886912740e-01,-4.466418440191149419e-01,8.546153841898688208e-01,-3.671363954248274553e-03
-8.979696600403974660e-01,-3.381319535636383988e-01,2.816332218083812955e-01,9.730465095041639145e+00,1.802293702534125686e-01,-8.664430677541264947e-01,-4.656111944948063686e-01,4.989976997150324500e+00,4.014571754807602089e-01,-3.673461478225401589e-01,8.389808960488627232e-01,1.104161983257934687e-01
-8.417791519256667687e-01,-4.389781090794433460e-01,3.141752363448461205e-01,9.616798462028112837e+00,2.696865663708128413e-01,-8.461432155734276428e-01,-4.596855606370347513e-01,5.110913311288174832e+00,4.676291429139389222e-01,-3.022248806569373114e-01,8.306522173626439409e-01,2.730737820809501226e-01
-7.851382682591412365e-01,-5.337842903209313317e-01,3.140576875696798886e-01,9.461306151365992179e+00,3.634483429093282592e-01,-8.077187178318249172e-01,-4.642152247617261640e-01,5.198744521539874874e+00,5.014610670346192345e-01,-2.503293915438137840e-01,8.281738911471474562e-01,3.909945782272479242e-01
-6.964281163322300072e-01,-6.385083219078863115e-01,3.275591574606258050e-01,9.281780312882661477e+00,4.760026267178494308e-01,-7.525965880947704800e-01,-4.549943680374755051e-01,5.327863735586813476e+00,5.370375947172122411e-01,-1.609518513173687493e-01,8.280610626142645980e-01,5.469907645087082049e-01
-6.817970656343075309e-01,-6.576926510760774391e-01,3.203016359823456227e-01,9.135184285774593960e+00,4.982114513935757549e-01,-7.380680627763842594e-01,-4.550174550606005397e-01,5.381625189365070838e+00,5.356660442782925635e-01,-1.506516227262064411e-01,8.308826497028380942e-01,6.708363886399660858e-01
-6.879506638337730129e-01,-6.465228254538019081e-01,3.297455387081103528e-01,8.979369710112875325e+00,4.691411536183581754e-01,-7.428117052180887026e-01,-4.776372562652905773e-01,5.482602656199894398e+00,5.537422343584660345e-01,-1.738936650894185032e-01,8.143282698822784660e-01,7.748193938868592756e-01
-6.981809865891678291e-01,-6.404135525700656029e-01,3.200215487275225312e-01,8.767411784500637850e+00,4.517986009302061290e-01,-7.408865455091567798e-01,-4.969558842402612697e-01,5.606755655419491724e+00,5.553569430221284575e-01,-2.023798615675451995e-01,8.066108463621224356e-01,9.443236906122154384e-01
-7.012018110465642051e-01,-6.400633167701763604e-01,3.140620491402574821e-01,8.615325224802996118e+00,4.653682254267088036e-01,-7.446159852385357825e-01,-4.785179717528317833e-01,5.706438028390662609e+00,5.401374222808613679e-01,-1.893831699291365356e-01,8.199912072695537679e-01,1.061641208248806478e+00
-6.724096909464924998e-01,-6.607934471812071386e-01,3.334924702052772250e-01,8.470188575505213535e+00,4.562890445798389316e-01,-7.248175467917875592e-01,-5.161781007163670498e-01,5.753233505286608818e+00,5.828083006595389248e-01,-1.949141965715031621e-01,7.888871533097924216e-01,1.156993511491035242e+00
-6.540545714460548332e-01,-6.763384170927388972e-01,3.387904413276794924e-01,8.359695448861270251e+00,4.673725551018183544e-01,-7.134712278239373484e-01,-5.220361115909551986e-01,5.825636099866369655e+00,5.947903095277483621e-01,-1.830987510385964634e-01,7.827511322636290236e-01,1.270142966776420579e+00
-6.728701649614465818e-01,-6.629861424969085704e-01,3.281693403744817550e-01,8.258387360174747727e+00,4.565628381597985341e-01,-7.212284731757120371e-01,-5.209413251913348475e-01,5.883891838508115590e+00,5.820619519571988976e-01,-2.006959499783253498e-01,7.879879565996391610e-01,1.344839494122892942e+00
-6.930757756569856376e-01,-6.566643339557030057e-01,2.973851403617519540e-01,8.172463201254055676e+00,4.621315543536312909e-01,-7.213591889987831518e-01,-5.158249188607680891e-01,5.918669034206579305e+00,5.532453304531037563e-01,-2.200746985855789317e-01,8.034218887821670263e-01,1.385069838713008039e+00
-6.835047738666926165e-01,-6.659791042548216522e-01,2.988194384530312719e-01,8.130366304430131308e+00,4.762001538347729324e-01,-7.170881081795696943e-01,-5.089381677524172920e-01,5.925243431713149711e+00,5.532220508884108101e-01,-2.055638047015905523e-01,8.072724971206618472e-01,1.412400897257859445e+00
-6.817010208230978030e-01,-6.720710025529025300e-01,2.891440570654722486e-01,8.090745229079210787e+00,4.813708125428834417e-01,-7.096235065973870437e-01,-5.145061901631851065e-01,5.928559782633633368e+00,5.509681107292417890e-01,-2.115538853624936155e-01,8.072664334329062719e-01,1.451153371506660461e+00
-6.808578256530432027e-01,-6.703021037527524539e-01,2.951740350228025389e-01,8.012565329537459036e+00,4.572088788414825355e-01,-7.038247665263452912e-01,-5.436825720332161271e-01,5.960037837005449646e+00,5.721823680921357402e-01,-2.352143442240972049e-01,7.856726735197716582e-01,1.507112969599850638e+00
-7.039968197347987733e-01,-6.423390799985231325e-01,3.029669686780036009e-01,7.974521823448377233e+00,4.280085157877999702e-01,-7.241476692483822530e-01,-5.407576754288959675e-01,5.957156581193487455e+00,5.667426119645613269e-01,-2.510192411525238310e-01,7.847242524318971402e-01,1.536909476335415414e+00
-6.952905414035002174e-01,-6.441326482548033194e-01,3.188482311180034778e-01,7.957725245705140615e+00,4.323238225602496487e-01,-7.292166795788745937e-01,-5.304141275181664117e-01,5.961209501239987496e+00,5.741665050155060346e-01,-2.309462397966615677e-01,7.854913486742319817e-01,1.550862051749881898e+00
-6.957065090634333426e-01,-6.427153357419722601e-01,3.207950287159284097e-01,7.945371008966999327e+00,4.342732687231649624e-01,-7.320583338660078265e-01,-5.248783896197531940e-01,5.961902970836820082e+00,5.721880646424466477e-01,-2.258486064145869554e-01,7.884118375958864000e-01,1.540141047516976558e+00
-7.266776350234308568e-01,-6.081608112900785956e-01,3.194996750667292162e-01,7.917760535170665470e+00,3.867778832036701253e-01,-7.465531903689913706e-01,-5.413512750648804550e-01,5.954113504721708416e+00,5.677521323792995567e-01,-2.698124562744957933e-01,7.777266580347389491e-01,1.544346693546433391e+00
-7.182406710614891443e-01,-6.185317884555756596e-01,3.186671697917557444e-01,7.893744077931366121e+00,3.914748163200119646e-01,-7.378553996662272629e-01,-5.498334996802289876e-01,5.971959646694600110e+00,5.752197898372021223e-01,-2.701626100209687520e-01,7.720973756763490625e-01,1.563904862486374059e+00
-7.312227125030544839e-01,-6.043280535292546718e-01,3.163873392492441705e-01,7.929112048244982169e+00,3.877984937844707325e-01,-7.498571446277406682e-01,-5.360285354990262929e-01,5.955199618988485710e+00,5.611823883000706115e-01,-2.692617060933042428e-01,7.826700841948375231e-01,1.528669083011338969e+00
-7.279217009566963936e-01,-6.053345134609630085e-01,3.220250364323987702e-01,7.939763013927731983e+00,3.740386870137388797e-01,-7.441927352322355027e-01,-5.534186782577957819e-01,5.931274354049039133e+00,5.746521190192795947e-01,-2.823956438058952134e-01,7.681325682889040829e-01,1.532099786590660928e+00
-7.288146453298516292e-01,-6.040525635783775549e-01,3.224123341113231955e-01,7.946334808609949896e+00,3.710997125258490570e-01,-7.441899932550514185e-01,-5.553973868342219067e-01,5.916840576133219898e+00,5.754252480695949412e-01,-2.851346249992094961e-01,7.665402986866427515e-01,1.511674546431119426e+00
-7.554059151086611745e-01,-5.799398631709307139e-01,3.050109154180015714e-01,7.950095796252051095e+00,3.520005563383108438e-01,-7.517714024430067754e-01,-5.576157878023165759e-01,5.896104840051810569e+00,5.526821073242428328e-01,-3.138622525474516478e-01,7.720317186939121834e-01,1.479507527116138643e+00
-7.562092612469502040e-01,-5.765569300938646613e-01,3.094021001303630669e-01,7.963428083869306562e+00,3.473084350862365444e-01,-7.544227345932805751e-01,-5.569768293625415589e-01,5.882420778396023842e+00,5.545488293399341018e-01,-3.137330774552444246e-01,7.707445439237130547e-01,1.474285442122948320e+00
-7.553644484265319425e-01,-5.783741332833983728e-01,3.080712774699352341e-01,7.977724103687021895e+00,3.490046381498789207e-01,-7.529646077470669718e-01,-5.578889334179173431e-01,5.867473412857244774e+00,5.546352969322754234e-01,-3.138911617567253232e-01,7.706179507173851473e-01,1.470726882002704183e+00
-7.521173291515730330e-01,-5.804766518345335635e-01,3.120358631069077293e-01,8.017130499510559005e+00,3.485435569746695994e-01,-7.522037721139167576e-01,-5.592019975903553819e-01,5.872697943336611992e+00,5.593182565242704740e-01,-3.118274232529394396e-01,7.680668890312123409e-01,1.521150089156435348e+00
-7.557431990215430773e-01,-5.796342877311143615e-01,3.047561477954576770e-01,8.004229366899885179e+00,3.456435290008981753e-01,-7.483295731046629706e-01,-5.661566928658549047e-01,5.858382717226942482e+00,5.562218693942997394e-01,-3.225320798051568572e-01,7.658918262418477063e-01,1.513001258730405141e+00
-7.584119271423054309e-01,-5.794050517795571453e-01,2.984981318879934009e-01,8.048429594196223391e+00,3.456237108831266003e-01,-7.457985461515369563e-01,-5.694987085443079522e-01,5.853551415076617914e+00,5.525899015035211637e-01,-3.287465810173331726e-01,7.658786367471970280e-01,1.500198566671412825e+00
-7.526288602624109370e-01,-5.838787636857949437e-01,3.043606216593253144e-01,8.038352907021685922e+00,3.444480627621864799e-01,-7.430794397647328964e-01,-5.737494908566904694e-01,5.856175078421349767e+00,5.611642636158163944e-01,-3.269839988679597576e-01,7.603789408741138400e-01,1.517680082619695003e+00
-7.744864181974593365e-01,-5.582318570733431073e-01,2.975701291731344122e-01,7.951067282786905999e+00,3.179648988710216395e-01,-7.501864471720479655e-01,-5.797573781896399048e-01,5.857812335980770335e+00,5.468721158676965732e-01,-3.543973592280710849e-01,7.585073504314646664e-01,1.546846481270548024e+00
-7.652396435284616327e-01,-5.593867012977630226e-01,3.185824954131025732e-01,7.933748873817456193e+00,2.998830312231616224e-01,-7.476770681942697117e-01,-5.924940246794341281e-01,5.854516596617743929e+00,5.696301041525471121e-01,-3.578624318193130427e-01,7.399027127504861356e-01,1.545042929628419159e+00
-7.632536125036591956e-01,-5.601805823840425580e-01,3.219342139630214095e-01,7.896387085526717975e+00,3.087938446242164403e-01,-7.539579649579096765e-01,-5.798221698061630791e-01,5.859988346015556182e+00,5.675299855710796981e-01,-3.431400620685471359e-01,7.484414561482322092e-01,1.560955153818724961e+00
-7.605872782312946834e-01,-5.627514256993232378e-01,3.237558108607316298e-01,7.907786521606929853e+00,3.178299956212274902e-01,-7.575734714531991987e-01,-5.701460595617262594e-01,5.858828805536605344e+00,5.661193214121227335e-01,-3.307465316881373352e-01,7.550600278786767650e-01,1.557692336647434672e+00
-7.606112979008367025e-01,-5.617632427854538646e-01,3.254112975309486067e-01,7.885721935633023705e+00,3.189459382528886389e-01,-7.599277454696590217e-01,-5.663773566601951748e-01,5.860597603682396795e+00,5.654590542007351672e-01,-3.270044047418574351e-01,7.571817333387249604e-01,1.574741885675793540e+00
-7.625455553290548805e-01,-5.574901848178389629e-01,3.282209162738942698e-01,7.869950206855103048e+00,3.162602688614251645e-01,-7.638293452622212376e-01,-5.626225854478201782e-01,5.861087955012969530e+00,5.643613367228508260e-01,-3.252221166342511571e-01,7.587666679977033146e-01,1.595351911319353055e+00
