9.976287019755786245e-01,-6.535886820502891104e-02,2.156829482086828134e-02,1.426816284656524658e-01,6.493937882820678686e-02,9.976965333628143862e-01,1.960878357341942768e-02,2.548854611814022064e-02,-2.280022087456348365e-02,-1.816165363561965396e-02,9.995750618464283033e-01,2.281220629811286926e-03
9.945655538160391718e-01,-9.450511535290267995e-02,4.368228857020027556e-02,1.640457370632160405e-01,9.428591986336322395e-02,9.955201551079047029e-01,7.055925839514607355e-03,1.660604084507391956e-02,-4.415341977825888720e-02,-2.898956030683534114e-03,9.990205561327640815e-01,-2.359802238937929245e-02
9.939923657188730610e-01,-9.334754532268571547e-02,5.714378946856307068e-02,1.758655332073041644e-01,9.452797162685490362e-02,9.953538281185485559e-01,-1.830899860350721289e-02,1.017008112657814649e-02,-5.516918952378076918e-02,2.360069134537897892e-02,9.981980604545920288e-01,-2.079405651891549911e-02
9.995352968750597089e-01,1.289055518380213122e-02,2.762288703122480621e-02,4.135960789116257530e-01,-1.285497941503328280e-02,9.999162979762816761e-01,-1.465109431629659778e-03,2.703495845990393220e-02,-2.763946101365808219e-02,1.109336946528218263e-03,9.996173415694695752e-01,7.276619262886061673e-03
9.973974584314470038e-01,4.191442226758031880e-02,5.866422351369516425e-02,6.701868694239597746e-01,-4.136232366287945911e-02,9.990880409236000403e-01,-1.059455825647019969e-02,4.187221549096015183e-02,-5.905478893110206740e-02,8.140496877802319217e-03,9.982215506664267046e-01,-8.123712707962355353e-03
9.965305462907039225e-01,8.316175595086817973e-02,-3.315517564330706327e-03,8.563406456582124404e-01,-8.316430976288631538e-02,9.965356432717709101e-01,-6.397425888572280629e-04,-4.152551963255077250e-03,3.250829311703251536e-03,9.132557613036117010e-04,9.999942990200996196e-01,-3.655989135519412819e-02
9.987001510941214688e-01,5.078143300659605092e-02,4.387968365381690952e-03,1.100813044933707685e+00,-5.069333284047343458e-02,9.985469780022540043e-01,-1.827891484992186580e-02,-4.030817170799555482e-02,-5.309822040705941722e-03,1.803271428161378614e-02,9.998232978909490365e-01,-1.700005346716375321e-03
9.996605707804036012e-01,1.423046976677365795e-03,2.601380718580023968e-02,1.433662902551508633e+00,-5.317929632606509244e-05,9.986164890735607091e-01,-5.258426496925588944e-02,-1.103597898968321500e-01,-2.605264667860568775e-02,5.256503293727342319e-02,9.982776051346352597e-01,3.422819561461750565e-02
9.984239304610613708e-01,5.151593122122505308e-02,2.226575651299332950e-02,1.631069178647688966e+00,-5.024619866016503261e-02,9.972624337611125656e-01,-5.424903436066958601e-02,-1.163553444878567822e-01,-2.499949205262218949e-02,5.304476448502617320e-02,9.982791585312390525e-01,5.180730410567491173e-02
9.943605194440240380e-01,9.590147621120229116e-02,4.527763500364126448e-02,1.855837860478690704e+00,-9.231152293079679383e-02,9.928525564039624163e-01,-7.564644060570907547e-02,-1.478053528191621835e-01,-5.220862098550128200e-02,7.104018653289351226e-02,9.961061950375390550e-01,4.597060962759692837e-02
9.945596380539036829e-01,1.037036683434314349e-01,9.832371341832849693e-03,2.127093360876784800e+00,-1.031315438702332804e-01,9.935474259112335726e-01,-4.719530828486408203e-02,-1.630761573370128614e-01,-1.466325383502093890e-02,4.592452108924816728e-02,9.988372877249290793e-01,3.093456640254860918e-02
9.991354710320551336e-01,-2.558710656498254174e-02,3.276599614212168804e-02,2.339158784386607959e+00,2.711069342191743670e-02,9.985301406628044329e-01,-4.693152980782022698e-02,-1.905286306244590999e-01,-3.151699268229931489e-02,4.777926501686418498e-02,9.983605666324727457e-01,6.057886391932262860e-02
9.967937000627580257e-01,-7.179620931792141114e-02,3.532171913672332159e-02,2.591073802173782692e+00,7.409573258752910618e-02,9.948755889721608847e-01,-6.879233154656609617e-02,-2.076012897481493147e-01,-3.020168749447174616e-02,7.118895135393206453e-02,9.970055121600951420e-01,6.609439285008011922e-02
9.977012252622395883e-01,-5.978872181422154736e-02,3.189943344398837866e-02,2.903185714255254180e+00,6.145025105569033169e-02,9.966519202101526975e-01,-5.393344589962012492e-02,-2.832716339335963895e-01,-2.856801980219222242e-02,5.576969325033307584e-02,9.980348739194162544e-01,7.110182899423637959e-02
9.961804631497468421e-01,-8.730492032357162202e-02,1.528308231540558785e-03,3.092423204701473249e+00,8.729002769667328077e-02,9.952600777939443200e-01,-4.286990336244166089e-02,-2.758439975114898579e-01,2.221689327921013476e-03,4.283956625464224732e-02,9.990794941643252880e-01,5.507203248238037863e-02
9.837910693495528491e-01,-1.695798809203649948e-01,-5.829061549767462769e-02,3.373725299703518754e+00,1.709637280505806045e-01,9.850823738585340328e-01,1.959898987911248835e-02,-3.072783949669198877e-01,5.409746351826508204e-02,-2.924689214718859814e-02,9.981072506202027794e-01,2.994246081166546461e-02
9.748524960923851124e-01,-2.220248675271171701e-01,-1.917209070528688719e-02,3.583978564935862643e+00,2.221722175796281562e-01,9.749895564198188813e-01,5.905134040325496665e-03,-2.947080727941756018e-01,1.738150160935507740e-02,-1.001614056660283560e-02,9.997987599161911598e-01,4.910755699814450814e-02
9.874238782630310185e-01,-1.522232675193280482e-01,-4.268678322072937126e-02,3.780150420941778666e+00,1.515675057079620136e-01,9.882789998966147182e-01,-1.821838568076301554e-02,-2.435206287485311427e-01,4.495971362743914068e-02,1.151933978512821415e-02,9.989223838524458055e-01,6.057266152426979411e-02
9.935614433850926686e-01,-1.103367919036853523e-01,-2.571868136070486199e-02,4.043513256351960905e+00,1.099269537934258606e-01,9.937969473152461486e-01,-1.684316884065776773e-02,-2.388051777885464022e-01,2.741756824061233194e-02,1.390754684693666990e-02,9.995273168315467194e-01,1.162018446317576170e-01
9.907030520753788982e-01,-1.289159102987878225e-01,-4.345285583667904405e-02,4.313109410330083549e+00,1.279749782213147058e-01,9.914919490914638756e-01,-2.379327291616294138e-02,-2.113392559039957430e-01,4.615048816407397309e-02,1.801118981755211665e-02,9.987721108859484165e-01,1.367938482213700291e-01
9.838702504556581241e-01,-1.724065559965634598e-01,-4.770020668428632399e-02,4.690597752242203100e+00,1.716524313058111484e-01,9.849643807351030622e-01,-1.950926728295329302e-02,-1.863144221041252713e-01,5.034653011999495192e-02,1.100673123673814174e-02,9.986711564736202584e-01,2.071628729820511050e-01
9.785251221154118717e-01,-2.059626290994701348e-01,8.245047207350452920e-03,4.877580081872010531e+00,2.060883412964651107e-01,9.767752141120552567e-01,-5.863255646839219543e-02,-1.697777942437048992e-01,4.022557729729468214e-03,5.907263758104614598e-02,9.982455822684761504e-01,2.239140312121599141e-01
9.900539798586834861e-01,-1.392635978434083877e-01,-1.996915826193125867e-02,5.127811333053200471e+00,1.354296866032622115e-01,9.818435691467859439e-01,-1.328232122471130483e-01,-1.987624756713388952e-01,3.810402803540328953e-02,1.287977330577246560e-01,9.909385586436062487e-01,2.363287625452080154e-01
9.947998703076035287e-01,-9.732845992115615741e-02,-3.000648138903252646e-02,5.314359500757409371e+00,9.521428992740223196e-02,9.933145016232102220e-01,-6.527281102153396908e-02,-1.793752857728511674e-01,3.615877527786359735e-02,6.207633812015814212e-02,9.974161975905525557e-01,2.865563464037086949e-01
9.798538917724769481e-01,-1.844410499919964253e-01,-7.660189198825585744e-02,5.648508295527115308e+00,1.808857695137102151e-01,9.821771974432224050e-01,-5.107143242566263008e-02,-1.276160636694714801e-01,8.465630021305815822e-02,3.618634964217878197e-02,9.957529105826454785e-01,3.087342783067954510e-01
9.772484579784153080e-01,-2.101070715924637511e-01,-2.899085796674638268e-02,5.908215839189400853e+00,2.087843053830408524e-01,9.770191355348126772e-01,-4.292694520376586637e-02,-1.503253078188586667e-01,3.734387773825654372e-02,3.589745486305854355e-02,9.986575026152980650e-01,3.869609078107518751e-01
9.784035070153611624e-01,-2.035405209259855963e-01,-3.602546045812191067e-02,6.202185703135824291e+00,2.022568907084091316e-01,9.786592722051361548e-01,-3.630673612262895478e-02,-1.087393076125138802e-01,4.264654289632275469e-02,2.823624033206293890e-02,9.986911369942667038e-01,4.326898088857433211e-01
9.777352476271696791e-01,-2.098297192695453839e-01,-2.296618971494456766e-03,6.465929759380481201e+00,2.094022854366470454e-01,9.763350506234216297e-01,-5.404212965888876424e-02,-7.874873187586102496e-02,1.358191449484978663e-02,5.235797776292508421e-02,9.985360152559499269e-01,4.695070538658921988e-01
9.799352377764927180e-01,-1.965725729255943244e-01,-3.295684052422995919e-02,6.694044052501699760e+00,1.953642574689191391e-01,9.800476361529475433e-01,-3.659833021650059359e-02,-5.490196830923833871e-02,3.949350158627933094e-02,2.942540474539129605e-02,9.987864681141928047e-01,4.150531753868891838e-01
9.727101743734669625e-01,-2.279392855980852950e-01,-4.334280507042913289e-02,6.935601219980370935e+00,2.271104503329479940e-01,9.735917425470681508e-01,-2.323708660153903441e-02,-1.053391169271970795e-02,4.749484203473269134e-02,1.275934658187598963e-02,9.987899874622785390e-01,4.582910768717020633e-01
9.693058494565847116e-01,-2.449294443668413035e-01,-2.134800907340832221e-02,7.226512130318218041e+00,2.439827148276762225e-01,9.689834561869732354e-01,-3.928735803364251378e-02,4.465819759310555442e-02,3.030849838848331118e-02,3.287292074180876711e-02,9.989998828865482849e-01,4.582448252404252576e-01
9.810697107424416474e-01,-1.917869678242195008e-01,-2.683247354480713942e-02,7.530635639056249886e+00,1.907594137341447893e-01,9.809499929781595462e-01,-3.671453864550893592e-02,1.168861524699252030e-01,3.336268477725254367e-02,3.090097488654724306e-02,9.989654954078813764e-01,4.571789742902412357e-01
9.881509001320516461e-01,-1.465691210153327040e-01,4.555536557868809788e-02,7.805651124840488286e+00,1.485887512223389162e-01,9.878907815539759163e-01,-4.464511989970582767e-02,1.536985309108097053e-01,-3.846012972418327153e-02,5.088513029821204597e-02,9.979636876841422310e-01,4.744859109756704441e-01
9.847998487649333166e-01,-1.712214996613623808e-01,-2.919684788256455416e-02,8.111770602926378970e+00,1.704975968458261881e-01,9.850223178198261875e-01,-2.572164198985124953e-02,2.176862028521029391e-01,3.316364488957165846e-02,2.035267674214082112e-02,9.992426838396503141e-01,4.517907151271123301e-01
9.807182784955500443e-01,-1.943697843577041617e-01,-2.029889537544872849e-02,8.407808065268801201e+00,1.938961477381175302e-01,9.807483728306468640e-01,-2.317138499001311289e-02,2.702331806317902485e-01,2.441192571350910001e-02,1.878872318112464676e-02,9.995254082634319470e-01,4.823133292594639077e-01
9.755718583117749532e-01,-2.183352631439085811e-01,-2.427472220210320428e-02,8.729815639821644879e+00,2.180117670953596321e-01,9.758263602914397650e-01,-1.528999569387217740e-02,3.278336591749403395e-01,2.702625904685500985e-02,9.624314429620388009e-03,9.995883922363700824e-01,5.097479569515942499e-01
9.802328523187570086e-01,-1.955526104688787292e-01,-3.004549506731270594e-02,9.021718586975556065e+00,1.953496976492880288e-01,9.806869072332666804e-01,-9.575260287886478913e-03,4.169028619306709427e-01,3.133769077907048312e-02,3.516606326566719658e-03,9.995026676385503350e-01,5.097223049848912391e-01
9.763815802294937285e-01,-2.139292471111319538e-01,-3.022063895783906606e-02,9.249691771849539279e+00,2.135201552193334851e-01,9.768041875128185003e-01,-1.620871902814213436e-02,4.538183917382392352e-01,3.298716574165656834e-02,9.373179177087995889e-03,9.994118222276769936e-01,4.988371760544340061e-01
9.700497807093390046e-01,-2.298221365063466415e-01,-7.864609664452872073e-02,9.475754797801004159e+00,2.292882285223657446e-01,9.732290881444956021e-01,-1.587609052972153295e-02,4.420842576721508710e-01,8.018934596838737938e-02,-2.632026042944833437e-03,9.967761740892840949e-01,4.672749691863348209e-01
9.654251285850437014e-01,-2.562647580242419787e-01,-4.777755635575882398e-02,9.663815683074906460e+00,2.559025252239228720e-01,9.666061557908162127e-01,-1.365419976851849765e-02,4.976911624591071615e-01,4.968117028181319450e-02,9.557102467808220375e-04,9.987646709497453035e-01,5.117116643126965458e-01
9.668447414910074089e-01,-2.544123761405352457e-01,-2.203607763902117392e-02,9.927075919303526064e+00,2.540340346344766576e-01,9.670166999546572217e-01,-1.858524296674059564e-02,5.871670832280527774e-01,2.603757090274852817e-02,1.237113072156670671e-02,9.995844136570726235e-01,5.195834334481681527e-01
9.794417351208091205e-01,-2.011574264389701105e-01,-1.515180820853726656e-02,1.015828253986379792e+01,1.994653867519948498e-01,9.769402383865716244e-01,-7.616646315186412219e-02,5.873472106787785973e-01,3.012386083182366781e-02,7.157835154316902204e-02,9.969799860573665962e-01,5.578808085672217754e-01
9.821686435966729967e-01,-1.875989577511874007e-01,1.230392563935150431e-02,1.036902293504953576e+01,1.878875920396946286e-01,9.771835983575665185e-01,-9.904780592462401889e-02,6.258566597586309177e-01,6.558070828815930862e-03,9.959340415722772732e-02,9.950066057847950507e-01,5.381908825114555261e-01
9.796592201371633335e-01,-2.001464668217844967e-01,1.446389363207970305e-02,1.066048409161385813e+01,2.005839217758275117e-01,9.746082317792974514e-01,-9.952328809408587940e-02,6.136106806783955259e-01,5.822604681112821846e-03,1.004001313086093916e-01,9.949301035288563577e-01,5.772865143489328554e-01
9.847370401786750271e-01,-1.740474481677103669e-01,-6.689442798905476800e-04,1.100581023935164637e+01,1.738590734184685127e-01,9.838360881571223127e-01,-4.289025798198473072e-02,6.685036410423095266e-01,8.123071476541818964e-03,4.211932366500904107e-02,9.990795655420986465e-01,5.754769458670440097e-01
9.780747031103484979e-01,-2.019387488318749591e-01,-5.089810267406346539e-02,1.130823974760810735e+01,1.984014249162816268e-01,9.778283492622779072e-01,-6.699696985831864182e-02,7.615878974618126573e-01,6.329889198707717990e-02,5.542978530739854637e-02,9.964541079116405742e-01,6.059661233264126423e-01
9.880765005663652012e-01,-1.524549243003233967e-01,-2.150174609438118903e-02,1.157237204853141499e+01,1.505434642944202261e-01,9.859317512327629984e-01,-7.263089748399489953e-02,8.368434204172234825e-01,3.227219215918250561e-02,6.852793567355291993e-02,9.971270870082515891e-01,6.197887963264752109e-01
9.885433556850087289e-01,-1.358694340081205154e-01,-6.573835131286910605e-02,1.178792081264849934e+01,1.310196950881327427e-01,9.886738190652629710e-01,-7.319780730267369528e-02,8.522319929719379683e-01,7.493913150039806237e-02,6.374618731516100423e-02,9.951485065922300866e-01,6.177159871228714572e-01
9.835260241333938502e-01,-1.769250492729459168e-01,-3.706867669776286317e-02,1.207881865747777539e+01,1.742854346600007931e-01,9.825291034781032939e-01,-6.527746995624184034e-02,8.828906888854124446e-01,4.797027327139400527e-02,5.774156006100892441e-02,9.971784018539450178e-01,6.363407775890006501e-01
9.815526372841869573e-01,-1.768337413929582658e-01,-7.269283420960062636e-02,1.237747494931809022e+01,1.727259422544527856e-01,9.831762179675543889e-01,-5.941610299680044616e-02,9.594430956014122769e-01,8.197663760345126616e-02,4.576409430965833192e-02,9.955829842656253037e-01,6.541296614843047363e-01
9.850935896549172233e-01,-1.555661406613393638e-01,-7.341522662584876180e-02,1.255685545958429117e+01,1.521843455733837558e-01,9.871048023493056434e-01,-4.963903848120204687e-02,1.024839933748142862e+00,8.019067641059830776e-02,3.772645038528939926e-02,9.960653444218086072e-01,6.724558339474402402e-01
9.898419429986097251e-01,-1.351932210950367308e-01,-4.399682773433168104e-02,1.287647991968019667e+01,1.325396805981649828e-01,9.894501099115233789e-01,-5.849541061493342825e-02,1.078758677980899972e+00,5.144084901780254099e-02,5.206988540434636520e-02,9.973176856379841748e-01,6.879345676100691032e-01
9.846825723908105843e-01,-1.367847260616452398e-01,-1.081210911249761430e-01,1.320935777546465140e+01,1.337352359280565839e-01,9.903987142177276271e-01,-3.500390759812208041e-02,1.124196171343421868e+00,1.118709895418904948e-01,2.000813814705144911e-02,9.935212912196728086e-01,7.051514058055914358e-01
9.841643388787684188e-01,-1.587551711491245465e-01,-7.885017255990908747e-02,1.346628899835351589e+01,1.559362047445400634e-01,9.869263795770764069e-01,-4.074581383102229143e-02,1.167138627503781612e+00,8.428792398193318824e-02,2.780498027864108587e-02,9.960534267510551265e-01,6.995396225977154048e-01
9.918709099233691262e-01,-1.098679744637645200e-01,-6.419599859037852796e-02,1.371108135523662952e+01,1.059195777365661423e-01,9.924411164084152581e-01,-6.198123517746984695e-02,1.219198067650605344e+00,7.052050127369921539e-02,5.467777107058124225e-02,9.960106426393537937e-01,7.349116297795974528e-01
9.962906476224351326e-01,-8.143363564641246943e-02,-2.781201980214155489e-02,1.395092564659626255e+01,7.814834245139005986e-02,9.915290477642394462e-01,-1.037448023365025868e-01,1.264667468513015924e+00,3.602474194449744455e-02,1.011865130595331203e-01,9.942150207790488858e-01,7.667729476866101956e-01
9.908882632295965553e-01,-1.024261396129307056e-01,-8.746048089179916940e-02,1.431833438584782314e+01,9.318184770264184569e-02,9.902090573627069237e-01,-1.039382796450860069e-01,1.317225154123361719e+00,9.725015708241299683e-02,9.484149219013197907e-02,9.907307900265310829e-01,7.680312843391333688e-01
9.885153309600011040e-01,-1.251056805398416960e-01,-8.477033180129156520e-02,1.459601250313362897e+01,1.175573504252211271e-01,9.890825795924994557e-01,-8.885899002153782589e-02,1.341370212083382807e+00,9.496162286966114419e-02,7.787309832868521964e-02,9.924303858400600475e-01,7.910763594366821971e-01
9.860307952806798282e-01,-1.514444167641876005e-01,-6.933872935887823441e-02,1.486441145175441747e+01,1.464659047373149670e-01,9.865905599082702704e-01,-7.201948242916324239e-02,1.451891844030155809e+00,7.931588433364705759e-02,6.085766780644686486e-02,9.949901179215454583e-01,7.875350517967322217e-01
9.859209731135939458e-01,-1.467552097367857966e-01,-8.014201887808235225e-02,1.510077269497769947e+01,1.401757295056447195e-01,9.866953027033107393e-01,-8.235984750338794236e-02,1.548728296179830766e+00,9.116249027041338493e-02,6.996633503573709834e-02,9.933751115914688512e-01,8.662254295335184429e-01
9.886900040727507610e-01,-1.414852678762549276e-01,-4.973926839638388719e-02,1.536120717106494737e+01,1.362197785069683975e-01,9.859352868946651416e-01,-9.682862179875277586e-02,1.583390677620982068e+00,6.273952334960467003e-02,8.895801835651367950e-02,9.940574546674584289e-01,8.917325291684116140e-01
9.820370676425750345e-01,-1.619278390037487969e-01,-9.686368117900434616e-02,1.560661162725710227e+01,1.544665119073784509e-01,9.847404303005963255e-01,-8.016471562079691138e-02,1.623656551335069365e+00,1.083664822495383068e-01,6.376252729441914124e-02,9.920640330330944279e-01,9.024644070711175248e-01
9.789740903112136294e-01,-1.976089390488043884e-01,-5.060076785323615323e-02,1.582845282916162333e+01,1.941182407500881557e-01,9.787189461135955559e-01,-6.653820801902264603e-02,1.647323092573470760e+00,6.267247487870576672e-02,5.531664963008717240e-02,9.964999895465528335e-01,9.267601567285546071e-01
9.759469671537849278e-01,-2.012671346771853498e-01,-8.377981739156620256e-02,1.603233643583495294e+01,1.954638174208774004e-01,9.780210981380190738e-01,-7.258531308853310993e-02,1.701708516588873454e+00,9.654746699207782112e-02,5.446349323848227036e-02,9.938371670055791141e-01,9.417179654169024472e-01
9.583514420003385048e-01,-2.822421005099963187e-01,-4.361089675272073612e-02,1.623290767048349892e+01,2.759023847307041644e-01,9.544180842218787930e-01,-1.138595389510619615e-01,1.685608799242167111e+00,7.375898396657740164e-02,9.708510292492378291e-02,9.925392158873497239e-01,9.757225832543223731e-01
9.568811021866766575e-01,-2.839515969929260475e-01,-6.123762604132650111e-02,1.651238289802000381e+01,2.731569478205639334e-01,9.513071742420299293e-01,-1.428283658556557256e-01,1.733301402792521539e+00,9.881213556726786695e-02,1.199422811222559393e-01,9.878512089701694254e-01,9.950524426219863328e-01
9.542499452184124431e-01,-2.795863968413212497e-01,-1.060117387459697247e-01,1.672504565474804750e+01,2.690863808470406182e-01,9.575648879224436527e-01,-1.032569855298832578e-01,1.831163135372437134e+00,1.303823672637444697e-01,7.000665767885451418e-02,9.889891335031630870e-01,9.987386125732807818e-01
9.519037833365061596e-01,-2.952675026989621254e-01,-8.183085676909457318e-02,1.695578333036580787e+01,2.888979346224782585e-01,9.539014071606902734e-01,-8.130245253201381916e-02,1.945635029123271131e+00,1.020645415436329390e-01,5.375134665078137863e-02,9.933245300971454972e-01,9.842906051290751801e-01
9.594199134713862209e-01,-2.673401095025624286e-01,-8.968107651960616211e-02,1.719472524607385822e+01,2.583072166799420533e-01,9.607961764770395208e-01,-1.007377242057912320e-01,2.014744245607488438e+00,1.130964696425976607e-01,7.348450937618421219e-02,9.908628640917580555e-01,1.017833722513332928e+00
9.701041086572034233e-01,-2.375195529010455942e-01,-4.982449554285586085e-02,1.741857151244581914e+01,2.305369642035304811e-01,9.660493839111414793e-01,-1.166245942360496918e-01,2.075600468192829062e+00,7.583354470307177020e-02,1.016516100934486827e-01,9.919255131627455757e-01,1.048400318083017480e+00
9.721745034039692701e-01,-2.099766005500538213e-01,-1.038583754575851947e-01,1.762955521126221470e+01,1.986384828018862569e-01,9.739188296924864430e-01,-1.096579514699293628e-01,2.107538075364282282e+00,1.241752313523528661e-01,8.597639438741175311e-02,9.885284879692285420e-01,1.065628265979155387e+00
9.690012214821257519e-01,-2.378002656974944062e-01,-6.699004702453245641e-02,1.785650498086392801e+01,2.302891571543702054e-01,9.675884101956420125e-01,-1.036319089479624117e-01,2.134747907243347953e+00,8.946248858196274856e-02,8.499236488808881163e-02,9.923571741300868387e-01,1.073350162598895041e+00
9.798663220736950619e-01,-1.719522669776580581e-01,-1.014613657852758144e-01,1.810858577801601399e+01,1.608346430812278849e-01,9.809257722959543457e-01,-1.091643111576233033e-01,2.179771344301514535e+00,1.182971193677318789e-01,9.064792952312006324e-02,9.888320102132956979e-01,1.088364465890652166e+00
9.936838858618413095e-01,-8.762171703779574050e-02,-7.010541834879485679e-02,1.834560672255792824e+01,7.741466936214660977e-02,9.875415120770656419e-01,-1.369990178508275480e-01,2.185787943575355996e+00,8.123610001754535959e-02,1.307065286352991906e-01,9.880872934240417793e-01,1.120592993197873977e+00
9.956402835917457228e-01,-3.449252738245263405e-02,-8.666424432324458527e-02,1.863233986116464180e+01,2.058005387926392996e-02,9.874517760913056330e-01,-1.565741079375888856e-01,2.119496198315661495e+00,9.097739868601917301e-02,1.541079344125275696e-01,9.838566244526835147e-01,1.140611685997969360e+00
9.936919811252790113e-01,5.344606292203851750e-02,-9.858886856766271856e-02,1.890505135405292236e+01,-6.786113820206769731e-02,9.864750415301056785e-01,-1.492040829203251096e-01,1.997045996437315285e+00,8.928108741070653331e-02,1.549532535841339487e-01,9.838792490110016553e-01,1.184189691493656049e+00
9.589206023638354726e-01,2.628388141278523715e-01,-1.067100564616263042e-01,1.908034741835831838e+01,-2.771124655290360117e-01,9.483777960957059383e-01,-1.542343584324497308e-01,1.912033432904321373e+00,6.066267230017035467e-02,1.774691907360683440e-01,9.822549193202785300e-01,1.234229968950954381e+00
8.561131203327331241e-01,4.981194133260048451e-01,-1.376494651711666906e-01,1.923819449537868564e+01,-5.162677373382861257e-01,8.363085869489962354e-01,-1.845415150554972350e-01,1.813745848177257702e+00,2.319371849784716832e-02,2.290523902148353386e-01,9.731377363760553845e-01,1.241537379471266966e+00
7.317001668436268202e-01,6.675511821708556282e-01,-1.378052430907550918e-01,1.940431030007304258e+01,-6.796907180466900122e-01,6.993291562191200628e-01,-2.212673926791453582e-01,1.591226014528438482e+00,-5.133608518559791556e-02,2.555663327673390328e-01,9.654276026267689659e-01,1.203187192128620575e+00
7.083539956680711125e-01,6.923843793525232826e-01,-1.372533717243396290e-01,1.952706007256153953e+01,-7.032632624289772982e-01,6.756243125818869322e-01,-2.212522812673411998e-01,1.424024299219111667e+00,-6.045990852481476080e-02,2.532501914646334007e-01,9.655096788661919893e-01,1.178936848899813095e+00
6.879048631597139973e-01,7.198122019775228253e-01,-9.304457601324962746e-02,1.964849678741415673e+01,-7.217358506738668078e-01,6.648590617425093052e-01,-1.925091942504003617e-01,1.223564607145616989e+00,-7.670893750590057625e-02,1.995816171473205614e-01,9.768740538081538416e-01,1.198427846959096765e+00
6.964075844597474862e-01,7.081047532641719933e-01,-1.166367639795705125e-01,1.983025037282902403e+01,-7.153244235533579021e-01,6.718610558454612969e-01,-1.921293593032481761e-01,9.730027642145977484e-01,-5.768401316651784044e-02,2.172334689749894632e-01,9.744137594380002376e-01,1.186046167217300606e+00
6.351585639709913522e-01,7.598091583478937538e-01,-1.387935211203087105e-01,2.001513715822600048e+01,-7.671238044257012723e-01,5.996344841225911271e-01,-2.279463843417371960e-01,7.371789342194395855e-01,-8.997036899860656745e-02,2.512539120923277802e-01,9.637306700321179864e-01,1.184015045638159513e+00
6.046650944689202500e-01,7.826242712471518370e-01,-1.479167792569739681e-01,2.013954877169975433e+01,-7.931813332550463613e-01,5.748016590294745543e-01,-2.011626837977390225e-01,5.709884426921560951e-01,-7.241198869412152073e-02,2.389608813840205792e-01,9.683254623635247915e-01,1.141126145338748454e+00
6.417320428537228727e-01,7.525618151350548235e-01,-1.477521559078555369e-01,2.026875325886899404e+01,-7.650050077674175331e-01,6.144929983083822211e-01,-1.927840582640238110e-01,3.229768488148833105e-01,-5.428925552593019677e-02,2.367468467173450553e-01,9.700534043566023668e-01,1.134281482309055011e+00
6.658969001384819064e-01,7.363452631974121143e-01,-1.199040105780227738e-01,2.041242876132200124e+01,-7.433729303782454778e-01,6.412999164735717628e-01,-1.900818337239217615e-01,1.721805130691760610e-01,-6.307142591395560605e-02,2.157082995568870010e-01,9.744187625120199758e-01,1.127942804268187826e+00
6.489717681927704707e-01,7.477243838064219217e-01,-1.405129529618383555e-01,2.054473518007095478e+01,-7.602541285604814680e-01,6.302650983193976986e-01,-1.574152656103644243e-01,1.938275537013925409e-02,-2.914282236659199166e-02,2.089836158691553702e-01,9.774848051007045679e-01,1.140696675779687919e+00
6.071731920865970356e-01,7.847227126427043231e-01,-1.247035648008834458e-01,2.075404257501827487e+01,-7.910471742435574161e-01,5.822289887555346377e-01,-1.877598806294602518e-01,-2.150401257987851478e-01,-7.473341242479178415e-02,2.126491686214252441e-01,9.742665180288001547e-01,1.122137693168722361e+00
6.161313177878089409e-01,7.733837759355772778e-01,-1.491969649848381152e-01,2.089707101061998529e+01,-7.874904086464205033e-01,6.011253240307048440e-01,-1.360411742777631883e-01,-4.125771380998118909e-01,-1.552596312473788348e-02,2.013104069058752887e-01,9.794044438026816568e-01,1.098063399221716141e+00
6.541060407862286930e-01,7.465134192875829688e-01,-1.219139131950328775e-01,2.102810627300598156e+01,-7.558993001258946798e-01,6.392440954360623095e-01,-1.413620688845214635e-01,-6.166763419027385673e-01,-2.759593223912154905e-02,1.846204248551391036e-01,9.824223955357297422e-01,1.122231764287266786e+00
6.779995409385042304e-01,7.175120798332422778e-01,-1.596653931838477036e-01,2.125473299849290854e+01,-7.350102094752947179e-01,6.591782638735131927e-01,-1.588836316421028128e-01,-8.502940613199944098e-01,-8.752968311373324553e-03,2.250787234060035447e-01,9.743012644021683544e-01,1.120373561756772940e+00
6.619043846686203381e-01,7.295480056826193493e-01,-1.721693728889318598e-01,2.141710943333628592e+01,-7.471517509864790130e-01,6.236102078818835937e-01,-2.299447099268682182e-01,-1.017444427060902656e+00,-6.038912612625479959e-02,2.808380601521577868e-01,9.578534007955916696e-01,1.088975501756343167e+00
6.285948389115867396e-01,7.625355156825371905e-01,-1.529971104840988916e-01,2.162580826643348075e+01,-7.722454728179248828e-01,5.886354913631993702e-01,-2.390505971961242038e-01,-1.268354766921228727e+00,-9.222504110020782186e-02,2.684172975617857837e-01,9.588778317198144441e-01,1.080097501567944596e+00
6.482558160325539998e-01,7.496212976300899999e-01,-1.335376618012599770e-01,2.181927095849533060e+01,-7.589865047639967610e-01,6.221487490337793691e-01,-1.920167171415924079e-01,-1.512258373062180805e+00,-6.085953143180066610e-02,2.258292368474102696e-01,9.722639935834392899e-01,1.072718725348210000e+00
6.942743711273384744e-01,7.082219585309502685e-01,-1.280810487555584798e-01,2.199598562292774062e+01,-7.175774318512043726e-01,6.674761378554064928e-01,-1.988925204512727585e-01,-1.659318358366683954e+00,-5.536900661532728057e-02,2.299940495930614393e-01,9.716156700353367759e-01,1.093832518052753944e+00
6.925642066621735538e-01,7.066718434792431669e-01,-1.448092720927853239e-01,2.224599542331560542e+01,-7.196239760502527449e-01,6.629328958787570336e-01,-2.065461417103445496e-01,-1.899275203768802767e+00,-4.996151262740911037e-02,2.472546889251109326e-01,9.676615968718237371e-01,1.093888784089768418e+00
6.999223295315160076e-01,7.012124512768117546e-01,-1.356828316241268928e-01,2.242816681154178582e+01,-7.105238315204865929e-01,6.643214652992437408e-01,-2.320191276255305635e-01,-2.074608096521787459e+00,-7.255768370491513797e-02,2.588012537006553204e-01,9.632015851411098728e-01,1.067576559447848128e+00
7.186230536062064855e-01,6.718142311192347726e-01,-1.795732321125924902e-01,2.266590535703652876e+01,-6.953941291081354725e-01,6.931996154542411359e-01,-1.894763793617278425e-01,-2.336167830673344437e+00,-2.812832669831279338e-03,2.610362656792423186e-01,9.653248965879870358e-01,1.030892497292407173e+00
7.036007759620549473e-01,6.963960707209286838e-01,-1.413451829743263000e-01,2.285210331092546099e+01,-7.105360637198044893e-01,6.869110774693608645e-01,-1.526160994241664570e-01,-2.539156504236214751e+00,-9.189680035745610015e-03,2.078116559154790655e-01,9.781256900043611147e-01,1.042742960274551711e+00
7.122167868783048084e-01,6.803901890574237665e-01,-1.726743730932498444e-01,2.314785158681113586e+01,-7.017092017574020346e-01,6.966554900976547060e-01,-1.492492019602970343e-01,-2.771366943232138613e+00,1.874685727614720798e-02,2.274649835715381874e-01,9.736057911655353614e-01,1.046329708159385419e+00
7.217599947060653331e-01,6.728519784773482337e-01,-1.622736118443755537e-01,2.330701831318300421e+01,-6.921428623039673766e-01,7.019394082217038644e-01,-1.679860867662404111e-01,-2.902896386859533440e+00,8.764722307071846864e-04,2.335621592734634655e-01,9.723414778522750934e-01,1.046239752811355617e+00
7.265736807905246453e-01,6.574188995163615656e-01,-1.997275067215462108e-01,2.345666349939775230e+01,-6.857123596469870686e-01,7.121954857168364406e-01,-1.502536187648072785e-01,-3.043931842319242520e+00,4.346545996385386967e-02,2.461259447584832616e-01,9.682627603635672875e-01,1.074515922081540786e+00
7.447884947291472102e-01,6.378084544834216052e-01,-1.961898914535616101e-01,2.363135072278201321e+01,-6.635199362986434757e-01,7.390904717159182402e-01,-1.161316871184819993e-01,-3.203192093832104348e+00,7.093230754271644123e-02,2.166694487190355400e-01,9.736647049875305493e-01,1.066170202001170297e+00
7.602237284959530994e-01,6.292420625272339141e-01,-1.615992245593529386e-01,2.378595400923802217e+01,-6.492718194768657414e-01,7.445004861395843054e-01,-1.554513768711050514e-01,-3.368615000051359942e+00,2.249415623914570450e-02,2.230996478804827821e-01,9.745360742685175159e-01,1.034822454179513684e+00
7.459558297210168165e-01,6.441881222537582108e-01,-1.690312493369399705e-01,2.397762606428472054e+01,-6.655334241342316659e-01,7.304816931414019887e-01,-1.531723125941340524e-01,-3.525104655748928728e+00,2.480244877817358584e-02,2.267557256883449834e-01,9.736358042934525336e-01,1.027360751726079213e+00
7.089869616813658793e-01,6.908907038232534603e-01,-1.414479534543893191e-01,2.422088981553185150e+01,-7.040436523995937668e-01,6.818315575037382503e-01,-1.985655123828554969e-01,-3.731658782989894618e+00,-4.074338819569337661e-02,2.403658930935003990e-01,9.698268988616983721e-01,1.045137974656842328e+00
7.064061913743120424e-01,6.906568350005273249e-01,-1.548658421185692413e-01,2.436632562742601849e+01,-7.076356571866945222e-01,6.843142753696697111e-01,-1.759708760086123869e-01,-3.887602269707944203e+00,-1.555858174749600101e-02,2.338955082773898353e-01,9.721372442930410473e-01,1.032183849471666415e+00
7.481963249032941299e-01,6.478544436400865969e-01,-1.431323836767858793e-01,2.453261241909468282e+01,-6.631875048524206173e-01,7.366358293678395563e-01,-1.324763688329934908e-01,-4.070237150467307607e+00,1.961103793338716400e-02,1.940419406915659950e-01,9.807971923103298018e-01,1.061403212335953805e+00
7.715510382062202854e-01,6.248399845141244802e-01,-1.195156441445753975e-01,2.469805746208425035e+01,-6.361615682483449108e-01,7.586122997557911418e-01,-1.407332147825655910e-01,-4.247847865224244401e+00,2.730297915949938745e-03,1.846141175848117211e-01,9.828072919253659778e-01,1.085785093948635094e+00
7.579425477572517833e-01,6.328147067572373885e-01,-1.583307967863426813e-01,2.487405700172534395e+01,-6.520368067770299092e-01,7.421246261730858329e-01,-1.552386608917744604e-01,-4.364061453087003883e+00,1.926387570713701189e-02,2.208994932977653425e-01,9.751063105905584116e-01,1.101629997923438298e+00
7.512384334595026969e-01,6.432092901187810297e-01,-1.480629095965855790e-01,2.508837215680679833e+01,-6.598596206415905385e-01,7.267917528623155654e-01,-1.906804369044154124e-01,-4.525123821813473057e+00,-1.503652686123093871e-02,2.409472080689396833e-01,9.704217360424974848e-01,1.102082772445052150e+00
7.527290335318653769e-01,6.328014074197696459e-01,-1.815526944050771530e-01,2.528145994440517796e+01,-6.576492257391114427e-01,7.353332777858713198e-01,-1.636534951213497735e-01,-4.708582273293977494e+00,2.994157582578758914e-02,2.425847261231539598e-01,9.696680631478089563e-01,1.082766257563356760e+00
8.002274430851005205e-01,5.796964205123966707e-01,-1.535841768496925830e-01,2.546207025156078885e+01,-5.989661058327893084e-01,7.852342335305892984e-01,-1.569930016119561456e-01,-4.882287875959271162e+00,2.959127231104706143e-02,2.176218245873854928e-01,9.755844904805892615e-01,1.064228413777470683e+00
8.204300154950201485e-01,5.480753670200705363e-01,-1.628127198368015949e-01,2.571794885740105485e+01,-5.710703947167399264e-01,7.993809438065468953e-01,-1.867316549410442117e-01,-5.033895073521051700e+00,2.780636533077549682e-02,2.461777787387998961e-01,9.688257362923026195e-01,1.066862725795744815e+00
7.625177463842711667e-01,6.247709629074814641e-01,-1.680116970830054235e-01,2.590488902063163223e+01,-6.469193982967414991e-01,7.331424913068996796e-01,-2.097555232829268479e-01,-5.151754417455548740e+00,-7.872646088501970146e-03,2.686323348891031526e-01,9.632106156472707292e-01,1.075393498956550786e+00
7.055631858047595184e-01,6.801789076818259838e-01,-1.988397454781040408e-01,2.610835466330263444e+01,-7.082840985679023094e-01,6.678932975924679605e-01,-2.285873547397428429e-01,-5.399304830595125004e+00,-2.267656395693831706e-02,3.021178521302856357e-01,9.530008273193103507e-01,1.060336131738959908e+00
6.539427359512005600e-01,7.252775247930053348e-01,-2.152473231582467394e-01,2.624185942404695027e+01,-7.553112380710906848e-01,6.096591876381095565e-01,-2.404591619630174759e-01,-5.544523250299207895e+00,-4.317211762440322648e-02,3.198252444047719467e-01,9.464924623583924612e-01,1.073448225307049642e+00
5.932066886710762876e-01,7.711198665646192829e-01,-2.312573802179319349e-01,2.634053093673300339e+01,-8.026760885276540414e-01,5.444844373215181887e-01,-2.434086983257079395e-01,-5.722502294671011569e+00,-6.178123842917843112e-02,3.300164373240121463e-01,9.419512883764870059e-01,1.082758549003478343e+00
4.636856108411839816e-01,8.479947386986694813e-01,-2.567110777473652905e-01,2.644940182007565710e+01,-8.829439844493731648e-01,4.182215732892801685e-01,-2.133087807852835083e-01,-5.926212554163218016e+00,-7.352261300785836728e-02,3.255697141547638784e-01,9.426551790563092448e-01,1.056454097661664093e+00
2.293269250299265760e-01,9.323721978274608357e-01,-2.794481099859315032e-01,2.645661640017721439e+01,-9.531346851399604692e-01,1.569024889949623414e-01,-2.586810409178340042e-01,-6.162310890481371040e+00,-1.973409066551255475e-01,3.256742140016253284e-01,9.246582465402863882e-01,1.035253659069029331e+00
-4.974984106603395906e-02,9.664711252088971083e-01,-2.519097406837478292e-01,2.633138719856832566e+01,-9.734782978122601405e-01,-1.033148942802021991e-01,-2.041226011700200405e-01,-6.344427840053112000e+00,-2.233046282602507704e-01,2.350735985969487352e-01,9.459785654232510943e-01,9.785970013350030472e-01
-1.015809941736989241e-01,9.667725049143849336e-01,-2.345894826377536435e-01,2.627400109797069305e+01,-9.680583631975354653e-01,-1.503946174874256358e-01,-2.006102302329553499e-01,-6.528448553226050777e+00,-2.292254503016437628e-01,2.067181239571821705e-01,9.511694434545466814e-01,9.253964045893413592e-01
-1.535604366343364391e-01,9.611398897236015371e-01,-2.294107771722493361e-01,2.618840960083851144e+01,-9.553833515037694069e-01,-2.036945542092737926e-01,-2.138952553351993746e-01,-6.719159577932736660e+00,-2.523129881121795037e-01,1.863293883626218617e-01,9.495364737925102716e-01,8.832439533419393918e-01
-2.866154187876550075e-01,9.314246152405050161e-01,-2.242761419260967393e-01,2.613434186211644672e+01,-9.222416596571552105e-01,-3.316374636355644001e-01,-1.987131447745358326e-01,-6.889179326673041892e+00,-2.594646852771934631e-01,1.498825501432615726e-01,9.540509935305134803e-01,8.674574007756518101e-01
-3.682077452916692195e-01,8.902434818649856973e-01,-2.681223588291971605e-01,2.597900297480701681e+01,-8.839648111980031864e-01,-4.245811834480817670e-01,-1.957984454113591566e-01,-7.123645954019646176e+00,-2.881479982073514301e-01,1.649162261838839072e-01,9.432779916177216339e-01,7.093557356295789873e-01
-4.000648943699846027e-01,8.875792479790721723e-01,-2.283662822082942467e-01,2.579483563894821074e+01,-8.776871333512689111e-01,-4.427776775680127286e-01,-1.833390962045701733e-01,-7.366367984519387235e+00,-2.638434692054450470e-01,1.270866114285147952e-01,9.561566905864610222e-01,6.185393299214620999e-01
-3.889546784102623778e-01,8.906393691487025643e-01,-2.355329536713940686e-01,2.563715228848929328e+01,-8.743792122231685005e-01,-4.374100099681438314e-01,-2.100796906215821325e-01,-7.556069488981560944e+00,-2.901297147393913090e-01,1.242336399775446076e-01,9.488892197317712052e-01,5.582641677261361846e-01
-4.270186563652370038e-01,8.633202449511560017e-01,-2.689483626525808746e-01,2.552013170578971213e+01,-8.630501248255045832e-01,-4.778699218295292539e-01,-1.636606851058634571e-01,-7.789493372165226859e+00,-2.698139157914367647e-01,1.622297521052049607e-01,9.491480171064866633e-01,4.792740573328546083e-01
-4.609627859909964376e-01,8.468921854165127883e-01,-2.651168350215853398e-01,2.539394326065388796e+01,-8.432991341243931682e-01,-5.110675517932632417e-01,-1.663025191904474454e-01,-8.027614387273912300e+00,-2.763329157311296691e-01,1.469135248521526438e-01,9.497665691626804296e-01,4.043693012536829223e-01
-4.238380010055501912e-01,8.604406748563482310e-01,-2.828483585887888174e-01,2.529855728313642871e+01,-8.522765513664360970e-01,-4.845764459666991875e-01,-1.970034213033304560e-01,-8.232259983935779957e+00,-3.065714091277169095e-01,1.575674873412521437e-01,9.387153232148767179e-01,3.391788224162202159e-01
-4.184563222797725857e-01,8.755942724608394290e-01,-2.413068096383957639e-01,2.519400906737570978e+01,-8.649315231794336700e-01,-4.652435109549860615e-01,-1.882602871685437329e-01,-8.434078987680567963e+00,-2.771060565101234885e-01,1.299351590142245882e-01,9.520131763254942037e-01,2.774918664121480139e-01
-3.430679752934944760e-01,8.980649748641401642e-01,-2.752883311190182924e-01,2.506236904419543166e+01,-8.905852530273631329e-01,-4.041555211107156209e-01,-2.086054214202347212e-01,-8.686235028046645823e+00,-2.986005214633925542e-01,1.736018884632252735e-01,9.384562392055326718e-01,2.307105274983650145e-01
-3.712347224096879117e-01,8.972758656521402365e-01,-2.389158885373785790e-01,2.490679283849131664e+01,-8.957661762857690446e-01,-4.138303944890134867e-01,-1.623187050818244159e-01,-8.990765364549559990e+00,-2.445153130169450961e-01,1.537544325060934414e-01,9.573775828715411773e-01,1.340027579549448178e-01
-3.954540322195960744e-01,8.879342162744263689e-01,-2.349232554907744186e-01,2.478564875656260824e+01,-8.773449629000681371e-01,-4.408681269558433202e-01,-1.894758842394585752e-01,-9.191758346027697257e+00,-2.718122964016544407e-01,1.311797324420493349e-01,9.533676905167761673e-01,8.147702110856477886e-02
-3.946832399226198884e-01,8.965966541075155449e-01,-2.008471557363773474e-01,2.471033557350943966e+01,-8.905772317085808298e-01,-4.270791918333880499e-01,-1.564466626848296793e-01,-9.405379765142280135e+00,-2.260471952634321158e-01,1.171230282487152885e-01,9.670495653105823930e-01,-1.171942596842494300e-02
-3.332758978228057001e-01,9.222441580229212565e-01,-1.959410343011302180e-01,2.460263143435819799e+01,-9.178187180468065920e-01,-3.649018341150223610e-01,-1.563823911519747201e-01,-9.603676394208905620e+00,-2.157219894524410042e-01,1.277198671001771035e-01,9.680659372246263050e-01,-1.903356552068823093e-02
-3.538286192593030899e-01,9.165720053929314881e-01,-1.862822243882548690e-01,2.449614384804770140e+01,-9.120608073280428441e-01,-3.822518131253251350e-01,-1.484204672493663058e-01,-9.871910720291751318e+00,-2.072447633335366968e-01,1.173853069697514406e-01,9.712210344604588208e-01,-1.142421876969731409e-01
-4.094768228941860211e-01,8.887227564196368279e-01,-2.061567212932125248e-01,2.439611196420283790e+01,-8.859569134833295001e-01,-4.412890897297748749e-01,-1.426333997931724662e-01,-1.011982965661351130e+01,-2.177362601028489386e-01,1.242409011048729861e-01,9.680677246603534014e-01,-1.606152339424888331e-01
-4.418700346982247784e-01,8.660498069794878573e-01,-2.338987051408850104e-01,2.423334291180166744e+01,-8.597064272388046380e-01,-4.832880130151067100e-01,-1.653407252923497772e-01,-1.034482543100185659e+01,-2.562337436796326418e-01,1.280251081104925304e-01,9.580990764494126122e-01,-2.293667641123770251e-01
-4.528481661221940846e-01,8.663806926517456652e-01,-2.105066123428153690e-01,2.405486679008716067e+01,-8.624308527917949885e-01,-4.855407483539606051e-01,-1.430496621481270603e-01,-1.057798424628820833e+01,-2.261450034658801511e-01,1.167676200329471892e-01,9.670696770756792571e-01,-3.003457123516197202e-01
-4.329955406461212242e-01,8.719718309440861459e-01,-2.284293935127274244e-01,2.390655662910576851e+01,-8.640569547661168803e-01,-4.736928277339528259e-01,-1.703545827787343592e-01,-1.078875510963066020e+01,-2.567497628058845183e-01,1.236132314658556497e-01,9.585402069322346286e-01,-3.441549702893181850e-01
-4.423650971563474754e-01,8.687170634526458768e-01,-2.228088518979174093e-01,2.376159634226335626e+01,-8.620854460725299040e-01,-4.803795194496443544e-01,-1.613821581317340381e-01,-1.106609332183836258e+01,-2.472282437096989804e-01,1.206904344160787540e-01,9.614114699506534079e-01,-4.052957458210136865e-01
-4.870710115924463679e-01,8.367309731819025931e-01,-2.502860527164439963e-01,2.362885611160500332e+01,-8.315188232862448237e-01,-5.319259404942722202e-01,-1.600975963278121472e-01,-1.125916011643637660e+01,-2.670922615632469466e-01,1.301386658428298482e-01,9.548432601561779309e-01,-4.766803101972220125e-01
-5.013449207622020509e-01,8.441726058423666412e-01,-1.898048523385298947e-01,2.349386072915208246e+01,-8.309141085710710639e-01,-5.309058709643724727e-01,-1.664953463406821377e-01,-1.151676402425431789e+01,-2.413193208250921373e-01,7.423993346488860778e-02,9.676018900744485229e-01,-5.499591583215290846e-01
-4.378166050283266442e-01,8.841516146811420063e-01,-1.630722006296632665e-01,2.333786307070002763e+01,-8.659703468586401609e-01,-4.634645520687750708e-01,-1.878722101249053755e-01,-1.180459275577066869e+01,-2.416857023553460326e-01,5.896211692621670941e-02,9.685615571787795641e-01,-5.843949118517546282e-01
-4.012324920454471977e-01,9.008320817801307445e-01,-1.658735897081798361e-01,2.324661990610155371e+01,-8.765490963311294292e-01,-4.301717582179063748e-01,-2.159026172902867857e-01,-1.198624669369012175e+01,-2.658461379220710685e-01,5.876919998938929385e-02,9.622224337878048095e-01,-6.222395291724053257e-01
-3.906058879048299182e-01,9.098344527144996974e-01,-1.401010670472846442e-01,2.315613367323803118e+01,-8.886152522444779045e-01,-4.124032864140613763e-01,-2.007148794518362200e-01,-1.221427714595400715e+01,-2.403954529781349991e-01,4.609553132994792524e-02,9.695799235642449387e-01,-7.046449222267003876e-01
-3.905094039292324459e-01,9.052817716861536468e-01,-1.672343245138866730e-01,2.311283053485061245e+01,-8.786675455260544165e-01,-4.207213694487793032e-01,-2.256919886224663385e-01,-1.243024533334518900e+01,-2.746738973438413445e-01,5.880852949976200089e-02,9.597373635406827308e-01,-7.600638771837852081e-01
-3.803283682832129808e-01,9.155584479973428724e-01,-1.307786702017075808e-01,2.299515094911931001e+01,-8.992033376350853091e-01,-3.991358467738659876e-01,-1.792315078495752834e-01,-1.269099863338333023e+01,-2.162953764298992942e-01,4.942978981148465206e-02,9.750758975660512862e-01,-8.431400101906152411e-01
-3.551739558304106148e-01,9.254303594078312489e-01,-1.320231456452667096e-01,2.286268564358777056e+01,-9.076195165536242726e-01,-3.751995857913922316e-01,-1.882872379980478073e-01,-1.292034125607603379e+01,-2.237817558934218076e-01,5.295206047229703006e-02,9.731997765212418994e-01,-8.622375463669689211e-01
-3.502602995563325883e-01,9.230852109909510883e-01,-1.588439983269776257e-01,2.271953446210113725e+01,-9.010030945210539821e-01,-3.783905835979352594e-01,-2.121650063226707406e-01,-1.316988334005197103e+01,-2.559514528542333189e-01,6.880595536875409868e-02,9.642378307697744289e-01,-9.096525625101473667e-01
-3.783773462877085270e-01,9.087589586317292856e-01,-1.760333460536608607e-01,2.264430386781733873e+01,-8.906869326788194874e-01,-4.092146997620652593e-01,-1.980406964586803320e-01,-1.338377731481087096e+01,-2.520066899339531430e-01,8.185648786271927657e-02,9.642573015659838820e-01,-9.647512562334042974e-01
-4.066909374111564168e-01,8.930249361063065106e-01,-1.926368212984306549e-01,2.253677688095767806e+01,-8.666404385461938809e-01,-4.438379492578480856e-01,-2.279083699100340199e-01,-1.358784117261452984e+01,-2.890273891936464556e-01,7.425859068765636173e-02,9.544363939021749399e-01,-1.025079620835416705e+00
-3.959544435196753476e-01,9.050266042078668471e-01,-1.553928065677517290e-01,2.242314524062800274e+01,-8.855407850767758049e-01,-4.211115697812357062e-01,-1.961697320230399999e-01,-1.379654388499762518e+01,-2.429765351276368668e-01,5.993239084470376732e-02,9.681789668780280689e-01,-1.079327056742700019e+00
-3.738695849474638622e-01,9.177727772907597892e-01,-1.338456675250188632e-01,2.232118662548285215e+01,-8.878697401456696614e-01,-3.958796431008661521e-01,-2.344496379011755949e-01,-1.398689066238186562e+01,-2.681582704017764218e-01,3.118392923186646612e-02,9.628700351411865199e-01,-1.112169582739308327e+00
-3.495051338024199872e-01,9.262879895778528549e-01,-1.408428976184931958e-01,2.219766696971236186e+01,-8.963349712954876702e-01,-3.743322744699004723e-01,-2.376109583392753410e-01,-1.422907532832583577e+01,-2.728182191102160314e-01,4.319616480675571996e-02,9.610953702247856389e-01,-1.194155854501058878e+00
-3.595220798897698633e-01,9.190478177400738247e-01,-1.615394155583811386e-01,2.211178289630673532e+01,-8.839515193044570340e-01,-3.908914748919695703e-01,-2.565805261046196217e-01,-1.445983108336115386e+01,-2.989541529918528506e-01,5.054664740604079831e-02,9.529278308691238042e-01,-1.237430738391040785e+00
-3.680073266424106482e-01,9.156843566127867984e-01,-1.615325558274055551e-01,2.200967892814361448e+01,-8.819083341790361352e-01,-3.987840066561820218e-01,-2.514140134137318738e-01,-1.470110419937578605e+01,-2.946324789344575978e-01,4.993470826860273160e-02,9.543051017714754281e-01,-1.359868144747897967e+00
-3.202426006242833356e-01,9.411701958136989843e-01,-1.079043060188082243e-01,2.194371521155093774e+01,-8.911475000197778273e-01,-3.379319907302155146e-01,-3.027508924010203217e-01,-1.492295180967922086e+01,-3.214044336251383194e-01,-7.950805737952917548e-04,9.469416866380871989e-01,-1.390917112530685396e+00
-1.728861266701700039e-01,9.763732758143737200e-01,-1.296364666307146252e-01,2.190036011023930840e+01,-9.134988576519618153e-01,-2.081643621497792640e-01,-3.495531939481272832e-01,-1.513314428391691280e+01,-3.682800894340436115e-01,5.798986641031600442e-02,9.279046023811751143e-01,-1.429406062563945312e+00
-5.855973872598906754e-02,9.972042310956287237e-01,-4.641636010418479646e-02,2.196909951972337538e+01,-9.250940746393659930e-01,-7.168284158963443564e-02,-3.729108784800619358e-01,-1.544957607966017399e+01,-3.751955624304209591e-01,2.110193608683693517e-02,9.267054538664954988e-01,-1.535814842644136036e+00
1.838386259483202334e-01,9.825136312205876576e-01,-2.950125548464016534e-02,2.204976028644497887e+01,-9.367489576532656015e-01,1.660238922277607609e-01,-3.081192261853621939e-01,-1.568296846646370746e+01,-2.978334265070920472e-01,8.427948549487598862e-02,9.508902241477529271e-01,-1.613340713714853214e+00
4.820312258595987887e-01,8.761159487997414175e-01,8.169550478622132628e-03,2.222292173379808844e+01,-8.364542985513362394e-01,4.629447069341846022e-01,-2.933025822535748062e-01,-1.583807811061571336e+01,-2.607491202886144666e-01,1.345475476564007566e-01,9.559847559916226922e-01,-1.653700072694745282e+00
7.861590966930123159e-01,6.179940202335751920e-01,-6.104559146377076979e-03,2.250683932758682104e+01,-5.900447236779168270e-01,7.475927748893939073e-01,-3.048807422469120287e-01,-1.599347628556184375e+01,-1.838507512812490030e-01,2.432867318386268685e-01,9.523709715045920454e-01,-1.713147380658176955e+00
9.196302785484918862e-01,3.923897187267216258e-01,-1.761985852351587514e-02,2.280668526974826804e+01,-3.787138429923066485e-01,8.738930689183205258e-01,-3.047732423007622482e-01,-1.608368903854300314e+01,-1.041920145828051231e-01,2.869515860455982281e-01,9.522619447206174259e-01,-1.735784524439941690e+00
9.610279337251865783e-01,2.748881666437499871e-01,-2.935653997216700062e-02,2.310560561910097377e+01,-2.722744643540837006e-01,9.227668857007296221e-01,-2.727047684124252469e-01,-1.615229319732628355e+01,-4.787407085883448044e-02,2.700699363006093812e-01,9.616497818051997770e-01,-1.756008394372604808e+00
9.749672696520474968e-01,2.221809961701956826e-01,-8.627169179534217858e-03,2.340822976498708030e+01,-2.164213847246176936e-01,9.393644855439582386e-01,-2.660002773168004264e-01,-1.626887761253796327e+01,-5.099615025776117749e-02,2.612086680023364971e-01,9.639343465295409086e-01,-1.725848749708110086e+00
9.778534969241088337e-01,2.085756696738637062e-01,-1.728376618078954208e-02,2.358806786368790398e+01,-2.035720670109759933e-01,9.287138426737574504e-01,-3.099177503129227906e-01,-1.632344381432941205e+01,-4.858962940969937389e-02,3.065726479095018386e-01,9.506062589040663591e-01,-1.742290802572812547e+00
9.704575950554120700e-01,2.338389133098968675e-01,-5.942574207625463123e-02,2.395929920963376603e+01,-2.411396939091652314e-01,9.318981134314242576e-01,-2.709567386214033480e-01,-1.647790134030560338e+01,-7.981492383098677534e-03,2.772819301811777493e-01,9.607554459769349631e-01,-1.792187853479761284e+00
9.791003990238478227e-01,2.033771244377359788e-01,3.922840566644255527e-04,2.417587295453410334e+01,-1.945787233351216894e-01,9.373007619478521679e-01,-2.891477167076563770e-01,-1.653647410906287973e+01,-5.917371930695181775e-02,2.830283146743700629e-01,9.572844112571603503e-01,-1.810718454140115563e+00
9.633149083741774366e-01,2.662382148361799872e-01,-3.378757559955624518e-02,2.438973112234136664e+01,-2.644709709160460442e-01,9.203609787956098520e-01,-2.880811938553300977e-01,-1.661442506641964201e+01,-4.560145662998034422e-02,2.864487417867845331e-01,9.570097311323393363e-01,-1.798693389624448580e+00
9.618478515694449671e-01,2.735837363770898811e-01,-8.059908160036747052e-04,2.463864919766639971e+01,-2.576688734849345019e-01,9.048973718618052997e-01,-3.387735202677503721e-01,-1.669299374137741410e+01,-9.195358648932439039e-02,3.260562613837519330e-01,9.408676061721974460e-01,-1.839662691747748102e+00
9.597605839850584797e-01,2.806479492058917002e-01,-9.815805376444415933e-03,2.483642235177511637e+01,-2.716308118207350630e-01,9.189203900848287310e-01,-2.860105221070652348e-01,-1.677854611423038733e+01,-7.124832277513511170e-02,2.771679009064259014e-01,9.581762005022125273e-01,-1.841361658019078140e+00
9.727300478503280168e-01,2.305491635668744654e-01,2.536409248750128020e-02,2.509494372557225006e+01,-2.129783296605368137e-01,9.311553135669904391e-01,-2.959560999725616703e-01,-1.692330707476525475e+01,-9.185034079472971513e-02,2.824833892365625765e-01,9.548647284832113558e-01,-1.844955435415824185e+00
9.736243022556064775e-01,2.271375790684994067e-01,2.154618834472052727e-02,2.539660452349692221e+01,-2.101465881259126367e-01,9.295342524848173582e-01,-3.029925493416156801e-01,-1.706880203697030751e+01,-8.884891421015425617e-02,2.904730514736161839e-01,9.527493252746406238e-01,-1.843429436461020865e+00
9.712971812796700188e-01,2.367791990280696257e-01,2.274635236241823524e-02,2.564213365423447399e+01,-2.163754041834582975e-01,9.192044841388689047e-01,-3.290057762463186597e-01,-1.720057353600733308e+01,-9.881027326454913662e-02,3.146406319066610280e-01,9.440539193556491959e-01,-1.871138780747552577e+00
9.638102305769900013e-01,2.630811170965083878e-01,4.310644107768789313e-02,2.584142639827473431e+01,-2.321440537961949602e-01,9.077326024557637041e-01,-3.494719741638199761e-01,-1.727801991745176835e+01,-1.310685992989954196e-01,3.268177600225254387e-01,9.359546858751542908e-01,-1.892446201831059716e+00
9.607294150353128392e-01,2.771668496859505670e-01,1.332398292827279528e-02,2.615292363991725466e+01,-2.622814974059257676e-01,9.227135844736387149e-01,-2.825031984709490684e-01,-1.741407105183818871e+01,-9.059474159360987600e-02,2.679144984187610268e-01,9.591738186234084473e-01,-1.927447518277592531e+00
9.672297435047342296e-01,2.511197648310450337e-01,3.748982516587893998e-02,2.635576036760977203e+01,-2.299679146088544068e-01,9.290320490774306439e-01,-2.898520485307066741e-01,-1.750029589533804497e+01,-1.076168273562387312e-01,2.717320656422291258e-01,9.563369191721007301e-01,-1.922251104492006757e+00
9.728753076948265521e-01,2.302954058685391103e-01,2.185547330860037121e-02,2.661191459183440244e+01,-2.153832323115374703e-01,9.362283346453039723e-01,-2.776446805654969596e-01,-1.756156119281747863e+01,-8.440200777666775900e-02,2.654063515500844628e-01,9.604351980431270475e-01,-1.951697975247262740e+00
9.691564005875819010e-01,2.433213146261789528e-01,3.912299897390679460e-02,2.685685393845319169e+01,-2.183520016797925734e-01,9.213942085007238436e-01,-3.214889047910590159e-01,-1.765678224719217226e+01,-1.142728076252283176e-01,3.030304446584771161e-01,9.461047907327885254e-01,-1.939990716023227257e+00
9.627904101286831606e-01,2.669414543778723670e-01,4.215312679826187237e-02,2.711678538094127688e+01,-2.385453044684950896e-01,9.127444791552133951e-01,-3.316529111702674615e-01,-1.776583229193235169e+01,-1.270069442206895605e-01,3.092568118996025794e-01,9.424592619383699299e-01,-1.981505318875788513e+00
9.663030717526710500e-01,2.533789498153636854e-01,4.535946771973443231e-02,2.740511393485699188e+01,-2.277231148548619910e-01,9.236442243580523792e-01,-3.082588681138196951e-01,-1.787675115392469749e+01,-1.200023186532404307e-01,2.875420918760885347e-01,9.502204948944058538e-01,-2.017741612241275462e+00
9.717617706160648350e-01,2.283085626930423107e-01,5.961762633793660227e-02,2.777392076167462065e+01,-1.971241803216439992e-01,9.243412996322037944e-01,-3.267035649128590680e-01,-1.798432117929020535e+01,-1.296962555421431740e-01,3.057259589817120649e-01,9.432446762654216332e-01,-2.037238892948778357e+00
9.718068141034761354e-01,2.352461671259574172e-01,1.583530595220120768e-02,2.800859926720904980e+01,-2.172761370066551567e-01,9.196035399942897870e-01,-3.272925442435833387e-01,-1.804347766321653879e+01,-9.155651997274262544e-02,3.146244905955644100e-01,9.447903648788776865e-01,-2.047375316903695008e+00
9.617402117449354026e-01,2.729325951239663373e-01,2.373949518641258610e-02,2.827999073400366825e+01,-2.494820222450210290e-01,9.083104457056611070e-01,-3.357541582743541753e-01,-1.810317514051467924e+01,-1.132010851950801117e-01,3.169856980068371799e-01,9.416504561512062388e-01,-2.069606316071074037e+00
9.622191604664630526e-01,2.672851561230657480e-01,5.189347307210336741e-02,2.850182858735345448e+01,-2.385279156249466848e-01,9.194082635994602626e-01,-3.127185288604523161e-01,-1.816662110172057965e+01,-1.312963087784091987e-01,2.885257183359831168e-01,9.484272186941230531e-01,-2.100038873206597323e+00
9.818944204936027598e-01,1.885102794559002370e-01,1.863388158683383297e-02,2.881781001802718123e+01,-1.753737075096730991e-01,9.418150771792958009e-01,-2.867549879462790718e-01,-1.825771726340446932e+01,-7.160593353798010152e-02,2.782952298139819147e-01,9.578227160309665811e-01,-2.103097577998423784e+00
9.886805108890934779e-01,1.484136384187002555e-01,2.200543840522317315e-02,2.908731654206852824e+01,-1.368276486096347555e-01,9.520642187429044778e-01,-2.735907856003618188e-01,-1.834638294055883634e+01,-6.155519445214412827e-02,2.674829252883027531e-01,9.615944273523902019e-01,-2.135893636422586006e+00
9.772279079048716843e-01,2.120352563559601278e-01,8.164929511732029604e-03,2.940601920190338703e+01,-1.999834541777380237e-01,9.331828201067521311e-01,-2.986242493715995372e-01,-1.844589294893219034e+01,-7.093824121734416954e-02,2.901910996561963829e-01,9.543358379592152829e-01,-2.143502556317946617e+00
9.591423589471844702e-01,2.793603965756343843e-01,4.476275347134366089e-02,2.959958705722867478e+01,-2.517388190906988954e-01,9.148814245685805702e-01,-3.156256420859790968e-01,-1.847851264718349640e+01,-1.291259162060532650e-01,2.914614001964409562e-01,9.478273840523271376e-01,-2.167060659363983621e+00
9.764758582259288611e-01,2.126778509683333596e-01,3.553913349293785773e-02,2.982490948614253057e+01,-1.933714858188013974e-01,9.366412624943323273e-01,-2.920798073562330677e-01,-1.852538394826674661e+01,-9.540632460254828973e-02,2.783366255103988940e-01,9.557334126864652779e-01,-2.232223271186539293e+00
9.809132007005494369e-01,1.864290379765303762e-01,5.525854224055080227e-02,3.003467314701738289e+01,-1.598076837270306638e-01,9.348319006246443852e-01,-3.170974957269735439e-01,-1.859316229789630626e+01,-1.107736291416278329e-01,3.022143798260790160e-01,9.467817444971843299e-01,-2.219581825153448928e+00
9.833022799425330529e-01,1.778314760671964867e-01,3.863408313367876906e-02,3.027408379389123638e+01,-1.574254752865432150e-01,9.377359252845999249e-01,-3.096264752269142218e-01,-1.861935846795257277e+01,-9.128990081396771983e-02,2.983744301216150752e-01,9.500730779571525675e-01,-2.298348614481306562e+00
9.740196400863609938e-01,2.235360718249172762e-01,3.629552753608390053e-02,3.053111732597857753e+01,-1.953206070892890001e-01,9.103255775755617618e-01,-3.649071159322507807e-01,-1.870555369139340485e+01,-1.146106503441501612e-01,3.483374332523082040e-01,9.303361926867539378e-01,-2.285482987518465681e+00
9.661390135191594286e-01,2.526797629819332314e-01,5.223355181892776894e-02,3.085054929761811593e+01,-2.159096246045700829e-01,9.025545162418344702e-01,-3.725297024595267126e-01,-1.883056615284984403e+01,-1.412743450147282698e-01,3.486377526758443479e-01,9.265491227397479879e-01,-2.316810681005070816e+00
9.699143706879805871e-01,2.425486794781581412e-01,2.088663726743476834e-02,3.105650268823779925e+01,-2.208817726343875187e-01,9.128435868082305227e-01,-3.434062150587506856e-01,-1.889244252702668092e+01,-1.023589568666598282e-01,3.284611455050463480e-01,9.389546953089281667e-01,-2.338787092301884307e+00
9.739108162364360499e-01,2.162851925435275990e-01,6.869088370438437841e-02,3.128399358351904880e+01,-1.774212257293230899e-01,9.144389759868917222e-01,-3.637623782866379885e-01,-1.901530245784048745e+01,-1.414900373820887625e-01,3.420848939699838720e-01,9.289555934699785800e-01,-2.396305825100934594e+00
9.737372235124903685e-01,2.269042760169973361e-01,1.871547678767170736e-02,3.160476708041196758e+01,-2.058474809728021437e-01,9.125266837258940722e-01,-3.534428752505499594e-01,-1.909164315538141921e+01,-9.727607168949485572e-02,3.403079502647941013e-01,9.352688730323676092e-01,-2.426565726455843564e+00
9.732056993301454462e-01,2.265911128063015922e-01,3.907856686887931780e-02,3.188830257964730563e+01,-1.965690172943658220e-01,9.080503821309801049e-01,-3.698717682544994667e-01,-1.916150570906009065e+01,-1.192949631428383284e-01,3.522796773999091746e-01,9.282605995407566812e-01,-2.459734025499866306e+00
9.700332041222381463e-01,2.425736433253627700e-01,1.391439773059219114e-02,3.216755226877562990e+01,-2.222931656110820053e-01,9.091367917474323379e-01,-3.522159031244783689e-01,-1.922050957864168552e+01,-9.808838576992597036e-02,3.385680455315399073e-01,9.358153381527809511e-01,-2.499026327212880094e+00
9.775739965696681466e-01,2.068659353962302438e-01,3.944066433834831492e-02,3.239538159113119775e+01,-1.802111866459969181e-01,9.186461056990959939e-01,-3.515867754787274646e-01,-1.931559868158066706e+01,-1.089633398829601002e-01,3.365944403232613014e-01,9.353241006758147291e-01,-2.487641636714705839e+00
9.818909965988477095e-01,1.821256493527416698e-01,5.215667403089325332e-02,3.262100665502533303e+01,-1.526203176866300915e-01,9.235594990467084209e-01,-3.517739193712735024e-01,-1.940307794702685840e+01,-1.122368452307662828e-01,3.374434761088688228e-01,9.346308314004031503e-01,-2.504379404622395722e+00
9.852081526173005477e-01,1.697087531221238288e-01,2.374521278365506957e-02,3.292989864625642582e+01,-1.507538606710399354e-01,9.242481809133431536e-01,-3.507685470094987212e-01,-1.947000214134460450e+01,-8.147496246813447363e-02,3.420003496958909373e-01,9.361610926003627320e-01,-2.530775353573456954e+00
9.846876888483415691e-01,1.700616464534016603e-01,3.833003829989490435e-02,3.311660480081381053e+01,-1.407509346148681506e-01,9.053025257025595351e-01,-4.007698982728241099e-01,-1.952924740405447324e+01,-1.028558692324093582e-01,3.892381961757173658e-01,9.153765874230779254e-01,-2.556015793330467911e+00
9.762516796551578002e-01,2.133578640533799475e-01,3.756434236166266566e-02,3.349590178127562723e+01,-1.829987221197659497e-01,9.049673384566683243e-01,-3.841166281602355070e-01,-1.965512341489720072e+01,-1.159488062595630115e-01,3.681202767754510607e-01,9.225201006773500190e-01,-2.655124243752459812e+00
9.746093856951398848e-01,2.191011142700024783e-01,4.616543122929986365e-02,3.371227491903525930e+01,-1.853135633718247521e-01,9.049995972217087514e-01,-3.829289911445511452e-01,-1.976818908651130613e+01,-1.256798653141417699e-01,3.646511082585512376e-01,9.226235097267087015e-01,-2.690918540230861744e+00
9.519322007628605586e-01,3.055656511083602034e-01,2.132411811781440361e-02,3.389571125111148575e+01,-2.702697874903456365e-01,8.706558140575503257e-01,-4.109898969776626942e-01,-1.987061372391506708e+01,-1.441503628878622323e-01,3.854712522491260951e-01,9.113904687721881004e-01,-2.694621576464010460e+00
8.966299965502023683e-01,4.426789673195726804e-01,9.485840988686895098e-03,3.404991446771970942e+01,-3.996577192651964427e-01,8.183424385065536377e-01,-4.130246491081264737e-01,-1.999317040679542146e+01,-1.905999913906814280e-01,3.665392001301161495e-01,9.106704442606267103e-01,-2.716891040672633206e+00
7.888456489521715742e-01,6.144790754306610481e-01,-1.174768007348826748e-02,3.421181954544775294e+01,-5.613520153561285531e-01,7.125978257620767531e-01,-4.208185518424488736e-01,-2.009973407917591715e+01,-2.502128233821009351e-01,3.385554675042804496e-01,9.070687616923626129e-01,-2.775223124361172466e+00
6.636196771676077244e-01,7.438970985760632315e-01,-7.890520138797316174e-02,3.429467682468489187e+01,-7.007805255713722703e-01,5.812931404038181871e-01,-4.135274354857005341e-01,-2.024235216793059422e+01,-2.617548071304015567e-01,3.297201717359472539e-01,9.070661658856777887e-01,-2.829070177358478766e+00
4.622366750946917402e-01,8.855376084786492630e-01,-4.648010507002597186e-02,3.428327591341084712e+01,-8.209054015043524277e-01,4.075007065228485326e-01,-4.000718634999957390e-01,-2.036036219857667007e+01,-3.353380055680901806e-01,2.230836572976489518e-01,9.153043777172273909e-01,-2.896798774287571820e+00
2.571467983404264745e-01,9.632812462749538174e-01,-7.723188899827285181e-02,3.431848993345546717e+01,-8.908572136843683209e-01,2.053231884622969128e-01,-4.052355032647085853e-01,-2.053552565050143031e+01,-3.744982629195941493e-01,1.730075976789726133e-01,9.109442475890374702e-01,-2.976561572672408396e+00
2.558919066436430786e-02,9.972961529078088194e-01,-6.888814641452446763e-02,3.426636460716857613e+01,-9.046719931495301736e-01,-6.217697720967913302e-03,-4.260632876063235042e-01,-2.067316489748202812e+01,-4.253396032960020112e-01,7.322379142284843323e-02,9.020667925589895830e-01,-3.023663184924593406e+00
-8.415966605064409412e-02,9.956041025698509905e-01,-4.110500646305031286e-02,3.424154626291777959e+01,-9.028332826345949469e-01,-9.364433131642080355e-02,-4.196698738050464450e-01,-2.087865605948361036e+01,-4.216742989292643351e-01,1.791691486803266955e-03,9.067455957787331489e-01,-3.130516700467013358e+00
-8.005760161650922468e-02,9.964745478111041166e-01,-2.508497534520667469e-02,3.413402811780427726e+01,-9.057243745945602331e-01,-8.322924663491387820e-02,-4.156155071335514983e-01,-2.111252544891119953e+01,-4.162380781340243030e-01,-1.055310708948404425e-02,9.091944204855483269e-01,-3.208309705358272979e+00
-1.654842910960547253e-01,9.849004710401484397e-01,-5.085284205756473302e-02,3.406885895389965668e+01,-9.023085299431383710e-01,-1.720165826458624481e-01,-3.952842168449098303e-01,-2.134587484920303879e+01,-3.980631434738589602e-01,-1.952837524564719762e-02,9.171501384004558943e-01,-3.249316488050189911e+00
-2.479483186859806065e-01,9.652589303776347718e-01,-8.244288075401819127e-02,3.402223872131055060e+01,-8.850599196473524222e-01,-2.603061617241445025e-01,-3.858881195401944741e-01,-2.155870832476928456e+01,-3.939423433633639227e-01,-2.271342102523824999e-02,9.188544665020200730e-01,-3.315276552378683128e+00
-2.796821682704833112e-01,9.552080054577701818e-01,-9.672409762262483557e-02,3.392954053693046745e+01,-8.757047810707516700e-01,-2.951025100352868691e-01,-3.821722713393819193e-01,-2.176880875985914798e+01,-3.935975370366906478e-01,-2.218501476816705370e-02,9.190151271651556542e-01,-3.425668617768245383e+00
-2.576002824188914353e-01,9.653278095967612327e-01,-4.224114720066381862e-02,3.380864041516695551e+01,-8.917713229234350836e-01,-2.543474121441847702e-01,-3.742342869740085121e-01,-2.203078464667491332e+01,-3.720026909971150264e-01,-5.873341429439742079e-02,9.263716230197401869e-01,-3.543627089419760345e+00
-2.529910167564167756e-01,9.658927957348187876e-01,-5.519649072297713038e-02,3.373699497229718247e+01,-8.923605301599231154e-01,-2.550106256752438516e-01,-3.723738242753155125e-01,-2.224919987396190280e+01,-3.737488858220940902e-01,-4.495206269236409757e-02,9.264400047528414950e-01,-3.628258786613053566e+00
-2.409835971437800095e-01,9.696723546293521956e-01,-4.077291472551310830e-02,3.370067728576274391e+01,-9.057261026976385354e-01,-2.397881557256628937e-01,-3.495166194415281202e-01,-2.252114760725992682e+01,-3.486934653815475516e-01,-4.729867906459084281e-02,9.360425749713269239e-01,-3.719365755176655686e+00
-2.321001541126734291e-01,9.705191383331653876e-01,-6.497784691666348700e-02,3.364879568737953974e+01,-8.919880206494789077e-01,-2.390092851685834130e-01,-3.837081346818563277e-01,-2.275442376047469750e+01,-3.879263969862059014e-01,-3.109925613668574132e-02,9.211655371262243985e-01,-3.827185361949073439e+00
-1.910986255097402720e-01,9.780794468772875394e-01,-8.271584445866030089e-02,3.359959425596819926e+01,-9.057908236656787571e-01,-2.081856364204843213e-01,-3.690551781932496778e-01,-2.300647990161523637e+01,-3.781855352751355981e-01,4.397315592429760361e-03,9.257193767682729835e-01,-3.914408137991708614e+00
-1.616340780382048425e-01,9.858776896998749928e-01,-4.381330584170189946e-02,3.351425016797619350e+01,-9.159161468729648536e-01,-1.663961123863576808e-01,-3.652532623811735046e-01,-2.326098769678828404e+01,-3.673854062345465188e-01,-1.890806004712914171e-02,9.298765770526384866e-01,-4.023006157328679500e+00
-1.139313133283634955e-01,9.916186771335061545e-01,-6.092663623794949967e-02,3.345349386929085256e+01,-9.175323465570571768e-01,-1.285405107844580508e-01,-3.763133403279413924e-01,-2.352388948860452089e+01,-3.809908776660883012e-01,1.302828642868820302e-02,9.244870009296809465e-01,-4.100783162430627904e+00
-1.714815395429367673e-01,9.796501993010070519e-01,-1.043051705596770018e-01,3.340721961215285774e+01,-9.192907552049830455e-01,-1.971826811431128257e-01,-3.406222213125090215e-01,-2.374806312688217957e+01,-3.542578001831973022e-01,3.747635610238592846e-02,9.343965612857579872e-01,-4.147838501764534946e+00
-2.158377667067407357e-01,9.682113940981493805e-01,-1.264150101909056190e-01,3.331777795314543056e+01,-9.009006153258356520e-01,-2.473941720873364947e-01,-3.566149252663923797e-01,-2.399495054527983484e+01,-3.765529707339716481e-01,3.691639142361912568e-02,9.256592463080997035e-01,-4.251652241514542574e+00
-2.340267045726665551e-01,9.692085912298552541e-01,-7.659117594801206907e-02,3.320189182713371423e+01,-9.161395561808518551e-01,-2.462108542942337552e-01,-3.163361010514895155e-01,-2.430552227873628368e+01,-3.254532457168186621e-01,-3.862889326064889925e-03,9.455502434764866404e-01,-4.372747462078818259e+00
-2.154033827711805682e-01,9.743387806652962224e-01,-6.530944175537058138e-02,3.313071910209126969e+01,-9.275404115720260467e-01,-2.250562607731463050e-01,-2.983596225825617676e-01,-2.452482048289443028e+01,-3.054016496214959631e-01,-3.690525501300894080e-03,9.522164735132414570e-01,-4.431151643083143021e+00
-2.062757150128305961e-01,9.737493652252942056e-01,-9.624189898003894517e-02,3.307930094442597380e+01,-9.318227695198906257e-01,-2.254985766753359877e-01,-2.843531573970668469e-01,-2.481922299681387756e+01,-2.985911177517318049e-01,3.102524199319734582e-02,9.538767104605475611e-01,-4.539522079104949981e+00
-2.490002965830171999e-01,9.587891016550228462e-01,-1.368294955377886424e-01,3.300770613070806547e+01,-9.188973800228785738e-01,-2.785121989047381064e-01,-2.793896205093160390e-01,-2.499970498128013574e+01,-3.059844069371199238e-01,5.616416659048958926e-02,9.503784136345558853e-01,-4.570350420772573585e+00
-3.066659646065174605e-01,9.372464925581993622e-01,-1.659065952254745735e-01,3.290996625041340451e+01,-8.833402015846403277e-01,-3.451646321903300008e-01,-3.171300442236966721e-01,-2.527629313962398072e+01,-3.544941105524365699e-01,4.929897435312433768e-02,9.337577505495562313e-01,-4.664300735504249396e+00
-2.937771142091384902e-01,9.487351053802212109e-01,-1.166049183616779394e-01,3.284545763841829569e+01,-8.997043941707091319e-01,-3.156497271148862027e-01,-3.014917127919398698e-01,-2.549642025152760638e+01,-3.228420825680410333e-01,1.633859208993180753e-02,9.463118091473071702e-01,-4.752656364464708183e+00
-2.282603116794708065e-01,9.628237836183298759e-01,-1.444561933974327916e-01,3.276375956818095148e+01,-9.024284929351324980e-01,-2.649185875573287219e-01,-3.397660328894840931e-01,-2.584353462759883868e+01,-3.654039480503984971e-01,5.280628433734013694e-02,9.293500153783106343e-01,-4.822447769721702748e+00
-2.352864863198753931e-01,9.672752607390767698e-01,-9.496756981938943298e-02,3.263722705447965211e+01,-9.123117342743395364e-01,-2.534920271299678785e-01,-3.216039360562757965e-01,-2.613837742537968012e+01,-3.351530528886706994e-01,1.097096822042346875e-02,9.420998190190417176e-01,-4.951168677606695212e+00
-2.431314812344530230e-01,9.633554772701503621e-01,-1.132841879802484603e-01,3.256922012161561497e+01,-9.028808210826079206e-01,-2.674470980074095117e-01,-3.365683774340865186e-01,-2.639730343113601663e+01,-3.545325172024971216e-01,2.045175251705717151e-02,9.348199934024961077e-01,-5.032771295103612097e+00
-2.328230872041236188e-01,9.666458552097367818e-01,-1.067201980441394582e-01,3.251181327856552628e+01,-9.180614244987256312e-01,-2.546642183740484011e-01,-3.038245492505642353e-01,-2.661041365769451161e+01,-3.208685570636582995e-01,2.723832751427095536e-02,9.467319803419085300e-01,-5.119540932088462171e+00
-1.856296301719850828e-01,9.793704605288631182e-01,-7.984448287575879322e-02,3.244544472432170323e+01,-9.312304881798033618e-01,-2.012734726855404666e-01,-3.038071215055878072e-01,-2.692920763888002611e+01,-3.136102968440603322e-01,1.795801315815908142e-02,9.493819523652177184e-01,-5.202537012313354303e+00
-1.561838301319019018e-01,9.831968449827003242e-01,-9.450172073245967364e-02,3.238525402912289053e+01,-9.332440445293931353e-01,-1.782288004624891231e-01,-3.119135265360017395e-01,-2.721430548736276478e+01,-3.235153235254115134e-01,3.947731882700632883e-02,9.453990568762378199e-01,-5.270094983544821865e+00
-1.776510176191574419e-01,9.743867292435327565e-01,-1.378789969972619434e-01,3.233275231455311882e+01,-9.328718773532512776e-01,-2.113560486419128193e-01,-2.916825005822266670e-01,-2.742115214390079103e+01,-3.133531177159415426e-01,7.680574572628573460e-02,9.465255944987063241e-01,-5.369669192013992287e+00
-1.982677723500109179e-01,9.676809328707282054e-01,-1.558316482804578684e-01,3.231426982820607918e+01,-9.168278225123965841e-01,-2.393180461846571849e-01,-3.196147941468585607e-01,-2.759120682838711858e+01,-3.465784677595310503e-01,7.950147752588460071e-02,9.346458584708210449e-01,-5.434282945629989037e+00
-1.881313619496825795e-01,9.762321378131697536e-01,-1.075983445583095638e-01,3.224637700646451322e+01,-9.497996834329329729e-01,-2.087243862603544720e-01,-2.330551263777336513e-01,-2.787713594166188713e+01,-2.499743026826162229e-01,5.835189526459143294e-02,9.664925785112739032e-01,-5.527928140315030880e+00
-1.574320578080232180e-01,9.812140016362960182e-01,-1.115088793200832568e-01,3.214691992427967904e+01,-9.473963142035087825e-01,-1.819316173553974791e-01,-2.633270028691672149e-01,-2.807716891017195948e+01,-2.786671329883380066e-01,6.418698933069830193e-02,9.582403974957023340e-01,-5.583788758439590438e+00
-1.711215437748035417e-01,9.786130706411361180e-01,-1.141659985567394370e-01,3.209779343477646307e+01,-9.414688225798629739e-01,-1.965743219662215990e-01,-2.738521353825992821e-01,-2.827262762887844261e+01,-2.904373828662847323e-01,6.062172806717070622e-02,9.549717968191175910e-01,-5.667796838502615842e+00
-2.136777450647074084e-01,9.619168044553049191e-01,-1.704637280202429273e-01,3.205576438022190899e+01,-9.339952930654916718e-01,-2.523051664535726490e-01,-2.529721239827502632e-01,-2.848333983661589741e+01,-2.863470163902016585e-01,1.051578065924390903e-01,9.523377667178267725e-01,-5.725740955266804377e+00
-1.941238223768421700e-01,9.678787033249703908e-01,-1.597709524155780658e-01,3.201221120738889425e+01,-9.346640749817293203e-01,-2.319419242730090258e-01,-2.694550253810172324e-01,-2.875215993617577581e+01,-2.978573627163759174e-01,9.702452996284378905e-02,9.496669058470635916e-01,-5.784580897266294208e+00
-1.750853028951090407e-01,9.726073642594642576e-01,-1.529053684420158266e-01,3.197328440355428469e+01,-9.452755823827266868e-01,-2.094895280672273430e-01,-2.501363847607338542e-01,-2.897300440349926021e+01,-2.753165633613914864e-01,1.007425065125509833e-01,9.560605301550956225e-01,-5.841814324824591509e+00
-1.714526637243195539e-01,9.701224799527138343e-01,-1.716576767646435520e-01,3.189558092470608130e+01,-9.446820526897850012e-01,-2.113381489616220354e-01,-2.508226587038980826e-01,-2.927285761451105017e+01,-2.796065153526504643e-01,1.191577134887835121e-01,9.526917843082693960e-01,-5.926861667018562763e+00
-1.812365275062289838e-01,9.699771528981511182e-01,-1.621654832357480036e-01,3.189945148942728892e+01,-9.530221158624374578e-01,-2.139205682156103960e-01,-2.144454176973609461e-01,-2.949721701265012186e+01,-2.426976880288908289e-01,1.156819491100943287e-01,9.631798995387734763e-01,-5.977156245272063906e+00
-1.394170541631751248e-01,9.723328477663092384e-01,-1.874345703522283524e-01,3.187216539784809655e+01,-9.481878613940710743e-01,-1.856548128606847758e-01,-2.578217794652040706e-01,-2.970597682054182442e+01,-2.854867151259445346e-01,1.417784314214489971e-01,9.478376505869938740e-01,-6.029157936386941863e+00
-1.314539736155309058e-01,9.802738825432089076e-01,-1.475905417848758228e-01,3.178663457238295109e+01,-9.545327340230290725e-01,-1.653481681436451689e-01,-2.480468564002866194e-01,-2.995253005913807698e+01,-2.675576806956036502e-01,1.082732584491986200e-01,9.574391829278680044e-01,-6.087582728533864618e+00
-6.629150948113173014e-02,9.952919229598868878e-01,-7.070660408707631073e-02,3.174424099435599089e+01,-9.716673777503490594e-01,-8.050470468677038693e-02,-2.222194850571360403e-01,-3.024709515281817929e+01,-2.268654728831068779e-01,5.397203548236397669e-02,9.724294712725524148e-01,-6.137618021402118096e+00
-7.260481429027218492e-02,9.934595151681298031e-01,-8.812906821124673329e-02,3.171588741106722864e+01,-9.708441518528370118e-01,-9.063796262589415842e-02,-2.219152823583245837e-01,-3.042505174284773517e+01,-2.284516880108852233e-01,6.944747261732892030e-02,9.710751128476332594e-01,-6.162485913039044583e+00
-1.561839914993898848e-01,9.856139129264148702e-01,-6.458928274259687075e-02,3.166571907630009974e+01,-9.690963096898310702e-01,-1.655510662314197412e-01,-1.828802532128434577e-01,-3.064254519174359714e+01,-1.909421465912433946e-01,3.403026763816251188e-02,9.810112321169438543e-01,-6.156177071975540649e+00
-1.997940765439594202e-01,9.724960609997888028e-01,-1.197235913170200533e-01,3.160271955834708635e+01,-9.483149906529966255e-01,-2.226611436237150576e-01,-2.260988580753757471e-01,-3.085841362356296003e+01,-2.465380406362386589e-01,6.836246382392933973e-02,9.667189705696105362e-01,-6.203152899226594741e+00
-2.209903409851810829e-01,9.720475950407939658e-01,-7.928897884741274715e-02,3.154336925900899402e+01,-9.535159946590956448e-01,-2.324221959671058102e-01,-1.917998194762085828e-01,-3.116588482325582987e+01,-2.048670718308116256e-01,3.321740202425105953e-02,9.782259897805974935e-01,-6.264087354187732437e+00
-2.070311735979671608e-01,9.773216166313506426e-01,-4.450337991360986400e-02,3.149582975590307399e+01,-9.533599614851031578e-01,-2.117499246666096346e-01,-2.150970786431330717e-01,-3.139125926027129410e+01,-2.196426119763035256e-01,-2.104060068586174111e-03,9.755781342032303627e-01,-6.298741666901778835e+00
-1.806719252646136475e-01,9.808130990349324119e-01,-7.323469248022443367e-02,3.144697446552968856e+01,-9.593564050660007281e-01,-1.921511003030005604e-01,-2.066718236992843016e-01,-3.169963849050960292e+01,-2.167785586261228303e-01,3.291837501824351059e-02,9.756656379652510758e-01,-6.360259423963154468e+00
-2.033881332926504026e-01,9.702665206433724876e-01,-1.312103126828771948e-01,3.135188496182215445e+01,-9.372324630233707099e-01,-2.317037973401200879e-01,-2.605929019626533338e-01,-3.200072583905811285e+01,-2.832464959904697488e-01,6.997306065034061828e-02,9.564910837495277374e-01,-6.404119980964067871e+00
-1.931952649771399577e-01,9.761478126635345642e-01,-9.905068108101484914e-02,3.129819203166416486e+01,-9.474264110397552230e-01,-2.118438646299725392e-01,-2.398027787223679930e-01,-3.225337937445398495e+01,-2.550662369949097674e-01,4.751446991010670889e-02,9.657554503570868754e-01,-6.435163573060995290e+00
-1.191362791379201591e-01,9.884399881166366919e-01,-9.377066111080741007e-02,3.123115232998523538e+01,-9.626462501375544489e-01,-1.381204492472078160e-01,-2.328839595074264635e-01,-3.259616592871083895e+01,-2.431434640069078945e-01,6.252304688461705895e-02,9.679732044426575532e-01,-6.496132171219893614e+00
-1.074758355510310043e-01,9.898603949675298663e-01,-9.287272606818817999e-02,3.118479101640140527e+01,-9.594711136567541931e-01,-1.277439779189657176e-01,-2.511904818334262934e-01,-3.282307475103545613e+01,-2.605074410278478414e-01,6.211179099146937194e-02,9.634718462876618039e-01,-6.538593873202944273e+00
-1.632976857161636264e-01,9.785769823576946358e-01,-1.253832342837614688e-01,3.118335413956703306e+01,-9.562611120208853732e-01,-1.882593462774639625e-01,-2.238818978295561701e-01,-3.303992280875785781e+01,-2.426902377029754310e-01,8.333971525565554705e-02,9.665174289089570880e-01,-6.563928283825127608e+00
-2.069360380201522576e-01,9.717338933843724380e-01,-1.136253343958759376e-01,3.113917132676803590e+01,-9.351413927927428871e-01,-2.305926825834167526e-01,-2.689564838865849405e-01,-3.326674584671927448e+01,-2.875553019058647575e-01,5.059896428817954595e-02,9.564265226136255960e-01,-6.606823104251509093e+00
-1.601969912483327818e-01,9.863379231189685070e-01,-3.839824751658028890e-02,3.105292472138624760e+01,-9.598033872842332004e-01,-1.647340224507054252e-01,-2.272447130406444193e-01,-3.346014232104087682e+01,-2.304655760687389643e-01,4.508487259900161546e-04,9.730803743693179353e-01,-6.711734665005559819e+00
-5.965031963464147158e-02,9.978966773092471376e-01,-2.537835263867197280e-02,3.105751012368610020e+01,-9.701295899421180646e-01,-6.394178322136252757e-02,-2.340086047076306019e-01,-3.372038064704706528e+01,-2.351391462224545481e-01,1.066160277069453169e-02,9.719032421697832991e-01,-6.730637022692302018e+00
-1.061658916082419829e-01,9.919087616131020413e-01,-6.961186748100263444e-02,3.101501699734075501e+01,-9.682763405864655004e-01,-1.190547590460040023e-01,-2.196972749238896294e-01,-3.397753257528097492e+01,-2.262072760092214141e-01,4.407916722969917878e-02,9.730813405347086276e-01,-6.846930020926736304e+00
-1.666941088843106322e-01,9.807200489914336128e-01,-1.019865656324831782e-01,3.097064383864805848e+01,-9.522116512830155477e-01,-1.869655957290971560e-01,-2.415301993013276582e-01,-3.420892283785298815e+01,-2.559414878915503566e-01,5.685113472840540305e-02,9.650191206685769796e-01,-6.900209761738619996e+00
-1.400945261517975715e-01,9.807610426142794324e-01,-1.359459489372820129e-01,3.092406059914451788e+01,-9.497329479825853404e-01,-1.719271388760563735e-01,-2.616264253362101666e-01,-3.451180001298877897e+01,-2.799658037307654057e-01,9.245991676422948835e-02,9.555471273220069728e-01,-6.974271609825540175e+00
-1.301463471355710777e-01,9.814026224309689850e-01,-1.411057086474088174e-01,3.090563894681904600e+01,-9.443569172197681105e-01,-1.660567026985039774e-01,-2.839281324350918512e-01,-3.474211251055710648e+01,-3.020793624636507468e-01,9.630194273492553858e-02,9.484060283438917605e-01,-7.068595839205893405e+00
-1.612789132687960925e-01,9.763112704841284684e-01,-1.442408238346760407e-01,3.084187286712132448e+01,-9.233085159718092960e-01,-2.008837057090251121e-01,-3.273333486135310277e-01,-3.496131587545651342e+01,-3.485548686631325666e-01,8.038681425631930000e-02,9.338348160274105858e-01,-7.112899405939727693e+00
-2.898439231547190187e-01,9.403421652940875397e-01,-1.781771937715689869e-01,3.077722361951769159e+01,-8.999669157461244184e-01,-3.311302728426555597e-01,-2.835706137270913030e-01,-3.510166616977977583e+01,-3.256532677138243015e-01,7.816236036084656114e-02,9.422529356017579349e-01,-7.160766772927880552e+00
-4.651933272784551376e-01,8.643260154677681051e-01,-1.911431590227982424e-01,3.065292936012218661e+01,-8.141702406350388443e-01,-5.025213883650019309e-01,-2.908591987543054369e-01,-3.533824804978441847e+01,-3.474506979700648368e-01,2.031731333927198555e-02,9.374781166826188228e-01,-7.208690080926753119e+00
-5.487192493175003793e-01,8.218702054683086899e-01,-1.530900087919589425e-01,3.044910362768266765e+01,-7.780471635844744549e-01,-5.690377518601847928e-01,-2.661553084123318702e-01,-3.549897914932204657e+01,-3.058591124465560585e-01,-2.693329392017686924e-02,9.516957502332431540e-01,-7.276436409998193966e+00
-6.328617806857913530e-01,7.565885516390211674e-01,-1.644984196762408757e-01,3.030737813580976336e+01,-7.130084592266207055e-01,-6.523111319417285170e-01,-2.571169465752578542e-01,-3.563555456718457748e+01,-3.018358885528556468e-01,-4.543072389554087681e-02,9.522768219944431900e-01,-7.314176520133476522e+00
-8.378108895415413704e-01,5.142740466462472071e-01,-1.832897114180382647e-01,3.005497355539456095e+01,-4.744469957911953140e-01,-8.519234321983079061e-01,-2.216450176660130778e-01,-3.568005385821444264e+01,-2.701350801919715217e-01,-9.873535647148982963e-02,9.577465049960380838e-01,-7.353387152455334252e+00
-9.434503125035297311e-01,2.725512973548493978e-01,-1.887254570723919667e-01,2.988046853399110248e+01,-2.354428989695490082e-01,-9.516428523436499809e-01,-1.973385996404641296e-01,-3.562718180229173015e+01,-2.333841236284273091e-01,-1.417450947773278014e-01,9.619980140025021775e-01,-7.366390079097886456e+00
-9.685019970017875179e-01,9.624991177153967292e-02,-2.296515540716481396e-01,2.967668193338169758e+01,-4.779825060946202298e-02,-9.769839776946821486e-01,-2.078885147538321598e-01,-3.560166141827105690e+01,-2.443751399840562999e-01,-1.903634991584529368e-01,9.508115108400421178e-01,-7.392449586962889008e+00
-9.832223385580362018e-01,4.993519296875504297e-03,-1.823428027795469530e-01,2.950930996258914618e+01,2.880617347547142701e-02,-9.828315061144788922e-01,-1.822427912386345716e-01,-3.554677099078257640e+01,-1.801222843797235518e-01,-1.844377817958655907e-01,9.661980476672737961e-01,-7.390888373932904543e+00
-9.754406802646132801e-01,-1.271786932402848014e-01,-1.798362012237923746e-01,2.927083594023725510e+01,1.583418114012498934e-01,-9.724371672088469865e-01,-1.711543940219072135e-01,-3.545206278955129875e+01,-1.531122139056253495e-01,-1.954265483923017799e-01,9.686924765560998019e-01,-7.407385513558598866e+00
-9.698590415799719366e-01,-1.796543864808304303e-01,-1.646139146116669671e-01,2.902470237166370737e+01,2.072896671434565907e-01,-9.634232122625464578e-01,-1.698431864081504650e-01,-3.538176016555531334e+01,-1.280797929461786333e-01,-1.988467135557311083e-01,9.716252112553223075e-01,-7.419679102358174738e+00
-9.636849051281721756e-01,-2.147773223641971096e-01,-1.586887060448035069e-01,2.872286840592035162e+01,2.373043357184642654e-01,-9.612874214042187448e-01,-1.400469410563790207e-01,-3.534141988260520151e+01,-1.224665500343950914e-01,-1.726186410793920933e-01,9.773457673078539409e-01,-7.425893211314662068e+00
-9.515226327796674211e-01,-2.434438320981979487e-01,-1.879887760516487927e-01,2.845378867833446890e+01,2.679500617977092491e-01,-9.561777443549551725e-01,-1.180122264126743370e-01,-3.528714404965776907e+01,-1.510213352167721623e-01,-1.626629085366931571e-01,9.750555545689320036e-01,-7.486521007118454918e+00
-9.691003257793603387e-01,-2.051902356998358268e-01,-1.368996922852121489e-01,2.820494179918027555e+01,2.293974945112172981e-01,-9.537187339798884889e-01,-1.944154468342910447e-01,-3.524748544529837346e+01,-9.067164984887135515e-02,-2.198125192732355848e-01,9.713192617694955677e-01,-7.516738703703709668e+00
-9.674891761172190741e-01,-2.015010316086634501e-01,-1.528464208173398176e-01,2.798390651472614010e+01,2.294113924180989361e-01,-9.536008036954625178e-01,-1.949767171232478780e-01,-3.517416544897915287e+01,-1.064664600933846877e-01,-2.237025736374397278e-01,9.688250881470660270e-01,-7.511677103293190605e+00
-9.646909358876513130e-01,-2.073698174184225862e-01,-1.623858277069150369e-01,2.771714164072491826e+01,2.381334765059236747e-01,-9.501316453872971080e-01,-2.013511951810372791e-01,-3.510743774400992834e+01,-1.125337530850760159e-01,-2.329111746084315260e-01,9.659650817493914410e-01,-7.545564139296389250e+00
-9.440634911981387045e-01,-2.720862704465846216e-01,-1.863147498757203313e-01,2.741583061995302728e+01,3.034574195728443335e-01,-9.379337422420395143e-01,-1.679103620091266791e-01,-3.504002554617937193e+01,-1.290647864174243042e-01,-2.150566357923253957e-01,9.680356007444727018e-01,-7.576302197805237171e+00
-9.502823497900627636e-01,-2.677488674415481329e-01,-1.589779848320117261e-01,2.718418855517709787e+01,2.905474732137088845e-01,-9.460545576371599541e-01,-1.433978374421615298e-01,-3.494582338109801611e+01,-1.120072385455895686e-01,-1.824590857088990714e-01,9.768127049520110017e-01,-7.599453582208957947e+00
-9.464326497363548807e-01,-2.789200377501028227e-01,-1.626925076778446833e-01,2.685922343589178496e+01,3.060542557474585368e-01,-9.354890431854163690e-01,-1.766098599141772696e-01,-3.482491151543133867e+01,-1.029370295466798257e-01,-2.169420720411716630e-01,9.707420385079599257e-01,-7.598699441308387925e+00
-9.555904369774402829e-01,-2.470786764088415688e-01,-1.606208094280501264e-01,2.653886376080687270e+01,2.746285288508690248e-01,-9.443129712762363681e-01,-1.812517128764725705e-01,-3.474082319054152634e+01,-1.068928804854415021e-01,-2.173134601065991323e-01,9.702312982779018879e-01,-7.618187174310085297e+00
-9.636664294066735748e-01,-2.369205515659826011e-01,-1.233517939888408022e-01,2.629208315256829565e+01,2.588289043088304320e-01,-9.423486901548014938e-01,-2.121003169677548872e-01,-3.467712033781414505e+01,-6.598947741030850023e-02,-2.363209648110002059e-01,9.694316842675985146e-01,-7.666238152330082656e+00
-9.514829304178549219e-01,-2.551086322274712659e-01,-1.720459789895789349e-01,2.603653136713978000e+01,2.847671928303807665e-01,-9.418741493309140678e-01,-1.782715140163274314e-01,-3.461899012672299136e+01,-1.165670580007877738e-01,-2.186153530408999068e-01,9.688237447564155280e-01,-7.667439008600912764e+00
-9.510029637601208341e-01,-2.718252944579558350e-01,-1.473240381346993810e-01,2.581534046427466933e+01,2.991597658012996042e-01,-9.293338332862699502e-01,-2.164302678350718545e-01,-3.453745172584246603e+01,-7.808199181104977238e-02,-2.498992509038283349e-01,9.651184212067062118e-01,-7.674650240506553089e+00
-9.548805528119663766e-01,-2.267627722260580625e-01,-1.917857528438146608e-01,2.558288081239212630e+01,2.678353148450150489e-01,-9.365393639989535446e-01,-2.261819263387534473e-01,-3.447679068627574139e+01,-1.283252663484004130e-01,-2.673437203541355611e-01,9.550183041197809475e-01,-7.686948752070874136e+00
-9.636022953254411716e-01,-1.751018586254816656e-01,-2.020147409211645317e-01,2.535459202404189227e+01,2.168780423463267937e-01,-9.538402500895809544e-01,-2.077322605111504294e-01,-3.445121946322780815e+01,-1.563154860900498044e-01,-2.439838445777695874e-01,9.570984026700091185e-01,-7.707420685347616818e+00
-9.590419537265346683e-01,-2.018460243757318195e-01,-1.987378007227232346e-01,2.507965106909547615e+01,2.419433457292261280e-01,-9.485757455732298782e-01,-2.041261187784191300e-01,-3.441953693673310966e+01,-1.473158119474683447e-01,-2.438488001895936230e-01,9.585592387517604118e-01,-7.745102550078254211e+00
-9.792857030347511538e-01,-3.243046626531601029e-02,-1.998693990823744993e-01,2.478072594444546084e+01,7.796734442689381983e-02,-9.713736824677621229e-01,-2.243975539350632487e-01,-3.444380710022491598e+01,-1.868705568963538455e-01,-2.353326026432287499e-01,9.537808768781284030e-01,-7.818410816899969973e+00
-9.567796293627340853e-01,2.427585453402977544e-01,-1.601281658571470368e-01,2.454075021840709425e+01,-1.949248673792615127e-01,-9.439555215170085667e-01,-2.663686720970240840e-01,-3.454763896183457206e+01,-2.158171376737451908e-01,-2.236431578694456357e-01,9.504770912675879480e-01,-7.907910609933868962e+00
-8.904531904947854404e-01,4.214300745205432630e-01,-1.717259672480225541e-01,2.429490959625331570e+01,-3.663721375499743305e-01,-8.877210948591103268e-01,-2.787879383495768248e-01,-3.462255174180717177e+01,-2.699343852952446610e-01,-1.853319994813494576e-01,9.448743184167532894e-01,-7.924498775078097523e+00
-8.600235426089845037e-01,4.606023756744004327e-01,-2.195562745206637856e-01,2.410311308152861542e+01,-3.978408700495860706e-01,-8.747333496791794838e-01,-2.767023835770718865e-01,-3.466824079254624280e+01,-3.195029706849097373e-01,-1.506221048921569661e-01,9.355377241145192979e-01,-7.979533437830054865e+00
-9.065019203148371174e-01,3.596633453887432830e-01,-2.211256349890093342e-01,2.395413032597133096e+01,-3.248521904473018473e-01,-9.287053921856486260e-01,-1.788221152064051744e-01,-3.473470250252359648e+01,-2.696763297493950384e-01,-9.026944393913741149e-02,9.587106469961701460e-01,-8.001023332158899493e+00
-9.242420369812287539e-01,2.677237770595459754e-01,-2.722143204788495807e-01,2.368763048888443379e+01,-2.168748511558884762e-01,-9.549018060392098217e-01,-2.027999994062348044e-01,-3.478316925260181591e+01,-3.142323280836999966e-01,-1.283998443146588675e-01,9.406229446314128273e-01,-8.063282813964553597e+00
-9.418717134480216746e-01,2.304082790360590660e-01,-2.445193251220270092e-01,2.347198122852236679e+01,-1.718888520820313903e-01,-9.558002234557111398e-01,-2.385375345138296688e-01,-3.480263370754823882e+01,-2.886726484037085427e-01,-1.826416102471092318e-01,9.398458087739353095e-01,-8.129993435562834492e+00
-9.341662566772658272e-01,2.303363471695310805e-01,-2.725409548273147187e-01,2.325207776342128341e+01,-1.713280196864632454e-01,-9.594907664057802377e-01,-2.236608567728511909e-01,-3.480516237398021673e+01,-3.130177543780888749e-01,-1.622425232627029423e-01,9.357869677920559459e-01,-8.173069458484761185e+00
-9.333878174479293133e-01,1.764927933695866757e-01,-3.124699603616222787e-01,2.303290919007028847e+01,-1.079324163841837991e-01,-9.684539949338082376e-01,-2.246051049959038870e-01,-3.481703146900297696e+01,-3.422539637948174840e-01,-1.759180308704897944e-01,9.229924542927669950e-01,-8.181222854439726078e+00
-9.381756518072302820e-01,1.370366906069850343e-01,-3.178795240080216633e-01,2.286658052803667118e+01,-7.656530769725634900e-02,-9.777074215881013108e-01,-1.955145811155106217e-01,-3.487105461887102109e+01,-3.375858409550157035e-01,-1.590884760095303274e-01,9.277535539073187287e-01,-8.260399522356047797e+00
-9.330434422909226200e-01,1.066415179230426891e-01,-3.435949962571884786e-01,2.259292506619437191e+01,-4.567879551653091647e-02,-9.824440614673110028e-01,-1.808787265760563312e-01,-3.489130157393221765e+01,-3.568520455848147033e-01,-1.530727041071870131e-01,9.215342450605117364e-01,-8.369982462306484905e+00
-9.269002891627454721e-01,1.550734375865389647e-01,-3.417719750142117485e-01,2.239552057428881326e+01,-1.013342598688190266e-01,-9.802303596761102744e-01,-1.699406065249989550e-01,-3.487041163596681059e+01,-3.613685400347676491e-01,-1.228847871965444288e-01,9.242900558530319222e-01,-8.501111052571175719e+00
-9.192329235483679417e-01,1.445013232019450033e-01,-3.662379006296451189e-01,2.217169554794737607e+01,-7.010254062624093896e-02,-9.754200809610339418e-01,-2.089050010308960426e-01,-3.486404322227720343e+01,-3.874228517556349005e-01,-1.663581475337465865e-01,9.067681625899047804e-01,-8.607063794568997395e+00
-9.210644907658204206e-01,1.307381633853756109e-01,-3.668074924056504704e-01,2.198645730775799123e+01,-5.546609082855998712e-02,-9.763985774664167838e-01,-2.087326775800999457e-01,-3.486397820927685842e+01,-3.854396406942338094e-01,-1.719108796911328618e-01,9.065775933836668354e-01,-8.723455377904105745e+00
-9.158023569102957673e-01,7.672008357431304992e-02,-3.942335245180201841e-01,2.175992823516578767e+01,-1.285209291951519214e-02,-9.866810422303218253e-01,-1.621583935874930105e-01,-3.488359870815282449e+01,-4.014235503618812095e-01,-1.434383131511200449e-01,9.045908376361236902e-01,-8.836134022604683835e+00
-9.157194776944825865e-01,8.570052562257365891e-02,-3.925726150395124625e-01,2.145203113947593110e+01,-3.835808028859480356e-02,-9.911731299379739069e-01,-1.269034442619125513e-01,-3.492073786079188125e+01,-3.999831194532088574e-01,-1.011496238103604534e-01,9.109238484942102643e-01,-8.963313422227592753e+00
-9.141050935027941193e-01,1.084184029054975490e-01,-3.907138696586950899e-01,2.112321647223775045e+01,-5.011549003623234216e-02,-9.864107530864920648e-01,-1.564680921267028180e-01,-3.490953447440911361e+01,-4.023683830654173343e-01,-1.234474629417855601e-01,9.071165350728419563e-01,-9.106044054068171079e+00
-9.121956795928849449e-01,9.550252279744549100e-02,-3.984699615672439021e-01,2.084945911071476132e+01,-5.479362463624092017e-02,-9.921560160581749388e-01,-1.123570135718980900e-01,-3.493690440341032399e+01,-4.060747478375129060e-01,-8.065796884931196453e-02,9.102733607163312479e-01,-9.223840407314837009e+00
-9.302939446270663826e-01,7.041613554538589392e-02,-3.599927005441492245e-01,2.057557032686157328e+01,-4.124840415557939205e-02,-9.952587623594403299e-01,-8.808271738187743727e-02,-3.495346974148854713e+01,-3.644883341683698430e-01,-6.709369420155461561e-02,9.287877531780636131e-01,-9.313255256851338260e+00
-9.167677301514868260e-01,7.824191452670613972e-03,-3.993441009718378121e-01,2.037908766292632734e+01,2.914129107800694785e-02,-9.958333545728229597e-01,-8.641015608449890972e-02,-3.495619904025095792e+01,-3.983562653043126733e-01,-9.085544534232734004e-02,9.127198770402931149e-01,-9.405191400812061175e+00
-9.235720332352475026e-01,5.747226299117430548e-02,-3.790931790633894072e-01,2.005909212582644940e+01,-1.589814513565019488e-02,-9.935921766562986202e-01,-1.119010074514383973e-01,-3.498144716588252834e+01,-3.830952210703745808e-01,-9.732176259231299642e-02,9.185676491793985932e-01,-9.517439452117979926e+00
-9.000207909596071865e-01,1.474341508808560408e-01,-4.101533213256804977e-01,1.977923515261574039e+01,-9.743666920208597648e-02,-9.852938275816736091e-01,-1.403644143800724664e-01,-3.494616430216498060e+01,-4.248160441123294273e-01,-8.636691776078793403e-02,9.011504226161428655e-01,-9.648951666297497454e+00
-9.186406278360070843e-01,1.316905458937589479e-01,-3.725010026983462952e-01,1.956214297514250688e+01,-8.904223567314015209e-02,-9.875675549867647396e-01,-1.295446046880940338e-01,-3.496971351780410942e+01,-3.849297041738894976e-01,-8.583661491269113653e-02,9.189456993669062879e-01,-9.746910631318270291e+00
-9.289326614797805970e-01,6.795569918427521450e-02,-3.639589721170097825e-01,1.928236903730791241e+01,-1.711744430760545749e-02,-9.898434598445793320e-01,-1.411273116844898867e-01,-3.503841237778475914e+01,-3.698528133412934404e-01,-1.248677218150936741e-01,9.206611474979483623e-01,-9.846762956216391416e+00
-9.127636139935202397e-01,8.096033713991312997e-02,-4.003848258609237210e-01,1.905042594768693220e+01,-2.337440929923265479e-02,-9.889083097264593780e-01,-1.466764873586465789e-01,-3.507110999936868012e+01,-4.078188592493021125e-01,-1.245222018924781043e-01,9.045319227514566629e-01,-9.919937642044791559e+00
-9.262745194774815172e-01,1.101756950299649374e-01,-3.603842821092887450e-01,1.880953267257376638e+01,-3.748343463092429495e-02,-9.785017960178494789e-01,-2.028034203807081159e-01,-3.508200582885383767e+01,-3.749806750954401968e-01,-1.743432000810740679e-01,9.104910443768564621e-01,-1.000711601143150808e+01
-9.070806108324110939e-01,1.831519644318344853e-01,-3.790252278894671312e-01,1.847751690821807102e+01,-1.180320111266743993e-01,-9.749292479908512332e-01,-1.886303415715190057e-01,-3.511652296107220650e+01,-4.040707980061100102e-01,-1.263658155386800930e-01,9.059572124896131395e-01,-1.008018110870819228e+01
-9.230647291031750523e-01,1.679952814530144001e-01,-3.460189175394992600e-01,1.815762875041372837e+01,-1.228955693286511441e-01,-9.812380582811884855e-01,-1.485548788157144973e-01,-3.513481696408067023e+01,-3.644834494528806368e-01,-9.460157710148238419e-02,9.263921182117441644e-01,-1.015407916126461529e+01
-9.256772173176867069e-01,8.613532454888403467e-02,-3.683780601553853229e-01,1.792536570352424263e+01,-4.161503145228589301e-02,-9.910102522725943164e-01,-1.271490033300937961e-01,-3.514419167430594371e+01,-3.760184549941814058e-01,-1.023688710276203229e-01,9.209401368972467417e-01,-1.023689491040793698e+01
-9.289289240804143866e-01,8.382594735849213663e-02,-3.606442354402150108e-01,1.769357910096286446e+01,-3.089438094316530534e-02,-9.881862071852612894e-01,-1.501118155074695204e-01,-3.516437100494228929e+01,-3.689669243075106020e-01,-1.283013268764648940e-01,9.205445009823233216e-01,-1.039993037837020040e+01
-9.280172184177090111e-01,1.568219837566524333e-01,-3.379214520134652955e-01,1.753108439535899521e+01,-9.893495115179201660e-02,-9.782552949438375611e-01,-1.822867338972860574e-01,-3.515327679529513460e+01,-3.591600169295751099e-01,-1.357329853977138345e-01,9.233529330186652784e-01,-1.045689578872345926e+01
-9.128522161924464973e-01,1.697212129908687028e-01,-3.713428890573364227e-01,1.723826575891489199e+01,-1.123635734573303208e-01,-9.788169987766622837e-01,-1.711482114009628408e-01,-3.515340039594429555e+01,-3.925242142243454135e-01,-1.145076100822911835e-01,9.125857485632802302e-01,-1.057129498152223235e+01
-9.146240787664592364e-01,1.183301945015731299e-01,-3.866015514839895584e-01,1.697666844783260132e+01,-6.788726172692462202e-02,-9.875834618645734642e-01,-1.416694234717095213e-01,-3.517687061139615423e+01,-3.985650690111059435e-01,-1.033289452225592264e-01,9.113007268972005415e-01,-1.067486601641667043e+01
-8.902309282892123532e-01,5.813044270909682038e-02,-4.517850660964503606e-01,1.669654388173094617e+01,-1.301130217135268267e-02,-9.946640361054386315e-01,-1.023433500245439220e-01,-3.519704527550464945e+01,-4.553236215409157128e-01,-8.523090348509232417e-02,8.862370409534801041e-01,-1.083672978455749458e+01
-8.900464337190733266e-01,7.021906805257278894e-02,-4.504293821519526064e-01,1.651007057960206126e+01,-1.337556225576297213e-02,-9.916628057466098101e-01,-1.281638561884970717e-01,-3.519217819292261140e+01,-4.556736114350967148e-01,-1.080470368894579369e-01,8.835651632228972430e-01,-1.093944758065252110e+01
-8.822643941225318809e-01,1.044370594199438701e-01,-4.590233539628665316e-01,1.627974568870104122e+01,-5.357261406743251547e-02,-9.910205592688745568e-01,-1.225080655646429151e-01,-3.518576917015460026e+01,-4.676959630845508031e-01,-8.349342325072224569e-02,8.799371195649667854e-01,-1.096677469331795507e+01
-8.790458103350093921e-01,8.976665891495887173e-02,-4.682097930198748648e-01,1.602690877444766215e+01,-3.913006768644849281e-02,-9.923845460078044578e-01,-1.167979051513322597e-01,-3.516295888226971300e+01,-4.751287205961372551e-01,-8.434962828685897696e-02,8.758640528486979493e-01,-1.108760672055396945e+01
-8.680613324548379639e-01,1.033048369054933024e-01,-4.855899852433767649e-01,1.584848547159598375e+01,-5.466147900641033647e-02,-9.920520838918766016e-01,-1.133348382388169040e-01,-3.520651513151488388e+01,-4.934385937576881709e-01,-7.183852391103727475e-02,8.668088489815496400e-01,-1.122479461093772102e+01
-8.521943235989930532e-01,1.042420471767625534e-01,-5.127362191478717079e-01,1.564984589878331889e+01,-6.495399440568665195e-02,-9.934494621941474257e-01,-9.401672551683265544e-02,-3.522327507488181197e+01,-5.191780170966432406e-01,-4.681625429868596644e-02,8.533829298134799624e-01,-1.131659915526856253e+01
-8.551400272830493865e-01,1.327294141386798354e-01,-5.011171882511618048e-01,1.540783670973517872e+01,-9.310027203196562240e-02,-9.902712420722955544e-01,-1.034176313409327225e-01,-3.518719256715152710e+01,-5.099685020527456869e-01,-4.178240954035700866e-02,8.591777215262749179e-01,-1.142924556274483017e+01
-8.489964929946975936e-01,1.548348619214539035e-01,-5.052040384007936424e-01,1.518420872914354014e+01,-1.121109584845713797e-01,-9.871198304164643389e-01,-1.141296341282288518e-01,-3.520559336755090385e+01,-5.163681708532941173e-01,-4.025675014624541248e-02,8.554199589659376990e-01,-1.151333059218307397e+01
-8.551077315451878214e-01,1.854513716934243217e-01,-4.841472463917068647e-01,1.489709494884831464e+01,-1.498618653620893415e-01,-9.823869077087552526e-01,-1.116126555217941269e-01,-3.526935724685091600e+01,-4.963186363233195175e-01,-2.288563522079597665e-02,8.678387286464587236e-01,-1.168511963590709080e+01
-8.579329926337633250e-01,1.629176775714880898e-01,-4.872461497900104632e-01,1.469415326477890638e+01,-1.241980737900048315e-01,-9.860285143251733553e-01,-1.110072403248825307e-01,-3.531515371648900015e+01,-4.985236389754540975e-01,-3.472174063042674647e-02,8.661804558579379032e-01,-1.180731892190423693e+01
-8.687995513891006993e-01,1.397028217517906346e-01,-4.750478513799284430e-01,1.447186044329568411e+01,-9.417080916437353677e-02,-9.884822091623595153e-01,-1.184684804951546544e-01,-3.532855217393903757e+01,-4.861267306036832769e-01,-5.818972215169419121e-02,8.719488276432759699e-01,-1.194226944849246053e+01
-8.893768861742152865e-01,1.767523856071945010e-01,-4.216246535975146648e-01,1.419819633063244879e+01,-1.252543304558517423e-01,-9.811580099744370287e-01,-1.471064654087686219e-01,-3.535835904224934723e+01,-4.396818247791403622e-01,-7.802277645130872852e-02,8.947582574716566040e-01,-1.205846145950354931e+01
-8.714213241139824317e-01,2.033111141585561554e-01,-4.464184883481437383e-01,1.397264355076490183e+01,-1.785717079925230322e-01,-9.791009061070353736e-01,-9.733221853537335488e-02,-3.539377419979104644e+01,-4.568774682385507435e-01,-5.099658811278696968e-03,8.895150209501476724e-01,-1.215053206253028328e+01
-8.803633370630862265e-01,1.916400320090531628e-01,-4.338599922633077921e-01,1.380839455148534611e+01,-1.681406522862389508e-01,-9.814299258176438778e-01,-9.232562893549242644e-02,-3.541233808009261708e+01,-4.434964665066748468e-01,-8.330596686043597807e-03,8.962374045725547411e-01,-1.222676108601407208e+01
-8.845752927594001669e-01,1.280525476568969423e-01,-4.484741870812646303e-01,1.357970653637776515e+01,-8.770046117680378728e-02,-9.900862239210170834e-01,-1.097173564719804151e-01,-3.546070761477383826e+01,-4.580777014317534701e-01,-5.772186968907078858e-02,8.870360788663559370e-01,-1.230835079916077746e+01
-8.956380947726205743e-01,1.584558393614893534e-01,-4.156009506297089762e-01,1.337033013091072853e+01,-1.217412716724744631e-01,-9.860408412182187776e-01,-1.135892698331942702e-01,-3.548645557412164919e+01,-4.277983940638865890e-01,-5.113908898206551146e-02,9.024263557844732775e-01,-1.237947317575128636e+01
-8.936564698700765197e-01,2.134850406632573250e-01,-3.947179388783364495e-01,1.316417894328647975e+01,-1.722322134904868129e-01,-9.753974152807350917e-01,-1.376079463542372316e-01,-3.549323607119075064e+01,-4.143840953698896823e-01,-5.499108724758026284e-02,9.084392119607166416e-01,-1.243005887785226626e+01
-8.755602596165307228e-01,2.001186619906184794e-01,-4.397121250355958688e-01,1.298786315847841166e+01,-1.665702243373207714e-01,-9.794097534071177780e-01,-1.140653115334597373e-01,-3.550721665233016466e+01,-4.534849414748511887e-01,-2.662810646845759077e-02,8.908660683859588314e-01,-1.251799194790841163e+01
-8.897677566423066731e-01,1.570888038476407345e-01,-4.285282335452776925e-01,1.269831155696744318e+01,-1.226157274700962474e-01,-9.866589498183865325e-01,-1.070957521111801231e-01,-3.553823416532190294e+01,-4.396347604736202674e-01,-4.274604600425614687e-02,8.971588783121444699e-01,-1.263669965358805491e+01
-8.719578259859670499e-01,1.083520302741997482e-01,-4.774404541273044034e-01,1.245382956265027907e+01,-7.027677240490888544e-02,-9.928038101674645510e-01,-9.696272364839550462e-02,-3.557706560561977938e+01,-4.845108099538917856e-01,-5.099443158253250813e-02,8.732976829153956677e-01,-1.276883311621421768e+01
-8.953069469029533156e-01,1.085196483069896523e-01,-4.320288841716967143e-01,1.215531174840145923e+01,-7.602607106591086072e-02,-9.928669933433829087e-01,-9.184318182398340524e-02,-3.559449330224509822e+01,-4.389140090559823792e-01,-4.938238006212016667e-02,8.971710389852126655e-01,-1.291740552974532896e+01
-8.898735965165776030e-01,1.327876274195219641e-01,-4.364543827560299905e-01,1.188551680860610915e+01,-9.793390885280116309e-02,-9.900008134953987016e-01,-1.015250647636413012e-01,-3.563119021289487165e+01,-4.455714664556786331e-01,-4.760079077856567420e-02,8.939799958599699004e-01,-1.302260937658762607e+01
-8.930435982000679562e-01,1.445499987853095525e-01,-4.261202055348281004e-01,1.165883314054898712e+01,-1.179792385710211750e-01,-9.890854892812429577e-01,-8.826547546740801109e-02,-3.566382854456212925e+01,-4.342280863556374770e-01,-2.855158041952820386e-02,9.003503630673276303e-01,-1.312646889114264326e+01
-8.973319784966430346e-01,1.027683801111341361e-01,-4.292248599704300283e-01,1.142028991390088244e+01,-7.569231554278557650e-02,-9.939381225751907634e-01,-7.973507295712382870e-02,-3.570403810373355924e+01,-4.348171957674547006e-01,-3.905980723250073589e-02,8.996712386888264801e-01,-1.325523709952013718e+01
-8.807369807557549057e-01,7.489228438176065428e-02,-4.676467860141028110e-01,1.119247134598032467e+01,-4.907674822833032330e-02,-9.965342307153872703e-01,-6.716397692085905591e-02,-3.573358961957106317e+01,-4.710560938068538706e-01,-3.620321467182499586e-02,8.813600193648760683e-01,-1.338554839389427187e+01
-9.005025234080141772e-01,9.314433641234587391e-02,-4.247579757109973819e-01,1.089299010202016937e+01,-6.404979702144067422e-02,-9.945469442739724997e-01,-8.230430813036093696e-02,-3.572808531554298384e+01,-4.301079269640500358e-01,-4.690957503121370720e-02,9.015579088073480962e-01,-1.355557020159933046e+01
-8.772404550926522493e-01,1.023624021647883409e-01,-4.690107915303144415e-01,1.063384334747951598e+01,-6.791905884647547742e-02,-9.936388086569991618e-01,-8.982716390997651235e-02,-3.573345052375550068e+01,-4.752222484209328024e-01,-4.694525059849095211e-02,8.786125187202822318e-01,-1.365516838543260647e+01
-8.875249900421758875e-01,9.755053749783897110e-02,-4.503146507549138366e-01,1.032373012813888558e+01,-8.798498731036211162e-02,-9.952281819715041999e-01,-4.218421289642924898e-02,-3.572329919313816760e+01,-4.522809238279153488e-01,2.181385701500414710e-03,8.918728650978170469e-01,-1.378193592783875765e+01
-8.846684817304646398e-01,1.694944442861407927e-02,-4.659124314356483110e-01,1.008076162062481806e+01,-1.356715249894232395e-02,-9.998516425585470824e-01,-1.061250423072643799e-02,-3.574485223651541332e+01,-4.660231859100861240e-01,-3.067442996714886926e-03,8.847671902753150297e-01,-1.390472711317502430e+01
-8.852548001714120041e-01,6.316715669188907589e-02,-4.607969716577328678e-01,9.829419519531858995e+00,-4.737316448326810148e-02,-9.978278922533897477e-01,-4.577423650919869302e-02,-3.573218295618688245e+01,-4.626874993560083360e-01,-1.869245186221644636e-02,8.863243594661397440e-01,-1.404518414733842846e+01
-8.877333191629036557e-01,9.845021001202058919e-02,-4.497078053543267506e-01,9.604492535560616773e+00,-8.223974223060979971e-02,-9.950661726632717974e-01,-5.549717847883674227e-02,-3.573843328475960845e+01,-4.529527335670452404e-01,-1.228284046376114380e-02,8.914499161390299076e-01,-1.414725148840255997e+01
-8.675629643595202944e-01,1.425678109566158036e-01,-4.764545331411614293e-01,9.392553121208193190e+00,-1.441446896470061911e-01,-9.889906623664774798e-01,-3.346308710333548153e-02,-3.573779430277583202e+01,-4.759798433949608554e-01,3.964705576655091351e-02,8.785620636305399023e-01,-1.424953095840544215e+01
-8.797410774437542935e-01,1.086781295615267262e-01,-4.628657481528657969e-01,9.198654460053743875e+00,-1.231512138966844305e-01,-9.923873518409499495e-01,1.059444137618531685e-03,-3.577377368674316926e+01,-4.592269756600509956e-01,5.793451528334193218e-02,8.864277617296333345e-01,-1.437026216638266440e+01
-8.819068238769787182e-01,-4.432477529326057236e-02,-4.693353473737338910e-01,8.945478047652390075e+00,3.207955489075618727e-02,-9.989048464229951518e-01,3.405891881232202961e-02,-3.573363684407809870e+01,-4.703310070123300490e-01,1.498072387621047705e-02,8.823629195262643332e-01,-1.449969801648903456e+01
-9.005052968659482682e-01,-4.118952659625968460e-02,-4.328898626846649500e-01,8.762952089744848294e+00,3.750747384257639011e-02,-9.991509576868693454e-01,1.704561994651375770e-02,-3.572000878288708492e+01,-4.332244218904568456e-01,-8.869341511625398718e-04,9.012856448571071599e-01,-1.461730610643552630e+01
-9.183499765433447148e-01,3.342315613412388114e-02,-3.943554402019500693e-01,8.503782736467339731e+00,-3.296784335531197097e-02,-9.994249391999714405e-01,-7.931721731998835762e-03,-3.570437924372143357e+01,-3.943937650208728107e-01,5.716951912363045854e-03,9.189237588469963969e-01,-1.472385186211626085e+01
-9.112957662477015885e-01,4.915350544023670831e-02,-4.088079736526094576e-01,8.297944030385128400e+00,-5.557613307710327494e-02,-9.984470747160254511e-01,3.838283888451208929e-03,-3.567943344400879369e+01,-4.079844603060416297e-01,2.621777820390021330e-02,9.126123537706684052e-01,-1.479054861439439250e+01
-9.150488121376174622e-01,6.726162357895231619e-03,-4.032870319579739959e-01,8.136243288589801281e+00,-1.630121160483260015e-02,-9.996607407924210653e-01,2.031437467812460818e-02,-3.567073472378750409e+01,-4.030135753368006557e-01,2.516271166396774270e-02,9.148480179985992722e-01,-1.485952692001032460e+01
-8.844479902859593290e-01,-1.805198370652374151e-01,-4.303072633654573265e-01,7.934720255532260680e+00,1.871515066039902975e-01,-9.819523686203556201e-01,2.727378478925452168e-02,-3.563656036319848397e+01,-4.274646956825622346e-01,-5.641040849713790939e-02,9.022703584614762962e-01,-1.492985879859573295e+01
-8.424935978238051737e-01,-2.909319903888514802e-01,-4.533906864882460974e-01,7.722780193202929411e+00,3.142942055506846022e-01,-9.489982302715836981e-01,2.493012833233908612e-02,-3.552693920611951484e+01,-4.375199309553405302e-01,-1.214945921009816937e-01,8.909631721384730918e-01,-1.503337518109008286e+01
-8.162663538452143985e-01,-3.745500693353259747e-01,-4.397970954214490136e-01,7.494272789781388333e+00,4.089621630267177843e-01,-9.123741840757823018e-01,1.798047398038734451e-02,-3.532621446855673497e+01,-4.079941038700793388e-01,-1.651835155000444533e-01,8.979171550952224079e-01,-1.514736420395016481e+01
-7.749584957351148828e-01,-4.574971092699621766e-01,-4.360455536954798705e-01,7.290708056882010624e+00,5.008269417450899041e-01,-8.653634691438946147e-01,1.784490665440830251e-02,-3.510612310340373909e+01,-3.855018862602746510e-01,-2.045542991014181744e-01,8.997476504047664525e-01,-1.522810798905020846e+01
-7.471970308365719626e-01,-5.300550641937059604e-01,-4.009217205784924576e-01,7.129632794499332071e+00,5.693748059465294498e-01,-8.216914696552651831e-01,2.520831309554353097e-02,-3.497748580827703790e+01,-3.427957518149321037e-01,-2.094391501567394454e-01,9.157654257064187231e-01,-1.530084190848029202e+01
-6.688364551389522905e-01,-6.333640518741947556e-01,-3.892399954663756656e-01,6.979552362676437305e+00,6.555223703444169603e-01,-7.494210831683576490e-01,9.305085749633598691e-02,-3.480073021588683702e+01,-3.506397271491050738e-01,-1.929197187854799489e-01,9.164244452482335213e-01,-1.535231367167483540e+01
-6.973581052401608416e-01,-5.854446614229780188e-01,-4.134564323688637577e-01,6.831665793477858628e+00,6.290188375945524601e-01,-7.764371389266894186e-01,3.847949124579817110e-02,-3.472948497901256815e+01,-3.435505421434411621e-01,-2.332378993788785659e-01,9.097104524442245488e-01,-1.544750072862770551e+01
-7.766000616112723742e-01,-4.637341737681411891e-01,-4.264304871663714414e-01,6.648837069545367129e+00,4.972380511224128719e-01,-8.668207050771178368e-01,3.709697784987116970e-02,-3.464509561345794708e+01,-3.868419119244375648e-01,-1.832279490939860978e-01,9.037592897721479224e-01,-1.555792102773056484e+01
-8.135022955902729835e-01,-3.649342073777408491e-01,-4.528101581843518297e-01,6.417113484925504707e+00,3.933515405521995634e-01,-9.187672632275125650e-01,3.378285906549045176e-02,-3.455787151523729506e+01,-4.283556706926722191e-01,-1.506311398981212968e-01,8.909667104210029498e-01,-1.573813159942566031e+01
-8.739635890754919867e-01,-2.498380808716535173e-01,-4.168555844853890080e-01,6.228719638213628507e+00,2.650923095077096225e-01,-9.639728318966488407e-01,2.196467174862621122e-02,-3.454039830518234311e+01,-4.073250697049654589e-01,-9.130888626812407038e-02,9.087073097969001756e-01,-1.583003658992500640e+01
-8.724306876721386050e-01,-2.001351886307282946e-01,-4.458818245675233438e-01,6.054614184589556025e+00,2.006656874075436747e-01,-9.785510932682196517e-01,4.659441770030961494e-02,-3.450747710290558956e+01,-4.456433294745685836e-01,-4.882278295340848617e-02,8.938782684233379516e-01,-1.590842142220339639e+01
-8.892223509205671172e-01,-1.616712421227767815e-01,-4.279556286506579488e-01,5.818052750252516780e+00,1.653715722036132318e-01,-9.858107321933482492e-01,2.880005901592427517e-02,-3.442031261032273903e+01,-4.265393929406832152e-01,-4.516203895855432776e-02,9.033407643336478499e-01,-1.602859318104198394e+01
-9.125765466673908533e-01,-1.117693366654451126e-01,-3.933340334295868934e-01,5.621833540470841051e+00,1.255801414928771065e-01,-9.920383482123619201e-01,-9.462755344964011994e-03,-3.437797525953583033e+01,-3.891447989312589728e-01,-5.803043216671781995e-02,9.193469390862698543e-01,-1.613065728649920061e+01
-9.206817091008069331e-01,-3.969878419087001509e-02,-3.882900939516554795e-01,5.327574924090518138e+00,2.691965678773742751e-02,-9.989036875846353247e-01,3.829823766505215804e-02,-3.436309531282545038e+01,-3.893848001728484332e-01,2.480785084575154453e-02,9.207410319578276381e-01,-1.624831196838509229e+01
-9.240966428332983984e-01,-1.052871542326256904e-01,-3.673690376961896153e-01,5.070311069261594028e+00,9.630699362172263911e-02,-9.944333158628791969e-01,4.274743596411132579e-02,-3.433804412400058226e+01,-3.698247661849792256e-01,4.122554493940687459e-03,9.290923780016008271e-01,-1.633067444846382799e+01
-8.969372004785666208e-01,-1.470529534331622701e-01,-4.169881140803147757e-01,4.854146489107473705e+00,1.274480286317431488e-01,-9.890322096074056768e-01,7.464776190199197414e-02,-3.431272202573754271e+01,-4.233918497037416073e-01,1.381004147995804759e-02,9.058413902879276502e-01,-1.643681954068206608e+01
-9.083825314070443913e-01,-1.290244918606094915e-01,-3.977359138104617498e-01,4.666782290830034263e+00,1.187102663320178386e-01,-9.916405774806518192e-01,5.056518329070023438e-02,-3.429606105647587100e+01,-4.009352183357217658e-01,-1.282807059581600028e-03,9.161055098099424310e-01,-1.655119255006977497e+01
-9.044340691422831924e-01,-5.058924924983131122e-02,-4.236032842590713443e-01,4.366018504319713500e+00,2.889964148390976317e-02,-9.979285669885878951e-01,5.747508947540962143e-02,-3.426640463337759712e+01,-4.256334400594418699e-01,3.974044600206694949e-02,9.040226057210747346e-01,-1.667062718746358385e+01
-9.167505350656144358e-01,-5.718459432938194364e-02,-3.953458974471531495e-01,4.162959390785380798e+00,2.703907834251720668e-02,-9.963137327322737491e-01,8.141151154150132185e-02,-3.422575839180731094e+01,-3.985440310672059283e-01,6.394425807270467943e-02,9.149173663015871538e-01,-1.675081002405251951e+01
-9.102150635044322646e-01,-1.000004731155118287e-01,-4.018811311150319865e-01,3.914558293460205896e+00,7.679694176567701536e-02,-9.943350451542828372e-01,7.348501693182891981e-02,-3.420938684428459453e+01,-4.069530291140033285e-01,3.602392753026269906e-02,9.127384667801784479e-01,-1.684507317545082827e+01
-8.931764444773395706e-01,-1.170016476430813801e-01,-4.342193610142500715e-01,3.722055837410418011e+00,9.424534543807289166e-02,-9.928203552869543369e-01,7.365838031850754919e-02,-3.420066911200801485e+01,-4.397199721346274903e-01,2.486677656415624618e-02,8.977906156388749670e-01,-1.694479298029873604e+01
-9.213725475431572276e-01,-6.144724986886036106e-02,-3.837927358840806935e-01,3.396529975696940706e+00,4.278930894197804924e-02,-9.974582939313785257e-01,5.697391427463572439e-02,-3.424070796763824376e+01,-3.863181379046313757e-01,3.607197459329494760e-02,9.216599747058772385e-01,-1.710384838607257407e+01
-9.121135118008446563e-01,-4.683987743202529946e-02,-4.072529526872516459e-01,3.144414696251514485e+00,3.054738984197446008e-02,-9.984548114485616299e-01,4.642032387932649301e-02,-3.421758750607448718e+01,-4.087979923680818972e-01,2.990008992247174605e-02,9.121349604408620637e-01,-1.720481002020488148e+01
-9.235097587115591589e-01,-5.372158539968772961e-02,-3.797943085759230009e-01,2.865004624994877513e+00,4.125042131555788083e-02,-9.983111437112678344e-01,4.090553853931327283e-02,-3.420128669053580239e+01,-3.813504009514193660e-01,2.210998878439908791e-02,9.241661214793283063e-01,-1.733237861780081346e+01
-9.080941616524679239e-01,-8.108750670810725703e-02,-4.108403702517142153e-01,2.592109728284035075e+00,6.353402709672187343e-02,-9.963944837517254571e-01,5.622686324175896200e-02,-3.421519842648561394e+01,-4.139183747716159711e-01,2.495694302187272465e-02,9.099718292460630131e-01,-1.745767819051189917e+01
-9.212249142828803361e-01,-6.045290647434847786e-02,-3.843047012505897975e-01,2.344588483448146299e+00,3.810472931943424679e-02,-9.971240616261591860e-01,6.551057418192945958e-02,-3.416075206034357592e+01,-3.871597692271164237e-01,4.570614646802975689e-02,9.208790698387318008e-01,-1.757172823380686566e+01
-9.195812331962102126e-01,-4.478555212766902049e-02,-3.903390960100703855e-01,2.072668479501063032e+00,3.829766305046727881e-02,-9.989686029720237226e-01,2.439301705402698375e-02,-3.409195409946596556e+01,-3.910289561633664701e-01,7.482285529500032339e-03,9.203479618302210508e-01,-1.764089761185321592e+01
-9.029177011562468103e-01,-7.432032632964132024e-02,-4.233392422549271394e-01,1.850902183053933392e+00,7.845997922905861843e-02,-9.968877745531639079e-01,7.667894484013609326e-03,-3.404972870221141079e+01,-4.225915955128496937e-01,-2.629171049395331167e-02,9.059387889704276775e-01,-1.772614883612891035e+01
-9.179633904723144555e-01,-8.212930445182071992e-02,-3.880695699263662091e-01,1.640125128931613441e+00,7.042187045256623201e-02,-9.965321729345032464e-01,4.432142222900008199e-02,-3.404320914988554847e+01,-3.903638993484626618e-01,1.335685803994962097e-02,9.205637514201625571e-01,-1.780403471052834163e+01
-8.923717001330011556e-01,-1.744236844776224926e-01,-4.162320591869268505e-01,1.390105418886803168e+00,1.619861997429141165e-01,-9.846283751811290008e-01,6.532559897177100949e-02,-3.401740759636466294e+01,-4.212282277988825818e-01,-9.129133662212688544e-03,9.069087269532634110e-01,-1.790155775684726436e+01
-9.134870113945873227e-01,-1.350140587767044709e-01,-3.838133451901158955e-01,1.209188633509338917e+00,1.226677320058018189e-01,-9.908329348736385489e-01,5.659260282269047010e-02,-3.397973070411882901e+01,-3.879357002622204065e-01,4.615095051508317191e-03,9.216748848480817990e-01,-1.797436711104086626e+01
-9.222148475841596138e-01,-1.217758583439194631e-01,-3.670019280874806111e-01,8.739230486084685889e-01,1.171023502320540227e-01,-9.925006064959579488e-01,3.506544845409707845e-02,-3.391277857495958159e+01,-3.685197612957221147e-01,-1.063891111717452445e-02,9.295590347604522075e-01,-1.812158680714603776e+01
-9.112225693454441000e-01,-1.065716715463458503e-01,-3.978893161914582866e-01,6.299802137130284807e-01,8.254791867409949635e-02,-9.936016038313943977e-01,7.708238440951878379e-02,-3.387444562030039918e+01,-4.035582612685095771e-01,3.739427345864865943e-02,9.141894760247658569e-01,-1.822501923182636574e+01
-9.067080617702429901e-01,-1.751026790557155821e-01,-3.836919891115289083e-01,4.009025872693309234e-01,1.412084056696711332e-01,-9.832733791860789330e-01,1.150375936475588751e-01,-3.380289266386899527e+01,-3.974175095401309421e-01,5.012497951622637421e-02,9.162678699700304019e-01,-1.829501115546527501e+01
-8.859173301283854718e-01,-2.200556552018438639e-01,-4.083209433667121524e-01,2.089335039151018203e-01,1.887558579880266318e-01,-9.751489052417888770e-01,1.159993046571687475e-01,-3.377146637011180275e+01,-4.237000239006346036e-01,2.569282427896326174e-02,9.054381086121627842e-01,-1.842084478113239143e+01
-9.231765465280756811e-01,-1.669989796882270505e-01,-3.462028375441020267e-01,-8.919614752134155666e-02,1.421209463561593223e-01,-9.851598016154852200e-01,9.623825584334579075e-02,-3.374702249401787668e+01,-3.571368092864783406e-01,3.964222577038920697e-02,9.332104764674695740e-01,-1.862166764245907302e+01
-9.225548248315870170e-01,-1.080656013465357002e-01,-3.704246495383001214e-01,-2.875773733467885673e-01,7.326501036534796563e-02,-9.915766616205350381e-01,1.068080632988089723e-01,-3.369967333103504359e+01,-3.788467149601883466e-01,7.139712833922906565e-02,9.227012607712119507e-01,-1.871089893200445786e+01
-9.246854829494852712e-01,-1.469619549346690701e-01,-3.512249157224734408e-01,-5.789759046313764923e-01,1.098800686314429925e-01,-9.862561959638107556e-01,1.233899770667968715e-01,-3.365361000492307397e+01,-3.645313815572365224e-01,7.550430269047803122e-02,9.281249765711490074e-01,-1.883931426241707641e+01
-9.046909750388721916e-01,-1.780723545648152384e-01,-3.870716680706026147e-01,-8.266613620402543106e-01,1.399947192673495489e-01,-9.822700196699957198e-01,1.246879586598650530e-01,-3.363631926448144327e+01,-4.024123733938506642e-01,5.861608138771040588e-02,9.135800111332758044e-01,-1.900187227359802833e+01
-9.002974401674632698e-01,-1.411495409240717536e-01,-4.117539633383484610e-01,-1.013804703191581558e+00,9.856281289914074761e-02,-9.874990188035810412e-01,1.230083727856590842e-01,-3.362930500192574357e+01,-4.239692101336168806e-01,7.016049428909584829e-02,9.029549345896424883e-01,-1.910654410687940086e+01
-9.034944407663678678e-01,-1.072117707290648758e-01,-4.149740133085539351e-01,-1.215186467889820099e+00,7.692859972949676883e-02,-9.930500355828484338e-01,8.907085591013604031e-02,-3.361749753826128284e+01,-4.216394028644952496e-01,4.855165338115276230e-02,9.054628379486521217e-01,-1.917273583667606474e+01
-9.074752552670897199e-01,-1.078445616167995613e-01,-4.060273532751357828e-01,-1.379193831929263370e+00,7.076378438035230145e-02,-9.919190263223437443e-01,1.053049478415254148e-01,-3.359250023944080965e+01,-4.141028228569595404e-01,6.682960234368824637e-02,9.077734609209947569e-01,-1.923231618203382709e+01
-8.787617898643959036e-01,-2.970509606402072511e-01,-3.735484486074793775e-01,-1.498071691465739264e+00,2.721093416097400963e-01,-9.548566267214203540e-01,1.191861091524747257e-01,-3.351917021619129855e+01,-3.920895597730680304e-01,3.090176195880245651e-03,9.199218596859402020e-01,-1.929954305016893912e+01
-7.554701344176752986e-01,-5.470511011618356401e-01,-3.605550841696230635e-01,-1.635730193190082948e+00,5.392049121461232053e-01,-8.317401379720955612e-01,1.321605296737752011e-01,-3.337176216191602407e+01,-3.721866987419520933e-01,-9.456973936616193399e-02,9.233274747757602707e-01,-1.933571521565695761e+01
-6.010932681930176713e-01,-7.172664513399158448e-01,-3.524425069643025155e-01,-1.679016618789614279e+00,7.270473506610062309e-01,-6.738847966891666763e-01,1.314588554948435406e-01,-3.322752725584772548e+01,-3.317966739282515176e-01,-1.772233578664104137e-01,9.265542879921836450e-01,-1.936886342419592921e+01
-3.956986828622902075e-01,-8.530359905784488106e-01,-3.402236781279259770e-01,-1.695882703040022310e+00,8.721249765828674727e-01,-4.651204842550087926e-01,1.518583561965571316e-01,-3.308793545714863171e+01,-2.877856452316253089e-01,-2.366274157916443965e-01,9.280015562995483913e-01,-1.936565928085282451e+01
-2.977700349669287205e-01,-8.867160920136911706e-01,-3.536489480258105389e-01,-1.755683663545887452e+00,9.017554787733089716e-01,-3.828489620600227239e-01,2.006582386842982180e-01,-3.291666207124988119e+01,-3.133210219217908432e-01,-2.591548656952660790e-01,9.136020429094671158e-01,-1.941569842992321782e+01
-2.308979674003544258e-01,-9.062455362348967869e-01,-3.541259051590413542e-01,-1.804892539722170897e+00,9.381915652469265954e-01,-3.038235110409051587e-01,1.657946351312371835e-01,-3.278547362033173584e+01,-2.578424238753346254e-01,-2.939562929979595562e-01,9.203841492860405094e-01,-1.945177995322837816e+01
-1.147973158767936763e-01,-9.418217758539184636e-01,-3.159008053089705226e-01,-1.810576200384862666e+00,9.701040479352526225e-01,-1.747354833980923616e-01,1.684210409101941919e-01,-3.261128960813435640e+01,-2.138216837627132105e-01,-2.871223665425723381e-01,9.337242816719878435e-01,-1.942811791173164337e+01
-6.938031451212617329e-02,-9.473678819298718690e-01,-3.125387467913504080e-01,-1.787331681420819773e+00,9.829776525903148876e-01,-1.183490570998601554e-01,1.405291257768636337e-01,-3.238926591055837889e+01,-1.701214462266112393e-01,-2.974686487199672547e-01,9.394525515226841428e-01,-1.950692369300783469e+01
-7.569801290760283519e-02,-9.556952621217346122e-01,-2.844580404908789162e-01,-1.790852972018851741e+00,9.889870646007624666e-01,-1.083453251538490508e-01,1.008259717021140062e-01,-3.217023409671756440e+01,-1.271786023441406899e-01,-2.736929967598307201e-01,9.533717777606031119e-01,-1.954612340127963321e+01
-6.589422543974467195e-02,-9.480803606872235667e-01,-3.111295240456638522e-01,-1.781847108879434316e+00,9.842273532861038898e-01,-1.130592375377404563e-01,1.360666228390236820e-01,-3.195384548761477106e+01,-1.641781596227959716e-01,-2.972561832604493359e-01,9.405765749880763416e-01,-1.957009844599022230e+01
-5.288044834249995899e-04,-9.651742945149802688e-01,-2.616071512274268374e-01,-1.771497873158059067e+00,9.913838109385904040e-01,-3.477340176485967799e-02,1.262891521017487639e-01,-3.173108639134041553e+01,-1.309880138588913334e-01,-2.592863122827949174e-01,9.568765586469816231e-01,-1.961148955348370748e+01
1.406783251278053704e-01,-9.642514042724430468e-01,-2.245636617929497869e-01,-1.772313102388606065e+00,9.808226414446054031e-01,1.048300792954692390e-01,1.643094656571383594e-01,-3.147630449454273105e+01,-1.348946065225136992e-01,-2.433719043635245716e-01,9.605069293334672631e-01,-1.962770987933321720e+01
3.074748818711072959e-02,-9.754730561256469423e-01,-2.179607963443775387e-01,-1.725832282916844207e+00,9.962828250051699586e-01,1.235463196372386073e-02,8.525195404658097997e-02,-3.119614343782267696e+01,-8.046815873314586143e-02,-2.197718813723281150e-01,9.722269259736449065e-01,-1.968132930061359431e+01
2.622109679139150717e-02,-9.716845213978816398e-01,-2.348225818758228334e-01,-1.725790748051859724e+00,9.936931057184092975e-01,-2.838005467097721936e-04,1.121335413912961237e-01,-3.091965226892028440e+01,-1.090250692765664942e-01,-2.362818451193842706e-01,9.655487682847603281e-01,-1.969346906339566772e+01
-3.468501952346088324e-02,-9.768436250673870891e-01,-2.111243273189159220e-01,-1.641196543332261726e+00,9.890445868916262206e-01,-6.388053599955222095e-02,1.330792330184691896e-01,-3.066027332189440813e+01,-1.434843355946253396e-01,-2.041955173004967317e-01,9.683575972508039476e-01,-1.965116599630973937e+01
4.382879987979508216e-03,-9.732420176261179501e-01,-2.297406483190461424e-01,-1.652101003388501521e+00,9.920044102384636409e-01,-2.474549564094951845e-02,1.237534262674107183e-01,-3.036628041136047074e+01,-1.261270804801668255e-01,-2.284461327589687452e-01,9.653519171768500939e-01,-1.968664988707812569e+01
4.115312351053047879e-02,-9.701079704225401557e-01,-2.391588303784503433e-01,-1.674615009310316704e+00,9.907564373469354146e-01,8.654972016116603203e-03,1.353764134367950733e-01,-3.014944671340700211e+01,-1.292598246979183851e-01,-2.425193130083902748e-01,9.614968957500593660e-01,-1.969214859717239108e+01
-2.838544160523873410e-03,-9.721822388210309418e-01,-2.342085335507191890e-01,-1.620396961133619307e+00,9.913130006745785039e-01,-3.353272345111216191e-02,1.271774003174942491e-01,-2.993922768489955644e+01,-1.314932597535459213e-01,-2.318129655107340481e-01,9.638320764845421662e-01,-1.975558292456746656e+01
-9.359788536573787621e-02,-9.590088981368835030e-01,-2.674721838796408346e-01,-1.557950248899906409e+00,9.834613425527322095e-01,-1.308973185014076501e-01,1.251785912747073737e-01,-2.968822285224857893e+01,-1.550587745322438982e-01,-2.513321016174079325e-01,9.553998906934908497e-01,-1.974622880430527161e+01
-7.903267570606561931e-02,-9.689476663131180167e-01,-2.342952328091716108e-01,-1.542188346919655562e+00,9.883774559124701709e-01,-1.067812410017815600e-01,1.082024547508704387e-01,-2.942848477699380538e+01,-1.298608517403704310e-01,-2.230205966194229172e-01,9.661252365344674686e-01,-1.979320791342772168e+01
-5.557545900437188026e-03,-9.778539849872143197e-01,-2.092144778168825714e-01,-1.532223649331703630e+00,9.907036983136731090e-01,-3.382223207224625827e-02,1.317658482508388407e-01,-2.917136071738464764e+01,-1.359238604188988120e-01,-2.065372621641851925e-01,9.689515279447910023e-01,-1.982869480557393160e+01
9.613604745985620051e-03,-9.765066890272405820e-01,-2.152725363088506538e-01,-1.518744078681896204e+00,9.938812369113164680e-01,-1.435849771194573805e-02,1.095167588047101931e-01,-2.893141846186081878e+01,-1.100348377534169503e-01,-2.150081854918864666e-01,9.703936390208173224e-01,-1.986502582932656935e+01
2.117456696304951830e-03,-9.697061162594747818e-01,-2.442653566638264828e-01,-1.520737040501138226e+00,9.976515557631714382e-01,-1.467419410574503057e-02,6.690322346996241398e-02,-2.874427065818365179e+01,-6.846086225329023334e-02,-2.438333777732530350e-01,9.673977435487538523e-01,-1.986923576845513040e+01
-2.943503736650276634e-02,-9.747008961065185551e-01,-2.215665626947880551e-01,-1.520437386961430049e+00,9.935788641434116775e-01,-5.275703296056102887e-02,1.000886417166659687e-01,-2.853821312850422842e+01,-1.092456832223648866e-01,-2.171977407855547881e-01,9.699951144696183913e-01,-1.987733610918615312e+01
7.556836682022585738e-02,-9.802560873207024628e-01,-1.827222624827972708e-01,-1.543688845164313150e+00,9.962015631685994244e-01,6.626791132379349081e-02,5.648902078476835537e-02,-2.834864994701296581e+01,-4.326508380396118514e-02,-1.862969865550442861e-01,9.815404043257436317e-01,-1.988048696860528963e+01
1.262422633466488697e-01,-9.717722580719817538e-01,-1.993027079264054202e-01,-1.505044721671129571e+00,9.912911615303243718e-01,1.159890752751429194e-01,6.235677580406811388e-02,-2.816239037570447579e+01,-3.747964803699117831e-02,-2.054390733490102372e-01,9.779519738333379841e-01,-1.986386849046135694e+01
1.399698397899568070e-01,-9.708441143599776391e-01,-1.946025425367450268e-01,-1.489381965276420194e+00,9.899980088694161351e-01,1.337098251435372420e-01,4.500694496049762600e-02,-2.796057581091679367e+01,-1.767445568514591434e-02,-1.989557445078594389e-01,9.798490829426517168e-01,-1.989487015274286463e+01
4.163631062002032812e-01,-8.803115009564250748e-01,-2.273618813239492720e-01,-1.304517992640822799e+00,9.059219953792652102e-01,4.228923308272197756e-01,2.161977834236464280e-02,-2.788581024486586557e+01,7.711745641143495644e-02,-2.149738072681621759e-01,9.735703159532237416e-01,-1.986905574834599264e+01
5.530442695092383509e-01,-8.073547217029427570e-01,-2.057192001417419702e-01,-1.138960352153488120e+00,8.292823874746796387e-01,5.572009375746399540e-01,4.263609961333972298e-02,-2.771515364330559095e+01,8.020447485825732414e-02,-1.941789600083073108e-01,9.776818366435993113e-01,-1.987246603819919599e+01
6.832191383505739068e-01,-6.918884118504261549e-01,-2.334567080608216105e-01,-1.003483130635266507e+00,7.151918185680098405e-01,6.985582573946297336e-01,2.273815470002157890e-02,-2.759129072418514284e+01,1.473508454162474890e-01,-1.825014700567501591e-01,9.721013022222737554e-01,-1.984093805701801472e+01
8.405937071984723730e-01,-5.083393443646661014e-01,-1.870650432048480971e-01,-8.287523608531097707e-01,5.234145000749391707e-01,8.511873157214658869e-01,3.895400706202054031e-02,-2.750309142066817358e+01,1.394255375805709130e-01,-1.306570492770611491e-01,9.815748850416755600e-01,-1.980811923988845535e+01
8.747483557969031320e-01,-4.423128568893058832e-01,-1.979258716313670174e-01,-6.722855315969840095e-01,4.516987709142512020e-01,8.921668495643285679e-01,2.555952467580483670e-03,-2.743961347985474930e+01,1.754523707026218182e-01,-9.163868816653081284e-02,9.802136585693678184e-01,-1.976415475059090454e+01
8.887432085694909611e-01,-4.166019692093371196e-01,-1.912545645795418747e-01,-4.990186411691612811e-01,4.262988013003670140e-01,9.045191668331630241e-01,1.069620686559546660e-02,-2.740983373499461706e+01,1.685373585632493065e-01,-9.103777283273406518e-02,9.814821866372186454e-01,-1.972220659584003144e+01
8.875417228330436670e-01,-4.034711863303196977e-01,-2.224425589489530952e-01,-3.197334103041643560e-01,4.064862426913653515e-01,9.130174021105873505e-01,-3.417832567419772094e-02,-2.735951518604270660e+01,2.168838968969570014e-01,-6.008514994938566472e-02,9.743465246114176859e-01,-1.964511857289697971e+01
9.319481177701508523e-01,-2.928165020512722427e-01,-2.138485490040364367e-01,-1.194529020846699374e-01,2.906649391623084555e-01,9.558953211699869890e-01,-4.216667057167282351e-02,-2.729039319371505101e+01,2.167639244118947373e-01,-2.286112621430116607e-02,9.759563361041139196e-01,-1.959383045325783357e+01
9.485285934526833662e-01,-2.424503806667442918e-01,-2.037432706059921494e-01,2.788513005252335475e-02,2.438438239905333094e-01,9.696355627401715971e-01,-1.862967984764795498e-02,-2.723825845159964842e+01,2.020734938193261276e-01,-3.201075419453926207e-02,9.788470844373730051e-01,-1.956946551399849454e+01
9.309351571508327483e-01,-2.502851460392909733e-01,-2.659268298849266077e-01,2.376815004421665434e-01,2.620169321011988073e-01,9.650214176831510837e-01,8.988364983603367581e-03,-2.721740436596002155e+01,2.543754321329623203e-01,-7.804491709838502767e-02,9.639513112404967110e-01,-1.952491928459984649e+01
9.252411186995871395e-01,-2.993489319467290688e-01,-2.330645601756961560e-01,4.290498322823770860e-01,3.116586558158350173e-01,9.500417880257059355e-01,1.701420759213016429e-02,-2.716315717476308933e+01,2.163278866041190573e-01,-8.837883200899511460e-02,9.723124125146810348e-01,-1.945247785085295433e+01
9.236979429642989681e-01,-2.720336148506772855e-01,-2.697773573797430657e-01,6.221261072250565682e-01,2.837390353073654947e-01,9.588905450119410423e-01,4.591571577339261488e-03,-2.710734409162367342e+01,2.574378954357137150e-01,-8.078759235165960950e-02,9.629117794043494660e-01,-1.937834154987627500e+01
9.406024154102307078e-01,-2.569261531217640337e-01,-2.219370360406149878e-01,8.200318688559715685e-01,2.567680033566545617e-01,9.660049337674213588e-01,-3.007757286149423739e-02,-2.706743730624132382e+01,2.221199868914953413e-01,-2.869529193184333984e-02,9.745969893470153300e-01,-1.933377597327264752e+01
9.423111825023289256e-01,-2.188864945325918465e-01,-2.532554793924460812e-01,1.021165256065838856e+00,2.127430850875318968e-01,9.757369174531000944e-01,-5.174792427298739034e-02,-2.705961123879638563e+01,2.584376425339445227e-01,-5.115704287550590541e-03,9.660143966272642935e-01,-1.924437601886032922e+01
9.214286630801002964e-01,-2.420733144398594661e-01,-3.039238873312219424e-01,1.183942056305013590e+00,2.424745356028996379e-01,9.694507052548111403e-01,-3.703281875727156003e-02,-2.700394317226088958e+01,3.036038840966599484e-01,-3.957070276166502892e-02,9.519762817656582943e-01,-1.919083738461159783e+01
9.185978305888400364e-01,-3.084716892978905944e-01,-2.470288293685246328e-01,1.408183910231462832e+00,3.020537111050899393e-01,9.511088530710685163e-01,-6.446320824688320239e-02,-2.692800995577680112e+01,2.548363813216637519e-01,-1.540021141232482405e-02,9.668615476082051963e-01,-1.911700675500285840e+01
9.215278790673876452e-01,-2.950317947861650913e-01,-2.524729850237794060e-01,1.586602916594480162e+00,2.833173604863539752e-01,9.554771598681339739e-01,-8.242978962347954908e-02,-2.694828740535827905e+01,2.655515794504117455e-01,4.431369492648613850e-03,9.640864699889786227e-01,-1.906259116513330909e+01
9.436178071781354815e-01,-2.234933546039938324e-01,-2.442051482343924051e-01,1.776329234433765114e+00,2.145906195106749292e-01,9.746811525517984354e-01,-6.282926768890317870e-02,-2.686855841542839229e+01,2.520640791432855465e-01,6.882681755896954273e-03,9.676860692897738536e-01,-1.898563633890209701e+01
9.382773656201477408e-01,-1.988571712861567364e-01,-2.830042589661586061e-01,1.948010235089642439e+00,1.887116279791853646e-01,9.800120806733095824e-01,-6.296223629936822941e-02,-2.681760101096645244e+01,2.898680848771759688e-01,5.669846773978247031e-03,9.570498138588170445e-01,-1.895393620484091457e+01
9.439036533939691997e-01,-2.046377976504424878e-01,-2.591703395110930286e-01,2.174249694625710383e+00,1.999516229699562775e-01,9.787895887227903158e-01,-4.461266052986442854e-02,-2.678635183010841203e+01,2.628026666173667869e-01,-9.711476749153097332e-03,9.648007284606238132e-01,-1.889655826552961670e+01
9.397346185631256787e-01,-2.424171319403503333e-01,-2.411074051451603806e-01,2.412459275736448472e+00,2.323558525032769495e-01,9.701251820865105513e-01,-6.977025791188969095e-02,-2.674744803578605712e+01,2.508178711365934843e-01,9.542810038524363048e-03,9.679872572999472791e-01,-1.885019850228493965e+01
9.556151737132287938e-01,-1.667431551054260608e-01,-2.428916630815564637e-01,2.597884441776257436e+00,1.524295376274170943e-01,9.853324450817305680e-01,-7.671511407768195900e-02,-2.670447798908458026e+01,2.521207564397031087e-01,3.628626316869868612e-02,9.670152177073132460e-01,-1.878658419310253791e+01
9.593873900955109946e-01,-1.785831829148856464e-01,-2.183663950925445740e-01,2.803170981045851828e+00,1.602649625832168190e-01,9.820918960471715087e-01,-9.904872279173045080e-02,-2.663095854081018743e+01,2.321443031692241310e-01,6.002961351251388800e-02,9.708272081104917239e-01,-1.873190023347168065e+01
9.331410459141277203e-01,-2.592520840578794172e-01,-2.490705629775124275e-01,3.084220078450872204e+00,2.451276327079118245e-01,9.656055306937927352e-01,-8.670872376280987226e-02,-2.657047256561867599e+01,2.629833304856099008e-01,1.985739170200360310e-02,9.645960044917706311e-01,-1.868171187803429234e+01
9.246340228826591678e-01,-3.051911481311096463e-01,-2.278382909658650812e-01,3.294855043165563213e+00,2.902155933721227155e-01,9.519897906088626849e-01,-9.741841684282225022e-02,-2.652969617943238134e+01,2.466309653946508751e-01,2.395415786269014871e-02,9.688133799806804003e-01,-1.861494797747065277e+01
9.170396144718266918e-01,-3.208335626526402917e-01,-2.368631895524898889e-01,3.536156629270014395e+00,3.164892897822310092e-01,9.468685599716188950e-01,-5.722289393601997370e-02,-2.645798684303138870e+01,2.426373321286380835e-01,-2.248900204297091948e-02,9.698563655741022638e-01,-1.855027732704608567e+01
9.101836680245456446e-01,-3.399269203146169094e-01,-2.366756838097326399e-01,3.728447780866674499e+00,3.362154166309290204e-01,9.400484799971072780e-01,-5.716685118860723863e-02,-2.636562147262802824e+01,2.419191684862423142e-01,-2.754167933423879583e-02,9.699054447823115543e-01,-1.849176710769971876e+01
8.877724624057499181e-01,-3.988805202436451203e-01,-2.296832287394774685e-01,3.890794681051942039e+00,3.931689684756412007e-01,9.166280495841013787e-01,-7.218850977439583705e-02,-2.623789347865121968e+01,2.393286803160706300e-01,-2.621734703983759004e-02,9.705845833786767018e-01,-1.841556019379420306e+01
8.281663232261826657e-01,-4.860882424253268330e-01,-2.790318290981931848e-01,4.071578430643922886e+00,4.865997187341188357e-01,8.706170876039932560e-01,-7.243342115224660205e-02,-2.616262195878559993e+01,2.781389127790330207e-01,-7.578988948269718695e-02,9.575461544230109423e-01,-1.837718987015546190e+01
7.347272455384973311e-01,-6.283738864459746942e-01,-2.555819506463528068e-01,4.210765114639595019e+00,6.376723056947769530e-01,7.682857558246000140e-01,-5.577658959573873060e-02,-2.603007536422174084e+01,2.314085245044353034e-01,-1.219969517234194972e-01,9.651771021718617005e-01,-1.832546225662976624e+01
6.069564730891007232e-01,-7.593406152884512039e-01,-2.345328756242862911e-01,4.328204562292676805e+00,7.641550186467405137e-01,6.386852207191014985e-01,-9.026791407800420497e-02,-2.588005724561075382e+01,2.183367748507797912e-01,-1.244307791840541660e-01,9.679080710167714541e-01,-1.831320620333240612e+01
4.288734069013174222e-01,-8.810542249491791766e-01,-1.995270747343804163e-01,4.451995520459638200e+00,8.855018362819153666e-01,4.537163924494415079e-01,-1.001395684233872679e-01,-2.564846984463977364e+01,1.787570943884862484e-01,-1.337343931898866689e-01,9.747620290532029719e-01,-1.823452315393640788e+01
1.826426387035300913e-01,-9.621401210396396397e-01,-2.023068313558396836e-01,4.494020077573884109e+00,9.742117532974525762e-01,2.048322305521530218e-01,-9.463200866585645687e-02,-2.537601988317776147e+01,1.324882117945466731e-01,-1.798058531106769553e-01,9.747393133154236278e-01,-1.817606878288188454e+01
-6.141199173485213658e-02,-9.488708444807130160e-01,-3.096331503014780884e-01,4.505100719235350937e+00,9.955565456184203299e-01,-3.604608978749590520e-02,-8.699335542069731864e-02,-2.507988543926959935e+01,7.138439428529610997e-02,-3.135997447471711164e-01,9.468682423373534496e-01,-1.816434842201574540e+01
-3.627831497849863251e-01,-8.782937169371154429e-01,-3.114298203783172903e-01,4.381245007482616138e+00,9.315706785150139613e-01,-3.503335207167905252e-01,-9.717250224861227748e-02,-2.480198199367954359e+01,-2.375830724531901791e-02,-3.253714355178778384e-01,9.452877719434813475e-01,-1.815144675859947299e+01
-4.750868141331470729e-01,-8.401586632288381429e-01,-2.615835232547126799e-01,4.263749606307134066e+00,8.795506049169470320e-01,-4.622396310663521302e-01,-1.128062802412936327e-01,-2.463096346063673892e+01,-2.613909767095135353e-02,-2.836687224090357895e-01,9.585660141585307104e-01,-1.815710301737739840e+01
-5.167473623245559811e-01,-8.135255589163108425e-01,-2.667364401811623265e-01,4.170929887405424807e+00,8.548653029060829800e-01,-5.072788304368156531e-01,-1.089656004340340406e-01,-2.448820698802903095e+01,-4.666344841423006318e-02,-2.843314143399580107e-01,9.575897709361406163e-01,-1.814612143953331724e+01
-5.436812823916894466e-01,-7.981113064467432183e-01,-2.596709565946899723e-01,4.010771446093066572e+00,8.357464440974969877e-01,-5.432290358751160619e-01,-8.018787789051012860e-02,-2.425574099442602716e+01,-7.706195141131491622e-02,-2.606157268931882376e-01,9.623621452138555465e-01,-1.817357900941675197e+01
-5.984315078043527247e-01,-7.591379984496448019e-01,-2.561039433059881798e-01,3.838891108330622970e+00,7.983377241563640592e-01,-5.918994101565427934e-01,-1.109593008502490485e-01,-2.404629325800115325e+01,-6.735435142474840986e-02,-2.708589809591043229e-01,9.602597584913916684e-01,-1.818854632576638508e+01
-6.416953713607691512e-01,-7.195508494728318771e-01,-2.654686900504301117e-01,3.684642000987773613e+00,7.565374053071937110e-01,-6.507168389234332384e-01,-6.495190461068557630e-02,-2.383050687543539681e+01,-1.260087486852626837e-01,-2.425163305107951861e-01,9.619291162504396420e-01,-1.821352452579263215e+01
-5.893387750028133976e-01,-7.581599851140979895e-01,-2.790577812030598515e-01,3.551391415252509454e+00,8.010914620025004762e-01,-5.931173744970403838e-01,-8.040055706545737313e-02,-2.367790667615226496e+01,-1.045575333722153638e-01,-2.709339717376334500e-01,9.569025578258153475e-01,-1.822333182034480004e+01
-5.548876047902566722e-01,-7.821051784597448098e-01,-2.835687498237128290e-01,3.430946239315868951e+00,8.246396684076392480e-01,-5.621014928220753326e-01,-6.333505392541508017e-02,-2.353287377172049588e+01,-1.098597439405035320e-01,-2.689858761973304979e-01,9.568581060260084037e-01,-1.821538535096386724e+01
-5.652436858833020938e-01,-7.851354375832807486e-01,-2.531045638070756887e-01,3.318102215076037975e+00,8.222997639882427823e-01,-5.607228059313379420e-01,-9.702078670764084645e-02,-2.332823653931731656e+01,-6.574704338555246996e-02,-2.629682101688298745e-01,9.625617106069922491e-01,-1.824326527517964891e+01
-5.829748962433914938e-01,-7.739769079539430274e-01,-2.471841748657493953e-01,3.187738441799753630e+00,8.111385350794744209e-01,-5.719582642805671746e-01,-1.221393500485704192e-01,-2.308957777742468309e+01,-4.684599512374082453e-02,-2.717047844172330584e-01,9.612398050776144176e-01,-1.823968263684053781e+01
-5.994889217634172818e-01,-7.621177435956797419e-01,-2.445190740608306212e-01,3.070973833360380212e+00,7.971155603109910670e-01,-5.960745976219169462e-01,-9.644613823252230767e-02,-2.286547099052519272e+01,-7.224829543340577365e-02,-2.527283501439838709e-01,9.648360300281422219e-01,-1.824310637212429498e+01
-5.788461202515274850e-01,-7.829210841499907314e-01,-2.279731235544191492e-01,2.968725806525859490e+00,8.146018201341402865e-01,-5.678439301466041700e-01,-1.182249788742062852e-01,-2.269095054358015418e+01,-3.689232581313484777e-02,-2.541413917272480893e-01,9.664631960437158886e-01,-1.824693406285826214e+01
-5.288788038808989178e-01,-8.113353724909231346e-01,-2.490424143605373675e-01,2.821848160722986609e+00,8.471206428386006682e-01,-5.225354372086711274e-01,-9.666091939279942979e-02,-2.254765377045066543e+01,-5.170906383051376842e-02,-2.620908815776671341e-01,9.636568593185087517e-01,-1.825474693508536461e+01
-5.733076536314256622e-01,-7.839006603648200899e-01,-2.383654525455174145e-01,2.723869802864725909e+00,8.186060983981801042e-01,-5.603307736431805131e-01,-1.261486415850226472e-01,-2.237281007828272905e+01,-3.467549499201173779e-02,-2.674493948171033919e-01,9.629477822078532645e-01,-1.826698082299914816e+01
-6.146166893663446151e-01,-7.410912044259442277e-01,-2.702409145093666587e-01,2.611747859882091127e+00,7.837088689505542494e-01,-6.126364814199481978e-01,-1.023569751488927759e-01,-2.213918328598342811e+01,-8.970358900623733034e-02,-2.747005066538646956e-01,9.573363556052330026e-01,-1.822200863534290605e+01
-6.155621079543058816e-01,-7.437315765521513855e-01,-2.606657501285963296e-01,2.440934569862327930e+00,7.835016786316724158e-01,-6.131679580879390024e-01,-1.007480756919022086e-01,-2.193488508349390642e+01,-8.490236058087774484e-02,-2.662487506327865239e-01,9.601578994906377895e-01,-1.824941286606487623e+01
-5.886753374183848475e-01,-7.645036103657053550e-01,-2.626700912802093502e-01,2.327799741949320822e+00,8.044123386854283853e-01,-5.861181341829779790e-01,-9.688303335727201093e-02,-2.179083061847152791e+01,-7.988827502201263642e-02,-2.683277147811368168e-01,9.600094275549271305e-01,-1.824896473891716298e+01
-5.844015942783160611e-01,-7.652915367779515865e-01,-2.698214971810152241e-01,2.217560293792478099e+00,8.061783849114909639e-01,-5.854504986211702677e-01,-8.558110402258892191e-02,-2.162577814819965738e+01,-9.247263544673452185e-02,-2.675379924426905531e-01,9.590996998713267052e-01,-1.827216577358056071e+01
-6.166943236123302308e-01,-7.352579275972429551e-01,-2.812185824758721142e-01,2.108711504888880039e+00,7.827143296499072811e-01,-6.108104100952256310e-01,-1.194525892561593972e-01,-2.144378223350722479e+01,-8.394277446587634917e-02,-2.937795480027680095e-01,9.521802286280991456e-01,-1.828671499734763373e+01
-6.276918631503624058e-01,-7.192392289708888775e-01,-2.978218535369575592e-01,1.948182284312625301e+00,7.676226130750203325e-01,-6.354849393921397915e-01,-8.315296568161610613e-02,-2.126773538432203736e+01,-1.294544276210991274e-01,-2.808092293980570808e-01,9.509930219797418927e-01,-1.832927898615135831e+01
-6.062205724684474051e-01,-7.368185120931177723e-01,-2.993244022008781924e-01,1.843662707969574432e+00,7.844935862096839019e-01,-6.158398432054783544e-01,-7.287729904794164326e-02,-2.110688240182269837e+01,-1.306385498690920688e-01,-2.789977916714340700e-01,9.513641792345151060e-01,-1.832953166543607892e+01
-5.432637056415978716e-01,-7.848917790678358042e-01,-2.980091295317778832e-01,1.683229155875650473e+00,8.321157549968926093e-01,-5.505536969948037207e-01,-6.688794369172543219e-02,-2.087074636183059084e+01,-1.115702308795352704e-01,-2.843158839690153039e-01,9.522166569139627335e-01,-1.832769070839405501e+01
-5.621997700588403646e-01,-7.748055062450035502e-01,-2.891502136229742725e-01,1.535469590280750474e+00,8.174059549535741542e-01,-5.737120636179880995e-01,-5.198050466883902959e-02,-2.061351155893581932e+01,-1.256141845184072792e-01,-2.655765342638810034e-01,9.558714249814981301e-01,-1.834549856858618000e+01
-5.861803575413284673e-01,-7.503025804247130948e-01,-3.056773237267331744e-01,1.375373355761325689e+00,7.960835624882363071e-01,-6.034882915166324135e-01,-4.530831643723361862e-02,-2.034118110703896676e+01,-1.504777391136661036e-01,-2.699035379730208573e-01,9.510565336618450605e-01,-1.836021225496796916e+01
-6.047501307940154058e-01,-7.310379419677383028e-01,-3.160076054594187500e-01,1.250805109892977995e+00,7.734011584801936401e-01,-6.337633212883465594e-01,-1.395351751568702815e-02,-2.013087886143863514e+01,-1.900734788604591108e-01,-2.528390396935147333e-01,9.486540426524004976e-01,-1.839445488863503542e+01
-5.914095923453284165e-01,-7.545310071871594859e-01,-2.844602841787654546e-01,1.099148093966818562e+00,7.947223469396565987e-01,-6.051397600719791159e-01,-4.714087456500893475e-02,-1.995102194019524688e+01,-1.365689765527245692e-01,-2.539465100629643146e-01,9.575281116866390940e-01,-1.843057986366693868e+01
-5.442133185109041538e-01,-7.897104091266846648e-01,-2.831772124877183772e-01,9.143775206374988862e-01,8.171962501186242900e-01,-5.753544759591657787e-01,3.402228366548751270e-02,-1.967144119274927050e+01,-1.897950282473438444e-01,-2.128959762670941114e-01,9.584639536998089682e-01,-1.850964716666489096e+01
-5.478334407410575535e-01,-7.814179748390467362e-01,-2.987716014019036748e-01,7.497393675632793020e-01,8.219946306150078819e-01,-5.691934933190483381e-01,-1.853629961339832086e-02,-1.945547135653922410e+01,-1.555742538015634502e-01,-2.557434569284272596e-01,9.541446094761438790e-01,-1.858590758603476090e+01
-5.992771183566728554e-01,-7.384411301867191968e-01,-3.091466200085070115e-01,5.748918577195001323e-01,7.829359732276917061e-01,-6.211754781914912149e-01,-3.394535490434363867e-02,-1.917766286386624586e+01,-1.669676532749139464e-01,-2.623846842750813813e-01,9.504083754985184207e-01,-1.863511267691743001e+01
-6.208419989211361179e-01,-7.306218565750578486e-01,-2.841600166638948433e-01,4.474243908075717924e-01,7.618354530488075094e-01,-6.477697604383733099e-01,1.039201391952577829e-03,-1.897862782380529367e+01,-1.848295291708782484e-01,-2.158379951640336247e-01,9.587763060224427925e-01,-1.866601775122169116e+01
-5.847551989760833013e-01,-7.648199568837955598e-01,-2.703919207792859769e-01,2.992179766472905511e-01,7.961509960768076155e-01,-6.050073674099346599e-01,-1.047267041446262557e-02,-1.872343245916575682e+01,-1.555793968247430881e-01,-2.213967455315698496e-01,9.626933740042450394e-01,-1.871725440471371016e+01
-5.439006738105118810e-01,-7.863574302727867060e-01,-2.929403503842579748e-01,1.125466553741365505e-01,8.164716890878580546e-01,-5.765177384691403395e-01,3.164297944964085396e-02,-1.849979424651047566e+01,-1.937680003160832387e-01,-2.219668648361922680e-01,9.556069657386851990e-01,-1.876585750652618856e+01
-5.803903392174903919e-01,-7.667054895067144660e-01,-2.744262132218370231e-01,-4.756326908035060641e-02,8.004134962019466837e-01,-5.991510313131578336e-01,-1.887529533962507486e-02,-1.822249647046025700e+01,-1.499509561182763573e-01,-2.306094838393467628e-01,9.614228917196446789e-01,-1.880196024207887717e+01
-5.787544648736059338e-01,-7.618274170856034200e-01,-2.909677919728325124e-01,-2.156577502464424034e-01,7.982240967434335310e-01,-6.022629781543186178e-01,-1.084419304618194566e-02,-1.797519718519511400e+01,-1.669777253617930890e-01,-2.385336280723745761e-01,9.566713895124231426e-01,-1.883211056569513531e+01
-5.975587490121527789e-01,-7.581437913984823140e-01,-2.610393323676858390e-01,-3.189259672599549789e-01,7.814837463175430265e-01,-6.235368944739423380e-01,2.202034221560432783e-02,-1.779833143929127459e+01,-1.794622403753275419e-01,-1.908395472477534549e-01,9.650769769742408855e-01,-1.886182696869510877e+01
-6.023596139295406271e-01,-7.600763965383967591e-01,-2.438170767847529230e-01,-4.438867564319793346e-01,7.836787845978567812e-01,-6.211662112432553284e-01,3.171449640279170082e-04,-1.758974809794336380e+01,-1.516919842242286931e-01,-1.908832350807860290e-01,9.698211858312895117e-01,-1.889199667662787263e+01
-5.822486293015448622e-01,-7.730229058491908667e-01,-2.518374886885321184e-01,-5.832508151113892092e-01,7.961742212809861385e-01,-6.048590834910144709e-01,1.587760958166787445e-02,-1.742438284108052926e+01,-1.645999484935833090e-01,-1.912618000304401045e-01,9.676392823800739063e-01,-1.893108673834776212e+01
-6.038003487381036205e-01,-7.588663845322459744e-01,-2.440224360396053560e-01,-7.183742343528640717e-01,7.883192745290150683e-01,-6.138585624869316026e-01,-4.159791662484783187e-02,-1.727371204839621299e+01,-1.182280012086585758e-01,-2.174844263124064148e-01,9.688770118243944518e-01,-1.897214666946376482e+01
-6.592469638101433604e-01,-7.030279742460419090e-01,-2.667304034687753567e-01,-8.257731155985030824e-01,7.363146126520129231e-01,-6.754874369260633893e-01,-3.946534872741415401e-02,-1.708874167322743176e+01,-1.524277924206295098e-01,-2.224149050368827985e-01,9.629628124259040911e-01,-1.897914532614784022e+01
-6.608872056944578022e-01,-7.047789225700535898e-01,-2.579045785758122822e-01,-9.819808401746827897e-01,7.363820795353364090e-01,-6.752830450490532321e-01,-4.164423139516981037e-02,-1.692392316578975908e+01,-1.448086126188208311e-01,-2.174384496133884848e-01,9.652724933101207716e-01,-1.903462549736729770e+01
-6.489399720332630350e-01,-7.235220394209593842e-01,-2.353566892391312504e-01,-1.116603978969294308e+00,7.516923165781197458e-01,-6.575147755541300709e-01,-5.131258252538452302e-02,-1.676081067961153437e+01,-1.176247163435073656e-01,-2.102146008252968046e-01,9.705535779672184171e-01,-1.906428571287600349e+01
-6.412572988125190276e-01,-7.279465122937308630e-01,-2.426580968339324962e-01,-1.233698257689009870e+00,7.423006826021603111e-01,-6.686122497509412455e-01,4.412885780704648570e-02,-1.662354977121028909e+01,-1.943676241765619483e-01,-1.518273187617410480e-01,9.691076782017458147e-01,-1.910527376346018968e+01
-6.465539993524196394e-01,-7.240397730155637701e-01,-2.402796974631096205e-01,-1.347149205791720039e+00,7.398480225828820700e-01,-6.719195562368494024e-01,3.389710056446344766e-02,-1.643378354868712776e+01,-1.859914766907160011e-01,-1.558541530984900170e-01,9.701116706649592913e-01,-1.915114543072475328e+01
-6.696050893604754695e-01,-7.012037398898013363e-01,-2.448312469173546668e-01,-1.483439428557048245e+00,7.158562094647593632e-01,-6.971655423274873975e-01,3.885992745708082702e-02,-1.622655371956366466e+01,-1.979366355006030587e-01,-1.492431631793481039e-01,9.687866465692654971e-01,-1.913061630515369771e+01
-6.671698260536400582e-01,-6.999500126465398875e-01,-2.548615369169419109e-01,-1.598213251415986358e+00,7.128018566631590947e-01,-6.992481678336228690e-01,5.445652319858043655e-02,-1.605496729862232996e+01,-2.163283068419648292e-01,-1.453340275965397943e-01,9.654429470877375907e-01,-1.916445658859379364e+01
-6.465712238807387324e-01,-7.280891061425460720e-01,-2.276662161277193397e-01,-1.775262058336486870e+00,7.418281316267980596e-01,-6.696817934948725570e-01,3.489009298622920696e-02,-1.591871206116472237e+01,-1.778670165501753941e-01,-1.463302736211500865e-01,9.731139580981756909e-01,-1.920377741055951049e+01
-5.966712938122150645e-01,-7.609130485708082148e-01,-2.549405806362291527e-01,-1.929502930987057718e+00,7.744842271929014421e-01,-6.292086087211546941e-01,6.535065830277562993e-02,-1.575254028805682260e+01,-2.101369766839582820e-01,-1.584545967331625338e-01,9.647458690267896042e-01,-1.924380260697569867e+01
-6.195920873478557578e-01,-7.504426035396998262e-01,-2.300902955113177661e-01,-2.028930480073502185e+00,7.588590244210898783e-01,-6.476170311813603808e-01,6.873981363457053184e-02,-1.553746953421570254e+01,-2.005956787934413676e-01,-1.320154525667329437e-01,9.707385301578371761e-01,-1.931353760347893811e+01
-6.503825110339001014e-01,-7.190950547372524371e-01,-2.447547580613460838e-01,-2.170459464441626629e+00,7.365865438328611514e-01,-6.757601383819925589e-01,2.808022112294202011e-02,-1.529999330701749116e+01,-1.855878573226215633e-01,-1.620201766027290213e-01,9.691783167137085764e-01,-1.939177080595848324e+01
-6.549315453121771213e-01,-7.193497484852136026e-01,-2.315180561193118103e-01,-2.382749340171526065e+00,7.368231706955572502e-01,-6.759025159242670888e-01,1.572908431517415148e-02,-1.504981166393003633e+01,-1.677983494589608826e-01,-1.602863946862209954e-01,9.727034417525930454e-01,-1.944512896818795511e+01
-6.390349937315136231e-01,-7.246777098460509547e-01,-2.578303582568356456e-01,-2.592622557129339533e+00,7.483653910651222319e-01,-6.632218952919077815e-01,9.271410969124158422e-03,-1.483270256721853642e+01,-1.777175237350356873e-01,-1.870265608348010700e-01,9.661457174255817515e-01,-1.944694410855532851e+01
-6.204854189149308086e-01,-7.428915748053419588e-01,-2.512169440885767546e-01,-2.768689942337855925e+00,7.576045131368850383e-01,-6.505852760666891443e-01,5.267067722989129258e-02,-1.458289233929245121e+01,-2.025666472758735348e-01,-1.576417033924403521e-01,9.664966874040181732e-01,-1.949527616881643866e+01
-6.326852332641925702e-01,-7.322041494616053914e-01,-2.521635959464458288e-01,-2.957854596876072772e+00,7.520926162310314078e-01,-6.585728388376632658e-01,2.526880598812890344e-02,-1.424407021112702587e+01,-1.845700198304116024e-01,-1.736631781826804555e-01,9.673546445452622100e-01,-1.956878607635935907e+01
-6.510144364345888945e-01,-7.038152607445610220e-01,-2.842961172735593012e-01,-3.141161638154351010e+00,7.264654610653397127e-01,-6.862876588202285744e-01,3.545677974908281738e-02,-1.396748585218382921e+01,-2.200639394196143572e-01,-1.834484344280879475e-01,9.580806513404820368e-01,-1.960368057102624562e+01
-6.530276038625651980e-01,-7.142792992635571547e-01,-2.517141856095510555e-01,-3.331035030682295783e+00,7.303619256794570136e-01,-6.818794457991083080e-01,4.014821184683372429e-02,-1.378547785494388123e+01,-2.003157660078548619e-01,-1.576245667409238715e-01,9.669685050964280659e-01,-1.970366705665768947e+01
-6.027305172799971578e-01,-7.566093371967960168e-01,-2.534920795725444931e-01,-3.492117059627877662e+00,7.671349999072625270e-01,-6.368650309093062400e-01,7.685586719421454160e-02,-1.352494593128448130e+01,-2.195901078297314846e-01,-1.481392698494043980e-01,9.642794933378032729e-01,-1.972967201962422479e+01
-5.989956839605636851e-01,-7.599442240172370466e-01,-2.523666915015866929e-01,-3.586128317620026262e+00,7.741236126329383849e-01,-6.301650940281302571e-01,6.020453996708274857e-02,-1.334121321120310988e+01,-2.047847722872639664e-01,-1.593007553383171127e-01,9.657569396012090079e-01,-1.978232822864757168e+01
-6.313587543296941273e-01,-7.317493731543233126e-01,-2.567663884146688669e-01,-3.752653663109431381e+00,7.578938985822143426e-01,-6.523628088900320643e-01,-4.427648242773141174e-03,-1.308356027109871000e+01,-1.642649135485444445e-01,-1.973971136196361054e-01,9.664633555968501488e-01,-1.982275747000680255e+01
-6.399879167719353390e-01,-7.253247658726185154e-01,-2.536127962026957783e-01,-3.919747916257403819e+00,7.455291489789689363e-01,-6.660561500817741010e-01,2.356889816986746169e-02,-1.288393269507968775e+01,-1.860154681971749879e-01,-1.739919220828294588e-01,9.670186433783508617e-01,-1.984956001819322324e+01
-6.591155662483831890e-01,-7.135127206505310626e-01,-2.376263196679844758e-01,-4.112179071224456806e+00,7.290465875325862211e-01,-6.837650116932504352e-01,3.092704304039204169e-02,-1.274442461843234220e+01,-1.845474018678288641e-01,-1.528561619759158385e-01,9.708641770143877636e-01,-1.987715456091641997e+01
-6.369478202220205665e-01,-7.207756161427013586e-01,-2.734592940247715376e-01,-4.310265379135945096e+00,7.269146449808018273e-01,-6.796591314542252960e-01,9.827799317917051969e-02,-1.254055436404598645e+01,-2.566954873519456948e-01,-1.361836121014506906e-01,9.568497533929486432e-01,-1.992864654959653947e+01
-6.315826965019905037e-01,-7.329580717221577668e-01,-2.527365477658737314e-01,-4.421858506935969935e+00,7.595431247961024201e-01,-6.503458672307889099e-01,-1.202058862151816551e-02,-1.233321022951572488e+01,-1.555555818807188295e-01,-1.995563030153909290e-01,9.674604606249179728e-01,-1.998164890049024578e+01
-6.522225665712287901e-01,-7.121480455692030809e-01,-2.597130817791130086e-01,-4.578644295789130680e+00,7.329029490756848730e-01,-6.799162393745448174e-01,2.381542926220310205e-02,-1.211388311755464819e+01,-1.935432532830968499e-01,-1.748115231520570856e-01,9.653921174744752864e-01,-2.000187503720297499e+01
-6.451639790515322215e-01,-7.247930387050982581e-01,-2.417405451698680097e-01,-4.757617473444154754e+00,7.314307652186132769e-01,-6.773493279292527314e-01,7.878403166572328642e-02,-1.183593386699795680e+01,-2.208449135164986254e-01,-1.259878525827817508e-01,9.671373145399094762e-01,-2.003935106357021212e+01
-5.938314293943047772e-01,-7.728250806032527231e-01,-2.238428650953466492e-01,-4.879788998932475863e+00,7.804768235020234091e-01,-6.208927487864301931e-01,7.313085860718732123e-02,-1.159550063494450178e+01,-1.954997735029636308e-01,-1.312767660136696102e-01,9.718776925443244341e-01,-2.004285725748887614e+01
-5.877353806430528627e-01,-7.841323919888030236e-01,-1.992574068241496354e-01,-4.991324638528894297e+00,7.972048883121666263e-01,-6.032845106693179860e-01,2.263106797456879496e-02,-1.140613278765052740e+01,-1.379546606373034112e-01,-1.455478994022264827e-01,9.796858274916729892e-01,-2.013492966748081159e+01
-6.437695662900894122e-01,-7.393586731820496194e-01,-1.972549059190930598e-01,-5.122801620311933313e+00,7.573293779627217059e-01,-6.525214184733438838e-01,-2.584592246630671233e-02,-1.122309970552977276e+01,-1.096036440692972902e-01,-1.660257534963037740e-01,9.800114746178810732e-01,-2.015908347788180421e+01
-6.362827810632247783e-01,-7.420966560940572831e-01,-2.108003214809395232e-01,-5.281859504592058663e+00,7.615662895597401505e-01,-6.478341578921084087e-01,-1.810222291418068716e-02,-1.103849656792261946e+01,-1.231300496575067904e-01,-1.720565514075011182e-01,9.773615165275826300e-01,-2.021019284520096804e+01
-6.144737806803999280e-01,-7.508245872321324121e-01,-2.422486575071869652e-01,-5.407576045027953526e+00,7.740802703743694391e-01,-6.330861235768977524e-01,-1.301979846968294528e-03,-1.083618283277819039e+01,-1.523867050417472557e-01,-1.883199387799278923e-01,9.702133233389665934e-01,-2.024132104810477273e+01
-6.067902037192111075e-01,-7.487425594729953948e-01,-2.668149701651441053e-01,-5.585386809380010753e+00,7.720956038209170202e-01,-6.349749938367890145e-01,2.598337473049092822e-02,-1.064139524918334700e+01,-1.888756925356283034e-01,-1.902402082520900095e-01,9.633974444295492212e-01,-2.026464762826697097e+01
-6.160457407108438366e-01,-7.542672322048030731e-01,-2.270871809991350521e-01,-5.719780517720332469e+00,7.720850631575506551e-01,-6.353252406839031696e-01,1.570012098498870662e-02,-1.044111459225745975e+01,-1.561163047251317715e-01,-1.656586278225404552e-01,9.737478721039245499e-01,-2.033484489888504854e+01
-6.401253657748446901e-01,-7.274708691419290441e-01,-2.470337034526022546e-01,-5.845802990805951005e+00,7.495549811062824919e-01,-6.619059733792745925e-01,6.914673065117567241e-03,-1.019591210744412280e+01,-1.685433071657943260e-01,-1.807390852990087560e-01,9.689822168930101176e-01,-2.036293785491896813e+01
-6.337958315198763959e-01,-7.394059657977509747e-01,-2.271159652924560624e-01,-5.933001069470539512e+00,7.549855598126981038e-01,-6.552154897593429617e-01,2.625769322947460460e-02,-9.969357038637557622e+00,-1.682249934532224767e-01,-1.548272576845579618e-01,9.735136731733873283e-01,-2.035753922558146911e+01
-5.098582150890947906e-01,-8.351005058410705395e-01,-2.065229906091601009e-01,-6.056165731578756706e+00,8.460689324757181273e-01,-5.302072615099937547e-01,5.520526552308062385e-02,-9.821412535139005584e+00,-1.556019344531512916e-01,-1.465858280532677527e-01,9.768831214676468866e-01,-2.037090850490588423e+01
-3.459309166837021832e-01,-9.240609521833769158e-01,-1.626135219848732494e-01,-6.082851505233884737e+00,9.302447247001480735e-01,-3.603909676477886626e-01,6.901523458945908740e-02,-9.643564220952088206e+00,-1.223787279306371989e-01,-1.273958676246678690e-01,9.842732038729061772e-01,-2.035310278761757274e+01
-2.777547173461404340e-01,-9.484380907432190533e-01,-1.527007040564102580e-01,-6.069221323144106783e+00,9.570028196415253374e-01,-2.870234224116942068e-01,4.198997719992293015e-02,-9.283467212303454730e+00,-8.365357248879146113e-02,-1.344720900946954623e-01,9.873800366603655565e-01,-2.038620848267355967e+01
-1.238007467440753601e-01,-9.821561214766155734e-01,-1.415723424670978781e-01,-6.054520929135224883e+00,9.883973701391732813e-01,-1.347038102333745213e-01,7.018206473579233218e-02,-9.041990887616918826e+00,-8.800007845210784663e-02,-1.312411389565898978e-01,9.874369598297393358e-01,-2.035734592735028059e+01
9.863804584607804848e-02,-9.853007349463819287e-01,-1.394740034048893296e-01,-6.012117805503892853e+00,9.951150001609080364e-01,9.708849647240988534e-02,1.788743434606150304e-02,-8.889562779796037262e+00,-4.083180919910210128e-03,-1.405570544897943586e-01,9.900641605808820911e-01,-2.032181581918056779e+01
3.789375276231959910e-01,-9.190882200525308798e-01,-1.080888242118051151e-01,-5.858407952074109026e+00,9.242055137322261471e-01,3.818365358438819968e-01,-6.710311594663250119e-03,-8.715297661569412213e+00,4.743963054001165691e-02,-9.735349842412038823e-02,9.941185934277712022e-01,-2.028849404891033714e+01
5.298997252215273956e-01,-8.432313828392840049e-01,-9.037209859851128013e-02,-5.695050257892644296e+00,8.479430782787009679e-01,5.285813758880595348e-01,3.992824894142574937e-02,-8.507295663292506305e+00,1.410025564986364804e-02,-9.778836361876575012e-02,9.951073403062460354e-01,-2.028940826918493556e+01
5.347850975861799805e-01,-8.392346255464648852e-01,-9.843852235596278755e-02,-5.608716411601711194e+00,8.431680882716338088e-01,5.376417615664009775e-01,-2.985153285405215458e-03,-8.339169245549486575e+00,5.542990456512992409e-02,-8.140380521611607911e-02,9.951386567590647658e-01,-2.029493362895981079e+01
4.877929919412927751e-01,-8.725875820051568477e-01,-2.547368727444422956e-02,-5.478668507009069266e+00,8.729200735226804175e-01,4.872865894873527615e-01,2.371339172164121586e-02,-8.141539535067282785e+00,-8.279024949895855828e-03,-3.380371926547660194e-02,9.993941996578218356e-01,-2.026840473536686105e+01
5.329173435069469722e-01,-8.405030204939060168e-01,-9.774342704304804508e-02,-5.336236500158041629e+00,8.438633975389501218e-01,5.364270156705471804e-01,-1.185846334108723969e-02,-7.921643789548161507e+00,6.239928912671489220e-02,-7.616251964983988820e-02,9.951409946922429306e-01,-2.026810577409188951e+01
5.732252310312093702e-01,-8.166143209396961034e-01,-6.748248176686993949e-02,-5.173984050002975899e+00,8.185986975039244440e-01,5.743572056061753139e-01,3.157976115378875129e-03,-7.655869056965515895e+00,3.618020113398592169e-02,-5.705130326702075733e-02,9.977154613623249180e-01,-2.022111994784979316e+01
5.771967375971851499e-01,-8.089449128704886416e-01,-1.115887720522277249e-01,-5.053346570252810643e+00,8.139043283018418951e-01,5.809958507886131551e-01,-1.888316166430280057e-03,-7.492056523618266795e+00,6.636015731366622095e-02,-8.973265463237969919e-02,9.937526755757337682e-01,-2.022906766389348476e+01
5.184433761138312891e-01,-8.443612618985731899e-01,-1.351685065713972289e-01,-4.899679050250710155e+00,8.525269698291769727e-01,5.226594836202784755e-01,4.982960532323037900e-03,-7.315585097380554735e+00,6.643968300326830168e-02,-1.178181802050675270e-01,9.908100952935379180e-01,-2.016265071125057773e+01
4.905261091337597690e-01,-8.635090672088843178e-01,-1.172016514650602997e-01,-4.740794256198604728e+00,8.704071648552403895e-01,4.920041078861144834e-01,1.798124555897296847e-02,-7.109992330982655595e+00,4.213672539196439831e-02,-1.108334275894764243e-01,9.929453397352789867e-01,-2.013683198310978284e+01
4.992881697604716340e-01,-8.599767730741264549e-01,-1.055995895363767284e-01,-4.590766860214672285e+00,8.658870728095088287e-01,4.995897288950602588e-01,2.548881958706273806e-02,-6.857064453991974062e+00,3.083667748995802885e-02,-1.041635855545178374e-01,9.940820120924657166e-01,-2.010428438425827125e+01
5.273339553508110678e-01,-8.469289904267141011e-01,-6.804546060433243337e-02,-4.432344464185568711e+00,8.495972244437487442e-01,5.265611958537168569e-01,3.029625783134286959e-02,-6.645683651276732107e+00,1.017132004942838952e-02,-7.378747993996687127e-02,9.972221177112746693e-01,-2.010873049504690258e+01
4.940086228732327722e-01,-8.637584550246645287e-01,-9.938215081339649148e-02,-4.257669479607447016e+00,8.681211977394759360e-01,4.963504916525300348e-01,1.332468262504465711e-03,-6.402717177829150508e+00,4.817744868992569762e-02,-8.693400260943269509e-02,9.950484473773278937e-01,-2.007763572426010867e+01
4.774804538251836705e-01,-8.710709157199475472e-01,-1.150994179034305620e-01,-4.095420531558993993e+00,8.784443727250906830e-01,4.760400696383536023e-01,4.148898801289982452e-02,-6.212847819117955694e+00,1.865208413339322982e-02,-1.209186167863486872e-01,9.924871726485713364e-01,-2.001300844338465978e+01
4.713388203260304721e-01,-8.706952570371705447e-01,-1.404616881097520420e-01,-3.949686656124492323e+00,8.795672674805390390e-01,4.757689427314329422e-01,2.309785495147427797e-03,-5.974475137565039340e+00,6.481618957085159838e-02,-1.246341947668868078e-01,9.900834202552445396e-01,-2.000079301847359048e+01
5.151300623987057348e-01,-8.535320391111670402e-01,-7.825648231193722826e-02,-3.792815738387428581e+00,8.563597605554174041e-01,5.163526849402327867e-01,5.278755201949350030e-03,-5.734373208864234961e+00,3.590235806425885745e-02,-6.973494795112707145e-02,9.969192834526159341e-01,-1.997912390184715647e+01
5.406508307478118391e-01,-8.372791505797808620e-01,-8.161068077219707506e-02,-3.646246391561118294e+00,8.398235220401798484e-01,5.428314847458424186e-01,-5.516429701648413626e-03,-5.569257798099636503e+00,4.891963858952069061e-02,-6.555610706124476161e-02,9.966490183546278248e-01,-1.996231125387499716e+01
5.025975530664237301e-01,-8.560520666548098179e-01,-1.207085698186839556e-01,-3.513835171946907643e+00,8.587702931216565361e-01,5.104412825266854137e-01,-4.430892397991570419e-02,-5.358911961119509293e+00,9.954538313446933961e-02,-8.139137711417489263e-02,9.916986237905485169e-01,-1.991858551137896782e+01
5.070517342160996144e-01,-8.407896509520418338e-01,-1.896610178196595498e-01,-3.350691757881824717e+00,8.552223186328309357e-01,5.181523804581269488e-01,-1.062526883718024028e-02,-5.089150095200436041e+00,1.072069239402528434e-01,-1.568147744235868501e-01,9.817921378691857326e-01,-1.988132658639783301e+01
4.495442486679073202e-01,-8.720786037484711262e-01,-1.933620370541319078e-01,-3.279262235420925542e+00,8.882081099364170784e-01,4.593894797904556904e-01,-6.903571614289660645e-03,-4.798986583036793263e+00,9.484894270778844449e-02,-1.686422685508344732e-01,9.811031868897586161e-01,-1.983485657408591507e+01
4.878114441793733880e-01,-8.583442949983840498e-01,-1.590127861882837945e-01,-3.126604429478900382e+00,8.706300121561018068e-01,4.916446340648484292e-01,1.699810955102984758e-02,-4.535393811880879866e+00,6.358755271828746281e-02,-1.467331763404877143e-01,9.871301829547751705e-01,-1.978048613695785463e+01
4.830717983555837258e-01,-8.463815532403362596e-01,-2.242318085552932605e-01,-2.907345234809926904e+00,8.647048933720248298e-01,5.014008196380238536e-01,-2.970968604335182117e-02,-4.281944661185028700e+00,1.375757428181959285e-01,-1.795424306418788030e-01,9.740828663862357573e-01,-1.975270683925892712e+01
3.952110130863665804e-01,-8.967529549024092494e-01,-1.991039753722785854e-01,-2.769474049058978871e+00,9.148339314355516949e-01,4.038199575741786007e-01,-2.884399237675181783e-03,-4.053949440792949055e+00,8.298875242718802003e-02,-1.810071262094012368e-01,9.799741257972018893e-01,-1.970843290655513158e+01
4.231891895459515274e-01,-8.863773917909174571e-01,-1.877392584766721662e-01,-2.627392647283798510e+00,8.972614209739053770e-01,4.387693194486951831e-01,-4.902475642385564075e-02,-3.845174678469693852e+00,1.258286624077749327e-01,-1.477044468946665801e-01,9.809946707725828441e-01,-1.962791842256887875e+01
5.185044527273826587e-01,-8.364087193110257834e-01,-1.776895797799261101e-01,-2.515106340601793278e+00,8.488027373468112202e-01,5.285888463688281913e-01,-1.130241421257533428e-02,-3.588484304185358464e+00,1.033781677842965097e-01,-1.449630496194158069e-01,9.840216809962054612e-01,-1.957324796795568744e+01
5.570005999815546005e-01,-8.090025905416207141e-01,-1.877901491482835694e-01,-2.315185959833031770e+00,8.256616366206126489e-01,5.638079644572139282e-01,2.008584147069037221e-02,-3.332116245598279569e+00,8.962808395341417822e-02,-1.662389476373090924e-01,9.820037774139553921e-01,-1.952073809010882144e+01
5.061887476100404015e-01,-8.278879853352435481e-01,-2.416080204184660740e-01,-2.157554399028904335e+00,8.544916413189114213e-01,5.193566546307003540e-01,1.061603536738166091e-02,-3.122725552252160419e+00,1.166918450839318083e-01,-2.118257515703863558e-01,9.703158579877719792e-01,-1.951941615058479584e+01
4.600698170166064860e-01,-8.593880047177664405e-01,-2.231322944298337052e-01,-2.055004290813332801e+00,8.847169128275423899e-01,4.649202078012702466e-01,3.354377043398065750e-02,-2.910657833585452270e+00,7.491159874952377229e-02,-2.128413910056967118e-01,9.742108573853752729e-01,-1.948206821882894602e+01
4.453566508481602293e-01,-8.746586289038587037e-01,-1.913889663207664349e-01,-1.971145317952828657e+00,8.911912822313169391e-01,4.536272082695383956e-01,6.740864093561526639e-04,-2.655132629778835351e+00,8.622964699111250464e-02,-1.708643871659828450e-01,9.815140392160363048e-01,-1.944202848497961966e+01
5.544163506692710852e-01,-8.161265321224149272e-01,-1.629723708988988495e-01,-1.862858863866870385e+00,8.282094695327618661e-01,5.602974795796513696e-01,1.165370983646488168e-02,-2.497158454584280651e+00,8.180210686057887148e-02,-1.414362681299644597e-01,9.865618061584570109e-01,-1.936942942018204761e+01
5.454244123298181979e-01,-8.133993921668257743e-01,-2.022217576259053295e-01,-1.752763726537711397e+00,8.286043867329515589e-01,5.596050819498561424e-01,-1.602880353629479102e-02,-2.325248164662109929e+00,1.262021423018729882e-01,-1.588193347125386179e-01,9.792085774746267512e-01,-1.935721826708718041e+01
5.063463792573654754e-01,-8.229397596673242443e-01,-2.576499489067337056e-01,-1.615135298606676262e+00,8.510357480461011592e-01,5.250872283798188045e-01,-4.643074414019425153e-03,-2.134539940764924371e+00,1.391096681060300100e-01,-2.169183130837200046e-01,9.662271708497650602e-01,-1.934794999579247587e+01
4.752839714872399424e-01,-8.547302693427183407e-01,-2.086655532584152928e-01,-1.493919710073092100e+00,8.754968259310408341e-01,4.829641395926005387e-01,1.584132735136643474e-02,-1.892167465696416695e+00,8.723791739828561098e-02,-1.902151585360734865e-01,9.778587521882207145e-01,-1.931285648079009931e+01
5.090245871443100922e-01,-8.388968890183414739e-01,-1.927329221433456419e-01,-1.387620640591032517e+00,8.527128359019839898e-01,5.219977773279275146e-01,-1.997848724756005889e-02,-1.687856948406157631e+00,1.173660477760143511e-01,-1.541762953895708943e-01,9.810478483587758980e-01,-1.928075352963253053e+01
5.375424567968304368e-01,-8.263586871532713207e-01,-1.678672907601398423e-01,-1.282167346020761434e+00,8.366553146130722984e-01,5.474953345263900983e-01,-1.602320821616166902e-02,-1.492979147348722613e+00,1.051474758162531387e-01,-1.318339062538856632e-01,9.856793745895821024e-01,-1.926882372734182525e+01
5.093708480250149773e-01,-8.391746200378644716e-01,-1.905972094931680516e-01,-1.143596203297319924e+00,8.524702533036988550e-01,5.223320397598157916e-01,-2.153386803802493851e-02,-1.336385329473343875e+00,1.176257047358511970e-01,-1.515097268318310320e-01,9.814321149528050237e-01,-1.924502206546620542e+01
4.711287425431158749e-01,-8.562101321715874791e-01,-2.119950884253101742e-01,-1.026057714023309364e+00,8.745361482916892415e-01,4.847498601266326812e-01,-1.428630247292880621e-02,-1.160625115518074457e+00,1.149966663902926012e-01,-1.786666803685647009e-01,9.771663031670682065e-01,-1.920964513779628646e+01
4.670505034847011183e-01,-8.650044362247835128e-01,-1.833879835379934875e-01,-8.903505690709475617e-01,8.802396662072287103e-01,4.745158081866405753e-01,3.588567453344056277e-03,-9.243535216171865354e-01,8.391637045341561463e-02,-1.631014196517727721e-01,9.830340633352940838e-01,-1.918852205331091199e+01
5.964203485259584880e-01,-7.859310229997921171e-01,-1.630803328138442920e-01,-7.955071319460325086e-01,7.975089025953333577e-01,6.032321428711957534e-01,9.514835164819943417e-03,-7.334469503748541896e-01,9.089729448868247297e-02,-1.357328585624190398e-01,9.865669125614894286e-01,-1.914871998776203199e+01
6.637345100348865934e-01,-7.375486081976582176e-01,-1.244128238343859688e-01,-6.769875544998503747e-01,7.447324315349123092e-01,6.671121760447707993e-01,1.830163907712437782e-02,-5.821917207607119060e-01,6.949896120696372193e-02,-1.048016942539968105e-01,9.920617416636134944e-01,-1.911554666390893686e+01
6.850995811679704284e-01,-7.081496290929648607e-01,-1.707708016581507282e-01,-5.453735121193922231e-01,7.170852250207172540e-01,6.968653254786745244e-01,-1.294210966147918938e-02,-4.384853962933342730e-01,1.281692004362189330e-01,-1.135905848254932793e-01,9.852257787423855939e-01,-1.910402956095082061e+01
7.418892166806579924e-01,-6.555160711282956854e-01,-1.410640658193385855e-01,-3.560897276439443648e-01,6.622904960210028724e-01,7.492457654280124668e-01,1.442868132295380959e-03,-3.174661459614966375e-01,1.047458307199599647e-01,-9.449583843067053956e-02,9.899994179119842030e-01,-1.905686728404204899e+01
8.263271977589703443e-01,-5.357362423768238235e-01,-1.736952528072322477e-01,-1.812443493102097458e-01,5.388681229744075596e-01,8.417557106764123054e-01,-3.268745303152759824e-02,-2.272641487107000535e-01,1.637208242278507808e-01,-6.658830338437750351e-02,9.842568209398098178e-01,-1.900680582263735729e+01
9.334226774715598252e-01,-3.240680282250186783e-01,-1.539545980611583820e-01,7.706337991432624102e-02,3.175840967053293329e-01,9.459522563860237598e-01,-6.568614890562519959e-02,-2.077652414984317297e-01,1.669204801744972599e-01,1.241940902539999045e-02,9.858921399310234257e-01,-1.891758355030082228e+01
9.812727081222364367e-01,-1.136901969273617780e-01,-1.554940880453967722e-01,2.305555044634893247e-01,1.088593824269801225e-01,9.932813430183410341e-01,-3.926586901239714072e-02,-1.833287351886530026e-01,1.589135209856873121e-01,2.160353522690043604e-02,9.870561180164120207e-01,-1.888745220698887906e+01
9.853724043325706727e-01,-4.946945412125986451e-03,-1.703430436235600642e-01,4.055174939116372723e-01,4.653993697100659681e-03,9.999869249199951904e-01,-2.119040282948167920e-03,-2.166608149965816854e-01,1.703512991512421137e-01,1.295268367118135181e-03,9.853825435623155826e-01,-1.885997411174183114e+01
9.897757602763737061e-01,3.930526643897579858e-02,-1.371095926603513870e-01,5.906004536810086636e-01,-4.257423540555140690e-02,9.988727834652473270e-01,-2.099040094956343763e-02,-2.661810930944455977e-01,1.361300071584477522e-01,2.661312613264200586e-02,9.903334603397416780e-01,-1.881684773440115066e+01
9.771729927227863488e-01,1.399539083670514605e-01,-1.598306786132762114e-01,7.999394542389964835e-01,-1.517463468172935981e-01,9.863408234387974760e-01,-6.406891793750145447e-02,-3.008494502869239473e-01,1.486808276839991505e-01,8.686013787039326139e-02,9.850631086018473148e-01,-1.878635935831093917e+01
9.212838167285278823e-01,3.563210330072760224e-01,-1.557929731109332916e-01,1.049261077286864907e+00,-3.707794571420542917e-01,9.256448924097806508e-01,-7.552567323189318671e-02,-4.042882178235079893e-01,1.172975839289110978e-01,1.273454144926893239e-01,9.848981786012819262e-01,-1.874739924585999873e+01
9.219235089229399494e-01,3.466255302737142330e-01,-1.729386754247883851e-01,1.245639155825456035e+00,-3.626807094312596291e-01,9.292053498696815073e-01,-7.099380803987423438e-02,-4.956242076657445539e-01,1.360872760461176167e-01,1.281723821110877237e-01,9.823706498884798854e-01,-1.873101561544202909e+01
9.277452053352124306e-01,3.155297906113729289e-01,-1.993233182903294820e-01,1.520818960516130414e+00,-3.286649375293781428e-01,9.437689078642981233e-01,-3.577160029187335943e-02,-6.281004142968854564e-01,1.768281448648230392e-01,9.869751661199338555e-02,9.792806581354948081e-01,-1.866150747127005971e+01
9.317749615350855441e-01,3.205108211494650527e-01,-1.704940895819730406e-01,1.717088704012756262e+00,-3.320107653637311973e-01,9.422913781880775108e-01,-4.307911646034896791e-02,-7.248659773991006361e-01,1.468477876540185412e-01,9.674591525491123278e-02,9.844165557032283909e-01,-1.863601765784709130e+01
9.273315061815498028e-01,3.146382806686720546e-01,-2.026302790328256831e-01,2.030723679443881657e+00,-3.258319818521433486e-01,9.451334578430196087e-01,-2.358530194852379025e-02,-8.289405688700176578e-01,1.840918174318548761e-01,8.789481898019030348e-02,9.789712475609657627e-01,-1.858797559204571925e+01
9.195658500249507261e-01,3.558819579439148617e-01,-1.665733456405790736e-01,2.256356988070360003e+00,-3.659165105505178817e-01,9.300635796056094806e-01,-3.296733531443548498e-02,-9.386585022460042227e-01,1.431913222734640390e-01,9.126757310900313058e-02,9.854777903760019164e-01,-1.853889467401810975e+01
9.076750863524234436e-01,3.635039190272253973e-01,-2.097399305496437105e-01,2.580666575252649420e+00,-3.695467715922141627e-01,9.291462958418388318e-01,1.106094612426107918e-02,-1.091537818416439709e+00,1.988997768246432152e-01,6.746896898011860155e-02,9.776946440499019175e-01,-1.849911247557269789e+01
9.187892018528107663e-01,3.454555155446072945e-01,-1.910154164942838850e-01,2.786698194777796012e+00,-3.486382860497826419e-01,9.370885855539835552e-01,1.778562129098162220e-02,-1.206234700935256532e+00,1.851425074339901611e-01,5.025405062525593186e-02,9.814258924324376077e-01,-1.842339337856205006e+01
9.210230370199639083e-01,3.280034442501565950e-01,-2.100721443660646670e-01,2.987393672434558223e+00,-3.403709970857751177e-01,9.399682609764796748e-01,-2.464249783787515746e-02,-1.295765062477947982e+00,1.893783240536191237e-01,9.419877343622268251e-02,9.773752817939233006e-01,-1.839440363575189608e+01
8.985271692050592618e-01,3.935637307517844130e-01,-1.943103600868456571e-01,3.196237009442294053e+00,-4.103720651113317852e-01,9.103284901276172958e-01,-5.382200514877884950e-02,-1.414734963603802465e+00,1.557038675711161224e-01,1.281000776686383458e-01,9.794624422226114735e-01,-1.834343661581370100e+01
8.843744802466261268e-01,4.115228342946143925e-01,-2.202969258583450385e-01,3.476817360438224203e+00,-4.308828308886524794e-01,9.012219950325497386e-01,-4.624826175039985221e-02,-1.543727750493624429e+00,1.795042192648710344e-01,1.358229454977316619e-01,9.743358572599218892e-01,-1.828408833900740049e+01
8.857501640540234034e-01,4.029566734405522488e-01,-2.303748384871810162e-01,3.752589390252718093e+00,-4.161238579811061822e-01,9.092582460794524923e-01,-9.506668998110182414e-03,-1.722364141752895872e+00,2.056394458687118010e-01,1.042850001977440322e-01,9.730555261836619785e-01,-1.822790584442291006e+01
9.016223650468740969e-01,3.830140077679479726e-01,-2.009412369346214033e-01,3.949712674505133858e+00,-3.957528979112528988e-01,9.179900174684224590e-01,-2.596096344846448439e-02,-1.800850253975124993e+00,1.745186369478253507e-01,1.029300620900487767e-01,9.792592341540667933e-01,-1.816019735859925177e+01
8.913243280553336811e-01,3.917652928993731742e-01,-2.281685725427069766e-01,4.233843278669517929e+00,-4.133674783421979471e-01,9.089547812259913817e-01,-5.411592681849274056e-02,-1.891348009024847787e+00,1.861941730176344956e-01,1.425523095775028670e-01,9.721165408367439253e-01,-1.809701837633529209e+01
8.802105236202949490e-01,4.377986163005992970e-01,-1.831988146068826429e-01,4.524386322460006937e+00,-4.585502952264837728e-01,8.840437115700793269e-01,-9.054470045841721271e-02,-1.999873239202633046e+00,1.223154154462595955e-01,1.637042687246746120e-01,9.788972630187123825e-01,-1.802186769655856580e+01
8.853133319734216578e-01,4.140667378653420938e-01,-2.115869580661157989e-01,4.845839143534162119e+00,-4.323009710094229407e-01,9.005286416790909687e-01,-4.651920012127317566e-02,-2.188926936616535368e+00,1.712780625019688363e-01,1.326533154850152996e-01,9.762514651443051639e-01,-1.800552998261222726e+01
9.028924019059688666e-01,3.804377235705039273e-01,-2.001310797076835679e-01,5.119377738310479486e+00,-3.820775405166686456e-01,9.235786518116105848e-01,3.192533399328269933e-02,-2.317465006789156234e+00,1.969823941706562720e-01,4.764044922481264210e-02,9.792488570248382151e-01,-1.793265752879162989e+01
9.099800838722291729e-01,3.616307094937636912e-01,-2.028779852692939867e-01,5.435447266737657657e+00,-3.694625155473046929e-01,9.292453004786136450e-01,-7.881268110101486823e-04,-2.430264625375631038e+00,1.882384035242236076e-01,7.567299048834812136e-02,9.792037080961243367e-01,-1.787302021231610283e+01
9.018052731814164558e-01,3.957733749134741408e-01,-1.735243065734296541e-01,5.715966305835055827e+00,-4.032138801197144851e-01,9.150670218355170249e-01,-8.420951720762837739e-03,-2.537764101699735875e+00,1.554535819497112059e-01,7.756146761554626179e-02,9.847935837526180514e-01,-1.779741006372890411e+01
9.131733347764438014e-01,3.753955974630389103e-01,-1.587217882290814230e-01,6.006095157667469486e+00,-3.850083964914991497e-01,9.222965760626605780e-01,-3.372773953497555655e-02,-2.681157935947962923e+00,1.337273168964140668e-01,9.190849355996762171e-02,9.867470970452465462e-01,-1.774128109791772800e+01
9.236521702162164837e-01,3.479898866532348256e-01,-1.605294591093571754e-01,6.318838966095214893e+00,-3.561621537789276815e-01,9.341066178779008355e-01,-2.435870793507943777e-02,-2.807064610850372954e+00,1.414750461050623409e-01,7.967349134925481857e-02,9.867304323399519461e-01,-1.767326686167849559e+01
9.219719942945800994e-01,3.679007708092114637e-01,-1.208993985694865880e-01,6.529563293727260742e+00,-3.770099924229534105e-01,9.240554842680875902e-01,-6.312628301521132357e-02,-2.951710126301531734e+00,8.849354411323037684e-02,1.037809463825609402e-01,9.906555444846697478e-01,-1.762349350933916270e+01
9.092904886031401013e-01,3.925679256192721733e-01,-1.381348294632642748e-01,6.779240578601721801e+00,-4.044341312119182352e-01,9.118111055640768514e-01,-7.094745436503371860e-02,-3.115435720706874356e+00,9.810117658175450395e-02,1.203782851888129252e-01,9.878690336316215959e-01,-1.759812369729749548e+01
9.244209542264848478e-01,3.604859749354043519e-01,-1.244819716339162358e-01,7.004650860497093845e+00,-3.731461370844706971e-01,9.223735065533570365e-01,-9.994535900882794976e-02,-3.205647337044609468e+00,7.878997249608413189e-02,1.388415509973044415e-01,9.871753461015561060e-01,-1.754183178046362457e+01
9.533571124917364914e-01,2.546606692362613500e-01,-1.620436965931062179e-01,7.381773597650105323e+00,-2.713845580908778032e-01,9.581766571824794632e-01,-9.081803378420998107e-02,-3.308882606727922671e+00,1.321387062568657733e-01,1.305581754420244711e-01,9.825955043322807114e-01,-1.750846670973098895e+01
9.682716413558847268e-01,2.156345127128476702e-01,-1.263003779609329080e-01,7.606097626127221289e+00,-2.270286258133923651e-01,9.702628469380069065e-01,-8.395243244265296334e-02,-3.398885095090805830e+00,1.044415224288910704e-01,1.099625608052499787e-01,9.884332064504333104e-01,-1.743183625405182724e+01
9.839183340756938456e-01,1.373193479150891794e-01,-1.142283176707375864e-01,7.933619701249463141e+00,-1.479523922609738418e-01,9.848476847361099518e-01,-9.047169443632771535e-02,-3.494721787340521857e+00,1.000739801045568977e-01,1.059171117341295848e-01,9.893264193116094729e-01,-1.740404884146803610e+01
9.660357817876916720e-01,2.248863236587630432e-01,-1.272831871736820331e-01,8.176836817040772587e+00,-2.319750598695741184e-01,9.717384708055271103e-01,-4.372546117589569403e-02,-3.620727201934783590e+00,1.138527114492760284e-01,7.176688503608964764e-02,9.909021517323808315e-01,-1.739022904475200448e+01
9.520215066576415142e-01,2.834194074165173882e-01,-1.154490812479055523e-01,8.398616827210386049e+00,-2.904437840699697904e-01,9.556337269738509610e-01,-4.905698895351724709e-02,-3.718890408678748205e+00,9.642333304979812392e-02,8.023477656065861052e-02,9.921012657354221220e-01,-1.737399523916700161e+01
9.525349520341990228e-01,2.595910938582188243e-01,-1.590271333537165710e-01,8.721624357809508510e+00,-2.676821534380152690e-01,9.629958958779415434e-01,-3.138740596208958178e-02,-3.864265478836349743e+00,1.449945857057919618e-01,7.246632674377501138e-02,9.867751525065211471e-01,-1.735814066623457208e+01
9.630690355194077013e-01,2.422672045401345065e-01,-1.174931250245207642e-01,8.948458578731116830e+00,-2.504950815043058832e-01,9.661943078902264226e-01,-6.099814376420848588e-02,-3.973972174190500972e+00,9.874333884303440612e-02,8.817687341268413970e-02,9.911985633712807608e-01,-1.732231017085655367e+01
9.484814262112655214e-01,2.817050837127849650e-01,-1.450007929034114462e-01,9.150099260495080600e+00,-2.911830482931310193e-01,9.554380741084190776e-01,-4.848215064038247785e-02,-4.096721180263335427e+00,1.248816100111040106e-01,8.820619226771650445e-02,9.882430121820557911e-01,-1.727793727833241277e+01
9.466261196815607404e-01,3.010693304216749411e-01,-1.151357799125771325e-01,9.398327811916884045e+00,-3.080810239518015359e-01,9.501227830590165402e-01,-4.850546147600250796e-02,-4.171569053653699122e+00,9.478962083183349596e-02,8.138768574934848732e-02,9.921647909449922142e-01,-1.722322751948943065e+01
9.741698186410987503e-01,1.777156440277828653e-01,-1.393209040903793661e-01,9.682488992198463151e+00,-1.814545711442888953e-01,9.832923183555198898e-01,-1.450707668244672829e-02,-4.206787576878382673e+00,1.344150403028344654e-01,3.941277116390692892e-02,9.901410154162720856e-01,-1.720759312619117409e+01
9.611249638100454185e-01,-2.209234150808489505e-01,-1.656250241061272277e-01,9.930858371950423091e+00,2.241668620990495964e-01,9.745503489298026345e-01,9.139679790108631678e-04,-4.198818740948224715e+00,1.612080081069356963e-01,-3.800607937969936734e-02,9.861883775691009379e-01,-1.713284542297000357e+01
8.606249083705186376e-01,-4.801953792421733702e-01,-1.695203965506898447e-01,1.015574693460117395e+01,4.851023343105249630e-01,8.743460213683252880e-01,-1.395564989030898505e-02,-4.069603528124362768e+00,1.549209228565246177e-01,-7.022416017188640169e-02,9.854278639197460166e-01,-1.709317639252175169e+01
8.082739622337128393e-01,-5.490721419635413714e-01,-2.126334519650768806e-01,1.035156865442781715e+01,5.654322696796408865e-01,8.245481939420403750e-01,2.016492677522645910e-02,-3.934885483097872338e+00,1.642545292524545120e-01,-1.365286006171943234e-01,9.769239432184895211e-01,-1.702141992940349269e+01
7.444703323321014699e-01,-6.444270330755261789e-01,-1.745787023631641122e-01,1.047277168999398533e+01,6.606836751901224991e-01,7.487548905623228057e-01,5.350883288091320966e-02,-3.772692330781022285e+00,9.623411876566279055e-02,-1.551770372847732227e-01,9.831882228164215975e-01,-1.698617434573749918e+01
5.709091364741875063e-01,-8.029568488870122422e-01,-1.712397638276183798e-01,1.066462727213559347e+01,8.164698980561609920e-01,5.771753409261332068e-01,1.566944143754771257e-02,-3.498982515862427700e+00,8.625348374680399943e-02,-1.487579397956391991e-01,9.851047720366061800e-01,-1.695944849466558679e+01
3.805296846831343616e-01,-8.999059234176787214e-01,-2.129941033754934598e-01,1.080784060920706402e+01,9.233975158411803497e-01,3.822877130617369223e-01,3.454174547362581088e-02,-3.199122258148293874e+00,5.034070731815176725e-02,-2.098223854592335125e-01,9.764427170842649994e-01,-1.692611807441094030e+01
3.182164216908699439e-01,-9.367193215373560422e-01,-1.459288238315335218e-01,1.089865092892325116e+01,9.478071641581126139e-01,3.176008240755932577e-01,2.812998608355865571e-02,-2.998414060136556092e+00,1.999721322623171024e-02,-1.472638081984181946e-01,9.888950815218372492e-01,-1.686578277393797975e+01
3.929403873044697293e-01,-9.031497069477358863e-01,-1.729695316095669622e-01,1.107195496223074116e+01,9.191669934808450737e-01,3.912860967891170771e-01,4.502475491240506139e-02,-2.745681623506281088e+00,2.701647868241790346e-02,-1.766799289669243878e-01,9.838975112174246362e-01,-1.683726687281381729e+01
3.483562796361523439e-01,-9.271960362099052055e-01,-1.376786580218577749e-01,1.117915100932635042e+01,9.371006431051044361e-01,3.410124474387659088e-01,7.451775213882014248e-02,-2.497518151203889758e+00,-2.214242827826661680e-02,-1.549774858760585849e-01,9.876698293161916276e-01,-1.680707835486350632e+01
3.023178725729798177e-01,-9.404591821157893827e-01,-1.553719109010651411e-01,1.132646736655661002e+01,9.530473609882739172e-01,3.012093280113204985e-01,3.120366055858333348e-02,-2.230344067502950445e+00,1.745369978640152683e-02,-1.575102139325253170e-01,9.873631048761613016e-01,-1.680157950664585442e+01
2.703631097222296553e-01,-9.417021328913094402e-01,-2.002520457056173042e-01,1.137864972689600229e+01,9.624383885967526808e-01,2.697248137046917016e-01,3.099795198485172376e-02,-1.995454049579882039e+00,2.482210822253469798e-02,-2.011109588757620525e-01,9.792539227204849483e-01,-1.676202761896916371e+01
2.660291452978540416e-01,-9.443209630312471292e-01,-1.936140816981863355e-01,1.144264937172857977e+01,9.638063616482751561e-01,2.642085920090147533e-01,3.565272997861514137e-02,-1.722459883220892607e+00,1.748688361049824044e-02,-1.960911489291466414e-01,9.804297375198476328e-01,-1.677489939846559963e+01
2.975184999668085695e-01,-9.287726047496945858e-01,-2.210524617460033203e-01,1.147791468187203989e+01,9.536058874655924944e-01,3.002598064079152751e-01,2.190570808809358741e-02,-1.512604839843478599e+00,4.602774780998380999e-02,-2.173142823708313631e-01,9.750158712088681234e-01,-1.676612094157617960e+01
2.861548514514662411e-01,-9.420656477748958757e-01,-1.750077606086525850e-01,1.158222569351132769e+01,9.577547190050117454e-01,2.866782778941849852e-01,2.283556890588450683e-02,-1.234214036602152342e+00,2.865831841577687680e-02,-1.741490174135091329e-01,9.843021997940908374e-01,-1.673737711239827775e+01
2.293363836677808909e-01,-9.453698754322397146e-01,-2.316907890948974591e-01,1.168810531748291126e+01,9.722737949416137004e-01,2.336748971005286890e-01,8.928053253097917655e-03,-1.022575910044300818e+00,4.570000870915778141e-02,-2.273144102125714550e-01,9.727485122649588423e-01,-1.674753786563175595e+01
2.214220628745653952e-01,-9.405638761264004666e-01,-2.575109026788058308e-01,1.173278366498498571e+01,9.748367884016816420e-01,2.204734907056808690e-01,3.293441778363183359e-02,-7.617326900772737330e-01,2.579740395982910509e-02,-2.583235080710492015e-01,9.657139634109040971e-01,-1.671312898403119362e+01
2.629784650445513017e-01,-9.249916223180687513e-01,-2.742860287440815892e-01,1.188480590986294949e+01,9.624787070700451252e-01,2.712365196378382914e-01,8.092518243813181383e-03,-4.351722240012365628e-01,6.691087624284630664e-02,-2.661226203390834599e-01,9.616141042977018882e-01,-1.668622583226235179e+01
3.104215634457290762e-01,-9.169057128999246187e-01,-2.508433108523934196e-01,1.192505193848172063e+01,9.488951236448178728e-01,3.146745163670469636e-01,2.404148648171752084e-02,-1.947755585576038673e-01,5.689022122469349768e-02,-2.454869902879709687e-01,9.677291151599998198e-01,-1.662980637804085760e+01
3.036578404054270375e-01,-9.257900361299916669e-01,-2.251770968876304901e-01,1.200733865754302343e+01,9.497910094089152544e-01,3.128387615933840848e-01,-5.380305819481412573e-03,9.438430245267853680e-02,7.542515764852872340e-02,-2.122374101028068061e-01,9.743029956571747086e-01,-1.661406607218508569e+01
2.862175733551383106e-01,-9.270962702569169878e-01,-2.420165415388171870e-01,1.211199361753377168e+01,9.529472771291137567e-01,3.017519368792596635e-01,-2.893536939150511550e-02,3.415461817950603551e-01,9.985483320752923386e-02,-2.223471930682493491e-01,9.698405735066790712e-01,-1.655426665450208645e+01
2.555756881468622121e-01,-9.392075598959842564e-01,-2.292819815478081003e-01,1.223971814334382024e+01,9.648882306462619463e-01,2.626605140547080830e-01,-3.958747805091230969e-04,6.129156663836068386e-01,6.059513172345656201e-02,-2.211303095252845075e-01,9.733599623061685024e-01,-1.651109040007156992e+01
3.031654215762066285e-01,-9.201280391675077386e-01,-2.479014293994260543e-01,1.234041926011555823e+01,9.490156808730649818e-01,3.151011073419496267e-01,-8.973829110763158201e-03,9.687895099075908290e-01,8.637108669892293311e-02,-2.325417891253846459e-01,9.687436976274009792e-01,-1.648586421657793721e+01
3.139164729716826807e-01,-9.301199007005024333e-01,-1.906132689974830152e-01,1.243598639385127846e+01,9.493909418928911936e-01,3.097564513279068010e-01,5.203633646280424185e-02,1.225364773009604002e+00,1.064365767707156629e-02,-1.973015741995743921e-01,9.802850612804523411e-01,-1.640309745877130965e+01
3.135175656593633398e-01,-9.275436365429294838e-01,-2.033950302533112375e-01,1.258610042798041739e+01,9.488815195444998407e-01,3.142432112693712143e-01,2.958151514093440571e-02,1.526142885247826708e+00,3.647736133476030956e-02,-2.022721099900625097e-01,9.786497819088392225e-01,-1.638646651456312142e+01
2.585898698601131751e-01,-9.351663427205820778e-01,-2.420644349100901371e-01,1.267809432479046094e+01,9.658507597260697075e-01,2.545155688046896181e-01,4.851943087669417093e-02,1.743029250543964181e+00,1.623542861468612458e-02,-2.463447516766630874e-01,9.690462704015003759e-01,-1.632757657827771780e+01
2.326374776348756612e-01,-9.557267538472752344e-01,-1.801837284003004469e-01,1.278223304930006599e+01,9.725587819421991354e-01,2.291874155874198682e-01,4.003178991082317895e-02,2.002019762602925912e+00,3.036390420804261150e-03,-1.845521620488631831e-01,9.828180298591899788e-01,-1.627852425482900856e+01
3.194082147290780993e-01,-9.261290271090361070e-01,-2.006574631297178002e-01,1.284014746965065257e+01,9.476170568904739300e-01,3.120416736107704536e-01,6.820489293610007553e-02,2.311996963262943350e+00,-5.530405214967605738e-04,-2.119316377425992382e-01,9.772843368589912982e-01,-1.623037982687879932e+01
3.419792276516972485e-01,-9.220611043709988630e-01,-1.812554210524011389e-01,1.295495729933581686e+01,9.395011260621751736e-01,3.314412913632451829e-01,8.651187495002349293e-02,2.562446177438789441e+00,-1.969370413742685053e-02,-1.998749363617134400e-01,9.796234826869686385e-01,-1.622273015704227817e+01
3.047681785984903136e-01,-9.278240110862603363e-01,-2.150789663485542513e-01,1.303562743464100926e+01,9.524251604917213232e-01,2.972826383658265792e-01,6.715166854644380456e-02,2.788381953417908843e+00,1.634312111197438371e-03,-2.253123107556641580e-01,9.742852208906093159e-01,-1.618749308856509828e+01
2.680049677211608361e-01,-9.391546300203605924e-01,-2.148532480278106116e-01,1.310164310057696468e+01,9.624861158548159157e-01,2.511989396004783437e-01,1.025649527387614002e-01,3.028760422253058415e+00,-4.235344216812162582e-02,-2.342811850211526381e-01,9.712458557345782229e-01,-1.615534661451209075e+01
2.788485684637114770e-01,-9.302114097515609137e-01,-2.386424292403867276e-01,1.319318215655490434e+01,9.602991543074815839e-01,2.679419705473384816e-01,7.767003705126000745e-02,3.303261220683038513e+00,-8.307231914034571979e-03,-2.508263016256933042e-01,9.679964650300642015e-01,-1.616242343485847144e+01
3.186424680962874900e-01,-9.239400846120660038e-01,-2.116641149854065207e-01,1.328019310065293546e+01,9.459539589844360163e-01,2.957573289692442819e-01,1.330364981599017338e-01,3.594190698548479723e+00,-6.031654007962871517e-02,-2.426155856659401033e-01,9.682456261635229433e-01,-1.614894210391327789e+01
3.014591690148663572e-01,-9.274937667788933915e-01,-2.210829753806628772e-01,1.336965610268068083e+01,9.532666780889572644e-01,2.882841066013633324e-01,9.041523282222621583e-02,3.828046166498715763e+00,-2.012485682209064555e-02,-2.380075344760208544e-01,9.710547892217684662e-01,-1.615309785881878568e+01
2.737860137478002054e-01,-9.302468349340213827e-01,-2.442990887648290588e-01,1.345509595165946415e+01,9.612738870721817541e-01,2.563391779481292709e-01,1.012064221381967083e-01,4.221019831349605234e+00,-3.152352628159961478e-02,-2.625472375480528142e-01,9.644040726514259143e-01,-1.616930880191293340e+01
2.505135986329485864e-01,-9.393164431858334051e-01,-2.343662869541733584e-01,1.357824367884075478e+01,9.656715660998271833e-01,2.252669393424566735e-01,1.293569961988446093e-01,4.475381869421229730e+00,-6.871217742347845991e-02,-2.587265459901590403e-01,9.635036123822907639e-01,-1.613961306154441999e+01
2.516747484284698744e-01,-9.508308282011727064e-01,-1.805008508172169790e-01,1.360529582900526258e+01,9.663393364641273964e-01,2.365983838259260175e-01,1.010420287456094690e-01,4.682348406350589798e+00,-5.336766629275539048e-02,-1.998547995751731865e-01,9.783710703415291476e-01,-1.617424533193381819e+01
2.983522542288747914e-01,-9.475843193231034967e-01,-1.143236203482040081e-01,1.371900365438119707e+01,9.475283289612189686e-01,2.796493338112785998e-01,1.548751623562237834e-01,4.958584505927281505e+00,-1.147867510321075174e-01,-1.545322227623727174e-01,9.812969957742713190e-01,-1.622364620822032322e+01
3.257673738807241315e-01,-9.314232440774854460e-01,-1.622539938091827061e-01,1.384985774299502026e+01,9.416588531901133319e-01,3.042941671904959566e-01,1.438181630480711293e-01,5.179292742744738831e+00,-8.458263606400089063e-02,-1.996391750283904032e-01,9.762120555854887360e-01,-1.623484113643351279e+01
2.249041634695073955e-01,-9.580956506721126642e-01,-1.774002294735352037e-01,1.393106237624861876e+01,9.640328400091451311e-01,1.923330412985822246e-01,1.834357778862629185e-01,5.493669251286305233e+00,-1.416290953087716020e-01,-2.122751172135343700e-01,9.668921728786494807e-01,-1.621307979014661171e+01
2.234992659183365760e-01,-9.550813882526262288e-01,-1.945960429900920052e-01,1.401609531972762746e+01,9.671819079446404288e-01,1.925541340297633741e-01,1.657771468345729249e-01,5.781083615379124296e+00,-1.208603949957464119e-01,-2.252608427611976494e-01,9.667731469377830456e-01,-1.626265062919876669e+01
2.250293754356381681e-01,-9.625845607307810248e-01,-1.509726585636507468e-01,1.409561153289773117e+01,9.609285955547943736e-01,1.936176935415136469e-01,1.978090569027460277e-01,6.069277136667763806e+00,-1.611769662083741284e-01,-1.895867932910798026e-01,9.685446986966926852e-01,-1.628603362516820496e+01
2.457722262047533357e-01,-9.580397928303299171e-01,-1.474983667027493783e-01,1.416833156186020304e+01,9.594385681143097200e-01,2.187518681543292876e-01,1.778349071294849926e-01,6.258186682460703310e+00,-1.381073743183928171e-01,-1.852225027706141669e-01,9.729434606523990059e-01,-1.634904883229876305e+01
2.140118041504139312e-01,-9.621418384164728277e-01,-1.687662005641395735e-01,1.426505708201375278e+01,9.708422459387543446e-01,1.903993680453870130e-01,1.456482548762970952e-01,6.561486559042276845e+00,-1.080013017739970965e-01,-1.950158029916750912e-01,9.748356555843816773e-01,-1.635877105763343309e+01
2.037620979492823226e-01,-9.669986645087315091e-01,-1.529529021550013190e-01,1.435718520675634835e+01,9.692245514951985941e-01,1.772008696496953917e-01,1.708906684822820987e-01,6.762239736890891528e+00,-1.381476609220589624e-01,-1.830667491209751474e-01,9.733456678631896564e-01,-1.632870935989580019e+01
2.181755711401611730e-01,-9.655243289762758252e-01,-1.419936277182090589e-01,1.439804337829505698e+01,9.682754381574354419e-01,1.960019063717183263e-01,1.550029953248548975e-01,6.969039939736039635e+00,-1.218281413249371337e-01,-1.713068091278484861e-01,9.776563205583764793e-01,-1.635818970826755248e+01
2.563939410365721483e-01,-9.619096352608210720e-01,-9.482615985122229418e-02,1.448870858197316736e+01,9.517306094057315091e-01,2.341129622091381590e-01,1.984942519214497880e-01,7.246898295317639516e+00,-1.687335002894432001e-01,-1.411416824260557090e-01,9.755039883885723295e-01,-1.640054494326798107e+01
2.735405938429634753e-01,-9.554248023789493338e-01,-1.110810088142202556e-01,1.456650644085379120e+01,9.540569943213220716e-01,2.548252855991624544e-01,1.576049663109261589e-01,7.461880880735654031e+00,-1.222734439958296782e-01,-1.490889694727661474e-01,9.812347752067005491e-01,-1.645678182401449874e+01
2.691226400076470182e-01,-9.526892768279492385e-01,-1.412662254481025226e-01,1.469083074287797608e+01,9.567761111207777613e-01,2.476733615146191059e-01,1.524381159180596135e-01,7.708350419751681670e+00,-1.102382774897765760e-01,-1.761846980106064053e-01,9.781648503002933204e-01,-1.641796907551852058e+01
3.331518018203738496e-01,-9.320150383713873277e-01,-1.426809209159386471e-01,1.486553224923050109e+01,9.398653067137996420e-01,3.161869094115678513e-01,1.291473714503483250e-01,7.865439580989595392e+00,-7.525345294145210917e-02,-1.771265269979145074e-01,9.813068384832760449e-01,-1.641670673027293503e+01
4.470701117952710635e-01,-8.768817170934315453e-01,-1.766543782832442622e-01,1.498920962286016767e+01,8.939010611565864073e-01,4.307528067195673938e-01,1.240681762836140928e-01,8.023963585077867222e+00,-3.269874619141736882e-02,-2.133787096466994160e-01,9.764222028748709148e-01,-1.640170698960760021e+01
5.920501244796871898e-01,-7.926103591144708638e-01,-1.457582544078281084e-01,1.514766050952480292e+01,8.057540395517488463e-01,5.787243171451744717e-01,1.258514699591889441e-01,8.209793425297204905e+00,-1.539733254899285780e-02,-1.919556807424078471e-01,9.812828026522687486e-01,-1.638592874063365912e+01
6.515353512096381250e-01,-7.449118000134016260e-01,-1.435552030576675020e-01,1.531253159438450950e+01,7.584681402342535739e-01,6.434015902904097750e-01,1.037327039142559165e-01,8.321280417277192143e+00,1.509193074874127377e-02,-1.764675715607992024e-01,9.841907486934158289e-01,-1.636060156230029250e+01
8.001596200623988242e-01,-5.880429871191119595e-01,-1.181102354651377417e-01,1.548253913665812398e+01,5.990363640374449794e-01,7.933597568544977774e-01,1.083315778735279011e-01,8.424565486324537389e+00,3.000028303857390014e-02,-1.574348802006840520e-01,9.870735745190419852e-01,-1.634996734768890292e+01
9.253157265243712182e-01,-3.644024518213811459e-01,-1.048887951748982417e-01,1.559916086016300341e+01,3.720892959835127578e-01,9.258507979609065242e-01,6.595343607155620957e-02,8.461470959144701709e+00,7.307778089931836474e-02,-1.000557495685165665e-01,9.922945555212476787e-01,-1.633714568508219855e+01
9.889572094149715609e-01,-1.238126817850950384e-01,-8.144972544665601832e-02,1.577439526401060732e+01,1.277699412659437928e-01,9.907690132877089439e-01,4.529464005591842674e-02,8.453884227796896411e+00,7.508981325752465963e-02,-5.520128746760217392e-02,9.956476976354970976e-01,-1.628735284805843975e+01
9.917831725721809599e-01,1.924750017711442454e-02,-1.264739986700519070e-01,1.598714382804535994e+01,-2.418112920652144403e-03,9.912609914660548416e-01,1.318931367722943615e-01,8.432808705391007464e+00,1.279073544897371961e-01,-1.305035652182109929e-01,9.831625135921171488e-01,-1.626114052746290284e+01
9.942698848372309994e-01,-4.107129437289203100e-02,-9.869419883810590099e-02,1.619200397716238271e+01,5.323664815133940381e-02,9.908559107009801137e-01,1.239775121646658762e-01,8.380121218787412118e+00,9.269981337290146561e-02,-1.285212550804902265e-01,9.873646902706020301e-01,-1.623372099192568996e+01
9.984658816768886558e-01,-5.038334938777587133e-03,-5.514071370810434691e-02,1.638130518950785586e+01,1.193197063035169279e-02,9.920326123962027731e-01,1.254150071532104116e-01,8.326031254452482600e+00,5.406950345685503090e-02,-1.258805430692441774e-01,9.905708342529162547e-01,-1.619858706531216797e+01
9.947956413757224059e-01,6.841937057785280052e-02,-7.550113661128829423e-02,1.664631883571571791e+01,-6.090230784850535206e-02,9.933475705799991173e-01,9.773184190189720955e-02,8.316046130330184027e+00,8.168562173719402797e-02,-9.262501688281472856e-02,9.923447311538785565e-01,-1.618385975166330581e+01
9.914267729964190146e-01,1.136464133969419810e-01,-6.447826384076477124e-02,1.684302065356323652e+01,-1.077093463408322488e-01,9.901821527563889891e-01,8.909546045423163974e-02,8.289187827185468649e+00,7.397060562641549764e-02,-8.138671319528738290e-02,9.939338772868778760e-01,-1.614170464493347623e+01
9.874623202714835069e-01,1.248587324869735171e-01,-9.658396847202577185e-02,1.717011423702524553e+01,-1.148329244695728418e-01,9.880087558181642748e-01,1.032090009854097074e-01,8.207086906799148096e+00,1.083123515663120817e-01,-9.082398002943369020e-02,9.899593118657886714e-01,-1.610429735023592457e+01
9.942683375586489625e-01,3.451086872338130634e-02,-1.011902805032118408e-01,1.744231483314746001e+01,-2.163690731850346355e-02,9.918365411304332913e-01,1.256667017157159227e-01,8.112316374478249159e+00,1.047010848561354679e-01,-1.227569778805810558e-01,9.868983773477247867e-01,-1.601492876868845983e+01
9.932153738371237717e-01,-8.621982595453147116e-03,-1.159693174495164958e-01,1.776019126224016631e+01,2.130702892358254941e-02,9.938579353279364259e-01,1.085928860659795409e-01,8.107772411318592276e+00,1.143207404281157413e-01,-1.103270855312180054e-01,9.872986896102677878e-01,-1.598271502924648502e+01
9.889508106500352058e-01,-1.729947686593163655e-02,-1.472311862847132946e-01,1.807537176801037049e+01,2.996328632757994104e-02,9.959953147025725206e-01,8.423499607035561665e-02,8.088735029084102024e+00,1.451843503518552569e-01,-8.771579783987781820e-02,9.855087230573967849e-01,-1.593854780748941380e+01
9.956033166252187261e-01,-8.968072578010471193e-04,-9.366553080833693590e-02,1.832799809958579118e+01,8.492629359658608254e-03,9.966999778947860378e-01,8.072811970491045042e-02,8.098765636702562887e+00,9.328403492251295670e-02,-8.116865036005638245e-02,9.923254199239781581e-01,-1.592759711010407564e+01
9.875133045430788403e-01,-5.361956007731795426e-03,-1.574443481938308798e-01,1.862939801488173686e+01,1.997045754508726054e-02,9.956185291347537936e-01,9.135056249956594043e-02,8.084112246971248084e+00,1.562646926719177820e-01,-9.335413151713321811e-02,9.832936244849909135e-01,-1.586385020254287248e+01
9.875226268090463444e-01,-2.421399555700633546e-02,-1.556044471065237966e-01,1.885085200575722553e+01,3.863654514693610348e-02,9.951610506866499506e-01,9.034213067749627402e-02,8.068544461397674894e+00,1.526639411232081633e-01,-9.522691644386145626e-02,9.836796000046564847e-01,-1.581211781064583555e+01
9.858690295867409414e-01,-6.750979381053652528e-02,-1.533123747169722051e-01,1.909646884156670410e+01,7.500514600574449686e-02,9.962279005892122896e-01,4.363711906468761836e-02,8.105716892207073698e+00,1.497881322880930677e-01,-5.451970127639756830e-02,9.872138155426992689e-01,-1.578002952278254334e+01
9.901329232669358049e-01,-5.792075217323093377e-03,-1.400115928327009263e-01,1.934257089500885129e+01,8.800826186352819769e-03,9.997432589021931770e-01,2.087969679038229054e-02,8.092641256046439580e+00,1.398547093283266374e-01,-2.190589291258248500e-02,9.899296905004866254e-01,-1.567921677404168612e+01
9.943174048416966171e-01,1.302740931990975862e-02,-1.056559749152226613e-01,1.952898821700239651e+01,-1.036168577364360299e-02,9.996149688207022210e-01,2.574003841320488331e-02,8.077451103978944502e+00,1.059506200869202719e-01,-2.449899418336295639e-02,9.940695475605307863e-01,-1.566759229470491022e+01
9.857320736177060949e-01,-2.715023110681133098e-02,-1.661178617493766774e-01,1.983650934680911604e+01,3.737770101837965819e-02,9.975724960143330655e-01,5.875391614447882799e-02,8.068614298121767447e+00,1.641194275761368448e-01,-6.412472336453764465e-02,9.843540183010889288e-01,-1.559820497518662918e+01
9.875766222909510006e-01,-7.701463069175940035e-02,-1.369713903112949327e-01,2.004327897521957524e+01,8.515197052696181490e-02,9.948725531100667263e-01,5.456871799512118953e-02,8.073881962919809752e+00,1.320664871183165612e-01,-6.555417399119257971e-02,9.890708231732233680e-01,-1.556794869710026141e+01
9.883431867501357715e-01,-1.359265332476470613e-02,-1.516343792818098113e-01,2.030859361890566106e+01,2.175631474488444114e-02,9.983939119565956588e-01,5.230926626062730456e-02,8.063371845214298617e+00,1.506798193963228005e-01,-5.499851219438897654e-02,9.870515466190673548e-01,-1.549000667743852411e+01
9.877005193441996678e-01,-5.921422492417269257e-03,-1.562453866290619831e-01,2.054095816094168825e+01,1.000384425602534461e-02,9.996284580935099751e-01,2.535485889708373464e-02,8.114744765425498940e+00,1.560371980884683318e-01,-2.660606181410711882e-02,9.873927841985891130e-01,-1.540896860702335758e+01
9.885318648826917354e-01,-1.713967852065623881e-02,-1.500366073055403593e-01,2.075134593166131936e+01,1.884256427747663110e-02,9.997730962596852455e-01,9.935480198235282362e-03,8.120006063222255932e+00,1.498322725016125456e-01,-1.264861318599476425e-02,9.886305187993497112e-01,-1.535180500184308094e+01
9.779424657344225613e-01,-6.012744342019492316e-02,-2.000330579205086279e-01,2.102746676413870475e+01,7.009256079422124253e-02,9.966086293575128208e-01,4.310768854214192675e-02,8.102384628122655030e+00,1.967627165765571118e-01,-5.617766849816002717e-02,9.788403868494199855e-01,-1.531573870287518346e+01
9.847266666990026618e-01,-7.087554732237467958e-02,-1.590284524342279737e-01,2.135087484479182507e+01,8.224651536586137512e-02,9.944181428220966179e-01,6.609136052786047932e-02,8.115498292881044406e+00,1.534565169748247082e-01,-7.816146120694197896e-02,9.850593298781292750e-01,-1.525630653472185116e+01
9.822887962138424633e-01,-2.962658060007360150e-02,-1.850161791701148972e-01,2.158396774007715990e+01,3.929402060418623471e-02,9.980350970339020300e-01,4.880496935032441891e-02,8.122092574289155209e+00,1.832067159727459316e-01,-5.521060414880096107e-02,9.815228415131276307e-01,-1.522457775204180663e+01
9.900858046149002556e-01,-1.927374283773903782e-02,-1.391352663313324134e-01,2.183058801907684554e+01,2.190626433226387434e-02,9.996083592339133350e-01,1.741389481670603534e-02,8.120404035789496433e+00,1.387451443585361321e-01,-2.028918398327075184e-02,9.901202623571645489e-01,-1.515992522810938148e+01
9.771170385884937470e-01,-5.254049131470017731e-02,-2.061111100170547883e-01,2.212459843173971308e+01,5.945911566408708382e-02,9.978514931521051956e-01,2.751383612943624976e-02,8.106376299465726021e+00,2.042226884175632473e-01,-3.913942240916030296e-02,9.781417070900200184e-01,-1.513346848499910280e+01
9.695563374157910586e-01,-1.399764550894307125e-01,-2.009156554315116305e-01,2.247640174029386984e+01,1.522128718111959711e-01,9.872425240497697541e-01,4.672729783356598110e-02,8.158145533223258639e+00,1.918117572826689154e-01,-7.588669664990715935e-02,9.784934639739285567e-01,-1.504933787423308367e+01
9.628432738486560893e-01,-1.786917782988287906e-01,-2.024896994239574755e-01,2.278722013421167958e+01,1.885426002828801684e-01,9.815977640686688321e-01,3.029055057206191809e-02,8.244171320951029003e+00,1.933507638541212825e-01,-6.734298733937316150e-02,9.788158172880305763e-01,-1.497943520924033223e+01
9.730487624917305567e-01,-1.606893398954152563e-01,-1.653935967844224753e-01,2.300293874656286874e+01,1.664365257782813023e-01,9.858198330400744780e-01,2.140419752511087820e-02,8.291999438466518768e+00,1.596088615966157476e-01,-4.835486354870990183e-02,9.859953440412467796e-01,-1.494633027158552530e+01
9.772096235106163542e-01,-1.347404167245332685e-01,-1.640316183518870652e-01,2.325189261325922629e+01,1.388394721251368924e-01,9.902196745866478356e-01,1.373306380693827856e-02,8.345308633599845649e+00,1.605769370060754486e-01,-3.619414541623234421e-02,9.863594837275779792e-01,-1.486207677034165719e+01
9.588400177602861563e-01,-1.791596798680999136e-01,-2.202898759612310908e-01,2.353621823198109908e+01,1.916332369727392626e-01,9.807898572334307064e-01,3.644116402333043292e-02,8.379167625286875420e+00,2.095292887135453419e-01,-7.715610836210858026e-02,9.747535135169347331e-01,-1.481991283933222903e+01
9.549016075519553004e-01,-2.245399507294176533e-01,-1.942800309376200574e-01,2.374089642709904169e+01,2.353032327804831236e-01,9.713300962159504559e-01,3.391508260589937152e-02,8.426408577661572252e+00,1.810947501661637205e-01,-7.810028624494394500e-02,9.803596466352086924e-01,-1.474948865946484844e+01
9.497019348705137975e-01,-2.375911163195869868e-01,-2.040017067311331311e-01,2.392967473003393053e+01,2.422233581284489179e-01,9.702177181241155024e-01,-2.328994420399807010e-03,8.476733664485665898e+00,1.984794187823500644e-01,-4.720212796099275410e-02,9.789677622045442895e-01,-1.472354702018661143e+01
9.655323136675365570e-01,-1.916253547629227227e-01,-1.761450387487482616e-01,2.414100276520069244e+01,1.938829321988645993e-01,9.810144981719818302e-01,-4.467994890747765784e-03,8.498674195053263603e+00,1.736570178996061919e-01,-2.983752316057051990e-02,9.843540838264738246e-01,-1.466034517998459563e+01
9.656649510634802702e-01,-1.903222551830124620e-01,-1.768294134741693058e-01,2.438526658324344254e+01,1.902255261283608279e-01,9.815815787800843406e-01,-1.765937169844494434e-02,8.550194532862851915e+00,1.769334662994947183e-01,-1.658443190610167650e-02,9.840830783636084211e-01,-1.462489759516074450e+01
9.447167070719894033e-01,-2.251569937188998838e-01,-2.383582840148933957e-01,2.461874916293157156e+01,2.295310364086338983e-01,9.732537962308792645e-01,-9.620366279873136806e-03,8.573965655599101510e+00,2.341491975306242423e-01,-4.562210321377285771e-02,9.711296396435004086e-01,-1.455758902324249604e+01
9.297610013700443599e-01,-2.927129471353643320e-01,-2.233016142142778548e-01,2.485293330065489670e+01,2.965121687012948204e-01,9.548759219290001710e-01,-1.710285158373655093e-02,8.703195269497543407e+00,2.182315608325870460e-01,-5.031008149039629257e-02,9.745993441189055861e-01,-1.448659749481474002e+01
9.300322793797670684e-01,-2.801968801577426338e-01,-2.377596846850677237e-01,2.506385878645398435e+01,2.844157729118315658e-01,9.585484601922885650e-01,-1.710314538196048076e-02,8.768561701422413535e+00,2.326964276275856336e-01,-5.171612720282767195e-02,9.711734215661480540e-01,-1.441918782104700192e+01
9.567137324318301106e-01,-2.424523710146369027e-01,-1.609834835184577040e-01,2.531318644189524036e+01,2.425982107928915943e-01,9.699397441332993086e-01,-1.905258173361049426e-02,8.836216060414486151e+00,1.607636224288443716e-01,-2.082643848595879671e-02,9.867731842543882026e-01,-1.436959710022529713e+01
9.528380236266293934e-01,-2.193712175463942982e-01,-2.097044816962939373e-01,2.556171495806137273e+01,2.288198373241053796e-01,9.732291028918007569e-01,2.160081784074134245e-02,8.869629696119258000e+00,1.993519068839531561e-01,-6.856662596797163944e-02,9.775261812478978074e-01,-1.432496582883668701e+01
9.374997347061598818e-01,-2.724038220621327611e-01,-2.165419246977859646e-01,2.575218844014701602e+01,2.957125890980041860e-01,9.516550920456560148e-01,8.310625988773175099e-02,8.911028340582667795e+00,1.834347624493083140e-01,-1.419462697978160493e-01,9.727296358267539800e-01,-1.421749221559965193e+01
9.343749283854726473e-01,-2.748525150163153019e-01,-2.267147727737410801e-01,2.593280298437074904e+01,2.932388482895432746e-01,9.546686204439867041e-01,5.117424150288581858e-02,8.955607232597971645e+00,2.023721103770591834e-01,-1.142975070978361624e-01,9.726158588120766835e-01,-1.414225338801927201e+01
9.343155557760784991e-01,-2.673156802352228967e-01,-2.357896718162555139e-01,2.610708859362005185e+01,2.799893390738820709e-01,9.597652983638298441e-01,2.136684491349926523e-02,9.020378580432851123e+00,2.205910520393057628e-01,-8.598196995281727484e-02,9.715691887885407052e-01,-1.408312567873758070e+01
9.470696367076825162e-01,-2.627627696658032530e-01,-1.844310985271577774e-01,2.637954884401619182e+01,2.652217263675206160e-01,9.641169350218589118e-01,-1.166068036979964022e-02,9.074657739413154900e+00,1.808771381048743798e-01,-3.787165802563949996e-02,9.827762707907519157e-01,-1.404258933174994972e+01
9.429800211086911688e-01,-2.774955221830885943e-01,-1.838067326247529443e-01,2.667220552497723318e+01,2.776844707922632161e-01,9.603407010942055511e-01,-2.524029521832961420e-02,9.140881726491077330e+00,1.835211553763564374e-01,-2.723918115918845875e-02,9.826382918139829892e-01,-1.398703165447832042e+01
9.408110532888566135e-01,-3.072768483509583648e-01,-1.430227271345865803e-01,2.692535040305110527e+01,3.084909601500188669e-01,9.511217921591401669e-01,-1.416559161145693885e-02,9.167515479043176541e+00,1.403847908971313230e-01,-3.079407325258715772e-02,9.896180250668846767e-01,-1.391074398943480439e+01
9.446085190679884835e-01,-2.903433296723265666e-01,-1.530212293081208430e-01,2.719187089019093762e+01,2.902214171994642045e-01,9.566676438929604398e-01,-2.363362280785573366e-02,9.262823402854635901e+00,1.532523236460574256e-01,-2.208551659066595313e-02,9.879402589499052256e-01,-1.385074678324011010e+01
9.391822252001822413e-01,-3.021109212591267523e-01,-1.632964761530267539e-01,2.748005008475331934e+01,3.032147696617691901e-01,9.527381384005799703e-01,-1.873080606795636191e-02,9.373096808185870543e+00,1.612375617745261114e-01,-3.192226328062124086e-02,9.863992182580271217e-01,-1.377297486754887501e+01
9.384182659932195358e-01,-3.343280936922981006e-01,-8.715436775258585123e-02,2.774552512113493563e+01,3.318374533160586837e-01,9.423974818256053432e-01,-4.208195367931657355e-02,9.482185001839230409e+00,9.620323605259352429e-02,1.056939056096294419e-02,9.953055939540264019e-01,-1.373540803534700139e+01
9.411034245136501442e-01,-2.934917446478300662e-01,-1.678896667226825457e-01,2.795589093617828880e+01,2.902949109141053086e-01,9.559323664291971001e-01,-4.384262207537833328e-02,9.523932910878121660e+00,1.733586140520617658e-01,-7.477074069862628923e-03,9.848303835165224118e-01,-1.368153598614949651e+01
9.259263674339739403e-01,-3.448865764660741240e-01,-1.539922448178351333e-01,2.818574613529609962e+01,3.450511207690404869e-01,9.382091632084201827e-01,-2.651961779103468100e-02,9.607617356575097745e+00,1.536231953402664163e-01,-2.857998329714334790e-02,9.877161021306577471e-01,-1.360957882880486736e+01
9.268942997307125786e-01,-3.169320886785830793e-01,-2.010497657112349790e-01,2.836143183198968742e+01,3.183722300103001834e-01,9.476087622904083574e-01,-2.601454955801762656e-02,9.667806581793730203e+00,1.987613651718553864e-01,-3.989592455714461444e-02,9.792355359762785483e-01,-1.356968179642850103e+01
9.298945466806163296e-01,-3.101060387378503647e-01,-1.978139954400840728e-01,2.856543174973579369e+01,3.084050364824095780e-01,9.504073056349500170e-01,-4.015329211902858575e-02,9.747223191070389703e+00,2.004556447844106637e-01,-2.366850510767087509e-02,9.794168348257206169e-01,-1.353352860701992988e+01
9.306087045316214779e-01,-3.030039886757427969e-01,-2.053193169104341742e-01,2.881114260983831343e+01,3.024519575532194637e-01,9.525273558641307314e-01,-3.484895554691676972e-02,9.865641077170806739e+00,2.061316385764251913e-01,-2.966848794725336982e-02,9.780743981930618558e-01,-1.347678880638818910e+01
9.016541079950562976e-01,-3.347791445867052684e-01,-2.737568152310238534e-01,2.903276481617636762e+01,3.507217230369761296e-01,9.364264844970254797e-01,9.985595751608532245e-03,9.929658225090495449e+00,2.530101628899777411e-01,-1.050160153611546382e-01,9.617471050084065443e-01,-1.343492383487256170e+01
9.105938447612237363e-01,-3.244097951987459094e-01,-2.560803285339968149e-01,2.929566477618580933e+01,3.400770217279625030e-01,9.402218911974294935e-01,1.817731019061340908e-02,1.003662437936933216e+01,2.348754333164930208e-01,-1.036391822248468875e-01,9.664845838047045889e-01,-1.339544134710821588e+01
9.500395539262521671e-01,-2.249337821271147897e-01,-2.164015703122302847e-01,2.959156586219996043e+01,2.266513214917735553e-01,9.738243917671366434e-01,-1.718233003398978234e-02,1.012992202853935098e+01,2.146020140670628906e-01,-3.272380872325560824e-02,9.761532297242079270e-01,-1.330486956528753950e+01
9.508223488163891624e-01,-2.256815750410891275e-01,-2.121430830318485894e-01,2.978840186718738181e+01,2.215509073572532184e-01,9.741840529284555572e-01,-4.336619039140694049e-02,1.013965789082956448e+01,2.164533585797689674e-01,-5.766949528093845076e-03,9.762759271090712954e-01,-1.327119260780082755e+01
9.464058386116502852e-01,-2.215258303549248464e-01,-2.350367952626566670e-01,3.012923601814043195e+01,2.231969997348893231e-01,9.745718833591139330e-01,-1.981775656353094647e-02,1.018037535129870363e+01,2.334503971963260982e-01,-3.370386701001733959e-02,9.717844212568171880e-01,-1.321090177492496132e+01
9.602490880525466066e-01,-1.902082778801330587e-01,-2.043098135678425575e-01,3.036563526820864567e+01,1.899681382804936369e-01,9.815661870667269362e-01,-2.097443313961505976e-02,1.020572055165241920e+01,2.045331154910995652e-01,-1.867167462118227150e-02,9.786815484284678845e-01,-1.314179308073041952e+01
9.696908730157950407e-01,4.521120304818320758e-03,-2.442932055155329352e-01,3.061921620220266860e+01,-1.946961865643839079e-02,9.980792681819331547e-01,-5.881078451089640641e-02,1.016120703355682586e+01,2.435580931507673741e-01,6.178457652686239476e-02,9.679163813905397040e-01,-1.305374442779425870e+01
9.525120125289843198e-01,2.124155610135968208e-01,-2.181753776833277036e-01,3.081329959448886768e+01,-2.340446687904662593e-01,9.690668264405686294e-01,-7.831078407961114540e-02,1.009812377865549493e+01,1.947920917253694872e-01,1.256547465545236053e-01,9.727625227513506667e-01,-1.295475920707735007e+01
8.932615943311722484e-01,3.715790288712039757e-01,-2.530074097651393572e-01,3.103446280093616849e+01,-4.023850837513306411e-01,9.118371002959642091e-01,-8.148218761348985373e-02,9.906037787522244287e+00,2.004244707299153716e-01,1.745913165852715498e-01,9.640269206332637841e-01,-1.290901656033247669e+01
8.284250873653978831e-01,5.204450153954840452e-01,-2.069996632210478194e-01,3.121103736818439245e+01,-5.484013641586473753e-01,8.288352164748856721e-01,-1.108518277700541871e-01,9.769483360104940672e+00,1.138763294656416902e-01,2.053513327958254031e-01,9.720406430321774094e-01,-1.285926506189446172e+01
6.792053543924305714e-01,6.773714452901148375e-01,-2.825739047934782699e-01,3.130044093341695088e+01,-7.220951593688788028e-01,6.856384933828075789e-01,-9.207842965529401680e-02,9.612241027744717670e+00,1.313722473762459764e-01,2.665854112612564553e-01,9.548159776218553274e-01,-1.284560560160162090e+01
5.255917014284049449e-01,8.050956764326664405e-01,-2.749078303341346285e-01,3.133834276143969078e+01,-8.476384399120188151e-01,5.231369329677006963e-01,-8.852584113502708074e-02,9.436336573865672150e+00,7.254266725942792871e-02,2.795508918865641235e-01,9.573864738298283328e-01,-1.284388483264094560e+01
4.566557044769785634e-01,8.435471984607733065e-01,-2.826547214139807362e-01,3.141042277090186730e+01,-8.864928618891073642e-01,4.581763684121841762e-01,-6.484459305354753345e-02,9.205810605248599288e+00,7.480623896636541537e-02,2.801830462351395101e-01,9.570274223939995162e-01,-1.282793939232715630e+01
4.501954798439585792e-01,8.459365556794031793e-01,-2.858590101664379435e-01,3.150614753749759700e+01,-8.875158911952094609e-01,4.591166539479741293e-01,-3.908248896355858565e-02,8.950590516284472997e+00,9.818132614728292129e-02,2.712991740364927851e-01,9.574743784368726640e-01,-1.281409851726988514e+01
4.244772428857599422e-01,8.630293553388257433e-01,-2.738601871312335567e-01,3.157266643501010961e+01,-9.026120318888234406e-01,4.272130380516463433e-01,-5.273082597693289075e-02,8.704899921623288961e+00,7.148839179636949648e-02,2.695725355857540584e-01,9.603228925190913090e-01,-1.277987653118830025e+01
3.586641037840830326e-01,8.773252555139885445e-01,-3.188423696657566309e-01,3.165754478532900507e+01,-9.232655820289561444e-01,3.837681226910506505e-01,1.739807595445993713e-02,8.492424791182310528e+00,1.376253090731907880e-01,2.881361206851731915e-01,9.476480624467112923e-01,-1.272006407921549354e+01
2.983433485746342928e-01,9.017075986083383787e-01,-3.129131716199520796e-01,3.172483627969371511e+01,-9.525667799814274694e-01,3.019272794564978324e-01,-3.816343270475065080e-02,8.243276121093241926e+00,6.006476535446366588e-02,3.094564986100320492e-01,9.490146992702117590e-01,-1.267289126534391031e+01
2.767967047686656357e-01,9.110701195211808878e-01,-3.055074819785414952e-01,3.180473877841690111e+01,-9.588990769539273984e-01,2.825324534944480548e-01,-2.622923825258482652e-02,7.993507069959439271e+00,6.241910321457517369e-02,3.002110091886501797e-01,9.518283487666346909e-01,-1.268749592315373498e+01
3.128294889155162628e-01,8.998234222004126703e-01,-3.040649925992703340e-01,3.185953285414227310e+01,-9.472575902280517823e-01,3.190203473354912833e-01,-3.048074377839652196e-02,7.701480347615003552e+00,6.957563237369109033e-02,2.975631476602562664e-01,9.521635387549344243e-01,-1.266567119396417773e+01
3.105840264127913142e-01,8.963925549716320607e-01,-3.162561460725270002e-01,3.199109936324507686e+01,-9.472281634858992216e-01,3.196414681822784543e-01,-2.425155907164145558e-02,7.392518338217881180e+00,7.934966185401648442e-02,3.070988752986665848e-01,9.483638078047607056e-01,-1.260457783503952633e+01
2.731973976778342417e-01,9.025755008166248539e-01,-3.327471220426670429e-01,3.212165874127649801e+01,-9.564609388045905991e-01,2.917944496753127059e-01,6.202554289952041423e-03,7.110435813709208297e+00,1.026920369020788842e-01,3.165651030424851409e-01,9.429956951612242788e-01,-1.256021026930668860e+01
2.420566851653022655e-01,9.147111300066593786e-01,-3.235925057981497432e-01,3.221981581711678899e+01,-9.700160043023773326e-01,2.356514498801936253e-01,-5.947558798877162350e-02,6.824255967608449325e+00,2.185206086467807174e-02,3.282863731733348667e-01,9.443254442323696374e-01,-1.254709222469945473e+01
2.478376469545773286e-01,9.193699491881729413e-01,-3.055084242402396622e-01,3.230782243735988857e+01,-9.681845855290839298e-01,2.462950361171744040e-01,-4.424210130534989016e-02,6.523141372346294098e+00,3.457034995327226690e-02,3.067534053825244356e-01,9.511609954105199050e-01,-1.251301763697583525e+01
3.242992654753678594e-01,9.002347755336826962e-01,-2.905294052793221948e-01,3.237262201345492230e+01,-9.441426608410645738e-01,3.270342340121091818e-01,-4.053696786964556403e-02,6.174579104967166110e+00,5.852027334256926228e-02,2.874473146577165572e-01,9.560070182294567731e-01,-1.245614681330269313e+01
2.420436782357242578e-01,9.214460076750699002e-01,-3.038949041458183231e-01,3.247419171499572599e+01,-9.682598740996155584e-01,2.495174041257642028e-01,-1.462467937884445908e-02,5.929973499139325810e+00,6.235121518234732624e-02,2.977890528176189711e-01,9.525933056594866333e-01,-1.240340331533359475e+01
2.136283532902358007e-01,9.167119865015035396e-01,-3.376419116089844352e-01,3.253903871683137083e+01,-9.764751109568997611e-01,2.107438772988223796e-01,-4.564401234298533921e-02,5.647583421331789033e+00,2.931355236422533359e-02,3.394497782964744359e-01,9.401673062079229926e-01,-1.235515505126354086e+01
1.861592278800016098e-01,9.261899229989589699e-01,-3.278978017771755904e-01,3.261676381429839466e+01,-9.821403055314724684e-01,1.661464602860215911e-01,-8.829368032293580248e-02,5.374723764564400597e+00,-2.729765787875045382e-02,3.384783305761352445e-01,9.405781507162099819e-01,-1.234168663105802466e+01
1.938189624331768390e-01,9.332482734864184781e-01,-3.024596995236649710e-01,3.267392531646897424e+01,-9.809731627131528242e-01,1.878911613672837044e-01,-4.887295281242098194e-02,5.152527787679866300e+00,1.121890537792488360e-02,3.061773530401489252e-01,9.519083803851332570e-01,-1.231546113563052103e+01
3.669863655366001343e-01,8.876877685085289293e-01,-2.780852983359335395e-01,3.280744391927139247e+01,-9.298957909136716937e-01,3.580484219233428522e-01,-8.423268723742818875e-02,4.859751327255649400e+00,2.479567605999248581e-02,2.895025961862027764e-01,9.568560086293939060e-01,-1.229039348185232328e+01
3.987400093076074459e-01,8.723165468226531383e-01,-2.829668657577616431e-01,3.295239976212261723e+01,-9.151731425146435450e-01,3.983059824629882617e-01,-6.172895231626059076e-02,4.619715582369302354e+00,5.886020894661609520e-02,2.835774787841852107e-01,9.571412065777776812e-01,-1.225598063615835187e+01
4.913896774123991951e-01,8.279580875000198681e-01,-2.702250733663467686e-01,3.316384468767175520e+01,-8.656492114456557641e-01,4.984483052748699405e-01,-4.691193549750418551e-02,4.374766828943727148e+00,9.585211346679414768e-02,2.569721625233330475e-01,9.616536174902213796e-01,-1.218785209482938647e+01
5.947077650091185941e-01,7.547740958878217388e-01,-2.768370250067360705e-01,3.336781226130273836e+01,-7.912024079359566420e-01,6.105480521989876674e-01,-3.506886984725875872e-02,4.171852632626639412e+00,1.425532318616518634e-01,2.398898499994158717e-01,9.602767496680603143e-01,-1.208551165008755213e+01
6.519119329551670283e-01,7.067089329137604681e-01,-2.749060126853388186e-01,3.356795444237873483e+01,-7.400308419214330913e-01,6.720172573294510565e-01,-2.733420670981484557e-02,3.881891034363307291e+00,1.654242566122385294e-01,2.212584235487877471e-01,9.610824758224406628e-01,-1.205744536215076934e+01
6.470399184284727490e-01,7.206452444835899085e-01,-2.490176209894833514e-01,3.369213876597476798e+01,-7.541619652630545678e-01,6.529478676389172120e-01,-6.999151588839844229e-02,3.679297275963828717e+00,1.121564715504264620e-01,2.330869231616745085e-01,9.659665688523494387e-01,-1.201146357786136321e+01
4.918643497664497155e-01,8.184329593558453686e-01,-2.970470543009313125e-01,3.380648936417335904e+01,-8.634490222957943439e-01,5.023717742371135442e-01,-4.558932272242043060e-02,3.439411507089252140e+00,1.119162513903269179e-01,2.789087511891416571e-01,9.537739046466146009e-01,-1.200336653150817057e+01
4.506021262009964889e-01,8.486498128591656309e-01,-2.770401035901553510e-01,3.387280244632724902e+01,-8.924795097596046611e-01,4.355131251469065434e-01,-1.175101803420798702e-01,3.194418982959219555e+00,2.092960874921738490e-02,3.002029529482962977e-01,9.536457091177659162e-01,-1.191967127624865519e+01
4.314178680229764362e-01,8.475082889002263364e-01,-3.092059562749716606e-01,3.398998727330400271e+01,-9.001405381434905983e-01,4.272588884612952831e-01,-8.483427268246652997e-02,2.875350942237887786e+00,6.021324390244286312e-02,3.149278369344757911e-01,9.472036860055582652e-01,-1.190751084185203368e+01
4.591765014022538005e-01,8.513073457262329002e-01,-2.538360566833278154e-01,3.408290129703348015e+01,-8.882565807949768244e-01,4.440209848842125995e-01,-1.176673771988995532e-01,2.635804620119421848e+00,1.253743332589238139e-02,2.795016423833833197e-01,9.600633545087475795e-01,-1.193266946328552613e+01
4.658881375878424769e-01,8.347145048871442707e-01,-2.935982605294868431e-01,3.423250711291770187e+01,-8.839367759343245146e-01,4.540621665270364593e-01,-1.117288014775205673e-01,2.377341210365832680e+00,4.005021105764449557e-02,3.115754230676448522e-01,9.493770253879409982e-01,-1.191423618879176338e+01
3.724074175909772855e-01,8.777259293000877483e-01,-3.015127001595723777e-01,3.437447203961980335e+01,-9.280443966598115324e-01,3.498142861209673216e-01,-1.279201432691587093e-01,2.093447202385866568e+00,-6.805376664397662888e-03,3.274555821175966774e-01,9.448420654207139169e-01,-1.190625907487229362e+01
3.627074509310845851e-01,8.830404153248656574e-01,-2.977967930350543524e-01,3.454277252444036606e+01,-9.317307377623657016e-01,3.497710237474682682e-01,-9.766300863399288157e-02,1.779365159057175072e+00,1.792030546254584980e-02,3.128895265897142508e-01,9.496204540776238545e-01,-1.192536157194991908e+01
3.816020282830364097e-01,8.862313387618940830e-01,-2.626288373476395321e-01,3.462156118810251826e+01,-9.242703390853070911e-01,3.627140018282318801e-01,-1.190079542084419573e-01,1.512615329639290351e+00,-1.020942199160462457e-02,2.881537212566393502e-01,9.575297387697926377e-01,-1.191970952298113673e+01
3.638728351947673745e-01,8.864089396709099455e-01,-2.861393916936533222e-01,3.476592914116911714e+01,-9.314133714979327960e-01,3.489379402742099900e-01,-1.034961121590735056e-01,1.230520720947792856e+00,8.105010929911810047e-03,3.041734792987114133e-01,9.525821766593900453e-01,-1.191423589666407779e+01
3.575176678487039794e-01,8.905117916688313207e-01,-2.813714023755630178e-01,3.485120315870127428e+01,-9.336327836586901796e-01,3.480977129488888044e-01,-8.460382684888571869e-02,9.890874399053416477e-01,2.260403622691318712e-02,2.929449285079359644e-01,9.558620854536138411e-01,-1.189557741777807642e+01
3.352291254038735624e-01,8.999807010975408028e-01,-2.786685686132046036e-01,3.497886944689760469e+01,-9.404582920975329552e-01,3.020115118211937899e-01,-1.559719447607994802e-01,6.924201982704865088e-01,-5.621062449345034379e-02,3.143625047289431707e-01,9.476373680446548153e-01,-1.192024519756286161e+01
3.197273903159603137e-01,9.051825560908797197e-01,-2.800338122986691936e-01,3.509538804610545526e+01,-9.475081298488239323e-01,3.049278093842709980e-01,-9.616327227424938118e-02,3.899027443166716567e-01,-1.655219661510028703e-03,2.960803458740380312e-01,9.551616036226441286e-01,-1.194817468002843164e+01
3.921574258389993739e-01,8.819083276576471508e-01,-2.616299963066568979e-01,3.519288222470405003e+01,-9.195257316428026018e-01,3.677181327517790033e-01,-1.387652827342316930e-01,6.384393161140627937e-02,-2.617216471934921337e-02,2.949933498464601955e-01,9.551407966055404097e-01,-1.193253794826999226e+01
3.717657510921488218e-01,8.895907705257884990e-01,-2.653648192775823755e-01,3.531280449785785436e+01,-9.277085977908408054e-01,3.455876543376322219e-01,-1.411592389975331596e-01,-2.106980192954508446e-01,-3.386715074878117460e-02,2.986593949045404095e-01,9.537586602151574278e-01,-1.191922894560472912e+01
3.623153748394623563e-01,8.877799081330184361e-01,-2.838563084912312240e-01,3.545784639012736505e+01,-9.272273518170830453e-01,3.123579645810842242e-01,-2.065960793554391106e-01,-4.762228363019752053e-01,-9.474706959699337461e-02,3.380522691509270650e-01,9.363459062358796547e-01,-1.190241380325790921e+01
3.269878711454523024e-01,9.000761247198182380e-01,-2.879963573261283827e-01,3.555782796149181024e+01,-9.424904380733925002e-01,2.882773869801469879e-01,-1.691387663905615513e-01,-7.735306252456803922e-01,-6.921492804293141732e-02,3.267401381300621965e-01,9.425763501545956213e-01,-1.193803769016136584e+01
3.350349683416064539e-01,9.058393959659728489e-01,-2.592422780032993535e-01,3.563912461578721746e+01,-9.415957994234442907e-01,3.119968580021942883e-01,-1.267095541183895502e-01,-1.034010423203803875e+00,-3.389572976736006382e-02,2.865535714535056289e-01,9.574644276372766827e-01,-1.193244503618249475e+01
3.711689656063906217e-01,8.809567358816731142e-01,-2.935112067287885540e-01,3.571903097418466189e+01,-9.258496649344033491e-01,3.269518730791785011e-01,-1.894858058823073177e-01,-1.275247857593125644e+00,-7.096475823627948487e-02,3.420785029707711367e-01,9.369878872716239648e-01,-1.192867553307692319e+01
3.065056244402772356e-01,9.040937476000109330e-01,-2.977730641563183789e-01,3.581793151668792774e+01,-9.498325741761092234e-01,2.700477971714794756e-01,-1.577728375761021651e-01,-1.538271879003145548e+00,-6.222847596125175018e-02,3.311928181488816847e-01,9.415088602802103024e-01,-1.194213851950337002e+01
2.924472606809247477e-01,9.030552935561313443e-01,-3.145882014641873115e-01,3.589556490234663499e+01,-9.497419119079039129e-01,2.358736589444664355e-01,-2.058006748814648623e-01,-1.791264199058441031e+00,-1.116463187290155645e-01,3.589634435376365951e-01,9.266500664856501812e-01,-1.194615104761431112e+01
2.926192427669118690e-01,8.930983982734131965e-01,-3.416858641559264442e-01,3.601580076603862324e+01,-9.558963252895743556e-01,2.637799436089626748e-01,-1.291601976134220953e-01,-2.095037411871236266e+00,-2.522288763019596772e-02,3.644110211713075809e-01,9.308965643875146689e-01,-1.202120979178114979e+01
3.299550429943671759e-01,8.827061308978467746e-01,-3.346035804918082168e-01,3.609627988982995106e+01,-9.438899418855593026e-01,3.031679988977491469e-01,-1.309997788227431903e-01,-2.299333219417102558e+00,-1.419320999137499775e-02,3.590529917988243280e-01,9.332092487060194008e-01,-1.200611072780482047e+01
3.695422262295045557e-01,8.684342782581586651e-01,-3.305456812296480584e-01,3.624286243741268265e+01,-9.287624303060256770e-01,3.341147510399785636e-01,-1.605231484538470754e-01,-2.608865198737080338e+00,-2.896361657986106300e-02,3.663184918670133183e-01,9.300386397515378878e-01,-1.202039727036648564e+01
3.848963571047516741e-01,8.634729929400496440e-01,-3.259895469959790959e-01,3.640866659072305112e+01,-9.207482952048413605e-01,3.347902290077595100e-01,-2.003449012036693511e-01,-2.861171121970782494e+00,-6.385429636969242040e-02,3.772663422889506735e-01,9.239008257443257488e-01,-1.200415733428473253e+01
3.676672736322931789e-01,8.725596828925424875e-01,-3.216525698486821794e-01,3.657619183448512246e+01,-9.250035107439702475e-01,3.074834090699340994e-01,-2.232094493027997895e-01,-3.143689409144406532e+00,-9.586073758909330333e-02,3.795965660239777328e-01,9.201723567091537603e-01,-1.205239884715119025e+01
3.539425797427649956e-01,8.972435802671374638e-01,-2.639670583888157895e-01,3.670229041889135146e+01,-9.337872191171793235e-01,3.231444034721729919e-01,-1.536851454045453647e-01,-3.373780037893109540e+00,-5.259353247729290498e-02,3.008847822240616754e-01,9.522091514827707437e-01,-1.205433233331813803e+01
4.578356435578721517e-01,8.469785817251447302e-01,-2.702106688989359684e-01,3.683604530554523393e+01,-8.874257696931635575e-01,4.170966630712525380e-01,-1.962291439601166476e-01,-3.715708652979890836e+00,-5.349791372048273708e-02,3.296326072367338211e-01,9.425923389641294170e-01,-1.204659442748443254e+01
3.912200501227484084e-01,8.719957202452460754e-01,-2.942283743215933778e-01,3.697164880432470113e+01,-9.186205339107912371e-01,3.507218575407585748e-01,-1.820178379187341600e-01,-4.012530722650465620e+00,-5.552645369016335347e-02,3.414932539848083426e-01,9.382425967858529781e-01,-1.205650307426229695e+01
3.748695409543467694e-01,8.680928487506704982e-01,-3.254038002430545973e-01,3.708740334226182256e+01,-9.192220944093092427e-01,3.024482673617784889e-01,-2.521027304882259568e-01,-4.310250194359305453e+00,-1.204307619108976601e-01,3.936239976396284090e-01,9.113487697186833936e-01,-1.213000049543355985e+01
3.589564252181883242e-01,8.749619736459748331e-01,-3.249489644053637494e-01,3.724417265113432052e+01,-9.304360564343646667e-01,3.079378394419007847e-01,-1.986530440912486761e-01,-4.580684612087511987e+00,-7.374977750099011298e-02,3.736520195494638097e-01,9.246324343246676847e-01,-1.213905258035916113e+01
5.049137122675270151e-01,8.057398134803342993e-01,-3.095892377601328627e-01,3.745257807870223843e+01,-8.616452876374256498e-01,4.491798698273588020e-01,-2.362304866736991693e-01,-4.858614338181873826e+00,-5.127905475378830014e-02,3.860321197964638462e-01,9.210589888975656558e-01,-1.212509935342725598e+01
5.109248238526360453e-01,7.944393485094970453e-01,-3.283625220864248573e-01,3.757986145988231641e+01,-8.592941341985445014e-01,4.613955357045262939e-01,-2.207436308569395433e-01,-5.105845996634263528e+00,-2.386242450225362771e-02,3.949433898316788150e-01,9.183955049569526574e-01,-1.213493867696445250e+01
4.724428115316509080e-01,8.093099689705852695e-01,-3.490202916119613530e-01,3.771050025798990646e+01,-8.801782259884931570e-01,4.127266138266987849e-01,-2.343993019078646212e-01,-5.394243187499031755e+00,-4.565172863997005170e-02,4.179403263194111928e-01,9.073267345935563943e-01,-1.209661657298553550e+01
4.512872476757862072e-01,8.269203231939168397e-01,-3.354736937139498054e-01,3.782046022680080455e+01,-8.893701082364395827e-01,3.859303895792391415e-01,-2.451092510998277851e-01,-5.605314018491176498e+00,-7.321632782867859568e-02,4.089749545975688849e-01,9.096036806495448879e-01,-1.210871030221245093e+01
4.518285857315645360e-01,8.221136674741553740e-01,-3.463813604511759014e-01,3.801363740481433950e+01,-8.919678580379377664e-01,4.231182727603962634e-01,-1.592616321763355436e-01,-5.886893948584102532e+00,1.562911843408962276e-02,3.809199981734372464e-01,9.244758978191487397e-01,-1.213803021453096598e+01
5.137709033139027381e-01,7.831049771694900130e-01,-3.504084097740639003e-01,3.814978753616750140e+01,-8.579269184567693829e-01,4.685212401000606319e-01,-2.108299081306334588e-01,-6.147854596368237168e+00,-9.281677044517364517e-04,4.089430795446629685e-01,9.125594206391379748e-01,-1.213498130592341440e+01
4.971319757891579094e-01,7.773731502356782119e-01,-3.854228638010793184e-01,3.827083179032332794e+01,-8.672763199781586829e-01,4.586523140632717821e-01,-1.935712778527507449e-01,-6.322689613000293640e+00,2.629797431571866823e-02,4.304985947678138802e-01,9.022080560767714585e-01,-1.213929953926506045e+01
4.793152680093810680e-01,8.084974211726249083e-01,-3.414510123140795939e-01,3.837926649430637838e+01,-8.776412998762738171e-01,4.422693992890956993e-01,-1.847796720528133985e-01,-6.540805147123150753e+00,1.619445762977591002e-03,3.882392283240787556e-01,9.215572033171592903e-01,-1.213537690910174582e+01
5.551420764988611589e-01,7.519764090577552018e-01,-3.554557006451515289e-01,3.857775664620476164e+01,-8.317231337406648661e-01,4.981029304554803194e-01,-2.452143949124302724e-01,-6.781679939823995973e+00,-7.341913997064644648e-03,4.317695576256681544e-01,9.019540705637920652e-01,-1.216629414756006788e+01
5.575305508849457414e-01,7.431467181169387759e-01,-3.699900541662592968e-01,3.872067334239878278e+01,-8.242125925386176721e-01,5.487593617502041221e-01,-1.397739789527284726e-01,-6.977088879059740734e+00,9.916293224133272688e-02,3.828787252427723886e-01,9.184609924355906507e-01,-1.214968740032820449e+01
6.039619711853125850e-01,7.068582774945243452e-01,-3.682136783165789740e-01,3.881050389446438942e+01,-7.932902735272731043e-01,5.777435537276448541e-01,-1.921013483897878182e-01,-7.142128507496630974e+00,7.694465081456633437e-02,4.081222386290958015e-01,9.096789318476049546e-01,-1.213141492477190475e+01
5.464136278845401762e-01,7.560474279505803308e-01,-3.603115789859754892e-01,3.898915507828971272e+01,-8.360430951916446585e-01,5.178937823633602555e-01,-1.811573160867248622e-01,-7.391903377977620870e+00,4.963960358856191191e-02,4.002228340295981290e-01,9.150724522554959384e-01,-1.212669740106256100e+01
5.199574071140831144e-01,7.895841280824168473e-01,-3.258852550630800815e-01,3.916169251810204344e+01,-8.529909317021482362e-01,4.597276949890342079e-01,-2.470969787228670389e-01,-7.569335475676492564e+00,-4.528537535563217920e-02,4.064570717067152450e-01,9.125469213352820352e-01,-1.212342940590507467e+01
5.131508800584270169e-01,7.954041172598632636e-01,-3.225034333791182428e-01,3.930172685431269031e+01,-8.561496536302083404e-01,4.477863307451637187e-01,-2.578665790416737047e-01,-7.762516204292056798e+00,-6.069550958791152667e-02,4.084356647549763908e-01,9.107669091880886691e-01,-1.213894199636254001e+01
5.081957200739173341e-01,7.922722873075869199e-01,-3.377006557040668766e-01,3.947212070568559028e+01,-8.604581409842312345e-01,4.503521264888271092e-01,-2.383164907868332016e-01,-8.010287429563453188e+00,-3.672734284580501940e-02,4.116886990571816396e-01,9.105841626978209424e-01,-1.214546332126927908e+01
5.278561421163938672e-01,7.861835833276674679e-01,-3.213771406557498489e-01,3.959095121894076641e+01,-8.473680953176863095e-01,4.617490161935752235e-01,-2.622120460275237375e-01,-8.183401529391964857e+00,-5.775122741270211774e-02,4.107349745886424985e-01,9.099239398883806063e-01,-1.217320665859549145e+01
5.027161741572506726e-01,7.979989929416209105e-01,-3.323763762737287353e-01,3.975252816249822985e+01,-8.641266452877806037e-01,4.533562946532097016e-01,-2.185250809449494624e-01,-8.426951827314614007e+00,-2.369787214883817272e-02,3.970713756523753801e-01,9.174817346918396899e-01,-1.218084442385533528e+01
5.056711218282392561e-01,8.089155433248834681e-01,-2.999205900173882444e-01,3.992666708434710188e+01,-8.585661188011364242e-01,4.377453156368354414e-01,-2.669143276123605579e-01,-8.621163700811104391e+00,-8.462231499860206618e-02,3.924725243955490273e-01,9.158626433034936509e-01,-1.218014560109642730e+01
5.014893525530832452e-01,8.049551974794841858e-01,-3.171049657868093008e-01,4.007110112689795045e+01,-8.637949249245764349e-01,4.452411251180690144e-01,-2.358361044838978571e-01,-8.819531479949009878e+00,-4.864932631018352438e-02,3.921829554612990543e-01,9.185998979399060405e-01,-1.223276093355832117e+01
5.217939951031046464e-01,8.002780779494841346e-01,-2.954420833730704854e-01,4.029082993074214158e+01,-8.530369749672462865e-01,4.925992078607226987e-01,-1.722612543601049206e-01,-9.077146910836203730e+00,7.677630693823200674e-03,3.419079091926168212e-01,9.397020994009017691e-01,-1.228844689499624110e+01
5.645533479926557741e-01,7.722118944351137326e-01,-2.914932372512537007e-01,4.047238290402557226e+01,-8.251968554253034105e-01,5.202798027016828364e-01,-2.199069728246187683e-01,-9.361471865602513986e+00,-1.815673611843379720e-02,3.646885205125455220e-01,9.309525315180661176e-01,-1.229271011877641939e+01
5.279449183409216095e-01,7.921812531588307005e-01,-3.061421652463146015e-01,4.060588267815030150e+01,-8.474061155338118434e-01,4.674411852595232730e-01,-2.517967705890338803e-01,-9.593805103374988263e+00,-5.636522468591435159e-02,3.923615685396256159e-01,9.180824369190550005e-01,-1.228133262681298810e+01
4.677630569717043940e-01,8.346745879800792078e-01,-2.907164507088836336e-01,4.073896766065990249e+01,-8.748215919369313198e-01,3.903185913519534589e-01,-2.869469977643234193e-01,-9.802492109883901961e+00,-1.260353316075274177e-01,3.885482330744932100e-01,9.127679692897145980e-01,-1.228889138438182549e+01
4.549664998514277303e-01,8.272503659142261823e-01,-3.296396761734234349e-01,4.092093063805610598e+01,-8.887627613840828333e-01,3.986513325932914409e-01,-2.262252616277223016e-01,-1.009673376815741008e+01,-5.573363427841957624e-02,3.958963843183854192e-01,9.166023210169982338e-01,-1.231258195648728559e+01
5.241871002390576795e-01,7.960073887431395878e-01,-3.026551189213489979e-01,4.108171979935812601e+01,-8.499984398588592560e-01,4.672359390452869299e-01,-2.432965875263624622e-01,-1.037377576067340179e+01,-5.225453263089803457e-02,3.847893116119466828e-01,9.215240905634155544e-01,-1.227404356178203670e+01
5.212981101062627021e-01,7.809002392238891810e-01,-3.441556287200759900e-01,4.120038864082803798e+01,-8.530575296828253329e-01,4.658553844234452068e-01,-2.350991532420273755e-01,-1.054025003233391722e+01,-2.326223228915052718e-02,4.161412947350397462e-01,9.090023604838272098e-01,-1.226787371203762866e+01
4.934040689198226359e-01,8.063497928036162943e-01,-3.261172126995557918e-01,4.134249944551397959e+01,-8.668327413679617344e-01,4.249061134337985823e-01,-2.608750529642243632e-01,-1.077158816664674212e+01,-7.178734753330415219e-02,4.114058901038576965e-01,9.086208066745909973e-01,-1.226867807538950395e+01
4.879224990208694268e-01,8.163020956149730223e-01,-3.091642340954599555e-01,4.146748455558033442e+01,-8.689906267665442607e-01,4.208282250000029423e-01,-2.603053891782383111e-01,-1.093162060216781661e+01,-8.238279881819036976e-02,3.956696775568588897e-01,9.146904288998175536e-01,-1.228255399558850947e+01
5.118004889066190000e-01,8.039853484601001687e-01,-3.027669384467800984e-01,4.164840333956810525e+01,-8.590897273488559138e-01,4.769007146549907317e-01,-1.858239724180554830e-01,-1.121697691332585656e+01,-5.009981897598417624e-03,3.552087665346235767e-01,9.347735727214031565e-01,-1.234506158377050866e+01
5.233373700423880059e-01,8.008728443693304833e-01,-2.910681780423514109e-01,4.169597159875017667e+01,-8.515105573441462683e-01,4.785298598613348386e-01,-2.143337209879758454e-01,-1.142017062047041165e+01,-3.236924232320326916e-02,3.600164723632346409e-01,9.323842404173042775e-01,-1.237094835272747950e+01
3.250555122819261955e-01,8.951738065017045276e-01,-3.049635553445401714e-01,4.169268308658566013e+01,-9.390641103035269888e-01,2.674125128733946255e-01,-2.159841306637608760e-01,-1.162585131312237863e+01,-1.117922657207534864e-01,3.565871620122966212e-01,9.275495055322039439e-01,-1.241742901988207848e+01
1.111088531698394000e-01,9.384177092321860369e-01,-3.271498521269703419e-01,4.165752469525220647e+01,-9.664358260686664037e-01,2.529855323009230772e-02,-2.556594948274705237e-01,-1.178429581826660844e+01,-2.316389795312030764e-01,3.445753708608313981e-01,9.097313872555254921e-01,-1.247243867898925274e+01
1.187317917897015747e-02,9.366581516065550783e-01,-3.500436182037528487e-01,4.163639535421813775e+01,-9.604982830790947945e-01,-8.665391396287276671e-02,-2.644506521017199741e-01,-1.203305674625374522e+01,-2.780325085638271077e-01,3.393561642638978637e-01,8.986296890030950335e-01,-1.256626672938222988e+01
-1.523729991561118338e-02,9.438924745479928546e-01,-3.299012294353375063e-01,4.161102797806470477e+01,-9.494265951417421023e-01,-1.171455454091299420e-01,-2.913178017704288747e-01,-1.233966787711009161e+01,-3.136191402463181510e-01,3.087781042795343933e-01,8.979416000991916613e-01,-1.266878223920492630e+01
3.078644300015075889e-03,9.493904309411063114e-01,-3.140833194977620257e-01,4.156416770103047043e+01,-9.402136554318512029e-01,-1.042206595436403760e-01,-3.242473380981923947e-01,-1.254466317318802560e+01,-3.405712907582634230e-01,2.963036681543917417e-01,8.923089891677107310e-01,-1.274341694524959223e+01
-7.305757828938247433e-03,9.471967510944537816e-01,-3.205697125722501428e-01,4.157295943119340365e+01,-9.501123270164698598e-01,-1.065412627280172136e-01,-2.931476170595062603e-01,-1.276340698192085732e+01,-3.118223724396517738e-01,3.024355700846542150e-01,9.007216739890722135e-01,-1.280195966986340217e+01
8.105604027110839549e-02,9.461944907568387020e-01,-3.132824667883186698e-01,4.167016689736376378e+01,-9.363878363175721642e-01,-3.539580128088034433e-02,-3.491775440204865633e-01,-1.307243128081167782e+01,-3.414787523874125985e-01,3.216568403020365619e-01,8.831359684413524480e-01,-1.290282102866899194e+01
1.958458862372589038e-01,9.414566459830410183e-01,-2.744153286139538461e-01,4.177974238919457406e+01,-9.477698850204034908e-01,1.098814925509864343e-01,-2.994299628346790976e-01,-1.333838707617563735e+01,-2.517471626301943100e-01,3.187247108856305355e-01,9.138040954047628173e-01,-1.298051338378361486e+01
3.631929226629220797e-01,8.902153202165391521e-01,-2.749683337755964851e-01,4.190324258440417537e+01,-9.145141536162623153e-01,2.841656771087026634e-01,-2.879474444909739805e-01,-1.354820727038293882e+01,-1.781986637522737504e-01,3.560429069720602024e-01,9.173214728936568418e-01,-1.300659448123145800e+01
4.299977892841929106e-01,8.598286568801689622e-01,-2.753117905545456323e-01,4.199112798740520702e+01,-8.896401794979724720e-01,3.515997899743787958e-01,-2.914068268122536054e-01,-1.373261933665482104e+01,-1.537603727672449128e-01,3.702327220784452644e-01,9.161252530461442278e-01,-1.303807294562603580e+01
4.300266882448010031e-01,8.562375020296291162e-01,-2.862418339713256876e-01,4.217802574780534997e+01,-8.913001226147586609e-01,3.521590869547097102e-01,-2.856012410724785844e-01,-1.401755927547766412e+01,-1.437398303328786264e-01,3.779435375731193814e-01,9.146023964448106724e-01,-1.306342760166922190e+01
4.095710301965430067e-01,8.734431303361989141e-01,-2.633413550740613673e-01,4.234543456959232799e+01,-8.873282580272919828e-01,3.143629218453205532e-01,-3.373788906780076924e-01,-1.420616216417981548e+01,-2.118965165593666156e-01,3.718508456859722644e-01,9.037847170829083066e-01,-1.311236699603635714e+01
4.013132984833951422e-01,8.595458966122937472e-01,-3.164308582887327415e-01,4.246087487057639009e+01,-9.101583916606550417e-01,3.354685921214591859e-01,-2.430484021542508588e-01,-1.450964095731619352e+01,-1.027586422159559726e-01,3.855407570115151894e-01,9.169509180610051491e-01,-1.317515771222231002e+01
4.443312819263243174e-01,8.411858485157079901e-01,-3.081818945989792669e-01,4.256493980912750885e+01,-8.920815602286960022e-01,3.838796470195229849e-01,-2.383839476644783462e-01,-1.473843195734919043e+01,-8.222044637220553287e-02,3.808448304245088400e-01,9.209761198518024994e-01,-1.316710418566290386e+01
5.014293424948503830e-01,8.024583745860235373e-01,-3.234643280826153822e-01,4.273415560643336164e+01,-8.609936180117097049e-01,4.259929940179577601e-01,-2.778847940977005604e-01,-1.499523773896338419e+01,-8.519744261589351497e-02,4.178403117273050138e-01,9.045169261364540692e-01,-1.317556771988559383e+01
4.654776827655333071e-01,8.355702890306055952e-01,-2.918095593645596009e-01,4.291734491117097861e+01,-8.734608813946848072e-01,3.804881701670462246e-01,-3.038006600324503204e-01,-1.526069692285095591e+01,-1.428167200311311613e-01,3.962966621765076636e-01,9.069467128929394883e-01,-1.316653281276678200e+01
4.696682130945333267e-01,8.378153869204172377e-01,-2.783471700017414729e-01,4.304872793883136950e+01,-8.654839806874160546e-01,3.747350137143781734e-01,-3.324321715327027138e-01,-1.545879757351026562e+01,-1.742103578495060867e-01,3.970378406850843533e-01,9.011169204282384326e-01,-1.319419197502718966e+01
4.751485389939124615e-01,8.264180564265255491e-01,-3.021043890845569457e-01,4.318437273712655156e+01,-8.718931143351585922e-01,3.959729823659404735e-01,-2.881107328982379645e-01,-1.570222092417511561e+01,-1.184747359857322713e-01,4.002981304583183575e-01,9.086941970127715429e-01,-1.324654925580342812e+01
5.482181390881012417e-01,7.792145452549661400e-01,-3.037788084081480822e-01,4.337514778140283056e+01,-8.283132719122205945e-01,4.556878027676294907e-01,-3.259536009662735712e-01,-1.596459714581626876e+01,-1.155594892202769647e-01,4.303176952809453226e-01,8.952500687401501178e-01,-1.326686492456346222e+01
5.089770514475723262e-01,8.095461367739172909e-01,-2.925361747445263116e-01,4.354309646629509700e+01,-8.508672380146513614e-01,4.217417495670583438e-01,-3.133031119306575740e-01,-1.619605007223279713e+01,-1.302586057542998721e-01,4.083735411440618801e-01,9.034731576092366323e-01,-1.329540350784375669e+01
5.177767580203017639e-01,8.072995214233830152e-01,-2.831513933632701097e-01,4.373229004286159949e+01,-8.383154588915234795e-01,4.127382014099765239e-01,-3.561942847384709232e-01,-1.645392389231112418e+01,-1.706880787796280219e-01,4.217993122403503325e-01,8.904779166021392633e-01,-1.331751581975296439e+01
5.167907746220615772e-01,8.039335062078167837e-01,-2.943097226765277186e-01,4.392474211231260028e+01,-8.477926050372620592e-01,4.327691907533205984e-01,-3.065265508546491935e-01,-1.670684064189466511e+01,-1.190587842608126917e-01,4.079237001341310398e-01,9.052200068266368360e-01,-1.338685495700102202e+01
5.361883031866436777e-01,7.945624436181203398e-01,-2.849081022319795986e-01,4.415952075913780561e+01,-8.414867897457696255e-01,4.766298259820445637e-01,-2.544091029575862306e-01,-1.697689722665382561e+01,-6.634821933697167273e-02,3.761575895498129318e-01,9.241771375742245942e-01,-1.342576733392801103e+01
5.644847909978304434e-01,7.821827441580950779e-01,-2.637177951398934073e-01,4.431707206244198716e+01,-8.214859678867262316e-01,5.010888220836081652e-01,-2.721595064444189971e-01,-1.718116505409598815e+01,-8.073243027027390828e-02,3.702703703027999116e-01,9.254091676542234302e-01,-1.344527960144555578e+01
5.169289724832041300e-01,7.974394637960683374e-01,-3.112470706498247641e-01,4.446113715241131814e+01,-8.538491841785774694e-01,4.543962406885533878e-01,-2.539008214356288096e-01,-1.745400281729348890e+01,-6.104103607440513474e-02,3.970067480896866119e-01,9.157836173934403856e-01,-1.347245001801044850e+01
4.771448468915206464e-01,8.231538245284304445e-01,-3.078158154628912735e-01,4.455943351024885857e+01,-8.713237248994640805e-01,3.974398189918421642e-01,-2.878134060586026166e-01,-1.763436013255082102e+01,-1.145764439672960766e-01,4.055359064792520285e-01,9.068698181348083809e-01,-1.349442552970873166e+01
4.377195924995047616e-01,8.376857441758288614e-01,-3.266254006452266601e-01,4.468557830092971983e+01,-8.966762650129250778e-01,3.799914972593063656e-01,-2.271082071900976662e-01,-1.786442421755392829e+01,-6.613043251437579484e-02,3.922869562134552734e-01,9.174626476757755666e-01,-1.352466332380074832e+01
4.367486688408307449e-01,8.496487617509257406e-01,-2.955462432866984290e-01,4.481321421252148696e+01,-8.991168270193140577e-01,4.017094123832574137e-01,-1.738346322612902284e-01,-1.807468803296983140e+01,-2.897467232745489993e-02,3.416526447399689248e-01,9.393795498656021259e-01,-1.353905512990880844e+01
4.790862417713951937e-01,8.269027957748369406e-01,-2.944624581930912477e-01,4.492213149492375379e+01,-8.736239922760570265e-01,4.166349555940614402e-01,-2.513890091009898797e-01,-1.833823595777257154e+01,-8.519092125927875403e-02,3.776864838948987835e-01,9.220061967351975696e-01,-1.354808533926627945e+01
4.516614478198658911e-01,8.426457552561672504e-01,-2.931724197499239182e-01,4.504039010503746709e+01,-8.844360172112032403e-01,3.796466258292356954e-01,-2.713694362968309681e-01,-1.851587162596982594e+01,-1.173663836575335462e-01,3.818593597716818944e-01,9.167380003806506750e-01,-1.356479175398708215e+01
4.659049368947416614e-01,8.340175829631240045e-01,-2.955457005024009765e-01,4.520059638672235991e+01,-8.649001205231542366e-01,3.587534804770955987e-01,-3.510608519396642424e-01,-1.881631206776980747e+01,-1.867628745124173262e-01,4.191784960537906501e-01,8.884869257056859926e-01,-1.359361217002586031e+01
4.740020104134943235e-01,8.345986967227300157e-01,-2.806547871544073369e-01,4.533632902917877772e+01,-8.738232003936833303e-01,4.066140636549082088e-01,-2.666421153752394635e-01,-1.911627208335402628e+01,-1.084209784945107946e-01,3.716315630658431624e-01,9.220275878494801347e-01,-1.364180490629654585e+01
5.486105305125669185e-01,7.938250177653763950e-01,-2.624277557357821422e-01,4.550225007473029848e+01,-8.307361427919283114e-01,4.821324483467836486e-01,-2.782548531658061708e-01,-1.942326523427001916e+01,-9.436072737060491322e-02,3.706617641744759384e-01,9.239620715749945479e-01,-1.362201373113826719e+01
5.490835548586557868e-01,7.905755282314799182e-01,-2.711043783218886061e-01,4.566678811748876399e+01,-8.334187810903597171e-01,4.936323721790141783e-01,-2.484757864717961062e-01,-1.967593817294607916e+01,-6.261297876352281411e-02,3.623774486615228274e-01,9.299259108079115377e-01,-1.363748840316911703e+01
5.431929257348036000e-01,7.884103824938200056e-01,-2.887048912083278185e-01,4.586699529608377190e+01,-8.373897613284694286e-01,4.837443153348705560e-01,-2.544991650348699119e-01,-1.990527848509395881e+01,-6.099043411809978998e-02,3.800006659956595145e-01,9.229732719797149043e-01,-1.368827800951305740e+01
5.470069301420334984e-01,7.908162840500980728e-01,-2.745779001627458582e-01,4.605218046636298368e+01,-8.326386436564584548e-01,4.800501574778267000e-01,-2.761607057411434307e-01,-2.011618222900864339e+01,-8.658121890180754676e-02,3.796859902428680322e-01,9.210549610890599315e-01,-1.372452061130715251e+01
5.884267973936841978e-01,7.782187420134857314e-01,-2.193843515111311149e-01,4.626516096408857237e+01,-8.048997905343794335e-01,5.380407936468043495e-01,-2.502966870927942900e-01,-2.039358690722388090e+01,-7.674784235875996286e-02,3.238636965620927399e-01,9.429857235093281886e-01,-1.372613333826943283e+01
6.757863618923324323e-01,7.091205347366741352e-01,-2.011488510906747906e-01,4.648458793217874785e+01,-7.334461021356579735e-01,6.197864789518500173e-01,-2.791442920256064775e-01,-2.063082102198076484e+01,-7.327761146718998753e-02,3.361737463325174535e-01,9.389449419078965686e-01,-1.371323112653250931e+01
6.714378019929064800e-01,6.993089598058593870e-01,-2.452310273806744267e-01,4.666968950380411485e+01,-7.394007910815564300e-01,6.100511670641822759e-01,-2.848228286349196448e-01,-2.081690259333444004e+01,-4.957568156772024226e-02,3.725648296590469144e-01,9.266810128076548025e-01,-1.372553144260932179e+01
5.994477742409300980e-01,7.610519900563190721e-01,-2.479157808387975892e-01,4.683160465877359968e+01,-7.953676637166369190e-01,5.316502577661932349e-01,-2.910984076409179333e-01,-2.102317903354599693e+01,-8.973653365009338911e-02,3.716824879496681278e-01,9.240127069905531565e-01,-1.375171779325847865e+01
5.495345307551606773e-01,7.818171119515562317e-01,-2.945739346368453915e-01,4.695034548852077450e+01,-8.347847443130348433e-01,4.995331879568911670e-01,-2.315189512585207054e-01,-2.121283174359144397e+01,-3.385602117684252677e-02,3.731334849478823990e-01,9.271597339405550642e-01,-1.376295907009831687e+01
3.734636472815781039e-01,8.750753260374581899e-01,-3.078442429534399283e-01,4.699532654021439271e+01,-9.245933176176369672e-01,3.242455639055798478e-01,-1.999800272636323428e-01,-2.141748250924329611e+01,-7.518045740717953229e-02,3.593160002671568765e-01,9.301827297773588299e-01,-1.380347740233863441e+01
-2.406554678862312877e-02,9.373539448615847425e-01,-3.475463012465951906e-01,4.688788445600423671e+01,-9.862266219966635550e-01,-7.916540229979869558e-02,-1.452235832905942325e-01,-2.152389139675436880e+01,-1.636395414403683524e-01,3.392645297273730320e-01,9.263485733491737539e-01,-1.382636852475405931e+01
-3.842111946944880008e-01,8.513896943299072984e-01,-3.570957102238287439e-01,4.678123995333482554e+01,-8.872183245249888328e-01,-4.474763361153145658e-01,-1.122879033729136666e-01,-2.166652393395705190e+01,-2.553926437830671414e-01,2.736795882151993320e-01,9.272939558176002128e-01,-1.388382756522129569e+01
-5.623902175382617941e-01,7.495196833353363619e-01,-3.491954860964885943e-01,4.664754645014878776e+01,-7.608361570136383811e-01,-6.344415467218429416e-01,-1.364267788006183757e-01,-2.179223352430983240e+01,-3.237986803524423585e-01,1.889554658804369625e-01,9.270653949511452607e-01,-1.397577329049390649e+01
-6.052693955704415707e-01,7.358171050873750785e-01,-3.036809948722939967e-01,4.654320118799162742e+01,-7.488592397019845359e-01,-6.557074099955290114e-01,-9.621658687523762521e-02,-2.190239451401270898e+01,-2.699236890285035551e-01,1.691773635501816198e-01,9.479030655945007711e-01,-1.400911137032628950e+01
-6.419312382905035808e-01,6.914035123325606991e-01,-3.314897712464420221e-01,4.634180123183882927e+01,-6.963697567913758046e-01,-7.066486384306315260e-01,-1.253669160123753179e-01,-2.204494698863518209e+01,-3.209259215662380593e-01,1.503625117452271898e-01,9.350923312318021319e-01,-1.406684088291478041e+01
-6.775486500793765909e-01,6.712187988971268782e-01,-3.006545372727840726e-01,4.618498277075484282e+01,-6.654924651776352729e-01,-7.335498667465911726e-01,-1.379288649552780077e-01,-2.218553956943049599e+01,-3.131255428217353809e-01,1.066298129190762639e-01,9.437067751316801090e-01,-1.413516541687168626e+01
-7.253643270247317476e-01,5.993762175665534597e-01,-3.385184528139768556e-01,4.595293376335389723e+01,-5.962760040991577082e-01,-7.928177504723770141e-01,-1.260751421631554625e-01,-2.233132157896032055e+01,-3.439498800922851096e-01,1.104000197080219070e-01,9.324753699873097323e-01,-1.421915122771612161e+01
-7.331075294594200376e-01,5.912891230859137481e-01,-3.360513698382965875e-01,4.575144017993321199e+01,-5.835414981703662685e-01,-8.006559899669377645e-01,-1.357545787189003705e-01,-2.249317337183382648e+01,-3.493317480032240296e-01,9.657721600022514674e-02,9.320086754889446157e-01,-1.434568946780589904e+01
-7.039777747561971610e-01,6.201868034584485656e-01,-3.460977050852890313e-01,4.552755925758891209e+01,-6.166515250211924704e-01,-7.755097211602528517e-01,-1.353719656169007635e-01,-2.273127668018573289e+01,-3.523580413987295601e-01,1.181228225278193461e-01,9.283807459548649721e-01,-1.447721614427250891e+01
-7.100162980647274358e-01,6.313144182487552269e-01,-3.119598720888552279e-01,4.539392558943507794e+01,-6.281624318891233516e-01,-7.680410720175263606e-01,-1.245988397109301371e-01,-2.291940335261088535e+01,-3.182590385921514886e-01,1.074942649884393919e-01,9.418896789693544935e-01,-1.456408086542603364e+01
-7.571011039514199403e-01,5.383254253174675208e-01,-3.701400476202324485e-01,4.520981318321011599e+01,-5.365368878390726071e-01,-8.356088798881476931e-01,-1.178387365853706126e-01,-2.306849775720678153e+01,-3.727278985848815895e-01,1.093779516577400857e-01,9.214718537794056585e-01,-1.463537738833498203e+01
-7.872916685141492232e-01,5.176409070938285950e-01,-3.349921192972818984e-01,4.497018565870240536e+01,-5.027354664685609320e-01,-8.534686291001698510e-01,-1.372892927234817817e-01,-2.326325156110755898e+01,-3.569718188356658106e-01,6.032570302081249197e-02,9.321651839197816480e-01,-1.471682312306237783e+01
-7.495831520819157268e-01,5.973290184315996898e-01,-2.851721267138154770e-01,4.471320896551644353e+01,-5.847338862947638605e-01,-7.994699884439906423e-01,-1.376009440228754821e-01,-2.339094047596363168e+01,-3.101795936768888540e-01,6.360645656619708099e-02,9.485477522768855918e-01,-1.479905029339312605e+01
-7.423487395408279177e-01,6.013508568266435761e-01,-2.954581119143709911e-01,4.451600251046681223e+01,-6.131663940610125874e-01,-7.875003378563392165e-01,-6.221085974623383891e-02,-2.362354582421259153e+01,-2.700839167672839380e-01,1.349828317602412564e-01,9.533280196415232499e-01,-1.487124471323388697e+01
-7.241763525617397335e-01,6.114334474507695516e-01,-3.189322024017660628e-01,4.426227432735764467e+01,-6.195786445967984557e-01,-7.799396563553433470e-01,-8.841060798287798950e-02,-2.380771765307118670e+01,-3.028050751720766653e-01,1.335787100655508042e-01,9.436449621903651996e-01,-1.501733628428683254e+01
-6.739598461449085587e-01,6.966264084961056868e-01,-2.459466868452334087e-01,4.402534106242808321e+01,-6.960578526609075833e-01,-7.103295357552740219e-01,-1.045725412466505660e-01,-2.407073522476838789e+01,-2.475511897232883785e-01,1.007154289049823903e-01,9.636258666344884594e-01,-1.504866340404689673e+01
-6.835286976707193318e-01,6.894839613640713072e-01,-2.395837775857903307e-01,4.385383342493798153e+01,-6.900563950286443538e-01,-7.173866675609140708e-01,-9.580470179441757939e-02,-2.424340128910471037e+01,-2.379300131144448105e-01,9.984105481992437692e-02,9.661371914132093064e-01,-1.509500166544905042e+01
-7.545531558073714784e-01,6.029611550940949805e-01,-2.590123172915345107e-01,4.363341910094195697e+01,-5.984173015195798362e-01,-7.942029290500332017e-01,-1.055388114883406697e-01,-2.437685039636113160e+01,-2.693441447352418749e-01,7.536280870524572628e-02,9.600907138186979273e-01,-1.515260831119749874e+01
-8.253940847376671774e-01,5.256479696955301817e-01,-2.059582890660988375e-01,4.338235385200643179e+01,-5.170323270981023178e-01,-8.503205623691584281e-01,-9.814537150430607815e-02,-2.447635976810206770e+01,-2.267204834495276100e-01,2.547848439695274067e-02,9.736265553163830910e-01,-1.519640944692988072e+01
-9.217982806452278410e-01,3.688358430149503153e-01,-1.193651988937803055e-01,4.321414155180649885e+01,-3.639564405044599105e-01,-9.294042636572573679e-01,-6.118352810221175386e-02,-2.451727112195812452e+01,-1.335052029503846771e-01,-1.295513809894167749e-02,9.909634328177872042e-01,-1.522349248015776979e+01
-9.928744645599117957e-01,1.210616295023154466e-02,-1.185484645345095817e-01,4.305184118440158869e+01,2.722559476934764840e-04,-9.945931408642635363e-01,-1.038480140515817829e-01,-2.445948821970687703e+01,-1.191646906661801286e-01,-1.031403168716351487e-01,9.875028362156997863e-01,-1.520629787102718211e+01
-9.506401668228310342e-01,-2.861845427621796945e-01,-1.199236453209341358e-01,4.282058536121047609e+01,2.970485629458975985e-01,-9.510613408496350063e-01,-8.511449461208631107e-02,-2.427370887436007507e+01,-8.969629019550948157e-02,-1.165364038628928928e-01,9.891278188888766865e-01,-1.521413049020796748e+01
-8.551782888029247909e-01,-5.134044593060164141e-01,-7.131588550104066282e-02,4.265303396813872894e+01,5.182509499122013308e-01,-8.493719202019057724e-01,-9.991643552303040854e-02,-2.406381835698049798e+01,-9.276167053431717477e-03,-1.224058917586181017e-01,9.924367740000231697e-01,-1.520261868124489979e+01
-7.917407663531002004e-01,-6.054488387489496137e-01,-8.110648896452811452e-02,4.244033217727797336e+01,6.107534888865845391e-01,-7.870445397325278591e-01,-8.683932456023375768e-02,-2.390064660693387211e+01,-1.125765106367101857e-02,-1.182903044833328865e-01,9.929152376501066968e-01,-1.515188679497495450e+01
-8.673465844797458857e-01,-4.935332236969951492e-01,-6.430287317507683842e-02,4.217142694085868015e+01,4.975841536648681895e-01,-8.570262739944323194e-01,-1.338505722992499036e-01,-2.372039615906335541e+01,1.095045263616443651e-02,-1.480909274414547172e-01,9.889131229772369913e-01,-1.515548890352336642e+01
-8.796307864648744701e-01,-4.691537404375031306e-01,-7.838652522395350708e-02,4.202467999711465296e+01,4.756562824622245778e-01,-8.679087229377010493e-01,-1.431277387610972451e-01,-2.359748417387854147e+01,-8.834350025142893555e-04,-1.631846085945212743e-01,9.865951566171649034e-01,-1.511498920686422842e+01
-8.683319123373846038e-01,-4.942000981615347066e-01,-4.202324349249116076e-02,4.183568835150803267e+01,4.950333504470668111e-01,-8.583098932170261097e-01,-1.350781594149414178e-01,-2.352799100208526895e+01,3.068667400767084372e-02,-1.380955835025320377e-01,9.899434013394105003e-01,-1.508514251561168606e+01
-8.681182192332754788e-01,-4.963094127676807021e-01,-6.908272826535094731e-03,4.166360908528850615e+01,4.905288050445663073e-01,-8.557142163787714306e-01,-1.647260492721614733e-01,-2.338933917022031395e+01,7.584358151351780486e-02,-1.463903913700047854e-01,9.863151648726374843e-01,-1.509347726202962825e+01
-8.883317655056770512e-01,-4.568536978608237487e-01,-4.638289711151234035e-02,4.146222845081527453e+01,4.577149962368533553e-01,-8.728034677871499003e-01,-1.694434679727208626e-01,-2.324420736009508559e+01,3.692772147675753291e-02,-1.717521626344630792e-01,9.844478340759954538e-01,-1.504954225044198424e+01
-8.898457621383536464e-01,-4.562372989389532063e-01,4.695387236420310063e-03,4.130128392216974476e+01,4.516916444558630173e-01,-8.823394760949294646e-01,-1.321049100271559362e-01,-2.314139689092119312e+01,6.441411284160947215e-02,-1.154321271631585377e-01,9.912246193902850555e-01,-1.503601759026311413e+01
-8.360120687121906924e-01,-5.486768011757204855e-01,-6.130972120416111268e-03,4.108358787291996350e+01,5.471141566424341240e-01,-8.326751854383453999e-01,-8.554609959930535579e-02,-2.293646814246470100e+01,4.183205193392225407e-02,-7.487191333733515808e-02,9.963153496881411719e-01,-1.499763372180889753e+01
-8.218344244270322507e-01,-5.696826234379753773e-01,-7.063099851592778700e-03,4.086960904637424363e+01,5.625904230053788702e-01,-8.095223281520202985e-01,-1.678261486359048371e-01,-2.276932274737422546e+01,8.988990360056292594e-02,-1.418989386012322884e-01,9.857913047164313936e-01,-1.499277388180971293e+01
-8.490717922302005727e-01,-5.258542232941029182e-01,-5.054134429108209092e-02,4.069125133243717585e+01,5.275772672457137435e-01,-8.391325526590710515e-01,-1.323585514933406371e-01,-2.266364609685802378e+01,2.719041604206706361e-02,-1.390463768374589626e-01,9.899125145000610138e-01,-1.494032994424782146e+01
-8.491915366828379774e-01,-5.278096491743397012e-01,-1.705016905193565066e-02,4.052948099743679933e+01,5.244128215234603596e-01,-8.390459121804607623e-01,-1.448901303576652089e-01,-2.255825862947295235e+01,6.216853422789180017e-02,-1.319807997085810924e-01,9.893008348628024029e-01,-1.492346106697286245e+01
-8.028148565377193346e-01,-5.962149927594433407e-01,-3.998566140111829530e-03,4.030216189537464544e+01,5.918666918368000740e-01,-7.961142258035164287e-01,-1.260791757881893349e-01,-2.238788355313235101e+01,7.198697949271326557e-02,-1.035848535362287742e-01,9.920121233641213676e-01,-1.488722806168888368e+01
-7.914113268721283401e-01,-6.094968094593277153e-01,4.670921704969808325e-02,4.012472356633734449e+01,5.982038841994729017e-01,-7.879351564516319240e-01,-1.459804855321593375e-01,-2.221704037424629163e+01,1.257784744189624770e-01,-8.758897468539914022e-02,9.881841664823403093e-01,-1.484215673990446760e+01
-8.235717796711031768e-01,-5.664547174888235892e-01,2.930148057739829712e-02,3.994220430505000508e+01,5.598869532009473904e-01,-8.201259011609161043e-01,-1.179834983391940817e-01,-2.203015215795099024e+01,9.086321238395975164e-02,-8.076236301427749953e-02,9.925831538745840676e-01,-1.477246463935519927e+01
-8.183704480346173371e-01,-5.720193545753430309e-01,5.535040898517736008e-02,3.973118133419341547e+01,5.651241999892592238e-01,-8.185064904911423245e-01,-1.033526178206069512e-01,-2.184617598826407558e+01,1.044243667451232316e-01,-5.330087255457505863e-02,9.931035034752417889e-01,-1.472707716513626153e+01
-8.152059215116058688e-01,-5.779772468710412392e-01,3.716998294031954864e-02,3.947267182699782495e+01,5.748155315148280042e-01,-8.152632951069965772e-01,-7.023435327962442021e-02,-2.164625390117932469e+01,7.089718091532182243e-02,-3.588957718685204662e-02,9.968377641259422717e-01,-1.467914870889246970e+01
-8.154020743369970736e-01,-5.778802147580345272e-01,3.426243654687700230e-02,3.927758059378558642e+01,5.713495335730790492e-01,-8.128879220211338019e-01,-1.130174177637552901e-01,-2.143580495449415224e+01,9.316205049668986604e-02,-7.257880974064268020e-02,9.930020889826377539e-01,-1.468469618563021228e+01
-9.121249551254310139e-01,-4.093896166114715518e-01,2.069318844793088114e-02,3.896584139891162124e+01,4.034499506222506970e-01,-9.055291104302010119e-01,-1.313208570882453685e-01,-2.131097702194253429e+01,7.249967986366641359e-02,-1.114323650211154482e-01,9.911239198230792358e-01,-1.465615217564135442e+01
-9.459719724592229317e-01,-3.180287867577722416e-01,6.320378244207751350e-02,3.875096958079618048e+01,3.091583587371507513e-01,-9.434194605044744497e-01,-1.199201015859998054e-01,-2.125883683114068745e+01,9.776572274861160261e-02,-9.390107738904716894e-02,9.907696256550342362e-01,-1.461013552880254629e+01
-9.934864622569288262e-01,-8.761164031119650364e-02,7.286185417756159410e-02,3.837351138588967103e+01,7.703441359743978811e-02,-9.875580466663103074e-01,-1.370941413274804899e-01,-2.126647980241573066e+01,8.396635298683390036e-02,-1.305883032534006227e-01,9.878746613915588837e-01,-1.456742602885050530e+01
-9.819973752638261333e-01,1.698001855580150432e-01,8.275899926544887097e-02,3.816685512992263085e+01,-1.807934712051743886e-01,-9.718051663136393348e-01,-1.513553418142300211e-01,-2.128207829021241793e+01,5.472545791985660574e-02,-1.635928351444013162e-01,9.850088875461365800e-01,-1.451029008160809397e+01
-9.287987156148607149e-01,3.620568715501096824e-01,7.904282153068228900e-02,3.794748899565381350e+01,-3.693841121867369459e-01,-9.216403680541536136e-01,-1.188882232898579583e-01,-2.141354372259839778e+01,2.980475693909946655e-02,-1.396203915491997516e-01,9.897564461661505497e-01,-1.447475676859187210e+01
-8.290047210852384829e-01,5.566923411243941411e-01,5.333675798008517127e-02,3.776043704105764220e+01,-5.573659735893088385e-01,-8.146534321019771596e-01,-1.602590311006216184e-01,-2.161073938490967450e+01,-4.576400226406397015e-02,-1.625835874186298824e-01,9.856329099613415634e-01,-1.451886046657728535e+01
-6.544139900158920664e-01,7.550226943355710096e-01,4.102512290942752354e-02,3.767022090249270860e+01,-7.531067194804754727e-01,-6.459796726499272834e-01,-1.246616685130115393e-01,-2.186976798653073928e+01,-6.762099337360773232e-02,-1.124766356242414139e-01,9.913507995123707062e-01,-1.448457016813160969e+01
-5.955406214139575827e-01,8.000097375823068679e-01,7.290945082336397487e-02,3.756835093775801226e+01,-8.003715670627925549e-01,-5.831263981573501232e-01,-1.391724053448953335e-01,-2.205743018164644553e+01,-6.882385402841049993e-02,-1.412374721719583115e-01,9.875805048557559918e-01,-1.450329747286242821e+01
-6.565662477325737711e-01,7.505606349749898154e-01,7.469602107413429726e-02,3.742801088479399851e+01,-7.497049282471019982e-01,-6.385089327340740528e-01,-1.739220037281075937e-01,-2.221625611342640028e+01,-8.284493285876455559e-02,-1.701912925056230097e-01,9.819224210979657919e-01,-1.452294245718174892e+01
-6.173281599552404852e-01,7.792174919259085009e-01,1.082868560951546349e-01,3.728891995280975635e+01,-7.847914642356510484e-01,-6.003677999407182053e-01,-1.538208778326379533e-01,-2.235627391314318757e+01,-5.484797707424557411e-02,-1.799405598275146401e-01,9.821471856803450917e-01,-1.453774321603961717e+01
-5.388589023028869107e-01,8.394733079880104532e-01,7.011168650513048550e-02,3.713725892675662266e+01,-8.363010676031775725e-01,-5.231102626791349630e-01,-1.641833651913327530e-01,-2.251175189812257926e+01,-1.011514099491967744e-01,-1.471061462190961788e-01,9.839350456253980193e-01,-1.448109696983044081e+01
-5.559767793434664540e-01,8.287521999853294519e-01,6.371508338173775821e-02,3.707251856046708127e+01,-8.282207215931350897e-01,-5.458734645935681140e-01,-1.267777463767198742e-01,-2.262730229713976371e+01,-7.028696290643250688e-02,-1.232556354577418467e-01,9.898827158675398419e-01,-1.447502986062223762e+01
-5.506394873496577302e-01,8.335303043201424122e-01,4.498207144269791152e-02,3.701930835501121209e+01,-8.281153304101419588e-01,-5.386965592327539465e-01,-1.550194072059758177e-01,-2.269007388011849713e+01,-1.049816865505828617e-01,-1.226101498684494390e-01,9.868868205818893680e-01,-1.446997329396705290e+01
-5.332992058207716157e-01,8.434148364728908387e-01,6.514115970981899928e-02,3.702675530528050984e+01,-8.388622673496984872e-01,-5.173440625938237059e-01,-1.693080544919224606e-01,-2.273142325809011410e+01,-1.090965328864982736e-01,-1.449363119315704163e-01,9.834080597574023086e-01,-1.447534705937343169e+01
-5.249370703542356464e-01,8.458362138124462248e-01,9.487977430062352613e-02,3.704377735783252490e+01,-8.467188512924217481e-01,-5.076064330680077896e-01,-1.593828597246732537e-01,-2.272085101942727547e+01,-8.665021081308175999e-02,-1.640024649552589142e-01,9.826469012084891874e-01,-1.448513927382124145e+01
-5.264419476264015074e-01,8.459964646566477953e-01,8.455091701320523179e-02,3.702637447709317797e+01,-8.454646737131008560e-01,-5.104144916392056031e-01,-1.570558251956615803e-01,-2.272317307997681013e+01,-8.971265954433939316e-02,-1.541655879667894469e-01,9.839637240286525088e-01,-1.448578323162965198e+01
-5.310768997790725754e-01,8.422428307767430011e-01,9.265171626163676288e-02,3.700531607108173660e+01,-8.419681258134639190e-01,-5.122812775162721710e-01,-1.692854625195499008e-01,-2.274490334172825357e+01,-9.511572759123052001e-02,-1.679133905067607957e-01,9.812023703871253222e-01,-1.449051353621459981e+01
-5.240047068054146662e-01,8.468647588263990000e-01,9.076974993727701668e-02,3.700154965429975107e+01,-8.457982539934605359e-01,-5.048602964393992254e-01,-1.724569355541679949e-01,-2.277223282193657283e+01,-1.002216582749575341e-01,-1.671411419639947105e-01,9.808259059973835070e-01,-1.450086696764785188e+01
-4.997808175693963517e-01,8.611345518205484328e-01,9.309359833247500549e-02,3.702066844920177147e+01,-8.593556329412884720e-01,-4.795491882106796555e-01,-1.775963744521671939e-01,-2.280735281308060181e+01,-1.082914148108728852e-01,-1.687597693388515618e-01,9.796903131760341665e-01,-1.452251863484463534e+01
-4.739957296870984660e-01,8.761686074047214667e-01,8.750211218516615319e-02,3.690673046699819793e+01,-8.693526067904482346e-01,-4.498822819245560378e-01,-2.045286715279923673e-01,-2.294578466471593359e+01,-1.398359514039388130e-01,-1.730159062306886875e-01,9.749417433293784407e-01,-1.457406754642786062e+01
-4.944193815161427863e-01,8.663495764166395663e-01,7.062497167364541195e-02,3.676430346878289868e+01,-8.620938767271115744e-01,-4.783574817959485581e-01,-1.672371589075144216e-01,-2.314356072025821831e+01,-1.111018581789331994e-01,-1.435706482974462295e-01,9.833838752270844807e-01,-1.458735721365148663e+01
-5.472953724222613392e-01,8.274850050588575812e-01,1.254445763192650887e-01,3.662961821573036758e+01,-8.369392831390133347e-01,-5.409977632956117777e-01,-8.278922905727909010e-02,-2.334318476349967852e+01,-6.416104189944130901e-04,-1.502996557277791467e-01,9.886402792847255316e-01,-1.456331231607835086e+01
-6.373801734023831767e-01,7.639989627456692523e-01,1.002601589719899489e-01,3.639073551628752767e+01,-7.700008745974765700e-01,-6.266027270426468565e-01,-1.202816510604942518e-01,-2.349986867717584715e+01,-2.907176762197686420e-02,-1.538655497057778987e-01,9.876640243225786042e-01,-1.457994079593389536e+01
-5.997729080699478743e-01,7.841915037205001715e-01,1.591104780895895021e-01,3.620060183831909484e+01,-7.990135544377260368e-01,-5.976342038337829621e-01,-6.641308781219711077e-02,-2.362671037899918858e+01,4.300928469651492392e-02,-1.669641994576759048e-01,9.850244451430382187e-01,-1.456419553354736962e+01
-5.967722239178216981e-01,7.851234622234795069e-01,1.656624937226075234e-01,3.600547817416936169e+01,-8.000851514776829987e-01,-5.979299133890512152e-01,-4.841042304601482493e-02,-2.391753369071320279e+01,6.104640157378147386e-02,-1.614340972061967527e-01,9.849935883619301835e-01,-1.456940086817953350e+01
-6.670841618300684672e-01,7.235678842346022765e-01,1.773365104532490522e-01,3.582452647126648770e+01,-7.422333787331876209e-01,-6.659485932839732669e-01,-7.484706138127980579e-02,-2.408775062067888939e+01,6.394006982939885730e-02,-1.815543665334438672e-01,9.812999946310252408e-01,-1.452323703126805654e+01
-6.143371110911963751e-01,7.426126401122536969e-01,2.666765469283535195e-01,3.563295207616555871e+01,-7.729115046112654541e-01,-6.343583539121625536e-01,-1.404581294908143450e-02,-2.428703932398858711e+01,1.587378970998087335e-01,-2.147462352809972885e-01,9.636837315514710234e-01,-1.450215230378690556e+01
-5.293192442832650446e-01,8.058683344555843675e-01,2.653250179556660426e-01,3.548192361999412014e+01,-8.411257270455319013e-01,-5.393731134712207442e-01,-3.980145432627090613e-02,-2.452748648786313623e+01,1.110344493097321916e-01,-2.442393743566857178e-01,9.633371575312237312e-01,-1.446099245490728791e+01
-4.973275228658659564e-01,8.189243975993457658e-01,2.864055970414144947e-01,3.532378152850435526e+01,-8.565837686351270852e-01,-5.158588223130474715e-01,-1.240656087067965388e-02,-2.479839906044619369e+01,1.375848186063473866e-01,-2.515005098570288755e-01,9.580281369723498974e-01,-1.438446763497184300e+01
-4.738162285822259956e-01,8.383159976780695244e-01,2.696747477409362492e-01,3.518057512969322431e+01,-8.738385104929228264e-01,-4.855187846134222385e-01,-2.603396564133805477e-02,-2.503755673231130885e+01,1.091074658839747274e-01,-2.479874952987132231e-01,9.625994821647508859e-01,-1.437903702688731755e+01
-4.451567411982134126e-01,8.465103845702238727e-01,2.919856924244015883e-01,3.497140958644853015e+01,-8.876919777161274006e-01,-4.600159039765613911e-01,-1.970585666892619991e-02,-2.531770546776309772e+01,1.176368499417338870e-01,-2.679655517102889073e-01,9.562196581499383674e-01,-1.430682527783915070e+01
-4.574159438849416115e-01,8.491551337054848991e-01,2.640193424381377940e-01,3.481536559149353138e+01,-8.808302844480402349e-01,-4.734199184374568437e-01,-3.404530195950904170e-03,-2.554081002737815353e+01,1.221010412692261488e-01,-2.341135188926358190e-01,9.645113768083176664e-01,-1.423982189373781893e+01
-5.301143998327180196e-01,8.214249703935674329e-01,2.103324537581466314e-01,3.458006628677875227e+01,-8.382434005083378992e-01,-5.450618560610057672e-01,1.598669983294441835e-02,-2.579494704470766209e+01,1.277760720722473653e-01,-1.678350114882451727e-01,9.774991991426523752e-01,-1.417331630931525588e+01
-5.451170788896487762e-01,7.996299874744813296e-01,2.518715018305486275e-01,3.433579430112283859e+01,-8.183072997170545149e-01,-5.728141752526476616e-01,4.750877665664289540e-02,-2.604726588498326478e+01,1.822650090735898343e-01,-1.802104429859462398e-01,9.665938457833318509e-01,-1.412989019989001171e+01
-4.841377122556117518e-01,8.406902672676855870e-01,2.425913232028069078e-01,3.413591520264410661e+01,-8.600465238647864163e-01,-5.082372860786206203e-01,4.488694495657667705e-02,-2.633709886491374164e+01,1.610299734831894536e-01,-1.869083613989130366e-01,9.690895789756357459e-01,-1.406781261652474413e+01
-5.100687509228152283e-01,8.408870617727923769e-01,1.809387152467870075e-01,3.388351353027555746e+01,-8.463798937736605188e-01,-5.281500846175170016e-01,6.854606869978646655e-02,-2.641664915032810868e+01,1.532023000732138374e-01,-1.181796829477493038e-01,9.811027559795378883e-01,-1.391064098495053791e+01
-5.016372680210674506e-01,8.266275268493765704e-01,2.550431006462275940e-01,3.369712298086812297e+01,-8.404127543448872695e-01,-5.355726793789297169e-01,8.287525226093418740e-02,-2.665806906545548216e+01,2.051010815836834533e-01,-1.727681595600253084e-01,9.633715323671564468e-01,-1.384721595474328559e+01
-4.791855551424246129e-01,8.400946736034491380e-01,2.542088572925013668e-01,3.355283162624786542e+01,-8.580634976933538827e-01,-5.093211590753550233e-01,6.571902954536054664e-02,-2.693475667673245866e+01,1.846841565188824252e-01,-1.866357315769200387e-01,9.649139163830393606e-01,-1.377158189989295067e+01
-4.661428071011854413e-01,8.489743528640479875e-01,2.489044627299730195e-01,3.339067325159894750e+01,-8.521668036992939843e-01,-5.064642127336834720e-01,1.315512823691912803e-01,-2.728167519746579828e+01,2.377448675802550926e-01,-1.507864363897562510e-01,9.595524105228037115e-01,-1.371199620920770457e+01
-5.424681955799636190e-01,8.172724098808435977e-01,1.944069567473739601e-01,3.324913154454330311e+01,-8.167154260802645949e-01,-5.672615863933664349e-01,1.057837672094015385e-01,-2.752808081071144741e+01,1.967337530439227378e-01,-1.013908311931647488e-01,9.752003536521151039e-01,-1.364069617661654199e+01
-4.547101003437430955e-01,8.626299342347534260e-01,2.216039738080675114e-01,3.307203846586470775e+01,-8.636636146508188672e-01,-4.878442056548944472e-01,1.268589442539485024e-01,-2.782625381684024291e+01,2.175405373112375695e-01,-1.337072457688472937e-01,9.668497748126363422e-01,-1.352202341299555322e+01
-4.648405767047738557e-01,8.350036480846002584e-01,2.944353000816661292e-01,3.294047351393691514e+01,-8.508703940363852025e-01,-5.132481141270336389e-01,1.122316617421721119e-01,-2.808589363067282818e+01,2.448322094846519803e-01,-1.983564494299427938e-01,9.490584324310112896e-01,-1.339280054294947497e+01
-4.887229720370083186e-01,8.370780447665825408e-01,2.458662310547488627e-01,3.282609858149244531e+01,-8.481859033556762295e-01,-5.218655844388573328e-01,9.075783782684852807e-02,-2.829795675330577609e+01,2.042805177985056453e-01,-1.641848310534379796e-01,9.650454970103361507e-01,-1.334931563286177791e+01
-4.550441753387712840e-01,8.480491850992396552e-01,2.715646850066689155e-01,3.273958131820248241e+01,-8.583840950971386441e-01,-4.988785856359045923e-01,1.195696536675801697e-01,-2.847412815058746460e+01,2.368787533201756890e-01,-1.786973319510830605e-01,9.549637269441400012e-01,-1.329254940581753353e+01
-4.234277616996273697e-01,8.558197091627519626e-01,2.971221230918764666e-01,3.263423984858152949e+01,-8.772623960619233552e-01,-4.692025276834044245e-01,1.012900610681843200e-01,-2.870207373270243068e+01,2.260964817898180323e-01,-2.177650417860659549e-01,9.494518247379261089e-01,-1.316923935272716051e+01
-4.225294975729750879e-01,8.648408368417074277e-01,2.711441509818391937e-01,3.250994403588145332e+01,-8.784167770972398648e-01,-4.644510847676041609e-01,1.125573434845240084e-01,-2.896249927475185970e+01,2.232773821837405470e-01,-1.906187734435703662e-01,9.559349840946521626e-01,-1.310863158283528485e+01
-5.142354241513515944e-01,8.196232877091863545e-01,2.525462230813635411e-01,3.230390293546113156e+01,-8.301079108040845256e-01,-5.496776524995963253e-01,9.367675679169443215e-02,-2.917742736392112235e+01,2.155986664345448112e-01,-1.614687108616335853e-01,9.630394957862975502e-01,-1.303900586247733884e+01
-4.770879047386525906e-01,8.331282131537357527e-01,2.797936947097696692e-01,3.211963802336851614e+01,-8.356861258421457439e-01,-5.286014093918083301e-01,1.490276788517431450e-01,-2.938882641628017467e+01,2.720585051547262379e-01,-1.627204057156251549e-01,9.484230276288722061e-01,-1.297773341623591925e+01
-4.493453716995773894e-01,8.449061262606520906e-01,2.902109142320213886e-01,3.200413619991652325e+01,-8.649847998835171747e-01,-4.926986467166336037e-01,9.512801634675599471e-02,-2.965885867808464837e+01,2.233607684949106276e-01,-2.082826957066216678e-01,9.522228130886930542e-01,-1.289111126303346921e+01
-4.157938422350546115e-01,8.625473399959519005e-01,2.883185166188885762e-01,3.186476187847446084e+01,-8.702157848004623553e-01,-4.694513531622611646e-01,1.494654304454253735e-01,-2.984926985001341393e+01,2.642725272205238007e-01,-1.887525186057921467e-01,9.457972922759114720e-01,-1.278412364366787735e+01
-5.063513985868370870e-01,8.230439110618021914e-01,2.573071736529011777e-01,3.169480963433162657e+01,-8.230755300012118081e-01,-5.502859987883500503e-01,1.404706070704156151e-01,-3.012350890092155353e+01,2.572060128814538382e-01,-1.406557499770292041e-01,9.560653884206995468e-01,-1.270794094092559057e+01
-4.678202938187607796e-01,8.299902426564952362e-01,3.037439213981715236e-01,3.152290971567772715e+01,-8.437252261217310645e-01,-5.217359378304456952e-01,1.261719223203714713e-01,-3.037756739318914612e+01,2.631955841140929953e-01,-1.972506229931803023e-01,9.443623648958284766e-01,-1.259394273481822957e+01
-4.282399863789857486e-01,8.607556891750908212e-01,2.751547884715775383e-01,3.141650872357041280e+01,-8.725948187187777538e-01,-4.730374522945837712e-01,1.217121648471984896e-01,-3.067752582550723517e+01,2.349229584592918973e-01,-1.879766269496393749e-01,9.536645066842784901e-01,-1.249283338140553923e+01
-5.446993646626713259e-01,8.017444238572571935e-01,2.459847169030525416e-01,3.134303300665706615e+01,-8.074057605414243222e-01,-5.806458119770554482e-01,1.046249438615326627e-01,-3.087324857963882252e+01,2.267124610174806321e-01,-1.416203369834324044e-01,9.636104711822587321e-01,-1.239461681813592264e+01
-4.871749836517075827e-01,8.153341099290946081e-01,3.128750940712405892e-01,3.110998372369277476e+01,-8.261266529313309182e-01,-5.464258362443339401e-01,1.375992688976048761e-01,-3.112222888871380988e+01,2.831524123514242430e-01,-1.914395326749724902e-01,9.397742370956736480e-01,-1.230715907735363501e+01
-4.661277212821193228e-01,8.045275700250247297e-01,3.680493669631374476e-01,3.101352003635549792e+01,-8.261215355076649836e-01,-5.446839781665685498e-01,1.443695691588007812e-01,-3.131789489743180610e+01,3.166198920200578582e-01,-2.367588498837388256e-01,9.185298530689868235e-01,-1.223777749129657977e+01
-4.510973009295561886e-01,8.315317452132562348e-01,3.241391395630341954e-01,3.089403025399052893e+01,-8.488779483577763019e-01,-5.118898813283698779e-01,1.318141805175704340e-01,-3.160711481355246377e+01,2.755312212544311912e-01,-2.156935467190068123e-01,9.367811057113694106e-01,-1.213792182117543383e+01
-5.198649735616442946e-01,7.976659981042677483e-01,3.057275989047629206e-01,3.072031438227339351e+01,-8.012525146828317624e-01,-5.794101374184322806e-01,1.492591718159742009e-01,-3.180895113027112231e+01,2.962006363568207012e-01,-1.673703920204418771e-01,9.403469226284183469e-01,-1.204311091705699610e+01
-5.217651508087615131e-01,8.008204854251235183e-01,2.940198590656392663e-01,3.065460668732833938e+01,-8.021265405160024065e-01,-5.778753617721871239e-01,1.505093992297239502e-01,-3.198873309060840953e+01,2.904378425779542972e-01,-1.573105730080915643e-01,9.438745908321337641e-01,-1.192536198263194258e+01
-5.808569576738176199e-01,7.740037821155223430e-01,2.520383700803953686e-01,3.048837683636232754e+01,-7.700134104910403288e-01,-6.228739435030185012e-01,1.382295126554150266e-01,-3.223007958158954978e+01,2.639782990813250851e-01,-1.137813507384501793e-01,9.577939558371951767e-01,-1.181912638334153876e+01
-5.080227294097462432e-01,7.802662232605431791e-01,3.648253379931256091e-01,3.032104329177280988e+01,-7.913129769367844846e-01,-5.900757689964013508e-01,1.601073370422105846e-01,-3.260118663444813336e+01,3.402009390558934920e-01,-2.073528579065996302e-01,9.172066906556299859e-01,-1.171067976734030225e+01
-4.677730774765453403e-01,8.051961108654258625e-01,3.644826073152365176e-01,3.023466386241745951e+01,-8.322788370130449476e-01,-5.400835366659587633e-01,1.249868428379624918e-01,-3.290235689137207942e+01,2.974899753745177122e-01,-2.448856804094172168e-01,9.227842207591568924e-01,-1.159612331117208406e+01
-5.590441337519388432e-01,7.492773955747316084e-01,3.550394921671244375e-01,3.001432661754586206e+01,-7.603715508200737938e-01,-6.340415735487663351e-01,1.408062062384972113e-01,-3.317096104051107375e+01,3.306127057767376254e-01,-1.912450456679912758e-01,9.241864375148722832e-01,-1.144031040589201353e+01
-5.277862408034587061e-01,7.493160152125987183e-01,3.999589896032644254e-01,2.983957317194297332e+01,-7.626876635806648652e-01,-6.253361500252018201e-01,1.651127714428018978e-01,-3.343911164900508481e+01,3.738304586847034927e-01,-2.178995383601610158e-01,9.015378967863810766e-01,-1.134014419769194681e+01
-6.705901922832659956e-01,6.284574316838218433e-01,3.941447076580693598e-01,2.958549685171580279e+01,-5.942676407404320349e-01,-7.731208134950150468e-01,2.216532853571205608e-01,-3.359877689233236708e+01,4.440211314591784864e-01,-8.558892628244003931e-02,8.919191502123544613e-01,-1.122010236523157012e+01
-7.991363315017202540e-01,4.794455202596863419e-01,3.626473724941210452e-01,2.943234236888821087e+01,-4.209534819088520674e-01,-8.769668393861307365e-01,2.317915630171043240e-01,-3.362106310536282905e+01,4.291611465903956146e-01,3.257538518604081307e-02,9.026403240146080309e-01,-1.110830852878766706e+01
-8.791117630911976510e-01,2.861103351578148657e-01,3.811868099902821494e-01,2.920937933388190899e+01,-2.027551674823361849e-01,-9.482995503685633931e-01,2.441685991891429652e-01,-3.355831170424114163e+01,4.313384402692317376e-01,1.373638922230372983e-01,8.916716385864489336e-01,-1.103405951509252958e+01
-9.148869642736653374e-01,4.736418782185183168e-02,4.009220327122122174e-01,2.900693738441816194e+01,4.611597093155148097e-02,-9.743322765805807473e-01,2.203404911457289561e-01,-3.352956784082763875e+01,4.010675252711897731e-01,2.200755518572583280e-01,8.892196532058687097e-01,-1.093106421358402258e+01
-9.041281801232634585e-01,-2.075800292255246815e-01,3.734471386605132670e-01,2.880342826247493093e+01,3.109366191640631771e-01,-9.191345706620034361e-01,2.418885277907885101e-01,-3.335459343123746123e+01,2.930369477895542474e-01,3.348166251557734285e-01,8.955596991543774976e-01,-1.087738257625839111e+01
-8.669343333208713309e-01,-2.868152362338596273e-01,4.076295891782272252e-01,2.852494835030818265e+01,3.960539950679941579e-01,-8.929343072294598782e-01,2.140316704680035320e-01,-3.321133477901071984e+01,3.025989006922824021e-01,3.469947308486924231e-01,8.877097284940976829e-01,-1.081658345268609800e+01
-8.655765568411873945e-01,-2.922183040463232628e-01,4.066763910374486257e-01,2.826383390411230678e+01,4.094043636857487289e-01,-8.805926316946544041e-01,2.386308529929609401e-01,-3.313184677212755957e+01,2.883839302770214719e-01,3.730483611884253814e-01,8.818557869473936384e-01,-1.079168090496644972e+01
-8.901293984437055329e-01,-2.738900087073162792e-01,3.642168545750620878e-01,2.807791925905412000e+01,3.738129547655039131e-01,-8.959632882628637551e-01,2.398200594918577233e-01,-3.302099348967114167e+01,2.606406124834165783e-01,3.496198638743220344e-01,8.999068962446997721e-01,-1.070243943007830367e+01
-8.876013956614290379e-01,-2.535274646655560904e-01,3.845615517444990195e-01,2.787414817201153028e+01,3.474311626439000045e-01,-9.166523329055557001e-01,1.975856467527653260e-01,-3.286252857797362026e+01,3.024158554768435203e-01,3.089859628511534284e-01,9.017052318341916006e-01,-1.062064235277555824e+01
-8.941717255112188179e-01,-2.147587413897117936e-01,3.928557092534038508e-01,2.760033899579823213e+01,3.208838946953273541e-01,-9.193140435387484599e-01,2.278052138946621841e-01,-3.272973866647787844e+01,3.122346095829984791e-01,3.297580512271690023e-01,8.909372459547366674e-01,-1.051451257392169047e+01
-8.768811487141311423e-01,-2.872683060214668016e-01,3.854301121933014773e-01,2.733833917789549517e+01,3.955344545523154509e-01,-8.868389608621241038e-01,2.388915083442454956e-01,-3.255768431613407188e+01,2.731884812575156030e-01,3.619303494493680273e-01,8.912768794575953724e-01,-1.040507268229437265e+01
-8.599128051909394888e-01,-2.997747768660133372e-01,4.131404732334749141e-01,2.707077245728657289e+01,4.114309279062927094e-01,-8.861080006240887874e-01,2.133944769485508208e-01,-3.236510543331409906e+01,3.021167970021136351e-01,3.534794115431744710e-01,8.853122311276815370e-01,-1.033022952745364620e+01
-8.615408748494717273e-01,-2.637858726005599119e-01,4.337791308718834116e-01,2.681449955362148430e+01,3.704900037685417979e-01,-9.108414463181995213e-01,1.819478408131164349e-01,-3.228928681820561053e+01,3.471087409893228726e-01,3.174663337825429643e-01,8.824571654440100943e-01,-1.016503136517724393e+01
-8.644852875887907295e-01,-3.168792961378173456e-01,3.901957191227573007e-01,2.655515177017149142e+01,4.109768573571868644e-01,-8.925326288808187458e-01,1.856974127442386768e-01,-3.218804616592469614e+01,2.894187455216686855e-01,3.208940916599952731e-01,9.018113836486922885e-01,-1.003605784158127534e+01
-8.614024072316217584e-01,-3.342654644806488107e-01,3.824297217412653271e-01,2.630561107595632464e+01,4.070278209310543849e-01,-9.046735569056625348e-01,1.260718383453396374e-01,-3.205536648518596365e+01,3.038325950316796975e-01,2.642581213344075142e-01,9.153433232973973155e-01,-9.933752742964104598e+00
-8.777057205796140460e-01,-2.705079344554437992e-01,3.955478801086764751e-01,2.604180343201876013e+01,3.453351638024166337e-01,-9.293288259172302057e-01,1.307346853779042251e-01,-3.195647435765604172e+01,3.322292773121870990e-01,2.513431732033903909e-01,9.090931286621141139e-01,-9.803590823023295542e+00
-8.700003418473496453e-01,-3.504531916950451298e-01,3.468169050323939850e-01,2.577725935141553038e+01,4.201731204615222759e-01,-8.950266206566651617e-01,1.496058058951461878e-01,-3.181496902372409252e+01,2.579805303256844096e-01,2.758802434873932619e-01,9.259244770639849520e-01,-9.695140594525929245e+00
-8.651800129708994147e-01,-3.174410871663420064e-01,3.881941541732988887e-01,2.549345994377494051e+01,3.782054786625651532e-01,-9.213885641957493267e-01,8.946356620945992988e-02,-3.170982301913561940e+01,3.292782426236108839e-01,2.242192452666449398e-01,9.172249282410291915e-01,-9.553876561330511663e+00
-8.648752848176108898e-01,-3.031784227587931979e-01,4.000919715329775417e-01,2.518250186567513893e+01,3.687990499104726316e-01,-9.244659305996921761e-01,9.669541843115772584e-02,-3.158076279642503437e+01,3.405554323407403716e-01,2.311830165343749244e-01,9.113596492983859765e-01,-9.430884115665028489e+00
-8.756519170823595655e-01,-3.004132916871938841e-01,3.781343336535989974e-01,2.490961349478186904e+01,3.771006249061409910e-01,-9.144732347572395170e-01,1.467440683912890620e-01,-3.149290934723146052e+01,3.017098586479828315e-01,2.710914183265359934e-01,9.140462811610361449e-01,-9.330230444592132244e+00
-8.581465572957510668e-01,-3.248597798255374869e-01,3.975557943901101288e-01,2.461718826429212825e+01,3.783947720471747544e-01,-9.235583644742411114e-01,6.210751884458161343e-02,-3.135977191508592554e+01,3.469897443568274453e-01,2.037303876729372187e-01,9.154736732696450163e-01,-9.186219871178051832e+00
-8.789075771402939941e-01,-2.686977925552814783e-01,3.941103489142289695e-01,2.437492532674176715e+01,3.267493301839335951e-01,-9.410922563187862355e-01,8.706457558137842279e-02,-3.120652409097155555e+01,3.475001382297977504e-01,2.052970077052572728e-01,9.149299386059773775e-01,-9.050282788163507064e+00
-8.648258686364785897e-01,-3.103719030210562724e-01,3.946460423623258107e-01,2.414119444691516847e+01,3.862497583331502837e-01,-9.134663462697767411e-01,1.280248351692996611e-01,-3.105182849426849145e+01,3.207605666610894302e-01,2.631511277719134623e-01,9.098703989182336249e-01,-8.938116389963024488e+00
-8.496759497059607202e-01,-3.224268886241646870e-01,4.172429531860455398e-01,2.386332508136927189e+01,3.772901076518512808e-01,-9.245262693989627634e-01,5.388276031617175721e-02,-3.094817533199189086e+01,3.683788201828766540e-01,2.032045242689606845e-01,9.071962114985356873e-01,-8.859820452696537174e+00
-8.830222019993466676e-01,-2.423995231735551203e-01,4.018883700002482962e-01,2.359560516306858347e+01,3.059505940531939139e-01,-9.466472948878553728e-01,1.012577556535928236e-01,-3.083220308113739350e+01,3.559017066195699908e-01,2.123708319113923604e-01,9.100728569617595465e-01,-8.715739510196963025e+00
-8.524321251888894446e-01,-2.681783566960889154e-01,4.488204996941841385e-01,2.331718131894540846e+01,3.549235962996619143e-01,-9.271478399411230420e-01,1.201087993538505899e-01,-3.071525767575185384e+01,3.839123763773031328e-01,2.616815849315592413e-01,8.855134303736097445e-01,-8.597400263721118208e+00
-8.347608694769681481e-01,-2.835530253483973251e-01,4.719872589443762645e-01,2.299834478959604311e+01,3.844533399082102343e-01,-9.138073204738657029e-01,1.309649208062795001e-01,-3.060114395580773206e+01,3.941699128846320455e-01,2.907814692585182770e-01,8.718235010094519399e-01,-8.496930905016656155e+00
-8.351214033238093526e-01,-3.116361547962562817e-01,4.532716059210783466e-01,2.284679505873154071e+01,4.086260231220549266e-01,-9.031133671488957848e-01,1.319508215375582438e-01,-3.050115704215296120e+01,3.682349996102016187e-01,2.954135289738522019e-01,8.815519451293205577e-01,-8.394686990565004336e+00
-7.257042595874864110e-01,-4.871860619976988716e-01,4.858014703680408886e-01,2.265757268638705568e+01,6.305153437717592180e-01,-7.535043038603161936e-01,1.862301407730755087e-01,-3.024667678911072599e+01,2.753247698354778783e-01,4.414532875165293468e-01,8.539995702902246633e-01,-8.330951624844487924e+00
-5.742602900156141832e-01,-6.750391492194760534e-01,4.631924722318214727e-01,2.254893017342870110e+01,8.037236075484871511e-01,-5.724903421565991080e-01,1.621208524732836720e-01,-3.000715897984015257e+01,1.557352945880559059e-01,4.653782925303486251e-01,8.713033701651264895e-01,-8.358579935702442398e+00
-4.459518566835464215e-01,-7.581981029171056541e-01,4.756706615436754326e-01,2.250087137952175453e+01,8.938364036657860945e-01,-4.049926946060020128e-01,1.924510348051737263e-01,-2.976326873468344303e+01,4.672713346987706490e-02,5.109956497355615523e-01,8.583123096804672336e-01,-8.371272572647040278e+00
-2.515455336929859897e-01,-8.490892705213590741e-01,4.645129224947515123e-01,2.249784951711669123e+01,9.669131798796088972e-01,-1.994071822604901456e-01,1.591090136919762199e-01,-2.952493518051509369e+01,-4.247054337082829811e-02,4.891668287490838485e-01,8.711555926453951049e-01,-8.422387215405235494e+00
-6.404712748747122542e-02,-8.787628756559701104e-01,4.729416177811500144e-01,2.257626390146456075e+01,9.920103116890638395e-01,-4.446796745610572671e-03,1.260784180629998807e-01,-2.918867471356729482e+01,-1.086899579683835715e-01,4.772379221809089911e-01,8.720266387383347473e-01,-8.530077438673323798e+00
-5.341767382479258724e-02,-8.676723423963405013e-01,4.942582911429948545e-01,2.256262103158093169e+01,9.861902161084339369e-01,3.186458484377475975e-02,1.625223242657254374e-01,-2.891356279565978227e+01,-1.567654610402039461e-01,4.961142554625695977e-01,8.539878428594115389e-01,-8.546969279752355320e+00
4.906630144895607164e-03,-8.549806710164521428e-01,5.186366523577717880e-01,2.258054183825980132e+01,9.933212623539766639e-01,6.395549125125168932e-02,9.603418607096446402e-02,-2.858332817156853523e+01,-1.152770347299171966e-01,5.147016099907466558e-01,8.495842853636178527e-01,-8.588411609884747833e+00
3.801471611922912358e-02,-8.573285360615725548e-01,5.133640643957200211e-01,2.259168047510409849e+01,9.818761355512096722e-01,1.275020735289898177e-01,1.402229499077441155e-01,-2.837029604328807153e+01,-1.856721190523649423e-01,4.987293880455888617e-01,8.466373850157310477e-01,-8.630199492904242931e+00
-3.708217241988516228e-03,-8.538318820803273423e-01,5.205356532150797744e-01,2.261138258736866291e+01,9.844474436253005667e-01,8.831124891276505295e-02,1.518695297124390553e-01,-2.808083074046391658e+01,-1.756402000240709915e-01,5.130031583320243671e-01,8.402251363038781840e-01,-8.650840046147523665e+00
-3.838298169779130048e-02,-8.514040716304805967e-01,5.231040561179239878e-01,2.260683986017703617e+01,9.886688408231317782e-01,4.366960777392810134e-02,1.436206410733337768e-01,-2.772527430456423758e+01,-1.451229475356360654e-01,5.226892692297298026e-01,8.400805068150660748e-01,-8.670578750530262724e+00
-1.499403481641719237e-02,-8.361540575535780784e-01,5.482896779592055791e-01,2.263838401196733940e+01,9.831308013785501343e-01,8.764064121352130310e-02,1.605395446251544067e-01,-2.747854116328625906e+01,-1.822882505832257583e-01,5.414476060011428338e-01,8.207347218528874278e-01,-8.709402913671961954e+00
2.119800518518241000e-02,-8.426228125062249497e-01,5.380868335317877671e-01,2.265116433938482388e+01,9.901695602472614377e-01,9.212178195820461268e-02,1.052512197011949285e-01,-2.715573401533886511e+01,-1.382565967175267974e-01,5.305660874320394793e-01,8.362922577252183132e-01,-8.790818376295579384e+00
-1.610037433142541899e-02,-8.177883162910398740e-01,5.752938794079525131e-01,2.261958322610367844e+01,9.883304115446859273e-01,7.414710366725889290e-02,1.330609057299246001e-01,-2.688780904171415997e+01,-1.514720289766360584e-01,5.707227669855314822e-01,8.070512670717259196e-01,-8.804123324450527477e+00
3.096741585933760268e-02,-8.349649607261171447e-01,5.494310998793444645e-01,2.263580466411441705e+01,9.782486930678985226e-01,1.381210962136997511e-01,1.547645220703820490e-01,-2.658066514662130331e+01,-2.051109789015259643e-01,5.326875980726022419e-01,8.210806350132111575e-01,-8.802373564359346148e+00
4.697826355209420296e-02,-8.449370803319773415e-01,5.327986233406589722e-01,2.263282916835273184e+01,9.874640259137945630e-01,1.197484259655036409e-01,1.028353635910555092e-01,-2.623752396180008617e+01,-1.506912083691341608e-01,5.212884467920392284e-01,8.399705441034179820e-01,-8.872399142281253148e+00
-6.125979820282265176e-02,-8.556718423751630276e-01,5.138802733034624204e-01,2.262661987507981110e+01,9.909401581586101404e-01,9.510870119373055973e-03,1.339669597257504285e-01,-2.591853966868095682e+01,-1.195192037822284670e-01,5.174313882205686665e-01,8.473369568308677380e-01,-8.889184518283961722e+00
-4.759584524147111168e-02,-8.486448675835377431e-01,5.268173537763038983e-01,2.263142802347705285e+01,9.945436585328641943e-01,8.753097765435983307e-03,1.039533287181024918e-01,-2.558864869949779219e+01,-9.283074268697348586e-02,5.288906049492907435e-01,8.435977603150429660e-01,-8.887839360846189862e+00
2.108719003192784450e-02,-8.398113713859297613e-01,5.424686082230372186e-01,2.262124177795485025e+01,9.953795475353998112e-01,6.847328788109391384e-02,6.731244457732137032e-02,-2.528691787822964443e+01,-9.367436556913123769e-02,5.385427274948900722e-01,8.373749720988702405e-01,-8.925604484035387642e+00
-4.809023074547457560e-02,-8.324236163314681081e-01,5.520491397334892358e-01,2.263557143595524934e+01,9.934912465031785489e-01,1.727323876557026669e-02,1.125912001184257577e-01,-2.500929040595133301e+01,-1.032592505706233926e-01,5.538705247584375657e-01,8.261749021698763240e-01,-8.916474612635848729e+00
2.770198122286908482e-02,-8.414096226913040377e-01,5.396873604956882176e-01,2.262547731302804621e+01,9.944049289398664282e-01,7.825321756515864202e-02,7.095964515693733987e-02,-2.472187307761613084e+01,-1.019384006958419658e-01,5.347020486057408872e-01,8.388696452252855096e-01,-8.945195055960041941e+00
1.965157682855877067e-02,-8.155174973323722210e-01,5.783986748540257405e-01,2.261483412103546087e+01,9.830461823156997347e-01,1.212445570059183381e-01,1.375498485312352803e-01,-2.446277446876844408e+01,-1.823019993381257142e-01,5.658895377555425155e-01,8.040740090912893434e-01,-9.005043723794191379e+00
2.782834789055593089e-02,-8.341686813806448164e-01,5.508068573078551688e-01,2.263459055427399491e+01,9.847362686853363689e-01,1.175866233287330004e-01,1.283271878824853440e-01,-2.416138838460715732e+01,-1.718140395583603042e-01,5.388283558034242526e-01,8.247083962182117922e-01,-9.044238009829403069e+00
-4.688322508140751327e-02,-8.331370685794419195e-01,5.510758461090613514e-01,2.266444561514817480e+01,9.885400954662517670e-01,4.055252275733068484e-02,1.454096714582251981e-01,-2.383212022635999361e+01,-1.434937032121576805e-01,5.515778438777874104e-01,8.216881642579445533e-01,-9.085465977120730230e+00
-2.685732332879411585e-02,-8.216155996269906003e-01,5.694088958149413626e-01,2.258714471471542851e+01,9.894199552521026897e-01,5.939179508769690252e-02,1.323660335025074741e-01,-2.349266739579174157e+01,-1.425722144477609699e-01,5.669395215768963103e-01,8.113277651736195972e-01,-9.081042980963786704e+00
-6.095177813848406435e-03,-8.618116245403703024e-01,5.071918499093839294e-01,2.254968143949698245e+01,9.952650180724277318e-01,4.397486111839896128e-02,8.668192078459459327e-02,-2.315700418790250126e+01,-9.700717812979935128e-02,5.053186473866798645e-01,8.574629274753446939e-01,-9.133185971161612571e+00
-9.222252334607640434e-02,-8.670737461366309073e-01,4.895693259879231318e-01,2.254881750464567602e+01,9.939464790805513372e-01,-5.067801134004921298e-02,9.747889971677031751e-02,-2.280664235273855667e+01,-5.971099489253989950e-02,4.955954579364152401e-01,8.664985511596291490e-01,-9.126405152006817900e+00
-7.560041831860295214e-02,-8.678729884332173627e-01,4.910000536639954061e-01,2.250889133506423789e+01,9.951394633794273803e-01,-3.450615219804636924e-02,9.223217380822001932e-02,-2.242811095641971875e+01,-6.310328973165219013e-02,4.955863208447947033e-01,8.662633395316703400e-01,-9.149534742862595493e+00
-2.332161337131608003e-02,-8.585930016859734115e-01,5.121270934110266904e-01,2.249713086365499137e+01,9.917390354373409878e-01,4.476263077585845157e-02,1.202081215053120156e-01,-2.210903379634171628e+01,-1.261340078629486217e-01,5.106998769746206035e-01,8.504562585568616884e-01,-9.190101148216804461e+00
-1.216449549898190596e-01,-8.670774352752592673e-01,4.830933927948104500e-01,2.243803854588077940e+01,9.875093801079485312e-01,-5.661969802101518567e-02,1.470354854952492796e-01,-2.180445754401033653e+01,-1.001385496416826448e-01,4.949453818680254469e-01,8.631346012315652683e-01,-9.218458560711146887e+00
-3.195079217445421227e-01,-8.448149193694975967e-01,4.291881172087482765e-01,2.227283150970896841e+01,9.474616440777916537e-01,-2.775529141170756664e-01,1.589994115288685395e-01,-2.148470565510253749e+01,-1.520266239484855189e-02,4.574408506854469869e-01,8.891100872109601871e-01,-9.165542133496327182e+00
-5.423427021651460178e-01,-7.135338742778957188e-01,4.435468449512196543e-01,2.214350903045328423e+01,8.268656699712632063e-01,-5.468531585623009894e-01,1.313194075276301054e-01,-2.127719713105742727e+01,1.488541475108510204e-01,4.379737814394913942e-01,8.865784847042075256e-01,-9.119787435400587228e+00
-7.015380425900684669e-01,-5.798465671260046861e-01,4.142732593241815753e-01,2.188722747998988183e+01,6.522175433199668415e-01,-7.566719783656626896e-01,4.538494620311923911e-02,-2.105884970909699305e+01,2.871526614617437856e-01,3.020355537819649494e-01,9.090202820988414478e-01,-8.989155381158509428e+00
-8.293852379161209543e-01,-3.791850194180934608e-01,4.102911748694054728e-01,2.153260154284268424e+01,4.428075929872473671e-01,-8.939632827726052833e-01,6.892811216960714749e-02,-2.091557022850910386e+01,3.406487380273988674e-01,2.388480062787295688e-01,9.093459557159832007e-01,-8.784517515764228790e+00
-8.562447426206661882e-01,-2.986973194601293957e-01,4.214556347728670160e-01,2.128835657190974828e+01,3.709028263256232139e-01,-9.233663665930653686e-01,9.912439895597958961e-02,-2.084670040559134918e+01,3.595497658991496648e-01,2.411938315796065269e-01,9.014152769117093067e-01,-8.648037021453703233e+00
-8.315664785534433445e-01,-3.013627281158081095e-01,4.665594258492916646e-01,2.096957451885068480e+01,3.420367197517205637e-01,-9.396828233655366569e-01,2.659664124554961349e-03,-2.074505744817583874e+01,4.376163549134196029e-01,1.617921431169284385e-01,8.844858553633979659e-01,-8.551136516480275063e+00
-8.821068186445238934e-01,-1.945169654690447336e-01,4.290113176194179090e-01,2.066991493580844619e+01,2.275980493904587176e-01,-9.733909546048399308e-01,2.663038503543602858e-02,-2.067412751576611996e+01,4.124156743074810505e-01,1.211329832794966477e-01,9.029064801779380645e-01,-8.404596205751404980e+00
-8.706454595467542079e-01,-2.157961155365064609e-01,4.420503594501123956e-01,2.049026705562737050e+01,2.694411535531857638e-01,-9.610495257237268163e-01,6.152457946322836824e-02,-2.064955092904960665e+01,4.115555230373526552e-01,1.726726545390213918e-01,8.948777602733779535e-01,-8.280086455228671483e+00
-8.392233257771112287e-01,-2.673172332443570220e-01,4.735458861421816823e-01,2.027587337635339892e+01,3.094717363174067648e-01,-9.508366500776935792e-01,1.170082431788686296e-02,-2.056502378014458898e+01,4.471369520541700893e-01,1.563686723087761576e-01,8.806914240686665174e-01,-8.175671700589104418e+00
-8.824657581418363650e-01,-1.765221468437102037e-01,4.359978410277269290e-01,1.997757851971916665e+01,2.156480938677978743e-01,-9.755893590465581910e-01,4.148857826330010906e-02,-2.049970151132329121e+01,4.180312013693932571e-01,1.306343530194539193e-01,8.989908678584276336e-01,-8.029942821009885989e+00
-8.560311934266661149e-01,-2.557396231462764069e-01,4.492302761763899421e-01,1.970783370276986801e+01,3.130925519131247392e-01,-9.480151474218203589e-01,5.692393341390025729e-02,-2.035980582188756571e+01,4.113194012164319013e-01,1.893793162195443747e-01,8.916007092702271652e-01,-7.883682232514988009e+00
-8.303764493800958046e-01,-3.070498349605263466e-01,4.649681184399810929e-01,1.943099768350315770e+01,3.453519578604151707e-01,-9.384685180289028539e-01,-2.977561185216581318e-03,-2.028769824623406492e+01,4.372722007135631528e-01,1.581051533611282367e-01,8.853224175201765966e-01,-7.744043651651140614e+00
-8.471987735633685901e-01,-2.724618330481927697e-01,4.560907668488154987e-01,1.924744823341830724e+01,3.048666082360249607e-01,-9.523913795223371004e-01,-2.647903737044495810e-03,-2.021982381728708944e+01,4.350983673324753664e-01,1.368035443384274796e-01,8.899293235988219308e-01,-7.625825485861150277e+00
-8.346765549532034756e-01,-2.793511821692555297e-01,4.746345600902752704e-01,1.897560854495192473e+01,3.065446825005772591e-01,-9.516243834623241415e-01,-2.100929390937944161e-02,-2.012412049370441380e+01,4.575427917059472493e-01,1.279607354643938211e-01,8.799321814420347776e-01,-7.487108299220315288e+00
-8.444533490497022621e-01,-2.971230487980958124e-01,4.456640384321621795e-01,1.870997028517533067e+01,3.324272004638130218e-01,-9.431282665316434999e-01,1.108720347002069544e-03,-2.001798783728976261e+01,4.199889256522522651e-01,1.490871112535857301e-01,8.951996065613110343e-01,-7.348296010736806494e+00
-8.775225298279243358e-01,-2.067914421957977866e-01,4.326563406203349227e-01,1.844359624600838643e+01,2.290230915711912729e-01,-9.734207051026823043e-01,-7.445834872309774026e-04,-1.997140892079220720e+01,4.213106136469534357e-01,9.843490393136378191e-02,9.015586151307350971e-01,-7.182805109640584718e+00
-8.386306532954150850e-01,-2.416581975569128959e-01,4.881597514204206179e-01,1.819409942835137528e+01,2.770595790119286805e-01,-9.608526899557380263e-01,3.128618770092372035e-04,-1.990787139510472059e+01,4.689740046431543630e-01,1.355117107794163722e-01,8.727542375781378592e-01,-7.022328900529222651e+00
-8.617064520030988106e-01,-3.032674615381169003e-01,4.068056505857008953e-01,1.795069745146812679e+01,3.208467117519629985e-01,-9.467693438859270394e-01,-2.617626856072153077e-02,-1.974983913419516668e+01,3.930895294130627993e-01,1.079659958043999723e-01,9.131396200011142605e-01,-6.920643584642780510e+00
-8.987668904761554334e-01,-2.125768344346130045e-01,3.834438238459173531e-01,1.772274854762099494e+01,2.302066534608592230e-01,-9.731417617706388246e-01,9.055544111675641993e-05,-1.962269974587342602e+01,3.731259482884740630e-01,8.835270771003141121e-02,9.235641968775808452e-01,-6.735700625384962059e+00
-8.780204349244206119e-01,-2.290128397935582427e-01,4.202775690717013846e-01,1.743043174544601470e+01,2.615946548772658531e-01,-9.649559071361657470e-01,2.069622725673610220e-02,-1.953655756723275871e+01,4.008096211354892913e-01,1.281140760912214960e-01,9.071595400548442267e-01,-6.618848590442061308e+00
-8.842197593250431531e-01,-2.318805803318150227e-01,4.054464375033291490e-01,1.714623755561769158e+01,2.640326387377782691e-01,-9.642057253616316270e-01,2.437385609653477600e-02,-1.946426468524206754e+01,3.852819524715994093e-01,1.286029379323363475e-01,9.137937959161477330e-01,-6.496244044871945178e+00
-8.790804413908560599e-01,-1.731402886780109840e-01,4.441171219403169390e-01,1.685159057642657743e+01,1.813918219512714591e-01,-9.831125038873851363e-01,-2.422419512539383465e-02,-1.939207182375958993e+01,4.408112799070084131e-01,5.926419776533895650e-02,8.956412062706663457e-01,-6.365229147785705699e+00
-8.951659625965726619e-01,-1.458353232093855811e-01,4.212006148060128408e-01,1.662613159033944754e+01,1.543224324844174877e-01,-9.879202442393852923e-01,-1.407756563062088039e-02,-1.930904227720537492e+01,4.181656205866794429e-01,5.239894585204415978e-02,9.068582382230148120e-01,-6.270335460077325784e+00
-9.088226373487895415e-01,-1.842555616871341950e-01,3.742877259939827450e-01,1.631281871619039237e+01,2.157086964747797486e-01,-9.754858717356995612e-01,4.355539357177354992e-02,-1.923733266034459888e+01,3.570870651641426252e-01,1.203212451373347064e-01,9.262891696770826355e-01,-6.177029803627859472e+00
-9.090440345238410824e-01,-1.589070611262228816e-01,3.852109671606483987e-01,1.607347821902535401e+01,1.822620280910597079e-01,-9.829414530609533740e-01,2.463032623726078146e-02,-1.917856250507388438e+01,3.747258950389607546e-01,9.259938325197565601e-02,9.224997874301120726e-01,-6.079591740468396566e+00
-9.205035895943929347e-01,-6.765294847574430948e-02,3.848327170425788757e-01,1.578151258256221467e+01,9.091228817703217446e-02,-9.949495634517094844e-01,4.254787944971356178e-02,-1.913056909110348869e+01,3.800106543272864790e-01,7.415149863481527992e-02,9.220051289705264441e-01,-5.945782938328490808e+00
-9.209717649057033162e-01,-9.596143196080129945e-02,3.776273451731270714e-01,1.553114536817347258e+01,1.309599967895406503e-01,-9.890489494004268689e-01,6.805626297993117024e-02,-1.911855701762731030e+01,3.669611525588996614e-01,1.121319725410286766e-01,9.234532653289501125e-01,-5.835212432195663546e+00
-9.133045622518028983e-01,-9.324475604524985750e-02,3.964595717599741498e-01,1.522415720996019317e+01,1.220834480878706108e-01,-9.913547279048008365e-01,4.807738723945635673e-02,-1.902715691660523945e+01,3.885491066429280216e-01,9.231044865483960249e-02,9.167924371394667871e-01,-5.727347187840335252e+00
-9.290675473173458654e-01,-5.612229683888204229e-02,3.656279260659081598e-01,1.496631299620474920e+01,8.665722317516832973e-02,-9.939398417407961928e-01,6.763221622753656792e-02,-1.901430072085502587e+01,3.596164876549721168e-01,9.451919803832041500e-02,9.283006533493834977e-01,-5.589234969292647293e+00
-9.063817948324441875e-01,-1.918511188150462954e-01,3.763843649857543383e-01,1.467966814727109259e+01,2.121151712559026792e-01,-9.771618840427670483e-01,1.272031827696233804e-02,-1.897284836472428893e+01,3.653480479206027143e-01,9.136629894770989524e-02,9.263762752236268661e-01,-5.454022714373260250e+00
-9.062950698538486671e-01,-1.662761527817342433e-01,3.885633633974133194e-01,1.442518887192833255e+01,1.789271906073504614e-01,-9.838554263895368246e-01,-3.682448264639051616e-03,-1.895737437159391803e+01,3.829024769049778065e-01,6.618716627840723343e-02,9.214146472680285749e-01,-5.383624660571069143e+00
-8.977699553547182632e-01,-1.934759537423355880e-01,3.956970591069362553e-01,1.417592159894989301e+01,2.062492299116684136e-01,-9.784435297294472589e-01,-1.046490761651384591e-02,-1.890366509947488183e+01,3.891919351980841491e-01,7.221713407544799734e-02,9.183214704681020857e-01,-5.301324661365953261e+00
-8.706337582330532232e-01,-2.753243491831082745e-01,4.076682005895047589e-01,1.399303882149436440e+01,3.226525668328354968e-01,-9.451561339654462879e-01,5.074646336122540236e-02,-1.881678061112694422e+01,3.713383634115537957e-01,1.757167754495461420e-01,9.117189450068704515e-01,-5.223498395859712318e+00
-7.788824379891260419e-01,-4.669134281752843618e-01,4.187290273932729456e-01,1.382031970693469702e+01,5.340407177724754151e-01,-8.438307523271283417e-01,5.244209366615933121e-02,-1.863343012310028257e+01,3.288505124721177175e-01,2.644645761092261349e-01,9.065957359430890650e-01,-5.130507809763517280e+00
-6.685659081478213528e-01,-6.002418670407877466e-01,4.390094845374821197e-01,1.376891506291042155e+01,6.809387594298010882e-01,-7.314064349878850457e-01,3.697340617950506392e-02,-1.841974726996457434e+01,2.989013756553866585e-01,3.236577326585887149e-01,8.977213597334182671e-01,-5.072615790959681625e+00
-4.779752286509511561e-01,-7.286927218513502558e-01,4.904555004451874312e-01,1.373050829617926993e+01,8.413737840242903054e-01,-5.401733890661503112e-01,1.740302564023732401e-02,-1.817304074647968548e+01,2.522495517393796294e-01,4.209746154647056593e-01,8.712924519250834221e-01,-5.063942517184105263e+00
-2.284367955249999582e-01,-8.391459383865752519e-01,4.936098910471517498e-01,1.376249608225435495e+01,9.657517400035685595e-01,-2.593995403376151421e-01,5.954422953755867699e-03,-1.792454689723639660e+01,1.230455490066525576e-01,4.780648204605160712e-01,8.696630498691459987e-01,-5.093946966796378817e+00
-4.022920747409982484e-02,-8.554866643219233291e-01,5.162597970337728936e-01,1.376522491761918410e+01,9.989265620563083647e-01,-4.630882169527876513e-02,1.103019291546366481e-03,-1.760382778342702892e+01,2.296376459487097649e-02,5.157499977707629135e-01,8.564313196719793853e-01,-5.085943695651343965e+00
5.020483382664112093e-02,-8.227237790908571435e-01,5.662199731366736044e-01,1.389520032758652768e+01,9.978665933233407115e-01,6.501114417281807223e-02,5.984401608360556679e-03,-1.732306606286465822e+01,-4.173411781394448239e-02,5.647115497772275949e-01,8.242324483775752553e-01,-5.110988263419939948e+00
1.331621166841978898e-01,-7.853384513532354338e-01,6.045753613126186865e-01,1.397959352561679580e+01,9.852152068964437071e-01,1.712351784711495795e-01,5.432288095242415911e-03,-1.701934966805639959e+01,-1.077907546136476352e-01,5.949134646989042707e-01,7.965294236497260094e-01,-5.133101193070859658e+00
1.598861426755450177e-01,-8.066574694672111745e-01,5.689816766233232181e-01,1.405711813948644995e+01,9.856287248869132211e-01,1.622894600827512468e-01,-4.688440917666725910e-02,-1.666807571278721767e+01,-5.452007023226125570e-02,5.683008517491444644e-01,8.210126088210003559e-01,-5.224197249377938057e+00
8.724905853770593966e-02,-8.014512187474946980e-01,5.916616818355205920e-01,1.410742901250317338e+01,9.954746879186333608e-01,9.259210606948678479e-02,-2.137399370532016771e-02,-1.635779053000674921e+01,-3.765298789713454608e-02,5.908490889066096985e-01,8.059029759472576826e-01,-5.228039192436935600e+00
1.432781855424280215e-01,-7.997780450629820015e-01,5.829463441714868299e-01,1.412658191197243163e+01,9.896670151547063421e-01,1.190737306791410516e-01,-7.987894451558807951e-02,-1.613441453447417118e+01,-5.528169899893222751e-03,5.883676786647822343e-01,8.085746187212236036e-01,-5.212291380861598711e+00
1.024130235928376043e-01,-7.839509721784484464e-01,6.123172754536945206e-01,1.414291263163143242e+01,9.925378419041130940e-01,1.214869496793312131e-01,-1.046677820229232302e-02,-1.578564362551652955e+01,-6.618311708356416911e-02,6.088200015423897993e-01,7.905428519283609345e-01,-5.232601101933187060e+00
1.183674029544408701e-01,-8.213268024024725777e-01,5.580425087510341164e-01,1.417681230403433368e+01,9.927327246039696629e-01,1.101649034407351374e-01,-4.842965569019208605e-02,-1.548450249873704720e+01,-2.170012484290429616e-02,5.597195527272755822e-01,8.283979278562806359e-01,-5.230160292943452305e+00
5.178639506196373865e-02,-8.234705402737828583e-01,5.649906535401162389e-01,1.420156359580968797e+01,9.986460961413551329e-01,3.991772078835788273e-02,-3.335491311174508533e-02,-1.518770881497442815e+01,4.913649164868455661e-03,5.659530412218534146e-01,8.244228351905461549e-01,-5.234449995899867147e+00
8.418656721157416478e-02,-8.036196683378741268e-01,5.891587651572821605e-01,1.422956624083003518e+01,9.934644889581065730e-01,1.134265716655740164e-01,1.275625412888300655e-02,-1.487904612745918698e+01,-7.707743561079948014e-02,5.842344062965806328e-01,8.079165968210727522e-01,-5.224587582568698707e+00
1.061845015458400265e-01,-8.370696582583905254e-01,5.366928719990978758e-01,1.423323861127044054e+01,9.943078909733983339e-01,8.463278985041013114e-02,-6.472332524034123125e-02,-1.453806884290949419e+01,8.756116690167218067e-03,5.405105716869151866e-01,8.412916571054244175e-01,-5.224401136902181442e+00
7.727902092129823597e-02,-8.341956102801217909e-01,5.460271391742521629e-01,1.425811197284867404e+01,9.962917304654723694e-01,8.539026756684252317e-02,-1.054940808650174297e-02,-1.424896534670256720e+01,-3.782513359603281028e-02,5.448175712972522788e-01,8.377010643864578610e-01,-5.245384163574232872e+00
1.106730973054886741e-01,-8.134383272363171491e-01,5.710250023561046495e-01,1.429923656179242819e+01,9.920854065454450810e-01,1.247098429940722703e-01,-1.462877916814886783e-02,-1.387985840808390670e+01,-5.931282873347035189e-02,5.681245839104083206e-01,8.208023181645249799e-01,-5.238054846234207140e+00
1.257117785411896449e-01,-8.173606349643446345e-01,5.622438449166797803e-01,1.430179038758047128e+01,9.878498430449818013e-01,1.553327582226593784e-01,4.941843678566674655e-03,-1.354168219564947506e+01,-9.137415571162817163e-02,5.547912459958455056e-01,8.269567322625549499e-01,-5.263703824436458234e+00
3.560562544733229112e-02,-8.302124036979666721e-01,5.563089107524217258e-01,1.434823934406955104e+01,9.988574288004132828e-01,4.731932337005857053e-02,6.687194181792845138e-03,-1.318250764749078918e+01,-3.187595279719940972e-02,5.554351864815934015e-01,8.309486610202984069e-01,-5.249981778848198388e+00
8.583629962979200112e-02,-8.370614131532352342e-01,5.403335268848032946e-01,1.441085118108357044e+01,9.943788675443179237e-01,1.057207493432136963e-01,5.812997470079351615e-03,-1.284062853039150731e+01,-6.199030123448300011e-02,5.367972743673504743e-01,8.414308579940719124e-01,-5.250596472201547016e+00
4.344001167585233303e-02,-8.292658224344688911e-01,5.571634958678491900e-01,1.443484831140786717e+01,9.978800086466811381e-01,6.306657183202053762e-02,1.606536213889527692e-02,-1.248309305155962612e+01,-4.846084738114719848e-02,5.552844345553354932e-01,8.302473986780450899e-01,-5.288609992418208172e+00
-1.549128352201710294e-02,-8.372798856488388175e-01,5.465550413478086345e-01,1.441286330040321140e+01,9.991875553210707306e-01,-3.330284929403043437e-02,-2.269690552473372161e-02,-1.210324708491208057e+01,3.720550263523113299e-02,5.457593914141689595e-01,8.371155459414750810e-01,-5.273252892255263724e+00
2.367872185887558850e-02,-8.493438180197407927e-01,5.273086353576779128e-01,1.441706573948946790e+01,9.997164521924855052e-01,1.878917586815889718e-02,-1.462812653290009382e-02,-1.183017521868725197e+01,2.516614153395807692e-03,5.275054934897293046e-01,8.495478921116562665e-01,-5.252664045983345353e+00
6.820850267714069493e-02,-8.496369361586240121e-01,5.229385020033674447e-01,1.443556871894792515e+01,9.976295538044587241e-01,5.330250896129249544e-02,-4.352144200673345453e-02,-1.150875719126365482e+01,9.103490454567712137e-03,5.246674368144222944e-01,8.512586018409011857e-01,-5.252905405470269073e+00
1.217329684263556734e-02,-8.647625772636213792e-01,5.020333612503830034e-01,1.444831399691122442e+01,9.999119764560697732e-01,7.877857964337396657e-03,-1.067608044214730413e-02,-1.127808022573458580e+01,5.277327324936506581e-03,5.021191335910941689e-01,8.647823573003976527e-01,-5.214926370578628401e+00
1.615938091102814972e-02,-8.727899328968499182e-01,4.878284610828705903e-01,1.447137342783665481e+01,9.998619617895133649e-01,1.599102369900521486e-02,-4.510490824818463342e-03,-1.095017879130202054e+01,-3.864165497899418444e-03,4.878340088544136921e-01,8.729278595794929263e-01,-5.225966394564101947e+00
4.313834906729018047e-04,-8.391400888770509381e-01,5.439151819426413237e-01,1.444778801734408624e+01,9.996215258252493241e-01,1.532317341181378689e-02,2.284743888030402528e-02,-1.060303386134934733e+01,-2.750670854685583269e-02,5.436994680850855133e-01,8.388291061884487476e-01,-5.237430323094657503e+00
1.346755868884288131e-02,-8.824669865916741074e-01,4.701814994645899803e-01,1.447350963982109207e+01,9.997108321112302409e-01,2.514846496729083482e-03,-2.391501006829663614e-02,-1.034719925094037229e+01,1.992177257252481654e-02,4.703676148746916419e-01,8.822456743190418837e-01,-5.231471977291052511e+00
-6.749023472713628269e-04,-8.837122745847590943e-01,4.680300847755949345e-01,1.447670923520185404e+01,9.997525569183164373e-01,-1.100265449635077358e-02,-1.933304242274459447e-02,-1.002007873371871582e+01,2.223442021073180133e-02,4.679012260533877421e-01,8.835010318135614327e-01,-5.191130269501222472e+00
4.571089205717394216e-02,-8.903605263521612301e-01,4.529554585842159309e-01,1.446447490990420270e+01,9.988689679889867223e-01,3.479751100678121073e-02,-3.240243843211205316e-02,-9.719764042209328991e+00,1.308812958184376110e-02,4.539242958265547467e-01,8.909441253650050019e-01,-5.143730133958629658e+00
7.750900340704751368e-02,-9.072031081488585169e-01,4.134910820754112426e-01,1.451009258192740070e+01,9.968352833343411268e-01,6.317235142279586935e-02,-4.825631477284643422e-02,-9.380629268233048990e+00,1.765707480267680526e-02,4.159227988230072004e-01,9.092284933550243142e-01,-5.164414137053389808e+00
-2.389008718110734175e-02,-8.954960630140295086e-01,4.444277948788194488e-01,1.450634838560497819e+01,9.997140160642791207e-01,-2.187640471055352781e-02,9.659658460194174220e-03,-9.050296701983649328e+00,1.072296184224762975e-03,4.445314657516512558e-01,8.957625947412518608e-01,-5.147774954202882114e+00
2.032148576075100757e-02,-8.944158230661900522e-01,4.467744091432534481e-01,1.454862846695163370e+01,9.997901039173597848e-01,1.934381898874142774e-02,-6.750168578864474550e-03,-8.712557997787426345e+00,-2.604865713967537046e-03,4.468178063996097182e-01,8.946211838308165687e-01,-5.161253064338354513e+00
2.278452651895008021e-02,-8.878060801413893977e-01,4.596533796408834305e-01,1.451460863400831869e+01,9.971080516627093271e-01,5.352286900254508289e-02,5.395216217288861110e-02,-8.380942431274849724e+00,-7.250102523896016782e-02,4.570948113441193894e-01,8.864580840522479077e-01,-5.156503641979790054e+00
6.551754591665003361e-03,-8.995396350787733253e-01,4.367900175531898577e-01,1.453885190254734461e+01,9.994413148718113149e-01,2.020647745787048852e-02,2.662247914915189667e-02,-8.036312205468162162e+00,-3.277396282223092594e-02,4.363715655162359042e-01,8.991694635439055894e-01,-5.165440567597909372e+00
-5.937250808763800541e-04,-9.034075367226559461e-01,4.287825440514450581e-01,1.452985861331304918e+01,9.998749268366147192e-01,6.240332402215153888e-03,1.453234100143030623e-02,-7.639980375773120613e+00,-1.580437199006345245e-02,4.287375430775937080e-01,9.032908396423527941e-01,-5.172357325290582786e+00
3.884468649040329069e-02,-8.892566503819046009e-01,4.557561849092292006e-01,1.450371691052757761e+01,9.949961865666127059e-01,7.643892556673707872e-02,6.434034019259662895e-02,-7.304216158607628628e+00,-9.205258849895664452e-02,4.509763856453649078e-01,8.877762221082987626e-01,-5.188485219475603039e+00
5.493229809687210502e-02,-8.799220931463359596e-01,4.719317245309592734e-01,1.451980590116183123e+01,9.961500403451865049e-01,8.063546260404599875e-02,3.439504747652492866e-02,-7.050070578327973791e+00,-6.831939509448980985e-02,4.682254074306532177e-01,8.809639198572891683e-01,-5.249007941162575186e+00
1.441766358430206403e-02,-8.681582208093004960e-01,4.960780529493293844e-01,1.454809035396038297e+01,9.982937091646103545e-01,4.057419916819810651e-02,4.199291135681578607e-02,-6.756326010039086505e+00,-5.658446093347312827e-02,4.946261598450772401e-01,8.672618755472759622e-01,-5.230409328661345114e+00
5.780695331077856380e-02,-8.794828912410865840e-01,4.724068163809053145e-01,1.455619896121403656e+01,9.976670516316753501e-01,6.810485623233070163e-02,4.709845658955770856e-03,-6.443589582130011095e+00,-3.631542699023154741e-02,4.710324538413370177e-01,8.813680373094568976e-01,-5.228088920228356251e+00
5.470039244782415322e-02,-8.597575538308431797e-01,5.077645278048249500e-01,1.456010347450771469e+01,9.963141561896354803e-01,8.064782841308607009e-02,2.922379079424529055e-02,-6.080949055035619999e+00,-6.607548139957911126e-02,5.042944342376358691e-01,8.610000896369031098e-01,-5.227014985635928035e+00
7.792715238124493793e-02,-8.777101934948398076e-01,4.728130446138297804e-01,1.456686200811950016e+01,9.961241677174139664e-01,8.795354091624704718e-02,-9.039522007075107999e-04,-5.762590947854763002e+00,-4.079217340418399979e-02,4.710509429727789410e-01,8.811623049775889616e-01,-5.254379717156740348e+00
9.532646067532471457e-02,-8.780905763759166982e-01,4.689027677194118060e-01,1.459650269349325313e+01,9.940094041607464570e-01,1.092651428911624728e-01,2.536333765415885177e-03,-5.449268873776737188e+00,-5.346185869487811437e-02,4.658519810291503749e-01,8.832461499695902774e-01,-5.301635124357818363e+00
1.035722701912810406e-01,-8.623415316800880914e-01,4.956206892241912798e-01,1.462531345762678825e+01,9.879868153239057538e-01,1.466599565527685889e-01,4.871252292854985622e-02,-5.118282208710072112e+00,-1.146945403824795873e-01,4.846214397687946818e-01,8.671719682524747785e-01,-5.237469036566561265e+00
1.790900284976703616e-01,-8.649540475317887278e-01,4.688083375443298229e-01,1.471559038932996089e+01,9.729560462485205008e-01,2.263692942822128351e-01,4.597254261640930373e-02,-4.762360359784329589e+00,-1.458879493349177492e-01,4.478966825781913741e-01,8.821027536371837119e-01,-5.307518700763388608e+00
3.137493049490325814e-01,-8.031093216662968937e-01,5.065340966773096421e-01,1.489590510042192406e+01,9.171163994543780618e-01,3.944700576731257624e-01,5.736622221478696049e-02,-4.509773160188460750e+00,-2.458838821391783891e-01,4.465521145981304341e-01,8.603094358729908020e-01,-5.310242829206533344e+00
4.971785348526078785e-01,-7.042655078939199509e-01,5.067776621682644755e-01,1.506346620703516237e+01,8.093886008736138615e-01,5.868788700644664846e-01,2.152404812545284651e-02,-4.230478987535247981e+00,-3.125757464322282964e-01,3.994787682252643468e-01,8.618080508324110767e-01,-5.409845159145187488e+00
6.282743536043080557e-01,-5.730569272128783753e-01,5.261911200090906293e-01,1.520700631990467322e+01,6.554720596706229419e-01,7.542239552993267315e-01,3.876343952474221172e-02,-4.076923914325574216e+00,-4.190796053188904358e-01,3.205495023018649081e-01,8.494823723773133883e-01,-5.499267063881738693e+00
7.521932615997892757e-01,-4.105973553833254797e-01,5.153786073908080967e-01,1.546398532896916933e+01,4.743789214969809098e-01,8.802752337438825014e-01,8.952747986630696028e-03,-4.070433562193134236e+00,-4.573509987342648242e-01,2.377505512283241418e-01,8.569158297915830946e-01,-5.678965022956680819e+00
8.509499508949226465e-01,-1.578446550876427268e-01,5.009683083112048685e-01,1.571020500300893019e+01,1.868960889919349111e-01,9.823475485935535545e-01,-7.946426351042003983e-03,-4.086399217475042533e+00,-4.908706886660130775e-01,1.003910286454804401e-01,8.654291469415941185e-01,-5.797888728273643544e+00
8.306062662795393736e-01,1.064426626075744425e-01,5.465923435195298996e-01,1.583534053251895557e+01,-1.088330782863026203e-01,9.936622070151680530e-01,-2.812080049484132899e-02,-4.240218936079632073e+00,-5.461214072785377516e-01,-3.613001420914188633e-02,8.369265383445285700e-01,-5.898189514437638614e+00
8.459756383518312051e-01,9.953348370527491384e-02,5.238495060002463788e-01,1.611277001667628284e+01,-1.240067181516150835e-01,9.922119632051588090e-01,1.173686183902599399e-02,-4.331710462621609636e+00,-5.186015360259527140e-01,-7.488995723095190349e-02,8.517299696132969444e-01,-6.060198209735058406e+00
8.502188623063736683e-01,1.448791962286114787e-01,5.061006863052111004e-01,1.642273642223218388e+01,-1.622455059812614175e-01,9.867008009335410668e-01,-9.895717558165968361e-03,-4.389319756172479714e+00,-5.008036361363004119e-01,-7.369903620304289749e-02,8.624176309047731914e-01,-6.215076033457462401e+00
8.088917294927747692e-01,2.178321470790545999e-01,5.461165861399154275e-01,1.662747284139571491e+01,-2.381880025057233341e-01,9.706112432233416909e-01,-3.435534879418958298e-02,-4.472596036910438499e+00,-5.375505980096401126e-01,-1.022886612844511739e-01,8.370044111903546247e-01,-6.357728599629212773e+00
8.177100268091060942e-01,2.250603996745000612e-01,5.298095210112819808e-01,1.694354144216842428e+01,-2.626467708722154959e-01,9.648815278916055282e-01,-4.506759806857908550e-03,-4.584952456571499191e+00,-5.122177132882553829e-01,-1.354675371884799528e-01,8.481046872655743085e-01,-6.499835803896012898e+00
8.189674204035174432e-01,2.676790206874089528e-01,5.075828072358605780e-01,1.713137092989548904e+01,-2.968349249461934014e-01,9.546146471668170985e-01,-2.449291217391277170e-02,-4.648737088401849959e+00,-4.911022211819008887e-01,-1.306094073885951390e-01,8.612547770850403905e-01,-6.610642255683365498e+00
7.625036116580897749e-01,3.684381818189902402e-01,5.318284952748250083e-01,1.735906789530173100e+01,-4.016903878209701628e-01,9.139832496224979952e-01,-5.726649755079468718e-02,-4.762021260190966387e+00,-5.071815005898859807e-01,-1.699644833116971399e-01,8.449136049750759492e-01,-6.736469911426386403e+00
7.735383096105300504e-01,3.496684367661966331e-01,5.285550755544469181e-01,1.763475124752672230e+01,-4.324430368131306768e-01,9.009067411844802198e-01,3.687904012031013173e-02,-4.863074639636685959e+00,-4.632833943459683801e-01,-2.570973123504822211e-01,8.480975583654488670e-01,-6.924588810932138294e+00
7.906234663187776679e-01,2.770943463150604691e-01,5.460158035682748379e-01,1.789168763503147375e+01,-3.448022110766499893e-01,9.383923196162788916e-01,2.304972281462253428e-02,-4.922682715759545857e+00,-5.059900885815203919e-01,-2.064911081025185557e-01,8.374577317882130334e-01,-7.104538255759613286e+00
7.723415903158143969e-01,3.005517574540509940e-01,5.596044218550447757e-01,1.821322077393262262e+01,-3.907238956502580018e-01,9.193837906949149374e-01,4.547837700856690452e-02,-5.035622581337278802e+00,-5.008226285186463400e-01,-2.537756617540919968e-01,8.275110925328711398e-01,-7.262476742566084553e+00
8.193887936381355486e-01,1.751957304306649421e-01,5.458099127893385472e-01,1.850411351820066841e+01,-2.811196489736906279e-01,9.526049335747279745e-01,1.162565417083916974e-01,-5.148615027824077650e+00,-4.995735659751728286e-01,-2.486971985526798823e-01,8.298047695758911102e-01,-7.419733086808736111e+00
8.195787893498005516e-01,8.095414554683776770e-03,5.729093054848223288e-01,1.878423533485656094e+01,-8.191608151409325578e-02,9.912840091989306712e-01,1.031783344305799155e-01,-5.127815097704707448e+00,-5.670805618580939678e-01,-1.314932597880201781e-01,8.130984927996286471e-01,-7.620560266924846893e+00
8.013331856667074149e-01,-1.269216255318095232e-01,5.845990305513751872e-01,1.908077952008959599e+01,7.084981591775074694e-02,9.904914625916824145e-01,1.179278004433582522e-01,-5.047240689068989816e+00,-5.940079369281746624e-01,-5.308072630768265882e-02,8.027060528991802890e-01,-7.842647316133400714e+00
8.119929185098887503e-01,-1.928788027921249093e-01,5.508768171953400961e-01,1.937668885549485154e+01,1.615567662287588913e-01,9.812167034038249414e-01,1.054191265711974662e-01,-5.039844179003137192e+00,-5.608626494744486379e-01,3.398292925161349246e-03,8.279018903406947238e-01,-7.990907827910753269e+00
7.947521305178905093e-01,-1.568121115161727197e-01,5.863267115858801226e-01,1.957063939917081186e+01,1.278459998352350357e-01,9.876245988991770863e-01,9.084630964087808680e-02,-5.076036673478663275e+00,-5.933164849921180872e-01,2.759226536027504541e-03,8.049645553100582829e-01,-8.121465175737242248e+00
8.198638300059858386e-01,4.327092011384620074e-03,5.725422050143024189e-01,1.983194957206994147e+01,-7.464031764118529699e-02,9.922457885261289912e-01,9.938369149202050390e-02,-5.098298702664276760e+00,-5.676725493013897728e-01,-1.242158259920327495e-01,8.138294080105348272e-01,-8.320240993784036476e+00
7.953674158695277496e-01,3.303254032457894618e-02,6.052268376838005892e-01,2.011878261529982481e+01,-1.074998324798848992e-01,9.903719544523672536e-01,8.721913695395383526e-02,-5.214307476492426652e+00,-5.965186164654265877e-01,-1.344330432367751293e-01,7.912605747137109180e-01,-8.483320434441255387e+00
7.649671053452915537e-01,2.458354747445859120e-02,6.436000131550770886e-01,2.030826071904171215e+01,-8.821006887125018570e-02,9.938539950696960723e-01,6.688213688072047747e-02,-5.266321242258227286e+00,-6.380002441138836744e-01,-1.079346361348985095e-01,7.624341301601413878e-01,-8.619965734856593897e+00
7.582278541920388637e-01,1.920041398274371369e-01,6.230769867491984249e-01,2.054204172131402473e+01,-2.866199036710093684e-01,9.565193818849752061e-01,5.403427521493779639e-02,-5.367565904303460478e+00,-5.856104096982549523e-01,-2.195565584707221407e-01,7.802918464815160604e-01,-8.809177840767617340e+00
7.844521479381229012e-01,1.270794094387774076e-01,6.070301897697968352e-01,2.083182316551395630e+01,-2.149094045214395843e-01,9.738375503875877914e-01,7.385372910923224121e-02,-5.414065504658258199e+00,-5.817635047366808143e-01,-1.883912130429406251e-01,7.912395183537680454e-01,-9.011986686577397876e+00
7.982403386062451034e-01,1.036724552544290023e-01,5.933501359596240476e-01,2.117523939414633460e+01,-1.892395153338857494e-01,9.783620502293866039e-01,8.364271939113675225e-02,-5.465207722682485780e+00,-5.718398094379085750e-01,-1.790522848010221990e-01,8.005869794404287809e-01,-9.232233618091925109e+00
7.580708979812815773e-01,1.489282263045501320e-01,6.349400735846122412e-01,2.140822413850593620e+01,-2.456503553800029049e-01,9.670778577489865802e-01,6.645539822547476272e-02,-5.562987446703416161e+00,-6.041394015751101465e-01,-2.063511581295542352e-01,7.696978517594152969e-01,-9.415882921699001429e+00
7.529176563171663394e-01,1.096070626130934977e-01,6.489231808397613044e-01,2.165442158563666908e+01,-2.104496769266687717e-01,9.743585958013505355e-01,7.960062983091585609e-02,-5.606932357126672706e+00,-6.235590880480588183e-01,-1.964983934116171505e-01,7.566785612790453142e-01,-9.583323691687677837e+00
7.743222281636846782e-01,1.346756642246205171e-01,6.182940663125295888e-01,2.189874785174635363e+01,-2.404559322530086252e-01,9.664195780346722664e-01,9.063191400174627765e-02,-5.676024573847261223e+00,-5.853255774489646290e-01,-2.188507817142541501e-01,7.807037233977403012e-01,-9.787536262670689879e+00
7.595964843914358999e-01,1.818285051618253600e-01,6.244610280960580795e-01,2.213293953860658902e+01,-3.047836709330233873e-01,9.476924763543490560e-01,9.479390378051558153e-02,-5.752581736278682634e+00,-5.745607842802729071e-01,-2.623306405511459105e-01,7.752822326064635616e-01,-1.001976752826100636e+01
7.870497811012043821e-01,1.190649011375747024e-01,6.052901712283492719e-01,2.239741598604257078e+01,-2.176381341229155497e-01,9.716979518320435494e-01,9.185169013635524626e-02,-5.826857315910062951e+00,-5.772229072412515816e-01,-2.040260760846716870e-01,7.906877232090104846e-01,-1.022475266746258171e+01
7.984329757324014620e-01,1.453747382246857456e-01,5.842696027941254311e-01,2.268872132256463203e+01,-2.314234212982033134e-01,9.699647785692147028e-01,7.491013556125993011e-02,-5.888752869454862982e+00,-5.558308945513348309e-01,-1.950243928878527822e-01,8.080949837989263029e-01,-1.040924324111964161e+01
8.195590270756319962e-01,9.259847971397049127e-02,5.654631046262025285e-01,2.298038461650970632e+01,-1.657856318826302910e-01,9.829670455701619014e-01,7.931526703190236449e-02,-5.976829756048360309e+00,-5.484871241880896475e-01,-1.587492011876782128e-01,8.209510129856426586e-01,-1.059840675270149113e+01
8.273148132367817986e-01,1.362460466868113847e-02,5.615732988191388664e-01,2.328777536832648209e+01,-9.045423855362363930e-02,9.898910383815930913e-01,1.092417633485155692e-01,-6.034780474296366215e+00,-5.544080000565225763e-01,-1.411740141790650271e-01,8.201839227843322755e-01,-1.077483855109461963e+01
8.446296233478738369e-01,3.853358851805133156e-02,5.339625098442295492e-01,2.361282931170868693e+01,-1.225141219338795467e-01,9.848499682376545827e-01,1.227225732661224311e-01,-6.096706229599487159e+00,-5.211440197200764013e-01,-1.690730688732226261e-01,8.365543664889871778e-01,-1.097408423030423741e+01
8.544181526668589433e-01,6.743655284850454124e-02,5.151911603795833461e-01,2.393839526080573776e+01,-1.469736264472508991e-01,9.824145390866864114e-01,1.151539253348963787e-01,-6.144188867385907749e+00,-4.983657025942858643e-01,-1.741091173115337232e-01,8.493042103667577392e-01,-1.117854397837747982e+01
8.306831616810985697e-01,5.769953598216812779e-02,5.537474590884683412e-01,2.413963547099150020e+01,-1.350288084549253476e-01,9.857987821829123920e-01,9.983978131950997648e-02,-6.199775957419752181e+00,-5.401228617515990704e-01,-1.577070847936979103e-01,8.266775487571534908e-01,-1.127371778636754307e+01
8.355162062580048232e-01,7.901431217412388519e-02,5.437549149680209748e-01,2.439758343114833394e+01,-1.568698458360562875e-01,9.827211369594667234e-01,9.823959711064830791e-02,-6.255951009405891661e+00,-5.265971140707125242e-01,-1.673795251658345973e-01,8.334743991315247680e-01,-1.145395050423253203e+01
8.017837828231272335e-01,1.028546069324724060e-01,5.886966072898682789e-01,2.471371919674407991e+01,-1.906415333012272117e-01,9.776315193883690080e-01,8.883928229642343299e-02,-6.301762616895392632e+00,-5.663908291828120278e-01,-1.834599196858885395e-01,8.034574577950306384e-01,-1.161653813663133761e+01
7.913502199607453935e-01,9.458996015510098831e-02,6.040012986790133098e-01,2.497056790706883689e+01,-1.834757149235112794e-01,9.791629281422807862e-01,8.704379463889848345e-02,-6.364356755489280815e+00,-5.831822111496423044e-01,-1.797016961235710919e-01,7.922157591268461641e-01,-1.175903669623947856e+01
8.028044240390217468e-01,5.690401717581544672e-02,5.935208417339928877e-01,2.525256690749709065e+01,-1.303623529461643560e-01,9.881031754170561676e-01,8.159516937336269704e-02,-6.412759859849492372e+00,-5.818167354740783059e-01,-1.428777364041797227e-01,8.006717422029475673e-01,-1.195741583142637587e+01
7.899329539420338886e-01,6.808163129262773117e-02,6.094020181759703947e-01,2.555384452329488809e+01,-1.613635331383876104e-01,9.818690888213403856e-01,9.947312496471150123e-02,-6.434561239165725866e+00,-5.915807116949544087e-01,-1.769123621957577053e-01,7.865966422842189942e-01,-1.212953894946403466e+01
8.286167526748824397e-01,1.123905786570547800e-02,5.597034578817809969e-01,2.584157585368393484e+01,-1.141609297581179516e-01,9.821814764701620737e-01,1.492877402724430425e-01,-6.492547223510760190e+00,-5.480525150962217706e-01,-1.875985896993403179e-01,8.151350868656823678e-01,-1.227568430580959635e+01
8.423668697258617222e-01,1.443797479029364401e-02,5.387110558288241702e-01,2.609942012475266182e+01,-1.031980960058031388e-01,9.854627797220664176e-01,1.349565217513885029e-01,-6.536040925185282013e+00,-5.289311956852513763e-01,-1.692768580356174002e-01,8.316111684943625626e-01,-1.242708394482819756e+01
7.927916509767271025e-01,5.785567406866735929e-02,6.067405698646284318e-01,2.633662824430450655e+01,-1.535568894265813000e-01,9.823324123468866187e-01,1.069734236265110355e-01,-6.563535130037879917e+00,-5.898319081325016366e-01,-1.779768317248177356e-01,7.876690723381027937e-01,-1.261054235125186906e+01
8.115190210412416283e-01,4.203693490927203763e-02,5.828119547432918379e-01,2.665614263354516922e+01,-1.472024140063774855e-01,9.799483133306264859e-01,1.342860845774921930e-01,-6.674237921147538444e+00,-5.654806166430106362e-01,-1.947670385457755948e-01,8.014346342011605673e-01,-1.279164744242780216e+01
8.072952234993513443e-01,4.101702607960363428e-02,5.887206686423671620e-01,2.692723516189445121e+01,-1.610237570421086117e-01,9.750388013525520536e-01,1.528747380211020745e-01,-6.713876349788777453e+00,-5.677550279682039847e-01,-2.182130597112862669e-01,7.937488827004809400e-01,-1.294353189263922488e+01
8.033346911901578791e-01,4.008204392676354560e-02,5.941774176835274979e-01,2.721075717079827427e+01,-1.206333535891125214e-01,9.880005900206270120e-01,9.644909600786939763e-02,-6.754434520470587344e+00,-5.831817623453751098e-01,-1.491585192791339831e-01,7.985303802575065557e-01,-1.315563484827588425e+01
8.284466318607563995e-01,1.925007060237489756e-02,5.597370926965359317e-01,2.748117591331828891e+01,-1.224335638906612345e-01,9.814615711496538220e-01,1.474557790982857497e-01,-6.852963852422153224e+00,-5.465219122703128818e-01,-1.906898506430124707e-01,8.154453876686932334e-01,-1.334054879205011801e+01
8.265621507758693642e-01,2.945575115072280800e-02,5.620741673737675859e-01,2.781489989016574782e+01,-1.135375079773708468e-01,9.868267666510754932e-01,1.152482837324281806e-01,-6.908241483378576575e+00,-5.512751084413817226e-01,-1.590763695371762709e-01,8.190179872675654726e-01,-1.354476286985879874e+01
8.054541467479694461e-01,3.871655550138813212e-02,5.913921252575206067e-01,2.806562531681251826e+01,-1.174938108097129258e-01,9.884894566870129351e-01,9.530896306236681659e-02,-6.965292614619854383e+00,-5.808948458266020021e-01,-1.462519140001931339e-01,8.007318875524864765e-01,-1.376148833328972998e+01
8.358654414224969686e-01,-1.004605113047986852e-02,5.488424552567491288e-01,2.838634052527064711e+01,-1.035161618698748343e-01,9.790093287012151535e-01,1.755708932247156406e-01,-7.073374980544724799e+00,-5.390856778539975247e-01,-2.035677066056358064e-01,8.172801360366085399e-01,-1.398792439112158625e+01
8.246388909341928475e-01,-5.338361480500234540e-02,5.631348765874600870e-01,2.868381437825278368e+01,-3.779785948398782514e-02,9.881114624791478285e-01,1.490203326252728111e-01,-7.086378565441878941e+00,-5.643952705128317815e-01,-1.441732547585346524e-01,8.128173541670217217e-01,-1.418908014227938530e+01
8.008184750106336347e-01,-7.626933943481477643e-03,5.988585809356523626e-01,2.893063521445903419e+01,-6.636579658933708381e-02,9.926307709466292151e-01,1.013890211658146218e-01,-7.163928039544733117e+00,-5.952187422491881374e-01,-1.209379280809826235e-01,7.944108926914164037e-01,-1.434912898911977308e+01
8.141969697452564603e-01,-5.228674481130517887e-02,5.782295312198070247e-01,2.923323619693457331e+01,-4.634266875947955916e-02,9.869059416795834538e-01,1.544960171971518081e-01,-7.222803980768050636e+00,-5.787362538409793755e-01,-1.525868886719002337e-01,8.011127198438044994e-01,-1.455547845772614934e+01
8.283614823972337282e-01,-9.243315194633543869e-03,5.601176801395116867e-01,2.948174327609326895e+01,-9.681514163734397660e-02,9.824563894075217796e-01,1.593934479897960443e-01,-7.252537605613425420e+00,-5.517645175529121149e-01,-1.862632653975208052e-01,8.129341382504824409e-01,-1.475001819036672401e+01
8.258166523686338856e-01,5.872485674356423685e-02,5.608727555079752181e-01,2.974497392020166942e+01,-1.891642548523328471e-01,9.657876879591724695e-01,1.774007510486823591e-01,-7.292388358035622353e+00,-5.312661680898043137e-01,-2.525975712213448521e-01,8.086721991364937967e-01,-1.493290741464508642e+01
8.158618775025470171e-01,1.257789591687531738e-01,5.644014974009571306e-01,3.003348350589857318e+01,-2.668288975260105222e-01,9.478169742058006886e-01,1.744858815274552277e-01,-7.425305344352940651e+00,-5.130026669356338997e-01,-2.929550082142033385e-01,8.068491971112959904e-01,-1.504856342334308295e+01
7.874876480095841513e-01,2.864461720699335578e-01,5.457213526506121681e-01,3.013922316092561715e+01,-4.497661239475506112e-01,8.724698515477511407e-01,1.910675061056709423e-01,-7.544174494245467599e+00,-4.213948718026007123e-01,-3.959102785312919592e-01,8.158930158861175119e-01,-1.509561157914897223e+01
7.326737987756458681e-01,4.460160583863163053e-01,5.140610666537556162e-01,3.030855648194345875e+01,-6.129945060215451491e-01,7.606282086851413604e-01,2.137345637463297088e-01,-7.744865865489749979e+00,-2.956803006205636075e-01,-4.717143243680066433e-01,8.306977525014546115e-01,-1.515561372004193963e+01
7.494010502250774142e-01,4.282239756858845503e-01,5.049973193684542672e-01,3.053305734329854459e+01,-5.987966739118598669e-01,7.638108213486094478e-01,2.409057336446262798e-01,-7.901821384228910894e+00,-2.825608062588396141e-01,-4.829257249707615829e-01,8.288197240219483675e-01,-1.525557001737875318e+01
8.229061193417163134e-01,2.884656405730727791e-01,4.895029039328802622e-01,3.084106683787331349e+01,-4.428791753007997878e-01,8.653519582257701570e-01,2.345720027618548031e-01,-8.040748870902643120e+00,-3.559263334383130917e-01,-4.098213789001128315e-01,8.398588468079435376e-01,-1.537136347881344989e+01
8.661909875305638939e-01,1.892190549771349817e-01,4.625033214522736302e-01,3.107760789502028942e+01,-3.544893561687937344e-01,8.850078354888519794e-01,3.018251604594462401e-01,-8.085450045322247092e+00,-3.522079917944239691e-01,-4.253907384474836517e-01,8.336619519680883439e-01,-1.548205588617452833e+01
9.067541419137201686e-01,-3.731733756255489753e-02,4.200051695390833451e-01,3.136377498841195433e+01,-1.042742553076766998e-01,9.452931583222136114e-01,3.091079496053814046e-01,-8.056590245163288699e+00,-4.085630989239511512e-01,-3.240806398821991507e-01,8.532572490469692017e-01,-1.559025460654749828e+01
9.021940320777205313e-01,-1.447049986369230989e-01,4.063328584459199311e-01,3.163999654003000828e+01,-6.731293702076756279e-03,9.372072550946893843e-01,3.487079733573257290e-01,-8.069597751243396289e+00,-4.312778897282366075e-01,-3.173373983118994990e-01,8.445687405203873288e-01,-1.573290263635920283e+01
8.897873966790454947e-01,-1.100783463508370752e-01,4.429008313107923311e-01,3.186899328639920270e+01,-5.501186982936766973e-02,9.375285040045202578e-01,3.435316555383539083e-01,-8.098914613058752821e+00,-4.530475503619938449e-01,-3.300349403377021984e-01,8.281454312300983167e-01,-1.582766540867064009e+01
8.726520185383245254e-01,-8.511516740737364028e-02,4.808678226063803351e-01,3.210467500754648285e+01,-9.186107188908590460e-02,9.385044552030447074e-01,3.328226720573940756e-01,-8.115070627150803517e+00,-4.796248513290108373e-01,-3.346114102077963337e-01,8.111690367280876002e-01,-1.591219770118784282e+01
8.751043775408422487e-01,-1.249246857569471514e-01,4.675319789034563800e-01,3.238568360625711762e+01,-5.554552268848886309e-02,9.337925858233551146e-01,3.534771584849490389e-01,-8.170062480986700848e+00,-4.807359184813607134e-01,-3.352987168926526151e-01,8.102269726021362750e-01,-1.597949812096571875e+01
8.896782251356167848e-01,-1.468531386204371403e-01,4.323272040906797620e-01,3.264712318106288791e+01,-3.234549621318692780e-02,9.242146914707067840e-01,3.805009499914926430e-01,-8.107527078958280953e+00,-4.554409122973704926e-01,-3.525072477936196935e-01,8.175036487127785856e-01,-1.616001890256874773e+01
8.598660084451831276e-01,-1.800386337272188719e-01,4.777201459915453863e-01,3.298394673296694890e+01,-2.723753569325452865e-03,9.341212970502424939e-01,3.569453509483848097e-01,-8.105166549512675900e+00,-5.105125157006844550e-01,-3.082263661058354254e-01,8.027287702269986225e-01,-1.636765877341212416e+01
8.848858269441041147e-01,-2.118845870879788318e-01,4.148276690723566307e-01,3.334414697323353494e+01,3.237574591365560694e-02,9.163778571922807092e-01,3.990030500186905194e-01,-8.125527912457011226e+00,-4.646814869886500832e-01,-3.396417886571675981e-01,8.177496995094383214e-01,-1.654193101640696639e+01
8.929228358600713733e-01,-2.306207409586757406e-01,3.866560267722178312e-01,3.365525416782202228e+01,6.006263876291543374e-02,9.121801649680609803e-01,4.053638193816460622e-01,-8.101674490786169969e+00,-4.461852626706115932e-01,-3.387350298958048400e-01,8.283581899740264376e-01,-1.672255025119918059e+01
8.981693340326060149e-01,-1.996375802605334371e-01,3.917099487518065914e-01,3.393399962614650178e+01,1.908497717446421688e-02,9.078236780667396921e-01,4.189175732618841130e-01,-8.084369764410498149e+00,-4.392352570658173971e-01,-3.687831423602426772e-01,8.191894670106727450e-01,-1.683096598361856877e+01
9.097688116353332966e-01,-2.073628226835770305e-01,3.596128044777210375e-01,3.427673046694334857e+01,3.369508321280240137e-02,9.003261297319971046e-01,4.339095545031068646e-01,-8.154031731186726972e+00,-4.137455144686345565e-01,-3.826401963862419708e-01,8.260757406960834714e-01,-1.697824254502002361e+01
9.176624558379194996e-01,-1.618241238696953022e-01,3.629167536492667323e-01,3.456525513278312900e+01,5.068266855710763623e-03,9.180103030701672884e-01,3.965241431843691822e-01,-8.215922224592485890e+00,-3.973284910707976514e-01,-3.620359600796919652e-01,8.432437570433466423e-01,-1.707441709204599434e+01
9.088742103690327090e-01,-1.143534050845800010e-01,4.010872329950528337e-01,3.485888391624086324e+01,-4.271802502502675819e-02,9.310962345925664074e-01,3.622636778170081895e-01,-8.235819343334116027e+00,-4.148768974816840482e-01,-3.463857685776160489e-01,8.413644033727991633e-01,-1.714735660779097515e+01
9.362136653999486580e-01,-1.195066368982051763e-01,3.304877251210276978e-01,3.520555412803232542e+01,-2.252217697608255298e-02,9.180685819601938080e-01,3.957812910710361565e-01,-8.292942672121784042e+00,-3.507088882002422636e-01,-3.779791562439371311e-01,8.568168025794493659e-01,-1.730171674598508957e+01
9.241639270901329528e-01,-1.924718606724790115e-01,3.299630565906064850e-01,3.559077527304830824e+01,4.659085612880566746e-02,9.141310852282723554e-01,4.027327291698121758e-01,-8.336444814573749085e+00,-3.791442047434291363e-01,-3.568177992598662862e-01,8.537744023691610229e-01,-1.741616888621596360e+01
9.183762018094184798e-01,-2.067053193224278884e-01,3.374286041726722862e-01,3.592065725681364796e+01,6.343282971287957095e-02,9.185946226767449652e-01,3.900771658325882241e-01,-8.360544766958197371e+00,-3.905911264541502836e-01,-3.368335347811748370e-01,8.567273438977517364e-01,-1.750888655588493847e+01
9.304733203770374494e-01,-2.414239047295752560e-01,2.755610609132841948e-01,3.624961806558875566e+01,1.143150686252187159e-01,9.059316726998494218e-01,4.077007106744650611e-01,-8.436989785298418809e+00,-3.480681903761695395e-01,-3.478538523926067993e-01,8.705436417686828188e-01,-1.765735200516228787e+01
9.123320265460748146e-01,-2.424092272307116214e-01,3.299818781262695566e-01,3.651110408139407326e+01,9.437600328665307625e-02,9.087095737675535689e-01,4.066203149706468234e-01,-8.447759454716635474e+00,-3.984262081514831078e-01,-3.398303651773922351e-01,8.519224610030134981e-01,-1.773855336801921823e+01
8.930179196571633726e-01,-1.930564152441505699e-01,4.065073378234013712e-01,3.680647845408478247e+01,3.028944180642142645e-02,9.270440381252018636e-01,3.737270408889006856e-01,-8.488870548134602956e+00,-4.490006067771477594e-01,-3.214320642213480683e-01,8.337145094120386180e-01,-1.783983572561115949e+01
9.020667525703198741e-01,-1.720077620496304194e-01,3.958394923474839455e-01,3.707565282570551801e+01,1.942308220351583042e-02,9.324013736931775487e-01,3.609022335935179737e-01,-8.503700175430237707e+00,-4.311592719459390044e-01,-3.178694828538162209e-01,8.444292001614434051e-01,-1.793961325409573959e+01
9.248915941205271274e-01,6.880943803038219730e-02,3.739529387010240291e-01,3.723272304317593751e+01,-2.163893548233462027e-01,9.039452771308347234e-01,3.688611975689414790e-01,-8.533641870224284887e+00,-3.126518610920556163e-01,-4.220760561685538703e-01,8.509410182644114862e-01,-1.798093681659348420e+01
8.495769584506436267e-01,3.663681824263761433e-01,3.794645524622103361e-01,3.739655347906371219e+01,-5.018162920468237642e-01,7.830138023507703382e-01,3.675184272449002476e-01,-8.693042595253468008e+00,-1.624789238828551474e-01,-5.026566822730806905e-01,8.490800074551799748e-01,-1.793304341413090341e+01
7.018275904770876483e-01,6.097936269264974118e-01,3.682251563988420684e-01,3.759686262648038024e+01,-7.115166976067185400e-01,6.250370650241987569e-01,3.210493052052351692e-01,-8.952430939163374291e+00,-3.438055078027726225e-02,-4.873196075531555649e-01,8.725466049571697358e-01,-1.788352553173887927e+01
6.702315233739403189e-01,6.406871524992877598e-01,3.745793343181125779e-01,3.771227755609113075e+01,-7.415217296340476105e-01,5.989057255860982254e-01,3.024193385693429992e-01,-9.218615324020909441e+00,-3.058152312063730852e-02,-4.804496898558078821e-01,8.764889422925310480e-01,-1.783824480433298376e+01
5.001936733775096400e-01,7.849594036744664827e-01,3.655749221379086533e-01,3.787688522359145793e+01,-8.625456794410556460e-01,4.144677315559318620e-01,2.902265500888004390e-01,-9.488993849947840786e+00,7.629705099596643947e-02,-4.604945538026532503e-01,8.843774793194443262e-01,-1.775997503893902163e+01
4.744312366335532993e-01,8.062272063637077046e-01,3.534298988842450306e-01,3.798147075290467711e+01,-8.764457909119339751e-01,3.951220585574198862e-01,2.751750977724923830e-01,-9.797396122620565251e+00,8.220570113509241550e-02,-4.403138091864903791e-01,8.940726883987513141e-01,-1.769189628315717044e+01
4.831580229421182926e-01,8.071743895843466188e-01,3.391575292777677109e-01,3.815403777335460234e+01,-8.708724225487287640e-01,4.031465636523878793e-01,2.811655595185493794e-01,-1.011618230969293464e+01,9.021944641135962173e-02,-4.312103350041686101e-01,8.977294127268085067e-01,-1.766859173666039950e+01
3.990112341212255775e-01,8.560511293197455851e-01,3.285825604554262203e-01,3.832275202825307048e+01,-9.118181857950194980e-01,3.325848971095885509e-01,2.407797380762822514e-01,-1.038840602905493782e+01,9.683816963644036047e-02,-3.956813745995527709e-01,9.132680979298862800e-01,-1.760463225011123711e+01
3.787109741771744198e-01,8.626323398617028460e-01,3.353258777107696598e-01,3.839867141190029542e+01,-9.119945064108623267e-01,2.861198285036984923e-01,2.939412594608337703e-01,-1.065927189421114996e+01,1.576198538071369171e-01,-4.171341390509014646e-01,8.950726739902631346e-01,-1.748735360855468457e+01
4.368146624568735592e-01,8.543935424228488174e-01,2.814331631645819454e-01,3.850229841495840333e+01,-8.714583441088967763e-01,3.243521284542920102e-01,3.679076667455428717e-01,-1.097144897263863861e+01,2.230544891851926892e-01,-4.059647416134867237e-01,8.862501472050808848e-01,-1.737539167051766853e+01
4.172275070377559625e-01,8.725259161058904755e-01,2.542041169899394437e-01,3.857548263301364955e+01,-8.709555214478624796e-01,3.040117099111198096e-01,3.860224862574698768e-01,-1.126324238089198815e+01,2.595335951867142610e-01,-3.824596788688876536e-01,8.867733120752822051e-01,-1.727730981903634344e+01
4.456067428518200035e-01,8.487607374259440451e-01,2.846749748909423450e-01,3.868428980592834421e+01,-8.630855099853591561e-01,3.228626782898187386e-01,3.883852384177816086e-01,-1.151949153684472371e+01,2.377352165294505382e-01,-4.187659269468944068e-01,8.764228803779618993e-01,-1.717280006304396878e+01
3.070086168990203701e-01,9.137289969877514517e-01,2.661672955370499305e-01,3.875619751427349513e+01,-9.003860801557868054e-01,1.882632049507598493e-01,3.922523069700990517e-01,-1.175463524385839698e+01,3.083027989030389104e-01,-3.600781661326122318e-01,8.805072960873902010e-01,-1.708311494835648503e+01
3.679380203333322830e-01,8.915797291809999248e-01,2.640212107136891140e-01,3.878354343901920487e+01,-8.793587425694272541e-01,2.413449613741844579e-01,4.104641415349321587e-01,-1.195249152234607415e+01,3.022413192465654985e-01,-3.831947235190319434e-01,8.728184168584369740e-01,-1.699749584235295430e+01
2.742124285579458087e-01,9.330066413486501897e-01,2.330368022945382978e-01,3.885864525109686696e+01,-9.041013779558803032e-01,1.675305434330663368e-01,3.931084015832014278e-01,-1.215532407779196333e+01,3.277319673187709670e-01,-3.184841035535868059e-01,8.894715472577164883e-01,-1.689792555883601821e+01
2.510718097679340982e-02,9.736876608845036474e-01,2.264993785966341600e-01,3.879061086194766261e+01,-9.083619830181872690e-01,-7.238703769589525938e-02,4.118720973565449528e-01,-1.235498532126567994e+01,4.174303981152602816e-01,-2.160843719820487729e-01,8.826434200255836027e-01,-1.675330360562735166e+01
-2.635815792949297021e-01,9.343556395208992837e-01,2.398005211668257086e-01,3.863977436013886546e+01,-8.438746363327782607e-01,-3.437794630171863153e-01,4.119360131887429000e-01,-1.253222824920100287e+01,4.673332314426304479e-01,-9.378283266732063972e-02,8.790929592974124906e-01,-1.659208349766151258e+01
-6.271743033709351600e-01,7.588792979614031875e-01,1.753699071015011601e-01,3.842192512972699348e+01,-6.259678530862733403e-01,-6.250863744157171276e-01,4.662952620629717271e-01,-1.267771073090267109e+01,4.634831605287755285e-01,1.826724819052455151e-01,8.670721563173592328e-01,-1.645821794889862844e+01
-8.129225612573353077e-01,5.554394876825662353e-01,1.750539486036848946e-01,3.810273645188040348e+01,-4.166217892449651794e-01,-7.646895515467806437e-01,4.916057103833387787e-01,-1.276109239477044355e+01,4.069191493713913421e-01,3.267060839318917109e-01,8.530415819857500859e-01,-1.634392314829203130e+01
-8.032699916176652133e-01,5.697840867482829585e-01,1.735033574746621121e-01,3.792054220376228102e+01,-4.370017177790361806e-01,-7.617301278043898671e-01,4.783269917674300986e-01,-1.283390560767496247e+01,4.047058428349243897e-01,3.084044534106685775e-01,8.608715780485149960e-01,-1.625293195089118470e+01
-8.650506975277939548e-01,4.820081745291304176e-01,1.391237233320466171e-01,3.764709783279825217e+01,-3.664971856409980910e-01,-7.965338715327052732e-01,4.808467577288498829e-01,-1.294522422362777014e+01,3.425888258888546978e-01,3.649683701202273145e-01,8.656968205947628281e-01,-1.615023175171362269e+01
-8.232739138413324165e-01,5.463989608150917610e-01,1.538448517453918085e-01,3.735323125454323900e+01,-4.389085232520290591e-01,-7.846084929856744772e-01,4.378913346384826766e-01,-1.306586366505926478e+01,3.599713474779575595e-01,2.929806962155304118e-01,8.857668658512616311e-01,-1.601060176715283490e+01
-8.480407350004296463e-01,5.039756260441655700e-01,1.638153842998939513e-01,3.708768216186435751e+01,-3.891387948430678478e-01,-8.020680520736870323e-01,4.530539020809838946e-01,-1.313362417883927868e+01,3.597192101181350132e-01,3.204612428923549472e-01,8.763028481500402256e-01,-1.591022974433510306e+01
-8.776867987990839559e-01,4.247956320913585659e-01,2.218435353349721972e-01,3.689397188042561027e+01,-2.921182037771506423e-01,-8.411939995755818300e-01,4.550380314875306920e-01,-1.316580872264874280e+01,3.799116189797659970e-01,3.345763381265021152e-01,8.623954056753977415e-01,-1.586723434340954775e+01
-8.498119798544248038e-01,4.894102728833812366e-01,1.956966624450108272e-01,3.663172384190017539e+01,-3.619606590005729485e-01,-8.117608883577479562e-01,4.582889279357625911e-01,-1.327631458501626582e+01,3.831502058354827600e-01,3.186249282916429060e-01,8.669913925982037917e-01,-1.571783425585977234e+01
-8.779714504648913342e-01,4.490932966717616770e-01,1.657749771620054546e-01,3.638431690056902568e+01,-3.128282428819274541e-01,-8.003607478948892018e-01,5.114305071899205579e-01,-1.338243544566636167e+01,3.623597971960740294e-01,3.971622893901473050e-01,8.431829536123208735e-01,-1.560863540453292053e+01
-8.173061702642969717e-01,5.144283574280233973e-01,2.595651924311371817e-01,3.611509460315939180e+01,-3.482014612703822065e-01,-7.998668305830753944e-01,4.888443471107714045e-01,-1.349729252616502073e+01,4.590929823217489991e-01,3.091545218930047967e-01,8.328608018006551372e-01,-1.545364636697126848e+01
-8.427676457847129710e-01,4.782591998149748336e-01,2.470037105203723715e-01,3.581943384457709101e+01,-3.185712936806331941e-01,-8.130477897487806693e-01,4.873044453186019531e-01,-1.356679678061298411e+01,4.338836549826917133e-01,3.319961285571914056e-01,8.375700236767654738e-01,-1.534342048384819357e+01
-8.099182709849460648e-01,5.330235974867436610e-01,2.447820231288334036e-01,3.555036970418513675e+01,-3.628669864923307342e-01,-7.832211224034816288e-01,5.048685210379086907e-01,-1.368551439949269444e+01,4.608252862405983197e-01,3.200789245534935157e-01,8.277617638052326976e-01,-1.519122591105272058e+01
-7.261450104032032282e-01,6.370768620796901649e-01,2.585468925924785943e-01,3.537081997594400207e+01,-4.922296634317174790e-01,-7.442548557397511422e-01,4.514362282157919348e-01,-1.386047578429609395e+01,4.800243559491842449e-01,2.005437147120262276e-01,8.540250793653969552e-01,-1.502660245845088127e+01
-5.847047033773711266e-01,7.626095042266038959e-01,2.766715632507850131e-01,3.525004477014358173e+01,-6.343385303313385792e-01,-6.423838500127497797e-01,4.300669926649507979e-01,-1.404711512798968087e+01,5.057025200505302909e-01,7.595876056158039347e-02,8.593574506039334260e-01,-1.489414036775576022e+01
-3.242555935795617961e-01,8.817769370468921952e-01,3.425313756790268616e-01,3.511952549665383572e+01,-8.104684347177102399e-01,-4.456957262633448047e-01,3.801266051157360382e-01,-1.426401877280718189e+01,4.878516438002338251e-01,-1.543526899110989892e-01,8.591717062139664352e-01,-1.471887506099895759e+01
-2.555635386550537680e-01,8.784426486594604233e-01,4.037645238579760654e-01,3.509586989066507812e+01,-7.610312217811735502e-01,-4.403570229529724100e-01,4.763582389444419585e-01,-1.458719455474556348e+01,5.962539368292345543e-01,-1.855376116913989293e-01,7.810614812314656819e-01,-1.459870001228721570e+01
-7.830453097291793785e-02,9.438060829972833021e-01,3.210895173101048217e-01,3.512398707974130474e+01,-8.432698142980907807e-01,-2.345003921288200399e-01,4.836378669884043857e-01,-1.478428684686146610e+01,5.317559785491600133e-01,-2.328940612998871285e-01,8.142456235611401638e-01,-1.447780306763780445e+01
-1.890402238360924109e-02,9.399380512280498534e-01,3.408212108882537894e-01,3.513124676878940988e+01,-8.628052052098456048e-01,-1.875749470260732743e-01,4.694494830234264282e-01,-1.481256274952041530e+01,5.051829528007810710e-01,-2.851878312652601499e-01,8.145293641715450894e-01,-1.446263255444105411e+01
-1.548821990236558949e-02,9.379798560779476491e-01,3.463436221965812689e-01,3.518631821463552711e+01,-8.653880266439540891e-01,-1.860873664705773867e-01,4.652687990627873971e-01,-1.476704333681197845e+01,5.008629337309150609e-01,-2.925154382798255681e-01,8.145986987360234188e-01,-1.445040239146533700e+01
-1.410875608279855975e-02,9.378238794678535051e-01,3.468246157666160512e-01,3.518155504762621888e+01,-8.707058442527348952e-01,-1.820565950689851109e-01,4.568662046770587959e-01,-1.480542594160063175e+01,4.916017451005725292e-01,-2.955364060344402022e-01,8.191373248255253703e-01,-1.443127526737283794e+01
-1.259634749359441613e-02,9.389594667673405448e-01,3.437971084779681274e-01,3.517924550579137843e+01,-8.705910291859588757e-01,-1.794206176797214780e-01,4.581260763723892793e-01,-1.477540206820843061e+01,4.918461059424515391e-01,-2.935359632471284397e-01,8.197097329846871894e-01,-1.444517998838564843e+01
-2.369379829665971271e-02,9.438228373859129938e-01,3.296013585394961254e-01,3.516993258227623897e+01,-8.664806707497220151e-01,-1.838351590815281988e-01,4.641291646757195744e-01,-1.478231650383670726e+01,4.986480232983871441e-01,-2.745962234158995652e-01,8.221599983861636041e-01,-1.441784525400872496e+01
-3.115668611378653516e-02,9.448602822688439984e-01,3.259882020890440546e-01,3.518129869478735827e+01,-8.782757844076859444e-01,-1.815730102554014846e-01,4.423379799088655862e-01,-1.480374828144612387e+01,4.771382477159745172e-01,-2.725257583011804763e-01,8.355051188525991490e-01,-1.443934934775511891e+01
-2.035280363944363610e-02,9.452325888776891283e-01,3.257623617111031766e-01,3.518914312934623467e+01,-8.818027065773146322e-01,-1.705272950440860635e-01,4.397094817238647591e-01,-1.480199783670750868e+01,4.711791061336829123e-01,-2.783088115179426225e-01,8.369793637686259169e-01,-1.443774316760167942e+01
