9.997810588571338641e-01,2.091285685125757188e-02,-6.976882018666439710e-04,-9.793236851692199707e-03,-2.091430963819580074e-02,9.997789722238138443e-01,-2.144376704832140490e-03,-1.237059477716684341e-02,6.526889503315881722e-04,2.158498879630404120e-03,9.999974574366280455e-01,1.433994993567466736e-02
9.997741908662040045e-01,2.124851020394066467e-02,-2.609443240389891505e-04,-7.169729239827133532e-03,-2.124909622246402841e-02,9.997710929696808080e-01,-2.497513150796341376e-03,-3.935534754086615281e-03,2.078161583795228658e-04,2.502494020565326424e-03,9.999968471630904521e-01,2.203010408724514341e-02
9.997705354305379544e-01,2.077859819676234482e-02,-5.208295490181365922e-03,-1.755050009570901723e-02,-2.079690499754005897e-02,9.997776443768215948e-01,-3.485763453965368130e-03,-1.485816642645879700e-03,5.134708118173043380e-03,3.593280021263575881e-03,9.999803613627769039e-01,4.237500190281931478e-02
9.997315224252071308e-01,2.187847362390532222e-02,-7.629905718006601417e-03,-1.906362934134197759e-02,-2.193998989992555076e-02,9.997266844828167631e-01,-8.074229138798684827e-03,2.168103493524768579e-03,7.451168537132649324e-03,8.239461443731629572e-03,9.999382937774452529e-01,5.049116065487661842e-02
9.997179733710453986e-01,2.109638429462157294e-02,-1.090487453313363983e-02,-2.119183667200526949e-02,-2.113694801293338268e-02,9.997700433274454568e-01,-3.617995817630085750e-03,8.489612571076013414e-03,1.082604025432631727e-02,3.847471212560476909e-03,9.999339947304922704e-01,6.226586814846316043e-02
9.996078934610064248e-01,2.479443564754714446e-02,-1.301135240352770638e-02,-2.462244721676372372e-02,-2.478752504663767411e-02,9.996925024922854730e-01,6.921436081059783229e-04,1.009147193830115669e-02,1.302451275524166806e-02,-3.693529904782430809e-04,9.999151092197061663e-01,7.249767687120727000e-02
9.998318107333428184e-01,1.335130948209677614e-02,-1.257349517032264191e-02,-2.620416227083999586e-02,-1.332963585927344694e-02,9.999095255161825069e-01,1.805987226465355366e-03,1.034627157912623024e-02,1.259646988421857412e-02,-1.638083366699407848e-03,9.999193195600032391e-01,8.371123921520343125e-02
9.999192054413639230e-01,6.716787119946704583e-03,-1.079200446149479638e-02,-3.200154952840299910e-02,-6.648561024094394763e-03,9.999577653772652175e-01,6.345399752209865407e-03,1.462263425230937025e-02,1.083416936458436557e-02,-6.273135778202966473e-03,9.999216312000095419e-01,9.094624423360417320e-02
9.999911005509413142e-01,3.371948463676222897e-03,-2.535504382876960661e-03,-9.016213261139552348e-02,-3.351639060848197148e-03,9.999626058569254239e-01,7.972038850465811358e-03,1.894016300048476098e-01,2.562290874017495151e-03,-7.963469808183564272e-03,9.999650082948358110e-01,-2.240896295701233221e-01
9.999016823365708406e-01,-1.394259464176735366e-02,-1.493223074624117986e-03,-1.105491785648651804e-01,1.395125314613101727e-02,9.998849483214571343e-01,5.954213285542566021e-03,1.883223207364567442e-01,1.410034094551996338e-03,-5.974460214322498131e-03,9.999811586370013217e-01,-2.136590985315875990e-01
9.996484262217336658e-01,-2.628760988050009642e-02,-3.462010858096832479e-03,-1.194054238096600162e-01,2.630890592992114058e-02,9.996342813748301248e-01,6.256594041305831889e-03,1.868632623619940480e-01,3.296273832906974899e-03,-6.345476104893686686e-03,9.999744344291110476e-01,-1.956917792896373798e-01
9.993393128483073484e-01,-3.598817533255973394e-02,-5.078290273870923396e-03,-1.210839205894700538e-01,3.603245603969951888e-02,9.993108500314753506e-01,8.915555008951095428e-03,1.883704344480291726e-01,4.753936013439309834e-03,-9.092647887356558600e-03,9.999473605379318730e-01,-1.814726314756474612e-01
9.994739019401188695e-01,-3.038566859628172995e-02,-1.134153801522477627e-02,-1.870127778793564122e-01,3.065687454957420621e-02,9.992282264696827898e-01,2.455824645825151198e-02,1.664835648528799894e-01,1.058656617820529638e-02,-2.489302252056771123e-02,9.996340640686196544e-01,-1.763300501144086929e-01
9.997294469629751656e-01,-1.862529345262814440e-02,-1.393310155375905059e-02,-2.043802767513825114e-01,1.906751835499128495e-02,9.992959993985152112e-01,3.230998808271017680e-02,1.698069406584840901e-01,1.332150963239325629e-02,-3.256691618692641316e-02,9.993807749557662712e-01,-1.602690099904371390e-01
9.996084010043903012e-01,2.182314171557486401e-02,-1.751556813545889282e-02,-2.202867596225637770e-01,-2.151217800058864357e-02,9.996110087091483187e-01,1.774985817267572819e-02,1.685026378172827521e-01,1.789611240233353329e-02,-1.736610932653165351e-02,9.996890253512551450e-01,-1.450885785648715343e-01
9.989586166043201709e-01,4.051780516866059639e-02,-2.097593326403739480e-02,-2.564925068188932955e-01,-3.985912994910013191e-02,9.987267627791046598e-01,3.092091635884317707e-02,1.560323664302184499e-01,2.220207358972666259e-02,-3.005263338019294184e-02,9.993017097729957054e-01,-1.052665401613295387e-01
9.994621179069477224e-01,2.513507862294744877e-02,-2.106425150762755369e-02,-2.503234363250304018e-01,-2.469834757856383817e-02,9.994797216503940041e-01,2.074313468450144846e-02,1.605699567116420090e-01,2.157467255479881066e-02,-2.021172511858319865e-02,9.995629143139938000e-01,-1.123436462950176684e-01
9.995459769672111472e-01,2.408741634263731474e-02,-1.810072657656560183e-02,-2.546595014158112291e-01,-2.355620954162636685e-02,9.993015568482520594e-01,2.900867926484367032e-02,1.625673734595708964e-01,1.878682838304885500e-02,-2.856912414821337690e-02,9.994152591514251505e-01,-9.410244229236383595e-02
9.995613222653609853e-01,2.573717261338630269e-02,-1.465472541508221552e-02,-2.480240800436814275e-01,-2.535674539111523393e-02,9.993511675386399506e-01,2.557888586954168778e-02,1.551213594241671601e-01,1.530354515440309274e-02,-2.519606884070689501e-02,9.995653853654006271e-01,-1.055140280545332765e-01
9.997032341616073348e-01,2.015139046282485996e-02,-1.368813607607342366e-02,-2.543191120058041488e-01,-2.013373231924016696e-02,9.997962780276183903e-01,1.426627147519124493e-03,1.450851353158564838e-01,1.371409602268829943e-02,-1.150610505612601310e-03,9.999052953483871242e-01,-1.179396344542653630e-01
9.997070016391714775e-01,2.030972959872394054e-02,-1.316912135428393443e-02,-3.123962320617806876e-01,-2.022227018493491513e-02,9.997727851849810277e-01,6.740756043127739752e-03,1.005080988116552332e-02,1.330303206733834433e-02,-6.472471482531816193e-03,9.998905622370498625e-01,1.159895447087525844e-01
9.951417532555429935e-01,9.763949567945882924e-02,-1.262615582608122254e-02,-2.546027645560272612e-01,-9.791984991421652518e-02,9.949069956090430544e-01,-2.391177703485192901e-02,-4.650951636148085294e-02,1.022711690853547219e-02,2.503195900540159530e-02,9.996343366992209711e-01,1.117523897577763770e-01
9.811017601854501446e-01,1.934698087412547451e-01,-2.961294756224408780e-03,-2.275458744249695686e-01,-1.934800594093734061e-01,9.810972707309207896e-01,-3.689441052940064126e-03,-9.570109556781741800e-02,2.191522748287096783e-03,4.192668596502940014e-03,9.999888093164263081e-01,1.097811943889600156e-01
9.749551793300841318e-01,2.223832060781793241e-01,2.847446546158822166e-03,-2.374386350648980681e-01,-2.223383943519622041e-01,9.749037555526339771e-01,-1.132721529595955186e-02,-9.297209538928642714e-02,-5.294968785038906001e-03,1.041043052710674544e-02,9.999317907946553285e-01,1.220711915365627065e-01
9.730527865590463676e-01,2.299092231609172754e-01,1.760748917984283207e-02,-2.292473447241777373e-01,-2.292137168635083322e-01,9.727603463131165862e-01,-3.461763484700630666e-02,-1.019600948322166717e-01,-2.508678080763191570e-02,2.964890801241728407e-02,9.992455132160372733e-01,1.125892164053122063e-01
9.727213737512655500e-01,2.298337432028688121e-01,3.145758307321493835e-02,-2.315100858696815256e-01,-2.299917134276182051e-01,9.731915072157992785e-01,1.449840566747201236e-03,-8.694528231431521148e-02,-3.028103039988541689e-02,-8.645274339106981745e-03,9.995040362247286092e-01,1.303778750641537698e-01
9.765566809184987873e-01,2.130109902444201619e-01,3.103815375528022960e-02,-2.327735512855790556e-01,-2.128753717384028743e-01,9.770494229685140475e-01,-7.648606678988844818e-03,-6.979434812369075813e-02,-3.195504749928610583e-02,8.620394333554461368e-04,9.994889353201137361e-01,1.271607622827046202e-01
9.730253600199417763e-01,2.284287985959972678e-01,3.227898279146271948e-02,-2.306108811797488445e-01,-2.281310952679448667e-01,9.735479530027184580e-01,-1.267227588335828603e-02,-6.561129199655360567e-02,-3.431985037715111486e-02,4.966606105325213107e-03,9.993985594815939510e-01,1.215162352202881074e-01
9.694976419201493112e-01,2.441761992872890086e-01,2.126748722542418091e-02,-2.308720097986911579e-01,-2.442774417789701780e-01,9.697027494297070227e-01,2.260350943604498737e-03,-6.261032997503288011e-02,-2.007121693349024974e-02,-7.386572282230076218e-03,9.997712662407980400e-01,1.396061482379552798e-01
9.663231659825179953e-01,2.564597298306754980e-01,2.116473152911387337e-02,-2.332684371484011754e-01,-2.560608883923014001e-01,9.664571624073433620e-01,-1.983367508282000979e-02,-6.267416738890935202e-02,-2.554134533003009008e-02,1.374627974116979408e-02,9.995792512212375858e-01,1.362284719370731034e-01
9.650902243946652970e-01,2.617742681714322339e-01,8.665523709811438421e-03,-2.427689353869819933e-01,-2.619032454443095403e-01,9.648558686582726640e-01,2.144394416676597553e-02,-3.444858789889272688e-02,-2.747508615444782878e-03,-2.296486967088506165e-02,9.997324971998297061e-01,1.605401909394045812e-01
9.650388697537940486e-01,2.607007203305845566e-01,2.711299104550754860e-02,-2.456869163374609533e-01,-2.611365044579418981e-01,9.652010581285110913e-01,1.395146684365178302e-02,-1.182787275089781931e-02,-2.253233019034448295e-02,-2.054389950122854913e-02,9.995350130383012788e-01,1.421619349090910978e-01
9.655784990059337325e-01,2.600973316756548526e-01,-2.745962973522457322e-03,-2.443039958690942093e-01,-2.599489761116092756e-01,9.652937025955563577e-01,2.519121965858434065e-02,6.395698776667613911e-03,9.202829780754871389e-03,-2.361028980265706886e-02,9.996788795105462366e-01,1.579002988769891980e-01
9.671599284133006735e-01,2.539926337339198925e-01,-9.455944187938597825e-03,-2.578536891903147055e-01,-2.534854942777723386e-01,9.666186123061830671e-01,3.733045049315469183e-02,2.250540188044938827e-02,1.862195108821998804e-02,-3.370757114025309947e-02,9.992582361859685403e-01,1.790174061875966505e-01
9.693021219806954303e-01,2.456377339058617437e-01,1.074709287731918927e-02,-2.536326316860115226e-01,-2.458171521506581081e-01,9.690861242759781780e-01,2.111898303193764787e-02,3.142082416829414249e-02,-5.227239449353738958e-03,-2.311249483193266938e-02,9.997192048522342001e-01,1.645519875528257958e-01
9.707660705777187982e-01,2.398599366125613863e-01,8.969226461245802251e-03,-2.582668306643899903e-01,-2.399801606064356219e-01,9.706391440818400440e-01,1.640653806815531301e-02,5.159910725201563575e-02,-4.770611114360532451e-03,-1.807934689889213048e-02,9.998251739605806820e-01,1.651131079896852871e-01
9.704956332328357194e-01,2.409960489671955086e-01,7.689620159516019626e-03,-2.615861824087580279e-01,-2.411035538232698394e-01,9.702984744086224911e-01,1.974707305118075795e-02,5.878399003136430823e-02,-2.702260125559061144e-03,-2.101844291331108824e-02,9.997754362094090075e-01,1.760613831868235168e-01
9.707540357131331232e-01,2.400399869287750398e-01,4.172148355245298978e-03,-2.498985881509736551e-01,-2.400762411599268453e-01,9.706091702184629355e-01,1.677012577015758385e-02,6.939066260853082868e-02,-2.402468245044551921e-05,-1.728130096548612452e-02,9.998506668796873775e-01,1.870886861089161024e-01
9.711067102199280043e-01,2.386051137188855142e-01,4.399667376765634651e-03,-2.483659363577071233e-01,-2.386455538391432929e-01,9.709596213772925255e-01,1.690305557208537229e-02,7.668548914109837855e-02,-2.387438733563360636e-04,-1.746463174710866789e-02,9.998474531843853930e-01,1.875304482332777190e-01
9.607609806510627459e-01,2.773050894690406998e-01,6.342350745205979461e-03,-2.559847519488899770e-01,-2.773673059713523958e-01,9.606711927313239530e-01,1.335054434730870328e-02,7.736667409170464027e-02,-2.390739760426618173e-03,-1.458584281906896707e-02,9.998907628099462652e-01,2.024137333811620587e-01
9.476673622355598070e-01,3.191214598316858830e-01,9.384264936032513452e-03,-2.541119632881773671e-01,-3.192389765970624071e-01,9.475298073014668532e-01,1.654509282249550656e-02,8.845603664694701163e-02,-3.611976571939312566e-03,-1.867506760733150112e-02,9.998190813717781067e-01,2.166178199514795233e-01
9.409115172331148358e-01,3.385273830148395335e-01,9.204764375124557113e-03,-2.951982350569964386e-01,-3.386513627521467451e-01,9.406312113503678685e-01,2.298213957953289602e-02,9.680548294584574720e-02,-8.782050964271140812e-04,-2.474136582048984054e-02,9.996934998153914620e-01,2.582572786460609060e-01
9.477570210948197404e-01,3.155996154719140079e-01,4.640594444091331039e-02,-2.057907090315643228e-01,-3.166792866278920204e-01,9.483632390857464900e-01,1.792752553031943044e-02,5.664847296306759622e-02,-3.835177161908606691e-02,-3.168673957305887662e-02,9.987617794794249049e-01,2.579011332420877434e-01
9.388908496614024601e-01,3.350485750914811156e-01,7.890769766795617535e-02,-3.341819376779014972e-02,-3.371553192507004693e-01,9.413343940816232269e-01,1.469180791941552579e-02,2.186836154123632942e-02,-6.935606046372361222e-02,-4.039815401909967185e-02,9.967736583742580203e-01,2.290543702066904219e-01
9.351042808234569792e-01,3.537737939328262082e-01,2.059336572828927500e-02,2.735899316945399895e-01,-3.543413622581148559e-01,9.342139107290835520e-01,4.106784622225600340e-02,-6.757668108645001337e-02,-4.709880965402055662e-03,-4.569980007227261720e-02,9.989441152009689295e-01,2.104470940216202901e-01
9.182160356430517645e-01,3.958664270614266623e-01,1.300322319956235748e-02,4.816576383484388879e-01,-3.958344552306396480e-01,9.183079644573811651e-01,-5.056329340881803719e-03,-1.242443163814150597e-01,-1.394259445799589034e-02,-5.043210891510155206e-04,9.999026701234573489e-01,2.357680916950702088e-01
9.185888721967566672e-01,3.952000877428317183e-01,-3.372613874791844431e-03,7.378856912677339563e-01,-3.948657468660772274e-01,9.181033162631524469e-01,3.416639604196520380e-02,-1.856779253751577596e-01,1.659897069656247545e-02,-3.005314151065596392e-02,9.994104676543846821e-01,1.660433377419807954e-01
9.482030473212251787e-01,3.176315130695520628e-01,-4.604666751147389395e-03,1.075381782849440082e+00,-3.153980004005224602e-01,9.430662823391698923e-01,1.055939792712098507e-01,-2.807941883797857585e-01,3.788248136136465605e-02,-9.867223023791286962e-02,9.943986668262296824e-01,1.762167708666215749e-01
9.653495831048638509e-01,2.609568066868748759e-01,-1.314322279530807719e-03,1.313249792679879180e+00,-2.597206204141033759e-01,9.612425255858396689e-01,9.250949322674405229e-02,-3.014108130460030344e-01,2.540436440808213625e-02,-8.896264412181582870e-02,9.957109350709558715e-01,1.592939738644488790e-01
9.660303483375024536e-01,2.578525432110732596e-01,-1.724621844072646293e-02,1.645449368085012853e+00,-2.554407629343708463e-01,9.628513321533415104e-01,8.756328455489509333e-02,-3.239752122392809963e-01,3.918396001465559303e-02,-8.018340308390921323e-02,9.960096581597258636e-01,1.486108200997999507e-01
9.658688436321301030e-01,2.586736631126395625e-01,1.361296854548262394e-02,1.930803437344999152e+00,-2.590036882353321523e-01,9.636584828606873376e-01,6.541725988707000616e-02,-3.752555921651384296e-01,3.803469630009869654e-03,-6.671030222181843772e-02,9.977651372924633000e-01,1.017991700088567847e-01
9.797226147761688431e-01,2.003045738170717571e-01,4.655728096412750650e-03,2.267725966411450855e+00,-2.002354786005477727e-01,9.780410912430299586e-01,5.780464470742809752e-02,-4.221751913528786759e-01,7.025041334822255089e-03,-5.756475960258813224e-02,9.983170574752998627e-01,9.789538950575110698e-02
9.777958916382101240e-01,2.086301894141826263e-01,-1.971391286477447435e-02,2.459446647886852855e+00,-2.063743469356726368e-01,9.750030911575015002e-01,8.233226074990832033e-02,-4.524226432383272045e-01,3.639812113711599767e-02,-7.643570041753167121e-02,9.964099359597786698e-01,1.131771395386691054e-01
9.221872988983922381e-01,3.837469966356430451e-01,-4.805026871528483845e-02,2.681891049505003011e+00,-3.777459830221415182e-01,9.203974960656996496e-01,1.008782511080854177e-01,-5.224542255670495683e-01,8.293707289941622263e-02,-7.487784591662575984e-02,9.937377672855972621e-01,1.381910435475051657e-01
8.952073775728149885e-01,4.450194040092991243e-01,-2.369559440932914388e-02,2.891121687746906588e+00,-4.418786613974415300e-01,8.932789227027693180e-01,8.243794548983224280e-02,-6.029679735544661856e-01,5.785326041640353328e-02,-6.332847945583237881e-02,9.963144603733325999e-01,1.556263682603169773e-01
9.112503659147093149e-01,4.085005948437172019e-01,-5.244077261671116486e-02,3.176929510535959622e+00,-4.012231123417363543e-01,9.092474101333224423e-01,1.108564896100157349e-01,-7.162980474211964044e-01,9.296657863511290087e-02,-7.997756671826490582e-02,9.924519152476394268e-01,1.700630630836618418e-01
9.079856944037861810e-01,4.187130649316827546e-01,-1.553537941573200284e-02,3.399550868825227834e+00,-4.157056411598690771e-01,9.048658907067359536e-01,9.168718418277946314e-02,-8.103520345901000788e-01,5.244805683661074580e-02,-7.679250673745019462e-02,9.956666672350958924e-01,1.785348735945824217e-01
8.926250812997017503e-01,4.501686869109357003e-01,-2.384570316818016705e-02,3.656779791305795779e+00,-4.458087251815172625e-01,8.893559369968706552e-01,1.014918611537297954e-01,-9.155412344465561070e-01,6.689577555220770078e-02,-7.996355828314287428e-02,9.945505439946066284e-01,1.920672527132956942e-01
8.968457897721341388e-01,4.420174688673000341e-01,1.697605914641336922e-02,3.884466518956831926e+00,-4.420917898648158983e-01,8.943813727971932082e-01,6.809412109375356792e-02,-1.013121108003598669e+00,1.491571996654885573e-02,-6.857490218405565274e-02,9.975344626068451959e-01,2.228756975991204037e-01
9.570799389064906793e-01,2.893374230347356413e-01,-1.678827490740397027e-02,4.198534355607737467e+00,-2.846291641340183975e-01,9.492649390455009106e-01,1.337247711656693872e-01,-1.101182872766444998e+00,5.462810144164049336e-02,-1.232068631633768674e-01,9.908762987388100019e-01,1.975718118989796823e-01
9.922888541274720309e-01,1.170663597948108786e-01,-4.072219761727562809e-02,4.462760744194958384e+00,-1.097191216277632331e-01,9.824601697243151577e-01,1.507770846465108783e-01,-1.133228754785220449e+00,5.765886162265687620e-02,-1.451464167992475573e-01,9.877286942104693823e-01,2.101930912510699412e-01
9.986751744618437288e-01,-4.308428358019104204e-02,-2.813610530950200542e-02,4.750626324298162118e+00,4.694396104742620118e-02,9.867604783576915395e-01,1.552418206298690762e-01,-1.077440389526764353e+00,2.107511411080420505e-02,-1.563569725329844451e-01,9.874757398060656222e-01,1.844768780413185427e-01
9.906180856528078449e-01,-1.321837125731863405e-01,-3.468824740363094655e-02,4.889074663117574104e+00,1.348856305020715296e-01,9.865015106147082546e-01,9.284738143295265256e-02,-1.055692964916715937e+00,2.194709688375230672e-02,-9.665524137503830882e-02,9.950759213512849755e-01,1.789097301094451087e-01
9.447469610599841250e-01,-3.271374269535843871e-01,2.083946866196746336e-02,4.962501826216648482e+00,3.246840508310676610e-01,9.426176277028636141e-01,7.779636932243853831e-02,-9.977218157991197822e-01,-4.509375459920524076e-02,-6.673164039653937951e-02,9.967514441755948029e-01,1.596431787614872033e-01
8.638787363551824194e-01,-5.034166665870305479e-01,-1.688753018578927068e-02,5.166047730450679332e+00,5.021542050069275342e-01,8.581192171063481977e-01,1.071100538075094866e-01,-8.078049723802549487e-01,-3.942947206384457559e-02,-1.010102422291424967e-01,9.941037409131788793e-01,1.295731758196275729e-01
6.836117664573575503e-01,-7.264893234543594591e-01,-6.991577552940805851e-02,5.321720105617243846e+00,7.259068699558364202e-01,6.668562717717971822e-01,1.684100025222322050e-01,-6.237594978462974726e-01,-7.572429538774855251e-02,-1.658794010883987979e-01,9.832343847641737966e-01,1.261348830400746968e-01
5.468157490821896616e-01,-8.344414486023374877e-01,-6.855658546132839537e-02,5.317194042510073437e+00,8.308508958123846933e-01,5.307056647828550799e-01,1.674463684143215059e-01,-4.724852565086556933e-01,-1.033408219603502987e-01,-1.485226118199526602e-01,9.834946407046349925e-01,1.073732526794342057e-01
5.487502432646987893e-01,-8.344273597723520508e-01,-5.103089045152757464e-02,5.466118588325916683e+00,8.328097041455987393e-01,5.403291805409785598e-01,1.203011776203125882e-01,-1.306207692205361703e-01,-7.280911479927192065e-02,-1.085143212633994936e-01,9.914249718878833662e-01,6.658267843334325642e-02
5.320961874467691199e-01,-8.462793184476603559e-01,-2.617178771838790663e-02,5.529588188452478015e+00,8.410524248553982174e-01,5.247453015290626244e-01,1.314274977621772422e-01,8.576792088923507196e-02,-9.749085059361675687e-02,-9.194391600827425681e-02,9.909802472095983195e-01,2.439916053330386941e-02
4.606013141622025686e-01,-8.865382978735195652e-01,-4.354624892656833168e-02,5.632400747593714563e+00,8.858323096116809126e-01,4.560258198458638779e-01,8.568296728021154718e-02,4.171364892372968480e-01,-5.610301810140089218e-02,-7.804036159212975055e-02,9.953703598774095163e-01,-3.600254470377702021e-02
4.189790755127809629e-01,-9.067727253105288820e-01,-4.711431751995827366e-02,5.691688555609289324e+00,9.041998717654553541e-01,4.119257104492133337e-01,1.128707268083447707e-01,6.477169642426664486e-01,-8.294049783904441919e-02,-8.989123263047928136e-02,9.924920352901501763e-01,-5.187413471483251493e-02
3.809306076002373365e-01,-9.239482241605544433e-01,-3.480734497016007428e-02,5.765180366317464333e+00,9.191733300186780697e-01,3.743508781064742719e-01,1.224002019740379060e-01,9.423803388410558757e-01,-1.000612890966712243e-01,-7.861996649369304424e-02,9.918702734192830217e-01,-1.185471737731814690e-01
4.371558077663332820e-01,-8.988955397050163443e-01,-2.969189173144861846e-02,5.824495634783120934e+00,8.955697401562664473e-01,4.320257530450771211e-01,1.063418507562794574e-01,1.150576133389593192e+00,-8.276255344418423365e-02,-7.307911742940972899e-02,9.938862119695278663e-01,-1.215545584771626914e-01
4.446065202966866803e-01,-8.956704604064328334e-01,9.973387839686671114e-03,5.874114706622671989e+00,8.862959998872214085e-01,4.415099436842442326e-01,1.398154863090827205e-01,1.350836258169690218e+00,-1.296319508978467094e-01,-5.332350310383223574e-02,9.901273460132055115e-01,-1.626415982342381550e-01
4.614406012441956140e-01,-8.871049480950167210e-01,-1.083432456285417234e-02,5.999058066117671117e+00,8.803176818100837409e-01,4.563267906843558874e-01,1.296404226938333015e-01,1.659365968809904057e+00,-1.100606678878291722e-01,-6.935900207654401017e-02,9.915018800864833226e-01,-2.069092111505146936e-01
3.837263878095851788e-01,-9.225425700968051812e-01,-4.085664765725736253e-02,6.083714082502327258e+00,9.141565020574384803e-01,3.732338451351675523e-01,1.581593708628288297e-01,1.893781549973013956e+00,-1.306596687762370812e-01,-9.803929418758156045e-02,9.865679640807748507e-01,-2.251945820980607305e-01
2.955329153159824140e-01,-9.544498931079453685e-01,-4.105724675460187267e-02,6.141967494461508359e+00,9.466012799601563055e-01,2.867641433484716673e-01,1.473510870927338956e-01,2.183252099897540877e+00,-1.288654831311692728e-01,-8.241193867304104359e-02,9.882317337656798539e-01,-3.069285685343757231e-01
1.646767122324674371e-01,-9.838719130017390402e-01,-6.984009775625867056e-02,6.171168741590210338e+00,9.814711366871596843e-01,1.564190952360808018e-01,1.106683084516087850e-01,2.468677570324045778e+00,-9.795911544271751481e-02,-8.677053331531711655e-02,9.914004671422422810e-01,-3.557582817925237229e-01
-1.261465852083778205e-01,-9.899917075651210041e-01,-6.327288512911012630e-02,6.102984030785102654e+00,9.845816084815960378e-01,-1.327386269119458784e-01,1.139276663735554751e-01,2.679644874376193364e+00,-1.211862008648610517e-01,-4.792573293990716465e-02,9.914721523280998206e-01,-3.706746115769953276e-01
-5.606467864324633510e-01,-8.252935177342664019e-01,-6.757063303501016638e-02,5.996364290746872605e+00,8.190331750363473162e-01,-5.647018827034978594e-01,1.014713844441124113e-01,2.846104951640015646e+00,-1.219009395075851682e-01,1.547015489564440745e-03,9.925410659968905147e-01,-3.946319606957656156e-01
-8.680098006649898945e-01,-4.928928124215171680e-01,-6.013037013632689665e-02,5.871319538656045722e+00,4.853062626824531933e-01,-8.677374302354680102e-01,1.072827272655563213e-01,2.854816315456019549e+00,-1.050562580273745605e-01,6.394081350399871688e-02,9.924085625475694838e-01,-4.080222866473753873e-01
-9.977305065176312882e-01,-2.559829625623556704e-02,-6.227811487873612106e-02,5.668843047347694508e+00,1.553991656609294593e-02,-9.874873577868822361e-01,1.569306509391987237e-01,2.781724712751790118e+00,-6.551600840397657499e-02,1.556067011405993517e-01,9.856440570525197842e-01,-3.957951604936266743e-01
-9.368334295216261820e-01,3.365951693919416732e-01,-9.511475843820670073e-02,5.544504873953417956e+00,-3.493327323146276364e-01,-9.140717151478932045e-01,2.060085961803173882e-01,2.674180277728854360e+00,-1.760021205397907518e-02,2.262224381192071976e-01,9.739166499383080655e-01,-3.542335753915729080e-01
-8.138853748752927775e-01,5.650613325374087559e-01,-1.352637683755408549e-01,5.408404317229709157e+00,-5.809143993048757615e-01,-7.868201252664825951e-01,2.084527552130017169e-01,2.492127215035101262e+00,1.136033645449355083e-02,2.482333195739128695e-01,9.686336571733179523e-01,-3.410621197729826748e-01
-7.013121162980947565e-01,7.037088065678724913e-01,-1.138210485468667682e-01,5.317979200386655947e+00,-7.112737152712457211e-01,-6.801525805916344147e-01,1.774321534524639921e-01,2.365889739326573871e+00,4.744488905800399448e-02,2.053932391130746937e-01,9.775288230169550951e-01,-3.223182260978420532e-01
-6.605232566208713019e-01,7.468712433834872044e-01,-7.676179563925158988e-02,5.155496607107179940e+00,-7.432046597244801323e-01,-6.358990190256927910e-01,2.080367067754651522e-01,2.207894119834466373e+00,1.065638833131469232e-01,1.944628072639217331e-01,9.751042792256925384e-01,-3.130614416237911257e-01
-6.139990318776618050e-01,7.878803298390947285e-01,-4.743179003509296471e-02,4.998353033622254138e+00,-7.822975036920833958e-01,-5.994560461817385333e-01,1.693016964276840564e-01,2.040018298981085554e+00,1.049562031060029266e-01,1.410568486419442047e-01,9.844222472500180343e-01,-2.805942118831142862e-01
-6.177014637545000797e-01,7.852013680984994970e-01,-4.363156210580414890e-02,4.820661118819951518e+00,-7.691727850761890251e-01,-5.916759920625510594e-01,2.414389096954641933e-01,1.810675014768292401e+00,1.637624144108982549e-01,1.826973780683250059e-01,9.694346495113909112e-01,-2.304240789406652723e-01
-6.589671186645825740e-01,7.500071326678937611e-01,-5.702313097491552851e-02,4.685090093199175243e+00,-7.361958697337660507e-01,-6.275728541092344681e-01,2.533139438959746692e-01,1.630935832068540092e+00,1.542010956700433921e-01,2.089057532297126929e-01,9.657020287654392021e-01,-1.863861297716292997e-01
-6.617730347660465418e-01,7.444238419788474781e-01,-8.882338627855251856e-02,4.512806724114039270e+00,-7.404191645833528845e-01,-6.303848419084422394e-01,2.332260959021474622e-01,1.394422840791260887e+00,1.176261500442260244e-01,2.201092787356316027e-01,9.683573690741729134e-01,-1.914755951983558302e-01
-6.517546132786836699e-01,7.557969356207734357e-01,-6.314203177125361777e-02,4.338384959111653671e+00,-7.473492415943397971e-01,-6.258237115988950494e-01,2.231900380593804245e-01,1.218670998032669761e+00,1.291705661453823317e-01,1.926542865000184235e-01,9.727277577692798882e-01,-1.528867678817967812e-01
-6.259316140563594422e-01,7.768568596883311805e-01,-6.857867073650092404e-02,4.183883889615225726e+00,-7.678728967096527525e-01,-5.985391245966142915e-01,2.283027175174334733e-01,9.508376587116404988e-01,1.363115146402808786e-01,1.955615910200748375e-01,9.711718875122828942e-01,-9.859120813871556643e-02
-7.159309520716430342e-01,6.976460859634788791e-01,-2.707047479504827089e-02,4.009132363768436846e+00,-6.794592920506465905e-01,-6.873026993328386069e-01,2.568074569318950506e-01,7.967260275138097203e-01,1.605551067759130590e-01,2.022496927800676303e-01,9.660833915654197801e-01,-9.057106876368915815e-02
-7.955337598191235537e-01,6.016942468070266559e-01,-7.134472893896448564e-02,3.868515337439179191e+00,-5.990731632906406423e-01,-7.634488625942885687e-01,2.413652403069498076e-01,7.030700210277895934e-01,9.076002431133690929e-02,2.347549095606129843e-01,9.678082198577332429e-01,-9.595317066093742020e-02
-8.265346141241758371e-01,5.615787809181451706e-01,-3.833802912370670030e-02,3.632346621974908540e+00,-5.504211813247537055e-01,-7.921007037280842766e-01,2.638427529846811281e-01,5.479674805343974775e-01,1.178009117267887068e-01,2.391772313075872791e-01,9.638035055032611043e-01,-7.296011091160112261e-02
-8.299527562143110826e-01,5.575604824269765336e-01,-1.745654284404522111e-02,3.391629474900753838e+00,-5.444436822936711273e-01,-8.028189054441632333e-01,2.430285618439590734e-01,4.194645522247809066e-01,1.214886795663566582e-01,2.112063292073233789e-01,9.698620454683187786e-01,-2.061841820142669424e-02
-9.260958454245905580e-01,3.772176897513112026e-01,7.300659285099128475e-03,3.158116155834254535e+00,-3.589897767849765109e-01,-8.869681558663204957e-01,2.905405834697979417e-01,4.100137878512475909e-01,1.160724999781879291e-01,2.664475652314755583e-01,9.568348184148779412e-01,-2.960428348324493919e-02
-9.883162089890823454e-01,1.479654709300277093e-01,-3.656898223774234652e-02,2.989016293509779043e+00,-1.518871473185722243e-01,-9.361142364383407966e-01,3.172072363879609447e-01,4.177356146852018171e-01,1.270297322974586231e-02,3.190554117232876075e-01,9.476509266186616820e-01,-2.559919162958415595e-02
-9.975614515619608547e-01,-6.803203969899662695e-02,-1.558178205432452119e-02,2.847728741963665211e+00,5.978527554287974000e-02,-9.481391901499194308e-01,3.121823136087564787e-01,4.127046921295510762e-01,-3.601209777083533292e-02,3.104894807819555957e-01,9.498944210478845740e-01,-3.622881188403690583e-02
-9.752249190042479032e-01,-2.212154972087689853e-01,-2.472808845959965007e-04,2.669811990571535620e+00,2.124556847652873670e-01,-9.369177093495746345e-01,2.775748330055480828e-01,4.689251152569192671e-01,-6.163553653592497572e-02,2.706453578057871345e-01,9.607039871542671916e-01,-5.970494337865958623e-02
-9.322270693382507245e-01,-3.617763025897005602e-01,8.402266214682417925e-03,2.520328920046323695e+00,3.502021933676152665e-01,-8.960669440655124607e-01,2.728047937878000373e-01,5.187544150522259701e-01,-9.116531661508064932e-02,2.572585054718670716e-01,9.620327158724144567e-01,-7.184925924999685520e-02
-8.424439410859473343e-01,-5.357595483608765807e-01,5.700800354096810518e-02,2.374821026568349591e+00,5.260442071722121193e-01,-7.950334992536424172e-01,3.019920978520239663e-01,5.693371310842556543e-01,-1.164718774131141277e-01,2.844001431164513982e-01,9.516043612590302514e-01,-8.566292453035037613e-02
-7.277231514778974564e-01,-6.847461464429835942e-01,3.926486641466653271e-02,2.268218563919872199e+00,6.642579727693104230e-01,-6.893772288987957131e-01,2.889989306004823177e-01,6.408549870885162925e-01,-1.708225992527993564e-01,2.363932131159894035e-01,9.565238566691456334e-01,-9.384051157172720870e-02
-7.332660496357347180e-01,-6.755685445945348588e-01,7.699377900861101298e-02,2.183729575233987585e+00,6.654594317141770965e-01,-6.897855140259091522e-01,2.852361992851814576e-01,7.485810680348496948e-01,-1.395874105865147763e-01,2.603902574875534559e-01,9.553597587355863174e-01,-1.637191840434507051e-01
-6.535106275673508991e-01,-7.531952998313342640e-01,7.497132764273486960e-02,2.079863849876117943e+00,7.411123028310337979e-01,-6.165831405862108872e-01,2.656647988298903029e-01,8.442403313620026051e-01,-1.538714211574351010e-01,2.291769426814828925e-01,9.611459382914542271e-01,-1.564220442044349790e-01
-4.296977413252708322e-01,-8.948797637582639464e-01,1.206236275193007246e-01,2.140103805834566053e+00,8.860249153787305154e-01,-3.920938339157318819e-01,2.474313535778665252e-01,1.059548985557795087e+00,-1.741255306612829457e-01,2.131962331309277536e-01,9.613676017792102124e-01,-2.123808200270811963e-01
-7.070830944538068763e-02,-9.925778893477329445e-01,9.894174322992649317e-02,2.196210819269178938e+00,9.695330079247528321e-01,-4.506535754848473019e-02,2.407796920286418285e-01,1.234480910672886678e+00,-2.345337534764595222e-01,1.129524108951539263e-01,9.655235219057151097e-01,-2.730255752286787074e-01
1.375824900037199983e-01,-9.821366571773869625e-01,1.283691749323214726e-01,2.214786655142141125e+00,9.473356078399328695e-01,1.683166688787103016e-01,2.724421867041131318e-01,1.445042075241716351e+00,-2.891821304349921351e-01,8.412541593361122505e-02,9.535704535224842626e-01,-3.365009206831232613e-01
3.068129100427469114e-01,-9.460168001592255127e-01,1.044894829521233748e-01,2.323896032676953993e+00,9.152605930484578600e-01,3.233755662811166331e-01,2.402629599937363414e-01,1.667890585257562064e+00,-2.610821423301226130e-01,2.191932820292486969e-02,9.650676960749677846e-01,-4.008978079796959859e-01
3.737834339495211822e-01,-9.198249276050098899e-01,1.191975128152559932e-01,2.416626910271264084e+00,8.872005370078041020e-01,3.920487848063148872e-01,2.432549227969605654e-01,1.890921545481312194e+00,-2.704831818024329704e-01,1.482743701151614628e-02,9.626105107849705078e-01,-4.615817026010816115e-01
5.208612893628129514e-01,-8.477671121183314451e-01,9.997220040517906803e-02,2.573071038338233141e+00,8.218475382713062993e-01,5.296754494473503438e-01,2.097868968504479625e-01,2.085886018760587213e+00,-2.308032518850246240e-01,-2.710796678638567950e-02,9.726227516647996119e-01,-5.421971694162363020e-01
5.458809918407065975e-01,-8.303894368045464658e-01,1.116571806487859225e-01,2.669466428252881496e+00,8.085607476462832732e-01,5.570265497896556006e-01,1.896073315964213468e-01,2.267198236563700675e+00,-2.196439393943989682e-01,-1.322142476666580274e-02,9.754905093410439765e-01,-5.729229663657205984e-01
6.071834769904179696e-01,-7.847578167552113904e-01,1.244322880582918872e-01,2.838725104866001381e+00,7.586702699421028484e-01,6.191390082416575735e-01,2.026975825694845024e-01,2.455667031253782717e+00,-2.361093957804391574e-01,-2.867154539139419103e-02,9.713034004414200506e-01,-5.895579180380262629e-01
5.952863862506856396e-01,-8.011015942329305917e-01,6.221216972632824527e-02,2.981917291038439277e+00,7.836131267916153220e-01,5.959251767744937478e-01,1.755666574442749095e-01,2.742845144036979210e+00,-1.777205274144426361e-01,-5.576216821237573590e-02,9.824998700925040573e-01,-6.684008462563744146e-01
5.469979501392857602e-01,-8.341969160029835129e-01,7.006245695471818857e-02,3.137224800930950241e+00,8.116316263434818490e-01,5.489741602026657619e-01,1.997034665417993793e-01,3.036060472487543294e+00,-2.050544943727261316e-01,-5.237248095029558431e-02,9.773483399365124891e-01,-7.186636481104784480e-01
5.832594981453373961e-01,-8.116979007384307332e-01,3.090106406055988936e-02,3.268654993496004302e+00,7.941513366325133605e-01,5.778188367483442223e-01,1.882791715075825822e-01,3.282306388229131677e+00,-1.706810251552347835e-01,-8.527549375767197459e-02,9.816292975539918642e-01,-7.431063657918011156e-01
5.293198554854976479e-01,-8.470016487021888585e-01,4.907848494591854349e-02,3.399400575408093150e+00,8.263853813217573174e-01,5.278065479962354978e-01,1.962331506906778156e-01,3.590507323916940052e+00,-1.921137478852199265e-01,-6.331236046832644515e-02,9.793282661525822830e-01,-7.892773438285091148e-01
4.540577339988283723e-01,-8.908377024436429092e-01,1.548425331689609608e-02,3.422825241568205890e+00,8.738380951499604699e-01,4.486504495209452936e-01,1.874026616922538913e-01,3.817637947685600164e+00,-1.738923737848726281e-01,-7.156089749007787937e-02,9.821611274581564244e-01,-8.652644634864091744e-01
1.803384660121082339e-01,-9.834220828505723100e-01,-1.894847324305762651e-02,3.481051265199821554e+00,9.637538952567041850e-01,1.728154157347548403e-01,2.032566394043565927e-01,4.075149109068977538e+00,-1.966124793952024052e-01,-5.491665545412201949e-02,9.789421300055507480e-01,-9.193094058176383143e-01
-3.323984361297279561e-02,-9.992728474909849945e-01,1.867857231816158828e-02,3.436025629780866897e+00,9.758299912780732388e-01,-2.840988691429878824e-02,2.166765018356889838e-01,4.285656202013276683e+00,-2.159882888464552397e-01,2.542940409794295503e-02,9.760647542496369011e-01,-9.643175383357058816e-01
-2.170489985634309615e-01,-9.759794172016510450e-01,1.881248046745370023e-02,3.344289077744074579e+00,9.533705859978992558e-01,-2.078022306917680917e-01,2.188669885422337702e-01,4.515445643637038486e+00,-2.097004005161476892e-01,6.544012620901631938e-02,9.755733349703218371e-01,-1.008726404334133298e+00
-4.544804438082518661e-01,-8.906274390984360023e-01,1.517533923235723364e-02,3.193235109793274518e+00,8.718472752262482750e-01,-4.412762410601155927e-01,2.125031946969742347e-01,4.631882128281292310e+00,-1.825646594399359113e-01,1.098091243969170488e-01,9.770425278987415751e-01,-1.039855527551899472e+00
-8.356818412814660535e-01,-5.491928370626654177e-01,4.804984024978901751e-03,2.998319915903273625e+00,5.395402121623260605e-01,-8.192962227298469235e-01,1.940362308447481365e-01,4.749972831198320478e+00,-1.026266028486310100e-01,1.647450367679286487e-01,9.809825957926490148e-01,-1.063806105123704437e+00
-9.983840144456631593e-01,-5.659326870851640739e-02,-5.153798235142466495e-03,2.774876366694852603e+00,5.417006091012489116e-02,-9.751842665322448811e-01,2.146654392513152876e-01,4.659534281148554058e+00,-1.717452183777384497e-02,2.140393614381538023e-01,9.766740436577557860e-01,-1.046320337777085330e+00
-9.257572740122145261e-01,3.780659712794865457e-01,-6.292135883247152416e-03,2.600770417932035450e+00,-3.686378907363921376e-01,-8.987181580489297383e-01,2.375116374129110086e-01,4.482995355024207207e+00,8.414021111750816240e-02,2.221976456977811099e-01,9.713643143123310564e-01,-1.009553777937933772e+00
-8.035373992270489207e-01,5.942655651875858869e-01,-3.429411138534813053e-02,2.482324296962007626e+00,-5.788963361545698127e-01,-7.667442824294991022e-01,2.774567305878292700e-01,4.261444884152798096e+00,1.385881669921602277e-01,2.427995951272391151e-01,9.601258649655275423e-01,-9.565659729568257719e-01
-7.023844653640265445e-01,7.076959355720942035e-01,-7.630547549180460853e-02,2.312170726668363763e+00,-7.039119884040616615e-01,-6.746872334573490448e-01,2.220474039269731137e-01,4.063191350048591666e+00,1.056597151062409062e-01,2.096749860722706693e-01,9.720454849538995301e-01,-9.532534242514896228e-01
-6.338602982007315312e-01,7.710985984883796940e-01,-6.023349378989882597e-02,2.246835891940065721e+00,-7.626128018570150768e-01,-6.100934443766180548e-01,2.149597719864518863e-01,3.881736689742491642e+00,1.290071192170178793e-01,1.821892986372455336e-01,9.747636752841148944e-01,-8.939148531142787624e-01
-5.745697543135036556e-01,8.147539239248998699e-01,-7.775371937791891730e-02,2.115267427113729504e+00,-8.082678107592577987e-01,-5.499087696044514528e-01,2.104839452370537434e-01,3.692377392824258475e+00,1.287351681498022649e-01,1.837835372417711277e-01,9.745003170447638086e-01,-8.288727497950293399e-01
-5.494971114009405966e-01,8.315938238341294975e-01,-8.065132809169771322e-02,2.041816324813297001e+00,-8.237622460624109966e-01,-5.231290775501360457e-01,2.185216927075109283e-01,3.457627802731508382e+00,1.395302351615426151e-01,1.865145580979545581e-01,9.724935131368691588e-01,-7.909659230081560466e-01
-6.650130722728400112e-01,7.446848171283357853e-01,-5.658742656082746403e-02,1.904765147448326035e+00,-7.261255335901571906e-01,-6.269984479462377136e-01,2.821606913470030564e-01,3.257872274723857320e+00,1.746405542096373942e-01,2.287301235332737659e-01,9.576968243728306573e-01,-7.460076457877850009e-01
-6.974868602402692908e-01,7.114193156708259469e-01,-8.599207569669602147e-02,1.790733880551234503e+00,-7.055578076041156832e-01,-6.607963097985384282e-01,2.560008146188365030e-01,3.110226014146630913e+00,1.253006780550135202e-01,2.392295848073315301e-01,9.628441960316664883e-01,-7.077308682728448153e-01
-7.673541836694622864e-01,6.410994196982172655e-01,1.261312283233938063e-02,1.653004476745755680e+00,-6.134876864156766363e-01,-7.397432539348223202e-01,2.764286108098465422e-01,2.964716041426367799e+00,1.865486945044514677e-01,2.043806554459847713e-01,9.609516805012388030e-01,-6.605774978927348995e-01
-7.671356934410714645e-01,6.399662781514682264e-01,4.411338433679449361e-02,1.496992755725782054e+00,-6.120200265389089678e-01,-7.507689644056739775e-01,2.485506974453003948e-01,2.831928286736500322e+00,1.921830246509853568e-01,1.636738369874365384e-01,9.676138486616494561e-01,-6.150791135390213382e-01
-7.712017423244832415e-01,6.359340885055597692e-01,2.890860965674354327e-02,1.210575092773752193e+00,-6.097608120117290476e-01,-7.509810907644980382e-01,2.534149826844535047e-01,2.632991645997943664e+00,1.828650452395966519e-01,1.778067388789533465e-01,9.669256118434099712e-01,-5.819061719675809874e-01
-8.594654501955595327e-01,5.097702739569461849e-01,3.812358469511974851e-02,9.789340202677357938e-01,-4.805469354635754642e-01,-8.311231755995689419e-01,2.798372916497274820e-01,2.589293804282602807e+00,1.743381276046985229e-01,2.221903120551133315e-01,9.592901972250837961e-01,-5.441264071694217330e-01
-9.614532429426416726e-01,2.749663740667460110e-01,1.074601165787230847e-03,7.504335418235172916e-01,-2.640911033103852668e-01,-9.245007705352965566e-01,2.748712688367891954e-01,2.501942008849730836e+00,7.657382573296614425e-02,2.639920802073983941e-01,9.614804370346744511e-01,-5.172006869875195312e-01
-9.829201118459222064e-01,1.625906780240718441e-01,8.621093404246382708e-02,5.309109513606175001e-01,-1.347745426656463685e-01,-9.549513545255754465e-01,2.643931412480940990e-01,2.508705175267609722e+00,1.253151083392076703e-01,2.482582967585201805e-01,9.605539764700846694e-01,-5.142131383880177431e-01
-9.935695806616773318e-01,7.341644183250344013e-02,8.619463122744359940e-02,2.871714171309646124e-01,-4.805091620366967742e-02,-9.627388994741854500e-01,2.661295190151260481e-01,2.531682698596346093e+00,1.025212067611784156e-01,2.602764636072366633e-01,9.600758119317157613e-01,-4.783625516768066355e-01
-9.699639173232776912e-01,-1.868929637318572645e-01,1.556952767376269531e-01,1.126497376800604799e-01,2.245356996245232439e-01,-9.341010441425748878e-01,2.775589287446491027e-01,2.640231451509322369e+00,9.356130976535756427e-02,3.041812937037292608e-01,9.480084503187284906e-01,-4.945927338574415133e-01
-9.056511888898447493e-01,-3.845689113723189667e-01,1.786132035106083038e-01,-7.760630061388798517e-02,4.220370340430956158e-01,-8.582603084569334628e-01,2.920170968000269651e-01,2.779172792335535824e+00,4.099592612100419475e-02,3.398470175436583141e-01,9.395867914717417335e-01,-4.938895211004198371e-01
-8.115586123242195526e-01,-5.627348938068769124e-01,1.571688838623976348e-01,-2.582797916433740570e-01,5.818195991075555407e-01,-7.537494610322974520e-01,3.055285650930930630e-01,2.884079395470485974e+00,-5.346562313029926822e-02,3.393982753133628627e-01,9.391220569540491558e-01,-5.171319919151372568e-01
-7.279633428317655586e-01,-6.558278828816208605e-01,1.998978727455949511e-01,-4.226738466703251484e-01,6.839175952994472896e-01,-6.741005588341135724e-01,2.790074540569788542e-01,3.027414590700128194e+00,-4.822960017482356976e-02,3.398208713639409018e-01,9.392527248043677224e-01,-5.222522147923834845e-01
-6.269116935023306691e-01,-7.556336753970994691e-01,1.897352817899515820e-01,-5.615082207204658005e-01,7.689395339897524551e-01,-5.609303828890248589e-01,3.067394637466693830e-01,3.146616836496919145e+00,-1.253543841182366836e-01,3.381935158424011489e-01,9.326904225006783511e-01,-5.293523669402955267e-01
-4.042783672080452195e-01,-8.867575842444437306e-01,2.240981673119107065e-01,-6.751910317605473999e-01,9.000824887519057738e-01,-3.421849453365151117e-01,2.697424264501632751e-01,3.278111044202055346e+00,-1.625131233155421018e-01,3.107578638908538582e-01,9.364929443301864831e-01,-5.599168132779677176e-01
-1.207447612967035566e-01,-9.661447918868322216e-01,2.280020695725232249e-01,-6.627000922818260253e-01,9.538237550578098078e-01,-4.928145305499696122e-02,2.962964439074620149e-01,3.434333988419747019e+00,-2.750289928477030466e-01,2.532500335532846814e-01,9.274823306125238309e-01,-5.942857221664405998e-01
-2.813609090939449449e-03,-9.827188454744349988e-01,1.850831012093726025e-01,-6.782806514927736119e-01,9.710684370019402323e-01,4.151036612779578777e-02,2.351658567108443620e-01,3.569285482719541047e+00,-2.387847864971565370e-01,1.803900225991775796e-01,9.541704593437045911e-01,-5.838286494389058889e-01
5.722046261347118329e-02,-9.775817433922565636e-01,2.026320646996882247e-01,-5.872381219845447253e-01,9.709081577543302588e-01,1.017584947430848485e-01,2.167546030738778662e-01,3.859052360794860359e+00,-2.325148766517819432e-01,1.843343259780439169e-01,9.549647576752912093e-01,-6.417575152715748743e-01
1.717191015187046754e-01,-9.670590881850772424e-01,1.879076106288881109e-01,-5.546154832584901939e-01,9.512628792891203444e-01,2.123632017743150024e-01,2.236085978193462498e-01,4.083097327531843845e+00,-2.561473885484328306e-01,1.403516672177795022e-01,9.563942308739679099e-01,-6.868922271977192517e-01
2.643509769794650799e-01,-9.439240592372494243e-01,1.978027587347506167e-01,-5.063596556282788930e-01,9.338450334396497521e-01,3.017662055731057946e-01,1.920172145775206618e-01,4.300292734559920227e+00,-2.409398565827216288e-01,1.339571855746649609e-01,9.612509859255350397e-01,-7.262021619504878123e-01
3.317216532946264396e-01,-9.260910659206904594e-01,1.797667443031694956e-01,-4.946933067350144375e-01,9.008584421571211864e-01,3.675298890671758745e-01,2.310321359389522211e-01,4.492597694205083592e+00,-2.800264486253495333e-01,8.530602712675265653e-02,9.561945773774944701e-01,-7.511345213842193225e-01
3.727917575503096881e-01,-9.122244317894306898e-01,1.699202505559694321e-01,-4.232954930763092594e-01,8.994669769385880143e-01,4.002477848951719874e-01,1.753877649195242083e-01,4.773556795964260857e+00,-2.280032080903908187e-01,8.745454095105521797e-02,9.697248271378490214e-01,-8.295125933827725007e-01
4.053958744504136957e-01,-8.945612199325951863e-01,1.881871642043988768e-01,-3.451853440438266696e-01,8.787998717920186831e-01,4.380630888263424838e-01,1.892393076140793384e-01,4.951537808475918290e+00,-2.517239963072997466e-01,8.866202118512868380e-02,9.637292543460799221e-01,-8.589370293237124088e-01
4.293397335081042820e-01,-8.856572935663064028e-01,1.768574329339800688e-01,-2.093764471998189880e-01,8.656183203040477281e-01,4.593943487410737103e-01,1.991525945067359193e-01,5.252448201013081075e+00,-2.576282530802678772e-01,6.758691217662796125e-02,9.638774260855159648e-01,-9.183577414482683166e-01
4.377645241403533838e-01,-8.816767469820022685e-01,1.760918375036340522e-01,-9.349501152880562715e-02,8.687845283509970651e-01,4.652381417150178722e-01,1.696081212427431595e-01,5.562492049119156512e+00,-2.314641758504046576e-01,7.873744550588621105e-02,9.696518705046165421e-01,-9.894089067300380069e-01
4.413297494296642975e-01,-8.812937831320538651e-01,1.689654404934454734e-01,4.846195853102003293e-03,8.645924780844176372e-01,4.680230325124556390e-01,1.828504522217302419e-01,5.812099335271095235e+00,-2.402246846354409715e-01,6.538890464473612329e-02,9.685124635445666597e-01,-1.088904235472993642e+00
3.367814628016772005e-01,-9.302168314638720181e-01,1.458591538933318998e-01,3.734725123799295665e-02,9.186757092949510151e-01,3.585833283610653788e-01,1.656892808027109476e-01,6.027064805745495413e+00,-2.064296186708255987e-01,7.819618330082320212e-02,9.753318253049074738e-01,-1.134998562564661251e+00
2.121913596567112370e-01,-9.694503075096341238e-01,1.230484788874449814e-01,3.636969843684948606e-02,9.556428739448928900e-01,2.321715799164683069e-01,1.812265293974286984e-01,6.232305343962360134e+00,-2.042584744028575483e-01,7.913569831983804925e-02,9.757130812313882240e-01,-1.134912888764824546e+00
7.949566933703697269e-02,-9.931956796048078129e-01,8.510452732376973251e-02,-1.619670112790230765e-02,9.820855715726513058e-01,9.266570392955722490e-02,1.640761939589622798e-01,6.469797116976113927e+00,-1.708460378980914129e-01,7.053658149914356079e-02,9.827696688466425190e-01,-1.156172584187710406e+00
-6.833146689610267166e-02,-9.953901903929244233e-01,6.729917905417782953e-02,-5.797081339293231467e-02,9.879395724793313960e-01,-5.811651591645701498e-02,1.435195864928853482e-01,6.604054395121335297e+00,-1.389467947136005799e-01,7.629442605637545838e-02,9.873565459303673686e-01,-1.157767936312344093e+00
-2.701789675922727230e-01,-9.613728055063485156e-01,5.258948852791980183e-02,-1.161471118245443329e-01,9.575702059848405501e-01,-2.626166326326008216e-01,1.187089081529448253e-01,6.687511591857567161e+00,-1.003126416805191767e-01,8.243077761108630330e-02,9.915354460741724330e-01,-1.120567142520167314e+00
-5.804039995242750161e-01,-8.135697959638918952e-01,3.514803595506752615e-02,-2.369411617184989660e-01,8.112904403523047980e-01,-5.739746972554640170e-01,1.111794419101956033e-01,6.781997011218610538e+00,-7.027815257382331871e-02,9.304425831705996630e-02,9.931786079376857534e-01,-1.124503702284896489e+00
-8.850839536977384014e-01,-4.650654150398054743e-01,1.845412259185582118e-02,-3.668520565698663027e-01,4.624005285508182572e-01,-8.741113238307772759e-01,1.487116160450512314e-01,6.692023925301361587e+00,-5.302967190832939132e-02,1.401554611303499620e-01,9.887084001932190391e-01,-1.049688094347633438e+00
-9.948137715505048773e-01,-9.193285673703492644e-02,4.351907381401803887e-02,-5.035494920704575161e-01,9.835685384645324880e-02,-9.784918442059948873e-01,1.813274389709933765e-01,6.605934546039317290e+00,2.591310932500163339e-02,1.846674326309864778e-01,9.824593885197450138e-01,-9.810685282564483023e-01
-9.974420932601908429e-01,4.096470177745925589e-02,5.857613678807268437e-02,-6.385283113740268801e-01,-2.665205292598127676e-02,-9.735310175710130132e-01,2.269956517248281624e-01,6.544090821560745397e+00,6.632449523035892358e-02,2.248538437194987083e-01,9.721326094196234280e-01,-9.806235715034838929e-01
-9.730075581108251770e-01,2.279504537478524440e-01,3.598447575496342005e-02,-7.789511188326516677e-01,-2.159117344754455103e-01,-9.542642236174445625e-01,2.067895414173581692e-01,6.407166434140008526e+00,8.147646761498819612e-02,1.934383161629173731e-01,9.777234798576945884e-01,-9.608612825678470859e-01
-8.915920431608546082e-01,4.528395172035804550e-01,-1.520141519197673867e-05,-9.806267034824998063e-01,-4.439061274644287014e-01,-8.739965288024842405e-01,1.976800891358142243e-01,6.249361473599027939e+00,8.950407014091242563e-02,1.762567425661704101e-01,9.802665872752034382e-01,-9.656800682839755678e-01
-7.960764628487849714e-01,6.043551727680541719e-01,3.189185549108829176e-02,-1.188629940809807550e+00,-5.875479205232452262e-01,-7.844213368485496440e-01,1.986721102357986157e-01,6.059158535426014680e+00,1.450851694246504398e-01,1.394201974078017603e-01,9.795469882388443406e-01,-9.105099426597077494e-01
-7.427923623777343831e-01,6.694046133260569409e-01,-1.252876893787841818e-02,-1.383857760999779529e+00,-6.587319619434903739e-01,-7.273476770175815176e-01,1.924514459576977810e-01,5.892239885495370366e+00,1.197151147824976336e-01,1.512045647291145600e-01,9.812265135521425208e-01,-8.427991046118085139e-01
-7.981657307018272807e-01,6.024311125918405674e-01,2.867213730660432731e-03,-1.535975275282482455e+00,-5.860283340315547429e-01,-7.775192327937000547e-01,2.281110132108863653e-01,5.747719477517590825e+00,1.396504853032052296e-01,1.803901250547099988e-01,9.736309078584788335e-01,-8.192848254308940925e-01
-8.553082066028805386e-01,5.175905232345109352e-01,-2.340773324334076769e-02,-1.728770063348866737e+00,-5.071440749087406941e-01,-8.270854152967447304e-01,2.423522293860107257e-01,5.635673174597724433e+00,1.060790224442318547e-01,2.191569439037634182e-01,9.699059103521533443e-01,-7.579661005762554637e-01
-8.859684518731633096e-01,4.625650740392704408e-01,3.306742452198069976e-02,-1.907814897929337228e+00,-4.393072847585641205e-01,-8.599856912054418823e-01,2.596800348119912560e-01,5.489459946538048030e+00,1.485564264632485976e-01,2.155415579440389806e-01,9.651283981706922921e-01,-7.108813130144652215e-01
-9.047081312609200898e-01,4.252089459724987530e-01,2.646789555919779047e-02,-2.109420158489020203e+00,-4.021641667312791935e-01,-8.728761097783613865e-01,2.763173537357552223e-01,5.378475469419548460e+00,1.405958044456232792e-01,2.393421175705424397e-01,9.607019155435972957e-01,-6.720959723206737513e-01
-9.801226786450235595e-01,1.961448043232350003e-01,2.977835695107763220e-02,-2.290038837172723163e+00,-1.797498950014055907e-01,-9.414853262296378755e-01,2.851234044080854790e-01,5.387889303469378888e+00,8.396136047426662474e-02,2.741032583375705434e-01,9.580281278313480531e-01,-6.643116115700281599e-01
-9.988683827641081647e-01,6.415561183934201384e-03,4.712530624741240182e-02,-2.422176915909479700e+00,8.529810329801986585e-03,-9.506281979012720651e-01,3.102148798667113683e-01,5.382696647302147142e+00,4.678884749547502359e-02,3.102658052858484061e-01,9.494977271275426567e-01,-6.435409307784354382e-01
-9.907790227299160257e-01,-1.344210493970226517e-01,1.696789902603523109e-02,-2.524762645682385287e+00,1.331507108185228105e-01,-9.428629118912049689e-01,3.054184303354340324e-01,5.377482517324857270e+00,-2.505626322651681795e-02,3.048614617478598854e-01,9.520670526880351536e-01,-6.437794908010396888e-01
-9.889430463944594019e-01,-1.441820578524688201e-01,3.468695981886683877e-02,-2.757591822277016824e+00,1.482485544794059085e-01,-9.552978001764597105e-01,2.557899119840027491e-01,5.353181341954068806e+00,-3.743939477982507688e-03,2.581039464468626310e-01,9.661098983789270234e-01,-6.783544638012072303e-01
-9.984464955547570630e-01,-4.760802237527281960e-02,2.894946838790038446e-02,-2.964759776414304770e+00,5.251438480198845210e-02,-9.776998674048906768e-01,2.033352125563304968e-01,5.384953147738806400e+00,1.862350405522979896e-02,2.045395939224851634e-01,9.786811123214395058e-01,-6.290235491236788601e-01
-9.979034257591660184e-01,6.177862152036874693e-02,1.929131361950077797e-02,-3.148445579037681519e+00,-5.674606534767089039e-02,-9.785122533366967801e-01,1.982262700488974794e-01,5.324741353583362979e+00,3.112293247238804086e-02,1.967159678139618617e-01,9.799664234458933532e-01,-6.092974988385480017e-01
-9.419008227916028098e-01,3.309179421512686847e-01,5.758607111857310529e-02,-3.434955352632692360e+00,-3.123923936063670581e-01,-9.260337502524121911e-01,2.118312673104184307e-01,5.196987583963151636e+00,1.234254124618935217e-01,1.815345943775536208e-01,9.756081993314678069e-01,-5.713151727429871540e-01
-8.391199905193549302e-01,5.375476698480781135e-01,8.318740380430954262e-02,-3.563151160344267598e+00,-5.124255639278503249e-01,-8.324995660047186385e-01,2.106288537574563802e-01,5.028216148930033214e+00,1.824765271042393944e-01,1.341155294619423288e-01,9.740201957932490551e-01,-5.330485890921052849e-01
-4.510110163519188697e-01,8.864322265512366572e-01,1.040527311541041694e-01,-3.643228141684302201e+00,-8.658387340347064587e-01,-4.628375414702813884e-01,1.900123597319987867e-01,4.705557279289555694e+00,2.165925893801240731e-01,-4.395217533168041708e-03,9.762521868290231497e-01,-4.557651742503922021e-01
2.391031085634837822e-02,9.904788108444374517e-01,1.355729408950911985e-01,-3.657253396327187822e+00,-9.769121854500095736e-01,-5.649358373422674884e-03,2.135665392079353353e-01,4.502568474983885238e+00,2.122990319196930153e-01,-1.375493003186848417e-01,9.674757418291179967e-01,-4.136598144891973083e-01
3.638459418888149721e-01,9.223510665262237840e-01,1.299409121446379045e-01,-3.514710802086546959e+00,-9.217226344913652669e-01,3.364043488399588999e-01,1.930271979485276845e-01,4.368015835711478445e+00,1.343261539587058684e-01,-1.900016425179075763e-01,9.725512121236392638e-01,-4.190534050004436906e-01
6.082789896814686514e-01,7.881352135811811044e-01,9.401891206262386058e-02,-3.368531349907297301e+00,-7.891023112122705907e-01,5.877168503995782167e-01,1.786237559672632369e-01,4.287196570983372368e+00,8.552317318449163819e-02,-1.828436186191559898e-01,9.794151305645163452e-01,-4.213283808503225925e-01
6.506106122221880783e-01,7.545852975786500050e-01,8.548017280054796829e-02,-3.182222279762744410e+00,-7.545994997414701144e-01,6.297280707811583333e-01,1.844509470297275577e-01,4.173626144825452577e+00,8.535470844536169333e-02,-1.845090392050815487e-01,9.791174537295438407e-01,-4.021392044074851846e-01
7.249889581702989583e-01,6.799011267414097892e-01,1.101157045425748132e-01,-2.913011071864980206e+00,-6.885904804417976033e-01,7.119349747536023454e-01,1.378105292331532061e-01,4.006529946418016408e+00,1.530231276895776399e-02,-1.757357379088001215e-01,9.843184391473985828e-01,-3.918152292651362334e-01
8.031422863197190676e-01,5.884761436120540257e-01,9.304996681687330295e-02,-2.669907903852956288e+00,-5.957871198976947280e-01,7.931765600399497407e-01,1.261295063306040465e-01,3.910530439055875718e+00,4.191528894870030970e-04,-1.567379118231400636e-01,9.876401426168224251e-01,-3.959588098356023322e-01
8.459309170320072901e-01,5.258652128665641801e-01,8.869420221295229445e-02,-2.469976882700691601e+00,-5.330539108649259283e-01,8.288019640253213582e-01,1.701200533134694381e-01,3.775011299895748795e+00,1.595028905680499418e-02,-1.911886040656561592e-01,9.814237137722069404e-01,-3.569445734221990962e-01
8.805886125627798711e-01,4.621543971022133435e-01,1.047712205896718790e-01,-2.273052124463374124e+00,-4.732086060902307989e-01,8.693554073592855147e-01,1.424597866673659730e-01,3.696039115179183820e+00,-2.524501033669730374e-02,-1.750271091410163515e-01,9.842399100416724389e-01,-3.645925832973395675e-01
8.805094188170270453e-01,4.692077015544798280e-01,6.743364276431353110e-02,-1.995411151631940161e+00,-4.738828750413862090e-01,8.677587228067367153e-01,1.497658830819991738e-01,3.560341122607527886e+00,1.175517405281532694e-02,-1.638259191788168367e-01,9.864192232961624951e-01,-3.786908669798140781e-01
8.633508505801207322e-01,4.936735695732299978e-01,1.044591571256860696e-01,-1.750556097253170185e+00,-5.020705517729932010e-01,8.611267318465846143e-01,7.991190613157943268e-02,3.438555752173146018e+00,-5.050217663571317933e-02,-1.214378787860131564e-01,9.913134578684027476e-01,-4.143223040000955093e-01
8.733437660121049495e-01,4.766842846529179556e-01,1.002135676080381788e-01,-1.436038162531794615e+00,-4.862351549422271324e-01,8.654212696900270840e-01,1.209189814148691616e-01,3.304869837681217781e+00,-2.908677476280935315e-02,-1.543311981844176506e-01,9.875909278648018486e-01,-4.511131213105648574e-01
9.229715978822244926e-01,3.721756052697950401e-01,9.802422325525585178e-02,-1.162478070986246781e+00,-3.833298479672290759e-01,9.117145712294870696e-01,1.477659238974039502e-01,3.220138724416374387e+00,-3.437524051050231538e-02,-1.739593614896733642e-01,9.841526728053685558e-01,-4.484155784690571633e-01
9.487692918513691565e-01,2.946801293776896702e-01,1.140195254761242755e-01,-9.069603110846421457e-01,-3.093962074461441558e-01,9.396582166198483854e-01,1.460014477899054253e-01,3.168587461564275731e+00,-6.411565844467698172e-02,-1.737988989860254074e-01,9.826917752039300291e-01,-4.361431455406729052e-01
9.462191829702990553e-01,3.034166288892062857e-01,1.122836011736815659e-01,-5.612253380608878128e-01,-3.159030327973979535e-01,9.413912995882109946e-01,1.182695858157346291e-01,3.147872166288632645e+00,-6.981784620300356126e-02,-1.473796810049799177e-01,9.866127396189675602e-01,-4.756471730393368458e-01
9.474536020599617636e-01,3.074975757335051685e-01,8.818680661880141936e-02,-2.716907590727072885e-01,-3.178548692727652392e-01,9.360083756453150272e-01,1.511840031266939721e-01,3.075510477533314635e+00,-3.605487516546675847e-02,-1.712704342256327894e-01,9.845641087999127405e-01,-5.445631337353957768e-01
9.559165297018676899e-01,2.856713524544078342e-01,6.793722565434016925e-02,6.422046613461013242e-02,-2.925711084977677956e-01,9.463089401434151560e-01,1.374828581206898881e-01,3.006203373560264680e+00,-2.501468998660773269e-02,-1.512986060461777582e-01,9.881715423413881538e-01,-5.608547938682937328e-01
9.400882513424629883e-01,3.277434447036775000e-01,9.390587916439759042e-02,2.805754200946165566e-01,-3.374820706525277214e-01,9.336619675407918928e-01,1.199215675178555984e-01,2.937103418362448259e+00,-4.837284027171265960e-02,-1.444284072529553042e-01,9.883321827717754804e-01,-5.426312800280520543e-01
9.046139234149327413e-01,4.195052117090803945e-01,7.542563829867401926e-02,5.510240923846287942e-01,-4.261566802571299384e-01,8.935051486849745483e-01,1.415592919792408866e-01,2.802521706603717355e+00,-8.008335411576819607e-03,-1.601996461368194458e-01,9.870521465158635932e-01,-5.065402209717598803e-01
8.760660510082871610e-01,4.739498187197934143e-01,8.876848318080511613e-02,7.186220667120570837e-01,-4.817716471354310803e-01,8.680209826064224643e-01,1.201484655390772510e-01,2.741495807642522209e+00,-2.010856253337706123e-02,-1.480241300952553352e-01,9.887792992485151533e-01,-4.952328218756623657e-01
8.560653277617376045e-01,5.082901144849760744e-01,9.377267257063592876e-02,9.581038579013134715e-01,-5.163686299108585231e-01,8.490162140447550243e-01,1.119593959125096821e-01,2.610442938736102114e+00,-2.270666528074136159e-02,-1.442658234162279285e-01,9.892784135650927180e-01,-5.084286957031028953e-01
8.726591927481275324e-01,4.764848675211730278e-01,1.069023121149293709e-01,1.169602620994033781e+00,-4.879885212779247472e-01,8.590793283916782208e-01,1.544341627719983401e-01,2.478657546233862252e+00,-1.825202490605211739e-02,-1.869354930275008708e-01,9.822026191338498746e-01,-4.930148026461997346e-01
8.934753281360204857e-01,4.346005729550993513e-01,1.132438960797934879e-01,1.447470099199662519e+00,-4.472865844416653580e-01,8.838033934889754084e-01,1.372088664623426491e-01,2.367742509407149143e+00,-4.045428766818045391e-02,-1.732452124720110787e-01,9.840475328787672282e-01,-5.135127796006817569e-01
8.835191997190411373e-01,4.586508075257513251e-01,9.504346628675933162e-02,1.679147023948490247e+00,-4.680607862828057297e-01,8.721852574189873364e-01,1.421688330306513925e-01,2.262291621419016963e+00,-1.768966003480798577e-02,-1.700950131454553593e-01,9.852688782413159263e-01,-5.086516957377702486e-01
8.931610283075156476e-01,4.303085683569403130e-01,1.307589901737642168e-01,1.995218614967138926e+00,-4.463353156126181331e-01,8.838052776003579858e-01,1.402605337318359735e-01,2.155279775426506728e+00,-5.521017614213939717e-02,-1.836375976872822169e-01,9.814423412335534502e-01,-5.144646185604661026e-01
9.539402629800426414e-01,2.814595385978330699e-01,1.038195684727254292e-01,2.296255404999988148e+00,-2.942697899141489826e-01,9.452069948629076013e-01,1.413825576445511545e-01,2.092373059342836683e+00,-5.833751288365172233e-02,-1.654214768236810240e-01,9.844960485426150765e-01,-5.585296047056466096e-01
9.959347794736297388e-01,4.536803817309219278e-02,7.781809652733849558e-02,2.622997630244014111e+00,-5.663030859707130632e-02,9.871776058830245004e-01,1.492426969444777263e-01,2.119112734887481864e+00,-7.004943385219988827e-02,-1.530428552902284023e-01,9.857337172186012575e-01,-5.546471128376164739e-01
9.860702803931797877e-01,-1.505680344961436434e-01,7.067297300442772212e-02,2.893507689709767128e+00,1.360890637996819696e-01,9.746367153238124637e-01,1.776598994059620518e-01,2.194446769095344862e+00,-9.563037613354234689e-02,-1.655673280897486943e-01,9.815509620135776103e-01,-5.942517256764816569e-01
9.644272382267445876e-01,-2.578592782755577684e-01,5.821249671284761673e-02,3.079953294160894028e+00,2.468779200897821546e-01,9.573060166554684391e-01,1.503877755915811187e-01,2.298117392194765074e+00,-9.450605662325753387e-02,-1.306666869651512131e-01,9.869117600774012233e-01,-6.211263490540183119e-01
9.278892434976241388e-01,-3.629824837249196468e-01,8.523654327984024615e-02,3.272720689228639124e+00,3.485234732275385161e-01,9.255982987707235266e-01,1.476454466692294909e-01,2.414623811084054772e+00,-1.324875103955895916e-01,-1.072916857059811047e-01,9.853606211776216872e-01,-6.473355104735160070e-01
8.727781800687192115e-01,-4.874070657803184492e-01,2.631730653686784396e-02,3.442627162120759365e+00,4.799081445255017897e-01,8.666985630344680169e-01,1.360947230868219948e-01,2.639359549588469633e+00,-8.914270140637410578e-02,-1.061506149836559249e-01,9.903462150806487951e-01,-6.992263192941691186e-01
7.525150825257941323e-01,-6.584980288412988214e-01,1.006958704822558115e-02,3.639148050017139369e+00,6.448717600579032538e-01,7.398738806318687633e-01,1.916430375426186883e-01,2.804166008229131091e+00,-1.336467869087047955e-01,-1.377206838890322471e-01,9.814130371959186583e-01,-6.920694086275883672e-01
6.660012222259631409e-01,-7.372356015610964652e-01,1.136927428834930559e-01,3.845578274197741564e+00,7.189573302239604669e-01,6.750314799216773354e-01,1.656286763576446108e-01,3.051800996427858514e+00,-1.988535373352956770e-01,-2.856867000050457295e-02,9.796127305132592555e-01,-7.952623268722605054e-01
6.478224737149251844e-01,-7.540809494138036584e-01,1.081108888181583766e-01,4.030011665949931654e+00,7.395632072388867995e-01,6.565865056515206577e-01,1.481229998847481688e-01,3.293282711477568458e+00,-1.826808830951066054e-01,-1.600257252760931698e-02,9.830420197652243175e-01,-8.335181233437854997e-01
6.370160126838633197e-01,-7.558022106381433458e-01,1.515705049765574963e-01,4.139239209014118792e+00,7.381745792991023514e-01,6.547464592357171709e-01,1.624972756537311491e-01,3.500561376718976714e+00,-2.220560516197367384e-01,8.372127136292319485e-03,9.749979576523571945e-01,-8.954935688450205156e-01
5.908301089352924196e-01,-8.006605275004274880e-01,9.931013079363384954e-02,4.282625051550386530e+00,7.860135290826878451e-01,5.989919311078751862e-01,1.529424681592298774e-01,3.731630941999021456e+00,-1.819409642562410390e-01,-1.230390874458286640e-02,9.832324747256445674e-01,-9.444107821566403160e-01
5.347583739643537726e-01,-8.371818514229041330e-01,1.147171701321104825e-01,4.374228434094054485e+00,8.220131405494454091e-01,5.468452666187861855e-01,1.589171203510383323e-01,3.935278751582763856e+00,-1.957750705249256817e-01,9.316760421222368069e-03,9.806045684863062828e-01,-9.359702385154354820e-01
5.679667571140544213e-01,-8.187305119839963785e-01,8.422654901970466623e-02,4.479820140174819443e+00,8.079667591659334125e-01,5.741326510431046248e-01,1.325194894689648017e-01,4.130337873469571264e+00,-1.568549613376787055e-01,-7.214412840916640916e-03,9.875952983642223293e-01,-9.656298675767303052e-01
5.891542509227278845e-01,-8.004266572856670869e-01,1.105189346952528406e-01,4.638595518882142166e+00,7.852022129551977647e-01,5.994114688624577747e-01,1.554457325448693195e-01,4.361942882315583248e+00,-1.906692250730074034e-01,-4.801802020443701399e-03,9.816425975411909866e-01,-1.034900167263682391e+00
6.031410520220157334e-01,-7.905457948268518331e-01,1.061047484675306796e-01,4.802351351648777467e+00,7.803713400414847845e-01,6.123689609478157880e-01,1.265892069236151385e-01,4.540207637535998764e+00,-1.650498197746215756e-01,6.449957307829674164e-03,9.862641406048855419e-01,-1.113276058485858311e+00
5.254673842454521404e-01,-8.474586686169578442e-01,7.548399221170301598e-02,4.938591390702832484e+00,8.405519374377249386e-01,5.308202919553155485e-01,1.081769759152130111e-01,4.805035211363092529e+00,-1.317439507678843935e-01,6.604743329330834897e-03,9.912617761225458457e-01,-1.177219847261380403e+00
3.555625001096641702e-01,-9.336382338094875166e-01,4.353110250001222814e-02,4.966973442767144142e+00,9.254194106003541531e-01,3.581983568934026807e-01,1.236642697102108418e-01,5.118464630732655785e+00,-1.310504597468443166e-01,-3.685849694053449851e-03,9.913688473581238059e-01,-1.220021120498651523e+00
1.275221942431557787e-01,-9.917765103959901296e-01,1.083713071639387689e-02,4.945474096343716042e+00,9.873898830856383535e-01,1.279763844660516681e-01,9.318403188919681390e-02,5.432907889058768092e+00,-9.380463077876664835e-02,-1.182558983890572750e-03,9.955899220053958665e-01,-1.262204609450807924e+00
-9.989398036156654781e-02,-9.949221048805927392e-01,-1.229625583235388619e-02,4.870142141200360264e+00,9.895536942200175989e-01,-1.006308217916091069e-01,1.032323784529898258e-01,5.612779251067550490e+00,-1.039455575916484881e-01,-1.855512198119319478e-03,9.945812576815658002e-01,-1.269617258136641169e+00
-5.490119257531971275e-01,-8.355909361435926996e-01,-1.933113590665327258e-02,4.723481949058601970e+00,8.315529294738377430e-01,-5.483991469191955570e-01,8.819354365131902573e-02,5.720932354285759303e+00,-8.429490414161432132e-02,3.234444454577511951e-02,9.959157625235092182e-01,-1.273644514283392759e+00
-8.988433516601929130e-01,-4.376385303093115464e-01,-2.351905535896361282e-02,4.509712562498732424e+00,4.351640192910866678e-01,-8.975648101056193928e-01,7.077914929193625249e-02,5.794617622264508938e+00,-5.208555932979807429e-02,5.338472111728525399e-02,9.972147040936235607e-01,-1.283883535625878647e+00
-9.985602210738085960e-01,5.360966339021926846e-02,1.867854441658837279e-03,4.287264715843053686e+00,-5.313924243469275721e-02,-9.933549022408394436e-01,1.020894661929390157e-01,5.640577633396967272e+00,7.328424284584870475e-03,1.018432235609205289e-01,9.947734676860991998e-01,-1.269386308714985034e+00
-9.104609925160512818e-01,4.131092497077334946e-01,-2.003818636008709506e-02,4.196541424263227960e+00,-4.111820004026496278e-01,-8.988605707911686560e-01,1.515883795739298989e-01,5.457657028248324771e+00,4.461102612094978992e-02,1.462546480727620335e-01,9.882405750957353741e-01,-1.210438717419319632e+00
-7.939563839508294585e-01,6.066221540138362345e-01,-4.053174858475858816e-02,4.097887434788437311e+00,-6.038354901004936437e-01,-7.790305813918209088e-01,1.688018191590903161e-01,5.288989036217514261e+00,7.082345147493004922e-02,1.584957902151810094e-01,9.848162890637243150e-01,-1.179935748459747691e+00
-6.946833503934113363e-01,7.150825580574365903e-01,-7.792289681614247843e-02,3.978599346622398336e+00,-7.182744858425085255e-01,-6.837690591306558874e-01,1.286142945525799997e-01,5.114331536394383093e+00,3.868857291070286475e-02,1.453162376942450096e-01,9.886285376158855387e-01,-1.154296239693483273e+00
-5.873105710342728658e-01,8.073541928978256177e-01,-5.696929314725908411e-02,3.807474094492873995e+00,-8.053629986403351149e-01,-5.759712974629861426e-01,1.401695577500771950e-01,4.859279604585347911e+00,8.035380247658299724e-02,1.282040237633162438e-01,9.884872253693776090e-01,-1.155310257375044003e+00
-4.992474007256341717e-01,8.650651358360386123e-01,-4.913597083273409799e-02,3.685835892210898024e+00,-8.608790102371268738e-01,-4.888079388184216056e-01,1.412590835352947050e-01,4.705365157247398677e+00,9.818025566194350795e-02,1.128233562214055741e-01,9.887525108383262706e-01,-1.102355432470235597e+00
-4.806950136725982037e-01,8.743483237905693706e-01,-6.668817372610619243e-02,3.547700831215831574e+00,-8.676082655128535270e-01,-4.631960217062496832e-01,1.808461862724277391e-01,4.495947076266697096e+00,1.272328630664269489e-01,1.447910707195887159e-01,9.812478506451854932e-01,-1.087600691997697711e+00
-5.365724365141437691e-01,8.419841556972743613e-01,-5.614892633011095424e-02,3.455755414303019801e+00,-8.353674634075837213e-01,-5.205857611385760197e-01,1.764983466770981557e-01,4.326325476767097555e+00,1.193784798582070011e-01,1.416091340786926611e-01,9.826981386429037846e-01,-1.051232565790034545e+00
-5.551787159807451966e-01,8.286232489512261878e-01,-7.183386819242261467e-02,3.305137104008123661e+00,-8.237295583212941308e-01,-5.358320651442060045e-01,1.853472759743219345e-01,4.083203727549086892e+00,1.150921720612600174e-01,1.620725432046072056e-01,9.800440207814203886e-01,-1.040813274016040069e+00
-4.827063195220196445e-01,8.746777203522940747e-01,-4.397152047428896926e-02,3.173441889508195057e+00,-8.606711718655727372e-01,-4.644925566116481219e-01,2.085468742799009845e-01,3.804521545964801188e+00,1.619868606185367044e-01,1.385119141867896253e-01,9.770233910276986400e-01,-1.011073394583548613e+00
-4.670904900823715233e-01,8.822650642834363177e-01,-5.860742631744599723e-02,3.022921109358697844e+00,-8.723301901912183798e-01,-4.489732965464718339e-01,1.935536573385961412e-01,3.568984623164635384e+00,1.444524605382828952e-01,1.415321000096357029e-01,9.793376084432270368e-01,-9.580052393065019434e-01
-5.310546709217842665e-01,8.467184121812530995e-01,-3.238621566984509897e-02,2.842840592085002616e+00,-8.325380229383889663e-01,-5.142857511060324738e-01,2.058897922946707204e-01,3.335107211980169239e+00,1.576749087648237069e-01,1.363014918574299295e-01,9.780391231762892712e-01,-9.362704643600734400e-01
-6.510539105500313672e-01,7.569844561991661003e-01,-5.570761734597071135e-02,2.633265118189537457e+00,-7.475707678757409491e-01,-6.267884859553607413e-01,2.197137703728685720e-01,3.192494977212634755e+00,1.314030158527131897e-01,1.846908956788029799e-01,9.739725460597820073e-01,-8.594172002608019278e-01
-7.473432784557514363e-01,6.635502914986043388e-01,-3.433707615867892526e-02,2.460183534407638817e+00,-6.513381336583767833e-01,-7.214185161612032271e-01,2.351892008196603268e-01,3.065950537795993025e+00,1.312884602295014413e-01,1.981321154984325983e-01,9.713428874597700435e-01,-8.665853023307115155e-01
-8.430322084552783757e-01,5.378267637407850854e-01,6.250416876519339707e-03,2.299824890762807161e+00,-5.174524516858063361e-01,-8.141572839318115262e-01,2.634214821633271697e-01,2.994758159051018165e+00,1.467639456793321806e-01,2.188385003258992711e-01,9.646605905828985472e-01,-8.324188548589653847e-01
-9.333285887223999877e-01,3.584177118195128742e-01,-2.084440758376739436e-02,2.121812534405647988e+00,-3.525371592602880022e-01,-9.039349192424513957e-01,2.421140498088233672e-01,2.943254720998133234e+00,6.793597584594492089e-02,2.333203926539791084e-01,9.700238644268776023e-01,-8.057051547862744689e-01
-9.952919187723271444e-01,9.593728644672579187e-02,1.378526371667733973e-02,1.913366182518608349e+00,-8.938274306062556074e-02,-9.635336621944823321e-01,2.522173805689202908e-01,2.894613803140690944e+00,3.747961671973053938e-02,2.497977559693604910e-01,9.675724052716753176e-01,-8.102181151837924977e-01
-9.943270904921950315e-01,-1.061542502085846135e-01,-6.701662180362574425e-03,1.757479616177757498e+00,1.002182989103648086e-01,-9.561087548043961659e-01,2.753404103104010736e-01,2.891459541267570099e+00,-3.563607269101057989e-02,2.731067998952807496e-01,9.613234347367806132e-01,-7.974720221628832650e-01
-9.717629168390881089e-01,-2.357128251842586786e-01,1.078413186320826417e-02,1.550080542980222020e+00,2.296429039820522544e-01,-9.342571455765364963e-01,2.728144471795295734e-01,2.937091430423170113e+00,-5.423071184372647152e-02,2.675874623050158441e-01,9.620062265443429794e-01,-8.505175679039300718e-01
-9.353561242018517685e-01,-3.523554703632030827e-01,3.089568615868948029e-02,1.329827973031990185e+00,3.472154710281062928e-01,-8.980208710528223559e-01,2.701849955720344587e-01,3.045518156469818383e+00,-6.745619020386300901e-02,2.634466504980789159e-01,9.623125920118288379e-01,-8.809021260668400410e-01
-8.938952036997254158e-01,-4.449192760696664695e-01,5.475584520642922531e-02,1.146435104116432901e+00,4.414704633652644095e-01,-8.525292557388751691e-01,2.798172583765667354e-01,3.125691695595870900e+00,-7.781513206751054790e-02,2.743003935304592633e-01,9.584905316852913026e-01,-8.810214344207958348e-01
-8.621707720044015089e-01,-5.040270948625668046e-01,5.116881419121911689e-02,9.926503540006417214e-01,4.907564359774792551e-01,-8.058317369681887721e-01,3.313507691880525075e-01,3.214388675351683045e+00,-1.257763111560182834e-01,3.107923733607925176e-01,9.421191114783478149e-01,-8.974739194837101364e-01
-8.203718641536821288e-01,-5.675514818396871775e-01,6.982349150957531392e-02,8.878392798779993766e-01,5.599638103268463896e-01,-7.725897383860192980e-01,2.992417538794707177e-01,3.289476856605118016e+00,-1.158901878040192318e-01,2.845881438187451984e-01,9.516191742333439674e-01,-9.155937695671996224e-01
-7.488556755970473544e-01,-6.556425116212990511e-01,9.668543882614569207e-02,8.014985470922983968e-01,6.509623363102985394e-01,-7.003118477521288465e-01,2.929357482511085187e-01,3.436870422407044767e+00,-1.243511714119577977e-01,2.823051768085652058e-01,9.512310830263904782e-01,-9.469394755476019387e-01
-4.770554018255495632e-01,-8.732635357782595475e-01,9.914101406136527350e-02,7.557609099533044716e-01,8.560866015917732996e-01,-4.362004456249551354e-01,2.772091301015152109e-01,3.657871918530757327e+00,-1.988312705891873700e-01,2.171174067564462795e-01,9.556809915025235025e-01,-9.965716301748072103e-01
-1.514757899205144143e-01,-9.828452685858132254e-01,1.052153177367097792e-01,8.024996103726247387e-01,9.589591013870284453e-01,-1.203083417689556067e-01,2.567554181858421325e-01,3.802512494455617009e+00,-2.396925675421297253e-01,1.397894163350187624e-01,9.607322166690245302e-01,-1.049952364395540405e+00
3.286751246972188789e-02,-9.911451630165476478e-01,1.286506605228050493e-01,8.188218210885721549e-01,9.589023480798394283e-01,6.756777926427072478e-02,2.755737325150293127e-01,3.921108038282278052e+00,-2.818262114690951448e-01,1.143059973675749214e-01,9.526322089320631292e-01,-1.072900949084907962e+00
2.164896915316386061e-01,-9.683546936767239988e-01,1.241829323812026487e-01,8.601781098711717144e-01,9.402534583834909476e-01,2.410441602857435472e-01,2.404602811069332102e-01,4.107395626537123867e+00,-2.627844125103719342e-01,6.470625956117821709e-02,9.626824255771897487e-01,-1.147877074981294987e+00
2.537977863893118857e-01,-9.554075783599441651e-01,1.509405274811004005e-01,9.117258478321339510e-01,9.222400466946610864e-01,2.860739101974938969e-01,2.600673262386977713e-01,4.396513940874331894e+00,-2.916504412760508869e-01,7.319888740071861521e-02,9.537200548309672232e-01,-1.210338859470914574e+00
2.758269771220645539e-01,-9.503645409294262381e-01,1.439677673498670485e-01,1.012221818218712377e+00,9.236971613587121599e-01,3.035064635803327859e-01,2.338105657638619161e-01,4.689454034494333179e+00,-2.659004189345367530e-01,6.849135645437827435e-02,9.615642990988582106e-01,-1.281430085732662150e+00
3.320516094869995216e-01,-9.181497680902904746e-01,2.162006752830331613e-01,1.127133508941696949e+00,8.854652743880780941e-01,3.824057762175550601e-01,2.640399026062056898e-01,4.984863663165886472e+00,-3.251045623948389252e-01,1.037633156331978362e-01,9.399681898015841419e-01,-1.380428314171524340e+00
3.579595267213670495e-01,-9.199728726589203598e-01,1.597338123288537248e-01,1.183353391030276036e+00,8.925588244818993822e-01,3.873713924763305116e-01,2.308292640252499750e-01,5.227768688776267325e+00,-2.742329704264349632e-01,5.994428965833431544e-02,9.597931860919064473e-01,-1.512805315923363203e+00
2.749470294467921128e-01,-9.562658144711201347e-01,9.979891318181226267e-02,1.250466805862220809e+00,9.321053207626922577e-01,2.905657921269604316e-01,2.162202383023164864e-01,5.551927694896907184e+00,-2.357621725473877661e-01,3.357398575560205378e-02,9.712306551361625795e-01,-1.550587922282987918e+00
1.661296722834157413e-01,-9.804865010655959834e-01,1.051054385612403413e-01,1.271223472733806314e+00,9.525219266713401689e-01,1.871370440690572068e-01,2.401701604017735525e-01,5.833144095780707694e+00,-2.551527213206306599e-01,6.021584480218711288e-02,9.650239068735223524e-01,-1.585132918959388570e+00
1.007084509495954766e-01,-9.901667751642327930e-01,9.709565009925676116e-02,1.233385368504945623e+00,9.650797631891724349e-01,1.209426648335201054e-01,2.323659237188133719e-01,6.092294807004885904e+00,-2.418240240134630070e-01,7.030383477329625597e-02,9.677698653223845149e-01,-1.668665461782242954e+00
-6.700350637136526233e-02,-9.956988548874430300e-01,6.398687763735577683e-02,1.155419973596513161e+00,9.733240568635460610e-01,-5.112431369822421912e-02,2.236662354482098214e-01,6.350235767506702267e+00,-2.194329293078658705e-01,7.726638935993622448e-02,9.725631571320441093e-01,-1.702745953050667449e+00
-4.061537039394241821e-01,-9.123703947552046500e-01,5.118038247726797163e-02,1.050872089482429050e+00,8.943560884587661297e-01,-3.853917782790502455e-01,2.271571356388503438e-01,6.502662473262976306e+00,-1.875269468983632726e-01,1.380341986941826249e-01,9.725123156946828828e-01,-1.751296376968617841e+00
-7.188200118401106842e-01,-6.944043629872080903e-01,3.317184412289614359e-02,9.266485215672192188e-01,6.869252779725532054e-01,-7.021205073733501889e-01,1.875112146196057372e-01,6.596087871115802415e+00,-1.069179735148073629e-01,1.575733917580015575e-01,9.817021814936378599e-01,-1.759427905342944687e+00
-9.496737705930875517e-01,-3.130394007694881076e-01,1.122777864889075959e-02,7.644164567230573581e-01,3.082929822569014933e-01,-9.277272513372734064e-01,2.104223947619019430e-01,6.699542733645986736e+00,-5.545418414018746245e-02,2.032940744145497747e-01,9.775460872865682216e-01,-1.786429935427525484e+00
-9.982417753365969704e-01,3.321817917410697235e-02,-4.909083972796660783e-02,5.000084124408475938e-01,-4.287470348053832453e-02,-9.765345144748899253e-01,2.110499984381594418e-01,6.681336302020400630e+00,-4.092820267610038781e-02,2.127836803226417217e-01,9.762417669891290117e-01,-1.750273955001180326e+00
-9.355509130785988336e-01,3.525712156312658663e-01,-2.092909329360659321e-02,3.533877463372154804e-01,-3.483362699865227285e-01,-9.112757930455250843e-01,2.196321288453175757e-01,6.499910940398326176e+00,5.836379056982169550e-02,2.127674009747282935e-01,9.753582424077741342e-01,-1.708513396080094227e+00
-7.666668718745479616e-01,6.417453191044759642e-01,-1.961767003471352744e-02,2.294528854446333810e-01,-6.273737509073173957e-01,-7.423033904946225725e-01,2.353462409571726588e-01,6.277898574384543018e+00,1.364700855227274356e-01,1.927397775958094583e-01,9.717135863461715539e-01,-1.663556406477120220e+00
-4.970516911073883937e-01,8.676650705259484342e-01,-9.845900491441624686e-03,1.092321195283566526e-01,-8.515396464431015389e-01,-4.855701686967417996e-01,1.977418564881388008e-01,5.984450050492204909e+00,1.667928262931126226e-01,1.066720987935398657e-01,9.802046808887101559e-01,-1.617899834466845821e+00
-1.689866821516614326e-01,9.855138296587269142e-01,-1.435244950398155243e-02,9.115798933763674672e-02,-9.603905859260010169e-01,-1.613703050060715516e-01,2.271773473015304690e-01,5.737195278891399575e+00,2.215703583968004486e-01,5.217390356910322352e-02,9.737476367448993919e-01,-1.581805866503930513e+00
5.070220313737551845e-03,9.991794009897196904e-01,-4.018479194665863785e-02,1.263248129587465352e-01,-9.753900116544708121e-01,1.379960256180932932e-02,2.200543026932850477e-01,5.430114102773683449e+00,2.204282605081800961e-01,3.808012088954265684e-02,9.746595746014999895e-01,-1.526386156235054248e+00
-5.430777069926726042e-02,9.980962309709989766e-01,-2.923319625294128199e-02,1.744421044727184067e-01,-9.602177690100177632e-01,-4.417070917261384927e-02,2.757368029999131553e-01,5.198920503277330241e+00,2.739206128043317756e-01,4.304488555769925978e-02,9.607885489056503525e-01,-1.458999200822822528e+00
-1.141971672215260775e-01,9.922958354092236144e-01,-4.804146155239947397e-02,1.710565662459899716e-01,-9.678101463066937082e-01,-1.002015848494826195e-01,2.308747779630081765e-01,4.949999299057536994e+00,2.242822500876865688e-01,7.286025956008915228e-02,9.717967147878419087e-01,-1.402202738618505196e+00
-1.455363987605018949e-01,9.880864793676176205e-01,-5.004264108469674843e-02,1.515450585409658935e-01,-9.548097300966157386e-01,-1.270261571852249471e-01,2.687056655591442134e-01,4.754871074014220156e+00,2.591477106760791127e-01,8.688765551942247145e-02,9.619215141422332582e-01,-1.356428167109810623e+00
-1.444994354117897506e-01,9.883928022146630799e-01,-4.689969824978584834e-02,1.089147677115082369e-01,-9.477961251758124650e-01,-1.246371658192818865e-01,2.935099350929242790e-01,4.453019708663618736e+00,2.842576617567066921e-01,8.686337218174017272e-02,9.548048681829326423e-01,-1.226253492889275432e+00
-3.681200723676517073e-01,9.295150316865504747e-01,-2.212279794210439063e-02,-6.211416708959066613e-02,-8.806914101216329893e-01,-3.409579143489615549e-01,3.288317818897316669e-01,4.270213250715589659e+00,2.981111411168756442e-01,1.405329374614995019e-01,9.441293560897456860e-01,-1.189583451264948577e+00
-5.924038774669618812e-01,8.041601220992481425e-01,-4.882769692943107059e-02,-1.863018376211519889e-01,-7.656645357440868827e-01,-5.431187521251393813e-01,3.446445122061623234e-01,4.103730836282428740e+00,2.506301351910865116e-01,2.415543812795658829e-01,9.374625412349791853e-01,-1.114443121013537485e+00
-6.757896207055148485e-01,7.364696447628037435e-01,-3.034552503495633810e-02,-3.251178476921868787e-01,-6.955141162595932514e-01,-6.234949426745292067e-01,3.570912636048699795e-01,3.989378343485138867e+00,2.440665946628810257e-01,2.624243106159089844e-01,9.335764449510447482e-01,-1.099336081694703759e+00
-6.592526677155835513e-01,7.497140438630588433e-01,-5.757406138519988170e-02,-4.860313319371423191e-01,-7.145187986865487728e-01,-6.007717280164842633e-01,3.585194794423572362e-01,3.858918961461870634e+00,2.341982203890951297e-01,2.774926724268348410e-01,9.317451423624355522e-01,-1.038943591613451733e+00
-7.921463716013684708e-01,6.083589433892387932e-01,-4.902572750216419722e-02,-6.369731464414009059e-01,-5.734387467211222722e-01,-7.143548939329663616e-01,4.010799038507527059e-01,3.782855683467696295e+00,2.089787781515067278e-01,3.458272422935317336e-01,9.147302273183910426e-01,-9.808738431708502459e-01
-9.215161428843604563e-01,3.882167119042727599e-01,9.786879061627392490e-03,-8.583891125195582950e-01,-3.430005299354745851e-01,-8.254859592475073393e-01,4.482449860837334210e-01,3.710112726316023846e+00,1.820951258752306900e-01,4.097080859385832108e-01,8.938571750839323649e-01,-9.654450572187985857e-01
-9.863703221075131866e-01,1.613104071618598756e-01,-3.244287605618097203e-02,-1.090211110621158053e+00,-1.576715144144454628e-01,-8.702616891132245458e-01,4.666736397141504344e-01,3.693052768535320940e+00,4.704552271765406746e-02,4.654283457236703669e-01,8.838343587964611059e-01,-9.521224974813933262e-01
-9.987253661011334938e-01,1.345596587575112989e-02,4.864750855396909185e-02,-1.320313344264049338e+00,9.025111108301377139e-03,-9.006697798256887433e-01,4.344105144655550088e-01,3.673922885127814286e+00,4.966075387708802219e-02,4.342958492676349258e-01,8.994003140055402135e-01,-9.619299061919333038e-01
-9.873726308977085475e-01,-1.551262746712436247e-01,3.211116099988233635e-02,-1.525219501490931995e+00,1.529288433459044250e-01,-8.805082719524089940e-01,4.486846909537545725e-01,3.759468838414233627e+00,-4.132864172728185209e-02,4.479297064607402068e-01,8.931130507628776138e-01,-9.156236179327227331e-01
-9.039253443288313150e-01,-4.208695389178587765e-01,7.607761228557216593e-02,-1.667826850824484897e+00,4.083916211396628748e-01,-7.965417079718675186e-01,4.457999453164817050e-01,3.879909250553828404e+00,-1.270246262065827803e-01,4.340393284857146372e-01,8.918938309377126838e-01,-9.862699335687333813e-01
-7.444638859134097286e-01,-6.646950881031287173e-01,6.288054088731120927e-02,-1.803266445443031607e+00,6.252964402289532542e-01,-6.611106750055413261e-01,4.146529117596023384e-01,3.976220101984683897e+00,-2.340467568835435941e-01,3.480130963703708669e-01,9.078044945620195039e-01,-1.067904696745807014e+00
-6.167544945839057435e-01,-7.830899627809001506e-01,7.989995996469978490e-02,-1.919181733533905199e+00,7.341160909104578192e-01,-5.355967024143092337e-01,4.173844000789515007e-01,4.167519291347428378e+00,-2.840553792430257074e-01,3.160795509910881984e-01,9.052106158062742658e-01,-1.158894620527349151e+00
-5.039929344750498919e-01,-8.595109599057295657e-01,8.504135347676931855e-02,-1.994633917106153564e+00,7.982965465697183793e-01,-4.259734456371905842e-01,4.257572634105506459e-01,4.280581229865690673e+00,-3.297176757986889362e-01,2.824668713564701394e-01,9.008322379067034147e-01,-1.222030967023309600e+00
-4.002936434156219581e-01,-9.132927583687023843e-01,7.524185372739979061e-02,-2.078907020418992779e+00,8.467477843845798713e-01,-3.372294157502860878e-01,4.114541417856014127e-01,4.487568407981288310e+00,-3.504043217211392780e-01,2.284133504504710366e-01,9.083194111407837390e-01,-1.294054110709745631e+00
-2.619793885318981719e-01,-9.597405336342577087e-01,1.013158826832417925e-01,-2.119632554550311188e+00,9.091627944481708301e-01,-2.102239566685169814e-01,3.594842155558805041e-01,4.707626635019735772e+00,-3.237125471396586907e-01,1.862900860004781389e-01,9.276347291268747242e-01,-1.399120587667180171e+00
-1.529965911823023550e-01,-9.828211731959519692e-01,1.032210472933168949e-01,-2.158464932490885779e+00,9.128508687516526665e-01,-1.005436679211995643e-01,3.957199290663848679e-01,4.868020430388844133e+00,-3.785437022405054308e-01,1.547692229052194668e-01,9.125520002363523009e-01,-1.473494192326940233e+00
-8.167294993519716440e-02,-9.917926148631560634e-01,9.837143056694425125e-02,-2.201780362025234083e+00,9.335746730999529008e-01,-4.157235137096986638e-02,3.559635786815907865e-01,5.153976331729764659e+00,-3.489525168202676775e-01,1.209096716743252309e-01,9.293078027760280913e-01,-1.582364246137471397e+00
-9.875775818030224640e-02,-9.909414465488750601e-01,9.100524551268995843e-02,-2.223803357818422644e+00,9.387955402306848995e-01,-6.244948225650010648e-02,3.387668753123184717e-01,5.403521738335780533e+00,-3.300149069999380180e-01,1.188911757765027666e-01,9.364587815170001273e-01,-1.621717003418961633e+00
-1.566197660681739254e-02,-9.945610739931409761e-01,1.029707365535395547e-01,-2.197872997214771917e+00,9.330166461824397350e-01,2.248928649445073105e-02,3.591297397034156624e-01,5.731597645478786696e+00,-3.594921980172033904e-01,1.016980928561666830e-01,9.275898110017055664e-01,-1.751472937732418300e+00
5.495164308793996921e-02,-9.930683506327161458e-01,1.039017222838653359e-01,-2.219763590523845309e+00,9.317865860624339192e-01,8.839756033515466793e-02,3.520790101112358239e-01,5.926236862530941174e+00,-3.588231806280788305e-01,7.746691099050249940e-02,9.301853593480926552e-01,-1.799409196951909262e+00
8.637932909278651927e-02,-9.932783110330354326e-01,7.705068680318001573e-02,-2.227121631889196429e+00,9.247425114730180029e-01,1.087125832797638247e-01,3.647367018977063502e-01,6.219721792564574692e+00,-3.706614344385672499e-01,3.974633401965440432e-02,9.279171999440162244e-01,-2.023462150522227887e+00
1.363894037878507839e-02,-9.993968562888332352e-01,3.193591935959206457e-02,-2.246487792932216010e+00,9.492222215866265023e-01,2.298064961145896562e-02,3.137659379052888386e-01,6.453994151988060146e+00,-3.143106001258855753e-01,2.603484940293986777e-02,9.489631358830930008e-01,-2.092741619661847796e+00
-1.313658368049908376e-01,-9.913049003556199112e-01,-7.590220778094636418e-03,-2.306551083181368256e+00,9.458276302902763888e-01,-1.276250820588092083e-01,2.985329667037854295e-01,6.687896193248426435e+00,-2.969058953608123552e-01,3.203799245299430998e-02,9.543691405004554040e-01,-2.123757793621189549e+00
-2.316009159360390701e-01,-9.727901470531051809e-01,6.351813440811179649e-03,-2.389407480776617021e+00,9.311619073562255045e-01,-2.197906040659947935e-01,2.909116578156025201e-01,6.939087075342956545e+00,-2.815999254728321910e-01,7.328997312528209851e-02,9.567288340031320226e-01,-2.250988285606275507e+00
-4.080726868845774846e-01,-9.129490516303719883e-01,-8.434133074114795155e-04,-2.538775830426777791e+00,8.873692278434466285e-01,-3.968557594917718201e-01,2.346941832145297280e-01,7.156517201683983309e+00,-2.145985454175479423e-01,9.502386692518417777e-02,9.720688910870768362e-01,-2.302313683764673602e+00
-6.101176558335092981e-01,-7.921531641521241118e-01,1.580539667336819734e-02,-2.692708197369202416e+00,7.769296118773356685e-01,-5.942427270936839756e-01,2.079806709393805242e-01,7.309909637812304517e+00,-1.553603045451321940e-01,1.391723601152229373e-01,9.780052300226232953e-01,-2.332873419643957558e+00
-8.941473422052278464e-01,-4.459409162729218723e-01,4.046269418853808142e-02,-2.925012792936513062e+00,4.413660700897135136e-01,-8.625164090933046257e-01,2.475104769870445087e-01,7.235449487566421034e+00,-7.547531120101196034e-02,2.391696954851512680e-01,9.680399445067606745e-01,-2.287772838085247784e+00
-9.888259103420997675e-01,-1.448831558715418244e-01,3.510256658453043965e-02,-3.118356702572909533e+00,1.488638801885707463e-01,-9.721853419891683945e-01,1.808181572647159785e-01,7.152321239552495769e+00,7.928695436290775569e-03,1.840231832300147918e-01,9.828899245706880228e-01,-2.267100844628541445e+00
-9.701145423249972755e-01,2.365865545058541963e-01,5.389412766351063533e-02,-3.257563634710878731e+00,-2.196475455415671796e-01,-9.506123306284000041e-01,2.192969507193559819e-01,7.034729587954426933e+00,1.031151322897272543e-01,2.009054481199815945e-01,9.741685020614160306e-01,-2.278145715878361344e+00
-8.726185222867931524e-01,4.873458479029720292e-01,3.210824027797119784e-02,-3.359108264669794952e+00,-4.578819347167801257e-01,-8.391937750458657863e-01,2.934245078112732719e-01,6.909153277742543509e+00,1.699442509237479304e-01,2.413458772301741440e-01,9.554428916068011812e-01,-2.235450705265253912e+00
-7.519598349363217915e-01,6.591508744729370761e-01,8.748218338797420987e-03,-3.366904576368279223e+00,-6.198408038398972586e-01,-7.115077529741731244e-01,3.309895698549333853e-01,6.734535342315797202e+00,2.243964895840662166e-01,2.434683596264725913e-01,9.435938603674487446e-01,-2.177990800611886435e+00
-6.060877937623713185e-01,7.953615426061448890e-01,-7.589650547678853526e-03,-3.412296076211672524e+00,-7.632879974717042826e-01,-5.789100905456270318e-01,2.868005229773655240e-01,6.533299416986497299e+00,2.237163810897604965e-01,1.796193853892933956e-01,9.579602586874234049e-01,-2.152183961779698951e+00
-5.108229847094173381e-01,8.591385786586667184e-01,3.067215272734013370e-02,-3.448435245487255330e+00,-8.158686733401184776e-01,-4.957234293418285587e-01,2.976853867152584043e-01,6.327078845766562765e+00,2.709579047652964090e-01,1.270400891921247277e-01,9.541711741523420942e-01,-2.071715754448133051e+00
-4.146764613823846757e-01,9.081959788684816903e-01,5.677584294843222856e-02,-3.538785879693760350e+00,-8.499310963103317018e-01,-4.088501433321545808e-01,3.323532635946200853e-01,6.115919731055371678e+00,3.250547090877212164e-01,8.956352083519952822e-02,9.414445346569819684e-01,-1.994902664037999207e+00
-4.008995672448273928e-01,9.151583470298969569e-01,4.200877104150854691e-02,-3.632983728452309879e+00,-8.623564280000178828e-01,-3.924523464273861895e-01,3.198789565924734513e-01,5.868277871510611199e+00,3.092263379305872917e-01,9.201280152862340023e-02,9.465266590460588159e-01,-1.928592189334474627e+00
-4.399815377760645796e-01,8.974262953832499168e-01,3.228452835192701514e-02,-3.735687013429166203e+00,-8.326296703672229071e-01,-4.211524432964917075e-01,3.596643595486846423e-01,5.672520059367975875e+00,3.363689617672544485e-01,1.313646217978472197e-01,9.325230601435706701e-01,-1.865637570994945982e+00
-5.182811140786746096e-01,8.550178293965379206e-01,-1.814381997821567713e-02,-3.835211657329429702e+00,-8.072449951947466840e-01,-4.820974753013412273e-01,3.404960235320032003e-01,5.488576901217594894e+00,2.823830811546662600e-01,1.911191662866541241e-01,9.400708801763264510e-01,-1.864990004338761498e+00
-5.397237793908777892e-01,8.418416245017771304e-01,9.598001025707879287e-04,-3.986669902242617969e+00,-7.712974714120809372e-01,-4.949525430785177149e-01,4.001527092166670685e-01,5.284311396689039597e+00,3.373402622773609139e-01,2.152316411597444690e-01,9.164479734771232566e-01,-1.783032900626795536e+00
-5.532832795443325402e-01,8.327096284122191827e-01,2.173217260774854692e-02,-4.103928118965920468e+00,-7.549375321894752355e-01,-5.122936960430142239e-01,4.094197009014747812e-01,5.149746364037453894e+00,3.520609820305775073e-01,2.101186420672181421e-01,9.120872881405022170e-01,-1.699545192463438381e+00
-6.500658747516778746e-01,7.591607051306051845e-01,3.300579144543183685e-02,-4.227080447178673595e+00,-6.907292780090793505e-01,-6.084562297453904867e-01,3.907353080860250238e-01,5.026234827543039962e+00,3.167134714286613528e-01,2.312056233520867199e-01,9.199111569852719272e-01,-1.639415627645844697e+00
-8.087474502150530098e-01,5.857945814618116254e-01,5.265235133051884148e-02,-4.365956366158264323e+00,-4.961069835174229392e-01,-7.275208417103686820e-01,4.739106305858527546e-01,4.997309777760700733e+00,3.159199624523522654e-01,3.571528149224330595e-01,8.789974084814407007e-01,-1.597615799973347572e+00
-9.562031102724871667e-01,2.917622717218115724e-01,2.346036455281185970e-02,-4.500090641048062778e+00,-2.503630417557830001e-01,-8.567753682529333226e-01,4.508373494707855755e-01,5.026173496054457956e+00,1.516375917377203453e-01,4.252184675608279285e-01,8.922977617461604893e-01,-1.590538088626404889e+00
-9.889634133099942659e-01,1.327274510916009453e-01,6.583912864682867072e-02,-4.619314939905893702e+00,-9.450775143703311898e-02,-9.073612552995296010e-01,4.095898403275874955e-01,5.033130105365636098e+00,1.141036899165104174e-01,3.988470585424812032e-01,9.098908571028998526e-01,-1.580226850178421127e+00
-9.950205274549074330e-01,8.515119283380616355e-02,5.180177894955970141e-02,-4.862493557969375324e+00,-5.791299498557505449e-02,-9.169274997691795326e-01,3.948291341565902113e-01,5.102176850267126973e+00,8.111864739478825970e-02,3.898630971585052007e-01,9.172930450618385079e-01,-1.588419242718416946e+00
-9.980569786020240253e-01,5.892299873150923240e-02,2.025704036346047746e-02,-5.029322152128603562e+00,-4.682117937995417672e-02,-9.237523814162650337e-01,3.801175015560979142e-01,5.087956881966131384e+00,4.111015233820667497e-02,3.784304665962648917e-01,9.247163550659547315e-01,-1.582442224103011830e+00
-9.985461946610837414e-01,4.936383231624988377e-02,2.164969253646262595e-02,-5.210422752378090827e+00,-3.852733081821250322e-02,-9.345191321267857232e-01,3.538214754209015878e-01,5.029617643798346194e+00,3.769803586255256189e-02,3.524729830044468493e-01,9.350623799212834930e-01,-1.566814291847921314e+00
-9.471396958034384861e-01,3.033007979863791004e-01,1.045706582851844840e-01,-5.473413641335162616e+00,-2.539738162680042488e-01,-9.079936037128161219e-01,3.332340262741483872e-01,4.869155973692091521e+00,1.960196349441496733e-01,2.890609651223064458e-01,9.370272467537563710e-01,-1.493704392196780750e+00
-7.908599105615788938e-01,6.023697461510812978e-01,1.081262724244870521e-01,-5.616204434463386796e+00,-5.369772064320730287e-01,-7.677554585217752914e-01,3.495812290189874716e-01,4.691310896043014544e+00,2.935916920468633617e-01,2.184084358075490395e-01,9.306458367870998893e-01,-1.416242024848203718e+00
-3.879272909464542285e-01,9.051990642616188909e-01,1.735715155169064716e-01,-5.735078111576493498e+00,-8.303618563279344666e-01,-4.249659714495615526e-01,3.604207411700352526e-01,4.488673833176907380e+00,4.000145053552103258e-01,-4.310124107266511892e-03,9.164986733954437748e-01,-1.329497056791206999e+00
1.566362145850396653e-02,9.932271793282824168e-01,1.151278472238126127e-01,-5.662824188292744587e+00,-9.251877980754702469e-01,-2.926843301724300905e-02,3.783793032407803403e-01,4.274154658287748099e+00,3.791862197589310757e-01,-1.124416696438646918e-01,9.184632173759782470e-01,-1.257834219557315114e+00
3.670015078314383117e-01,9.277489209397872250e-01,6.776306475147163277e-02,-5.493809514103558556e+00,-8.804364378892269860e-01,3.229256053821006889e-01,3.472041650463506546e-01,4.117892086408906138e+00,3.002358607601364748e-01,-1.870855234476093698e-01,9.353381393004114308e-01,-1.230005704799675526e+00
4.653576790006214159e-01,8.831109332118989297e-01,5.964319103438749103e-02,-5.371348903908764960e+00,-8.382807263629735717e-01,4.180981099913196886e-01,3.499705619477905261e-01,3.993783512740686881e+00,2.841261241130776938e-01,-2.128592259294793398e-01,9.348600406120612938e-01,-1.180568205319267872e+00
6.393310230413983275e-01,7.640445800189895609e-01,8.655473828997291286e-02,-5.134642059159617133e+00,-7.444099399937594841e-01,5.868079658429575796e-01,3.186067363721900580e-01,3.920829293114104885e+00,1.926387401727025495e-01,-2.681273782493281410e-01,9.439269170957134136e-01,-1.173501032900704066e+00
7.334340682873448092e-01,6.741543724438112672e-01,8.712261239406286772e-02,-4.956367313435903199e+00,-6.586643640909419783e-01,6.731285082580517054e-01,3.362428688418022116e-01,3.804755527582621255e+00,1.680348861163921126e-01,-3.039965353177286889e-01,9.377368413167258554e-01,-1.157364696777609225e+00
8.707213009956878969e-01,4.870657742364131182e-01,6.790690362445322981e-02,-4.679085338227928048e+00,-4.745644440985284929e-01,7.959836634967373259e-01,3.757640161640916077e-01,3.700939216921043329e+00,1.289690055394352719e-01,-3.594119349907541339e-01,9.242240294411162571e-01,-1.145678025954542933e+00
9.092981911495582326e-01,4.094324739952668879e-01,7.444359482358030300e-02,-4.474492434023486176e+00,-4.087459380361276873e-01,8.451399796714229584e-01,3.444781167214446271e-01,3.646378700570040543e+00,7.812526935062309719e-02,-3.436618454223623331e-01,9.358381154290474901e-01,-1.151420993947550375e+00
9.055549623968623951e-01,4.138734559028915960e-01,9.316100352301524834e-02,-4.212136994344303886e+00,-4.204769203200651728e-01,8.464946014062967317e-01,3.265670670293454592e-01,3.529040795586638080e+00,5.629715407168105895e-02,-3.348964799590973263e-01,9.405716230858964799e-01,-1.126284504847754997e+00
8.975957208530054299e-01,4.245786773274725090e-01,1.185532313571768526e-01,-3.927956689340659224e+00,-4.391327411945279424e-01,8.377127227917544605e-01,3.246533993104117055e-01,3.471064626573463485e+00,3.852736063310096409e-02,-3.434681074447543114e-01,9.383737537095589998e-01,-1.129848861515647895e+00
9.303314584943264132e-01,3.437477094283962753e-01,1.277532371353101714e-01,-3.705747739583995504e+00,-3.667196928516141541e-01,8.718537894138106426e-01,3.246346203959108445e-01,3.421000498615960783e+00,2.102632559499208740e-04,-3.488674277537406887e-01,9.371720619191835633e-01,-1.158138603811031730e+00
9.736805748361685442e-01,2.087031830106667873e-01,9.159213715120480270e-02,-3.370752178363620732e+00,-2.278485648429999511e-01,9.011741646397615213e-01,3.687413137754080861e-01,3.359744283032476186e+00,-5.582981792344830253e-03,-3.799053913634891644e-01,9.250084993810936407e-01,-1.140087417500778022e+00
9.805930129751111446e-01,1.578942194528167031e-01,1.162185801314908062e-01,-3.113522552126521070e+00,-1.887870916153892575e-01,9.203567549175467599e-01,3.424950769238093717e-01,3.322217032335441633e+00,-5.288456243362656128e-02,-3.577888471445554996e-01,9.323037937899726346e-01,-1.129191774754969346e+00
9.776573387811680060e-01,1.843873740150077656e-01,1.009327708485937697e-01,-2.802470036594555403e+00,-2.091623491142019231e-01,9.010914320037380909e-01,3.798491054122439259e-01,3.257545835289628045e+00,-2.091027595115106663e-02,-3.924736009890396060e-01,9.195255477072645789e-01,-1.159774813811488947e+00
9.748045890139398484e-01,1.611935683897631755e-01,1.541838083170182505e-01,-2.537341705643322509e+00,-2.045967494199155134e-01,9.214884075256427609e-01,3.301503974292014920e-01,3.209618879919724499e+00,-8.886047132537674975e-02,-3.533776284736074302e-01,9.312508084990868129e-01,-1.217572912629236503e+00
9.824404740439607320e-01,1.626026435117490787e-01,9.149368985492493944e-02,-2.223081282775887679e+00,-1.847604273341143521e-01,9.161214652097855460e-01,3.557879220451301006e-01,3.167676142413800022e+00,-2.596727655325338155e-02,-3.664448680291047533e-01,9.300773404634373742e-01,-1.317390068998597341e+00
9.914945563482441271e-01,1.051533526711699723e-01,7.668974607997849913e-02,-1.966659159872075513e+00,-1.266674320516810448e-01,9.150200108076178562e-01,3.830061898704252843e-01,3.149305260264628092e+00,-2.989826732824961072e-02,-3.894626455048555980e-01,9.205568648199466963e-01,-1.337947852839708851e+00
9.918015625338711949e-01,7.526921845977700698e-02,1.032676392091274320e-01,-1.764792343802249253e+00,-1.068573924757468541e-01,9.316845505923516679e-01,3.471964801964626535e-01,3.170365080319430096e+00,-7.007965631091597758e-02,-3.553849222181260092e-01,9.320892654844611380e-01,-1.360959342856546073e+00
9.650259481708984843e-01,2.343761745853654432e-01,1.174424460899419764e-01,-1.538541997785541682e+00,-2.598720109793283828e-01,9.142452881771679918e-01,3.108409415688471733e-01,3.138239067779563296e+00,-3.451749218031108929e-02,-3.304895790075367823e-01,9.431782338990891690e-01,-1.341198481018957667e+00
9.246149006447431651e-01,3.638789481877212628e-01,1.126028266586134030e-01,-1.338307450168853663e+00,-3.807191636886034236e-01,8.736730942048430704e-01,3.028997241048372313e-01,3.091011224006395164e+00,1.184077303057676916e-02,-3.229356523029549009e-01,9.463468500321143839e-01,-1.338841878730768542e+00
9.247654025203864148e-01,3.758445376183587316e-01,5.958048207047448447e-02,-1.039813937135588562e+00,-3.683007410101441503e-01,8.446034928808558995e-01,3.885865463250592899e-01,2.970776835853532027e+00,9.572624756400889556e-02,-3.812949296225981999e-01,9.194839107735457429e-01,-1.348234518576746144e+00
9.075103688688039849e-01,4.083296420540619698e-01,9.844711176875238501e-02,-8.262730616290225871e-01,-4.154516564018025382e-01,8.381053171034558158e-01,3.535242546642522465e-01,2.905324260064148678e+00,6.184538453761359578e-02,-3.617269424067267036e-01,9.302304916247785549e-01,-1.323670551169696674e+00
8.926695203300245574e-01,4.356530871250390846e-01,1.155314465943685365e-01,-6.505896555867759501e-01,-4.478092352331097259e-01,8.282438190672430922e-01,3.368665388797855709e-01,2.799740248359193551e+00,5.106874106242258182e-02,-3.524465404218533604e-01,9.344374884554708105e-01,-1.316312146080127476e+00
8.594093240738986950e-01,4.964877645762173497e-01,1.221290846643652422e-01,-4.369381094971771518e-01,-5.085476150278196439e-01,8.053598457777485509e-01,3.045896289409056878e-01,2.709341994177205226e+00,5.286716319569906980e-02,-3.238756218596176017e-01,9.446214292618431152e-01,-1.305913189145952780e+00
8.376951218447765690e-01,5.285132876022552439e-01,1.376248075941304827e-01,-1.552162212493393700e-01,-5.431720405792391793e-01,7.800306623833646036e-01,3.106707261309885060e-01,2.557307010084585386e+00,5.684203700123599545e-02,-3.350012993551332863e-01,9.405015216680536749e-01,-1.320982990700838355e+00
8.794907631836947903e-01,4.614424729498417532e-01,1.164767858094364200e-01,1.509151261192723248e-01,-4.701319837133491331e-01,8.043394285560679924e-01,3.633373109933109024e-01,2.403166640260861797e+00,7.397239596168952991e-02,-3.743112713077643150e-01,9.243479630570158312e-01,-1.319992867473573472e+00
9.050489698024990481e-01,4.062695380931431455e-01,1.258229894614652511e-01,3.704556226020730425e-01,-4.234037167513537425e-01,8.327076159082676954e-01,3.568295378041299037e-01,2.337978965245194551e+00,4.019520992076582033e-02,-3.762221269754810193e-01,9.256572023559653806e-01,-1.305245032795296023e+00
9.334353327736135686e-01,3.402758218114017019e-01,1.136258976659344083e-01,6.370072190605773343e-01,-3.581040788140402720e-01,8.648595660425183462e-01,3.518229665065871759e-01,2.240651151097487137e+00,2.144640451360254468e-02,-3.690938852315544527e-01,9.291446365438037480e-01,-1.361704762032207805e+00
9.480136310224663854e-01,2.865482177389084839e-01,1.384206426305510107e-01,9.723668160736842481e-01,-3.176358858162471321e-01,8.786012031539454092e-01,3.566053418811448994e-01,2.241095657390145934e+00,-1.943191800432826979e-02,-3.820340884359619271e-01,9.239439137932446977e-01,-1.384317573818507396e+00
9.869626399090083435e-01,1.175514928326284042e-01,1.099381369528439900e-01,1.264642839312761557e+00,-1.518907250785397067e-01,9.061947409421358124e-01,3.946394545961308120e-01,2.222918278695051431e+00,-5.323490451721418770e-02,-4.061929812560002850e-01,9.122353352723231446e-01,-1.469998555687983988e+00
9.873176884620212812e-01,-1.531796611974740874e-01,4.171059152588063590e-02,1.538885675513320006e+00,1.230621377906423314e-01,9.044275650007520539e-01,4.084929496444317243e-01,2.296570478967471018e+00,-1.002970203565843460e-01,-3.981793202342864824e-01,9.118079494308845012e-01,-1.571859210611554092e+00
9.207782543553133525e-01,-3.865829953322727497e-01,5.216314816334144400e-02,1.784624572593195291e+00,3.395917178333335840e-01,8.601897815263057634e-01,3.804615682782331865e-01,2.406056727515935023e+00,-1.919501796961627094e-01,-3.326065655961329415e-01,9.233244289181122832e-01,-1.616720952423306379e+00
8.643625491904104452e-01,-5.011862741799862908e-01,4.110598655475746627e-02,1.963561423616049462e+00,4.546220195188558910e-01,8.137553109658579586e-01,3.621064943403494718e-01,2.574380766687698774e+00,-2.149330196262414228e-01,-2.943036059045889830e-01,9.312299311265205271e-01,-1.687992272864929921e+00
7.971303046423161565e-01,-6.037156600475579449e-01,1.052041986760588431e-02,2.147419274285036206e+00,5.627100273281492315e-01,7.490801192816018972e-01,3.496232258323460074e-01,2.746371550076158297e+00,-2.189536539206502763e-01,-2.727753227665634661e-01,9.368313192482387031e-01,-1.738387374962336640e+00
7.037339107554083650e-01,-7.104441520757599493e-01,5.262094094043716537e-03,2.263177548670433747e+00,6.706345407668128367e-01,6.667089131083194786e-01,3.251900027866946319e-01,2.972721224682070673e+00,-2.345376208274212171e-01,-2.253182903434122475e-01,9.456340584250002568e-01,-1.842873600212925345e+00
5.397599841321000236e-01,-8.403718720235382467e-01,-4.933838507055534478e-02,2.393261194407579229e+00,8.069409645128722275e-01,4.998118044545890037e-01,3.146973783158740767e-01,3.179269576933996255e+00,-2.398029176652214933e-01,-2.096742159625312463e-01,9.479089006016068186e-01,-1.917968069393752195e+00
4.615491223073103222e-01,-8.871071122807022702e-01,3.657736779267430505e-03,2.500381319547009262e+00,8.338968768447443392e-01,4.352638314553729515e-01,3.393543808695727027e-01,3.410791634961579888e+00,-3.026357653780117896e-01,-1.535785413649408404e-01,9.406514897379816276e-01,-1.978102606649329909e+00
5.076482323839288657e-01,-8.613065604460194979e-01,2.107797642377593969e-02,2.565427650103360602e+00,8.167802814128397593e-01,4.889015691328277291e-01,3.063416843895426789e-01,3.597472222413323539e+00,-2.741591582505262248e-01,-1.382977390708419740e-01,9.516882322038338060e-01,-2.030395629917190359e+00
5.330355298224953575e-01,-8.429924238883470533e-01,7.236640942939166765e-02,2.720698623236485147e+00,7.852713852126242955e-01,5.247476982932912648e-01,3.286163488053204240e-01,3.874515435116260509e+00,-3.149951991905591275e-01,-1.183369190182957803e-01,9.416869958134492791e-01,-2.108878264679268533e+00
5.461346065128467320e-01,-8.376665218281208469e-01,7.196511476934969870e-03,2.843367675901518954e+00,7.887777664075045214e-01,5.171153479048555823e-01,3.322970842219795107e-01,4.068956901248532709e+00,-2.820755692899485911e-01,-1.758024890882345093e-01,9.431473151317002479e-01,-2.269947057991716033e+00
4.641965506075441117e-01,-8.856764906143083094e-01,9.935611565566026745e-03,2.935240184715340650e+00,8.364274944618349528e-01,4.420196156938327459e-01,3.240489250872071736e-01,4.314927033235141707e+00,-2.913942499644716633e-01,-1.421119745658317446e-01,9.459881488542261074e-01,-2.383496824673833281e+00
4.848323923747142050e-01,-8.743858211811172954e-01,1.967198570646616976e-02,3.051885224247928630e+00,8.239897134160936165e-01,4.641982414092115095e-01,3.249014386811177602e-01,4.564882558220802800e+00,-2.932209124340847683e-01,-1.413132279371564215e-01,9.455432661286875540e-01,-2.477968985987110795e+00
5.691803763066292099e-01,-8.221661911386103361e-01,8.743762123662538951e-03,3.150019644991889578e+00,7.800683413850556525e-01,5.433362355006018385e-01,3.102887654440674159e-01,4.882064894255866427e+00,-2.598597352346345146e-01,-1.697895442619029582e-01,9.506021400476242222e-01,-2.600350957405289876e+00
5.780170382500439130e-01,-8.158246982948136328e-01,1.806557900606782854e-02,3.256396962828923325e+00,7.664470994664430714e-01,5.503655366589534914e-01,3.311444092500717695e-01,5.102029138319908341e+00,-2.800984598531837677e-01,-1.775608000384045482e-01,9.434071311356503342e-01,-2.657438541309600666e+00
4.734012247716638533e-01,-8.773312579288414792e-01,-7.862025340639691717e-02,3.434417705399443133e+00,8.437511011410591122e-01,4.260251362733734615e-01,3.264761286625782466e-01,5.394656904841106382e+00,-2.529335084719711579e-01,-2.208901245512125133e-01,9.419300362382607705e-01,-2.760777464812618653e+00
2.437198046058016709e-01,-9.670915612710878628e-01,-7.303813360950829614e-02,3.482808271141580647e+00,9.326389198334714692e-01,2.130449675794677811e-01,2.911983636645639750e-01,5.667626304827375172e+00,-2.660550733490471553e-01,-1.390890143300813064e-01,9.538705069546503656e-01,-2.824201753341229360e+00
6.901615283617125278e-03,-9.954242140123368277e-01,-9.530478405829925781e-02,3.430806713805498731e+00,9.629906375487207182e-01,-1.906466628989129594e-02,2.688597598986579018e-01,5.926886829323012584e+00,-2.694464690805693508e-01,-9.363318138981086003e-02,9.584526214909313557e-01,-2.915349502602362808e+00
-2.722024385099772736e-01,-9.599780408888695105e-01,-6.593931665092193917e-02,3.346532951196672379e+00,9.324371487861675689e-01,-2.800745031357148029e-01,2.282963781070676823e-01,6.113245445217333263e+00,-2.376274311453635268e-01,6.585624128459534017e-04,9.713561500617606814e-01,-2.974134230361102915e+00
-6.875117821052424416e-01,-7.245071953521614594e-01,-4.916170612803367340e-02,3.167764945572333346e+00,7.074028573940769338e-01,-6.834972123266164212e-01,1.800354356576493453e-01,6.267191908135387735e+00,-1.640388576440597324e-01,8.899935182174577297e-02,9.824308467053255445e-01,-3.029970195206908912e+00
-9.445098647044584128e-01,-3.246835374089609427e-01,-4.981682458336778724e-02,2.988054221641847974e+00,3.089108355765575187e-01,-9.295257341823727204e-01,2.013852158330250719e-01,6.308261122377244234e+00,-1.116924847040231816e-01,1.748213660521103496e-01,9.782444882708603018e-01,-3.053809995332175120e+00
-9.849412309308707147e-01,1.693660819963433706e-01,-3.472609798968903649e-02,2.887040277367199703e+00,-1.727739419093596851e-01,-9.568820291916093623e-01,2.335079167978021397e-01,6.184922140850862782e+00,6.319541872891800208e-03,2.359913398397404660e-01,9.717346092998657703e-01,-3.014862537497706718e+00
-9.241782055912979299e-01,3.799293949838171702e-01,-3.934843246280153584e-02,2.739709817362764976e+00,-3.781011917342343431e-01,-8.953612516927486054e-01,2.353034589128390197e-01,6.065259445327284560e+00,5.416763904031320076e-02,2.323400176345530865e-01,9.711251119636314932e-01,-2.990428687584529399e+00
-8.194164267074599550e-01,5.667976882342714573e-01,-8.542306628928618417e-02,2.651561117920752331e+00,-5.676414317059090830e-01,-7.817085125331331152e-01,2.582924823607957165e-01,5.875892194527347456e+00,7.962364380537366448e-02,2.601387745906424964e-01,9.622826473036057982e-01,-2.962392902723500754e+00
-6.917188243653676905e-01,7.204653631661522839e-01,-4.954521668595308903e-02,2.580174808635774752e+00,-7.120556009534376729e-01,-6.689864766697599663e-01,2.131523285911256504e-01,5.693569343997015864e+00,1.204237898815413293e-01,1.827204271854789008e-01,9.757619362937480778e-01,-2.929220662025667998e+00
-5.650375948312645891e-01,8.250391299190901195e-01,-6.553665359992179480e-03,2.494558444501031147e+00,-8.021637353348354260e-01,-5.474779505482187947e-01,2.383300975059295668e-01,5.448007754151140247e+00,1.930436689999572297e-01,1.399225777559572337e-01,9.711620946542163235e-01,-2.898008588183058176e+00
-4.428497724739950403e-01,8.965927259866078858e-01,-2.358543540969398455e-03,2.351986254101367191e+00,-8.659683177550232536e-01,-4.270389674632630861e-01,2.602625461191929168e-01,5.239965109211518701e+00,2.323423156987702853e-01,1.172996333149125686e-01,9.655350042126500387e-01,-2.812613278860575328e+00
-3.869837712115389294e-01,9.220856494887478272e-01,1.271151371610485317e-03,2.296916804624321351e+00,-8.923944370056453579e-01,-3.748691759236815191e-01,2.512076227817877649e-01,5.021903425861986570e+00,2.321114594764196459e-01,9.607890480856470794e-02,9.679323914564049725e-01,-2.778975134340370801e+00
-4.067068374726071633e-01,9.131064508996474816e-01,2.874295876349534581e-02,2.206133058666631008e+00,-8.701318658410344131e-01,-3.967669923014605082e-01,2.923123156284261892e-01,4.841549846339693097e+00,2.783165183761674433e-01,9.387525310485973773e-02,9.558908684852414073e-01,-2.706366374725055923e+00
-4.152449070778330142e-01,9.097011364870165595e-01,3.938200115829316832e-03,2.124794327130147931e+00,-8.740499332485526240e-01,-4.001641630900788504e-01,2.755092680230872837e-01,4.597066605808181272e+00,2.522070207867413982e-01,1.109616368509687145e-01,9.612903483408289373e-01,-2.673155761177573364e+00
-3.713182126280469286e-01,9.278365643018245956e-01,3.524336696881795461e-02,2.022997265956528512e+00,-8.828790214946703463e-01,-3.645695498061427564e-01,2.959960755799979637e-01,4.304119171620996553e+00,2.874846402424439673e-01,7.879310438567359298e-02,9.545387516104013592e-01,-2.625406255952084322e+00
-3.176739460285880057e-01,9.477399304866093166e-01,2.953452515045566773e-02,1.917248191098467114e+00,-9.051745333849118280e-01,-3.123883362793083984e-01,2.882231626154517778e-01,4.129567925644044735e+00,2.823868412763499425e-01,6.482708938308132107e-02,9.571076848276196536e-01,-2.568638416535534041e+00
-4.001925494831394814e-01,9.161684175799245100e-01,2.193978047479094515e-02,1.809954703113127561e+00,-8.640222790187158663e-01,-3.851781711532620278e-01,3.241963568986134248e-01,3.848928002797308512e+00,3.054691878037639752e-01,1.107845074734028074e-01,9.457353584414547321e-01,-2.506050817808376685e+00
-4.730297888227514846e-01,8.810449642766969847e-01,1.609288344819924735e-03,1.725846688437173926e+00,-8.303704162432010705e-01,-4.464318654528755537e-01,3.334419909614853572e-01,3.693611791741274963e+00,2.944958246128429602e-01,1.563916891364059703e-01,9.427692447543385423e-01,-2.469387727296215473e+00
-5.572610669438915476e-01,8.303108415541291532e-01,-6.633978160143849147e-03,1.562071282346704448e+00,-7.794422221702259623e-01,-5.203331859806852311e-01,3.488885178184152336e-01,3.483058969126283877e+00,2.862340398465880731e-01,1.995927903629345634e-01,9.371407538188923914e-01,-2.416973068498906585e+00
-6.305421794255294810e-01,7.757050577986657203e-01,2.642391475296167191e-02,1.397162155081846269e+00,-7.078411269776887504e-01,-5.886771634989487190e-01,3.904102152016367677e-01,3.324983754241606526e+00,3.183983337334875263e-01,2.274661743653316193e-01,9.202617239651672554e-01,-2.350682657515829721e+00
-7.230896843752561143e-01,6.903454163885069939e-01,2.375951223134101925e-02,1.273749408363900271e+00,-6.361623750077325390e-01,-6.789504890741570042e-01,3.665019317963889578e-01,3.208779526268379367e+00,2.691444611628034944e-01,2.498988584554578118e-01,9.301138745164732047e-01,-2.290157134340985667e+00
-8.345714528724629266e-01,5.464212655387208351e-01,7.010200152213140468e-02,1.085308342248166635e+00,-4.820401790588176860e-01,-7.859214158123517535e-01,3.872528811260831372e-01,3.133445283755311284e+00,2.666978736759840762e-01,2.893982182643332068e-01,9.193045825199287480e-01,-2.249945006154809857e+00
-9.280397580167151217e-01,3.701487233789132469e-01,4.161886737091225613e-02,8.958923338194424435e-01,-3.248100400178104974e-01,-8.588903501626089509e-01,3.959871264336507490e-01,3.071720582197110527e+00,1.823201728934747412e-01,3.539735710169782945e-01,9.173124143810460485e-01,-2.190851016081794000e+00
-9.746813816358640414e-01,2.000318589831583393e-01,9.991726419465740694e-02,7.026574021534819359e-01,-1.453192568786111361e-01,-9.063113621447180801e-01,3.968400539608301081e-01,3.081861156030000437e+00,1.699368055267958533e-01,3.722727095008819820e-01,9.124332917469759607e-01,-2.199042715028208139e+00
-9.926991891078460473e-01,3.332322119566298591e-02,1.159218826355475629e-01,4.622066239169702051e-01,1.776883779009704248e-02,-9.101900726238977279e-01,4.138094973541492916e-01,3.115883780068847919e+00,1.193004121879468193e-01,4.128481495974639093e-01,9.029528321156861104e-01,-2.190140781437363238e+00
-9.858044038057152125e-01,-8.809880439214910763e-02,1.429275274463667755e-01,2.648561211684152816e-01,1.422382466911766563e-01,-8.905148370926915247e-01,4.321476670028404632e-01,3.162739714419183112e+00,8.920739103615595023e-02,4.463428341336430627e-01,8.904044675326332481e-01,-2.185831642670303054e+00
-9.418337868269034407e-01,-3.091036110567388917e-01,1.319245072872327340e-01,3.832624598023653961e-02,3.352421841802873392e-01,-8.363962191267004798e-01,4.336519832499231009e-01,3.248062615430343580e+00,-2.370223485927334603e-02,4.526547495191530768e-01,8.913707880564805119e-01,-2.220305941449985276e+00
-9.080921179747416527e-01,-3.948727677402695257e-01,1.394424704646578805e-01,-1.054928236803466812e-01,4.146621817618739714e-01,-8.013429197605492771e-01,4.311667890342681941e-01,3.332039943892464606e+00,-5.851478692287332556e-02,4.493606816876388188e-01,8.914319926189511190e-01,-2.238231679601057511e+00
-8.365206859562208663e-01,-5.151242035109711015e-01,1.867624076855973203e-01,-2.326553460372423610e-01,5.441328469363129194e-01,-7.408853150400049881e-01,3.937110550175804136e-01,3.467788205094910925e+00,-6.444056837362172052e-02,4.309710024064990486e-01,9.000618913343817473e-01,-2.281094169377538616e+00
-7.080622479922148438e-01,-6.734368280098240733e-01,2.124398541900218429e-01,-3.117388438049762400e-01,6.955648918194982100e-01,-6.132440318475212981e-01,3.743277156069618750e-01,3.598372630994169263e+00,-1.218085967259276564e-01,4.128130279962892168e-01,9.026339621796852786e-01,-2.302554637092962153e+00
-4.256852023535967477e-01,-8.842117380280143379e-01,1.922542868979922326e-01,-3.226577862282151155e-01,8.751930272715361392e-01,-3.483547366549802349e-01,3.356875667422372089e-01,3.739559129939229454e+00,-2.298461953404079827e-01,3.111568411324405758e-01,9.221454043175741910e-01,-2.350051612705934101e+00
-1.910720834636790433e-01,-9.643635702841679702e-01,1.830146530462013754e-01,-3.360672921473547570e-01,9.240572399470564635e-01,-1.138341316065362985e-01,3.649109587047424941e-01,3.898333625148172388e+00,-3.310735208715387956e-01,2.388403123221851387e-01,9.128776637576175856e-01,-2.409240999391997207e+00
3.047699129867577350e-02,-9.818610776973525356e-01,1.871362527795553399e-01,-3.036614295068326141e-01,9.419765154756140069e-01,9.083045829360299195e-02,3.231564205436660564e-01,4.092903520501478987e+00,-3.342923829431380667e-01,1.664291198954290230e-01,9.276583157375528632e-01,-2.526539848651996323e+00
7.776285049774357694e-02,-9.799916647559892002e-01,1.832192022994590386e-01,-3.166617998114414911e-01,9.401709712717293277e-01,1.332288311343639842e-01,3.135739519356549598e-01,4.299070992536283775e+00,-3.317099393452652700e-01,1.478729710371552153e-01,9.317199689693288489e-01,-2.593141755858662023e+00
1.058751924506237535e-01,-9.700308088758223812e-01,2.187022484001045763e-01,-3.206950170400337807e-01,9.194944471532008334e-01,1.792388905006675470e-01,3.498619467540297068e-01,4.597520938470691654e+00,-3.785768155579181671e-01,1.640538020400836849e-01,9.109148943552416444e-01,-2.725901091135300103e+00
1.889977734815516675e-01,-9.482727587996437890e-01,2.550659062625355022e-01,-3.071277122847287377e-01,9.084887786856722380e-01,2.674446601944125423e-01,3.211253536171054801e-01,4.816371695575933032e+00,-3.727304396225682437e-01,1.710325368226964793e-01,9.120416058090562439e-01,-2.799043169431468137e+00
3.346502477431803624e-01,-9.022929194774114148e-01,2.718026842147765465e-01,-2.331722315822748470e-01,8.429892128011743369e-01,4.155542660847529879e-01,3.415901623870615245e-01,5.045226736801983414e+00,-4.211631498437229948e-01,1.148134983339974963e-01,8.996885360023350042e-01,-2.897436017313394174e+00
3.639113845269603686e-01,-9.034592677867583355e-01,2.265609314552825271e-01,-1.471764110801648540e-01,8.653900464099411050e-01,4.179134797951854496e-01,2.764930215757337995e-01,5.233177288680069594e+00,-3.444830500710772681e-01,9.544461669309860230e-02,9.339281307242206509e-01,-3.046000513396030396e+00
2.902026339508440023e-01,-9.235654585735205702e-01,2.506177866350970951e-01,-5.282526509596001396e-02,8.815077177728563029e-01,3.599193700117769290e-01,3.056177197042344584e-01,5.577834811722394370e+00,-3.724601653262858414e-01,1.322304458897697321e-01,9.185796287883322142e-01,-3.142585322820553806e+00
2.765890008772901587e-01,-9.145719473062549065e-01,2.950536862914055480e-01,6.737465360438017747e-03,8.736822091369361720e-01,3.671843455582842197e-01,3.191473857241155510e-01,5.816386278264396026e+00,-4.002223407448746717e-01,1.695104999030397630e-01,9.006043906129465038e-01,-3.251504059125059243e+00
2.790660080825497769e-01,-9.218886390526911390e-01,2.687815103731044375e-01,4.961207365730736785e-02,8.795101562812597251e-01,3.577354261666464974e-01,3.138267832156489967e-01,6.059492187948445796e+00,-3.854660142359968011e-01,1.488176805723834817e-01,9.106422183371865042e-01,-3.346547672879587321e+00
1.784884332100363236e-01,-9.486376592752612247e-01,2.612058012659361772e-01,-1.083875191317748565e-02,9.057518472449205271e-01,2.621180914446840649e-01,3.330280729154981856e-01,6.232664010411212985e+00,-3.843897376656166265e-01,1.771459780580666443e-01,9.060153597126325842e-01,-3.390325431745019547e+00
-1.690576176304621203e-01,-9.616578815028161697e-01,2.159482365397501491e-01,-1.151989743950812689e-01,9.454457313447903744e-01,-9.632175213986729490e-02,3.112145387777065508e-01,6.512120770958746085e+00,-2.784814015388227815e-01,2.567805269256645539e-01,9.254792650236700613e-01,-3.480248260451993758e+00
-4.615693144437900131e-01,-8.597793034032765735e-01,2.184795583190014545e-01,-2.385499869313427168e-01,8.650178218967727872e-01,-3.815999632524014196e-01,3.257692985023740717e-01,6.722099937424957261e+00,-1.967179091106139310e-01,3.393538234426475286e-01,9.198592537720138296e-01,-3.525560301100749250e+00
-7.105861314288436370e-01,-6.550195147988864264e-01,2.569373173628567431e-01,-5.414655545934414782e-01,7.028300610370259438e-01,-6.435885662069832369e-01,3.030241949916374078e-01,6.933679845001311293e+00,-3.312484148911609694e-02,3.959080608932744050e-01,9.176925150594014147e-01,-3.535937058814668799e+00
-8.740095993328027557e-01,-3.983499413896016139e-01,2.782526630043531402e-01,-7.697443168972040173e-01,4.724461214714558710e-01,-8.305267625252376051e-01,2.949914558693623179e-01,6.980056926982680210e+00,1.135864542130377158e-01,3.892847555764931688e-01,9.140872477477524072e-01,-3.488300902927112368e+00
-9.686748223779813038e-01,5.526511703844456252e-02,2.421050501945655187e-01,-9.368486665241415601e-01,2.523766911636447785e-02,-9.479663329786496284e-01,3.173686997745446825e-01,6.933643993910208358e+00,2.470468549659337876e-01,3.135372360306499795e-01,9.168763564809068178e-01,-3.435061552252963057e+00
-8.328474988491231246e-01,5.099769013734595235e-01,2.151478647960144708e-01,-1.043043106008503695e+00,-4.271592999924201939e-01,-8.393890533463563841e-01,3.360966372225309695e-01,6.784241982469573884e+00,3.519942841734032823e-01,1.880148323612571837e-01,9.169244498438370305e-01,-3.363774385663314437e+00
-4.980817910261947090e-01,8.507778144511378704e-01,1.676056081576116907e-01,-1.098076419373286372e+00,-7.669576301931128048e-01,-5.224192738240222011e-01,3.726313135335598825e-01,6.464320088116995322e+00,4.045868546266728760e-01,5.705447199760186466e-02,9.127180639651938376e-01,-3.245808222727271097e+00
-3.653402415591913144e-01,9.200932884198845807e-01,1.412616313871333795e-01,-1.109005009715515966e+00,-8.276541551039009459e-01,-3.905217937468825617e-01,4.030897271674949711e-01,6.264199730988412540e+00,4.260458982747297729e-01,3.034912211908461985e-02,9.041923597055445683e-01,-3.190449185433757329e+00
-2.645351039175568575e-01,9.573811737123233412e-01,1.159416535009786392e-01,-1.016163566207606950e+00,-8.651450795888907530e-01,-2.887117071634567878e-01,4.100847978283204687e-01,6.035721316747920007e+00,4.260811777800808109e-01,8.175473562753240650e-03,9.046479931849543688e-01,-3.090419692884939451e+00
-1.074856719880434575e-01,9.821654169829964198e-01,1.542657577036939398e-01,-1.019428588443597405e+00,-9.036171848087608538e-01,-1.612204068311314520e-01,3.968424923562170470e-01,5.744601138869684043e+00,4.146357601987187280e-01,-9.674230772428457636e-02,9.048304328771284988e-01,-2.997309134847791601e+00
-2.745511638211612163e-02,9.852409111930914287e-01,1.689572830506300694e-01,-1.019208612562522820e+00,-8.934195118227689081e-01,-9.999995369220521235e-02,4.379515785516957527e-01,5.478951504544850692e+00,4.483835327917502500e-01,-1.389257217831273150e-01,8.829789642727781107e-01,-2.909066257314216308e+00
4.094503047659409090e-02,9.902787397768106903e-01,1.329342770895519943e-01,-1.017568787150146870e+00,-9.061187715316922908e-01,-1.926216961385666601e-02,4.225845959091077408e-01,5.271255890135915223e+00,4.210371436787592736e-01,-1.377569830092763847e-01,8.965214650386320594e-01,-2.777315296129649003e+00
-1.698911846124023795e-02,9.947537913519182151e-01,1.008774724350970098e-01,-9.880380150930915262e-01,-8.944065108403248532e-01,-6.021822939240316364e-02,4.431825337434678880e-01,5.027256761621806902e+00,4.469321684778874704e-01,-8.269618757734602255e-02,8.907373223009279473e-01,-2.685928897201441679e+00
-1.488830508967715072e-01,9.819318147514479733e-01,1.168064567333371995e-01,-1.008305894962217897e+00,-8.909555581599464258e-01,-1.844487394255321377e-01,4.149419910158897995e-01,4.871138507946328744e+00,4.289895459560395530e-01,-4.229153228790977215e-02,9.023188991466227771e-01,-2.574259253543584425e+00
-1.819240656639327380e-01,9.763259524096160602e-01,1.170096961100270533e-01,-1.039211784895678115e+00,-8.676511460714758650e-01,-2.153775772561458968e-01,4.481004217093840225e-01,4.747777046817213353e+00,4.626933358642212890e-01,-2.000334638824623895e-02,8.862926960548147548e-01,-2.513721455861410270e+00
-2.534962988965180908e-01,9.560758165694513977e-01,1.471688126500438343e-01,-1.137372360352940204e+00,-8.173947760364717041e-01,-2.930692053883108827e-01,4.959598985415563099e-01,4.584205863593118657e+00,5.173059119651111093e-01,5.428980025741100141e-03,8.557833368451540634e-01,-2.393856925523860646e+00
-4.003292334724825596e-01,9.016299502694189449e-01,1.637068648667466819e-01,-1.253579349696171352e+00,-7.620482811806037482e-01,-4.267734482912384220e-01,4.869772489380724823e-01,4.425170076273674979e+00,5.089390159705029504e-01,7.019869379674732734e-02,8.579354412846040834e-01,-2.301192924429330766e+00
-5.264223301003883027e-01,8.398162777853346306e-01,1.326203224941902015e-01,-1.338394426476122057e+00,-6.951776881203151071e-01,-5.149599013182869500e-01,5.015419045044536839e-01,4.273728189416001300e+00,4.894972035787065745e-01,1.718281688229394699e-01,8.549079295968563530e-01,-2.201265822704901343e+00
-7.228793676549233327e-01,6.845802771945064258e-01,9.378306827519883315e-02,-1.484188092416814486e+00,-5.651715399895121950e-01,-6.638811519889419310e-01,4.897376301855099201e-01,4.132126913976973626e+00,3.975255340285744898e-01,3.010177073032869188e-01,8.668112768562551418e-01,-2.111160025966444032e+00
-8.125232037733276513e-01,5.573814047980248931e-01,1.706810268170061706e-01,-1.682883040687343623e+00,-4.089880459063292562e-01,-7.537270103774252883e-01,5.144165356335580475e-01,4.024169576751287281e+00,4.153731113536978103e-01,3.481688719757822792e-01,8.403830168152269797e-01,-2.037210951104612811e+00
-8.900138957910289639e-01,4.210112462452920146e-01,1.749994166672025342e-01,-1.894601650022597727e+00,-2.723811742152378867e-01,-7.987842659034267712e-01,5.364253838869413871e-01,3.988106972905385295e+00,3.656278999638903904e-01,4.297594991156215016e-01,8.256046340033996733e-01,-1.930740059263641450e+00
-9.571572227508603481e-01,1.841197341096752482e-01,2.234949092199689513e-01,-2.107528504292780713e+00,-3.789084465721467149e-02,-8.448205949649039148e-01,5.337063295617817671e-01,3.963383888025826529e+00,2.870789696704078575e-01,5.023724572809792344e-01,8.156025866428145976e-01,-1.883943555815386084e+00
-9.741545393901497318e-01,-3.289132449386666240e-02,2.234750414668358054e-01,-2.281649754202266234e+00,1.527132317650851945e-01,-8.248811395253456968e-01,5.442883192750245236e-01,4.008411432796829210e+00,1.664379831331415649e-01,5.643485327600382684e-01,8.085846469864278463e-01,-1.832755198328665402e+00
-9.301214820136550765e-01,-2.910573547207099820e-01,2.239634902382627579e-01,-2.437404901044248007e+00,3.672132597436861268e-01,-7.459263806262342866e-01,5.556512004434643881e-01,4.049069170187554967e+00,5.333907117384606954e-03,5.990654813531083311e-01,8.006822706205213303e-01,-1.797461937616912309e+00
-8.523710452076312949e-01,-4.179604329770235660e-01,3.142812080880895143e-01,-2.600792952623358634e+00,5.228431258244073954e-01,-6.697232120725021831e-01,5.273574546637734839e-01,4.157705648409854682e+00,-9.933129910150191935e-03,6.138239940544454321e-01,7.893804135226807350e-01,-1.794056427704904477e+00
-7.492492486256560058e-01,-5.903408409419105274e-01,3.002053546322713262e-01,-2.732997469999175699e+00,6.424193795891701697e-01,-5.376231121747958586e-01,5.461306894725413974e-01,4.283032036499426098e+00,-1.610059134384659030e-01,6.020457464109246759e-01,7.820601096248036566e-01,-1.815448519721216458e+00
-5.619884922521601878e-01,-7.487776568278979861e-01,3.514270268654169360e-01,-2.849941463516454387e+00,7.873492499521552723e-01,-3.540671212106931698e-01,5.046955837704070191e-01,4.406737300995519746e+00,-2.534760209091229677e-01,5.603289161848575839e-01,7.885311740896379096e-01,-1.850166700076294468e+00
-3.184001059222446028e-01,-8.847321568984765072e-01,3.403973899701247530e-01,-2.872266702725544629e+00,8.385731779708087696e-01,-9.542311086520406660e-02,5.363669034352755993e-01,4.568227339451548019e+00,-4.420592694839037273e-01,4.562273999471949670e-01,7.722953850702345413e-01,-1.941082245156918740e+00
-1.513995422617114561e-01,-9.267712333257888124e-01,3.437633774600498127e-01,-2.899782890646435796e+00,8.402458587553821578e-01,6.251235432310103812e-02,5.385899204417164965e-01,4.701465741859275127e+00,-5.206391028796976128e-01,3.703880217242180861e-01,7.692513489853924913e-01,-2.028706962357383237e+00
-5.298495279969197419e-02,-9.302487126435993181e-01,3.630839123422310299e-01,-2.923105173185774230e+00,8.589440812061079900e-01,1.429909631792466718e-01,4.916997557555496390e-01,4.916584118278922055e+00,-5.093207831394780394e-01,3.379214658378449365e-01,7.914552563399862573e-01,-2.149055356239133907e+00
3.698482879753559743e-02,-9.263780131384677929e-01,3.747744644615506049e-01,-2.927269831982196369e+00,8.276187524759249792e-01,2.385824106087708063e-01,5.080606596640824257e-01,5.102980262670488543e+00,-5.600708196192807353e-01,2.913798382210625038e-01,7.755117451652533411e-01,-2.240085769032891250e+00
1.803384358116745245e-01,-9.021494368566110866e-01,3.919240259901123347e-01,-2.905786735062356740e+00,8.009933800338342458e-01,3.659528771442489559e-01,4.738017484685138059e-01,5.347616300551182533e+00,-5.708657054955873500e-01,2.284838840906402158e-01,7.886110961683727716e-01,-2.386812241590900996e+00
2.865539772913363037e-01,-8.732064895628965928e-01,3.942045721243723766e-01,-2.861915411042828872e+00,7.303339783355746739e-01,4.653984294909840891e-01,5.000165816409078978e-01,5.509943842209692022e+00,-6.200799127427458757e-01,1.446192532568455480e-01,7.710941404266947741e-01,-2.498048214845443482e+00
3.300372608651981898e-01,-8.708181899327530617e-01,3.643502250895980232e-01,-2.777730736512809440e+00,7.534622072714818319e-01,4.755343611604535004e-01,4.540504086214509072e-01,5.729345985536344443e+00,-5.686564065006092239e-01,1.246705716597221458e-01,8.130726535235667241e-01,-2.670071151708884649e+00
3.232526642560787922e-01,-8.745967901056828087e-01,3.613698517975497126e-01,-2.688209508819925819e+00,7.402541710073422543e-01,4.715934149642839190e-01,4.791903726793327878e-01,5.968985784154320129e+00,-5.895180042692350630e-01,1.126059754149836695e-01,7.998677496581921842e-01,-2.758681414362653239e+00
3.262879848537216243e-01,-8.776417966412249916e-01,3.511139811065062677e-01,-2.599541295485003900e+00,7.439264371254170616e-01,4.675799639904232308e-01,4.774331716801816783e-01,6.210910308928198731e+00,-5.831891692118286175e-01,1.054222654996368469e-01,8.054666590560675132e-01,-2.965859369204854268e+00
3.221451078061361439e-01,-8.772803169159572034e-01,3.558114318967429690e-01,-2.541973283583270682e+00,7.555997459374048653e-01,4.647014554276313048e-01,4.616509301006235244e-01,6.354330370951612572e+00,-5.703433645234285976e-01,1.201324388967348888e-01,8.125740850339862043e-01,-3.070887532971638301e+00
3.196930627093920174e-01,-8.731774112466771376e-01,3.679097092277395231e-01,-2.459040155304070385e+00,7.440552585121393836e-01,4.717579603700678414e-01,4.731027363141195319e-01,6.651210247977046741e+00,-5.866669565741066128e-01,1.224974910601170086e-01,8.005099916603501953e-01,-3.212037467798678936e+00
2.214686482115520716e-01,-9.199212571153516649e-01,3.235684140435506340e-01,-2.411944364283712616e+00,8.284538944739112676e-01,3.525208005555117707e-01,4.351933247497149493e-01,6.876001494416266624e+00,-5.144081867450782664e-01,1.716798354001163596e-01,8.401846532320330629e-01,-3.385448318748825791e+00
2.640205814591175398e-02,-9.397941869308035212e-01,3.407195584886924533e-01,-2.429912828793799218e+00,8.768652924526004755e-01,1.854354867197723078e-01,4.435323428533896606e-01,7.103955270906104680e+00,-4.800106146927135553e-01,2.870549885929010170e-01,8.289687830710241734e-01,-3.496202032287809569e+00
-1.589854627246149732e-01,-9.303889565325799138e-01,3.303029097729188734e-01,-2.553339664393246444e+00,9.173466130095323523e-01,-1.553635835888411178e-02,3.977861399909303208e-01,7.380546627872106136e+00,-3.649641273360712534e-01,3.662444690792774904e-01,8.559592131793781755e-01,-3.594962162390181071e+00
-3.922495821599321641e-01,-8.583394988402183179e-01,3.307469879319859252e-01,-2.684533293802053855e+00,8.848915117158658861e-01,-2.539067401360327048e-01,3.905104093448765745e-01,7.601753774747470160e+00,-2.512116195333484736e-01,4.458527470412370630e-01,8.591321494201091813e-01,-3.641255282935895732e+00
-7.360120612586065203e-01,-5.887963625654250022e-01,3.340734786114897825e-01,-2.735259459485224642e+00,6.757934278715228560e-01,-6.099761846814948374e-01,4.138022437917224794e-01,7.665736242649257903e+00,-3.986839007926638867e-02,5.303281036784058822e-01,8.468545411824602853e-01,-3.677862495728731584e+00
-9.455484884689457914e-01,-1.121987563664282317e-01,3.055314959605942016e-01,-2.926620084818155831e+00,2.469733266564408392e-01,-8.587343375675475787e-01,4.489760721939161092e-01,7.599896206978980828e+00,2.119958298513018313e-01,4.999867763773897522e-01,8.396850549899086413e-01,-3.574533089978852551e+00
-9.161981853156238031e-01,2.797343864385652967e-01,2.869312779537934732e-01,-3.071176067671812060e+00,-1.140907837981054163e-01,-8.684881159014182783e-01,4.824019958399206054e-01,7.515451239083020596e+00,3.841408313062965041e-01,4.092396187832310628e-01,8.276223511611229267e-01,-3.482110970506664849e+00
-8.199677344004258073e-01,5.008572609323251879e-01,2.771189613029058085e-01,-3.140455943246823978e+00,-3.227847614913249008e-01,-8.043961320199937148e-01,4.987553112902775032e-01,7.388210370799802362e+00,4.727186396697542481e-01,3.195134847899865904e-01,8.212479654441391386e-01,-3.388195302761412897e+00
-5.958926270800798397e-01,7.701609105560422996e-01,2.275173594323930681e-01,-3.171597872110962779e+00,-6.188471335321035216e-01,-6.209422574809325690e-01,4.811017960822661088e-01,7.195491704717981385e+00,5.118009401229174360e-01,1.458865474468771239e-01,8.466267849314300653e-01,-3.264752345572878411e+00
-4.027005909819841856e-01,8.751240747976279932e-01,2.683096862440050301e-01,-3.159082022524281719e+00,-7.324776966035830839e-01,-4.838845821961307858e-01,4.788863488252567691e-01,6.985433310078300373e+00,5.489158933762734449e-01,-3.683045271303189358e-03,8.358694737675609332e-01,-3.179413577112820466e+00
-2.896627407737216719e-01,9.287008053962212406e-01,2.315390046274399816e-01,-3.167999635102846323e+00,-8.065920540903721569e-01,-3.670870610350399077e-01,4.633102069876417484e-01,6.801898481997867840e+00,5.152715351013795742e-01,-5.255381696000634151e-02,8.554141344619015097e-01,-3.057456327829481069e+00
-2.751484777492155809e-01,9.333401081950548628e-01,2.305852502367241597e-01,-3.188776568951425361e+00,-8.140798930042402182e-01,-3.537742848416410846e-01,4.605623553776305168e-01,6.596176430864418627e+00,5.114364505962560870e-01,-6.099178485031999525e-02,8.571538713569913925e-01,-2.930749189235772434e+00
-2.428234422105884360e-01,9.386853546160502937e-01,2.447582091418815942e-01,-3.226106138014142477e+00,-8.013767793255691663e-01,-3.362887053198458376e-01,4.946768280727130151e-01,6.396424532441955080e+00,5.466553150485060630e-01,-7.602441518118352448e-02,8.338994272845975386e-01,-2.784054184849830360e+00
-3.129483092042866788e-01,9.233603304265199929e-01,2.224164021847449824e-01,-3.315162544688518231e+00,-7.864190748350126103e-01,-3.832263726913194279e-01,4.844404875828376422e-01,6.200292618766570563e+00,5.325489597227879290e-01,-2.330766973510985801e-02,8.460782221696158123e-01,-2.660077740733889584e+00
-3.470747883640850628e-01,9.088350200179365901e-01,2.314260090634206457e-01,-3.388457708763499276e+00,-7.344935134954483358e-01,-4.168535565336913828e-01,5.354926619836400947e-01,6.089968430630923635e+00,5.831452391258459267e-01,1.587509981727125777e-02,8.122127869534275790e-01,-2.571476316866720957e+00
-5.508586511907520578e-01,8.097443146755350929e-01,2.021605581189208634e-01,-3.539623828844789433e+00,-6.393045739556326712e-01,-5.651044905185890199e-01,5.214849724729694325e-01,6.031290685957227282e+00,5.365113308474622755e-01,1.580223390738571820e-01,8.289659415355458139e-01,-2.443697936351741262e+00
-7.921886681618691695e-01,5.657526849629413990e-01,2.288252903268051808e-01,-3.718091722967275636e+00,-3.724709230430548468e-01,-7.452415529496307922e-01,5.530645886735816585e-01,5.998724000143329960e+00,4.834278907173029105e-01,3.529007328051973480e-01,8.010983380722844771e-01,-2.372704532645665054e+00
-9.244409318180366597e-01,3.270882284177695221e-01,1.960159544780097352e-01,-3.843357587863382996e+00,-1.613550040094836324e-01,-8.012845692585297552e-01,5.761142263034934041e-01,5.991122998330177474e+00,3.455047412995957967e-01,5.009554170769077164e-01,7.935175762645733100e-01,-2.301778165078242289e+00
-9.823858582720824684e-01,2.810796244620771683e-02,1.847375649783945251e-01,-3.998908278441753339e+00,7.685266474648756729e-02,-8.403651987403781831e-01,5.365445001744119091e-01,6.014655708650390231e+00,1.703281931695039553e-01,5.412913034523733069e-01,8.234027152119702819e-01,-2.308216474409908514e+00
-9.520233925569413502e-01,-1.363241386879461836e-01,2.739839214905900877e-01,-4.196132741740195904e+00,2.593051455921063231e-01,-8.348090635358564882e-01,4.856487093649520803e-01,6.059943345441491935e+00,1.625186189143514037e-01,5.333943725325365204e-01,8.301073074348855885e-01,-2.273396072997822870e+00
-9.483882383759099088e-01,-1.898606570424626327e-01,2.539934649112903231e-01,-4.393719548995246527e+00,2.955648654644020268e-01,-8.194411431034455129e-01,4.910780215936458304e-01,6.134418683274578399e+00,1.148962993888303502e-01,5.408041640896688040e-01,8.332644817163569195e-01,-2.242269805320482590e+00
-9.403488493591773967e-01,-2.184560762463720052e-01,2.608083285861679812e-01,-4.660560280719372450e+00,3.212989071813175945e-01,-8.222881156804144887e-01,4.696906077992671902e-01,6.229269125262208107e+00,1.118528218372768779e-01,5.254704535573765378e-01,8.434273819868818300e-01,-2.232102148224283322e+00
-9.379164900457069853e-01,-2.110446953069423370e-01,2.752685857179153484e-01,-4.908413167765073304e+00,3.210747586860647762e-01,-8.285099259043023912e-01,4.587835023327814232e-01,6.268413988205987941e+00,1.312389310952584154e-01,5.186824069320740138e-01,8.448342462898426053e-01,-2.198422819196022449e+00
-9.589790280802469313e-01,3.345890220195121834e-02,2.814955160667848011e-01,-5.115722612031304628e+00,1.002625391626454504e-01,-8.887915786803183282e-01,4.472101887341197179e-01,6.210276484131546759e+00,2.651540060849998937e-01,4.570886473435861741e-01,8.489778097963976977e-01,-2.105690743018552524e+00
-8.089362598939038307e-01,4.915121901529555526e-01,3.225490572919220700e-01,-5.325038999793696881e+00,-3.292832178879426808e-01,-8.333192583461020986e-01,4.440175402918947190e-01,6.095507307798570196e+00,4.870263748979370422e-01,2.529718968592105099e-01,8.359488797487732992e-01,-1.998846172203132099e+00
-4.284923673465945160e-01,8.552269933947179714e-01,2.915151469387869954e-01,-5.334197352362488154e+00,-7.228452573996724251e-01,-5.180430989846208645e-01,4.573030520882317984e-01,5.886879922475065641e+00,5.421153244287739703e-01,-1.476947404076097911e-02,8.401742900470392517e-01,-1.869497988999699878e+00
6.192056459087854139e-03,9.699342389321113922e-01,2.432883691917758773e-01,-5.249051559908222586e+00,-8.782521060746260044e-01,-1.110598099721647053e-01,4.651225180363031675e-01,5.650788562190929731e+00,4.781578155926065610e-01,-2.165485875182123210e-01,8.511590994823330369e-01,-1.771045737720503999e+00
2.203502544008981712e-01,9.470834665213242465e-01,2.334066683439259826e-01,-5.096762546915515557e+00,-8.763713360041702760e-01,8.715986306706607900e-02,4.736839027245873246e-01,5.412715953104369149e+00,4.282744993759562968e-01,-3.089272822398221874e-01,8.492025008631294281e-01,-1.702115997017160209e+00
4.449967019648664035e-01,8.556635218867404413e-01,2.642307184124730313e-01,-4.942602957300385569e+00,-8.352265661309231648e-01,2.901101605198663780e-01,4.671538054990925781e-01,5.283886033786365566e+00,3.230704543432257325e-01,-4.285744183633903304e-01,8.437709697867931125e-01,-1.658559182660873210e+00
7.533154907895946995e-01,5.997136916525863670e-01,2.699245438652416729e-01,-4.763884301855951797e+00,-6.401218217462594229e-01,5.744723727075897735e-01,5.101230697782273005e-01,5.139896393645145167e+00,1.508635962075719761e-01,-5.570682014261276738e-01,8.166487582181093385e-01,-1.629585174257106361e+00
8.285885708955078588e-01,4.844896835089319009e-01,2.805543205063060763e-01,-4.607075336498992257e+00,-5.588321341790444263e-01,6.854074992061247595e-01,4.668224564445251357e-01,5.074392775656338728e+00,3.387662896796975881e-02,-5.435865217289913565e-01,8.386692240712934066e-01,-1.653043813659831773e+00
8.535845933979252509e-01,4.541651935605704460e-01,2.552005463783106887e-01,-4.344114042350509131e+00,-5.191957027097502397e-01,7.014216679546815270e-01,4.883067335306784940e-01,5.002859770695600616e+00,4.276872924727018882e-02,-5.493101316030536418e-01,8.345233460585819163e-01,-1.711530704873521547e+00
8.578943796275347866e-01,4.477277536790459922e-01,2.521053192398027276e-01,-4.148942659994431459e+00,-5.124218361659632626e-01,7.092433466196869096e-01,4.841464004782120578e-01,4.949587223701976235e+00,3.796176001964386704e-02,-5.445307464792270569e-01,8.378813584959321492e-01,-1.735979569666712186e+00
8.679193712321485732e-01,4.174382628589855537e-01,2.691862956044839827e-01,-3.982886559004893190e+00,-4.966491189119359717e-01,7.374669179525269458e-01,4.576922520751236512e-01,4.863601541189863653e+00,-7.457729144239788263e-03,-5.309311081740034632e-01,8.473821691829124259e-01,-1.772620456542887357e+00
9.112998492491090063e-01,3.369810132515508871e-01,2.365932828009064681e-01,-3.794618488640173926e+00,-4.115433666012840996e-01,7.633751257859840988e-01,4.978860057660932092e-01,4.785193326963129046e+00,-1.283129631143502605e-02,-5.510918381170175628e-01,8.343459377235423746e-01,-1.793283568884523893e+00
9.309010039951702842e-01,2.711769512910120472e-01,2.447169423012973133e-01,-3.667720360822706471e+00,-3.609900415507078519e-01,7.852755768918211476e-01,5.030193418134495387e-01,4.792517337633871222e+00,-5.576298648747081421e-02,-5.566015894926384933e-01,8.289060018556198006e-01,-1.780760394494761201e+00
9.227486347978989256e-01,2.661134201516446307e-01,2.787805671021716947e-01,-3.525694704295403881e+00,-3.725535761783829170e-01,8.011193994790301032e-01,4.684138561732097417e-01,4.676773001663838691e+00,-9.868530719064164125e-02,-5.360889435472013798e-01,8.383733385259436455e-01,-1.790616890985996301e+00
9.144704118197364284e-01,2.916835660597999480e-01,2.804720363902260538e-01,-3.377827909238740212e+00,-3.936355314404120787e-01,8.018608698995237649e-01,4.495222060272483500e-01,4.637566141856459545e+00,-9.378131100526139463e-02,-5.214785159664964143e-01,8.480950554575337197e-01,-1.803587499328622945e+00
8.833877704178823009e-01,3.580587790885588761e-01,3.023573346121006811e-01,-3.250358527968672639e+00,-4.620402754528436517e-01,7.733464000457284104e-01,4.341130375786623752e-01,4.541063361914067009e+00,-7.838897202784793350e-02,-5.231914145453124831e-01,8.486023290154784959e-01,-1.807148966963323167e+00
8.813069854780168910e-01,3.729013116861268351e-01,2.902457735961317398e-01,-3.109321183540014299e+00,-4.709756699154022397e-01,7.431654380867741549e-01,4.752757620382420667e-01,4.482587273527227190e+00,-3.846967241071958671e-02,-5.555625467722437039e-01,8.305843370354105692e-01,-1.843544477276463978e+00
8.793564457419394964e-01,3.943095188293591069e-01,2.669311609622653791e-01,-2.904764636082277640e+00,-4.760198815985021703e-01,7.141752352569212814e-01,5.131849624342762484e-01,4.404308062546933300e+00,1.171809093029358394e-02,-5.783370442106251508e-01,8.157137669787538625e-01,-1.847370180329668488e+00
9.041128322486370328e-01,3.441138872258021064e-01,2.533093349675374917e-01,-2.747684704909898468e+00,-4.272926864794898139e-01,7.294600795376340319e-01,5.341431946979100509e-01,4.321239660126376947e+00,-9.729565703384304275e-04,-5.911629428332757508e-01,8.065515658506996477e-01,-1.807766203326945487e+00
9.122870713798555409e-01,3.238128527279331426e-01,2.507539347674619945e-01,-2.713909889108970575e+00,-4.089615670921355473e-01,7.531097451472016369e-01,5.153408080152999116e-01,4.339998331997444225e+00,-2.197125473682857988e-02,-5.726874786238277393e-01,8.194792955241604338e-01,-1.830166781245257779e+00
9.178076293112081840e-01,3.088150954006095295e-01,2.495243323422638437e-01,-2.678749071291378847e+00,-3.960958551332816602e-01,7.552007271253795562e-01,5.222833860037411347e-01,4.364250057404412964e+00,-2.715196354545346136e-02,-5.781912301323954839e-01,8.154493683078157806e-01,-1.841908257535856297e+00
9.107156480415659061e-01,3.269851951985041083e-01,2.523443887492388127e-01,-2.696769897683080952e+00,-4.126812527058055791e-01,7.456089940622951939e-01,5.232221436814192828e-01,4.375427118191298703e+00,-1.706435106873566837e-02,-5.806443921148387588e-01,8.139784381838345295e-01,-1.829200529846575884e+00
9.017766651107057552e-01,3.498990655261395299e-01,2.537114309717804495e-01,-2.692617030014946788e+00,-4.321968225235129912e-01,7.270831669202555414e-01,5.334378829646347908e-01,4.381786899540386138e+00,2.180106050736400555e-03,-5.906951094474613972e-01,8.068918978478228921e-01,-1.810807800409446777e+00
8.993467576438896049e-01,3.537527237987792006e-01,2.569716325207275220e-01,-2.689329994761814113e+00,-4.372360179633115185e-01,7.279963800641450211e-01,5.280586475090509602e-01,4.373669929881398133e+00,-2.722333724367185983e-04,-5.872650858159779164e-01,8.093946162846312742e-01,-1.821735102390924510e+00
9.021320379702821857e-01,3.461786684120088942e-01,2.575230389772422135e-01,-2.719821544691341852e+00,-4.314236485677130917e-01,7.315120294062510409e-01,5.279808578826234999e-01,4.383381135140950846e+00,-5.605490532270409471e-03,-5.874099763967572940e-01,8.092701020706598580e-01,-1.806350832475488000e+00
9.025591099204015588e-01,3.456216194656792084e-01,2.567737316347104004e-01,-2.738891994776924577e+00,-4.305327737994851800e-01,7.318466855534276894e-01,5.282442233749311544e-01,4.388917961148465885e+00,-5.346380477814012717e-03,-5.873211429894091840e-01,8.093363276249270211e-01,-1.780853125619389576e+00
9.024192958554164701e-01,3.467208472311630318e-01,2.557812904868518311e-01,-2.741480031650535665e+00,-4.308409840771708077e-01,7.315824375010793190e-01,5.283589533445939290e-01,4.401601740919448780e+00,-3.932036015734131744e-03,-5.870023775380183162e-01,8.095756591310582229e-01,-1.779712055451908359e+00
9.032292536186672383e-01,3.464726485051081162e-01,2.532461633378117472e-01,-2.740210521552328249e+00,-4.291571954430783431e-01,7.305891678255508337e-01,5.310965726262983910e-01,4.408917940869652163e+00,-1.008467598165842683e-03,-5.883843741074599176e-01,8.085807388871434354e-01,-1.785598019454221808e+00
9.049668506585217820e-01,3.410639869110890787e-01,2.543823029251636725e-01,-2.739164866126197584e+00,-4.254393834735862856e-01,7.338129392499922465e-01,5.296412948202797732e-01,4.417094388521740633e+00,-6.027453758539672371e-03,-5.875320646752839604e-01,8.091784369220359485e-01,-1.797857305723058463e+00
9.028252896417646722e-01,3.460034966122999545e-01,2.553195580352716210e-01,-2.741382269729752075e+00,-4.299846579948936043e-01,7.325424582076047741e-01,5.277260092246490730e-01,4.422212815553983489e+00,-4.437372226653253648e-03,-5.862278799709410571e-01,8.101340521620485902e-01,-1.800855477348719758e+00
8.942148918327981200e-01,3.640794882281172540e-01,2.604339714323189447e-01,-2.719573358806839369e+00,-4.475876063987115905e-01,7.359389062771146683e-01,5.079953354371637975e-01,4.407006338954750468e+00,-6.712810345072354849e-03,-5.708240118278125053e-01,8.210449961470291935e-01,-1.802541585780002009e+00
8.908441022065883841e-01,3.795983762504629433e-01,2.496034020436221357e-01,-2.747422555994741167e+00,-4.536255886728076114e-01,7.130985226933715948e-01,5.345225179857067133e-01,4.423312377982238530e+00,2.491206264013693869e-02,-5.894027228309564048e-01,8.074551501194797698e-01,-1.807627821998792683e+00
8.901124404778961718e-01,3.847440720301590344e-01,2.442782068546767715e-01,-2.755028130641069328e+00,-4.538081748597406762e-01,6.989483494211028436e-01,5.527470897906088254e-01,4.433744235566447145e+00,4.192831664823618021e-02,-6.028625082713054972e-01,7.967426261873267190e-01,-1.802430576575730470e+00
8.946581762356166090e-01,3.741175631882792674e-01,2.441777971250144452e-01,-2.743786417559751722e+00,-4.455228898061707743e-01,7.066384949417321426e-01,5.497011843949789478e-01,4.443707455547257545e+00,3.310743652895308670e-02,-6.005814569070124787e-01,7.988778450213365190e-01,-1.804519233977641912e+00
8.991099337260823887e-01,3.625834171993133070e-01,2.452235564686822966e-01,-2.747093520176425052e+00,-4.370219005710794247e-01,7.118833729695014378e-01,5.497580574314556712e-01,4.449612971903398773e+00,2.476258258585136915e-02,-6.014609952953197114e-01,7.985183063913094959e-01,-1.809306313532894395e+00
9.024632594696271326e-01,3.534770392163475994e-01,2.461992040082616462e-01,-2.749767344018807513e+00,-4.303813895828565439e-01,7.157047811790053782e-01,5.500350222469855277e-01,4.461959389999941905e+00,1.821880369798450222e-02,-6.023459545347330524e-01,7.980272089643676292e-01,-1.814503047427810989e+00
9.015977087436611859e-01,3.520843585155027378e-01,2.513129047162280805e-01,-2.747819028213585035e+00,-4.324026074626148852e-01,7.171157387775491943e-01,5.466013192968547374e-01,4.456548069624939323e+00,1.222933553845122548e-02,-6.014828523626080115e-01,7.987921016547622211e-01,-1.830800816252893926e+00
8.975393581051199776e-01,3.599334006072865133e-01,2.546979540151914634e-01,-2.738554783455784847e+00,-4.404869185880400662e-01,7.058997470746121161e-01,5.546862371041961781e-01,4.466125525728860346e+00,1.985888227122845420e-02,-6.100438461350752295e-01,7.921187604063326670e-01,-1.829797869452952641e+00
8.951611068441152064e-01,3.635563937120326328e-01,2.579018057027151478e-01,-2.740220972431187896e+00,-4.451663041964891154e-01,6.997508185794001356e-01,5.587269042255786911e-01,4.470239038857561020e+00,2.266173871655964220e-02,-6.149597877004343571e-01,7.882327734304011013e-01,-1.840426517854871991e+00
8.968924630728015712e-01,3.597632165240352009e-01,2.572048555519207969e-01,-2.738438841503710197e+00,-4.417805065522332209e-01,7.020831376544278690e-01,5.584883632196524506e-01,4.477988467969462150e+00,2.034437793729973118e-02,-6.145320950589936437e-01,7.886294506476100308e-01,-1.846652341310457857e+00
8.986258663470948482e-01,3.541277104797731501e-01,2.589693360270443057e-01,-2.733518256769824184e+00,-4.384317424499571403e-01,7.036552638683670757e-01,5.591483495841095275e-01,4.485600176371886683e+00,1.578478838083914940e-02,-6.160055472970147328e-01,7.875836502588663413e-01,-1.856200465206778061e+00
8.986955787507356908e-01,3.541808381089442403e-01,2.586545778646242577e-01,-2.729661899975548867e+00,-4.382468053480698122e-01,7.024835733860235187e-01,5.607642701929347329e-01,4.499655553151987064e+00,1.691136706748967711e-02,-6.173109127815992192e-01,7.865375023637845020e-01,-1.854536169556293412e+00
9.003144866869022822e-01,3.518676457769646659e-01,2.561698360796546003e-01,-2.733988081800841297e+00,-4.348419525531558860e-01,7.020242672900260938e-01,5.639808546712037352e-01,4.512388902126271972e+00,1.860917412081163069e-02,-6.191535253806448313e-01,7.850494319769064644e-01,-1.850927187724481282e+00
9.013071132258140272e-01,3.477444085698703224e-01,2.583008206664117457e-01,-2.731475679677244806e+00,-4.329602566348800807e-01,7.041547763339717214e-01,5.627712387291248231e-01,4.519270310186979778e+00,1.381679496875466186e-02,-6.190637101901934614e-01,7.852192170994967135e-01,-1.857821987234991257e+00
9.004916913813107993e-01,3.490152251396391736e-01,2.594283839019048687e-01,-2.728204802478603863e+00,-4.346405654713030864e-01,7.028078502599044430e-01,5.631595728209174423e-01,4.525010077033766898e+00,1.422296031113691288e-02,-6.198786157255153917e-01,7.845688046093916013e-01,-1.867275587700359729e+00
8.985596330659721964e-01,3.534885356105409437e-01,2.600700694356462561e-01,-2.724192903242135699e+00,-4.385137590477561353e-01,6.999766351994728408e-01,5.636828836328375836e-01,4.535142589555701598e+00,1.721246496444212709e-02,-6.205469888467285422e-01,7.839803350104574964e-01,-1.870753350067646759e+00
8.992044119340679709e-01,3.525723803215391472e-01,2.590832726995553337e-01,-2.721672521615307261e+00,-4.371880982557180828e-01,7.006757535109587876e-01,5.638439989796816265e-01,4.542207846106405711e+00,1.726245352943602332e-02,-6.202791348064646826e-01,7.841911773425475074e-01,-1.879062373668576535e+00
9.027460266078736195e-01,3.442420538983408940e-01,2.579670904816142030e-01,-2.718219394183047033e+00,-4.300004349501750922e-01,7.050914078593062406e-01,5.638667683998074276e-01,4.552155266220602847e+00,1.221627546991970077e-02,-6.199544458190741070e-01,7.845426997447689788e-01,-1.883627240836156513e+00
9.056433027141095327e-01,3.374493457933148144e-01,2.567842426488528562e-01,-2.711360509256254492e+00,-4.239592945825432779e-01,7.087301387443284417e-01,5.638795145884604176e-01,4.563862368074662612e+00,8.290041384249390716e-03,-6.195397722980430233e-01,7.849214901853175386e-01,-1.890355274224055693e+00
9.072830937832392362e-01,3.327596427890006092e-01,2.571155535280822968e-01,-2.708616858146692952e+00,-4.205023656029419632e-01,7.122474455808263105e-01,5.620332167994326333e-01,4.577624040742474421e+00,3.892076238255561937e-03,-6.180409342386041782e-01,7.861362829357465554e-01,-1.894715633216440764e+00
9.077527987976770074e-01,3.310596841011689273e-01,2.576515900160912254e-01,-2.707278937509317807e+00,-4.194993514594907436e-01,7.130350268972882599e-01,5.617840728808983775e-01,4.589242645996625569e+00,2.269449283765827014e-03,-6.180457393918510345e-01,7.861388640816149298e-01,-1.901519552557201731e+00
9.076542189322951426e-01,3.319256494446221617e-01,2.568835963917753817e-01,-2.709371846125525618e+00,-4.196970014828693141e-01,7.115331351372184976e-01,5.635379530680162397e-01,4.604670778556593902e+00,4.271510352830705688e-03,-6.193108757664189667e-01,7.851342518045815178e-01,-1.900278158042065124e+00
9.077591231638009184e-01,3.303539198998465820e-01,2.585336765678596938e-01,-2.706547805391935846e+00,-4.194750425655388582e-01,7.093312106175206910e-01,5.664714664557450874e-01,4.613221544740575553e+00,3.750063669791559983e-03,-6.226680666701082112e-01,7.824771023945590320e-01,-1.903830520443752006e+00
9.111012223408513355e-01,3.244355160753188416e-01,2.542364225636239428e-01,-2.713780439204625861e+00,-4.121369689731736452e-01,7.078767595971350302e-01,5.736319482280127779e-01,4.625473835933854971e+00,6.138522184740027518e-03,-6.274169978022617888e-01,7.786592511581603704e-01,-1.895054580824284240e+00
9.137648749471152243e-01,3.133832382133215355e-01,2.585047375190962504e-01,-2.711805179303748758e+00,-4.062434032368249515e-01,7.045414418234982046e-01,5.818828525397780060e-01,4.638889535432102917e+00,2.250320998114678842e-04,-6.367199563074812385e-01,7.710950956920659127e-01,-1.894025931345792779e+00
9.135907852474587365e-01,3.126715373011902388e-01,2.599776661035393954e-01,-2.742858411470925795e+00,-4.066312735969291325e-01,6.998060614038696947e-01,5.873010163070918610e-01,4.644693149043752634e+00,1.698365058401748355e-03,-6.422678461390665117e-01,7.664783945891859851e-01,-1.878967848144536879e+00
9.147635587606609553e-01,3.095091356628656976e-01,2.596376831370163507e-01,-2.743577600086127610e+00,-4.039895152570001091e-01,7.003179595103786736e-01,5.885127247134372963e-01,4.655327322680022029e+00,3.211322861366155555e-04,-6.432408961877714715e-01,7.656637945897732944e-01,-1.871696117044194141e+00
9.153760352426516533e-01,3.066790684526871091e-01,2.608345511553960550e-01,-2.742313581292483704e+00,-4.025973188613287679e-01,6.996190524858272308e-01,5.902953330702379597e-01,4.663525948619013484e+00,-1.453598676954767372e-03,-6.453534925696360336e-01,7.638826851546395291e-01,-1.873473439544136809e+00
