9.926864927072855949e-01,1.203304659145371658e-01,-9.700833433197917494e-03,1.617283523082733154e-01,-1.201466331511027996e-01,9.925980880315496968e-01,1.771502691407218777e-02,-8.016379177570343018e-02,1.176068616036365921e-02,-1.641994545978710252e-02,9.997960150211318009e-01,-1.401072368025779724e-03
9.584624288503920120e-01,2.849659223333108060e-01,1.200814685672344125e-02,2.961023345018329866e-01,-2.846695585358956504e-01,9.583800589505022671e-01,-2.170034674861923835e-02,-1.154157949983597581e-01,-1.769222781860584764e-02,1.738061318703964381e-02,9.996924023718781749e-01,2.944961319697741650e-03
9.045110321793218278e-01,4.262911726600390194e-01,-1.164597690306718933e-02,4.986071982905249111e-01,-4.261996127369031551e-01,9.027062269832289987e-01,-5.895216593660647375e-02,-2.432325748949527577e-01,-1.461789207826357136e-02,5.828639530655672918e-02,9.981928738241704346e-01,3.799390193697838036e-02
8.214249936930860807e-01,5.678478276408525094e-01,-5.300777659813961373e-02,7.169304824566147261e-01,-5.698726017663288124e-01,8.135659859893382695e-01,-1.155664492717127650e-01,-4.012255187832689529e-01,-2.249883313394085427e-02,1.251368494279791466e-01,9.918843538552518657e-01,7.397797709686200485e-02
7.825178019833091136e-01,6.212585342244683062e-01,-4.127618238737634088e-02,8.484240696679399285e-01,-6.210444965998722644e-01,7.740850195425644786e-01,-1.228662515209090200e-01,-5.086775308719687638e-01,-4.438043287556011490e-02,1.217793749904027972e-01,9.915645016864635952e-01,6.635212526966584312e-02
7.484170721935317072e-01,6.599752978641776346e-01,-6.560862945034265370e-02,9.862406366811524716e-01,-6.630446900061398585e-01,7.422118068714255168e-01,-9.743394067426500160e-02,-6.937057804034375552e-01,-1.560849460788202130e-02,1.164226779873418077e-01,9.930771042302464213e-01,1.274581795751841828e-01
7.146720780820379204e-01,6.962746823324328371e-01,-6.667373960392307397e-02,1.116464343861410358e+00,-6.991041677252083364e-01,7.080175541240721904e-01,-9.982237084647327396e-02,-8.657032497174123042e-01,-2.229761151212359890e-02,1.179521504468527965e-01,9.927689090245612746e-01,1.437813243277788755e-01
5.674354569591041342e-01,8.123681233875958974e-01,-1.344434241208136704e-01,1.231258409324833325e+00,-8.234093781364975051e-01,5.605569296611319086e-01,-8.816419117619025969e-02,-1.076630538220046063e+00,3.741414502505731234e-03,1.607294643573518866e-01,9.869914088303501920e-01,1.746385344205337309e-01
4.803369676627620155e-01,8.685770620731566583e-01,-1.218617443536195721e-01,1.326560495388461103e+00,-8.765938419539288651e-01,4.707677290218021393e-01,-9.980471712352098623e-02,-1.262334732983232399e+00,-2.931951133620142383e-02,1.547631498516986726e-01,9.875164473075814797e-01,1.861623138425560764e-01
4.340589767903829110e-01,8.885628069886677416e-01,-1.484888639060381599e-01,1.385250955266621231e+00,-9.008054740027918728e-01,4.259021555072312060e-01,-8.459817930014834619e-02,-1.512863352735775990e+00,-1.192906845866886778e-02,1.704801805803665138e-01,9.852888943629651841e-01,2.093167768404683438e-01
3.854174456021373651e-01,9.122591997679850850e-01,-1.386958725564666761e-01,1.445830448974932958e+00,-9.224969673311064211e-01,3.774714847308030530e-01,-8.071321750515864091e-02,-1.761478882052064598e+00,-2.127763827203162095e-02,1.590548039318501194e-01,9.870404406384600815e-01,2.220810947380996436e-01
3.587598054373358769e-01,9.269283898546717415e-01,-1.099780072741423503e-01,1.502807116685999977e+00,-9.290624252232841940e-01,3.432097613653323220e-01,-1.380219900660098475e-01,-1.983447307777087554e+00,-9.019097538443078543e-02,1.516931764614942724e-01,9.843042050983156210e-01,2.362242569799896941e-01
3.201462374660402621e-01,9.392344956420420887e-01,-1.238747304028443158e-01,1.590798062559728443e+00,-9.460952841332306296e-01,3.101953397186677508e-01,-9.318027987553290092e-02,-2.168166103604177497e+00,-4.909276909281179435e-02,1.470286142655907735e-01,9.879131979126202223e-01,2.465692216281949178e-01
4.469173544763078709e-01,8.900324043200237289e-01,-9.003997738902932979e-02,1.739856580114429008e+00,-8.936224712735327813e-01,4.395300922819614375e-01,-9.084149279704481494e-02,-2.381024393581829379e+00,-4.127659267530812276e-02,1.210603867453312471e-01,9.917865827173644178e-01,2.948696471434345545e-01
5.940822857362422216e-01,8.004031899480789081e-01,-8.013096339956624070e-02,1.925552003026206105e+00,-8.037018848075659916e-01,5.947731386399411901e-01,-1.755545240546144137e-02,-2.627975726775281906e+00,3.360830449708921558e-02,7.483078960784785016e-02,9.966297380649933313e-01,3.315932712531926563e-01
7.428147672149273406e-01,6.672135800301712827e-01,-5.524726446401560798e-02,2.233067711324403515e+00,-6.690802503839456961e-01,7.427316689002023686e-01,-2.610146660396571450e-02,-2.842000387810834194e+00,2.361863996065923649e-02,5.635340838000466035e-02,9.981314809234129726e-01,3.513477936744443531e-01
7.739387247830473715e-01,6.319273407094466721e-01,-4.106928712649791230e-02,2.475273735694269561e+00,-6.330518556832595012e-01,7.737195968659346113e-01,-2.456284677309570827e-02,-2.956884938108564231e+00,1.625417783750931350e-02,4.500912673562924154e-02,9.988543338311762776e-01,3.649524713987418179e-01
8.647696597695669896e-01,5.009872800736850929e-01,-3.442645416536024849e-02,2.642602859948483651e+00,-5.017160857007784136e-01,8.648676056602816464e-01,-1.688176615589302709e-02,-3.046335138495028794e+00,2.131677487608772681e-02,3.187114500334287115e-02,9.992646422370095038e-01,4.507934117034745336e-01
9.657827038512759588e-01,2.591804080423013579e-01,9.449075549798506557e-03,2.867985920137085643e+00,-2.591258088386419467e-01,9.658208437370171540e-01,-6.626688225453300496e-03,-3.105484690251931301e+00,-1.084362187828323554e-02,3.951441527338814957e-03,9.999333987693467263e-01,5.024097119769811437e-01
9.998315174217158319e-01,-1.549246072290819988e-02,-9.844817466020479649e-03,3.018630818293809526e+00,1.611370698408838911e-02,9.976550873394841590e-01,6.651823173295094704e-02,-3.140270622528516409e+00,8.791201136423976506e-03,-6.666566107372481897e-02,9.977366408106813633e-01,5.370327934254828239e-01
9.113867165833168249e-01,-4.113414638586963545e-01,-1.313213410177122183e-02,3.003153285335946610e+00,4.098424163226035422e-01,9.042361911733646229e-01,1.199420875053362756e-01,-3.198854713190351973e+00,-3.746260293054926027e-02,-1.146957308833795181e-01,9.926940327708210221e-01,3.953226765987332136e-01
7.531943952105484286e-01,-6.574288770839969986e-01,-2.203348813719930438e-02,3.089103823827344275e+00,6.523219505183037725e-01,7.421919850325490176e-01,1.537111909570735846e-01,-3.071424733901555459e+00,-8.470109736841342774e-02,-1.301473354683857497e-01,9.878701307231971818e-01,4.139790324325116067e-01
4.071067868566782821e-01,-9.065045748419512384e-01,-1.118638453024277668e-01,3.210626458116781379e+00,9.084558125310193688e-01,3.891626833389334461e-01,1.525137455282244425e-01,-2.958715308182171100e+00,-9.472117384111226890e-02,-1.637127413705336543e-01,9.819501196797663090e-01,4.190681078119574132e-01
1.346301142923873317e-01,-9.783345774151825935e-01,-1.572774203739240595e-01,3.209793305054420731e+00,9.857420971175671065e-01,1.160647346613084829e-01,1.218256760221855806e-01,-2.784041764118250217e+00,-1.009319092055690759e-01,-1.714363788752471252e-01,9.800113865166374394e-01,3.853127881436154700e-01
-1.630669617093077617e-01,-9.693323139669320909e-01,-1.838587259240346272e-01,3.173815635277645875e+00,9.726699004951867567e-01,-1.891671506260508839e-01,1.346441747522186816e-01,-2.563361679965023399e+00,-1.652949807755214884e-01,-1.568778321610010684e-01,9.736872778807811324e-01,3.421491569392431376e-01
-3.332364773739828756e-01,-9.163835878091364240e-01,-2.217984899439912616e-01,3.137038688770910522e+00,9.309470421111559757e-01,-3.570496325706482010e-01,7.650597797333401340e-02,-2.366156990123887471e+00,-1.493018919232770025e-01,-1.809880655601941446e-01,9.720865523156411170e-01,3.598621614545043368e-01
-4.770602764569028542e-01,-8.476258429947062245e-01,-2.322583107541642544e-01,3.043741499379502446e+00,8.556881599524740478e-01,-5.082609435520411001e-01,9.730666049525812933e-02,-2.216861656064736952e+00,-2.005274683030072724e-01,-1.523195442059348537e-01,9.677745041634870926e-01,3.422214541651947273e-01
-4.920525434696851885e-01,-8.377408021286516515e-01,-2.368008507456373368e-01,2.959784251348799078e+00,8.437046163547863298e-01,-5.259372009099255729e-01,1.074829337181340827e-01,-2.072745053631755319e+00,-2.145852157224196199e-01,-1.469027200152434598e-01,9.655945194777599827e-01,3.043029593147273948e-01
-5.395273249071601551e-01,-8.202927654604529328e-01,-1.898158176016069010e-01,2.847361814810403402e+00,8.183354245987072284e-01,-5.639226308960357814e-01,1.109882841120996833e-01,-1.906938186635124932e+00,-1.980843217556046698e-01,-9.545179566952474715e-02,9.755262970202730477e-01,3.333766394410241918e-01
-5.733809111103362888e-01,-7.945203889609256942e-01,-1.999291932151493201e-01,2.685921614534938939e+00,7.900861437124419018e-01,-6.007986339550660526e-01,1.216753341944482869e-01,-1.714183024868503935e+00,-2.167907200225235864e-01,-8.819497130282960562e-02,9.722260183460477156e-01,2.881954858582231882e-01
-5.917585831569083243e-01,-7.880850216390731244e-01,-1.695399006967707733e-01,2.564183602708511422e+00,7.887385653061309565e-01,-6.094853207563432074e-01,8.011940702080505572e-02,-1.545613888732003449e+00,-1.664729853728705022e-01,-8.631131125571160634e-02,9.822612191725602626e-01,2.640680502213441083e-01
-5.981768791580147626e-01,-7.807174920834014653e-01,-1.807335574700576208e-01,2.501544333665985498e+00,7.688907379121909802e-01,-6.227018678179250255e-01,1.450841720137507063e-01,-1.294901212017482761e+00,-2.258128747295551630e-01,-5.217836113823801081e-02,9.727723085261538172e-01,2.265653900980567070e-01
-5.268172272360057695e-01,-8.332656356768869399e-01,-1.677259356431223258e-01,2.412559140340152286e+00,8.183063692939639422e-01,-5.505793151514486450e-01,1.650366738040190129e-01,-1.131837971087705119e+00,-2.298658196868308690e-01,-5.030703854687005455e-02,9.719212451697646360e-01,2.055357448341749438e-01
-4.293789500590147745e-01,-8.924441607846834712e-01,-1.384815407465585513e-01,2.302944034008068019e+00,8.748549173047731609e-01,-4.490841433449032638e-01,1.815276999904820721e-01,-9.126216978964851734e-01,-2.241931999724298408e-01,-4.320708364952706437e-02,9.735864404399978689e-01,1.925193467806400605e-01
-4.076891481952744090e-01,-9.024040623912461534e-01,-1.394864388519115317e-01,2.242705040448278897e+00,8.817998260683702627e-01,-4.287500863445147803e-01,1.964750116563547533e-01,-7.505148700606465439e-01,-2.371046713787076377e-01,-4.289838737467610574e-02,9.705365027504364583e-01,1.680602795165090646e-01
-3.506483187230003962e-01,-9.300405357636192250e-01,-1.098651828981941359e-01,2.201836104169387909e+00,9.233700398990145608e-01,-3.629230058199193198e-01,1.251984874650194368e-01,-5.717545712389107138e-01,-1.563122707711290249e-01,-5.754557917994635591e-02,9.860299084324056773e-01,1.678959288737926492e-01
-2.408245444196705498e-01,-9.640501921045186995e-01,-1.122976665309622785e-01,2.212101003748767170e+00,9.505733198539939588e-01,-2.576438819385582502e-01,1.732916434263007954e-01,-3.976597259827577835e-01,-1.959946488729116254e-01,-6.501428460631868134e-02,9.784473621050409076e-01,1.588540558876234410e-01
-1.102043419011343728e-01,-9.911261172329497438e-01,-7.432376985107584655e-02,2.216889683572836667e+00,9.767221507135658287e-01,-1.218417811751358326e-01,1.765458033076350852e-01,-2.340765825819970947e-01,-1.840348970483741409e-01,-5.313755826915786407e-02,9.814823261626194340e-01,1.382949667383364112e-01
1.384506545207707558e-02,-9.998983536965226904e-01,-3.405354256486126368e-03,2.253511641347466288e+00,9.837641730185624489e-01,1.301206509770201636e-02,1.789936815840121043e-01,-1.274931625697775517e-02,-1.789311768466669283e-01,-5.828244751006255234e-03,9.838443299198249559e-01,1.708232510762360268e-01
1.889553970609980926e-01,-9.816875183798244864e-01,2.419657369924685039e-02,2.349571743129724499e+00,9.666521143839785779e-01,1.902858231925784460e-01,1.713913511496656661e-01,2.253305262205304027e-01,-1.728570151266812516e-01,-8.995651682081341402e-03,9.849058485826496234e-01,1.487132988553708235e-01
3.356352070852589575e-01,-9.394936127465025599e-01,6.856208407976513430e-02,2.443072376683919522e+00,9.328190347495206591e-01,3.416179764539040153e-01,1.146551637411680619e-01,4.179964779758440496e-01,-1.311398344280234607e-01,2.547370746604069383e-02,9.910365452666846098e-01,1.764879029069827965e-01
4.363985268708052145e-01,-8.907853651521929761e-01,1.267192131275517164e-01,2.594541086760036919e+00,8.854722343175641663e-01,4.501845409482468363e-01,1.152076444680576878e-01,5.419310519958598915e-01,-1.596723144369525949e-01,6.192989844890087886e-02,9.852255780685233999e-01,1.850753511685574171e-01
6.088668864104629375e-01,-7.758286922529260554e-01,1.654416964067514095e-01,2.789100246925817483e+00,7.794232856896162742e-01,6.238823614230735171e-01,5.718514518625828630e-02,6.663713725979089064e-01,-1.475820326382316361e-01,9.413096930492673153e-02,9.845602593341269415e-01,1.986916927611257488e-01
7.317602660443598417e-01,-6.477002222074396132e-01,2.121587499753936068e-01,2.948987457796528933e+00,6.595798429656328787e-01,7.513951057121805999e-01,1.896907655140304960e-02,8.139494737368675459e-01,-1.717013214629385109e-01,1.260548184886844669e-01,9.770510933127631858e-01,2.247363732682796100e-01
7.816677984376836363e-01,-5.901299167788894851e-01,2.018468087637908803e-01,3.142431519037631293e+00,5.995873243254434826e-01,8.001217223625475272e-01,1.732829800779302556e-02,9.380458065235723897e-01,-1.717279633427266361e-01,1.074798154358870828e-01,9.792638030071504351e-01,2.336425256960247832e-01
8.076421929313001291e-01,-5.638950845244368182e-01,1.724425175132261734e-01,3.316164614816463629e+00,5.689178820758058475e-01,8.220554306478270457e-01,2.360746485321900401e-02,1.005390718154060670e+00,-1.550694413851440301e-01,7.903924715984221583e-02,9.847366479200948541e-01,2.676136456467324565e-01
8.734446023297762762e-01,-4.396949538685266390e-01,2.091957796025858407e-01,3.506294707518786247e+00,4.513231419181090720e-01,8.923163526637121201e-01,-8.885287732937707447e-03,9.760969321767222207e-01,-1.827619988677783580e-01,1.021757031367286628e-01,9.778334098701931820e-01,2.592670051907129958e-01
9.382493801163317437e-01,-2.768479027711395757e-01,2.074688878905493472e-01,3.704853130960968688e+00,2.873441981445828408e-01,9.575822239761954124e-01,-2.167016653030773982e-02,1.024445709826005357e+00,-1.926691789154829637e-01,7.994700154493711297e-02,9.780015666858654644e-01,2.518704025271966684e-01
9.660268966389862211e-01,-1.584170486594061455e-01,2.041961646654832374e-01,3.905227418336541856e+00,1.781828627214164795e-01,9.805547657077245960e-01,-8.223879182156809686e-02,1.034883393895586368e+00,-1.871974957162905462e-01,1.158291420235585539e-01,9.754694805352115416e-01,2.629556698474146970e-01
9.759578637824722902e-01,-7.183950736710538465e-02,2.057798175293318599e-01,4.155151113899218984e+00,9.176727319163544005e-02,9.917967965795952967e-01,-8.898248066572306270e-02,1.050109106336714060e+00,-1.976993062509962429e-01,1.057270044771232848e-01,9.745443985946299348e-01,2.566505238375139664e-01
9.891615089013587880e-01,1.990470991407727527e-02,1.454761555418069008e-01,4.331270094868447273e+00,-5.253970059744780471e-03,9.949325791004911546e-01,-1.004069661082204606e-01,1.000508385834667946e+00,-1.467375381645706633e-01,9.855437873419149730e-02,9.842535899480979733e-01,2.584197736962697833e-01
9.716734689858355090e-01,1.353912363865299451e-01,1.937004976213523577e-01,4.517101194185693558e+00,-1.113458933443147864e-01,9.852295230061429709e-01,-1.300956533956673378e-01,8.882255615369196722e-01,-2.084532602392901446e-01,1.048427398860591747e-01,9.723966465330877718e-01,2.447727714211549166e-01
9.380806143973536848e-01,3.109668057137318087e-01,1.526578089587352083e-01,4.745246718146190368e+00,-2.856456193869377769e-01,9.436738246162600374e-01,-1.669918945912459152e-01,7.934360743744663935e-01,-1.959881144787517515e-01,1.130458246832633656e-01,9.740684270135977485e-01,2.516886227019023980e-01
9.177895879697233195e-01,3.702393797859007685e-01,1.434749938843597750e-01,4.990645251126140103e+00,-3.441339961058319519e-01,9.219473072499848598e-01,-1.777215670050605600e-01,6.523552817486321098e-01,-1.980759070119253451e-01,1.137363807682236078e-01,9.735655965322258520e-01,2.964297949909874275e-01
9.183582330703122798e-01,3.677545758499077833e-01,1.462009839003434730e-01,5.185734916701326469e+00,-3.519334313840873918e-01,9.278682743032057312e-01,-1.233017656638121934e-01,5.219709092452675669e-01,-1.810000431662822373e-01,6.178217771369071132e-02,9.815405986971490471e-01,2.958203738962035256e-01
9.027293023460293275e-01,4.028180363753295357e-01,1.510544148860765157e-01,5.455194648776704014e+00,-3.779189937208505823e-01,9.102902534686951874e-01,-1.689641637298255339e-01,3.906678080141953169e-01,-2.055651742656598446e-01,9.544256917446780619e-02,9.739782724057584051e-01,3.308964321090690497e-01
8.560907943120746877e-01,4.864181928344509798e-01,1.746593644033662407e-01,5.624498573899612275e+00,-4.495540456708106980e-01,8.675699766354207920e-01,-2.126581662241610604e-01,2.599045666496788698e-01,-2.549700216008303766e-01,1.035358745579656320e-01,9.613899368957369296e-01,2.954796950497952102e-01
7.774570056023345499e-01,6.021747454555177459e-01,1.815108271575944232e-01,5.825161056142027505e+00,-5.665058329978036600e-01,7.958446463989589104e-01,-2.137812900550034867e-01,1.261742996178833731e-01,-2.731881139788420731e-01,6.337881928293380429e-02,9.598705014985011719e-01,2.852833682216721067e-01
7.403226182421334123e-01,6.585864232417577568e-01,1.348567537824516827e-01,5.967756944533645580e+00,-6.300903166797865440e-01,7.497112199747595351e-01,-2.022851439684218156e-01,8.818022561639535239e-03,-2.343258708411844193e-01,6.478433271699600426e-02,9.699971012786243740e-01,3.215472432526486068e-01
7.691403152771195684e-01,6.229159757345228421e-01,1.428245867843506711e-01,6.177437492314564516e+00,-5.937911007300520350e-01,7.791914796225609674e-01,-2.006807583636215087e-01,-1.525284350338423356e-01,-2.362949515101982478e-01,6.954369315985291233e-02,9.691895431918778892e-01,2.772483512403628447e-01
8.547888285895589577e-01,4.950156263076371799e-01,1.558704212791749144e-01,6.417938197000467859e+00,-4.838984318252895767e-01,8.687611010251007349e-01,-1.053397219603386531e-01,-2.821601745949915974e-01,-1.875589672490115545e-01,1.461776511348780727e-02,9.821445691686997437e-01,2.802756687437887861e-01
8.902669794788979907e-01,4.064205007455582996e-01,2.055409492613316791e-01,6.719518622825188636e+00,-3.956114271116206726e-01,9.136847655133134571e-01,-9.312222080464699348e-02,-3.919263279155963398e-01,-2.256464136391866104e-01,1.589289970967531010e-03,9.742079706967917696e-01,2.363452697131833424e-01
9.337694243548809725e-01,3.069675090868294043e-01,1.839717655103138005e-01,7.015955495266776865e+00,-2.924600000288962720e-01,9.508143174601199066e-01,-1.020748847461783737e-01,-4.218892308685830428e-01,-2.062566617664816360e-01,4.151002382406739077e-02,9.776170555995187250e-01,2.147527671853655118e-01
9.739329714067965771e-01,1.473436829404385084e-01,1.724656670305019512e-01,7.201237050720646238e+00,-1.351307386053291482e-01,9.875443663140114348e-01,-8.059657589151709989e-02,-4.160197127157458374e-01,-1.821928941828048765e-01,5.519024967334619503e-02,9.817126797848171327e-01,2.323294576990532490e-01
9.791607951829977008e-01,-1.217236259353300792e-01,1.625653593658740736e-01,7.377305032614779101e+00,1.356429627328009369e-01,9.877279626530448553e-01,-7.742388813754044752e-02,-3.662781722435783371e-01,-1.511460348063019266e-01,9.786128285702323792e-02,9.836554505922843195e-01,2.213570313399706169e-01
8.881939394037239310e-01,-4.372038423880975078e-01,1.412951740420674840e-01,7.570013628671492079e+00,4.434443702069084670e-01,8.961845450736629637e-01,-1.450350657293460882e-02,-2.648789376221519221e-01,-1.202855624682060837e-01,7.553847610454277051e-02,9.898612640615405134e-01,2.229748002830904130e-01
6.311753513692107687e-01,-7.679187140697952829e-01,1.091719946018488013e-01,7.707882480480686027e+00,7.714631003748697591e-01,6.361144702253981320e-01,1.425010631033292278e-02,-7.873437848127112781e-02,-8.038880882279367257e-02,7.522784957217783230e-02,9.939207262477215421e-01,2.147051357753907985e-01
3.101363476002519937e-01,-9.472774647315371777e-01,8.050373102513788681e-02,7.714736083730050709e+00,9.503325850681393350e-01,3.112340940929292921e-01,1.147358646013943743e-03,1.512553454718809920e-01,-2.614237278604342532e-02,7.614948119288707240e-02,9.967536470257682968e-01,2.217680543672838345e-01
-7.671140596085665453e-02,-9.953077090492045143e-01,5.897393070445358654e-02,7.652462951641454403e+00,9.970521544191007779e-01,-7.648584559942807337e-02,6.075918956936913855e-03,3.587852533924902332e-01,-1.536738019145218780e-03,5.926617694912898054e-02,9.982410323694850263e-01,2.494695848830722762e-01
-3.981828183350024641e-01,-9.172997859598635007e-01,3.397920067334637886e-03,7.513703326543232919e+00,9.172871195231583341e-01,-3.981480403807363677e-01,7.904321469163014605e-03,5.341684827855662787e-01,-5.897757175641436291e-03,6.264233310552467550e-03,9.999629872356917692e-01,2.719124186682895239e-01
-6.869743913106941546e-01,-7.252978454295179178e-01,-4.482433600848393512e-02,7.327474355350886981e+00,7.265569288664437408e-01,-6.866912379379281894e-01,-2.387829255701674758e-02,6.455809399607068677e-01,-1.346160463927146764e-02,-4.897120740369691194e-02,9.987094702895132903e-01,2.877774269909391669e-01
-8.598672793858189722e-01,-5.055472637315034934e-01,-7.106494195607716835e-02,7.230622402971549789e+00,5.100967565191483200e-01,-8.564449255809487571e-01,-7.939388159857915794e-02,7.747866013535369412e-01,-2.072584932580223346e-02,-1.045181973640665618e-01,9.943069875996498608e-01,3.352974034748829046e-01
-9.560225922018161793e-01,-2.807372478791903547e-01,-8.489641248568083332e-02,6.997970388658353080e+00,2.868178843957108759e-01,-9.553802068751886534e-01,-7.059859419203570741e-02,8.556978990806958230e-01,-6.128869708591911519e-02,-9.184366044720264355e-02,9.938855254229078673e-01,3.333383317219618669e-01
-9.655216647228322957e-01,-2.534866888703498078e-01,-5.926561833304512528e-02,6.740261258573466030e+00,2.572970074780661087e-01,-9.638494478501877794e-01,-6.922782548745648468e-02,8.812190570523406041e-01,-3.957480124629568496e-02,-8.208983155322041592e-02,9.958388899123594706e-01,3.643021292488806129e-01
-9.658468543343862178e-01,-2.531414120558768133e-01,-5.531075369879619175e-02,6.386615477404745000e+00,2.572522856602109664e-01,-9.623471806406156404e-01,-8.780185325867014001e-02,9.349828172418250816e-01,-3.100186276612131031e-02,-9.903196158522019343e-02,9.946012040459303316e-01,3.774356813495575724e-01
-9.710838576626804608e-01,-2.275865579124442817e-01,-7.211449261094242391e-02,6.154341384776987667e+00,2.334292025003306126e-01,-9.684848741532360306e-01,-8.687839752465460752e-02,1.046513082313497156e+00,-5.006943985134779812e-02,-1.011998379146817062e-01,9.936053763939760586e-01,4.148120384362315449e-01
-9.550297609489470929e-01,-2.884747116880780893e-01,-6.856016641081405516e-02,5.957173185569280882e+00,2.951184279430935642e-01,-9.471635449560387165e-01,-1.256436731185019695e-01,1.153634512973117143e+00,-2.869266788215153047e-02,-1.402268156337868055e-01,9.897035773336444464e-01,5.430671570715848162e-01
-9.169854518088534912e-01,-3.871774269212028274e-01,-9.607976505794921240e-02,5.761298023238112798e+00,3.972401545738696860e-01,-9.083265181326359849e-01,-1.309320283627040671e-01,1.269945048907790364e+00,-3.657787261504293064e-02,-1.582295059074645127e-01,9.867246235375085606e-01,6.042788424306176909e-01
-9.053360286842384586e-01,-4.195261275068438156e-01,-6.606438908643795516e-02,5.551524431331348097e+00,4.246202393893097060e-01,-8.912181083337167298e-01,-1.594613924404233718e-01,1.405639424615154676e+00,8.020440587542051677e-03,-1.724184204694633737e-01,9.849911475823515117e-01,6.582725970635787682e-01
-8.819249358147471796e-01,-4.657029585505815805e-01,-7.300110948054407134e-02,5.401468593098141646e+00,4.710727582204449759e-01,-8.763785970228008537e-01,-1.002547312745445257e-01,1.496232410174552108e+00,-1.728768494441816281e-02,-1.228059814405798866e-01,9.922801151245947970e-01,7.077589515152246102e-01
-8.764382570935351779e-01,-4.745884455796979262e-01,-8.137437449893852870e-02,5.264880140557359312e+00,4.802566258896924234e-01,-8.737821575753279557e-01,-7.653962628635149756e-02,1.587992726760634188e+00,-3.477865425653466763e-02,-1.061628391917448094e-01,9.937403568250877672e-01,7.138299115655825089e-01
-8.577044866093906927e-01,-5.103487866868149370e-01,-6.234684897746273907e-02,5.050517188344869624e+00,5.137744229305338806e-01,-8.553553529955991719e-01,-6.635557583332814258e-02,1.755120818150147644e+00,-1.946422339883695923e-02,-8.894569145872821547e-02,9.958462772829999032e-01,7.683890422863952629e-01
-8.547010308478254492e-01,-5.124601147300501536e-01,-8.289016032394677658e-02,4.910648934123322817e+00,5.169532963037293261e-01,-8.547878244185195262e-01,-4.579371863656108571e-02,1.843012706905412967e+00,-4.738604550260096249e-02,-8.199028013563287864e-02,9.955059802205642461e-01,7.892465382253721629e-01
-8.109595979790200637e-01,-5.786478894951094798e-01,-8.666689349782337459e-02,4.662049368591216769e+00,5.808492813832953905e-01,-8.140110943361890117e-01,-2.249758007077219755e-04,2.012162977255415264e+00,-7.041763104661408201e-02,-5.052284909283024511e-02,9.962373206005316062e-01,8.497058234122023546e-01
-8.147480860480669218e-01,-5.693087451637611762e-01,-1.098777000172322799e-01,4.462549631795782012e+00,5.696270318862702853e-01,-8.212967499131854643e-01,3.157044704273447022e-02,2.112948193373311856e+00,-1.082155295022468738e-01,-3.686734682755625492e-02,9.934436058037946493e-01,8.899314741101997939e-01
-8.646918859430431370e-01,-4.951830486649275165e-01,-8.427152958842484831e-02,4.208004751634429219e+00,5.001930891477560648e-01,-8.642156197909171000e-01,-5.420549859772338941e-02,2.283368569710064744e+00,-4.598712812396607563e-02,-8.902309152298909511e-02,9.949673729437563674e-01,9.231802354371840824e-01
-8.955300170783743186e-01,-4.350007327279246105e-01,-9.381018621544709446e-02,4.059471075273235918e+00,4.422505777292473073e-01,-8.933965551015732309e-01,-7.910133899492693965e-02,2.405899452876880229e+00,-4.940055677576437460e-02,-1.123252325117188311e-01,9.924427576094417836e-01,9.677591417434502352e-01
-8.912582005714547728e-01,-4.346012449589887749e-01,-1.295398695160340508e-01,3.792197579552194053e+00,4.465908500325316832e-01,-8.907764088129930258e-01,-8.410708751021037100e-02,2.573236909858822585e+00,-7.883801482378444137e-02,-1.328124519099246892e-01,9.880007186416006615e-01,9.762281043873894948e-01
-9.195674942671551166e-01,-3.755923214592702397e-01,-1.154384318503310358e-01,3.576001733202222699e+00,3.831924903352346146e-01,-9.222060338729748397e-01,-5.195715965062400188e-02,2.647199384739338246e+00,-8.694330818360163082e-02,-9.201325529028533956e-02,9.919548487773910406e-01,1.012560827878530301e+00
-9.522170736732281648e-01,-2.866996809333465790e-01,-1.052897789812149015e-01,3.308542103669612100e+00,2.935787682329962234e-01,-9.542538271760130364e-01,-5.666692300390146347e-02,2.731181184630012027e+00,-8.422678581064774184e-02,-8.487005521767054805e-02,9.928257260362249870e-01,1.012319406320548065e+00
-9.680713497130231104e-01,-2.387225282118830005e-01,-7.648147742384621417e-02,3.085349294858580560e+00,2.455227305336725174e-01,-9.645047816591154621e-01,-9.720655815320999871e-02,2.762745801440614102e+00,-5.056135536254363627e-02,-1.128808251246874589e-01,9.923212527518862069e-01,1.051838565014045379e+00
-9.807462119742957896e-01,-1.707469888439262506e-01,-9.477517343061850341e-02,2.858210510995291997e+00,1.811871984710529682e-01,-9.766532683721039776e-01,-1.154105388961513684e-01,2.868187448970841658e+00,-7.285648089417383344e-02,-1.303604970028142962e-01,9.887861619242538369e-01,1.112930316070401382e+00
-9.771824913541325985e-01,-1.927694582004982060e-01,-8.918696415967365676e-02,2.643887033739376502e+00,2.040092474654810750e-01,-9.686871276942610187e-01,-1.415113973784878632e-01,2.902150897374263128e+00,-5.911518873775875593e-02,-1.564774252872610238e-01,9.859108528847673192e-01,1.122413932724334540e+00
-9.896071508836271624e-01,-1.065445000278127524e-01,-9.657099167874108603e-02,2.430054844845841000e+00,1.158457608047798598e-01,-9.885727573421111414e-01,-9.645549825996981019e-02,2.904258912861724440e+00,-8.519064868607302554e-02,-1.066403908228050063e-01,9.906413984997831657e-01,1.161082141924300704e+00
-9.928677734176415415e-01,-4.126748145999004774e-02,-1.118507017530332714e-01,2.161898007261302102e+00,5.115777387289354577e-02,-9.948897608343576504e-01,-8.704737767058916276e-02,2.996623303354178258e+00,-1.076868918720684520e-01,-9.214856895744835685e-02,9.899051341204511134e-01,1.150682462261751526e+00
-9.962419975336139766e-01,-3.131264614245627374e-03,-8.655678790338744433e-02,1.939967636591107158e+00,1.230486660685867033e-02,-9.943267526806420786e-01,-1.056546220539276854e-01,3.099104992942283143e+00,-8.573489725907330883e-02,-1.063226414527330965e-01,9.906286000850621498e-01,1.207127138170010605e+00
-9.886080250793827240e-01,-9.122225158007185586e-02,-1.197191445229476847e-01,1.707759780794010140e+00,1.016035916746929058e-01,-9.912997317514257167e-01,-8.367527704379151832e-02,3.160791528690022112e+00,-1.110445086775871670e-01,-9.488594546198589330e-02,9.892753784696850516e-01,1.231865565243363880e+00
-9.702829191095493355e-01,-2.152267181909103544e-01,-1.105826236848448385e-01,1.530719607719613018e+00,2.253210804426891978e-01,-9.702432399238488658e-01,-8.864798976972548816e-02,3.194429671507391433e+00,-8.821262717090415373e-02,-1.109302265338190652e-01,9.899055597625275871e-01,1.211141121109905905e+00
-9.384004756693519189e-01,-3.234941691959863364e-01,-1.214745642500287826e-01,1.329672714424231739e+00,3.315545265850907697e-01,-9.419577647064432124e-01,-5.279361145232280839e-02,3.260121853341579445e+00,-9.734548353402139309e-02,-8.981699174121098028e-02,9.911895705817769242e-01,1.239685621477991440e+00
-9.426317398588159868e-01,-3.095866352298407009e-01,-1.249060378757120421e-01,1.132748236833042821e+00,3.183466424956187257e-01,-9.462507595064307830e-01,-5.713943774024603239e-02,3.369202836679493274e+00,-1.005028269379037026e-01,-9.362486539680593689e-02,9.905218656632069907e-01,1.241421779689622085e+00
-9.589441412040823343e-01,-2.589153858124385588e-01,-1.157106608742811682e-01,9.385304544223485035e-01,2.693086756531674064e-01,-9.592569622555705555e-01,-8.543370284702425654e-02,3.488671528801487565e+00,-8.887615691682487773e-02,-1.130880336455296620e-01,9.896020035235800760e-01,1.303307162981962586e+00
-9.741725493933773850e-01,-1.592293860731779087e-01,-1.601057357472499831e-01,7.424820913989743643e-01,1.760178912936045392e-01,-9.796228785719421905e-01,-9.673012831055356753e-02,3.505487830359829360e+00,-1.414409627829304184e-01,-1.224133096896822676e-01,9.823489378310824582e-01,1.307882514663828877e+00
-9.924602228523188296e-01,-5.194990159674006680e-02,-1.110131243593132089e-01,5.181863424735888568e-01,6.842240626356138611e-02,-9.862926048982311178e-01,-1.501508303146117107e-01,3.544020222794226793e+00,-1.016911027427253311e-01,-1.566145116110001512e-01,9.824107157272953250e-01,1.332386206252177407e+00
-9.758702550626304761e-01,1.926459309392945241e-01,-1.027851671036774522e-01,3.008104318601846905e-01,-1.753256290524850269e-01,-9.719085186625386896e-01,-1.570183274288121933e-01,3.534699801079895121e+00,-1.301467213622710117e-01,-1.352086411577452796e-01,9.822323830310868420e-01,1.392450940676067894e+00
-8.706556276324816102e-01,4.842916928020977174e-01,-8.614136262429337998e-02,1.153830198694813514e-01,-4.656056553506904283e-01,-8.678736205004897730e-01,-1.732245725779907874e-01,3.426809931575147239e+00,-1.586510377443058617e-01,-1.107110433617731066e-01,9.811080027705424422e-01,1.381924207153821360e+00
-6.432747686631962170e-01,7.653582656262039041e-01,-2.059847661751978976e-02,4.056585669184042953e-04,-7.419357989503964079e-01,-6.297791209523190270e-01,-2.300207143897324280e-01,3.284471516488160603e+00,-1.890207455205642484e-01,-1.326837746304173338e-01,9.729677146301798363e-01,1.380893012015595778e+00
-3.176388756729084384e-01,9.480937059700439429e-01,1.496226457594209032e-02,1.473705509650163285e-03,-9.128727377159346901e-01,-3.014949487380124138e-01,-2.752529030191673831e-01,3.099507595829235296e+00,-2.564544977111268276e-01,-1.010896660665825536e-01,9.612554135183223325e-01,1.357933812613993485e+00
-1.854630534544703113e-03,9.990208391511161690e-01,4.420320449223130721e-02,1.354933336440868052e-01,-9.434450943868472050e-01,1.290642220205899353e-02,-3.312774941696717268e-01,2.965249528579052996e+00,-3.315236254371245472e-01,-4.231769379046862456e-02,9.424973732426429329e-01,1.378252610433154945e+00
2.243174331665774290e-01,9.696345305090985356e-01,9.741953819414332638e-02,2.804816812938522030e-01,-9.185961460713201188e-01,2.437628129882974393e-01,-3.110639989245810311e-01,2.888048448796819656e+00,-3.253656552257435108e-01,-1.971213454789471839e-02,9.453827913343296752e-01,1.398358472079548331e+00
4.981718978806837783e-01,8.579004907963828641e-01,1.258233207846813084e-01,4.366890834387906484e-01,-8.112902760217586273e-01,5.123961073449639914e-01,-2.815285371152774774e-01,2.807308388589712322e+00,-3.059948499476710104e-01,3.817036899291187391e-02,9.512676672401136901e-01,1.379980146035126198e+00
7.457961669901358448e-01,6.478022345947664906e-01,1.553716259709296277e-01,6.315426232458638545e-01,-6.029404060094434303e-01,7.555684067829334660e-01,-2.560844576944653062e-01,2.761646856202928380e+00,-2.832859758335921074e-01,9.730697572901991776e-02,9.540861640179475467e-01,1.346245512977542580e+00
8.754004331368723246e-01,4.429539948072669375e-01,1.935609468566986680e-01,8.354919941344378653e-01,-3.954117375124932554e-01,8.864887064520655668e-01,-2.403899564671868327e-01,2.703475841496459253e+00,-2.780712849273166420e-01,1.339012017019583778e-01,9.511818063239241283e-01,1.318587685319632108e+00
8.923045089965255805e-01,4.063096990034322231e-01,1.967360966376309750e-01,1.015461710673378759e+00,-3.573452929391514599e-01,9.020307225518188199e-01,-2.421671265611352597e-01,2.589495606096561708e+00,-2.758568557036470970e-01,1.457841008765535240e-01,9.500789394007809197e-01,1.336629368933536677e+00
8.437927066666501830e-01,4.863600513072243725e-01,2.268650891358212074e-01,1.165927736589844166e+00,-4.208236387664901490e-01,8.619642762617248932e-01,-2.827101899541874519e-01,2.471336231308732145e+00,-3.330485448572029217e-01,1.430786040644659307e-01,9.319909762586031654e-01,1.288104266408184762e+00
7.804589949169440377e-01,5.893685127633517817e-01,2.086348806320504623e-01,1.396050482856457275e+00,-5.329709602613962316e-01,8.016335692167602112e-01,-2.707869572613200160e-01,2.375768162872105460e+00,-3.268420303010001193e-01,1.001417838263013449e-01,9.397584319179089762e-01,1.245673698849325994e+00
7.852332450845452838e-01,5.681420915685913009e-01,2.462180224964503339e-01,1.579016613859337781e+00,-5.154772381967939188e-01,8.201038681948227271e-01,-2.484207363987468997e-01,2.297199275277006958e+00,-3.430626294352118744e-01,6.814843475793390393e-02,9.368371379941354826e-01,1.190841904367445414e+00
8.235418035117697544e-01,5.084293252235999594e-01,2.515522194719380100e-01,1.748959159292616139e+00,-4.645463763338794072e-01,8.589797064898546664e-01,-2.152917278338068174e-01,2.198825909380862420e+00,-3.255388795576414918e-01,6.044406580698456766e-02,9.435946973171676078e-01,1.142578693286331992e+00
8.565601232352407779e-01,4.565091087779881152e-01,2.406328923608692938e-01,2.044327847739373816e+00,-4.068988242774696507e-01,8.842641337095686893e-01,-2.291512352933756658e-01,2.020939790436799388e+00,-3.173926623046653961e-01,9.836856935827660575e-02,9.431784149764897984e-01,1.138169926707211621e+00
8.284631761343148604e-01,4.891615224493520708e-01,2.727082153960104227e-01,2.235514171960501617e+00,-4.176263493778521463e-01,8.640355336336529302e-01,-2.811242232959267340e-01,1.895286739781443908e+00,-3.731447414807995688e-01,1.190109304788507100e-01,9.201083633636782944e-01,1.071198883017537185e+00
7.697442336159775467e-01,5.882316073757036801e-01,2.479463468154932959e-01,2.435741664412493179e+00,-4.887187522444820242e-01,7.929186317304782738e-01,-3.639148590800657113e-01,1.730773379259104905e+00,-4.106675005640806342e-01,1.589453350648058760e-01,8.978243616886260048e-01,1.071074753587985429e+00
7.467703103939279385e-01,6.202127032318037747e-01,2.401464267151532661e-01,2.574768077034363944e+00,-5.121988131060865035e-01,7.666373584770223015e-01,-3.871944426771788406e-01,1.650964721726243090e+00,-4.242481341937450190e-01,1.661425994056712208e-01,8.901742286181139052e-01,1.032883490285616102e+00
7.323121049768773760e-01,6.425780970304827422e-01,2.254159934898588846e-01,2.676146804030744342e+00,-5.507545496389114614e-01,7.535664894941761505e-01,-3.588968820754294131e-01,1.557615271664172019e+00,-4.004852144041973760e-01,1.386756472063804813e-01,9.057486725993678656e-01,9.828062593636759381e-01
6.905216274903445139e-01,6.914721814195895488e-01,2.122406753921633749e-01,2.750251466696448599e+00,-6.047209800537617364e-01,7.128875687367247638e-01,-3.551110398501579613e-01,1.436567786096376809e+00,-3.968531444387267126e-01,1.168654639466980560e-01,9.104120194096843033e-01,9.634060375574508006e-01
4.925629828621099215e-01,8.529997798811620457e-01,1.725487856713910084e-01,2.746414589455901556e+00,-7.643718355499899975e-01,5.188249544032856875e-01,-3.828268064103774182e-01,1.271841727529730237e+00,-4.160737974589612809e-01,5.667488165950792384e-02,9.075629745956813599e-01,8.754272256272099817e-01
3.729119765689286603e-01,9.254938681245320486e-01,6.631559239988595034e-02,2.797157626219731963e+00,-8.326553629172933624e-01,3.653267071867629112e-01,-4.161988030030222552e-01,1.046121176356996418e+00,-4.094162971066563350e-01,9.998748461667676668e-02,9.068521371113955620e-01,8.424615744495376202e-01
1.719353475032068257e-01,9.843987709376423867e-01,3.738042342473387597e-02,2.794056222080180341e+00,-8.750857421504417699e-01,1.700485714441653529e-01,-4.531097297949027713e-01,8.971652997852138656e-01,-4.523971487133428560e-01,4.519450327483980068e-02,8.906706892616257365e-01,7.998634713198142787e-01
1.275426790276880107e-01,9.915524415375637224e-01,2.359281050105063726e-02,2.778039384667694733e+00,-8.929165065339846885e-01,1.251455496965928060e-01,-4.324797148425377213e-01,6.772998890915638004e-01,-4.317788524066284439e-01,3.409321152423146900e-02,9.013349408196602575e-01,7.057418498713825539e-01
1.069462802780029101e-02,9.994696056683904928e-01,3.075926326199703020e-02,2.779250010212848565e+00,-8.944965441770829084e-01,2.331165842399023080e-02,-4.464666830086874705e-01,4.700298966878473372e-01,-4.469469290493038316e-01,-2.273925958770554520e-02,8.942714177959625310e-01,6.576708431016731193e-01
-1.404835700745861171e-01,9.900455635949830802e-01,8.610954940828320289e-03,2.732995806024445251e+00,-8.752202461511831011e-01,-1.201148678162133471e-01,-4.685743689709848114e-01,3.138365910103042000e-01,-4.628756714995527211e-01,-7.336348230139858040e-02,8.833820873203462876e-01,5.818185924240598661e-01
-2.714923276698039123e-01,9.618046161358877466e-01,-3.498280143343557302e-02,2.669891095661042879e+00,-8.420227762078619227e-01,-2.549716223541216298e-01,-4.753810220668392983e-01,1.568320579803441639e-01,-4.661432830832570318e-01,-9.960598462846650958e-02,8.790842322909435680e-01,5.764737487208400069e-01
-3.350597554979411474e-01,9.383859956528706192e-01,-8.465626620772020994e-02,2.622551200912763836e+00,-8.116697774737260396e-01,-3.331021007093961650e-01,-4.798282639015132855e-01,1.819336337360669131e-02,-4.784633032756148707e-01,-9.205820802926552304e-02,8.732686606955668562e-01,5.314458446686098902e-01
-4.242633940072788046e-01,9.027625283298762460e-01,-7.085471013895790204e-02,2.479644389426614026e+00,-8.052719327583029996e-01,-4.119173291117471103e-01,-4.264519061853899173e-01,-1.206536287015276543e-01,-4.141710839944439115e-01,-1.238706237204588445e-01,9.017307701093345562e-01,4.939197786221455888e-01
-5.238198360568727674e-01,8.411858378073661102e-01,-1.342354857169753002e-01,2.355669582683882712e+00,-7.319975107784240098e-01,-5.251008092339820577e-01,-4.341068812585319736e-01,-2.097609154050826263e-01,-4.356517227873010212e-01,-1.291337539690455283e-01,8.908041591833305572e-01,4.947269068925126967e-01
-7.231701461521422569e-01,6.668067600895554170e-01,-1.799824558482333581e-01,2.186332470121192362e+00,-5.621753401506552894e-01,-7.196756199993412650e-01,-4.074627454198233578e-01,-2.686367397817001623e-01,-4.012278986321688445e-01,-1.934831948191754469e-01,8.953102404651590573e-01,4.463424846844125105e-01
-8.439629502468493083e-01,5.024072080685595409e-01,-1.879189609682621054e-01,1.985314963493012730e+00,-4.155846702894935296e-01,-8.339312875922124668e-01,-3.631087845194174157e-01,-3.469467782741634254e-01,-3.391399717388220436e-01,-2.283541216084151171e-01,9.125998436957142301e-01,4.537717838210919563e-01
-8.618080227789444159e-01,4.610986566198598258e-01,-2.113645209991704410e-01,1.845114535225752084e+00,-3.697416804626015852e-01,-8.563293466332499992e-01,-3.605428404827417666e-01,-4.057522974780854441e-01,-3.472434615691699089e-01,-2.325684392991294591e-01,9.084788932272611639e-01,4.211400461462601053e-01
-8.985242499062987553e-01,4.061170247335494365e-01,-1.665026562908057395e-01,1.684508277231597129e+00,-3.287853394216744829e-01,-8.740624324554118196e-01,-3.576521560839585057e-01,-4.437018494303361926e-01,-2.907823462861851005e-01,-2.666155029095259588e-01,9.188916153152141275e-01,4.011158213264184869e-01
-9.200517305812099256e-01,3.547772884232212598e-01,-1.662464696575198242e-01,1.476816655166297565e+00,-2.795893658354243749e-01,-8.917743066771197658e-01,-3.557644901648966962e-01,-5.026444962052518672e-01,-2.744714913543251922e-01,-2.808409898316305831e-01,9.196704512292022127e-01,3.835289120573419641e-01
-9.501139506187219474e-01,2.501872113282745391e-01,-1.862520875788174213e-01,1.297455623543524617e+00,-1.742224435785316994e-01,-9.210068982482745303e-01,-3.484147435637864332e-01,-5.105030048703058654e-01,-2.587083705511120657e-01,-2.985844146416134492e-01,9.186497299514736481e-01,3.535884818605924407e-01
-9.627201009569470447e-01,1.456065020707918989e-01,-2.279665628291909496e-01,1.093672820894837638e+00,-7.323448305810448256e-02,-9.515886370006958472e-01,-2.985226564640802160e-01,-5.719495893144924681e-01,-2.603972306009785798e-01,-2.706987485857062503e-01,9.267769255918466564e-01,3.642447776481615440e-01
-9.659103253553262824e-01,1.119686537734553150e-01,-2.334100767836067569e-01,8.954431957733994807e-01,-4.807869014817738734e-02,-9.635287382902226749e-01,-2.632504701657500390e-01,-5.684554360721418842e-01,-2.543731175372206943e-01,-2.430542965286004720e-01,9.360656633021982032e-01,3.374980022419366565e-01
-9.753473177478020339e-01,6.809584617331919387e-02,-2.099060873250438164e-01,6.851342827279347514e-01,-1.354076885038580161e-02,-9.678740588695028402e-01,-2.510706150596198616e-01,-5.765975900821198596e-01,-2.202595227024468638e-01,-2.420387611549334461e-01,9.449354373487519609e-01,3.399294906368839908e-01
-9.691873510997783825e-01,-2.609954193395842489e-02,-2.449381399027796280e-01,4.079924467719445724e-01,8.522056935231861474e-02,-9.684924905601152156e-01,-2.340080132985474515e-01,-5.327890452868555560e-01,-2.311132471916371722e-01,-2.476713742835532639e-01,9.408748893094316390e-01,3.491628395036559529e-01
-9.597901868250224844e-01,-1.592156279792490137e-01,-2.311994400546051043e-01,2.205743918449429020e-01,2.136260100170117582e-01,-9.485752845074751916e-01,-2.335997805345191025e-01,-4.583290142145072243e-01,-1.821173388741477439e-01,-2.735969908985425025e-01,9.444458488725882006e-01,3.580757127549198393e-01
-9.487568150533818301e-01,-2.272149665642912986e-01,-2.196220955617903259e-01,3.674370080300060071e-02,2.787377058317442313e-01,-9.291532385804741612e-01,-2.428570579231202620e-01,-3.956266670876961711e-01,-1.488818230591639202e-01,-2.916292478552273693e-01,9.448738458429126741e-01,3.826008044121973484e-01
-9.661426827563701636e-01,-1.760847199537872165e-01,-1.885801897207697309e-01,-2.262012199577267402e-01,2.233717432146359871e-01,-9.366492553942207255e-01,-2.698022177497951812e-01,-2.451299599822643893e-01,-1.291254463286763965e-01,-3.027909241840801569e-01,9.442691752578672437e-01,4.257369687360429977e-01
-9.878740591293939666e-01,-4.834000143112825859e-02,-1.475401218681014759e-01,-5.252099327591583933e-01,9.328225186005233149e-02,-9.444480980597799169e-01,-3.151447469960165226e-01,-2.800915536187074117e-01,-1.241098899650365101e-01,-3.250861952358233831e-01,9.375050404557644379e-01,4.256741243580965950e-01
-9.788236626791585460e-01,6.778105926423515226e-02,-1.931578768375147026e-01,-7.675432605567606981e-01,2.422451873963210340e-03,-9.396887997745795307e-01,-3.420220625999582653e-01,-3.087096108653339943e-01,-2.046909111472137999e-01,-3.352472036918869858e-01,9.196254364199023534e-01,4.030279291294724953e-01
-8.978995912659663015e-01,4.045974734192711031e-01,-1.734278193000023116e-01,-1.009247970587680454e+00,-3.219123025967969287e-01,-8.722334032803211734e-01,-3.682137417843855398e-01,-4.339768198425611456e-01,-3.002478866557435899e-01,-2.747904196015065748e-01,9.134229205871667867e-01,2.914800824325080586e-01
-7.390438684626982058e-01,6.558525211832415547e-01,-1.538558771879617038e-01,-1.102146079515406996e+00,-5.501480084069254595e-01,-7.194028373909656660e-01,-4.240244408046811020e-01,-5.561909373796357636e-01,-3.887818531433595015e-01,-2.287291586383660702e-01,8.924862142660816566e-01,2.638285724545961775e-01
-4.218438802650933406e-01,8.981681712750748670e-01,-1.238615226423393501e-01,-1.167569658588801351e+00,-7.736165847084999214e-01,-4.278074041878872080e-01,-4.674379154347444443e-01,-7.042380496257696354e-01,-4.728267341710354899e-01,-1.013644959066580392e-01,8.753057285444576507e-01,2.383878135562914058e-01
-9.660921237109343362e-02,9.909054372972997404e-01,-9.366469142470582043e-02,-1.143533541629911721e+00,-8.573928279548084230e-01,-1.306468901809791638e-01,-4.978041067103570194e-01,-9.116052421873569456e-01,-5.055137967026165358e-01,3.221497199575956011e-02,8.622169082792450201e-01,1.560557854568855596e-01
1.941890437460110919e-01,9.806620327763007072e-01,-2.434322821781719284e-02,-1.035932961822016996e+00,-8.630652445092960035e-01,1.590021355843673490e-01,-4.794128748789719952e-01,-1.101895270839392094e+00,-4.662713791442921196e-01,1.141065219462294167e-01,8.772517897617631011e-01,9.455954505111613395e-02
5.228445850245788673e-01,8.517106055409842114e-01,3.496547324843736482e-02,-9.054322481138236123e-01,-7.616502778965611453e-01,4.851914618228810872e-01,-4.295091379170739021e-01,-1.247976558920523393e+00,-3.827824370194750636e-01,1.979350645620596982e-01,9.023853479119920973e-01,7.186726143539208522e-02
7.271896723076753943e-01,6.831876551047494361e-01,6.670688421393054790e-02,-7.229659319021102259e-01,-6.008097001428980288e-01,6.804675763227757690e-01,-4.195135060848571573e-01,-1.348136497710531900e+00,-3.319983203319827880e-01,2.649877459164522997e-01,9.052947640469716228e-01,-5.440451668867613000e-04
8.724781185473992062e-01,4.842905728483364314e-01,6.515039298593654216e-02,-5.368616694611384466e-01,-4.353564032305172193e-01,8.309269114193854611e-01,-3.464466337623000602e-01,-1.446851490576815280e+00,-2.219160535476854268e-01,2.739034664425989973e-01,9.358045502392853265e-01,-1.152046468939698330e-02
9.886139409597110017e-01,1.387100138558053364e-01,5.832673311812406475e-02,-2.835697363197401955e-01,-1.137182149285007049e-01,9.425612771538759427e-01,-3.140802547176928528e-01,-1.512700924605094643e+00,-9.854259654375835398e-02,3.038713064212836823e-01,9.476030739715013418e-01,-6.003944704043698982e-03
9.959061463024126981e-01,-8.671471708820080795e-03,8.997640432625719775e-02,4.180414445969043991e-02,3.642876884416203914e-02,9.494797950145476007e-01,-3.117066949226985906e-01,-1.465551667549235715e+00,-8.272782214936884315e-02,3.137083429517562583e-01,9.459086546833620490e-01,1.983453551635932718e-02
9.869108339062692137e-01,-1.508963057444761557e-01,5.689737103859400513e-02,2.780259592182117712e-01,1.611663737462357415e-01,9.353242984748632027e-01,-3.149505622411150618e-01,-1.429345324875427092e+00,-5.692617317407135807e-03,3.199980649866111526e-01,9.474010937891639283e-01,8.189130294924187869e-02
9.668310461001246026e-01,-2.463734287465534911e-01,6.736365418092662982e-02,4.771251878343667485e-01,2.553686599144687208e-01,9.273045765319342104e-01,-2.736659823149737436e-01,-1.349074590479140356e+00,4.957401580345744720e-03,2.817913340587288595e-01,9.594629061193429287e-01,8.638849322425379285e-02
9.406397330957652070e-01,-3.359792560606618128e-01,4.811270121759399915e-02,7.584110874601730501e-01,3.365063780420015638e-01,9.046920270078778747e-01,-2.613346395054271243e-01,-1.254898574027297320e+00,4.427584057454493627e-02,2.620119763776123101e-01,9.640484293727763498e-01,1.334666497291095988e-01
9.137839135676874003e-01,-4.007538016960475180e-01,6.629743381977737382e-02,9.330705381617839800e-01,4.037052078569282054e-01,8.779287058141169720e-01,-2.574165741686903486e-01,-1.223318572359696432e+00,4.495625044548080818e-02,2.619877438616466936e-01,9.640235254453956015e-01,2.105439110532825175e-01
9.429390737057210536e-01,-3.173493972665010210e-01,1.007733264985667399e-01,1.265313351483001725e+00,3.328551951210320659e-01,9.062017621633960962e-01,-2.607791888416255977e-01,-1.218024237499758078e+00,-8.562847653531699410e-03,2.794418120227274982e-01,9.601244457535278443e-01,2.976588917011050439e-01
9.784546705418841750e-01,-1.844401055781088039e-01,9.278095251241105790e-02,1.457103262744888550e+00,2.042834031314489929e-01,9.299755408706525950e-01,-3.056366872405400503e-01,-1.214715773376005004e+00,-2.991235363203534683e-02,3.180052528444680116e-01,9.476169638960247887e-01,3.208194565295985901e-01
9.918449533116262540e-01,-7.697813607996489838e-02,1.015773358378412178e-01,1.663454311947456299e+00,1.067984108336798854e-01,9.369331766811238582e-01,-3.327917094484463822e-01,-1.218774902310162389e+00,-6.955349044914743706e-02,3.409260755645908136e-01,9.375135854836820215e-01,3.540156890517185406e-01
9.888595091120206959e-01,-3.173879184754736099e-02,1.454287465764340370e-01,1.820788534743173814e+00,8.049952650798565534e-02,9.358332090467059716e-01,-3.431268440057338442e-01,-1.226889681664607545e+00,-1.252066191170606857e-01,3.510111877667194680e-01,9.279625254243157872e-01,3.347004537234134491e-01
9.976324025250936645e-01,-2.723675120986972578e-02,6.314862481117275439e-02,2.001169354602828410e+00,4.405080707728421113e-02,9.582164664161348933e-01,-2.826317920631312153e-01,-1.255737429420126894e+00,-5.281208032117717249e-02,2.847443816346669210e-01,9.571475964027923444e-01,3.363056183541913158e-01
9.877368160531443397e-01,-1.342006264489152556e-01,7.978830787726343132e-02,2.201434001926187989e+00,1.485844999852383996e-01,9.649242063953261672e-01,-2.164345681181443493e-01,-1.264804826630981482e+00,-4.794401503143907312e-02,2.256356970274645823e-01,9.730312963361442691e-01,3.769817144998593994e-01
9.847630771000122074e-01,-1.256601741773555325e-01,1.202131548801279176e-01,2.370778805560621816e+00,1.509984399839017222e-01,9.607672901321359094e-01,-2.326492753794457968e-01,-1.255494327912577646e+00,-8.626211858599863724e-02,2.472564151601934490e-01,9.651026432764482355e-01,3.628190591046450697e-01
9.870162378781817125e-01,-1.409851103808263950e-01,7.695547294187800313e-02,2.533317634845576372e+00,1.558792049245407985e-01,9.563334637814001615e-01,-2.472407319273326465e-01,-1.168820400633742373e+00,-3.873783211403081239e-02,2.560263750139357142e-01,9.658933044908897259e-01,4.606393031586311082e-01
9.629322067470065249e-01,-2.390398988652056023e-01,1.249859670517203536e-01,2.721121875088770903e+00,2.633990192853387091e-01,9.331588077852580598e-01,-2.446131560082537848e-01,-1.111843172073023300e+00,-5.815945193055929718e-02,2.684670672602302854e-01,9.615315449572259254e-01,4.797823784267433167e-01
9.231531971746711474e-01,-3.712857443967210180e-01,9.967482407286615276e-02,2.920746980265886972e+00,3.842747617606170896e-01,8.986399720694567828e-01,-2.116107465910643803e-01,-1.014971808056064573e+00,-1.100372755045935479e-02,2.336516565461922157e-01,9.722581042980393828e-01,4.992473220749650276e-01
8.870422603647913906e-01,-4.557178231763813203e-01,7.400874249913549918e-02,3.109815721883865791e+00,4.607889892899672546e-01,8.638658441358206819e-01,-2.034927779667796144e-01,-9.709210169403356128e-01,2.880166099468908433e-02,2.146091073903608482e-01,9.762752661770456308e-01,5.721248559447008608e-01
8.882511802226209507e-01,-4.440117359286623877e-01,1.177430218345779656e-01,3.316377411912279527e+00,4.590327640051226066e-01,8.676131010559617884e-01,-1.911450455697859541e-01,-9.069225901230795195e-01,-1.728474480399420921e-02,2.238327170761108265e-01,9.744742953836126320e-01,5.802529847362896120e-01
9.460024814174071706e-01,-3.073396030700525916e-01,1.030615036609301566e-01,3.489149824870516614e+00,3.230025170832466763e-01,9.205525430650454144e-01,-2.196642652193692702e-01,-8.305382329414330300e-01,-2.736200120598117000e-02,2.410920650731193937e-01,9.701164554056302958e-01,6.021510166614106874e-01
9.220731380104671970e-01,-3.639412277807225760e-01,1.316355228689866652e-01,3.622220568502056537e+00,3.855530145602825698e-01,8.933638072698878441e-01,-2.307595736339663195e-01,-7.327038935793789287e-01,-3.361548933169870162e-02,2.635296768519855282e-01,9.640654066479515949e-01,6.466268522353347814e-01
8.677983810510732088e-01,-4.775433120683642008e-01,1.373985259888718391e-01,3.815678491764355584e+00,4.965708330333062914e-01,8.436967071077742242e-01,-2.039442918939076421e-01,-6.011200283031759017e-01,-1.853045130981936794e-02,2.452106268379829757e-01,9.692927168095196722e-01,7.045901981731969022e-01
7.990765985422721984e-01,-5.964460696512566829e-01,7.568801529754906610e-02,3.974048551819098218e+00,5.983921331874143545e-01,7.767633645605800385e-01,-1.963810846694348522e-01,-5.075938892945001113e-01,5.833904868549805167e-02,2.022146420863159544e-01,9.776020631751838330e-01,7.701367811383813544e-01
7.671373372847131167e-01,-6.366687945351849898e-01,7.844202833198588021e-02,4.111673665004804690e+00,6.378438450693175721e-01,7.440544406225684249e-01,-1.988421954642066725e-01,-3.902162810949982852e-01,6.823148137707052419e-02,2.025730373345681623e-01,9.768872143160335364e-01,8.183170343836831950e-01
8.062670533178004639e-01,-5.896563814570804363e-01,4.731585929870111423e-02,4.261956351419150302e+00,5.872535749076607248e-01,7.882196848099007891e-01,-1.839645814725047734e-01,-3.285776165347745748e-01,7.118059772441148736e-02,1.761109885416689280e-01,9.817933806165499711e-01,8.228770412062331729e-01
8.597531375045415203e-01,-5.073234581904392249e-01,5.871500081573566981e-02,4.432653376778590726e+00,5.063443666022997558e-01,8.317521183515964589e-01,-2.276044727762361886e-01,-2.926214378356082890e-01,6.663276192094787220e-02,2.254136694775332461e-01,9.719818684787601137e-01,8.550803244850100349e-01
8.825280463498593742e-01,-4.576099285064201272e-01,1.083392852950893770e-01,4.606443029272805134e+00,4.702456796479262402e-01,8.569794475899421560e-01,-2.108440826319247230e-01,-2.191140989530037664e-01,3.639804714721864114e-03,2.370218971757406812e-01,9.714974894876740041e-01,8.639631540561665268e-01
9.206178954180954666e-01,-3.698159010938679714e-01,1.252952111378889677e-01,4.869628552220710560e+00,3.898649224282968451e-01,8.883728826383351374e-01,-2.424849761383852942e-01,-1.274730205905824643e-01,-2.163406794700334021e-02,2.720842161739374654e-01,9.620302211537226089e-01,9.035203448327210340e-01
9.381643314484326979e-01,-3.048527587028599384e-01,1.640502444654454439e-01,5.132709416656709323e+00,3.374999479150142534e-01,9.109128895699637463e-01,-2.373425641823690702e-01,-1.022428903513369902e-01,-7.708094677207219525e-02,2.780332770129421149e-01,9.574737722351289726e-01,9.385312031020670576e-01
9.462761457061049652e-01,-2.748913337876580099e-01,1.702827374575648645e-01,5.437564946326251203e+00,3.108988381210932017e-01,9.182184719404001827e-01,-2.453910149993090983e-01,-3.419506696080101826e-02,-8.890089157344641113e-02,2.851483690920912362e-01,9.543516328280519101e-01,9.537643210626226553e-01
9.270158545435477349e-01,-3.396630474856099924e-01,1.589673538739489467e-01,5.713035293813840454e+00,3.713240206974073310e-01,8.907143613783083946e-01,-2.621953433750187634e-01,8.026362814097644238e-02,-5.253643571853931077e-02,3.020876372962341683e-01,9.518313833420143366e-01,1.011644933011127900e+00
8.510773661497604836e-01,-5.023796203583471565e-01,1.525845138806379009e-01,5.933357433036784201e+00,5.245473547162959882e-01,8.261706372207642257e-01,-2.056505552007412418e-01,2.234727893202555493e-01,-2.274619721455560170e-02,2.550623359942433277e-01,9.666570308384656585e-01,1.077839780525753355e+00
7.190756199661738624e-01,-6.906571801533124555e-01,7.696045915233715173e-02,6.171706096308922973e+00,6.923524716845987914e-01,7.024670609358371065e-01,-1.648880931189221632e-01,3.873096642362686137e-01,5.981895788535662728e-02,1.718507719006313883e-01,9.833051431141144327e-01,1.114183583032393621e+00
5.813887304553985169e-01,-8.105355657158900273e-01,7.084660054711955368e-02,6.315562649328461120e+00,8.090260091465115710e-01,5.666599469205898520e-01,-1.561198932885345947e-01,4.980062708741841426e-01,8.639479512059163036e-02,1.480830890600866590e-01,9.851940611425220595e-01,1.177109335323185402e+00
4.747850774752673808e-01,-8.768605722193100194e-01,7.546301805539878949e-02,6.389251226181535515e+00,8.765771271637828876e-01,4.634760740467411266e-01,-1.296243376820476745e-01,6.656919638984788445e-01,7.868716756939467261e-02,1.276928567831614458e-01,9.886874450434085526e-01,1.208007665614298398e+00
4.028078722750336738e-01,-9.152513576078153967e-01,7.795539129013194860e-03,6.456301432127027340e+00,9.040976477065616468e-01,3.965426406967988981e-01,-1.592525589140478814e-01,8.714081401067709232e-01,1.426648570767266588e-01,7.119611299966742413e-02,9.872070968388638734e-01,1.270686207938896306e+00
6.798847046528881666e-02,-9.976811432063348306e-01,-3.147121588464892820e-03,6.449736893389454551e+00,9.788014420965167606e-01,6.731206118815706574e-02,-1.934342869513617225e-01,9.926152558995949837e-01,1.931975797818659135e-01,1.007089415612444534e-02,9.811081858069109485e-01,1.309151666859918128e+00
-3.500687723174465971e-01,-9.367230080554016514e-01,-1.364121620981399371e-03,6.373386098127320487e+00,9.133864401857904047e-01,-3.410237496946315061e-01,-2.223241170654761401e-01,1.144652201438260297e+00,2.077909178306073523e-01,-7.907470090904000770e-02,9.749718591545408763e-01,1.349513657076096163e+00
-6.304622528559268302e-01,-7.758772532485237461e-01,-2.306156142494470568e-02,6.238143466910940127e+00,7.617296770900819913e-01,-6.127060247350719635e-01,-2.106163011107767546e-01,1.258692322624128224e+00,1.492824395703318541e-01,-1.503523034238986034e-01,9.772967502714108301e-01,1.369131309691561160e+00
-8.222806557340242017e-01,-5.664777351739490596e-01,-5.438289030400239588e-02,6.093113228253927538e+00,5.672167292802630101e-01,-8.081030860607311128e-01,-1.588539716964108284e-01,1.388627728779187498e+00,4.604025662640284788e-02,-1.614694331795221982e-01,9.858031836621653499e-01,1.395363835822997833e+00
-9.019926041408140582e-01,-4.283636813647631048e-01,-5.398053874222892567e-02,5.863879085366636268e+00,4.301872212327806366e-01,-8.810395013531685526e-01,-1.967443817326924860e-01,1.443975578869714393e+00,3.671916071062165249e-02,-2.006837151913134498e-01,9.789676959398208034e-01,1.445305794819895517e+00
-9.834841409933173795e-01,-1.807749293724033590e-01,-8.908946348484349936e-03,5.629473124566629849e+00,1.782630295016836841e-01,-9.589498526139141887e-01,-2.205390497953474971e-01,1.487054745446128257e+00,3.132469836278663905e-02,-2.184847937092083969e-01,9.753374586215415309e-01,1.501955968651363271e+00
-9.979849434033772893e-01,5.496499614477877438e-02,-3.170018831116280106e-02,5.465994979660115050e+00,-4.487941867761394144e-02,-9.646445509338515967e-01,-2.597050791432229944e-01,1.397803292046212009e+00,-4.485410259182677495e-02,-2.577590726869430360e-01,9.651675346426915603e-01,1.456323436732263055e+00
-9.811489148721680431e-01,1.909089842807525084e-01,-3.000944128202874539e-02,5.255637147453856350e+00,-1.733973217429835290e-01,-9.382221394588766694e-01,-2.994538125347029345e-01,1.344515839871759377e+00,-8.532394539358942320e-02,-2.886052264774501830e-01,9.536387406100769182e-01,1.472169500582282131e+00
-9.363337510160462118e-01,3.509626851591752250e-01,1.021275350154625047e-02,5.023460476364374649e+00,-3.346272448105928610e-01,-8.831893683754555857e-01,-3.286352790237774824e-01,1.293034110265659287e+00,-1.063189246498147111e-01,-3.111297690906905666e-01,9.444016905146256358e-01,1.486490295119376803e+00
-8.967548190285931087e-01,4.396903681225859395e-01,-5.003173721969805116e-02,4.789551087546394470e+00,-4.016421931714476701e-01,-8.561483138624338407e-01,-3.251055418397870711e-01,1.179656208120714700e+00,-1.857803628304814658e-01,-2.714451046726337191e-01,9.443533300284591148e-01,1.445561425991187976e+00
-8.943864323404752126e-01,4.432806156699507505e-01,-5.979302147029171705e-02,4.627261125838645128e+00,-4.130694019652728088e-01,-8.698214216025669243e-01,-2.697857736822719676e-01,1.073320472691090322e+00,-1.716000547940733090e-01,-2.165940679994717843e-01,9.610621368580252177e-01,1.444620409376272008e+00
-8.804215988279812111e-01,4.671804744291327416e-01,-8.124169267902295322e-02,4.431182947779973347e+00,-4.336437328796627910e-01,-8.625525750194473762e-01,-2.606840391384038225e-01,9.101507529214423187e-01,-1.918617243000117489e-01,-1.942819076483753848e-01,9.619998020317555021e-01,1.411488116043137175e+00
-8.588624946573087948e-01,5.028351171034710632e-01,-9.752979174879683466e-02,4.209479067034441968e+00,-4.585688029294539003e-01,-8.396841940156906103e-01,-2.909383221579244783e-01,8.560882673718481772e-01,-2.281882298692737843e-01,-2.051518933077618456e-01,9.517577593176588246e-01,1.385300291794101746e+00
-8.670054705899371550e-01,4.976161111221303890e-01,-2.607143875604122502e-02,3.994502724045535302e+00,-4.705532425575679190e-01,-8.348241223929659949e-01,-2.857417200714192362e-01,7.779223466115162688e-01,-1.639547495063218840e-01,-2.354716344329024769e-01,9.579519557325508750e-01,1.402980271831580694e+00
-9.042370273382048795e-01,4.231049030566493840e-01,-5.777230651437301190e-02,3.795426018551992797e+00,-3.869258918094773958e-01,-8.690223754524354360e-01,-3.083641762761156757e-01,7.065048388342503038e-01,-1.806758219519359610e-01,-2.564807048735445738e-01,9.495124514136528138e-01,1.375018862434721267e+00
-9.627780234044295282e-01,2.623560210534019999e-01,-6.502150310849071080e-02,3.601925582743938481e+00,-2.349815792000280179e-01,-9.312998956011859786e-01,-2.783238435525807186e-01,6.779056486601260367e-01,-1.335744552155141152e-01,-2.526852244794843827e-01,9.582839048234262913e-01,1.371944735709771379e+00
-9.789204091405256936e-01,1.826956497274042912e-01,-9.130789746143642971e-02,3.326302962623969961e+00,-1.528236214579654362e-01,-9.517891176617669924e-01,-2.659744653629517730e-01,6.430346610960261389e-01,-1.354982409207550753e-01,-2.464138288962637591e-01,9.596460032929153838e-01,1.371272171360455427e+00
-9.905438488051214740e-01,1.233618306232389938e-01,-6.003950649048232086e-02,3.163946871475999512e+00,-1.027968972248767127e-01,-9.571612293090892010e-01,-2.706938843573157283e-01,5.790913899131758802e-01,-9.086078095237483387e-02,-2.619622870811692539e-01,9.607913814309171352e-01,1.338210092798996165e+00
-9.926927825130972272e-01,1.120508124557849372e-01,-4.478453945731664110e-02,2.965621938703264959e+00,-9.549244755551784813e-02,-9.563631083623814755e-01,-2.761354693321755316e-01,5.715355812144997660e-01,-7.377148504850672417e-02,-2.698411021164912604e-01,9.600747614651150563e-01,1.356908705750740962e+00
-9.982600197871557279e-01,-3.862392301049694804e-02,-4.455474683832909982e-02,2.817768913035345602e+00,4.916867869243712191e-02,-9.623285811665073242e-01,-2.674063254780956189e-01,6.435578467443494599e-01,-3.254802498137627370e-02,-2.691317417944907309e-01,9.625532357373681736e-01,1.398362837100411094e+00
-9.707115505971927183e-01,-2.397899003050278088e-01,-1.482866308537046825e-02,2.634021548459145379e+00,2.342387026811862394e-01,-9.309084187198485294e-01,-2.802530037711394306e-01,6.932744970225445114e-01,5.339771252993447820e-02,-2.755182746538168970e-01,9.598116297630262528e-01,1.417554601601354047e+00
-9.250420726379581238e-01,-3.780573102050132639e-01,-3.701126923278524189e-02,2.508579414080382985e+00,3.739338710606207594e-01,-8.891170900337516114e-01,-2.639019899196156094e-01,7.495137422373175928e-01,6.686272446805058278e-02,-2.579602109056046144e-01,9.638391492703788366e-01,1.436494334378212612e+00
-8.725359729414152721e-01,-4.874708405538882849e-01,-3.245235789374960322e-02,2.320816790374358618e+00,4.763430501494692049e-01,-8.340999565927885717e-01,-2.781628317842063103e-01,9.088376032572699215e-01,1.085277591101865696e-01,-2.581655322106222172e-01,9.599855642044465842e-01,1.477425296762139295e+00
-8.160655368417906175e-01,-5.778159212553019008e-01,1.287636295727699089e-02,2.176397972000910119e+00,5.573675336216222798e-01,-7.926889384996069765e-01,-2.469527874815672930e-01,1.029782080439136660e+00,1.529002028895659893e-01,-1.943527924272071550e-01,9.689419590626048295e-01,1.577294652932366370e+00
-6.096579216661114353e-01,-7.926132305190592975e-01,9.026923944453564899e-03,2.109447031626281444e+00,7.764852768158754248e-01,-5.994644003343423400e-01,-1.941984748136829086e-01,1.203495080615760493e+00,1.593356000331726252e-01,-1.113853650078333729e-01,9.809207241281746592e-01,1.653261895390451652e+00
-4.745369953107695937e-01,-8.801084732792744392e-01,1.495711681615888473e-02,2.012422065313969277e+00,8.622100684169029527e-01,-4.681734614385611448e-01,-1.934099478443540021e-01,1.437151923659889974e+00,1.772242590672801210e-01,-7.888399879989214936e-02,9.810040146357170698e-01,1.708058882362028630e+00
-3.278173209214882422e-01,-9.438525953690783954e-01,4.096440307039258405e-02,1.960317555761526664e+00,9.273224902947625470e-01,-3.297585422309942671e-01,-1.770093297518800235e-01,1.624397339307753318e+00,1.805790771307080878e-01,-2.003951198869447295e-02,9.833563010739692078e-01,1.741024192776516655e+00
-2.424866296174710278e-01,-9.697643395513138032e-01,2.752017789485268831e-02,1.922802135397488899e+00,9.560173061457526433e-01,-2.436819225306271208e-01,-1.632483720641519920e-01,1.779368827187915114e+00,1.650186195754216045e-01,-1.327578119668597172e-02,9.862010995872201313e-01,1.787169192855946775e+00
-1.888267519559680974e-01,-9.790453797660140234e-01,7.625353830860205628e-02,1.922714584735129462e+00,9.598808981052817657e-01,-2.004060560292982296e-01,-1.961276986031799119e-01,1.962852173444414650e+00,2.072995880322900941e-01,3.616015853952912751e-02,9.776089830479469667e-01,1.848528958027411573e+00
-1.117566845257748215e-01,-9.898039002121807872e-01,8.831014997474756489e-02,1.986723762934373250e+00,9.783006761947962149e-01,-1.251874995461685069e-01,-1.650935398923371600e-01,2.133003907847475844e+00,1.744655565451558588e-01,6.794357278016824320e-02,9.823163647711754543e-01,1.875328458442497404e+00
8.309351785741422858e-02,-9.847316356290541917e-01,1.529675556495811717e-01,2.101933820939558384e+00,9.822055655195057744e-01,5.498454736261601528e-02,-1.795798613816048384e-01,2.338059436220340626e+00,1.684271188157880628e-01,1.651675069214777747e-01,9.717777525261411808e-01,1.974996812381768718e+00
2.022177145539789389e-01,-9.619880891402764478e-01,1.835399473488144029e-01,2.149969088340375478e+00,9.693263213451842608e-01,1.698709415325569128e-01,-1.776241705688035299e-01,2.535880869168686047e+00,1.396942327656303107e-01,2.138288558054846911e-01,9.668312891900743278e-01,2.031864345457080390e+00
2.973291802399551931e-01,-9.394670849759111375e-01,1.702849224820005281e-01,2.216627319835552168e+00,9.465383197006742577e-01,2.666617861055549654e-01,-1.815398060184587881e-01,2.673780443907742832e+00,1.251421907913571607e-01,2.151582861008611847e-01,9.685279262912770415e-01,2.056856965952129190e+00
3.398454704954478878e-01,-9.325591940423916260e-01,1.218129951636247321e-01,2.318170765557515001e+00,9.260019416869053055e-01,3.091545420078271600e-01,-2.166653482862731517e-01,2.856570498450845541e+00,1.643942218443484315e-01,1.864318072726226794e-01,9.686163952056854320e-01,2.100245950303061271e+00
3.841910697409393616e-01,-9.134496818167150423e-01,1.341897936515858980e-01,2.475196262605814379e+00,9.117403589303616496e-01,3.524893010742829458e-01,-2.109047427766830296e-01,3.085543710230937986e+00,1.453504036074469985e-01,2.033739693694995576e-01,9.682521824163619062e-01,2.140931111276635157e+00
5.355421737253719394e-01,-8.314261834989592481e-01,1.480712043371671949e-01,2.606277998950575991e+00,8.321913870971694438e-01,4.897199671319703573e-01,-2.600612409290378180e-01,3.236739187764867243e+00,1.437082997004440199e-01,2.624973431953500080e-01,9.541714046294783591e-01,2.185374001035677693e+00
6.144468664834606964e-01,-7.671945594998940132e-01,1.840313998817056651e-01,2.742203521944964972e+00,7.825454639436683069e-01,5.629606739767948342e-01,-2.658907226978438620e-01,3.449110500096611798e+00,1.003874749649823206e-01,3.073886585893448875e-01,9.462740445773623055e-01,2.222611463013421940e+00
6.462327504287814772e-01,-7.460322094693284667e-01,1.606834612135444318e-01,2.872688143722582854e+00,7.529342776355288924e-01,5.889761768109221807e-01,-2.935933185729085459e-01,3.582682787498314259e+00,1.243913414780795090e-01,3.107137035656805657e-01,9.423289174071778351e-01,2.269599100361710864e+00
6.696473423450843843e-01,-7.356907625609199197e-01,1.016441772690295786e-01,3.022308142720107504e+00,7.232146457958676944e-01,6.148325366571640860e-01,-3.145497225782820649e-01,3.717368557222889169e+00,1.689171779201938672e-01,2.841479434207636046e-01,9.437833084205450307e-01,2.334233128354046283e+00
7.460936081307742995e-01,-6.520771442143131758e-01,1.346837996928691439e-01,3.170559433653436177e+00,6.573430597711823475e-01,6.891314560928593069e-01,-3.049556328287689189e-01,3.826187802178137254e+00,1.060397551725860005e-01,3.160589094087392081e-01,9.427949597374276625e-01,2.366370516248912370e+00
8.104531219724022684e-01,-5.724209729133880042e-01,1.244988628625863514e-01,3.377403837776498108e+00,5.814362009623774696e-01,7.601315933431140870e-01,-2.900550034253783216e-01,3.972178392800591151e+00,7.139804826200719934e-02,3.074641289167716063e-01,9.488772987767324363e-01,2.394541506839352962e+00
7.630466026894574538e-01,-6.297905523490415769e-01,1.453400918396809682e-01,3.611675732823812268e+00,6.422540448215895426e-01,7.135456716570106606e-01,-2.799326997152226659e-01,4.171464270363124172e+00,7.259217612377130702e-02,3.069469573581647959e-01,9.489541302582447102e-01,2.463686970029468348e+00
6.630344314831300156e-01,-7.412530943135281492e-01,1.045427799442066596e-01,3.747523138302215173e+00,7.369779239845641872e-01,6.218525867673901919e-01,-2.648828040664535366e-01,4.357258140648242239e+00,1.313350000085433122e-01,2.526721403347146344e-01,9.585968429279493330e-01,2.519422019901303322e+00
4.812792160629706939e-01,-8.727846634536406967e-01,8.134646535608035245e-02,3.849410939384099173e+00,8.524892117168220151e-01,4.444377722287018995e-01,-2.752039435088456942e-01,4.500769690629628172e+00,2.040403393749465610e-01,2.017969223167298543e-01,9.579381723531292803e-01,2.577961064920745837e+00
2.984558314123570977e-01,-9.518792644569394890e-01,6.964181640993462319e-02,3.946098694362015991e+00,9.353390704756772145e-01,2.771895240389681825e-01,-2.197880592860916027e-01,4.718888181757113109e+00,1.899077142657835948e-01,1.307357397958447964e-01,9.730586962780714000e-01,2.653424998105616606e+00
4.474472361651104374e-02,-9.984795859181960775e-01,3.219357409655299040e-02,3.965339854794930563e+00,9.653584651133567673e-01,3.492319423978874904e-02,-2.585795899487700056e-01,4.955420250123198755e+00,2.570621394574973406e-01,4.264841156149000445e-02,9.654533491830753489e-01,2.775582444621467193e+00
-2.596217011120538487e-01,-9.655561343541892994e-01,1.726046704693898898e-02,3.897370275991081989e+00,9.315533691835833352e-01,-2.551104532805349434e-01,-2.590887434639231879e-01,5.102233879985298870e+00,2.545680511658877099e-01,-5.118601408582987289e-02,9.656992799456819432e-01,2.835046863984764798e+00
-6.085354035668768535e-01,-7.932988681180124235e-01,-1.901495328364261744e-02,3.781043955639940002e+00,7.611024321934825032e-01,-5.767225822349865139e-01,-2.968402783474215489e-01,5.241768729710647001e+00,2.245167038660248193e-01,-1.951101457712777487e-01,9.547378073074554994e-01,2.896917556628422652e+00
-8.891537554181954128e-01,-4.549025395705701413e-01,-4.969183753863595093e-02,3.580249971143349086e+00,4.490251439219849483e-01,-8.463829296586656836e-01,-2.863779958520819013e-01,5.297180868011145627e+00,8.821575455416877376e-02,-2.769469549835483768e-01,9.568272387290094327e-01,2.926009427246705208e+00
-9.957004005629532806e-01,-5.781584510414133904e-02,-7.237430741408726331e-02,3.360696342653626711e+00,7.800174593400575895e-02,-9.447333028791257137e-01,-3.184253665497540631e-01,5.270389353410672051e+00,-4.996438681722993602e-02,-3.227015873620580066e-01,9.451810649626811722e-01,2.960457779813956858e+00
-9.695224831291808787e-01,2.344427889636417905e-01,-7.115288757300713973e-02,3.153862136380984005e+00,-1.902884777731095600e-01,-9.034866831727038639e-01,-3.840600324902075924e-01,5.188619270732909960e+00,-1.543257915379675493e-01,-3.588152617051506010e-01,9.205624139805219652e-01,2.931791681896062762e+00
-8.593058086917336746e-01,5.112798094686755723e-01,-1.365589903013341572e-02,2.985478327582324898e+00,-4.594499537712826709e-01,-7.833761324793309111e-01,-4.186019290940886095e-01,5.009914955909700041e+00,-2.247204199181994655e-01,-3.534328670220149293e-01,9.080671458545279684e-01,2.899875085419433507e+00
-6.971682451843654871e-01,7.158980482461100303e-01,-3.803186064293394980e-02,2.890920360888643792e+00,-6.352580225143329429e-01,-6.414843757515953371e-01,-4.300523694827940169e-01,4.889744336351347975e+00,-3.322704963395509137e-01,-2.756588111851264733e-01,9.020025150066228736e-01,2.848193258061336497e+00
-5.113625401840251605e-01,8.586467532843971018e-01,-3.512983875148981139e-02,2.807036933113695287e+00,-7.564502579168125296e-01,-4.691450750007712944e-01,-4.557256915076311476e-01,4.717392942333596295e+00,-4.077883762371463661e-01,-2.064670716523228644e-01,8.894267752486360035e-01,2.785364826650896575e+00
-3.584246412174088015e-01,9.331563448611276401e-01,2.740460934939040888e-02,2.692107093830705455e+00,-8.379332670732542176e-01,-3.086303296698796883e-01,-4.501279368577380535e-01,4.486723145090333098e+00,-4.115818466600700276e-01,-1.843001781151679952e-01,8.925434599203589947e-01,2.731667358398893963e+00
-3.161395618466475987e-01,9.483716739044639743e-01,2.543512475014613611e-02,2.618805628113896944e+00,-8.472215317795864786e-01,-2.701532752664079218e-01,-4.574198114991124275e-01,4.301822142040442998e+00,-4.269326100504153287e-01,-1.661576841391290693e-01,8.888870403358701822e-01,2.688002150686440661e+00
-3.829084147831579577e-01,9.236038663906019908e-01,1.835875476662180567e-02,2.497691215227298756e+00,-8.212553356511828051e-01,-3.312424348238756089e-01,-4.645622918795859757e-01,4.138120904438997272e+00,-4.229903303300341366e-01,-1.929620360596425444e-01,8.853501189286684392e-01,2.647251858808589375e+00
-4.506201325621560505e-01,8.925028361438709368e-01,1.949829748497181742e-02,2.357108157781801161e+00,-7.946479259573938636e-01,-3.910696540740730143e-01,-4.643266085784845121e-01,3.961630942473408634e+00,-4.067876226008806384e-01,-2.247291995659058961e-01,8.854493870127148059e-01,2.602767850933686233e+00
-4.737897830505186092e-01,8.803936437525529124e-01,2.074303538651922629e-02,2.252785511357206172e+00,-7.796068120231723908e-01,-4.083634288702793214e-01,-4.748184164587281875e-01,3.820826894954410857e+00,-4.095564187312997761e-01,-2.411355262117394482e-01,8.798393023016085612e-01,2.540094029529582631e+00
-5.332133495188795536e-01,8.407741433020746724e-01,9.371426705427754467e-02,2.060263276028857504e+00,-7.812321265233755918e-01,-4.468690896085460440e-01,-4.358719780396460575e-01,3.656820595064750101e+00,-3.245918797237863918e-01,-3.056253535083316430e-01,8.951163359643750095e-01,2.532175625087444093e+00
-5.987600543767331862e-01,7.993544913018497677e-01,5.018759327098236411e-02,1.933699067737656208e+00,-7.297285294340565276e-01,-5.186323544422299925e-01,-4.455521902714856819e-01,3.497736306669132045e+00,-3.301252347409692200e-01,-3.034021723080955746e-01,8.938481141815706188e-01,2.490987339549064039e+00
-7.113941530219974885e-01,7.023852848940405069e-01,2.394307019647684900e-02,1.716025877485871431e+00,-6.437692752155105280e-01,-6.376032096129284898e-01,-4.231114124905967500e-01,3.332256204348429840e+00,-2.819210515988658239e-01,-3.164127978695087107e-01,9.057612610449734536e-01,2.438609104890788082e+00
-7.444894633102808745e-01,6.674833818154980447e-01,1.419063142065783364e-02,1.533102996666409368e+00,-6.155808996725063986e-01,-6.780608361081443825e-01,-4.016138176092941547e-01,3.191365005268046673e+00,-2.584484377556899859e-01,-3.077327371867855654e-01,9.156991686603048741e-01,2.428258198787189848e+00
-7.455307802705896103e-01,6.662554552502463201e-01,-1.695653320740844391e-02,1.374033851482671764e+00,-6.036317772240037405e-01,-6.858032532331781450e-01,-4.065741941886865107e-01,3.077738574171525077e+00,-2.825111204793819830e-01,-2.928780739558314861e-01,9.134603990329346335e-01,2.369332823201705462e+00
-7.500034788274771991e-01,6.604250241873946825e-01,3.651806640228918294e-02,1.239214689268961500e+00,-6.231805781033725733e-01,-6.870464757923098187e-01,-3.736483737099803859e-01,2.915897151172036406e+00,-2.216771274205516506e-01,-3.029949298725101436e-01,9.268512953274256061e-01,2.382549565237822797e+00
-7.416615558995389712e-01,6.694608569474918003e-01,4.195589965435109897e-02,1.035281180858106831e+00,-6.288636182089203386e-01,-6.721975477201116433e-01,-3.907441701833224701e-01,2.744299586293236004e+00,-2.333852741581172452e-01,-3.161844680786825013e-01,9.195426558631972780e-01,2.357269207278691159e+00
-7.494069421774257611e-01,6.612519789139711390e-01,3.369058323387153636e-02,8.894565121917156203e-01,-6.098824775094333628e-01,-6.695915734386003182e-01,-4.238991488632345983e-01,2.629212495764390312e+00,-2.577452204081293052e-01,-3.382202613126211732e-01,9.050825687164615330e-01,2.349031574875719564e+00
-6.993259734618856305e-01,7.146212772465505569e-01,1.611250905649842108e-02,7.393146697867362116e-01,-6.585547426453944864e-01,-6.353673089664824136e-01,-4.032543039273710495e-01,2.410656221442221359e+00,-2.779367442078206629e-01,-2.926171779017775476e-01,9.149460931748696346e-01,2.340079363465871420e+00
-6.248460633329141478e-01,7.799280389545899528e-01,3.577221253722215333e-02,6.389886643397433286e-01,-7.143787379531167936e-01,-5.526430452916775149e-01,-4.292419868224131574e-01,2.260006015297450599e+00,-3.150085965459846205e-01,-2.937650737293147629e-01,9.024808394414479684e-01,2.300387027349113822e+00
-5.033385108431914778e-01,8.592743417771421255e-01,9.109307913128428247e-02,5.406063088568436870e-01,-8.087428935553360176e-01,-4.313510381577383423e-01,-3.998389850977310811e-01,2.015565185967099104e+00,-3.042782864844284507e-01,-2.749252397356449773e-01,9.120476067236837903e-01,2.271123464502065925e+00
-4.527594987787496583e-01,8.873366693134159267e-01,8.742123058725370655e-02,4.289196227111493065e-01,-8.298461809360955233e-01,-3.834921558523989304e-01,-4.053258965147135129e-01,1.834360389015653237e+00,-3.261351748146640861e-01,-2.560613240836152604e-01,9.099826625036080419e-01,2.259744490851666399e+00
-5.013556945591545189e-01,8.587595927895923520e-01,1.057091733245613813e-01,3.307180421743978194e-01,-8.086197517168537408e-01,-4.215670207632905009e-01,-4.103843858361779784e-01,1.704046198319100869e+00,-3.078580268020970068e-01,-2.912270742850296412e-01,9.057649952040001118e-01,2.224386073814334175e+00
-4.623305652430803603e-01,8.843498452639816376e-01,6.462042729343707437e-02,2.327613183251001083e-01,-8.218333933200010488e-01,-4.000029978948270726e-01,-4.056938196463967250e-01,1.524214160738587509e+00,-3.329269019862245438e-01,-2.406718779930966112e-01,9.117218463309585408e-01,2.236506362923247337e+00
-3.571158873987316795e-01,9.325672966286498999e-01,5.278712178314745596e-02,1.489595766996863468e-01,-8.600472958457775485e-01,-3.062460027085053826e-01,-4.080833673815035811e-01,1.313069028858410370e+00,-3.643993576775084176e-01,-1.911324752201859767e-01,9.114172946792403751e-01,2.154255859610638257e+00
-2.921224327478603722e-01,9.508257300029094861e-01,1.029316056899268611e-01,5.658115065140952027e-02,-8.972646618463896440e-01,-2.352213354832880243e-01,-3.736135034164876911e-01,1.095942745867903412e+00,-3.310296223711020613e-01,-2.014977778981536238e-01,9.218557558614866032e-01,2.134874331782969925e+00
-2.316015451939780478e-01,9.697896861307340188e-01,7.660736869397617721e-02,-6.148025691418204652e-02,-8.942471720851999928e-01,-1.812334341927758496e-01,-4.092388514649056841e-01,8.788123890320762577e-01,-3.829918008017709763e-01,-1.632862731681575807e-01,9.092056277396611819e-01,2.120531207419916520e+00
-2.594157733556071155e-01,9.619353563584176481e-01,8.592919598085872745e-02,-1.745391136027794055e-01,-8.887662141218228840e-01,-2.029716114490366097e-01,-4.109709741348445133e-01,6.575873466234091191e-01,-3.778863230786122518e-01,-1.829833192763379579e-01,9.075896824538837171e-01,2.071550505053836311e+00
-2.567941411722621248e-01,9.655948342453238853e-01,4.102907674255278775e-02,-2.555891993887420832e-01,-8.832006712425032324e-01,-2.172201701384533223e-01,-4.156584800071000951e-01,4.282864650891208269e-01,-3.924453380744777342e-01,-1.429755705138740229e-01,9.085948727897611432e-01,2.010990550840344060e+00
-2.092064571895261849e-01,9.777725939059862537e-01,1.390729580352868117e-02,-3.297627442434878930e-01,-8.936135079456143382e-01,-1.853855702175712938e-01,-4.087628759711905979e-01,2.001838736938026941e-01,-3.970989255680999475e-01,-9.794358050156312667e-02,9.125346559726900120e-01,1.939537440719051764e+00
-2.695553799238588066e-01,9.627649099651460762e-01,2.058215960264846156e-02,-4.090716364247882209e-01,-8.970369806571149018e-01,-2.432647024666939051e-01,-3.689809478379028063e-01,1.065550121119171467e-02,-3.502349960921520844e-01,-1.179237578844740814e-01,9.292090372132286724e-01,1.921940480878826740e+00
-3.323766430359298973e-01,9.427143075943826833e-01,2.855698550285247148e-02,-5.645217593978211212e-01,-8.744664493970973895e-01,-2.966887504324725588e-01,-3.837762554479513533e-01,-1.987374506099464921e-01,-3.533188305808205865e-01,-1.525303891808533763e-01,9.229844442531737192e-01,1.887825196661038651e+00
-3.898130779464556994e-01,9.203418763963746585e-01,3.188408400928025022e-02,-7.266503086023766711e-01,-8.440522019165127565e-01,-3.432260088350604921e-01,-4.120337210703036712e-01,-3.898842548121130847e-01,-3.682684410885564974e-01,-1.875279643422705644e-01,9.106105742236082490e-01,1.827194590644989569e+00
-4.776692123380702482e-01,8.775169820042059143e-01,4.238006463607521535e-02,-8.436226653799004938e-01,-8.093815625458612439e-01,-4.207948447968467565e-01,-4.096744863952566651e-01,-5.595196479971487058e-01,-3.416630061846708810e-01,-2.299905321673669234e-01,9.112468081251235974e-01,1.809910410506499368e+00
-4.762897863271973731e-01,8.792883659785202255e-01,9.431445534993084879e-05,-9.502583264249850892e-01,-7.972691283593604794e-01,-4.318166573806762054e-01,-4.217775614867210754e-01,-8.321480116654486059e-01,-3.708233762932117705e-01,-2.009635386417253367e-01,9.066993325965888584e-01,1.763854352604071973e+00
-3.606303383975215660e-01,9.313136275309521483e-01,5.099692346041988927e-02,-1.014992980259471489e+00,-8.559233414419237240e-01,-3.087217088805896403e-01,-4.148326651081613026e-01,-1.001305611689238928e+00,-3.705954568018607342e-01,-1.932507015278027152e-01,9.084674863509607512e-01,1.713646902101068514e+00
-1.901918842511453045e-01,9.714339540065014544e-01,1.419264604233233806e-01,-9.866383369550429938e-01,-9.119977356850414996e-01,-1.213061913387292329e-01,-3.918481058372597081e-01,-1.160264457594947896e+00,-3.634379964593068557e-01,-2.039629401292944177e-01,9.090170195235397488e-01,1.693727202170423940e+00
2.104433506332477055e-01,9.602600172928600353e-01,1.833420174509047540e-01,-9.425618210996098423e-01,-8.768708490774783648e-01,2.683249490816807525e-01,-3.988724554772554165e-01,-1.355346606364487450e+00,-4.322165084912814037e-01,-7.682721450780848060e-02,8.984912180419896144e-01,1.632423460527474113e+00
5.391278068579449245e-01,8.052948031909408222e-01,2.466606734487808150e-01,-8.029976029862084808e-01,-7.157402392956730974e-01,5.924355274775789937e-01,-3.697783871933767452e-01,-1.483566710922178178e+00,-4.439111597217573202e-01,2.281284147197059492e-02,8.957803617731637802e-01,1.588810512839370137e+00
7.865454329865884109e-01,5.375676945029098652e-01,3.039198178381365412e-01,-6.022607881397719076e-01,-4.714076288738859866e-01,8.405872576823290032e-01,-2.668106250912842814e-01,-1.491395093229191282e+00,-3.988998988310743510e-01,6.658855794298680630e-02,9.145735807815755791e-01,1.560606434512892937e+00
9.230960428873110635e-01,2.378777923980160969e-01,3.021718906345093325e-01,-4.831906750796498562e-01,-1.973916456872222280e-01,9.674152861563971584e-01,-1.585692351114366960e-01,-1.462180024065460993e+00,-3.300458056371541882e-01,8.672842668226937723e-02,9.399723113935544161e-01,1.552713113592560035e+00
9.540995529651644658e-01,-1.162321729585400892e-01,2.760147188122571427e-01,-3.418938835155600486e-01,1.541253168125820971e-01,9.807670830339617618e-01,-1.197552318459397802e-01,-1.395736568341135131e+00,-2.567867398233296683e-01,1.567992691513253878e-01,9.536637559667018316e-01,1.533956660708486242e+00
8.739242071275357127e-01,-3.757071531268733611e-01,3.083838765010393779e-01,-2.077240627465158640e-01,4.209028570065450614e-01,9.022692924452663243e-01,-9.354629267932546011e-02,-1.271785871231703391e+00,-2.430992907439990247e-01,2.115520243335407835e-01,9.466511901646491589e-01,1.517549744989797444e+00
7.793406698855230852e-01,-5.383434359785110868e-01,3.206469479056909822e-01,-8.122899581073017572e-02,5.884967019157566481e-01,8.045789765579944852e-01,-7.952548217500310379e-02,-1.085414368418140096e+00,-2.151737718604669336e-01,2.506771138730886639e-01,9.438544551378668102e-01,1.583954140751508977e+00
7.161546155983418149e-01,-6.232497507430634354e-01,3.141374138110590852e-01,9.492846173432603618e-02,6.730333711988571999e-01,7.358608374778458083e-01,-7.439696982474723608e-02,-9.062227977309106342e-01,-1.847935275108181230e-01,2.647046959634707930e-01,9.464580160392727093e-01,1.607304798889847897e+00
6.756141903604382382e-01,-6.669715988698438069e-01,3.141565725631310646e-01,2.575380955413139050e-01,7.140670255603054351e-01,6.980125282457643188e-01,-5.372888812746983572e-02,-7.513562638412201178e-01,-1.834495810599379717e-01,2.606288485815823619e-01,9.478495948703955509e-01,1.597069289848851881e+00
6.943526368105044089e-01,-6.644321838430556904e-01,2.764132573301212870e-01,4.435662845785278696e-01,7.079039265702629091e-01,6.997096950579885233e-01,-9.632431358831816670e-02,-6.010737806320987087e-01,-1.294080619617753170e-01,2.625570713490800179e-01,9.561994236475426234e-01,1.632875300760938453e+00
6.873487157455201446e-01,-6.602875946967906584e-01,3.026087164185976008e-01,6.948774538720217109e-01,7.066297487337857008e-01,7.042770228752073258e-01,-6.832476311310405059e-02,-4.307317099947737260e-01,-1.680063724011987281e-01,2.607952594269360436e-01,9.506627643349812029e-01,1.655990518732590289e+00
7.121079528755032140e-01,-6.394593733535350877e-01,2.898171376605681027e-01,8.389446515322539488e-01,6.806224982271564805e-01,7.300425350256688484e-01,-6.157038216805145459e-02,-3.103792753592159448e-01,-1.722070798732849572e-01,2.411008230670330654e-01,9.550995313358270344e-01,1.646403530525773151e+00
7.359664047670907427e-01,-6.023499067358335513e-01,3.090761086035862526e-01,1.000254560674349369e+00,6.521039269087959278e-01,7.534077101455624037e-01,-8.448248814605680002e-02,-1.889351321853294241e-01,-1.819723043881410207e-01,2.637260172007198089e-01,9.472775033152199819e-01,1.678676420047946483e+00
7.203930804426185164e-01,-6.104400314169279307e-01,3.292366590981257168e-01,1.138404078206264991e+00,6.669144072269901358e-01,7.400159413999044533e-01,-8.718703978852737624e-02,-6.032264270771639514e-02,-1.904179169182017572e-01,2.823816115077514843e-01,9.402136153017671694e-01,1.667212443570269098e+00
7.264984131298819481e-01,-6.248104512529262244e-01,2.860278932637139171e-01,1.314673697112518802e+00,6.756992602348456112e-01,7.252769799461480371e-01,-1.319235084368124422e-01,5.565188100512187541e-02,-1.250222597693920468e-01,2.891110554186936965e-01,9.490965347091121496e-01,1.675245099959444373e+00
7.584880480960071170e-01,-5.642435137082959518e-01,3.260753565261039211e-01,1.477104989335781271e+00,6.268312863301174209e-01,7.685359372084372698e-01,-1.281992655863515296e-01,1.383542007433144483e-01,-1.782650256590989912e-01,3.016318458937427560e-01,9.366108104060594242e-01,1.681283082096351800e+00
8.638100497150391632e-01,-4.021596116193574821e-01,3.034795623983098101e-01,1.633574417397980705e+00,4.606384520134547134e-01,8.744041625009515428e-01,-1.524125228701976031e-01,1.782597525343159461e-01,-2.040696315916446235e-01,2.714498247985779877e-01,9.405692840396570054e-01,1.647070824391204225e+00
9.101541880555316100e-01,-2.654666974998529105e-01,3.180358257861807258e-01,1.774377256164308081e+00,3.322950163340219198e-01,9.262649111888515696e-01,-1.778013960009364458e-01,2.076495854279531150e-01,-2.473850765194779977e-01,2.675084051367954130e-01,9.312571487492706801e-01,1.633147754967235965e+00
9.242820976146379763e-01,-1.544260981997981619e-01,3.490776191964640729e-01,1.981377983744050386e+00,2.318092897681911790e-01,9.536440805031461965e-01,-1.919047182809132113e-01,2.442633764789053641e-01,-3.032607083125867797e-01,2.582935305347319743e-01,9.172335552505985756e-01,1.569174213419809227e+00
9.495509950243434805e-01,-6.249913804618920099e-02,3.073219250098555011e-01,2.139400312288902928e+00,1.368096310508020719e-01,9.643327313285663394e-01,-2.265954724616789373e-01,2.127537465977513975e-01,-2.821985696278832001e-01,2.572085555184189243e-01,9.242335885846750809e-01,1.537295755927670537e+00
9.256734869254411580e-01,1.566800573748389491e-01,3.443544035210135967e-01,2.280178207987788142e+00,-6.382749774983785540e-02,9.618417586916827577e-01,-2.660572903866498251e-01,1.076951169771286909e-01,-3.729003166186519169e-01,2.243028997982602912e-01,9.003519106481653322e-01,1.496576336556681985e+00
9.024772970823227158e-01,2.835267959674720450e-01,3.242642197643849089e-01,2.436038173316963373e+00,-1.851698717708561426e-01,9.350728617208521332e-01,-3.022430509731229287e-01,4.986064837074159761e-02,-3.889046757746058014e-01,2.127235277104904676e-01,8.963826492737653195e-01,1.444197794576108862e+00
8.228130417761310156e-01,4.686962189006183555e-01,3.214071447111518376e-01,2.578327221825720272e+00,-3.447316845544471375e-01,8.612420113654125631e-01,-3.733929077038191102e-01,-5.754432741143694630e-02,-4.518171797833343550e-01,1.964333277413028156e-01,8.702155961628780245e-01,1.441695330728314683e+00
7.937803254471544889e-01,5.146514811722183724e-01,3.241090061387557064e-01,2.703275263542578966e+00,-3.819028699468783317e-01,8.365025359337332489e-01,-3.929550932393828799e-01,-1.064879227257494454e-01,-4.733529263238467899e-01,1.881418621776526079e-01,8.605461328929304710e-01,1.408843680718228297e+00
8.265304287295782704e-01,4.934535915681935725e-01,2.708339036246213416e-01,2.899643775753413699e+00,-3.831483128833922391e-01,8.456786604687024367e-01,-3.715171241847035066e-01,-2.149634462006119462e-01,-4.123649120848081329e-01,2.033006546873655507e-01,8.880450569002554806e-01,1.374431150621421738e+00
7.909109062262570378e-01,5.347936774966094431e-01,2.974149641864278215e-01,3.057494582780367232e+00,-4.300870370318599090e-01,8.315444628637749247e-01,-3.515095259843645237e-01,-3.208307049466229688e-01,-4.352988387183204799e-01,1.500983970275777957e-01,8.876854128689026791e-01,1.351480074990103919e+00
6.448375261611347664e-01,7.182269432603497483e-01,2.614089188021000432e-01,3.153009180087510632e+00,-6.332577062119932876e-01,6.935569844949461826e-01,-3.434579840117316096e-01,-5.497899887120667461e-01,-4.279827594395769208e-01,5.593538444643994523e-02,9.020543167621976055e-01,1.256416067051882246e+00
5.378557999957528368e-01,8.161221902596125233e-01,2.113189744835571593e-01,3.256770721829862048e+00,-7.315550741089690279e-01,5.764050047916620123e-01,-3.641214687388620863e-01,-7.111384021418163393e-01,-4.189729250874710820e-01,4.125337582521859670e-02,9.070611043511196403e-01,1.235795482012303159e+00
4.347996540533374810e-01,8.788516571771093355e-01,1.963899832276266022e-01,3.304938566891867602e+00,-7.835943468157693381e-01,4.767029597190997059e-01,-3.984145928971722372e-01,-8.711386824395934703e-01,-4.437670114750171813e-01,1.934044653307920650e-02,8.959334722257196182e-01,1.164757401581292928e+00
3.657357339190166479e-01,9.186143195886509183e-01,1.496165257630282519e-01,3.319149405863517366e+00,-8.424241787616634225e-01,3.950751635223718750e-01,-3.663838399895790188e-01,-1.028779279493363896e+00,-3.956752152617818430e-01,7.959083769563267755e-03,9.183560186622031773e-01,1.103566266897539450e+00
2.385482452296932010e-01,9.619514143569134479e-01,1.332073988732184744e-01,3.300726717682059164e+00,-8.836366665254977715e-01,2.719038983578568880e-01,-3.811226989166451307e-01,-1.220289690884190925e+00,-4.028411303101288587e-01,-2.679079085309339289e-02,9.148777389662100523e-01,1.047912082218465546e+00
9.728514120357711903e-02,9.853768805399183428e-01,1.398856840367176391e-01,3.297775725840041083e+00,-9.012626763872019220e-01,1.468482689612234104e-01,-4.076287208410018792e-01,-1.395594423359390213e+00,-4.222098879140320227e-01,-8.641752831753686526e-02,9.023695591868718946e-01,9.746930513133882368e-01
-3.846602406195001600e-02,9.917798784734911388e-01,1.220370339199272486e-01,3.219739449006691068e+00,-9.279534178967109304e-01,9.853156239918423737e-03,-3.725659264156152561e-01,-1.630788976024021508e+00,-3.707058391861114965e-01,-1.275758126261396785e-01,9.199465162856491629e-01,9.288776022510364383e-01
-1.299653594018741476e-01,9.878411104322089020e-01,8.531673866014168051e-02,3.175123847191138715e+00,-9.170424428603589639e-01,-8.703888199825268734e-02,-3.891752703001580271e-01,-1.833058174649764949e+00,-3.770174576173469516e-01,-1.288183743126573022e-01,9.172042646494822371e-01,8.788800700151959688e-01
-1.969477173303488260e-01,9.758024167213436018e-01,9.498020930252247529e-02,3.126656007081470623e+00,-9.272474726489214891e-01,-1.539222943310494252e-01,-3.413503358341030691e-01,-2.018326600625195866e+00,-3.184709109236721347e-01,-1.552983284799046848e-01,9.351249692243253087e-01,8.749312751495200713e-01
-2.671863443531796167e-01,9.587275319200089241e-01,9.722642094489039599e-02,3.064443355090960441e+00,-9.050741402138166025e-01,-2.150273162681149153e-01,-3.668842514673449351e-01,-2.198403261046882218e+00,-3.308356965434732788e-01,-1.860235812930764177e-01,9.251718592215687487e-01,8.572963024858851755e-01
-4.077168836341629743e-01,9.097163396173725269e-01,7.863284449144897215e-02,2.953614576745860809e+00,-8.531284207777737327e-01,-3.488234288896017166e-01,-3.879357074554027895e-01,-2.361243901584714866e+00,-3.254824733543542625e-01,-2.252518521363857940e-01,9.183260655389571259e-01,8.018656045709455782e-01
-5.226038644353622198e-01,8.509662565798812306e-01,5.236058670077950450e-02,2.859115458680736133e+00,-7.957925883217298324e-01,-4.648385824508943776e-01,-3.881227236805981917e-01,-2.538623376693178280e+00,-3.059401203657781676e-01,-2.445026020873170280e-01,9.201190794256498551e-01,7.794983967127055990e-01
-6.029061453170639906e-01,7.977556339120004392e-01,-9.493603140125620940e-03,2.739415324375841010e+00,-7.300874396568031166e-01,-5.564854752635038926e-01,-3.966059080196954190e-01,-2.702085821275825861e+00,-3.216776498208918644e-01,-2.321849788044369478e-01,9.179398810506557149e-01,7.515063128464551934e-01
-5.992237107997050449e-01,8.005356342920060264e-01,-8.581529241772892572e-03,2.545464982836090240e+00,-7.340348420653272088e-01,-5.536615937703528445e-01,-3.932577910452685344e-01,-2.880995396929398211e+00,-3.195681383516834062e-01,-2.293502513893775629e-01,9.193882026315488565e-01,7.114202509639118155e-01
-5.493735799886758642e-01,8.352575038061652579e-01,2.309917630393065746e-02,2.391840594845514811e+00,-7.715799405049934556e-01,-4.964927120362013779e-01,-3.976925726050832277e-01,-3.021181117581991593e+00,-3.207071327874324584e-01,-2.363046534252626896e-01,9.172279137427250539e-01,7.359390478711823613e-01
-5.370678563156154883e-01,8.431736490763658276e-01,-2.482569668297877202e-02,2.257608979265337990e+00,-7.638406582211019202e-01,-4.986019924364474276e-01,-4.098091043239030506e-01,-3.201581834589537046e+00,-3.579183797472579309e-01,-2.011324206627376765e-01,9.118334183377171387e-01,7.067967496015444828e-01
-5.363855128407829520e-01,8.435375234321489391e-01,2.711140307117207784e-02,2.107432614505686086e+00,-7.763963665203292841e-01,-4.805875269733248523e-01,-4.077306843637051315e-01,-3.365116761224074438e+00,-3.309067295607027726e-01,-2.397500270690759994e-01,9.126996553367477949e-01,6.804007438280498254e-01
-3.550462572077175971e-01,9.340466208903642764e-01,3.871776396027529904e-02,2.109072644238291439e+00,-8.453572227318315591e-01,-3.030998929186612956e-01,-4.398881913484625761e-01,-3.526134590513775091e+00,-3.991407285881955480e-01,-1.889109973399894782e-01,8.972175398787609613e-01,6.265036180973349023e-01
-2.130438626213807061e-03,9.958341453163899182e-01,9.115819356062088152e-02,2.179265627228478053e+00,-9.067321901949779717e-01,3.651802723779951076e-02,-4.201228022267760043e-01,-3.743346449123952535e+00,-4.217015490788232346e-01,-8.355111434705735085e-02,9.028770762378934833e-01,5.590730622364488145e-01
3.495400705696962707e-01,9.260653031557661841e-01,1.422139000138565867e-01,2.250413019652341085e+00,-8.336633514520152000e-01,3.766852527745701562e-01,-4.038732929867401844e-01,-3.856466509065605841e+00,-4.275829223810601043e-01,2.261138282318654602e-02,9.036932941296493826e-01,5.251656344562134482e-01
6.586560301028635545e-01,7.350233267863699460e-01,1.609749765927401821e-01,2.426181379247033032e+00,-6.377103603912943619e-01,6.588489771115108029e-01,-3.990532816663993620e-01,-3.881887274613489591e+00,-3.993716693241317617e-01,1.601834399649732232e-01,9.026868423225440363e-01,4.777113755578878962e-01
7.876576792297043106e-01,5.925828369856759315e-01,1.686444830419441265e-01,2.550608212045131662e+00,-5.247799370079705428e-01,7.886849216450340094e-01,-3.202844237294071306e-01,-3.967476894297280676e+00,-3.228024133496978365e-01,1.637732447006342296e-01,9.321893188917357298e-01,4.344209611386893322e-01
9.344612872070764409e-01,3.166266325426991823e-01,1.628793365530595283e-01,2.745267529763346204e+00,-2.568735685619761844e-01,9.162503179338219450e-01,-3.074106775315511575e-01,-3.945086890946754909e+00,-2.465726515360760207e-01,2.454239810019407941e-01,9.375334645033365222e-01,4.142856598482642094e-01
9.817864718130282498e-01,7.428175534571436478e-02,1.748643605417802283e-01,2.934025912126272839e+00,-1.646238498204635400e-02,9.501980236974033600e-01,-3.112116733707994687e-01,-3.931256011411047080e+00,-1.892731191839705784e-01,3.026647263628673978e-01,9.341144200632286454e-01,3.707770321133618818e-01
9.686499471776478520e-01,-1.893003897983002726e-01,1.608808324659966038e-01,3.149102274992286787e+00,2.285182314362906031e-01,9.329709545192774733e-01,-2.781090000784216532e-01,-3.855113193734751587e+00,-9.745100170839683662e-02,3.061544715427192975e-01,9.469808561002852620e-01,3.725952180421826521e-01
8.364585397403418998e-01,-5.376539885503319738e-01,1.061381170521443901e-01,3.337438276034949691e+00,5.449715370613611443e-01,7.956079109191878107e-01,-2.646017306742052266e-01,-3.756823807866062293e+00,5.781985029755361966e-02,2.791706300432190702e-01,9.584991519207731736e-01,3.926149997247375678e-01
6.665941550528989845e-01,-7.344142156200657023e-01,1.276244190759574793e-01,3.537796307840554544e+00,7.423379085447963099e-01,6.384799186132144033e-01,-2.031694442208328844e-01,-3.584366685544715825e+00,6.772489931073098768e-02,2.301720083390445537e-01,9.707904946951855241e-01,4.240016896148591785e-01
6.377102944324608558e-01,-7.599211240902339348e-01,1.258787731760194761e-01,3.636834605398002740e+00,7.626354250933125023e-01,5.999355014985163770e-01,-2.417945459154688670e-01,-3.358275530884898608e+00,1.082256382175969672e-01,2.501944827592355591e-01,9.621278148090477433e-01,4.713430890280940755e-01
5.093497072548699434e-01,-8.515976143535738396e-01,1.238724301314890891e-01,3.736467896247586129e+00,8.432183208027497212e-01,4.651366596738182313e-01,-2.695009300356406845e-01,-3.087112747792265743e+00,1.718887407073812490e-01,2.417217223477994559e-01,9.549999318132148529e-01,5.477211761295703862e-01
4.171122894588901175e-01,-9.037720378079863170e-01,9.598667438120571382e-02,3.890353826671745008e+00,8.840054779579502586e-01,3.789112916015775490e-01,-2.737892401778452833e-01,-2.800027477455092395e+00,2.110726247591082627e-01,1.990536027637434535e-01,9.569879885892379479e-01,6.321268947285398898e-01
3.362710734994815431e-01,-9.346166476410969759e-01,1.158166096880091644e-01,3.987523821460930318e+00,9.247343836322513555e-01,3.044017451382279305e-01,-2.284860986692256735e-01,-2.628010529434629650e+00,1.782921334658012780e-01,1.839328668534277733e-01,9.666336512015774041e-01,7.592749166301098196e-01
3.486247320067309974e-01,-9.310300996467780754e-01,1.079062082780530285e-01,4.090688680028631730e+00,9.178671954525938759e-01,3.158401561794100254e-01,-2.403431032015640734e-01,-2.453670270862958969e+00,1.896855496478994374e-01,1.828331187074119790e-01,9.646716762497468123e-01,8.512165965137159507e-01
4.324275374671994188e-01,-8.953736242641041621e-01,1.063602266461374513e-01,4.173233271119070942e+00,8.824224654178732807e-01,3.960008438559398658e-01,-2.539959137293900104e-01,-2.305745199949191804e+00,1.853025023195767340e-01,2.036894809202203227e-01,9.613394707368231318e-01,8.790270304760681164e-01
5.074464125931731351e-01,-8.538063887538873686e-01,1.162445218897034671e-01,4.299160857859927631e+00,8.442618253854857757e-01,4.656519616735853018e-01,-2.653115541892422935e-01,-2.156224377854171870e+00,1.723952103252492929e-01,2.327722086345148933e-01,9.571295577633801566e-01,1.013087368112344011e+00
5.550862050662673797e-01,-8.292300728066380744e-01,6.524409014024387665e-02,4.397047190703888830e+00,8.123028934604847873e-01,5.235294264548354670e-01,-2.570621499007527122e-01,-1.926790332607774880e+00,1.790064641873420626e-01,1.956896164567021312e-01,9.641899500566137871e-01,1.048986810296109962e+00
5.405155189450056019e-01,-8.372976196862924603e-01,8.231445709764978469e-02,4.548740169686216639e+00,8.274324365599370346e-01,5.113219918185426538e-01,-2.321753294628993991e-01,-1.779815675202425007e+00,1.523106585505336341e-01,1.936040204912840568e-01,9.691846813386568726e-01,1.078457479357384008e+00
6.300982467946933951e-01,-7.713610053139240419e-01,8.932188347402179873e-02,4.678272900839778536e+00,7.685575105003946694e-01,6.030752039533647801e-01,-2.135875732107209157e-01,-1.708323697140865516e+00,1.108853121007880999e-01,2.032301598132095488e-01,9.728319226375174988e-01,1.080305026487542674e+00
6.746915070974121020e-01,-7.245892615056344077e-01,1.405765711679681784e-01,4.786262375459331864e+00,7.335343890729899563e-01,6.370940555356822133e-01,-2.367244483538066824e-01,-1.596031395356640736e+00,8.196749537431161081e-02,2.628337240763050087e-01,9.613530897595552460e-01,1.104780090937965253e+00
7.196394826287276780e-01,-6.848018195620143578e-01,1.147409384936881327e-01,4.904588869941473028e+00,6.882342650759153413e-01,6.816158453941666417e-01,-2.484621413475542051e-01,-1.502039730893298453e+00,9.193808469438358166e-02,2.577718123305043907e-01,9.618217513399123231e-01,1.168574948757698406e+00
6.428389789646278274e-01,-7.502026874117747601e-01,1.547707172686954014e-01,5.018354514018831480e+00,7.572284040416853435e-01,5.918780895942375997e-01,-2.761982461399050681e-01,-1.360675886684634461e+00,1.155992700504497595e-01,2.947477817701590896e-01,9.485570904828947159e-01,1.192326615190099526e+00
5.584730951162718560e-01,-8.169716564681586135e-01,1.437536592888168374e-01,5.151642513011889690e+00,8.145199120731002607e-01,5.072656591821139704e-01,-2.814939854614413317e-01,-1.226911475649776095e+00,1.570513128492742883e-01,2.742970352413799939e-01,9.487339045222896727e-01,1.197229835861118197e+00
4.682556802799416329e-01,-8.678014336386772332e-01,1.663048094921673603e-01,5.224628362406300575e+00,8.720476761633301210e-01,4.235515231877471365e-01,-2.452283786666557552e-01,-1.092092868987640575e+00,1.423708832019562887e-01,2.598553039289324684e-01,9.550946301996977583e-01,1.225762131273646194e+00
4.409012237861194006e-01,-8.792309128015763919e-01,1.804414388049747631e-01,5.349873024734441707e+00,8.901292319325692093e-01,4.025184938879302621e-01,-2.136558272955090543e-01,-8.724257601198763812e-01,1.152217918756564818e-01,2.548173150559062128e-01,9.601000336551719361e-01,1.293968929107983445e+00
5.348835045089026519e-01,-8.372585596991712897e-01,1.135682209719966612e-01,5.469510799563837899e+00,8.298284132623204856e-01,4.952632989301140598e-01,-2.570973925877148569e-01,-7.192424150195202426e-01,1.590108208481868790e-01,2.317592909536353163e-01,9.596891110718378526e-01,1.351984897669108898e+00
5.615182571826332625e-01,-8.233557775130558865e-01,8.235599848492961006e-02,5.539484299545012647e+00,7.967385231074196605e-01,5.111130694878132097e-01,-3.224455860999731471e-01,-5.501574613119352142e-01,2.233942090726298013e-01,2.466752801450099175e-01,9.429985861697754990e-01,1.416211019638044855e+00
5.310921173271286877e-01,-8.459335301064703216e-01,4.834899745178895814e-02,5.612201825063702465e+00,8.175808519733667179e-01,4.966370222432344717e-01,-2.913987279036726052e-01,-3.973061547206877542e-01,2.224920524411858891e-01,1.942887819174856923e-01,9.553790639434845966e-01,1.460141326112899485e+00
4.806861277725569259e-01,-8.764996061922608606e-01,2.625427416320895435e-02,5.582553790669329885e+00,8.402206756353223227e-01,4.518092408246683900e-01,-2.998293283525829134e-01,-3.208410945022741600e-01,2.509383645478464042e-01,1.661831828141766554e-01,9.536315257728231742e-01,1.476703754566961901e+00
4.716334141057125784e-01,-8.809480325802375722e-01,3.863271401284724960e-02,5.566461363256907546e+00,8.477282137013867347e-01,4.409173765280920421e-01,-2.948707221313134341e-01,-2.910565948705575723e-01,2.427319476163893874e-01,1.718209270391564403e-01,9.547558696534732547e-01,1.456572504823670178e+00
5.013592027666632367e-01,-8.636641500787833881e-01,5.218415152006392055e-02,5.580426068998215250e+00,8.303841246065843951e-01,4.633407538658846359e-01,-3.094794846324258053e-01,-2.357725174830167525e-01,2.431072919567254798e-01,1.984932786662770565e-01,9.494731501847643029e-01,1.483274528814016779e+00
5.160337688911539322e-01,-8.546238307290434655e-01,5.768238304722728832e-02,5.596878030598341880e+00,8.222388626123262600e-01,4.753543100248620590e-01,-3.129880712595562997e-01,-2.221824635297770800e-01,2.400674950383317741e-01,2.089411110595631449e-01,9.480038027008208523e-01,1.490469896141779271e+00
5.141559023370685377e-01,-8.554942094529484065e-01,6.142772732594283663e-02,5.600302474745733505e+00,8.243376466836112026e-01,4.731096523279463839e-01,-3.108612248805843192e-01,-2.395118040189470332e-01,2.368779271103174655e-01,2.104683217650740457e-01,9.484682035689511181e-01,1.486350983595743580e+00
5.130131736600026526e-01,-8.563191542576336079e-01,5.945577938925496186e-02,5.583584151313202071e+00,8.252935754670731594e-01,4.730084205430261646e-01,-3.084696879568037953e-01,-2.543726947904065838e-01,2.360254180042197780e-01,2.073174863509709143e-01,9.493742475489048704e-01,1.481334121132463766e+00
5.128129942499393135e-01,-8.565816381762680898e-01,5.736488531910050731e-02,5.569098952301208882e+00,8.258872748447586565e-01,4.739870711504834966e-01,-3.053628425851552253e-01,-2.589338028743554121e-01,2.343779899604698236e-01,2.039709624467408999e-01,9.505066040278947748e-01,1.481655742920618524e+00
5.096513782579544793e-01,-8.585521598881987737e-01,5.606836354912825282e-02,5.560295070089858349e+00,8.282265425394574887e-01,4.719126218010022966e-01,-3.022238766511381458e-01,-2.578339792283809717e-01,2.330155936260578375e-01,2.004661221658549652e-01,9.515866050921910624e-01,1.489890386919823673e+00
5.134922728854811602e-01,-8.565937939035717097e-01,5.072236126984790844e-02,5.555565889001114144e+00,8.254768229973671323e-01,4.769674889380309812e-01,-3.018112476206356032e-01,-3.298423169144977796e-01,2.343367243542430756e-01,1.968478771590822518e-01,9.520174435780509592e-01,1.526467003546297940e+00
5.211214936024591848e-01,-8.515143370712083826e-01,5.792859973902123732e-02,5.558052177292251095e+00,8.230726307160775024e-01,4.834384122187431743e-01,-2.980582932205341207e-01,-3.223207880652190216e-01,2.257959996803709235e-01,2.030040279245799162e-01,9.527882929458880712e-01,1.508598527952740742e+00
5.267747038033587792e-01,-8.484832996871671806e-01,5.083799351726462495e-02,5.566479967619001989e+00,8.182332507555591938e-01,4.899777791048490205e-01,-3.006927390900415720e-01,-3.168405574089974697e-01,2.302232802973543657e-01,1.999946652674993441e-01,9.523651479730176339e-01,1.510048301226267320e+00
5.783329534443730768e-01,-8.144418031280552528e-01,4.706956848996590725e-02,5.565915275448368504e+00,7.859431279474107246e-01,5.407715605034377759e-01,-2.997657735348021046e-01,-2.921115656506791392e-01,2.186878931092176293e-01,2.103584290400584422e-01,9.528509520062679039e-01,1.498261537389286469e+00
6.388095729619162055e-01,-7.658302613125004266e-01,7.366369764166488809e-02,5.667596479853697744e+00,7.501399440054009604e-01,5.987152250479591542e-01,-2.807670630671396106e-01,-1.722084937508891189e-01,1.709163359652560443e-01,2.346147696838406516e-01,9.569448865772841595e-01,1.527707907489697980e+00
6.710821288495643078e-01,-7.309619487161054252e-01,1.238685023235976401e-01,5.772003946059052204e+00,7.297368459606338176e-01,6.217576657852063038e-01,-2.844319614332385671e-01,-9.768501778370869415e-02,1.308927499373541969e-01,2.812686163909650094e-01,9.506603249570008130e-01,1.547243402573792448e+00
7.974090588171441896e-01,-5.891368370989054082e-01,1.306008426062209571e-01,5.885074356691618824e+00,6.005993306835828438e-01,7.538735394865218042e-01,-2.663740423624218479e-01,-1.042165102038702107e-01,5.847424132717248674e-02,2.908478530695455810e-01,9.549807796317414388e-01,1.543673338047378607e+00
9.236188986785928146e-01,-3.613545905588367302e-01,1.278709892266407522e-01,6.026950545721247998e+00,3.831330783816755403e-01,8.804972425303045913e-01,-2.791659903109837138e-01,-1.047578398914140313e-01,-1.171214128690246936e-02,3.068345902576626871e-01,9.516907901035340789e-01,1.532177423898555935e+00
9.875351212362762920e-01,-6.996707697283348348e-02,1.409928809008860751e-01,6.173317030118459670e+00,1.093081597448662262e-01,9.493848958279765826e-01,-2.944826748501415681e-01,-1.967678643311950859e-01,-1.132524195681690465e-01,3.062236563585205018e-01,9.451989006279974959e-01,1.521362637156163711e+00
9.813702235674487406e-01,1.575907308432978882e-01,1.098983432425248846e-01,6.280634029726043899e+00,-1.212497983015600744e-01,9.517213464000560119e-01,-2.820017113747658732e-01,-2.690944771288975579e-01,-1.490334549925222130e-01,2.634229305864252968e-01,9.530988348194807669e-01,1.485352414556591505e+00
9.384576024738469080e-01,3.279713410341440483e-01,1.083149473494092602e-01,6.384499183024409774e+00,-2.732055852890437619e-01,8.967365044261305096e-01,-3.481700012874121009e-01,-3.510343632931834934e-01,-2.113197494933026221e-01,2.971505360753533553e-01,9.311527921797897456e-01,1.486003814832035363e+00
8.702156357317666346e-01,4.757124077085085889e-01,1.281501169727594924e-01,6.601020916164766383e+00,-4.058612361451609529e-01,8.396590965672884321e-01,-3.609006214271844315e-01,-4.802275017866003415e-01,-2.792873150049631770e-01,2.620501988245353964e-01,9.237577003594290570e-01,1.413902316236908652e+00
8.338649359891494584e-01,5.494050022025327440e-01,5.313578909405274053e-02,6.753054428795030262e+00,-5.053445924360583374e-01,7.986066169979241236e-01,-3.268857815549125467e-01,-5.509421902644758839e-01,-2.220272763050707698e-01,2.457267076285472862e-01,9.435689024838552763e-01,1.400806136674054292e+00
