7.662820816040039062e-02,1.092343870550394058e-02,9.605919942259788513e-03,2.394226074218750000e+00,2.328725010156631470e-01,-6.632103919982910156e-01
2.531981468200683594e-02,1.224583387374877930e-02,7.845370098948478699e-03,2.822391390800476074e-01,5.083158612251281738e-01,-1.725702047348022461e+00
3.469556570053100586e-02,2.264850959181785583e-02,1.598800346255302429e-02,2.647604644298553467e-01,6.796845197677612305e-01,-6.157686710357666016e-01
4.223201423883438110e-02,3.408042713999748230e-02,4.640521481633186340e-03,3.490613996982574463e-01,-2.284394204616546631e-01,1.113753542304039001e-01
2.709132432937622070e-02,2.312385290861129761e-02,4.345459863543510437e-03,-2.104775905609130859e-01,1.106278691440820694e-02,-1.012135446071624756e-01
8.924961090087890625e-03,1.384183671325445175e-02,7.171768695116043091e-03,-3.519245684146881104e-01,-8.565970510244369507e-02,-7.366197109222412109e-01
2.383345365524291992e-02,1.920504495501518250e-02,2.943860366940498352e-03,2.435031533241271973e-01,1.992054283618927002e-02,-3.271397352218627930e-01
2.598378062248229980e-02,2.116633206605911255e-02,4.178462550044059753e-03,1.375142484903335571e-02,2.008966505527496338e-01,2.809994816780090332e-01
-6.451938301324844360e-02,1.288555841892957687e-02,-7.921837270259857178e-02,3.621225953102111816e-01,-2.496468573808670044e-01,1.328169345855712891e+00
2.524762600660324097e-02,4.462692886590957642e-03,6.049478799104690552e-02,1.157198667526245117e+00,-1.255854368209838867e+00,2.543005466461181641e+00
3.072425723075866699e-02,3.749049827456474304e-02,2.306389063596725464e-02,-1.705696582794189453e+00,1.954932957887649536e-01,4.599460601806640625e+00
-2.730941772460937500e-02,4.868056997656822205e-02,-2.546462975442409515e-02,-8.787616342306137085e-02,-1.691977232694625854e-01,1.314367294311523438e+00
2.147576212882995605e-02,2.054591663181781769e-02,-3.941394761204719543e-02,-8.028542250394821167e-02,-3.890141844749450684e-01,2.353922367095947266e+00
3.853362798690795898e-02,1.489222049713134766e-02,5.608610808849334717e-02,1.686266362667083740e-01,1.274533629417419434e+00,-4.120689630508422852e-01
4.942332953214645386e-02,7.109627127647399902e-03,-1.165060326457023621e-03,-1.457951307296752930e+00,-4.700596034526824951e-01,-1.835272192955017090e+00
8.847266435623168945e-02,-1.730723120272159576e-02,-3.382716327905654907e-02,3.692857921123504639e-01,1.117379963397979736e-01,-1.150712728500366211e+00
3.613170981407165527e-02,1.647883467376232147e-02,1.338681392371654510e-02,-5.800879001617431641e-01,1.298252105712890625e+00,4.701575338840484619e-01
3.202253580093383789e-02,1.507280394434928894e-02,1.538017578423023224e-02,5.644385814666748047e-01,-8.611241355538368225e-04,-1.862210392951965332e+00
5.337154120206832886e-02,8.992478251457214355e-03,-1.458356156945228577e-03,3.676020383834838867e+00,3.392433226108551025e-01,-2.045003414154052734e+00
1.668573915958404541e-02,2.475797943770885468e-02,-5.724204704165458679e-03,-3.017783403396606445e+00,-3.655377149581909180e+00,-1.574946045875549316e+00
-2.480628490447998047e-01,1.133987382054328918e-01,-5.137876868247985840e-01,-1.185659289360046387e+00,-5.747042596340179443e-02,5.716304183006286621e-01
1.056510210037231445e-01,2.213889174163341522e-02,4.638236388564109802e-02,3.698608279228210449e-01,2.760955333709716797e+00,6.960010528564453125e-01
2.918006479740142822e-02,2.524600550532341003e-02,-2.955159172415733337e-03,-2.059210538864135742e+00,-9.623537063598632812e-01,-1.080993890762329102e+00
2.657726407051086426e-02,2.196792699396610260e-02,-7.663147523999214172e-03,-7.370900511741638184e-01,-1.303157210350036621e+00,3.167904019355773926e-01
2.840958535671234131e-02,2.561187930405139923e-02,2.044638618826866150e-03,-7.588161230087280273e-01,-2.089856863021850586e+00,-3.686732053756713867e-01
-1.551628112792968750e-03,2.165602520108222961e-02,1.489432528614997864e-03,-2.071728557348251343e-01,1.826202511787414551e+00,1.681706666946411133e+00
-9.984180331230163574e-03,7.536956109106540680e-04,1.948604360222816467e-03,1.918676733970642090e+00,-4.653970003128051758e-01,-4.211165308952331543e-01
2.698813378810882568e-02,1.936002820730209351e-02,-1.098345965147018433e-03,1.083573818206787109e+00,-1.441318988800048828e+00,-3.110018074512481689e-01
5.148966610431671143e-02,2.934683486819267273e-02,1.109324675053358078e-02,-1.293711423873901367e+00,3.515710830688476562e-01,-5.093469619750976562e-01
2.189819514751434326e-02,2.521698176860809326e-02,2.070462517440319061e-02,-2.260355472564697266e+00,3.792402029037475586e+00,1.004886627197265625e+00
2.521401643753051758e-02,8.560976944863796234e-03,1.868851482868194580e-02,-5.519559383392333984e-01,-1.343198776245117188e+00,-5.145913124084472656e+00
2.170562744140625000e-03,2.454779855906963348e-02,2.124496549367904663e-02,-8.137617260217666626e-02,2.547841310501098633e+00,2.551638484001159668e-01
3.635105490684509277e-02,1.584759354591369629e-02,-2.807771787047386169e-03,-1.922609448432922363e+00,-1.781070351600646973e+00,-6.801983118057250977e-01
6.715824455022811890e-02,2.088695392012596130e-02,1.528805308043956757e-02,-8.054867386817932129e-01,-8.934843540191650391e-01,-1.218281984329223633e+00
4.102875292301177979e-02,2.002453804016113281e-02,2.095035091042518616e-02,-7.998024821281433105e-01,-9.542127847671508789e-01,-4.391700401902198792e-02
3.322474658489227295e-02,1.194462832063436508e-02,8.756481111049652100e-05,-1.188967376947402954e-03,-5.170446634292602539e-01,-9.564929604530334473e-01
9.330071508884429932e-02,-1.885978691279888153e-02,5.683559924364089966e-03,-1.609198749065399170e-03,-2.694992423057556152e-01,-2.008936643600463867e+00
-9.032234549522399902e-02,-1.564764529466629028e-01,1.244937032461166382e-01,-1.657267093658447266e+00,-1.135938286781311035e+00,-2.177888870239257812e+00
6.053194403648376465e-02,-3.665523370727896690e-03,3.141494840383529663e-02,2.843373268842697144e-02,-2.323058098554611206e-01,-2.985699176788330078e+00
3.480191528797149658e-02,1.777973957359790802e-02,1.450980454683303833e-02,-1.391156673431396484e+00,-1.546289443969726562e+00,-2.496337652206420898e+00
1.080895960330963135e-01,5.235514137893915176e-03,1.713974587619304657e-02,-2.187100946903228760e-01,-2.437406629323959351e-01,5.529741048812866211e-01
7.051918655633926392e-02,-3.470682352781295776e-02,2.468379028141498566e-02,-3.327901065349578857e-01,1.766939043998718262e+00,-4.291126728057861328e-01
1.196472570300102234e-01,1.334873214364051819e-02,2.287578023970127106e-02,6.204040050506591797e-01,1.699114143848419189e-01,-1.659728586673736572e-01
9.476445615291595459e-02,2.169119007885456085e-02,2.016393840312957764e-02,1.054854154586791992e+00,-1.549251198768615723e+00,4.808483123779296875e+00
6.196220964193344116e-02,5.083652585744857788e-02,2.901199832558631897e-02,1.010683059692382812e+00,9.588865041732788086e-01,3.435055971145629883e+00
3.789801895618438721e-02,2.059647999703884125e-02,1.901118084788322449e-02,6.666375398635864258e-01,-7.613701820373535156e-01,4.376095771789550781e+00
8.979472517967224121e-02,3.559458255767822266e-02,3.557439893484115601e-02,2.007818698883056641e+00,-1.423458218574523926e+00,3.566630125045776367e+00
-2.305060625076293945e-04,1.512535288929939270e-02,-1.276407949626445770e-02,-3.828602313995361328e+00,-6.215497255325317383e-01,3.240326344966888428e-01
4.204732924699783325e-02,6.726900581270456314e-03,1.172584854066371918e-02,-7.240009307861328125e-01,-5.311889052391052246e-01,-1.931879222393035889e-01
-5.210650712251663208e-02,3.983505070209503174e-03,7.773509249091148376e-03,-3.622880876064300537e-01,-2.216216921806335449e-02,-9.816858172416687012e-01
4.893320053815841675e-02,2.134741842746734619e-02,-1.804903149604797363e-04,1.935405433177947998e-01,-1.009222567081451416e-01,2.189904451370239258e-02
9.232112765312194824e-02,1.918069319799542427e-03,1.637537777423858643e-02,-2.440129041671752930e+00,-3.386490821838378906e+00,-1.101238727569580078e+00
1.323890686035156250e-01,3.307727351784706116e-02,3.575218468904495239e-02,3.847872734069824219e+00,1.272704124450683594e+00,2.865185141563415527e-01
1.064945161342620850e-01,-2.694679796695709229e-02,1.689492352306842804e-02,1.451187610626220703e+00,5.019422173500061035e-01,-4.031822085380554199e-01
6.507609039545059204e-02,1.869210042059421539e-02,-2.417670004069805145e-02,4.404266178607940674e-01,2.995435595512390137e-01,2.736232042312622070e+00
1.451875865459442139e-01,-2.867449540644884109e-03,1.966528594493865967e-03,-2.646108150482177734e+00,-2.291117668151855469e+00,-3.195371866226196289e+00
2.075938433408737183e-01,-5.932149942964315414e-03,1.521624624729156494e-03,-3.187135934829711914e+00,-4.423412680625915527e-01,1.545695066452026367e+00
1.568666547536849976e-01,-4.785728175193071365e-03,2.231955155730247498e-02,-1.044292926788330078e+00,2.345741510391235352e+00,-4.290158152580261230e-01
2.343769669532775879e-01,-1.125617511570453644e-02,-9.292332455515861511e-03,2.163277387619018555e+00,2.122817516326904297e+00,-2.209936082363128662e-01
1.541866213083267212e-01,2.151707932353019714e-02,-2.539573237299919128e-03,-3.318980932235717773e-01,-1.159031748771667480e+00,1.863618731498718262e+00
1.967711746692657471e-01,-1.740815490484237671e-02,2.241889946162700653e-02,-1.301415324211120605e+00,-5.072496891021728516e+00,-2.478585720062255859e+00
7.056105881929397583e-02,-6.549001485109329224e-02,-5.785904079675674438e-02,1.293024420738220215e-01,3.054554700851440430e+00,-2.697437286376953125e+00
2.775292694568634033e-01,-1.154337171465158463e-02,2.765918709337711334e-02,2.317432641983032227e+00,3.879411458969116211e+00,2.469869107007980347e-01
2.160894125699996948e-01,1.063440460711717606e-02,-1.355963014066219330e-02,-4.591872692108154297e-01,1.165514349937438965e+00,-4.894952476024627686e-01
1.873797178268432617e-01,-1.345760375261306763e-02,2.525470592081546783e-02,1.821250200271606445e+00,-2.814643979072570801e-01,1.655413627624511719e+00
2.110773622989654541e-01,-3.470695391297340393e-02,-4.205517470836639404e-04,-1.285433053970336914e+00,-7.207995653152465820e-01,-2.040878295898437500e+00
2.249515354633331299e-01,-4.207725636661052704e-03,2.026159316301345825e-03,5.826292634010314941e-01,-1.584638059139251709e-01,-3.421964645385742188e+00
2.866376638412475586e-01,-2.547260373830795288e-04,-1.634407974779605865e-02,-1.618855118751525879e+00,5.135160684585571289e-01,-3.037179708480834961e+00
2.512449324131011963e-01,3.273116797208786011e-02,-5.496665835380554199e-04,-8.259572982788085938e-01,-2.181778669357299805e+00,2.085990428924560547e+00
2.604759931564331055e-01,-8.362150937318801880e-02,-6.209807470440864563e-03,-5.296190977096557617e-01,1.672624230384826660e+00,-1.446200907230377197e-02
2.689006030559539795e-01,-2.414845116436481476e-02,-9.850567206740379333e-03,1.178252935409545898e+00,-1.516721963882446289e+00,-3.234454393386840820e-01
1.774815618991851807e-01,-2.743452042341232300e-02,-4.966346547007560730e-03,-9.579339623451232910e-01,-2.888383269309997559e-01,1.120601296424865723e+00
2.286984026432037354e-01,-2.167053148150444031e-02,1.676243729889392853e-02,-8.084201812744140625e-01,-1.232980608940124512e+00,2.598938465118408203e+00
2.673136293888092041e-01,-1.651750504970550537e-02,-3.841398283839225769e-03,1.080012321472167969e+00,2.149814605712890625e+00,2.546740055084228516e+00
2.500098943710327148e-01,-2.119513973593711853e-02,4.716834053397178650e-03,-1.474613547325134277e+00,-1.022433042526245117e+00,-1.547544002532958984e+00
2.228797674179077148e-01,-4.000218585133552551e-03,2.491105534136295319e-02,1.413316488265991211e+00,1.655791997909545898e+00,2.519606351852416992e+00
1.838207691907882690e-01,2.365416102111339569e-02,3.206096589565277100e-03,-7.038854062557220459e-03,-9.889879226684570312e-01,6.987320423126220703e+00
2.740681469440460205e-01,3.953022509813308716e-02,7.027221843600273132e-03,9.234743714332580566e-01,4.890671074390411377e-01,1.003580951690673828e+01
2.240936160087585449e-01,5.932607129216194153e-02,-3.192262351512908936e-02,-6.140211820602416992e-01,1.350158572196960449e+00,3.971837282180786133e+00
3.164400458335876465e-01,7.742954045534133911e-02,-1.661550067365169525e-02,-1.146026372909545898e+00,-2.426492214202880859e+00,7.033583641052246094e+00
1.673593074083328247e-01,5.867645889520645142e-02,-1.381794176995754242e-02,3.196491003036499023e+00,1.557813167572021484e+00,9.296846389770507812e+00
3.086822628974914551e-01,1.104759424924850464e-01,8.389288559556007385e-03,-9.949926137924194336e-01,-2.805255174636840820e+00,1.141357517242431641e+01
1.826545745134353638e-01,1.470193173736333847e-02,1.165345497429370880e-02,5.280015468597412109e-01,8.454429507255554199e-01,5.552178859710693359e+00
2.676057219505310059e-01,1.464555598795413971e-02,-1.897061057388782501e-02,-6.636437177658081055e-01,-5.743035674095153809e-01,1.112990617752075195e+00
2.480172067880630493e-01,3.484678640961647034e-02,-8.081199601292610168e-03,1.576323628425598145e+00,9.477257132530212402e-01,1.342106819152832031e+00
2.361565828323364258e-01,3.323424234986305237e-02,-1.879971288144588470e-02,-1.182125091552734375e+00,1.548645943403244019e-01,2.636320114135742188e+00
2.454878389835357666e-01,1.595485396683216095e-02,3.181647509336471558e-02,2.230693340301513672e+00,-4.818352758884429932e-01,2.064641475677490234e+00
1.983610093593597412e-01,-2.481348626315593719e-02,-1.520693860948085785e-02,-6.027230024337768555e-01,2.292752742767333984e+00,2.212381362915039062e+00
2.509188652038574219e-01,-1.702600717544555664e-02,1.279804203659296036e-02,1.655650019645690918e+00,-2.640820741653442383e+00,-3.192883491516113281e+00
3.146597146987915039e-01,3.648160398006439209e-02,-1.594203524291515350e-02,1.103321552276611328e+00,2.633409023284912109e+00,1.077344179153442383e+00
2.596708536148071289e-01,-2.874593809247016907e-02,2.420285716652870178e-02,-1.648079037666320801e+00,-5.407208204269409180e-01,3.776221752166748047e+00
2.068836987018585205e-01,-1.718996092677116394e-02,1.370137836784124374e-02,-4.797783493995666504e-01,-4.221549034118652344e-01,2.088585853576660156e+00
1.879821866750717163e-01,8.848126977682113647e-03,-3.156496211886405945e-03,1.299553990364074707e+00,2.994466423988342285e-01,-2.423505783081054688e+00
1.782206743955612183e-01,3.188750147819519043e-02,2.016445249319076538e-02,2.727293074131011963e-01,-6.748809814453125000e-01,-4.385551452636718750e+00
1.283643692731857300e-01,-2.566117234528064728e-02,3.774445503950119019e-03,1.162607192993164062e+00,1.388030171394348145e+00,2.809173822402954102e+00
1.012759730219841003e-01,-3.754957765340805054e-02,-2.896231226623058319e-02,-1.717583417892456055e+00,1.746293783187866211e+00,2.535748481750488281e+00
8.396299183368682861e-02,4.079019278287887573e-02,-1.453619636595249176e-02,-3.606923580169677734e+00,6.968993544578552246e-01,6.809857368469238281e+00
1.019499674439430237e-01,4.517355933785438538e-02,1.224890537559986115e-02,1.017957568168640137e+00,3.730332851409912109e-01,5.682558059692382812e+00
-1.835066452622413635e-02,-2.150203138589859009e-01,1.120906174182891846e-01,1.247911214828491211e+00,-1.734619021415710449e+00,7.003396034240722656e+00
-1.211765408515930176e-02,-1.738672330975532532e-02,3.136823698878288269e-02,1.474191784858703613e+00,-4.694656729698181152e-01,-4.220653772354125977e-01
1.437540054321289062e-01,-3.857266902923583984e-02,1.558602601289749146e-02,4.822357594966888428e-01,5.907340645790100098e-01,-1.254032421112060547e+01
9.520219266414642334e-02,-4.238266125321388245e-02,2.194433473050594330e-02,-7.573367953300476074e-01,7.005323171615600586e-01,-1.440604877471923828e+01
1.317599117755889893e-01,-1.987951621413230896e-02,5.584010854363441467e-03,-3.972425460815429688e-01,2.765894889831542969e+00,-6.123586654663085938e+00
1.429181545972824097e-01,-2.833830192685127258e-03,-1.133096683770418167e-02,-1.150414422154426575e-01,2.392242431640625000e+00,-1.221793889999389648e+00
1.762368679046630859e-01,6.673562526702880859e-02,8.714003488421440125e-03,-4.130601286888122559e-01,-5.864927768707275391e-01,4.465912818908691406e+00
2.936326265335083008e-01,7.487354427576065063e-02,-2.718560211360454559e-02,9.598179459571838379e-01,-2.292947530746459961e+00,2.645311594009399414e+00
1.961706280708312988e-01,4.618935659527778625e-02,2.754414454102516174e-02,-6.888158917427062988e-01,-5.617967247962951660e-01,3.559432744979858398e+00
1.974765956401824951e-01,1.585974730551242828e-02,-1.163803972303867340e-02,1.512877821922302246e+00,6.557761430740356445e-01,5.117175579071044922e+00
2.521284222602844238e-01,-6.488416343927383423e-03,3.251919150352478027e-02,-3.403946459293365479e-01,-4.162914752960205078e+00,-8.196187019348144531e-02
2.081395536661148071e-01,-3.360646218061447144e-02,1.682277768850326538e-02,-1.683320522308349609e+00,4.150512695312500000e+00,-2.474242687225341797e+00
2.432628124952316284e-01,-5.496690422296524048e-02,1.495485939085483551e-02,-1.600123047828674316e+00,-2.827650904655456543e-01,-1.104696655273437500e+01
2.585935890674591064e-01,1.956529356539249420e-02,5.381023883819580078e-02,-6.272802501916885376e-02,2.639889001846313477e+00,-2.885141849517822266e+00
2.523245811462402344e-01,3.428118675947189331e-02,1.695659756660461426e-02,2.503513813018798828e+00,-3.161775588989257812e+00,6.399827957153320312e+00
2.553609013557434082e-01,5.205682292580604553e-02,3.512964770197868347e-02,2.074691057205200195e+00,-1.361814379692077637e+00,1.165858840942382812e+01
1.945350766181945801e-01,1.071024965494871140e-02,1.573297753930091858e-02,-3.586504459381103516e-01,1.380625367164611816e+00,3.678933858871459961e+00
1.898925155401229858e-01,-1.312527805566787720e-02,1.102867629379034042e-02,6.036479473114013672e-01,2.981149554252624512e-01,-2.920994281768798828e+00
2.069865763187408447e-01,2.401352114975452423e-02,4.212916642427444458e-02,-8.201941847801208496e-01,-1.957204580307006836e+00,-1.458517789840698242e+00
2.511882185935974121e-01,3.961654379963874817e-02,6.033200770616531372e-04,3.352122902870178223e-01,-1.461243033409118652e+00,3.450869321823120117e+00
2.442345023155212402e-01,-2.724384143948554993e-02,1.978176459670066833e-02,-2.416920900344848633e+00,2.163357019424438477e+00,2.543519496917724609e+00
2.576190233230590820e-01,-4.029139503836631775e-02,-2.261572144925594330e-02,8.484690785408020020e-01,2.642492651939392090e-01,-4.346564292907714844e+00
2.266027778387069702e-01,-3.695143759250640869e-02,2.347201295197010040e-02,-4.712840542197227478e-03,1.406812429428100586e+00,-5.577927589416503906e+00
2.456126064062118530e-01,-2.316103503108024597e-02,-1.426371000707149506e-02,-4.420704245567321777e-01,1.765271425247192383e-01,-2.886375665664672852e+00
2.076772600412368774e-01,-2.625342272222042084e-02,9.042052552103996277e-03,1.283797323703765869e-01,-1.772900700569152832e+00,-1.150179028511047363e+00
2.000706940889358521e-01,-6.303636729717254639e-02,-1.717246882617473602e-02,4.214547574520111084e-02,3.052676439285278320e+00,-4.052599906921386719e+00
1.658487468957901001e-01,-9.962129592895507812e-02,3.033302538096904755e-02,2.439514160156250000e+00,-3.086687326431274414e+00,-1.115968418121337891e+01
2.043491601943969727e-01,-9.161017835140228271e-02,3.800227493047714233e-02,6.751192808151245117e-01,1.128420472145080566e+00,-1.326549243927001953e+01
1.623072624206542969e-01,-9.868292510509490967e-02,4.728578031063079834e-03,1.772063076496124268e-01,-2.381636381149291992e+00,-1.191242313385009766e+01
1.481549292802810669e-01,-1.236897930502891541e-01,-2.606183290481567383e-03,-2.617049962282180786e-02,9.574283361434936523e-01,-1.976962280273437500e+01
1.732400506734848022e-01,-7.008657604455947876e-02,3.504091873764991760e-02,4.027661800384521484e+00,-2.857605814933776855e-01,-1.654926681518554688e+01
1.974652707576751709e-01,-4.118875786662101746e-02,8.852308616042137146e-03,1.798677682876586914e+00,3.033220767974853516e-01,-1.358749008178710938e+01
2.555010318756103516e-01,-4.900300502777099609e-02,-7.106276229023933411e-03,6.134726405143737793e-01,-9.383738636970520020e-01,-6.430457115173339844e+00
3.187303543090820312e-01,-6.475579738616943359e-02,6.096675246953964233e-02,2.292858600616455078e+00,-1.112300634384155273e+00,-1.957668364048004150e-01
3.019676804542541504e-01,1.753990538418292999e-03,1.329272426664829254e-02,-1.832635641098022461e+00,1.691699260845780373e-03,-1.537683248519897461e+00
2.783474624156951904e-01,1.421328913420438766e-02,7.807067781686782837e-02,6.373565793037414551e-01,-3.243112564086914062e+00,-3.676936864852905273e+00
2.094231992959976196e-01,3.800725191831588745e-02,4.866212606430053711e-03,-8.709765672683715820e-01,1.035568356513977051e+00,1.820690870285034180e+00
2.321899831295013428e-01,2.569358237087726593e-02,3.699758648872375488e-02,-1.003061771392822266e+00,-2.996242046356201172e+00,3.532226085662841797e+00
2.810332179069519043e-01,4.400382190942764282e-02,-2.755797468125820160e-02,-1.292504668235778809e+00,2.162897586822509766e+00,5.327862262725830078e+00
2.265845537185668945e-01,2.532754838466644287e-02,-2.544061280786991119e-02,4.751403927803039551e-01,6.177007555961608887e-01,-6.410328149795532227e-01
2.804611027240753174e-01,-2.724608406424522400e-03,4.442428797483444214e-02,8.340187370777130127e-02,-1.533294677734375000e+00,2.211431503295898438e+00
1.862090080976486206e-01,5.910840258002281189e-02,-1.113208569586277008e-02,7.431611418724060059e-01,1.302449464797973633e+00,6.861090183258056641e+00
3.043950796127319336e-01,8.933699131011962891e-02,1.311430428177118301e-02,-1.884262084960937500e+00,-3.056399822235107422e+00,1.191042041778564453e+01
2.073008567094802856e-01,3.362460806965827942e-02,4.798499867320060730e-03,1.151815652847290039e+00,2.753460884094238281e+00,1.010641670227050781e+01
2.416588664054870605e-01,7.507108151912689209e-02,-8.896496146917343140e-04,-3.318051397800445557e-01,-2.309467554092407227e+00,8.767355918884277344e+00
1.599909812211990356e-01,1.030747592449188232e-01,2.285657450556755066e-03,-6.610532999038696289e-01,-4.603704512119293213e-01,1.105356407165527344e+01
3.032887578010559082e-01,9.000267088413238525e-02,-8.944375440478324890e-03,-1.454446554183959961e+00,-1.087193131446838379e+00,1.535800552368164062e+01
2.881237268447875977e-01,1.000878065824508667e-01,6.236692890524864197e-03,-6.529461145401000977e-01,-1.777583599090576172e+00,1.278150749206542969e+01
3.097977042198181152e-01,1.422570738941431046e-02,-8.115140721201896667e-03,-3.232968091964721680e+00,1.882005572319030762e+00,1.138197898864746094e+01
2.291418015956878662e-01,6.432779133319854736e-02,4.898990690708160400e-02,7.422449588775634766e-01,-1.108600139617919922e+00,5.560083389282226562e+00
2.633857727050781250e-01,4.413883015513420105e-02,3.362824022769927979e-02,-5.548579692840576172e-01,-1.850013494491577148e+00,7.368215560913085938e+00
1.918692439794540405e-01,-1.156872324645519257e-02,3.141204640269279480e-02,2.034419298171997070e+00,7.905464172363281250e-01,7.746986389160156250e+00
1.951303333044052124e-01,-1.532416976988315582e-02,1.026018057018518448e-02,-8.008010387420654297e-01,3.434401512145996094e+00,4.776146888732910156e+00
2.001878172159194946e-01,-1.550704240798950195e-02,2.825867384672164917e-03,-1.585986018180847168e+00,-2.598988056182861328e+00,1.630100727081298828e+00
2.161015272140502930e-01,1.690598390996456146e-02,2.068031579256057739e-03,1.891577839851379395e+00,7.678487300872802734e-01,5.097088336944580078e+00
3.071426749229431152e-01,3.339822590351104736e-02,5.306322127580642700e-04,-2.924420118331909180e+00,-1.921375393867492676e+00,1.292614650726318359e+01
2.031973898410797119e-01,9.873560629785060883e-03,1.980288326740264893e-02,6.297893524169921875e-01,-5.560922622680664062e-01,1.171594905853271484e+01
1.900945454835891724e-01,6.094453483819961548e-02,-1.089007593691349030e-02,-1.536628365516662598e+00,5.272527337074279785e-01,3.801322698593139648e+00
3.124638497829437256e-01,2.278466708958148956e-02,4.828764498233795166e-02,-8.094569444656372070e-01,-1.322960734367370605e+00,5.047063827514648438e+00
2.212963551282882690e-01,5.177275836467742920e-02,4.879012703895568848e-04,9.681526422500610352e-01,1.478139013051986694e-01,1.247306823730468750e+00
2.382488846778869629e-01,3.611734881997108459e-02,-1.644296385347843170e-02,-1.279440641403198242e+00,-1.377521634101867676e+00,2.884506225585937500e+00
2.436881661415100098e-01,3.716519847512245178e-02,4.347025230526924133e-02,3.053998947143554688e-01,2.212603092193603516e+00,5.289581775665283203e+00
1.925992071628570557e-01,-3.683325648307800293e-02,-8.421396836638450623e-03,3.961727619171142578e-01,-1.096605777740478516e+00,-2.326540946960449219e+00
2.219909280538558960e-01,2.434141561388969421e-02,-5.149003118276596069e-04,1.719573855400085449e+00,1.712175846099853516e+00,-3.741983652114868164e+00
2.348951399326324463e-01,-1.066523939371109009e-01,3.635874390602111816e-02,-1.047459989786148071e-02,1.336463332176208496e+00,-1.948851108551025391e+00
2.275763750076293945e-01,-1.099645346403121948e-01,5.113088339567184448e-02,-6.624241471290588379e-01,-1.351241111755371094e+00,-5.223846435546875000e+00
2.678387463092803955e-01,-8.094526082277297974e-02,7.999872788786888123e-03,3.938893079757690430e-01,2.337081670761108398e+00,-7.488900184631347656e+00
3.150999844074249268e-01,-2.349187061190605164e-02,1.706439070403575897e-02,-1.230252504348754883e+00,-1.340568780899047852e+00,-4.656992554664611816e-01
3.179087638854980469e-01,1.051157992333173752e-02,4.616390913724899292e-02,9.905691146850585938e-01,2.920603513717651367e+00,4.404978752136230469e+00
2.113057374954223633e-01,-5.970757454633712769e-03,1.182884257286787033e-02,-2.510878562927246094e+00,-2.677967071533203125e+00,8.129144668579101562e+00
2.078042626380920410e-01,3.239037469029426575e-02,2.998394519090652466e-02,1.012690544128417969e+00,6.310232877731323242e-01,8.590622901916503906e+00
2.002288997173309326e-01,3.558678552508354187e-02,-2.027177251875400543e-02,-9.696928858757019043e-01,7.376847863197326660e-01,4.553407669067382812e+00
2.770288586616516113e-01,1.132222358137369156e-02,2.036510594189167023e-02,1.939915776252746582e+00,5.978902578353881836e-01,4.511274337768554688e+00
1.925034075975418091e-01,3.004156798124313354e-02,7.859682664275169373e-03,-5.556471943855285645e-01,-5.336041450500488281e-01,5.732367992401123047e+00
2.343790382146835327e-01,5.931362509727478027e-02,2.916930243372917175e-02,-1.153519034385681152e+00,-9.801255464553833008e-01,1.064891147613525391e+01
3.103621602058410645e-01,5.152215808629989624e-02,-3.075055964291095734e-02,-2.680065155029296875e+00,1.329282760620117188e+00,1.223693466186523438e+01
2.246766239404678345e-01,3.504159674048423767e-02,1.218528486788272858e-02,3.185035943984985352e+00,3.771352171897888184e-01,5.541111946105957031e+00
2.175135016441345215e-01,6.862427294254302979e-02,-1.440304331481456757e-02,-5.217223167419433594e-01,-2.660821676254272461e-01,6.929761886596679688e+00
2.436993122100830078e-01,-3.994892467744648457e-04,1.722389832139015198e-03,-1.409305810928344727e+00,-1.009774565696716309e+00,4.937133312225341797e+00
2.571629285812377930e-01,2.217685990035533905e-02,2.550206519663333893e-02,-4.478989243507385254e-01,1.562584757804870605e+00,9.192311286926269531e+00
2.811727523803710938e-01,5.026906728744506836e-04,3.589959815144538879e-02,2.316193878650665283e-01,6.003929376602172852e-01,9.579467773437500000e-01
2.364620268344879150e-01,2.317474968731403351e-02,-5.476292222738265991e-03,4.124509170651435852e-02,1.003655791282653809e-02,1.964498400688171387e+00
2.399206459522247314e-01,9.363139979541301727e-04,1.800145767629146576e-02,-1.562899351119995117e+00,-1.546907544136047363e+00,3.713166952133178711e+00
2.766772210597991943e-01,-1.949086040258407593e-02,1.380923949182033539e-02,1.243784546852111816e+00,1.838079333305358887e+00,4.736436843872070312e+00
2.408620715141296387e-01,1.482965145260095596e-02,3.485649824142456055e-02,-1.763472318649291992e+00,-2.249950170516967773e+00,-1.799188137054443359e+00
3.098446726799011230e-01,1.346320752054452896e-02,8.602237328886985779e-03,2.175336778163909912e-01,2.388234853744506836e+00,4.251440763473510742e-01
1.945184022188186646e-01,-1.400856114923954010e-02,8.929334580898284912e-04,7.116805016994476318e-02,-1.029897332191467285e+00,2.495866119861602783e-01
2.411303818225860596e-01,-3.309018909931182861e-02,9.102847427129745483e-03,5.599438399076461792e-02,-4.721562266349792480e-01,-7.718907594680786133e-01
2.176781594753265381e-01,2.160481736063957214e-02,-1.451765932142734528e-02,-4.623420536518096924e-01,2.783818244934082031e+00,3.195632398128509521e-01
2.895326912403106689e-01,-5.365219712257385254e-02,5.785342305898666382e-02,2.776765108108520508e+00,1.512430787086486816e+00,-2.467042207717895508e+00
2.907349169254302979e-01,-4.511168226599693298e-03,1.793402619659900665e-02,7.792469263076782227e-01,-6.427675485610961914e-01,-1.404218822717666626e-01
2.990346550941467285e-01,-1.027640979737043381e-02,1.324785687029361725e-02,6.235053539276123047e-01,-1.837642550468444824e+00,2.465207099914550781e+00
1.890668123960494995e-01,3.759739454835653305e-03,2.530158124864101410e-02,2.152579575777053833e-01,-7.820953130722045898e-01,2.681712627410888672e+00
2.662031650543212891e-01,4.049371927976608276e-04,-1.249449513852596283e-02,3.613136410713195801e-01,-8.808665275573730469e-01,-5.167434692382812500e+00
2.173743546009063721e-01,1.363342860713601112e-03,1.182833127677440643e-02,6.099955439567565918e-01,1.785275578498840332e+00,-4.429946899414062500e+00
1.947144567966461182e-01,-4.620134457945823669e-02,-8.476169779896736145e-03,-5.808168649673461914e-01,-1.458611637353897095e-01,-9.847603440284729004e-01
2.184876650571823120e-01,-5.368497222661972046e-02,-1.061510480940341949e-02,9.037061333656311035e-01,1.608428835868835449e+00,-6.022090435028076172e+00
1.622652113437652588e-01,-1.740051507949829102e-01,1.927608251571655273e-02,2.082385778427124023e+00,-1.172199606895446777e+00,-1.901287841796875000e+01
1.313709318637847900e-01,-3.195074945688247681e-02,2.087580040097236633e-02,-1.623976826667785645e-01,-2.435872703790664673e-01,-1.031622028350830078e+01
1.977319121360778809e-01,-6.959497928619384766e-02,1.587909646332263947e-02,-2.360067069530487061e-01,5.643794536590576172e-01,-1.232483291625976562e+01
1.585408300161361694e-01,-3.490905463695526123e-02,3.939796984195709229e-02,5.873603224754333496e-01,-1.885380983352661133e+00,-5.869751930236816406e+00
2.564050555229187012e-01,-7.716229557991027832e-02,2.790269255638122559e-02,1.146021962165832520e+00,3.331494927406311035e-01,-4.558968544006347656e+00
1.968342363834381104e-01,2.513150684535503387e-02,4.011280089616775513e-02,1.380147576332092285e+00,-5.399382114410400391e-01,-6.462293863296508789e-01
1.908827722072601318e-01,4.222792387008666992e-02,-1.253343187272548676e-02,7.722155451774597168e-01,6.340836882591247559e-01,3.156942129135131836e+00
1.883478611707687378e-01,6.641853600740432739e-02,5.425110459327697754e-03,-2.783421277999877930e-01,1.043341755867004395e+00,1.102253532409667969e+01
2.387915849685668945e-01,5.228869616985321045e-02,3.610908985137939453e-02,-3.880648374557495117e+00,-2.814908027648925781e-01,1.308890533447265625e+01
1.818862706422805786e-01,2.541294321417808533e-02,4.540652036666870117e-02,-2.565483152866363525e-01,4.100996017456054688e+00,1.633218383789062500e+01
1.718906462192535400e-01,6.362732499837875366e-02,-1.974149979650974274e-02,-7.396529316902160645e-01,8.794677257537841797e-01,9.835626602172851562e+00
3.114038705825805664e-01,7.129651308059692383e-02,3.980637714266777039e-02,-5.690002441406250000e-01,-1.277868509292602539e+00,2.837728977203369141e+00
2.168464064598083496e-01,3.007496334612369537e-02,1.260588504374027252e-02,-3.063893616199493408e-01,9.737617373466491699e-01,1.980743885040283203e+00
2.102216333150863647e-01,3.539838269352912903e-02,3.650617972016334534e-02,3.885126113891601562e-01,-2.021941184997558594e+00,2.864814996719360352e+00
2.245912700891494751e-01,4.665611311793327332e-02,3.318308293819427490e-02,-9.062530398368835449e-01,-3.704140782356262207e-01,1.681492328643798828e+00
1.987493187189102173e-01,7.257254794239997864e-03,-7.208058610558509827e-03,1.918144375085830688e-01,1.141295909881591797e+00,-2.787983417510986328e+00
2.280195653438568115e-01,-4.112274199724197388e-02,5.831544101238250732e-02,3.075311422348022461e+00,-1.478841662406921387e+00,-1.004151916503906250e+01
1.468710601329803467e-01,2.114838175475597382e-02,1.242299564182758331e-02,4.398316144943237305e-01,4.975544214248657227e-01,-7.238200187683105469e+00
1.348465979099273682e-01,-3.010340034961700439e-02,4.137183725833892822e-02,2.233048439025878906e+00,-3.427464485168457031e+00,-2.942924737930297852e+00
2.151365876197814941e-01,-3.012244589626789093e-02,-1.906694844365119934e-03,-2.136773109436035156e+00,-3.280485153198242188e+00,-7.349085807800292969e+00
1.331653147935867310e-01,-3.616497293114662170e-02,1.244568079710006714e-02,3.843623161315917969e+00,1.267262101173400879e-01,-1.493380546569824219e+01
1.151822805404663086e-01,-9.498018771409988403e-03,4.707638174295425415e-03,-1.276308298110961914e+00,1.031048417091369629e+00,-1.100116348266601562e+01
2.173059880733489990e-01,-8.078335970640182495e-02,1.390781998634338379e-02,1.347692608833312988e-01,-4.664775431156158447e-01,-1.434304523468017578e+01
2.156045138835906982e-01,-2.679477632045745850e-02,3.449148684740066528e-02,-1.409053564071655273e+00,2.200325489044189453e+00,-3.322676181793212891e+00
1.523887664079666138e-01,-1.874342933297157288e-02,-5.709836259484291077e-03,9.526081681251525879e-01,1.803049564361572266e+00,-7.140026688575744629e-01
2.120873928070068359e-01,-2.724130265414714813e-02,3.708284720778465271e-02,1.376098632812500000e+00,-4.802558422088623047e+00,-4.187631130218505859e+00
2.412019670009613037e-01,7.352347485721111298e-03,3.298511728644371033e-02,1.150767087936401367e+00,3.698508441448211670e-01,-1.852886915206909180e+00
2.609574794769287109e-01,4.830189049243927002e-02,-2.832175232470035553e-02,1.420051217079162598e+00,2.778758049011230469e+00,3.015599727630615234e+00
2.706314623355865479e-01,-3.021658211946487427e-02,5.386039614677429199e-02,6.251457333564758301e-01,6.045242547988891602e-01,2.163547992706298828e+00
2.622756063938140869e-01,-3.041562624275684357e-03,8.906170725822448730e-03,-1.496950030326843262e+00,1.577882409095764160e+00,-9.205113053321838379e-01
2.873897254467010498e-01,-3.643069043755531311e-02,7.779785245656967163e-02,3.277165174484252930e+00,3.167884349822998047e+00,1.142836213111877441e+00
1.508271992206573486e-01,1.734319515526294708e-02,1.825814321637153625e-02,-5.266270041465759277e-01,-2.784804105758666992e+00,1.810232847929000854e-01
1.959144771099090576e-01,3.414099663496017456e-02,1.789083518087863922e-02,-2.916815996170043945e+00,-4.320268630981445312e+00,2.894431829452514648e+00
2.298109233379364014e-01,5.800841748714447021e-02,2.771901711821556091e-02,8.111836910247802734e-01,2.581174612045288086e+00,9.623802185058593750e+00
1.247489005327224731e-01,6.271146237850189209e-02,-1.177138276398181915e-02,-5.036379098892211914e-01,3.119054079055786133e+00,4.920994281768798828e+00
1.157366111874580383e-01,9.712999686598777771e-03,9.106022864580154419e-02,-6.201769411563873291e-02,-4.886595606803894043e-01,4.192918777465820312e+00
1.404278129339218140e-01,-4.827667959034442902e-03,3.580377250909805298e-02,1.610770106315612793e+00,2.177045822143554688e+00,-6.090766906738281250e+00
1.288900673389434814e-01,-8.545852452516555786e-02,2.492727711796760559e-03,1.716714382171630859e+00,2.330955982208251953e+00,-6.152887344360351562e+00
1.476914733648300171e-01,-3.780353441834449768e-02,3.918357193470001221e-02,3.643270730972290039e-01,6.844667196273803711e-01,-6.093345642089843750e+00
1.396563053131103516e-01,-4.993372410535812378e-02,2.966864779591560364e-02,2.590756416320800781e+00,2.646840333938598633e+00,-5.819622039794921875e+00
1.458784192800521851e-01,-4.265706613659858704e-02,1.210096199065446854e-02,2.117518901824951172e+00,1.466901302337646484e+00,-5.596946716308593750e+00
1.330407261848449707e-01,-2.333792299032211304e-02,2.969972416758537292e-02,1.305967092514038086e+00,1.213674433529376984e-03,-8.686516761779785156e+00
1.983976513147354126e-01,2.903516031801700592e-02,1.031484156847000122e-01,1.655784368515014648e+00,-2.520906925201416016e+00,-7.256347656250000000e+00
1.709980666637420654e-01,7.279008626937866211e-02,5.793613940477371216e-02,5.694431662559509277e-01,-1.886727571487426758e+00,-1.244267463684082031e+00
2.631824314594268799e-01,5.925134941935539246e-02,-4.701782017946243286e-04,3.185755014419555664e-02,-4.227514743804931641e+00,1.810648560523986816e+00
2.375279366970062256e-01,3.683833405375480652e-03,4.352577030658721924e-02,5.637739896774291992e-01,-5.220707654953002930e-01,-5.129225254058837891e-01
2.492626309394836426e-01,-4.229714162647724152e-03,-1.076976023614406586e-02,-1.110782265663146973e+00,2.401434659957885742e+00,-1.092296540737152100e-01
2.146506756544113159e-01,-1.104738097637891769e-03,3.856960684061050415e-02,4.036871433258056641e+00,-1.280274748802185059e+00,-8.272261619567871094e+00
1.325736939907073975e-01,1.331766508519649506e-02,-2.213763073086738586e-03,1.252718806266784668e+00,-1.341774761676788330e-01,-4.487321376800537109e-01
1.542719751596450806e-01,5.861282348632812500e-02,1.080862525850534439e-02,-7.717263698577880859e-01,-1.627442121505737305e+00,1.730805993080139160e+00
1.286644488573074341e-01,2.358341589570045471e-03,6.924126297235488892e-03,-2.160035848617553711e+00,1.247424721717834473e+00,5.183766365051269531e+00
1.394461840391159058e-01,1.010396778583526611e-01,-1.015440188348293304e-02,-1.126520633697509766e+00,1.115404129028320312e+00,9.929368019104003906e+00
1.653033047914505005e-01,9.659109264612197876e-02,2.249277383089065552e-02,1.409129947423934937e-01,-8.344609737396240234e-01,9.510547637939453125e+00
1.262948065996170044e-01,1.604577749967575073e-01,7.844535633921623230e-03,-3.948642015457153320e-01,2.013528108596801758e+00,1.136359596252441406e+01
1.841519176959991455e-01,6.695306301116943359e-02,-2.091248147189617157e-02,-1.340264678001403809e+00,5.987610220909118652e-01,6.897790908813476562e+00
1.627316623926162720e-01,2.085530385375022888e-02,3.900881111621856689e-02,-8.069828748703002930e-01,-4.686828851699829102e-01,5.590384483337402344e+00
2.029518336057662964e-01,4.988586902618408203e-02,-2.178473956882953644e-02,-7.919707894325256348e-01,2.112907886505126953e+00,4.865452766418457031e+00
2.569585442543029785e-01,3.785868361592292786e-02,1.911693625152111053e-02,-1.643717288970947266e+00,-2.086746692657470703e+00,2.293689846992492676e-01
2.507012784481048584e-01,8.791907876729965210e-02,3.133719414472579956e-02,-2.474999427795410156e+00,7.454823255538940430e-01,5.156508922576904297e+00
2.257857918739318848e-01,7.162541151046752930e-02,8.354870602488517761e-03,-1.275335431098937988e+00,4.337373375892639160e-01,6.508550643920898438e+00
2.132701873779296875e-01,7.468795031309127808e-02,5.917357653379440308e-02,2.295510023832321167e-01,-1.342516303062438965e+00,8.940314292907714844e+00
2.076825350522994995e-01,2.417602762579917908e-02,5.044363439083099365e-03,-3.888377845287322998e-01,3.974770545959472656e+00,1.015384387969970703e+01
2.325367033481597900e-01,3.374461084604263306e-02,-3.262276947498321533e-02,-1.116129040718078613e+00,-1.414848446846008301e+00,1.725764751434326172e+00
2.826574444770812988e-01,9.031386673450469971e-02,5.624240264296531677e-03,-1.260046362876892090e+00,-2.709218740463256836e+00,8.920278549194335938e+00
1.769931465387344360e-01,7.481714338064193726e-02,-8.483199402689933777e-03,1.966799020767211914e+00,2.246810197830200195e+00,1.103786182403564453e+01
2.892746627330780029e-01,1.000340282917022705e-01,1.914276927709579468e-02,-8.446955680847167969e-01,-7.967459559440612793e-01,1.376913547515869141e+01
2.582991719245910645e-01,4.878275096416473389e-02,-8.605426177382469177e-03,-3.476399183273315430e-01,1.537531971931457520e+00,9.573865890502929688e+00
2.762137055397033691e-01,-1.922757923603057861e-02,7.336186245083808899e-03,-1.005360007286071777e+00,1.291215062141418457e+00,3.263844490051269531e+00
2.241119146347045898e-01,3.797145560383796692e-03,4.980088025331497192e-02,-3.623541891574859619e-01,-3.531601190567016602e+00,-1.050767183303833008e+00
1.836809962987899780e-01,4.528161138296127319e-02,4.080478101968765259e-02,-2.065696418285369873e-01,1.434645414352416992e+00,3.894207477569580078e+00
3.003303408622741699e-01,8.687128126621246338e-02,-2.263878844678401947e-02,1.880842685699462891e+00,-5.341345071792602539e-01,6.259337425231933594e+00
2.537517547607421875e-01,6.972859054803848267e-02,-9.957959875464439392e-03,-5.815334320068359375e-01,5.966752767562866211e-01,6.258617401123046875e+00
2.035083919763565063e-01,5.241582915186882019e-02,-2.773549407720565796e-03,-1.640581130981445312e+00,1.166683316230773926e+00,4.398630142211914062e+00
2.197626829147338867e-01,7.297503948211669922e-02,3.255568817257881165e-02,-1.016661763191223145e+00,3.588877916336059570e-01,3.362308502197265625e+00
1.719223707914352417e-01,9.032703191041946411e-02,-8.242765441536903381e-03,9.504479765892028809e-01,-6.391805410385131836e-02,7.290641784667968750e+00
2.838213443756103516e-01,1.284116357564926147e-01,-6.121724843978881836e-03,-1.288782835006713867e+00,-8.745042085647583008e-01,1.660179138183593750e+01
2.316479980945587158e-01,5.534957349300384521e-02,3.459809720516204834e-02,-1.470814704895019531e+00,-1.564918160438537598e+00,1.248631381988525391e+01
2.246099859476089478e-01,4.851913452148437500e-02,-9.137062355875968933e-03,6.529496312141418457e-01,2.392843484878540039e+00,1.262221145629882812e+01
2.573251426219940186e-01,4.073292389512062073e-02,4.945198073983192444e-03,-7.338612079620361328e-01,-6.588993668556213379e-01,4.786807537078857422e+00
2.086308896541595459e-01,3.782562911510467529e-02,3.065782785415649414e-02,7.078586816787719727e-01,5.910351276397705078e-01,4.828243732452392578e+00
1.889130473136901855e-01,6.664870679378509521e-02,-3.356261178851127625e-03,-5.898000597953796387e-01,6.440090537071228027e-01,4.430315017700195312e+00
2.174143493175506592e-01,4.670348763465881348e-02,4.330936819314956665e-02,3.621643781661987305e-01,-7.543727159500122070e-01,8.476024627685546875e+00
2.211776971817016602e-01,2.720111235976219177e-02,1.200469024479389191e-02,-1.789714992046356201e-01,2.369894742965698242e+00,6.765436172485351562e+00
1.554709821939468384e-01,8.156837895512580872e-03,1.114830933511257172e-02,-3.659685850143432617e-01,-2.672601863741874695e-02,-1.689813375473022461e+00
2.160021215677261353e-01,2.412351034581661224e-02,2.755312062799930573e-02,1.880792021751403809e+00,-2.234641790390014648e+00,-1.411030530929565430e+00
2.660484015941619873e-01,5.664580501616001129e-03,2.309536933898925781e-02,7.879668474197387695e-01,1.559891700744628906e+00,1.460235118865966797e+00
1.637454330921173096e-01,-2.587045542895793915e-02,7.213892787694931030e-02,-8.154736757278442383e-01,9.728160500526428223e-01,3.938932180404663086e+00
1.149919629096984863e-01,-3.618486598134040833e-02,3.069372847676277161e-03,-1.099066495895385742e+00,3.825594782829284668e-01,-6.797717809677124023e-01
1.599054783582687378e-01,-2.510789036750793457e-02,-3.355754539370536804e-03,8.582561016082763672e-01,1.952987551689147949e+00,-5.308555603027343750e+00
1.691306829452514648e-01,-1.109032779932022095e-01,3.724118322134017944e-02,1.443707585334777832e+00,-1.381564259529113770e+00,-9.910572052001953125e+00
5.358713865280151367e-02,1.462985109537839890e-02,1.177356299012899399e-02,3.897358104586601257e-02,3.326428234577178955e-01,-2.595378637313842773e+00
1.512495130300521851e-01,-1.366247050464153290e-02,1.155853737145662308e-02,7.999923825263977051e-01,1.056993126869201660e+00,-4.362823963165283203e+00
8.990997076034545898e-02,-3.187999129295349121e-02,2.277315407991409302e-02,-2.152242660522460938e+00,-1.041441440582275391e+00,-1.850098371505737305e+00
9.446203708648681641e-02,-4.029375035315752029e-03,8.802842348814010620e-03,8.472427725791931152e-02,5.168193578720092773e-01,-1.732238769531250000e+00
1.964788138866424561e-01,1.031835004687309265e-02,-1.566350273787975311e-02,-1.804046034812927246e-01,-5.426488071680068970e-02,-1.358932971954345703e+00
2.442217618227005005e-01,6.121731176972389221e-02,4.266475141048431396e-02,2.475468873977661133e+00,-2.306829214096069336e+00,5.874329566955566406e+00
2.309501767158508301e-01,2.778131281957030296e-03,-1.418104954063892365e-02,-1.843469738960266113e+00,1.393244624137878418e+00,3.736896038055419922e+00
2.161410152912139893e-01,6.824509054422378540e-02,-1.084691099822521210e-02,7.027992010116577148e-01,1.263687372207641602e+00,5.335349082946777344e+00
2.197607457637786865e-01,9.400484152138233185e-03,3.340052813291549683e-02,-1.633467078208923340e+00,-4.503480195999145508e-01,9.352323532104492188e+00
2.027865648269653320e-01,3.044432261958718300e-03,2.004734799265861511e-02,-2.002430856227874756e-01,2.144001483917236328e+00,4.099223613739013672e+00
2.103397101163864136e-01,-2.631246112287044525e-02,8.711209520697593689e-03,6.380996108055114746e-02,-3.431143760681152344e-01,-9.878832697868347168e-01
1.267107278108596802e-01,-3.121606539934873581e-03,2.940635755658149719e-02,1.824838519096374512e-01,5.793967247009277344e-01,-3.442091941833496094e+00
2.366537153720855713e-01,9.042027406394481659e-03,2.437318488955497742e-02,-2.483731657266616821e-01,6.709761619567871094e-01,1.536940813064575195e+00
2.149501442909240723e-01,-1.285369787365198135e-02,5.095740407705307007e-02,-2.463025569915771484e+00,3.217793107032775879e-01,4.215038299560546875e+00
1.864344030618667603e-01,-1.927490532398223877e-02,4.558596014976501465e-02,-1.840963065624237061e-01,-3.229460716247558594e-01,1.409107685089111328e+00
2.341499030590057373e-01,-8.667862415313720703e-02,1.742080785334110260e-02,2.071284294128417969e+00,5.426504462957382202e-02,-3.022867202758789062e+00
1.451915055513381958e-01,-1.439676154404878616e-02,4.853039234876632690e-02,5.891555547714233398e-01,-1.634431481361389160e+00,-3.033309459686279297e+00
8.575405180454254150e-02,1.975975697860121727e-03,5.762232467532157898e-03,-1.409320116043090820e+00,1.440127134323120117e+00,6.280314326286315918e-01
1.632383167743682861e-01,-1.101219002157449722e-02,7.566263899207115173e-03,1.660511255264282227e+00,-6.294495463371276855e-01,-1.081667542457580566e-01
1.554433554410934448e-01,-8.304480463266372681e-03,2.521596103906631470e-02,-2.638498544692993164e-01,-1.724192976951599121e+00,5.048797726631164551e-01
1.968942284584045410e-01,-3.014927171170711517e-02,2.730592899024486542e-02,-1.091830134391784668e+00,1.710967540740966797e+00,-2.572612285614013672e+00
1.892322152853012085e-01,-9.025219827890396118e-02,-6.376953795552253723e-03,2.740811705589294434e-01,3.386378586292266846e-01,-1.068029499053955078e+01
1.851508319377899170e-01,-2.144397608935832977e-02,3.018572926521301270e-03,2.360091686248779297e+00,-1.738359212875366211e+00,-7.607315063476562500e+00
2.030121088027954102e-01,-9.691813960671424866e-03,2.804096601903438568e-02,-6.026647984981536865e-02,-5.247135162353515625e-01,-5.555888175964355469e+00
2.278140187263488770e-01,4.060887172818183899e-02,-1.751007512211799622e-03,3.468279242515563965e-01,-8.179504275321960449e-01,1.428651094436645508e+00
2.790996432304382324e-01,1.353774126619100571e-02,3.808325529098510742e-02,-1.370280504226684570e+00,-9.013917446136474609e-01,5.462586402893066406e+00
2.156282365322113037e-01,3.396745398640632629e-02,-3.820296376943588257e-03,3.531746566295623779e-01,1.704949736595153809e+00,1.262731790542602539e+00
1.705835312604904175e-01,1.585356891155242920e-02,2.082585729658603668e-02,-6.274743080139160156e-01,-1.249752879142761230e+00,-1.288187503814697266e-01
1.749283969402313232e-01,1.010069902986288071e-02,2.979257702827453613e-02,1.245423197746276855e+00,-3.703908920288085938e-01,2.956977128982543945e+00
2.531871497631072998e-01,2.066666819155216217e-02,3.704028204083442688e-03,-9.842658638954162598e-01,9.532169699668884277e-01,2.793936967849731445e+00
1.812280416488647461e-01,-3.811606019735336304e-02,5.631598085165023804e-02,-1.129727482795715332e+00,-1.549342632293701172e+00,-2.225112676620483398e+00
1.634037345647811890e-01,-6.292895972728729248e-02,5.125189200043678284e-03,9.658066630363464355e-01,1.654654383659362793e+00,-8.623367309570312500e+00
1.600737869739532471e-01,-2.558782510459423065e-02,8.902752771973609924e-03,2.414279460906982422e+00,-8.560134768486022949e-01,-6.641965866088867188e+00
1.917271912097930908e-01,1.427474897354841232e-02,-8.556595072150230408e-03,2.260465621948242188e+00,-2.134059667587280273e+00,-1.017474770545959473e+00
1.645305752754211426e-01,-1.045579090714454651e-03,1.469750143587589264e-02,-6.318314671516418457e-01,-5.325876176357269287e-02,1.260636329650878906e+00
2.386940717697143555e-01,7.686838507652282715e-02,2.690381556749343872e-02,-1.123693823814392090e+00,-1.971087574958801270e+00,7.680116653442382812e+00
1.715298742055892944e-01,9.310346841812133789e-02,2.511298656463623047e-02,-1.673633098602294922e+00,-1.444213032722473145e+00,9.060679435729980469e+00
1.748508661985397339e-01,8.828458935022354126e-02,2.914169803261756897e-03,7.207729816436767578e-01,7.333359718322753906e-01,1.253869724273681641e+01
1.867063790559768677e-01,6.033837422728538513e-02,2.632340043783187866e-02,-8.838789463043212891e-01,1.838550567626953125e+00,1.045314407348632812e+01
1.612447649240493774e-01,4.725210741162300110e-02,6.731592118740081787e-02,-3.698906004428863525e-01,5.021905422210693359e+00,8.649543762207031250e+00
1.596090197563171387e-01,5.645752698183059692e-02,2.861027419567108154e-02,-4.448139071464538574e-01,1.704027652740478516e+00,9.488689422607421875e+00
1.103786528110504150e-01,6.115865707397460938e-02,1.295661553740501404e-02,-9.951965808868408203e-01,2.235752582550048828e+00,9.819459915161132812e+00
1.480218619108200073e-01,1.205493509769439697e-02,2.864750102162361145e-02,2.930430881679058075e-02,3.553743362426757812e-01,9.220013618469238281e+00
1.850352436304092407e-01,-1.572001026943325996e-03,6.913831084966659546e-02,-1.577475905418395996e+00,-1.822367072105407715e+00,6.660403251647949219e+00
2.125976085662841797e-01,2.715117065235972404e-03,4.116896167397499084e-02,-2.515868425369262695e+00,-1.148751974105834961e+00,7.920113205909729004e-01
1.825511753559112549e-01,-1.570498198270797729e-02,3.840649500489234924e-02,-1.165187954902648926e+00,-1.825271248817443848e+00,-4.342929840087890625e+00
5.916090309619903564e-02,8.506551384925842285e-04,-2.157662063837051392e-03,4.189175367355346680e-01,-1.102721691131591797e+00,-5.280815124511718750e+00
1.365427672863006592e-01,-7.556719356216490269e-04,1.689383015036582947e-02,8.171005249023437500e-01,-5.763751268386840820e-01,-3.806150913238525391e+00
1.602919250726699829e-01,5.745289474725723267e-02,2.880727313458919525e-02,1.156601786613464355e+00,-2.535828828811645508e+00,4.366967201232910156e+00
1.753356307744979858e-01,7.481372356414794922e-02,-2.220696210861206055e-02,6.491986513137817383e-01,1.101943612098693848e+00,1.188832378387451172e+01
2.097252458333969116e-01,7.520107179880142212e-02,1.060148421674966812e-02,6.695263981819152832e-01,-1.544976353645324707e+00,1.291873645782470703e+01
1.759641915559768677e-01,1.235903613269329071e-02,1.077038981020450592e-02,-7.745377719402313232e-02,1.190755009651184082e+00,1.674413108825683594e+01
2.157767117023468018e-01,8.092619478702545166e-02,6.736088544130325317e-04,2.425016909837722778e-01,2.838753461837768555e+00,1.179047298431396484e+01
2.332908213138580322e-01,1.720567978918552399e-02,9.851755574345588684e-03,-1.237065076828002930e+00,1.911399841308593750e+00,3.287071466445922852e+00
1.289342939853668213e-01,5.206792429089546204e-02,3.575668856501579285e-02,-3.689303100109100342e-01,8.844535946846008301e-01,4.704754829406738281e+00
2.132517248392105103e-01,2.209560200572013855e-02,1.091138366609811783e-02,1.073008060455322266e+00,3.123449087142944336e+00,3.025508403778076172e+00
1.925780177116394043e-01,-2.586108446121215820e-02,5.607020109891891479e-02,-2.620158672332763672e+00,-2.804388999938964844e+00,-1.434431314468383789e+00
1.449239701032638550e-01,-2.503911405801773071e-02,1.303773280233144760e-02,6.502310633659362793e-01,1.039043307304382324e+00,-3.781591176986694336e+00
2.417175173759460449e-01,-8.347605913877487183e-02,2.482328377664089203e-02,-6.672625988721847534e-02,5.749571919441223145e-01,-9.703400611877441406e+00
2.184776365756988525e-01,-2.436671033501625061e-02,9.734149277210235596e-02,3.040657043457031250e+00,1.841803267598152161e-02,-5.928133964538574219e+00
2.185208499431610107e-01,-1.769300363957881927e-02,-1.176101528108119965e-02,9.795318245887756348e-01,-6.951032280921936035e-01,-3.847562074661254883e+00
2.138719111680984497e-01,-4.005001857876777649e-03,4.420839250087738037e-02,-1.346707224845886230e+00,-2.762062311172485352e+00,3.793219327926635742e+00
2.767466604709625244e-01,2.979059703648090363e-02,3.445132076740264893e-02,-2.148524522781372070e+00,1.799163937568664551e+00,8.373395919799804688e+00
2.417166233062744141e-01,2.608779631555080414e-02,9.147385135293006897e-03,-9.126879572868347168e-01,2.177159935235977173e-01,1.011367559432983398e+00
2.974694371223449707e-01,5.840244516730308533e-02,1.938373036682605743e-02,3.346608877182006836e+00,9.498498439788818359e-01,2.085640907287597656e+00
1.695022583007812500e-01,6.777382642030715942e-02,1.027637626975774765e-02,-1.273619234561920166e-01,1.061799451708793640e-01,5.162104606628417969e+00
2.878502011299133301e-01,5.692205205559730530e-02,2.258250303566455841e-02,8.933074474334716797e-01,-2.859204053878784180e+00,2.013320922851562500e+00
2.888917326927185059e-01,-7.184662856161594391e-03,2.004427462816238403e-02,-2.208428859710693359e+00,-6.086272001266479492e-01,1.223891496658325195e+00
2.061724960803985596e-01,-3.229944780468940735e-02,-2.418251521885395050e-02,1.746896952390670776e-01,2.279752492904663086e-01,-4.126400470733642578e+00
1.774932295083999634e-01,-2.777071483433246613e-02,3.548497334122657776e-02,1.301867663860321045e-01,-2.404053449630737305e+00,-1.202636718750000000e+01
2.610780894756317139e-01,-3.659250587224960327e-02,9.514868259429931641e-03,1.866204023361206055e+00,1.550662159919738770e+00,-5.361305236816406250e+00
2.572049498558044434e-01,3.935119882225990295e-02,3.223171085119247437e-02,1.793210059404373169e-01,-3.538644552230834961e+00,1.073794960975646973e+00
2.077607512474060059e-01,-3.888361155986785889e-02,1.073229126632213593e-02,-2.376300692558288574e-01,2.214643955230712891e+00,1.980026006698608398e+00
2.126199156045913696e-01,1.775450073182582855e-02,2.907594852149486542e-02,-7.491887807846069336e-01,1.043385267257690430e+00,-1.246451854705810547e+00
2.304903566837310791e-01,2.003833651542663574e-02,6.830801069736480713e-02,1.643267512321472168e+00,-1.430691838264465332e+00,-1.146967172622680664e+00
2.447254955768585205e-01,3.330177068710327148e-02,1.989288441836833954e-02,-7.760847806930541992e-01,1.424903035163879395e+00,5.932504653930664062e+00
3.116793632507324219e-01,-2.724840305745601654e-03,1.310202665627002716e-02,-8.388005495071411133e-01,-3.690057277679443359e+00,3.779798269271850586e+00
2.350340187549591064e-01,9.727012366056442261e-03,8.993403986096382141e-03,-3.214212357997894287e-01,3.955309629440307617e+00,3.158603012561798096e-01
2.519174218177795410e-01,-1.223610620945692062e-02,-1.707935892045497894e-02,1.211526513099670410e+00,8.597702980041503906e-01,-3.701904296875000000e+00
2.461663186550140381e-01,4.699405655264854431e-02,4.544555395841598511e-02,1.831194639205932617e+00,-2.327111005783081055e+00,-4.360687255859375000e+00
2.534801959991455078e-01,2.880868501961231232e-02,-1.644583232700824738e-02,2.234094619750976562e+00,3.129319667816162109e+00,2.421868324279785156e+00
2.175514996051788330e-01,2.230947092175483704e-02,5.643470585346221924e-02,-2.988942898809909821e-02,-2.693881034851074219e+00,5.086090087890625000e+00
2.132674157619476318e-01,3.595377504825592041e-02,6.886823102831840515e-03,-1.588728547096252441e+00,3.211565732955932617e+00,6.529464244842529297e+00
2.352652847766876221e-01,-2.107802033424377441e-02,1.028241962194442749e-02,3.617375493049621582e-01,7.968355417251586914e-01,-1.064567416906356812e-01
2.410152852535247803e-01,8.215335197746753693e-03,4.195340722799301147e-02,2.343154430389404297e+00,-8.527867794036865234e-01,-3.173731803894042969e+00
2.587326765060424805e-01,9.165233001112937927e-03,-1.286502368748188019e-02,1.942705988883972168e+00,2.592089414596557617e+00,6.872777938842773438e-01
2.176615446805953979e-01,-5.072750151157379150e-02,4.719601571559906006e-02,-2.545486211776733398e+00,-3.602513313293457031e+00,-7.151457667350769043e-02
2.342667877674102783e-01,-4.774388298392295837e-02,4.660979658365249634e-02,-8.657906055450439453e-01,-9.607918262481689453e-01,-1.002363562583923340e+00
1.445926278829574585e-01,-6.624879688024520874e-02,1.725389435887336731e-02,1.251384496688842773e+00,-2.133641004562377930e+00,-1.360650825500488281e+01
1.129560470581054688e-01,-6.900867447257041931e-03,1.635618135333061218e-02,2.023915529251098633e+00,1.004354655742645264e-01,-1.102198696136474609e+01
1.497133523225784302e-01,-2.006272785365581512e-02,1.604566350579261780e-02,-2.050414383411407471e-01,-1.320767283439636230e+00,-9.384981155395507812e+00
1.460099518299102783e-01,-4.697102308273315430e-02,4.224494844675064087e-02,2.149084568023681641e+00,-1.637261629104614258e+00,-7.318543434143066406e+00
1.304799616336822510e-01,-8.852807432413101196e-02,1.592960581183433533e-02,2.627762556076049805e+00,6.614149212837219238e-01,-1.588619899749755859e+01
1.585773825645446777e-01,-9.336355328559875488e-02,1.111765392124652863e-02,2.110174179077148438e+00,-5.956348776817321777e-02,-1.718894195556640625e+01
1.480361670255661011e-01,-7.531257718801498413e-02,2.633998915553092957e-02,1.804797172546386719e+00,-3.417217493057250977e+00,-1.431996536254882812e+01
1.893105804920196533e-01,-4.148797318339347839e-02,1.962041109800338745e-02,1.004027426242828369e-01,1.841880679130554199e+00,-1.418523883819580078e+01
1.393052190542221069e-01,-3.649944439530372620e-02,-5.880488082766532898e-03,6.550584733486175537e-02,1.665763854980468750e+00,-4.429267883300781250e+00
2.168001830577850342e-01,5.245142150670289993e-03,6.149414181709289551e-02,2.553490996360778809e-01,-1.506668090820312500e+00,-3.294081211090087891e+00
2.309955358505249023e-01,-4.288198426365852356e-02,-3.828167915344238281e-03,6.340693235397338867e-01,1.614551067352294922e+00,-5.550005435943603516e-01
1.920748203992843628e-01,-2.174577489495277405e-02,4.337054118514060974e-02,1.274950027465820312e+00,-9.824266284704208374e-02,-2.876897811889648438e+00
2.006091028451919556e-01,5.091721192002296448e-02,9.789295494556427002e-03,-3.984084725379943848e-01,1.745292067527770996e+00,-7.203249931335449219e-01
2.183937728404998779e-01,4.729966819286346436e-02,1.448576897382736206e-02,3.314908444881439209e-01,1.689427137374877930e+00,2.964805364608764648e+00
2.132910937070846558e-01,3.770808503031730652e-02,6.282356381416320801e-02,9.486399292945861816e-01,-1.490411043167114258e+00,5.812484741210937500e+00
2.812578678131103516e-01,3.170838579535484314e-02,2.438658103346824646e-02,-2.010540485382080078e+00,1.047679066658020020e+00,7.960887908935546875e+00
2.193682789802551270e-01,3.000620380043983459e-02,5.825094878673553467e-03,1.112383842468261719e+00,-2.491433769464492798e-01,9.713281989097595215e-01
2.541456520557403564e-01,7.293037325143814087e-02,5.211021006107330322e-02,-5.633245706558227539e-01,-2.764661312103271484e-01,3.704848766326904297e+00
2.719296514987945557e-01,4.497095942497253418e-02,-1.633314788341522217e-02,1.874014616012573242e+00,6.527767181396484375e-01,5.068731307983398438e+00
2.522259950637817383e-01,6.052548065781593323e-02,3.620548546314239502e-02,5.340009331703186035e-01,-2.242071628570556641e+00,6.625320434570312500e+00
2.549768090248107910e-01,1.328694913536310196e-02,1.708698272705078125e-02,-9.219691157341003418e-01,2.707724332809448242e+00,6.343191146850585938e+00
2.532287836074829102e-01,-1.820161938667297363e-02,3.977285698056221008e-03,5.228221416473388672e-01,1.369326412677764893e-01,-1.312826633453369141e+00
2.958339452743530273e-01,4.292655736207962036e-02,3.560420125722885132e-02,1.745621323585510254e+00,1.363403677940368652e+00,-6.850719451904296875e-03
2.391297668218612671e-01,4.674681648612022400e-02,2.571024000644683838e-02,1.366128683090209961e+00,1.052144646644592285e+00,3.235373020172119141e+00
3.047347664833068848e-01,9.471606463193893433e-03,-1.287335529923439026e-03,-1.093243002891540527e+00,-2.778078794479370117e+00,2.214797496795654297e+00
2.211475670337677002e-01,5.791254714131355286e-02,8.209291845560073853e-02,-3.967598676681518555e-01,6.338242888450622559e-01,2.515620231628417969e+00
2.144971787929534912e-01,-4.042754694819450378e-02,-3.457725048065185547e-03,1.167627274990081787e-01,1.892300963401794434e+00,-1.024991035461425781e+00
2.697470784187316895e-01,-2.762226015329360962e-02,3.500868380069732666e-02,1.058401823043823242e+00,-1.662516236305236816e+00,-3.363891363143920898e+00
2.153485715389251709e-01,4.453904926776885986e-02,3.337949514389038086e-02,-1.491162329912185669e-01,2.189342498779296875e+00,2.076293230056762695e+00
1.793845444917678833e-01,5.891256034374237061e-02,1.937352865934371948e-02,-1.320625305175781250e+00,1.562496781349182129e+00,8.359226226806640625e+00
3.039025664329528809e-01,1.315662860870361328e-01,3.440517932176589966e-02,-1.878683328628540039e+00,4.573374271392822266e+00,1.112602329254150391e+01
2.299660146236419678e-01,6.924767047166824341e-02,3.574056178331375122e-02,-2.064145565032958984e+00,3.383119821548461914e+00,1.267737293243408203e+01
1.948015540838241577e-01,6.866031140089035034e-02,4.647656530141830444e-02,-2.307174205780029297e+00,1.498030781745910645e+00,1.638062095642089844e+01
2.359578013420104980e-01,1.018782109022140503e-01,6.664003431797027588e-02,-2.060758829116821289e+00,3.719702661037445068e-01,1.250427055358886719e+01
1.509292870759963989e-01,3.709939122200012207e-02,6.630399823188781738e-02,-1.234590530395507812e+00,-1.467468857765197754e+00,6.097564697265625000e+00
2.475591152906417847e-01,3.929852694272994995e-02,1.555453334003686905e-02,-9.370045065879821777e-01,-1.661425828933715820e+00,7.244812965393066406e+00
1.041392758488655090e-01,6.053705140948295593e-02,2.787621133029460907e-02,-6.361247301101684570e-01,-9.163833856582641602e-01,5.693850994110107422e+00
1.805960685014724731e-01,4.796609655022621155e-02,2.939601242542266846e-02,-1.028755903244018555e+00,-2.013807773590087891e+00,5.545299530029296875e+00
1.432271897792816162e-01,4.065060988068580627e-02,2.109713293612003326e-02,-1.314803957939147949e-01,-1.198973178863525391e+00,5.747050046920776367e-02
1.095886752009391785e-01,1.405542064458131790e-02,1.579075865447521210e-02,-3.255488634109497070e+00,6.297441720962524414e-01,-6.678789138793945312e+00
1.543149203062057495e-01,-6.152595579624176025e-02,-4.705488681793212891e-04,2.350370585918426514e-02,-2.149964332580566406e+00,-1.702794456481933594e+01
1.331885606050491333e-01,-4.853626340627670288e-02,5.848729982972145081e-03,-2.355089485645294189e-01,-1.269751310348510742e+00,-1.553883838653564453e+01
9.871844947338104248e-02,-5.049319937825202942e-02,1.686341874301433563e-02,1.492452323436737061e-01,1.045658826828002930e+00,-8.584044456481933594e+00
1.501803398132324219e-01,-3.403086215257644653e-02,1.041873171925544739e-02,-1.831395626068115234e+00,-1.165940999984741211e+00,-6.114877700805664062e+00
9.824813157320022583e-02,-1.640117540955543518e-02,-2.857299521565437317e-03,-3.943894505500793457e-01,2.533385038375854492e+00,-8.622051239013671875e+00
8.236239850521087646e-02,-3.463252633810043335e-02,-1.774371974170207977e-02,3.017274618148803711e+00,1.655679702758789062e+00,-5.642320632934570312e+00
3.225073218345642090e-02,6.417684257030487061e-02,-1.753391884267330170e-02,1.355631589889526367e+00,-9.835168719291687012e-02,3.925045490264892578e+00
5.525131523609161377e-02,1.784312874078750610e-01,2.098496444523334503e-02,1.027546644210815430e+00,-1.183150768280029297e+00,1.157105827331542969e+01
4.292292520403862000e-02,1.087599843740463257e-01,1.955418102443218231e-02,-1.682286500930786133e+00,-2.969207167625427246e-01,1.410132980346679688e+01
2.077662646770477295e-01,1.843017041683197021e-01,-3.748164325952529907e-02,-7.155308127403259277e-01,1.777104973793029785e+00,2.001981544494628906e+01
2.142074108123779297e-01,9.547099471092224121e-03,1.142548955976963043e-02,-1.624813914299011230e+00,-4.593348026275634766e+00,6.034047126770019531e+00
2.346177548170089722e-01,1.025247201323509216e-01,3.670999407768249512e-02,-1.455353975296020508e+00,-3.425334393978118896e-01,1.625068283081054688e+01
2.848450541496276855e-01,7.689880579710006714e-02,-2.212728373706340790e-02,-5.056222677230834961e-01,2.475546151399612427e-01,1.020399665832519531e+01
2.243655622005462646e-01,8.955690264701843262e-02,4.393742978572845459e-02,1.049378395080566406e+00,-2.987411022186279297e+00,6.612664222717285156e+00
2.339105904102325439e-01,1.252547502517700195e-01,-1.494626514613628387e-02,-2.171715497970581055e-01,2.456029415130615234e+00,1.692795181274414062e+01
3.081165254116058350e-01,4.635756835341453552e-02,1.220845617353916168e-02,-1.979794740676879883e+00,-2.835384845733642578e+00,1.828439331054687500e+01
1.664166301488876343e-01,4.179021716117858887e-02,2.800169773399829865e-02,-8.056700825691223145e-01,7.204161882400512695e-01,1.688262557983398438e+01
2.661130428314208984e-01,7.740236818790435791e-02,2.099071070551872253e-02,-2.217206001281738281e+00,-6.453064680099487305e-01,1.323957157135009766e+01
2.471647113561630249e-01,4.915602132678031921e-02,3.693736344575881958e-02,6.616628170013427734e-02,-2.654133558273315430e+00,9.973280906677246094e+00
2.133615761995315552e-01,4.614990204572677612e-02,-1.553570292890071869e-02,7.736118137836456299e-02,1.414092659950256348e+00,1.156739807128906250e+01
2.167773246765136719e-01,2.341020852327346802e-02,5.361464619636535645e-02,-1.484360218048095703e+00,-1.794523954391479492e+00,6.417127609252929688e+00
2.648451328277587891e-01,4.024389386177062988e-02,4.061202332377433777e-02,-1.668148398399353027e+00,2.099941015243530273e+00,6.954074859619140625e+00
2.248206734657287598e-01,2.638018317520618439e-02,2.720214426517486572e-02,-1.530300080776214600e-02,-1.427716612815856934e+00,-1.629999637603759766e+00
1.967405527830123901e-01,3.291010111570358276e-02,6.238113343715667725e-02,-8.578279614448547363e-01,-1.226462244987487793e+00,7.738075852394104004e-01
2.242715060710906982e-01,4.362921789288520813e-02,-2.217602543532848358e-02,3.205747008323669434e-01,2.011235475540161133e+00,1.551954507827758789e+00
1.858040541410446167e-01,7.962876930832862854e-03,1.855815947055816650e-02,-2.208854913711547852e+00,-5.231717109680175781e+00,4.411267280578613281e+00
2.757090628147125244e-01,-2.490438334643840790e-02,7.250395417213439941e-02,3.576099574565887451e-01,2.830536603927612305e+00,2.416623353958129883e+00
2.581940293312072754e-01,-3.837194293737411499e-02,-2.362891845405101776e-02,-8.613146543502807617e-01,4.422019720077514648e-01,-5.645034790039062500e+00
1.715536862611770630e-01,-3.583336481824517250e-03,2.598610706627368927e-02,2.530648231506347656e+00,-9.745187759399414062e-01,-2.939141750335693359e+00
1.548301279544830322e-01,-2.878886298276484013e-04,5.977947264909744263e-03,5.073338150978088379e-01,1.291018486022949219e+00,-2.717776536941528320e+00
2.205330431461334229e-01,-1.349465176463127136e-02,2.930736541748046875e-02,-1.139508962631225586e+00,-8.187637925148010254e-01,-3.427580833435058594e+00
2.563890516757965088e-01,-9.740407112985849380e-04,3.092242032289505005e-02,1.422891378402709961e+00,1.717519760131835938e+00,-8.358843803405761719e+00
2.034259438514709473e-01,-6.367136538028717041e-02,5.993764847517013550e-03,-3.800924718379974365e-01,9.549158811569213867e-01,-1.053733253479003906e+01
2.698392868041992188e-01,-5.289009213447570801e-02,8.932472020387649536e-02,1.811008930206298828e+00,1.413527410477399826e-02,-1.061419773101806641e+01
1.863990724086761475e-01,3.323438763618469238e-02,-1.481291092932224274e-02,1.349324882030487061e-01,1.819412946701049805e+00,-4.534307718276977539e-01
2.503824830055236816e-01,5.136799067258834839e-02,2.360623702406883240e-02,-2.123430967330932617e+00,-3.635524034500122070e+00,1.292019557952880859e+01
1.760205775499343872e-01,3.299215063452720642e-02,-8.999165147542953491e-04,2.560298442840576172e-01,7.514539957046508789e-01,1.068569850921630859e+01
2.043988555669784546e-01,3.155945241451263428e-02,-1.788382418453693390e-02,-1.049731731414794922e+00,9.294933080673217773e-01,4.245972633361816406e+00
2.294798493385314941e-01,7.924194633960723877e-02,1.507732551544904709e-02,2.836643159389495850e-01,1.294629871845245361e-01,9.636872291564941406e+00
1.286738663911819458e-01,8.340230211615562439e-03,2.163387835025787354e-03,-8.391433954238891602e-01,1.230351567268371582e+00,9.462497711181640625e+00
1.999921500682830811e-01,-3.698794171214103699e-02,3.716916590929031372e-02,-2.427910119295120239e-01,-8.663499951362609863e-01,8.722762107849121094e+00
2.068322896957397461e-01,5.471560731530189514e-02,1.817178167402744293e-02,-2.625167071819305420e-01,2.457322359085083008e+00,1.486861228942871094e+01
1.677921563386917114e-01,5.268336832523345947e-02,-4.514206200838088989e-03,-8.378793597221374512e-01,1.674826741218566895e+00,9.821599960327148438e+00
2.167166918516159058e-01,5.080372095108032227e-02,3.807166963815689087e-02,-1.272082805633544922e+00,-4.009680747985839844e+00,9.115455627441406250e+00
2.125570327043533325e-01,3.023900091648101807e-02,-1.195642165839672089e-02,8.419084548950195312e-01,2.672700405120849609e+00,5.527372360229492188e+00
2.123150974512100220e-01,5.961136193946003914e-04,-1.292421482503414154e-02,-3.088831424713134766e+00,3.365782499313354492e-01,4.177669525146484375e+00
1.673614680767059326e-01,-1.254062447696924210e-02,1.245945971459150314e-02,4.304195195436477661e-02,9.965640306472778320e-01,5.705162525177001953e+00
1.978303343057632446e-01,-2.749816514551639557e-02,2.300115302205085754e-02,-9.231105446815490723e-01,6.102131605148315430e-01,1.153008937835693359e+00
1.669901013374328613e-01,-3.359121829271316528e-02,6.765035539865493774e-02,1.829075336456298828e+00,-1.190097928047180176e-01,1.983078718185424805e+00
1.858088970184326172e-01,-1.906693354249000549e-02,4.069117456674575806e-02,5.173201560974121094e-01,8.144887685775756836e-01,2.526637554168701172e+00
1.592421531677246094e-01,-4.139205813407897949e-02,1.344310492277145386e-02,-2.344779074192047119e-01,-1.831937551498413086e+00,4.026630878448486328e+00
1.514087915420532227e-01,-6.283598486334085464e-03,8.130988106131553650e-03,7.570949792861938477e-01,-2.689754366874694824e-01,2.295846223831176758e+00
1.837907880544662476e-01,-4.280947148799896240e-03,-4.721233621239662170e-03,7.358518838882446289e-01,1.462939262390136719e+00,-1.739503145217895508e-01
2.085132896900177002e-01,-4.846419394016265869e-02,4.315842315554618835e-02,9.002962112426757812e-01,-1.408653557300567627e-01,-5.934959888458251953e+00
2.396681010723114014e-01,2.040385082364082336e-02,2.258584648370742798e-02,3.129892647266387939e-01,1.320798873901367188e+00,-2.762817621231079102e+00
1.789117008447647095e-01,4.659180063754320145e-03,1.114616729319095612e-02,2.591714620590209961e+00,-4.761992692947387695e-01,3.026434183120727539e+00
1.990525871515274048e-01,3.640308277681469917e-04,3.032176382839679718e-02,-1.816336274147033691e+00,-2.605068445205688477e+00,7.864605426788330078e+00
1.866815984249114990e-01,-2.508967649191617966e-03,-4.366122186183929443e-03,-3.703387677669525146e-01,1.233303070068359375e+00,2.162748336791992188e+00
2.709240913391113281e-01,-5.502838268876075745e-02,4.967173933982849121e-02,8.097558021545410156e-01,-1.513336777687072754e+00,-3.196871042251586914e+00
2.834973633289337158e-01,-3.195713460445404053e-02,4.800760746002197266e-02,1.780629873275756836e+00,1.146233320236206055e+00,-2.935016155242919922e+00
1.980562806129455566e-01,2.330956794321537018e-02,-2.502291835844516754e-02,1.136025667190551758e+00,-1.330418944358825684e+00,5.028005599975585938e+00
1.857341527938842773e-01,-2.314833924174308777e-02,1.627063192427158356e-02,-3.404688835144042969e+00,-2.299987316131591797e+00,5.583613395690917969e+00
1.660207659006118774e-01,-3.133533895015716553e-02,-5.124911665916442871e-03,-7.218517661094665527e-01,3.612852334976196289e+00,-4.349205017089843750e+00
1.733404844999313354e-01,-3.916072100400924683e-02,-1.966960728168487549e-03,3.229140937328338623e-01,2.804518640041351318e-01,-7.163467407226562500e+00
2.517259120941162109e-01,-5.010124295949935913e-02,2.678127028048038483e-02,2.319858551025390625e+00,1.614725112915039062e+00,-9.764374732971191406e+00
2.002183049917221069e-01,-2.984068589285016060e-03,-6.875166669487953186e-03,2.101683855056762695e+00,6.071333885192871094e-01,-2.324428558349609375e+00
2.910886108875274658e-01,1.510332152247428894e-02,2.454330772161483765e-02,1.064497470855712891e+00,-2.349441766738891602e+00,2.387731313705444336e+00
2.932749986648559570e-01,3.625965863466262817e-02,-2.297766320407390594e-02,-1.129960179328918457e+00,6.280064582824707031e-01,2.213173389434814453e+00
1.698623299598693848e-01,-5.230659153312444687e-03,-1.408355310559272766e-03,2.012828111648559570e+00,-1.417125344276428223e+00,-2.301930904388427734e+00
2.300250530242919922e-01,-8.011896163225173950e-02,9.366050362586975098e-03,1.257357835769653320e+00,2.971085786819458008e+00,-5.575844764709472656e+00
2.037800699472427368e-01,-8.599047362804412842e-02,2.998090162873268127e-02,-5.663604140281677246e-01,-2.022305011749267578e+00,-3.233615875244140625e+00
1.351201534271240234e-01,-1.077097952365875244e-01,2.338124997913837433e-02,1.682949066162109375e-01,1.292270720005035400e-01,-1.117260074615478516e+01
1.098410338163375854e-01,-1.254902631044387817e-01,4.517581313848495483e-02,1.871814608573913574e+00,2.896644830703735352e+00,-1.360368442535400391e+01
1.172745078802108765e-01,-8.028527349233627319e-02,1.875652372837066650e-02,2.822850704193115234e+00,-2.814536392688751221e-01,-1.905801200866699219e+01
1.249227598309516907e-01,-8.312650024890899658e-02,9.392862208187580109e-03,2.617253780364990234e+00,1.953163743019104004e+00,-1.272229194641113281e+01
2.322199046611785889e-01,-1.909570023417472839e-02,2.265431545674800873e-02,-9.363516569137573242e-01,-6.348495483398437500e-01,-6.940476417541503906e+00
2.036530375480651855e-01,-1.778617873787879944e-02,2.179209329187870026e-02,-6.853627562522888184e-01,-2.392067432403564453e+00,2.480524301528930664e+00
1.679262816905975342e-01,-6.855860352516174316e-02,1.196645013988018036e-02,1.250840067863464355e+00,1.812633633613586426e+00,2.238777399063110352e+00
2.179488241672515869e-01,-1.851098425686359406e-02,2.661353349685668945e-02,-4.000691473484039307e-01,-1.190957427024841309e+00,3.047278523445129395e-02
2.197718322277069092e-01,-1.457220874726772308e-02,2.003204450011253357e-02,-6.326119899749755859e-01,1.561198353767395020e+00,2.919343948364257812e+00
2.072258293628692627e-01,5.044563859701156616e-02,-8.432889357209205627e-03,-1.229935139417648315e-02,-7.814615964889526367e-01,8.545523643493652344e+00
1.796629726886749268e-01,4.600402340292930603e-02,4.181967675685882568e-02,-2.558996677398681641e-01,1.635937243700027466e-01,1.329356193542480469e+01
2.626879811286926270e-01,8.913276344537734985e-02,1.503816712647676468e-02,2.686012685298919678e-01,6.285871267318725586e-01,2.009297180175781250e+01
1.692581772804260254e-01,1.193412989377975464e-01,3.879777342081069946e-02,1.514934301376342773e+00,-2.776450514793395996e-01,2.024127960205078125e+01
2.600904703140258789e-01,1.679957360029220581e-01,-3.219192847609519958e-03,-8.266630172729492188e-01,-8.050450682640075684e-02,1.747077369689941406e+01
2.382459640502929688e-01,1.233159601688385010e-01,-1.498087309300899506e-02,-2.076375007629394531e+00,-7.302756309509277344e-01,1.660610961914062500e+01
2.677406370639801025e-01,1.494810432195663452e-01,-1.137719489634037018e-02,1.076866593211889267e-02,-1.394494533538818359e+00,2.167816543579101562e+01
1.671589910984039307e-01,9.522899240255355835e-02,-5.875403061509132385e-03,-3.502012789249420166e-02,3.068204879760742188e+00,1.705477333068847656e+01
9.403298795223236084e-02,8.246977627277374268e-02,1.836085133254528046e-02,1.277393341064453125e+00,-1.186996221542358398e+00,5.317810058593750000e+00
1.516666710376739502e-01,4.640029743313789368e-02,1.246264856308698654e-02,6.756346821784973145e-01,1.413795948028564453e+00,2.378021955490112305e+00
1.955443173646926880e-01,6.827490776777267456e-02,-1.430545561015605927e-02,-9.377048015594482422e-01,-1.113085269927978516e+00,5.598453521728515625e+00
1.858873069286346436e-01,-2.403947897255420685e-02,1.976278796792030334e-02,-1.565762042999267578e+00,-1.157277822494506836e+00,2.639016389846801758e+00
2.211372554302215576e-01,-1.030885502696037292e-01,-1.816174946725368500e-02,-6.766958236694335938e-01,2.477089405059814453e+00,-2.142743468284606934e-01
1.449166536331176758e-01,-4.405873641371726990e-02,5.865266546607017517e-03,1.228607535362243652e+00,-1.199870467185974121e+00,-8.240218162536621094e+00
1.277261078357696533e-01,-7.761227339506149292e-02,4.252755641937255859e-02,-4.355152845382690430e-01,2.550422549247741699e-01,-1.214941406250000000e+01
1.362314075231552124e-01,-2.694927714765071869e-02,1.203197054564952850e-02,2.300981283187866211e+00,5.499120056629180908e-02,-5.539496421813964844e+00
2.104818522930145264e-01,-1.387800425291061401e-01,1.893909461796283722e-02,1.132059618830680847e-01,-1.034685134887695312e+00,-1.054897117614746094e+01
2.212246507406234741e-01,-9.217094630002975464e-02,-5.185158923268318176e-03,5.942218899726867676e-01,7.923552393913269043e-01,-1.220631790161132812e+01
2.622254192829132080e-01,-8.460623770952224731e-02,2.694879285991191864e-02,6.820618510246276855e-01,-1.479862928390502930e+00,-1.127813434600830078e+01
1.569657623767852783e-01,-2.005787938833236694e-02,9.661307558417320251e-03,4.886234104633331299e-01,-2.041552960872650146e-01,-6.597996234893798828e+00
2.268371134996414185e-01,-5.392357707023620605e-02,1.396881323307752609e-02,1.124789357185363770e+00,-1.570768475532531738e+00,-7.723089218139648438e+00
1.592080742120742798e-01,-6.818488240242004395e-02,5.089144781231880188e-02,1.656128466129302979e-01,-1.088180661201477051e+00,-8.302834510803222656e+00
2.428700029850006104e-01,-1.524587720632553101e-01,3.022636659443378448e-02,-1.716850519180297852e+00,1.711821079254150391e+00,-1.593548965454101562e+01
1.344147026538848877e-01,-2.487540990114212036e-02,3.588707000017166138e-02,1.303190112113952637e+00,-3.100251853466033936e-01,-1.085224628448486328e+01
1.916321367025375366e-01,-1.630677469074726105e-02,-4.765527322888374329e-03,6.225246787071228027e-01,2.538121223449707031e+00,-1.027023887634277344e+01
1.821109950542449951e-01,3.614657558500766754e-03,4.384607076644897461e-02,-1.573519781231880188e-02,-4.848377704620361328e+00,-2.367093563079833984e+00
2.219394743442535400e-01,-5.478479713201522827e-02,7.100440561771392822e-04,-1.396211624145507812e+00,3.225445032119750977e+00,3.401810824871063232e-01
2.185151726007461548e-01,-3.313399478793144226e-02,-1.188924349844455719e-02,1.379052877426147461e+00,-7.498368620872497559e-01,-5.339794158935546875e+00
2.869988679885864258e-01,-2.458845451474189758e-02,5.567349493503570557e-02,1.174764275550842285e+00,-1.313208937644958496e+00,-7.714095711708068848e-01
2.066116034984588623e-01,4.022780060768127441e-02,-7.277587428689002991e-03,5.292024612426757812e-01,4.250083565711975098e-01,6.755053997039794922e+00
2.101295143365859985e-01,4.280624538660049438e-02,2.479700930416584015e-02,-6.585527062416076660e-01,-5.528578758239746094e-01,1.053014183044433594e+01
1.930963546037673950e-01,2.283390611410140991e-02,1.378691568970680237e-02,-7.828840017318725586e-01,1.873638987541198730e+00,6.152282714843750000e+00
1.352484822273254395e-01,8.137617260217666626e-03,1.284433808177709579e-02,7.113507390022277832e-01,-1.707769632339477539e-01,5.086257457733154297e-01
1.141907572746276855e-01,-1.535278931260108948e-02,1.181716751307249069e-02,1.614931464195251465e+00,1.306528925895690918e+00,-3.991928577423095703e+00
7.469141483306884766e-02,-7.005776464939117432e-02,-7.090159505605697632e-02,-2.893129825592041016e+00,4.619324803352355957e-01,-1.186015605926513672e+00
1.660333126783370972e-01,-3.620893508195877075e-02,5.812331289052963257e-02,-4.855286180973052979e-01,2.404389619827270508e+00,-7.093739509582519531e-01
1.278163343667984009e-01,-7.027568668127059937e-02,-3.962885588407516479e-03,2.483009576797485352e+00,1.654193520545959473e+00,-7.390296936035156250e+00
1.881243437528610229e-01,-2.404404059052467346e-02,1.363671571016311646e-02,-3.228112161159515381e-01,-1.315969228744506836e+00,-7.411295890808105469e+00
2.385122478008270264e-01,1.375420205295085907e-02,8.840528130531311035e-02,1.596405744552612305e+00,-1.722431540489196777e+00,-5.846373438835144043e-01
1.702973842620849609e-01,5.732962861657142639e-02,1.488109864294528961e-02,-4.922608733177185059e-01,1.355540156364440918e+00,5.688698768615722656e+00
2.678256332874298096e-01,1.300013512372970581e-01,2.213025838136672974e-02,-1.839619994163513184e+00,-2.968212127685546875e+00,1.079304313659667969e+01
2.139156758785247803e-01,2.269562706351280212e-02,3.523117676377296448e-02,-1.143161177635192871e+00,1.080140709877014160e+00,4.510143280029296875e+00
2.113792598247528076e-01,-1.174705289304256439e-02,-2.297297678887844086e-02,1.098776906728744507e-01,-1.039529442787170410e+00,-3.203420877456665039e+00
1.940292119979858398e-01,-4.078045114874839783e-02,6.641478836536407471e-02,2.009367942810058594e+00,-7.572140097618103027e-01,-9.482888221740722656e+00
1.491749137639999390e-01,-2.413343638181686401e-02,-1.079134829342365265e-02,1.373264431953430176e+00,1.534274816513061523e+00,-5.339166641235351562e+00
1.909970790147781372e-01,-1.034941896796226501e-01,1.216652709990739822e-02,-6.782806515693664551e-01,-2.176479578018188477e+00,-1.001381587982177734e+01
1.927188783884048462e-01,-1.300765573978424072e-01,3.053277730941772461e-02,5.153549909591674805e-01,6.498330235481262207e-01,-1.411044311523437500e+01
1.838646084070205688e-01,-6.073686480522155762e-02,-8.388729766011238098e-03,9.318405985832214355e-01,2.169788122177124023e+00,-1.001391601562500000e+01
1.884472072124481201e-01,-6.140457838773727417e-02,6.126604974269866943e-02,-5.204190611839294434e-01,-2.809533119201660156e+00,-7.480001449584960938e+00
1.251081377267837524e-01,-1.828657090663909912e-02,5.406685173511505127e-03,2.584428310394287109e+00,1.138775825500488281e+00,-3.636805772781372070e+00
2.123891115188598633e-01,-9.274534136056900024e-02,-3.229077532887458801e-02,-1.240482807159423828e+00,-3.169875621795654297e+00,-2.815409421920776367e+00
1.575918942689895630e-01,-2.723148278892040253e-02,9.117648005485534668e-05,-1.554257631301879883e+00,1.525665670633316040e-01,4.727909088134765625e+00
2.338161766529083252e-01,6.021487340331077576e-02,6.413118913769721985e-03,-1.514532327651977539e+00,2.595198154449462891e+00,9.683502197265625000e+00
2.839622795581817627e-01,3.476437926292419434e-02,-2.356447838246822357e-02,-3.962730169296264648e+00,1.833810657262802124e-01,1.150799560546875000e+01
2.531964182853698730e-01,1.292176842689514160e-01,2.284663915634155273e-02,-1.177520990371704102e+00,7.695114612579345703e-01,1.758334541320800781e+01
3.435271978378295898e-02,1.251456141471862793e-01,2.821908704936504364e-02,9.080006182193756104e-02,-5.939364433288574219e-01,2.040020561218261719e+01
9.136836230754852295e-02,3.566499054431915283e-02,-4.175975918769836426e-03,-5.420253276824951172e-01,-4.508271813392639160e-01,2.244294738769531250e+01
1.973055303096771240e-01,6.766601651906967163e-02,1.139422412961721420e-02,2.829943001270294189e-01,9.578291773796081543e-01,1.913220596313476562e+01
1.928431242704391479e-01,7.924687117338180542e-02,-3.011792339384555817e-02,2.909978032112121582e-01,1.900760293006896973e+00,8.481070518493652344e+00
1.724309623241424561e-01,1.331920642405748367e-02,1.996510848402976990e-02,3.172199249267578125e+00,-1.192776918411254883e+00,-5.537802696228027344e+00
1.923224031925201416e-01,-7.764748297631740570e-03,2.000316046178340912e-02,-1.349365711212158203e+00,2.439069509506225586e+00,-4.847042083740234375e+00
2.051417529582977295e-01,-4.610225558280944824e-02,7.573058828711509705e-03,9.808093309402465820e-03,-3.145757913589477539e+00,-5.485610008239746094e+00
1.722484081983566284e-01,-1.016386784613132477e-02,4.618147388100624084e-03,1.306036949157714844e+00,1.882209300994873047e+00,-4.456173419952392578e+00
1.597333550453186035e-01,-2.955516800284385681e-02,-1.188450865447521210e-02,8.285572528839111328e-01,-7.720384597778320312e-01,-3.849143505096435547e+00
2.908301949501037598e-01,8.863101713359355927e-03,5.859424918889999390e-02,1.165660262107849121e+00,-2.476605415344238281e+00,-2.490006089210510254e-01
2.505788803100585938e-01,3.557783365249633789e-02,1.789119839668273926e-02,9.117281436920166016e-01,3.082159996032714844e+00,5.785587310791015625e+00
2.111355066299438477e-01,3.357524797320365906e-02,3.536481782793998718e-02,-2.525285959243774414e+00,-2.767420291900634766e+00,1.025724315643310547e+01
2.164534777402877808e-01,3.165996074676513672e-02,3.948083519935607910e-02,-1.102350056171417236e-01,1.499002099037170410e+00,1.018880081176757812e+01
1.890713125467300415e-01,6.333121657371520996e-02,-1.540469191968441010e-02,-1.056919932365417480e+00,5.414077639579772949e-01,2.950741529464721680e+00
1.905934512615203857e-01,3.719101846218109131e-02,3.405561298131942749e-02,-9.462517499923706055e-01,-1.747085690498352051e+00,4.093837738037109375e+00
1.996504366397857666e-01,7.471641898155212402e-02,-2.805518172681331635e-02,2.681749463081359863e-01,9.417486190795898438e-02,9.851231575012207031e+00
1.930651515722274780e-01,8.346447348594665527e-02,5.168149992823600769e-02,-2.485479116439819336e+00,-2.360874861478805542e-01,1.003185749053955078e+01
1.573174446821212769e-01,3.886166028678417206e-03,2.236709371209144592e-02,8.446341156959533691e-01,1.702010273933410645e+00,9.926229476928710938e+00
2.207507342100143433e-01,-1.888976804912090302e-02,-2.153077535331249237e-02,-8.119288682937622070e-01,1.630814552307128906e+00,9.879047870635986328e-01
2.592994868755340576e-01,-3.446204960346221924e-02,4.990910366177558899e-02,1.638746380805969238e+00,-1.762500405311584473e+00,1.631747484207153320e-01
2.017222493886947632e-01,6.965766847133636475e-02,-1.881878823041915894e-03,-5.892937183380126953e-01,2.185663282871246338e-01,1.995618581771850586e+00
2.255892157554626465e-01,-2.133165858685970306e-02,-8.582266047596931458e-03,-2.550552189350128174e-01,-3.363248407840728760e-01,-3.391363620758056641e-01
2.184055298566818237e-01,-4.666362702846527100e-02,5.823118984699249268e-02,-1.448970079421997070e+00,1.774030566215515137e+00,1.413607001304626465e+00
2.638203799724578857e-01,-1.065903604030609131e-01,1.748122833669185638e-02,-2.511361539363861084e-01,1.587835550308227539e+00,-3.147923707962036133e+00
1.485230177640914917e-01,-2.127632685005664825e-02,4.894669353961944580e-02,1.481907129287719727e+00,-6.991276741027832031e-01,-3.237104892730712891e+00
2.476007640361785889e-01,4.669363796710968018e-02,3.067293390631675720e-02,-4.840112030506134033e-01,1.434013605117797852e+00,8.222053647041320801e-01
2.712711095809936523e-01,1.412488967180252075e-01,1.243703998625278473e-02,-2.395867556333541870e-01,-1.043306350708007812e+00,1.240119647979736328e+01
2.017050981521606445e-01,1.236232370138168335e-01,5.489713698625564575e-02,-3.104605436325073242e+00,-1.902341246604919434e+00,2.299745750427246094e+01
1.897550672292709351e-01,1.319598555564880371e-01,-2.401811070740222931e-02,2.560480237007141113e-01,6.294860839843750000e-01,1.825291061401367188e+01
2.908538579940795898e-01,1.256198436021804810e-01,1.016056910157203674e-02,4.353141784667968750e-01,-1.641166567802429199e+00,1.392567443847656250e+01
1.727736890316009521e-01,1.034958064556121826e-01,-5.259370431303977966e-03,8.257842659950256348e-01,1.159696698188781738e+00,8.676261901855468750e+00
1.507249027490615845e-01,1.136042475700378418e-01,4.747329279780387878e-03,-2.753807008266448975e-01,9.033697843551635742e-02,1.310963249206542969e+01
2.428203821182250977e-01,7.480938732624053955e-02,7.317335903644561768e-02,-1.281962990760803223e+00,-2.166990041732788086e+00,1.044233036041259766e+01
1.813333481550216675e-01,4.922427982091903687e-02,-1.055159978568553925e-02,4.546920657157897949e-01,2.525612831115722656e+00,1.119929790496826172e+01
1.902521997690200806e-01,1.285479776561260223e-02,-6.335111334919929504e-03,-3.618350923061370850e-01,1.373931169509887695e+00,3.760678529739379883e+00
2.901067733764648438e-01,-2.347806701436638832e-03,4.254906624555587769e-02,2.797264158725738525e-01,-1.395601153373718262e+00,2.510338544845581055e+00
1.795064657926559448e-01,-1.582867838442325592e-02,7.702354341745376587e-04,1.991052985191345215e+00,1.645069003105163574e+00,2.307459354400634766e+00
1.383828669786453247e-01,-6.929946690797805786e-02,1.930877380073070526e-02,1.835759520530700684e+00,-1.927430391311645508e+00,-6.299558639526367188e+00
1.084897220134735107e-01,-2.704871632158756256e-02,1.035175099968910217e-02,1.541690111160278320e+00,1.087458729743957520e+00,-1.209057235717773438e+01
1.542358547449111938e-01,-1.438103467226028442e-01,-2.522042952477931976e-02,2.971631288528442383e-01,7.395524382591247559e-01,-2.068684196472167969e+01
1.195127964019775391e-01,-4.239803925156593323e-02,1.354386378079652786e-02,9.706559777259826660e-01,-8.079019784927368164e-01,-9.131053924560546875e+00
2.930739521980285645e-01,-1.361974030733108521e-01,5.020103603601455688e-02,6.101536154747009277e-01,2.032056093215942383e+00,-8.411993980407714844e+00
2.126432955265045166e-01,-2.538662403821945190e-02,3.499695658683776855e-02,-3.353518486022949219e+00,-1.821052193641662598e+00,8.019974708557128906e+00
2.153758853673934937e-01,-1.001874450594186783e-02,2.304918132722377777e-02,-3.683927357196807861e-01,1.787910223007202148e+00,9.080008506774902344e+00
2.018979340791702271e-01,2.111064828932285309e-02,4.257966950535774231e-02,-1.360222578048706055e+00,-1.216883778572082520e+00,7.036787986755371094e+00
1.577927917242050171e-01,5.776484310626983643e-02,5.946447700262069702e-02,-1.809424519538879395e+00,-1.220098376274108887e+00,7.685319900512695312e+00
1.607658416032791138e-01,8.940226584672927856e-02,3.186954557895660400e-02,4.608897268772125244e-01,2.737696766853332520e-01,8.823918342590332031e+00
2.813144326210021973e-01,2.319503575563430786e-02,5.693261325359344482e-02,-9.586708992719650269e-02,-3.756180405616760254e-02,1.002884101867675781e+01
1.475886255502700806e-01,8.752907160669565201e-04,-2.192747034132480621e-02,6.521886587142944336e-01,1.701567173004150391e+00,1.379328489303588867e+00
2.129019647836685181e-01,3.196483850479125977e-02,6.325596570968627930e-02,2.095150232315063477e+00,-1.825496673583984375e+00,-6.619942784309387207e-01
1.806827932596206665e-01,3.794315084815025330e-02,-1.558963023126125336e-02,-8.328134566545486450e-02,1.941244840621948242e+00,2.840124130249023438e+00
2.037632316350936890e-01,-1.350146066397428513e-02,2.745235711336135864e-02,6.615674495697021484e-01,-2.415775537490844727e+00,9.640510380268096924e-02
1.604183018207550049e-01,-1.570595800876617432e-02,-1.075052283704280853e-02,-4.956778883934020996e-01,1.453013062477111816e+00,-1.945720672607421875e+00
2.570803165435791016e-01,-7.702926546335220337e-02,5.544390529394149780e-03,1.900185585021972656e+00,-1.028450965881347656e+00,-7.731299400329589844e+00
1.819645911455154419e-01,-1.659319922327995300e-02,1.077795401215553284e-02,-8.311775326728820801e-02,1.100977778434753418e+00,-3.349005699157714844e+00
2.180285900831222534e-01,-3.668154776096343994e-02,9.428676217794418335e-03,-8.652375936508178711e-01,-3.570088744163513184e-01,-2.244727849960327148e+00
2.413021028041839600e-01,-8.859176933765411377e-02,3.791406750679016113e-03,3.405473828315734863e-01,2.283013343811035156e+00,3.617009520530700684e-01
3.079560399055480957e-01,-7.469239830970764160e-02,1.996578462421894073e-02,8.865285515785217285e-01,1.483180284500122070e+00,-5.517889976501464844e+00
2.885705828666687012e-01,5.199446529150009155e-02,2.619808539748191833e-03,1.342385053634643555e+00,3.514842987060546875e+00,2.153681993484497070e+00
1.812858283519744873e-01,-1.675862586125731468e-03,9.088369458913803101e-02,-1.385543942451477051e+00,-3.138467311859130859e+00,3.253496170043945312e+00
2.543750107288360596e-01,1.342583540827035904e-02,4.851057380437850952e-02,1.495379954576492310e-02,3.450852870941162109e+00,2.610097408294677734e+00
2.048174738883972168e-01,-5.073560029268264771e-02,6.009332090616226196e-02,-2.333497524261474609e+00,-4.133301258087158203e+00,-7.870977401733398438e+00
2.572802305221557617e-01,-1.910337246954441071e-02,5.112102627754211426e-02,2.023786783218383789e+00,2.124861001968383789e+00,-4.455405235290527344e+00
3.049487471580505371e-01,-1.056441944092512131e-02,1.523343753069639206e-02,-7.784278988838195801e-01,-3.399683237075805664e+00,1.808291554450988770e+00
2.247785627841949463e-01,2.601506933569908142e-02,5.254040658473968506e-02,-1.591445922851562500e+00,-6.038027405738830566e-01,1.797388672828674316e+00
2.596506774425506592e-01,-8.652804046869277954e-02,1.815793849527835846e-02,1.694143772125244141e+00,7.956039905548095703e-01,-5.499210357666015625e+00
2.085328847169876099e-01,-1.555222086608409882e-02,1.311043463647365570e-02,-1.139180362224578857e-02,-4.433207809925079346e-01,-3.906112909317016602e+00
2.305424809455871582e-01,-4.100292921066284180e-03,5.740920081734657288e-03,1.144194483757019043e+00,3.530788421630859375e-01,-3.092303872108459473e-01
1.673942655324935913e-01,6.438572891056537628e-03,5.853939801454544067e-02,-7.172449827194213867e-01,-2.968667030334472656e+00,4.213850498199462891e+00
2.928977906703948975e-01,6.892109289765357971e-03,1.343111507594585419e-02,-5.517167448997497559e-01,1.666680335998535156e+00,7.010368108749389648e-01
1.863704919815063477e-01,1.819949829950928688e-03,1.796603761613368988e-02,-2.800936102867126465e-01,-1.319810152053833008e+00,-2.602268218994140625e+00
2.231848090887069702e-01,-3.621874749660491943e-02,4.905995726585388184e-02,1.958605647087097168e+00,5.582380890846252441e-01,-4.756132125854492188e+00
2.336269021034240723e-01,7.060218602418899536e-03,2.548056095838546753e-02,-3.103019297122955322e-01,6.562318205833435059e-01,-9.792727231979370117e-02
2.178076505661010742e-01,-4.419677332043647766e-02,3.450936079025268555e-02,-8.402906656265258789e-01,-1.444126725196838379e+00,3.317029714584350586e+00
1.775016188621520996e-01,4.285268113017082214e-02,-9.475013241171836853e-03,-5.375616252422332764e-03,3.331054747104644775e-01,1.874614000320434570e+00
2.476832568645477295e-01,1.140721440315246582e-01,-1.475689001381397247e-02,-2.543876767158508301e-01,3.015499114990234375e-01,8.564441680908203125e+00
2.913891375064849854e-01,1.419519335031509399e-01,2.104792743921279907e-03,4.450397789478302002e-01,-6.333929300308227539e-01,1.788663291931152344e+01
2.389342188835144043e-01,1.738802045583724976e-01,2.586011961102485657e-02,-4.221449375152587891e+00,1.461658775806427002e-01,1.656366539001464844e+01
2.092929631471633911e-01,1.020059287548065186e-01,1.049476303160190582e-02,6.386653184890747070e-01,1.115780949592590332e+00,1.511818027496337891e+01
1.890258342027664185e-01,5.646805465221405029e-02,1.019811443984508514e-02,-1.870497345924377441e+00,1.779466748237609863e+00,1.013646221160888672e+01
2.028875201940536499e-01,7.141464203596115112e-02,2.724554948508739471e-02,4.497877061367034912e-01,1.133113980293273926e+00,2.014399766921997070e+00
1.777365803718566895e-01,5.499957874417304993e-02,2.071375772356987000e-02,-1.332491874694824219e+00,5.224596858024597168e-01,5.404135704040527344e+00
1.362383365631103516e-01,5.219794064760208130e-02,6.954263895750045776e-03,1.840009121224284172e-03,2.701956927776336670e-01,8.421846389770507812e+00
2.132280170917510986e-01,7.436701655387878418e-02,3.663508594036102295e-02,-7.063195109367370605e-01,-3.301355123519897461e+00,9.574343681335449219e+00
1.927325427532196045e-01,2.573794685304164886e-02,-1.900241710245609283e-02,7.325372695922851562e-01,1.651075839996337891e+00,8.976002693176269531e+00
1.871774047613143921e-01,-3.518680483102798462e-02,-5.978373810648918152e-03,4.430343210697174072e-02,4.244141578674316406e-01,-1.372311115264892578e-01
1.717957705259323120e-01,-5.756693426519632339e-03,3.644595295190811157e-02,1.943806186318397522e-03,-2.672349929809570312e+00,-3.497055530548095703e+00
2.432465702295303345e-01,-1.158913131803274155e-02,1.622908748686313629e-02,-7.267976999282836914e-01,2.703250646591186523e+00,-3.802343606948852539e+00
2.048176974058151245e-01,-4.332447424530982971e-02,-4.847507923841476440e-03,-1.776776015758514404e-01,-7.146982550621032715e-01,-1.370334625244140625e+00
1.729054152965545654e-01,-5.311869084835052490e-02,2.802429720759391785e-02,-3.021232485771179199e-01,1.461286664009094238e+00,-1.082651376724243164e+00
1.870791018009185791e-01,-3.036586940288543701e-02,1.869616657495498657e-02,-6.130986660718917847e-02,1.978782057762145996e+00,-2.387856483459472656e+00
2.481434345245361328e-01,1.179595943540334702e-03,2.262346260249614716e-02,5.443930625915527344e-01,-1.717886686325073242e+00,-3.776498317718505859e+00
2.298927605152130127e-01,7.701221853494644165e-03,5.088416486978530884e-02,9.049485325813293457e-01,4.934495687484741211e-01,1.977800369262695312e+00
1.800474822521209717e-01,5.199893563985824585e-02,2.221678942441940308e-02,2.747045040130615234e+00,8.101505041122436523e-01,7.559867858886718750e+00
2.088436931371688843e-01,3.212059661746025085e-02,2.098186127841472626e-02,-2.237117052078247070e+00,-9.720564484596252441e-01,8.057830810546875000e+00
4.425460696220397949e-01,7.086078822612762451e-02,-7.769182324409484863e-02,7.003655433654785156e-01,1.845001459121704102e+00,6.753034591674804688e+00
2.292586565017700195e-01,1.905343867838382721e-02,-1.256702281534671783e-02,9.778196364641189575e-02,1.068457603454589844e+00,6.594698429107666016e-01
2.998377382755279541e-01,3.980547189712524414e-04,6.089892983436584473e-02,2.895311415195465088e-01,-4.545487880706787109e+00,8.330270648002624512e-01
2.007094323635101318e-01,1.401191111654043198e-02,-7.117787376046180725e-03,1.039062142372131348e+00,1.968891024589538574e+00,3.379904985427856445e+00
2.403662949800491333e-01,7.404565066099166870e-02,3.053034469485282898e-02,-1.066759824752807617e+00,-2.618266820907592773e+00,4.064169406890869141e+00
2.278355062007904053e-01,-3.932453319430351257e-02,9.793998673558235168e-03,-2.882050573825836182e-01,1.050701498985290527e+00,1.325277328491210938e+00
3.123551011085510254e-01,-6.782778352499008179e-02,1.605649478733539581e-02,-1.379664182662963867e+00,1.537134885787963867e+00,-3.936999082565307617e+00
2.210762053728103638e-01,-2.775640040636062622e-02,2.023655176162719727e-02,2.640265464782714844e+00,-1.321191906929016113e+00,-6.489683151245117188e+00
3.439888358116149902e-01,-2.432908490300178528e-02,3.197420388460159302e-03,1.736595511436462402e+00,2.139765739440917969e+00,-3.680179834365844727e+00
3.178243637084960938e-01,-5.277197342365980148e-03,5.234951153397560120e-03,-1.066994667053222656e+00,-1.088883042335510254e+00,2.595385074615478516e+00
1.826398223638534546e-01,-3.219602396711707115e-03,5.656372010707855225e-02,-3.176756501197814941e-01,1.096006780862808228e-01,9.015963673591613770e-01
2.065650820732116699e-01,-3.527110815048217773e-02,-8.050447329878807068e-03,4.645210504531860352e-01,2.219961404800415039e+00,-4.925436973571777344e+00
2.324921786785125732e-01,-3.209140896797180176e-02,5.231752991676330566e-02,2.000731706619262695e+00,-1.151716947555541992e+00,-9.804195404052734375e+00
1.546676158905029297e-01,-1.390175241976976395e-02,-9.101126343011856079e-04,1.067462801933288574e+00,-2.366294339299201965e-02,-1.830518484115600586e+00
2.264113575220108032e-01,-2.245419099926948547e-02,7.268557325005531311e-03,2.974741160869598389e-01,1.335406750440597534e-01,-1.617384195327758789e+00
1.634938865900039673e-01,3.517084196209907532e-02,6.171944737434387207e-02,-5.123032331466674805e-01,-2.283442169427871704e-01,-1.585161447525024414e+00
1.601972877979278564e-01,4.436044767498970032e-02,2.304854430258274078e-02,4.519949853420257568e-01,2.570014715194702148e+00,2.686415433883666992e+00
1.394994109869003296e-01,-3.089567273855209351e-02,1.940294727683067322e-02,2.789016723632812500e+00,-4.837372601032257080e-01,-5.677907943725585938e+00
1.297908425331115723e-01,-3.234088420867919922e-02,9.333200752735137939e-02,2.311562299728393555e-01,-1.136256933212280273e+00,-1.207403945922851562e+01
7.664971053600311279e-02,3.008924610912799835e-02,-1.070298813283443451e-02,1.455102801322937012e+00,-2.592453956604003906e+00,-2.730534076690673828e+00
1.294284313917160034e-01,3.225490450859069824e-02,-3.553724661469459534e-02,1.996868848800659180e+00,-2.750514745712280273e-01,9.232308387756347656e+00
9.253916144371032715e-02,9.714615345001220703e-02,-1.588022150099277496e-02,8.857161998748779297e-01,6.449748277664184570e-01,1.225675964355468750e+01
1.148555800318717957e-01,1.335766911506652832e-01,1.347310654819011688e-02,-2.965991497039794922e-01,-1.397870898246765137e+00,1.849028396606445312e+01
1.439893245697021484e-01,6.005020812153816223e-02,-8.441923186182975769e-03,-9.151036739349365234e-01,1.624324321746826172e+00,1.278566551208496094e+01
2.481761574745178223e-02,-4.296661168336868286e-02,-5.372369289398193359e-02,1.720517635345458984e+00,1.452396392822265625e+00,1.076759910583496094e+01
7.927917689085006714e-02,-5.368478968739509583e-02,-3.458543121814727783e-02,1.027154803276062012e+00,1.405349731445312500e+00,-1.278272628784179688e+00
1.811660230159759521e-01,-5.908056721091270447e-02,7.984347641468048096e-03,-3.307513892650604248e-01,1.955314636230468750e+00,-8.194084167480468750e+00
1.506364643573760986e-01,-6.190977245569229126e-02,1.392240077257156372e-02,3.048233687877655029e-03,-3.170891523361206055e+00,-1.032705497741699219e+01
1.722745895385742188e-01,-4.107007384300231934e-02,1.817549578845500946e-02,1.213708400726318359e+00,1.220155477523803711e+00,-7.952528953552246094e+00
1.801395565271377563e-01,-9.520344436168670654e-03,2.678595483303070068e-03,2.362726688385009766e+00,2.282452106475830078e+00,-4.162506103515625000e+00
1.572307646274566650e-01,-5.955037474632263184e-02,5.796249210834503174e-02,-7.436466813087463379e-01,-3.523041725158691406e+00,8.349114656448364258e-02
1.882063299417495728e-01,2.810813486576080322e-02,3.665912896394729614e-02,1.288303732872009277e+00,5.727609395980834961e-01,2.212591648101806641e+00
2.063070237636566162e-01,2.293803915381431580e-02,1.505908370018005371e-02,-1.480619430541992188e+00,-9.353594779968261719e-01,1.733061671257019043e-02
1.711209714412689209e-01,2.543783560395240784e-02,6.306385993957519531e-02,8.024069666862487793e-01,-2.291813611984252930e+00,-3.670739889144897461e+00
1.741975843906402588e-01,2.252881973981857300e-02,1.579216867685317993e-02,1.484646320343017578e+00,1.527487158775329590e+00,-4.630329310894012451e-01
1.884757578372955322e-01,3.400489687919616699e-03,2.065295726060867310e-02,2.162992507219314575e-01,6.107627749443054199e-01,1.204360723495483398e+00
1.527597606182098389e-01,-3.376257792115211487e-02,4.333376884460449219e-02,-6.889358162879943848e-01,-1.248739719390869141e+00,1.610957145690917969e+00
2.312042713165283203e-01,-5.160080268979072571e-02,3.944711759686470032e-03,-4.289905726909637451e-01,3.564959287643432617e+00,-1.145040273666381836e+00
1.863625496625900269e-01,-5.300335213541984558e-02,2.905769273638725281e-02,5.452103912830352783e-02,-3.368227243423461914e+00,-4.758672714233398438e+00
1.594539731740951538e-01,1.228953059762716293e-02,3.180712461471557617e-03,1.041904211044311523e+00,-4.804882705211639404e-01,-3.144029140472412109e+00
2.277776002883911133e-01,2.267277799546718597e-02,8.136602118611335754e-03,1.736771345138549805e+00,1.472034096717834473e+00,-2.505373716354370117e+00
1.722032427787780762e-01,-3.870413452386856079e-02,1.771849580109119415e-02,-5.524578317999839783e-02,-2.353024482727050781e+00,-2.445521116256713867e+00
1.613825559616088867e-01,-3.520479053258895874e-02,2.338496595621109009e-02,2.039508223533630371e-01,-1.084276914596557617e+00,-4.407597541809082031e+00
1.503857225179672241e-01,-3.059734217822551727e-02,-6.226908415555953979e-03,3.690952956676483154e-01,2.244707107543945312e+00,-4.853275775909423828e+00
1.968508064746856689e-01,-1.713302917778491974e-02,2.596656791865825653e-02,9.234250783920288086e-01,-2.720407009124755859e+00,-1.219226455688476562e+01
1.450368762016296387e-01,-2.647866494953632355e-02,4.752330482006072998e-03,-2.761526405811309814e-01,1.077442049980163574e+00,-6.773015975952148438e+00
1.539205908775329590e-01,-6.695898622274398804e-02,-3.267152234911918640e-03,2.401839494705200195e-01,1.915160059928894043e+00,-8.044793128967285156e+00
1.535715162754058838e-01,-8.198285102844238281e-02,1.447233557701110840e-02,8.926384449005126953e-01,-2.713453769683837891e+00,-9.011240959167480469e+00
1.643407791852951050e-01,-7.743559032678604126e-02,2.113230712711811066e-02,1.582309842109680176e+00,2.067767381668090820e+00,-1.108094215393066406e+01
1.960729360580444336e-01,-1.320802867412567139e-01,1.347215659916400909e-02,4.869642555713653564e-01,7.879822850227355957e-01,-1.532601737976074219e+01
2.046825587749481201e-01,-4.093139991164207458e-02,3.030908107757568359e-02,2.872099637985229492e+00,3.162475675344467163e-02,-1.248056888580322266e+01
2.254571616649627686e-01,-7.119962479919195175e-03,1.311807613819837570e-02,2.394856929779052734e+00,1.175594568252563477e+00,-5.909510612487792969e+00
1.999315321445465088e-01,-1.954163983464241028e-02,3.308478742837905884e-02,-9.997793436050415039e-01,-3.737431764602661133e+00,-3.516240835189819336e+00
1.889801472425460815e-01,-1.385612133890390396e-02,4.058777913451194763e-02,-1.018904209136962891e+00,2.048292636871337891e+00,5.378111600875854492e-01
2.519362866878509521e-01,2.294816263020038605e-02,4.747983813285827637e-02,-5.606412887573242188e-01,1.397875845432281494e-01,-2.847597599029541016e-01
1.942353546619415283e-01,2.829389087855815887e-02,7.170945405960083008e-02,7.140732407569885254e-01,-1.665193557739257812e+00,-2.213193178176879883e-01
2.324877083301544189e-01,8.480306714773178101e-02,-1.521129347383975983e-02,-3.779097199440002441e-01,1.705336213111877441e+00,1.003240203857421875e+01
2.243016362190246582e-01,-2.276178635656833649e-02,2.609552256762981415e-02,-1.727961063385009766e+00,-3.384866237640380859e+00,5.103774070739746094e+00
2.545588314533233643e-01,2.266516536474227905e-02,2.939737215638160706e-02,-4.173741042613983154e-01,2.843923807144165039e+00,8.390234947204589844e+00
2.116363644599914551e-01,1.411879993975162506e-02,3.403177857398986816e-02,-6.619261503219604492e-01,3.853557109832763672e-01,2.480118721723556519e-01
3.532292544841766357e-01,2.450746670365333557e-02,4.927846044301986694e-02,-2.785559296607971191e-01,-2.090670585632324219e+00,-3.651843667030334473e-01
2.299274504184722900e-01,4.074476193636655807e-03,-1.272354274988174438e-04,1.468861579895019531e+00,2.097051620483398438e+00,4.955588340759277344e+00
3.246421217918395996e-01,9.657504409551620483e-02,3.849526867270469666e-03,-4.296655058860778809e-01,-3.902828931808471680e+00,1.000336170196533203e+01
2.025382667779922485e-01,-4.228713456541299820e-03,7.697230204939842224e-03,-3.101510107517242432e-01,2.143890857696533203e+00,4.304133892059326172e+00
2.445690333843231201e-01,-1.949787139892578125e-02,9.394841268658638000e-03,9.914343059062957764e-02,4.254971146583557129e-01,1.973755598068237305e+00
1.826011687517166138e-01,5.307454615831375122e-03,7.133398205041885376e-02,1.208881378173828125e+00,-1.111721277236938477e+00,-1.450369477272033691e+00
2.430858612060546875e-01,4.031263291835784912e-02,5.325853824615478516e-03,2.402699232101440430e+00,1.248627781867980957e+00,5.477103233337402344e+00
2.174142301082611084e-01,2.732774242758750916e-02,2.560566738247871399e-02,-2.210457086563110352e+00,-3.141018152236938477e+00,1.092479133605957031e+01
2.483372390270233154e-01,6.459083408117294312e-02,8.575202897191047668e-03,-1.350971460342407227e+00,1.100403189659118652e+00,1.313524723052978516e+01
1.664414405822753906e-01,1.786372996866703033e-02,8.348910138010978699e-03,-8.768824338912963867e-01,-1.311855912208557129e+00,2.182095527648925781e+00
2.662564218044281006e-01,4.409798234701156616e-02,4.530416801571846008e-02,-8.614363074302673340e-01,-1.206343650817871094e+00,6.648295402526855469e+00
1.882277727127075195e-01,4.051400348544120789e-02,-1.656941138207912445e-02,-5.639348030090332031e-01,1.952179789543151855e+00,5.218336105346679688e+00
2.587620019912719727e-01,3.394093830138444901e-03,4.044489189982414246e-02,-2.595185637474060059e-01,-1.886681556701660156e+00,2.927432060241699219e+00
1.920329630374908447e-01,-8.573873341083526611e-02,-4.197023808956146240e-03,6.395497918128967285e-01,2.751133203506469727e+00,-1.626744985580444336e+00
2.301592379808425903e-01,-3.306373953819274902e-02,4.726346582174301147e-03,-2.103545427322387695e+00,-9.960922598838806152e-01,-7.029104232788085938e+00
1.957070082426071167e-01,4.697359167039394379e-03,3.108031302690505981e-02,2.390343427658081055e+00,8.027918934822082520e-01,-2.715169906616210938e+00
1.888502240180969238e-01,4.803280532360076904e-02,-4.785683006048202515e-03,1.121042966842651367e+00,6.766589283943176270e-01,4.210175037384033203e+00
1.851521134376525879e-01,-5.635479465126991272e-03,-1.065113209187984467e-02,1.051276445388793945e+00,-1.825383663177490234e+00,7.378199577331542969e+00
2.351576685905456543e-01,7.272588461637496948e-02,3.333536908030509949e-02,1.217781901359558105e+00,-3.170032799243927002e-01,1.029436302185058594e+01
2.062248289585113525e-01,2.279718592762947083e-02,-2.251235954463481903e-02,2.223894447088241577e-01,9.099798798561096191e-01,5.811708450317382812e+00
3.079724311828613281e-01,4.487869143486022949e-02,4.737064242362976074e-02,1.385881900787353516e+00,-1.824384182691574097e-01,4.504267215728759766e+00
1.992002129554748535e-01,5.387905240058898926e-02,1.832097768783569336e-02,1.272645115852355957e+00,-3.379219770431518555e-02,7.018223762512207031e+00
2.483887672424316406e-01,5.961502343416213989e-02,2.281038463115692139e-02,-2.496668815612792969e+00,-2.885375022888183594e+00,1.732449913024902344e+01
2.307009100914001465e-01,6.019983440637588501e-02,1.718365959823131561e-02,-1.595894455909729004e+00,1.944916844367980957e+00,1.603783416748046875e+01
2.872397899627685547e-01,7.124891877174377441e-02,7.332550361752510071e-03,-1.818557024002075195e+00,5.263171792030334473e-01,7.533469676971435547e+00
2.044612467288970947e-01,3.424994274973869324e-02,6.064258515834808350e-02,3.506380319595336914e-01,-1.302142262458801270e+00,2.271797657012939453e+00
2.077369540929794312e-01,8.662324398756027222e-03,2.147354744374752045e-02,-1.056410193443298340e+00,-9.730631709098815918e-01,6.774630546569824219e+00
2.274812459945678711e-01,2.278855815529823303e-02,-4.794675856828689575e-03,-1.166453480720520020e+00,-6.664540767669677734e-01,7.225014209747314453e+00
2.800882458686828613e-01,7.313767820596694946e-02,3.610130399465560913e-03,1.098268270492553711e+00,-1.738496184349060059e+00,9.850457191467285156e+00
2.485959976911544800e-01,3.564145416021347046e-02,-1.827432401478290558e-02,3.019255399703979492e-01,3.846008539199829102e+00,4.686378479003906250e+00
2.006700336933135986e-01,1.027321815490722656e-02,-1.105503551661968231e-02,1.347394585609436035e+00,-1.692244410514831543e+00,4.462229013442993164e-01
1.978078782558441162e-01,4.513792693614959717e-02,2.680002152919769287e-02,-7.830322980880737305e-01,-1.361719489097595215e+00,2.790764331817626953e+00
2.441747784614562988e-01,8.323367685079574585e-02,-1.444040425121784210e-02,-1.066419601440429688e+00,1.037608981132507324e+00,1.192362976074218750e+01
2.693933248519897461e-01,9.969111531972885132e-02,1.576898247003555298e-02,-2.279281377792358398e+00,-4.296897411346435547e+00,9.296962738037109375e+00
2.910032272338867188e-01,1.288920920342206955e-02,2.147144638001918793e-02,-9.923280775547027588e-02,2.261191368103027344e+00,8.400342941284179688e+00
2.175528407096862793e-01,-6.540591828525066376e-03,1.339081302285194397e-02,-1.011686801910400391e+00,1.039754033088684082e+00,2.363100051879882812e+00
2.614373564720153809e-01,7.895355671644210815e-02,5.022734031081199646e-02,1.998031288385391235e-01,-1.487701773643493652e+00,2.302236557006835938e+00
1.741874516010284424e-01,5.935819447040557861e-02,-9.935451671481132507e-03,1.600750327110290527e+00,1.250253200531005859e+00,9.347890853881835938e+00
2.315745055675506592e-01,5.520708486437797546e-02,1.716932654380798340e-02,-1.239354968070983887e+00,-3.617155075073242188e+00,8.095082283020019531e+00
1.828481256961822510e-01,-3.616192564368247986e-02,9.157620370388031006e-03,-1.870449066162109375e+00,-6.418225169181823730e-01,1.151310563087463379e+00
2.260926365852355957e-01,-1.222563162446022034e-01,3.831943497061729431e-03,1.871124804019927979e-01,3.011876642704010010e-01,-8.925745964050292969e+00
2.059738337993621826e-01,-7.136992365121841431e-02,3.967838361859321594e-02,2.130405664443969727e+00,-2.044203519821166992e+00,-1.758120155334472656e+01
1.897833645343780518e-01,-6.755492091178894043e-02,1.592988334596157074e-02,4.393426775932312012e-01,2.960938692092895508e+00,-1.625081825256347656e+01
1.477341800928115845e-01,-5.899393931031227112e-02,2.236849255859851837e-02,1.503355622291564941e+00,8.247905373573303223e-01,-7.657459259033203125e+00
2.276918143033981323e-01,-7.186067104339599609e-02,2.750878781080245972e-02,-1.016813889145851135e-01,7.850783467292785645e-01,-6.179262161254882812e+00
2.223981022834777832e-01,-4.395367205142974854e-02,1.386456005275249481e-02,-1.832514405250549316e-01,3.384104013442993164e+00,-3.447058200836181641e+00
2.456276416778564453e-01,1.390464603900909424e-04,4.132851585745811462e-02,6.766741871833801270e-01,-3.024515151977539062e+00,-2.922334194183349609e+00
2.247712612152099609e-01,4.992895200848579407e-02,2.259739488363265991e-02,-4.872665703296661377e-01,2.089906692504882812e+00,6.935288310050964355e-01
1.913174092769622803e-01,2.717717364430427551e-02,-5.374386906623840332e-03,-7.531312108039855957e-02,1.013443827629089355e+00,4.177906513214111328e+00
2.143217921257019043e-01,-4.648077301681041718e-03,6.828755885362625122e-02,-1.273361444473266602e+00,-3.473534345626831055e+00,4.012464523315429688e+00
1.787713617086410522e-01,-9.301362559199333191e-03,-9.735262021422386169e-03,-5.498679876327514648e-01,2.533506631851196289e+00,-6.327633857727050781e-01
2.103897184133529663e-01,-1.278426405042409897e-02,1.594996079802513123e-02,-2.848025262355804443e-01,-1.520884990692138672e+00,-2.649126768112182617e+00
2.369298338890075684e-01,1.420601643621921539e-02,2.262763306498527527e-02,6.926594376564025879e-01,1.697869300842285156e+00,3.877136707305908203e+00
2.136092334985733032e-01,3.962996602058410645e-02,-1.294607482850551605e-02,-6.239618360996246338e-02,-7.390763759613037109e-01,9.183464050292968750e+00
2.405994236469268799e-01,1.065554935485124588e-02,3.290737420320510864e-02,-1.382760286331176758e+00,-3.862250566482543945e+00,7.441569328308105469e+00
1.517843455076217651e-01,-9.971870109438896179e-03,-3.748174756765365601e-03,1.221392869949340820e+00,3.110130310058593750e+00,2.163276672363281250e+00
2.721200585365295410e-01,-2.491904422640800476e-02,-1.132099889218807220e-02,-2.178677082061767578e+00,-1.470626331865787506e-03,-5.092360496520996094e+00
1.925801187753677368e-01,1.966011337935924530e-02,9.319161996245384216e-03,1.611502289772033691e+00,1.212799429893493652e+00,-4.073408603668212891e+00
1.831472516059875488e-01,5.678561516106128693e-03,-7.672278210520744324e-03,6.950452327728271484e-01,1.144559502601623535e+00,2.299563407897949219e+00
2.642531991004943848e-01,1.651938259601593018e-02,3.183785080909729004e-02,-2.199759006500244141e+00,-2.148607969284057617e+00,9.444849014282226562e+00
2.134771347045898438e-01,1.060556620359420776e-01,1.649693772196769714e-02,-1.728161811828613281e+00,-2.085051536560058594e+00,2.311788940429687500e+01
1.866440027952194214e-01,9.180848300457000732e-02,2.695497125387191772e-03,3.863157629966735840e-01,1.837137818336486816e+00,1.634346580505371094e+01
2.106176465749740601e-01,8.069626986980438232e-02,1.947604492306709290e-02,-9.148700833320617676e-01,-8.064603805541992188e-01,1.465904045104980469e+01
1.661771386861801147e-01,7.908518612384796143e-02,-9.965443983674049377e-03,2.234166413545608521e-01,1.046389698982238770e+00,1.215861988067626953e+01
3.245772123336791992e-01,1.077497974038124084e-01,2.460426837205886841e-02,8.104188442230224609e-01,3.074771761894226074e-01,1.274979209899902344e+01
2.281613796949386597e-01,5.939306225627660751e-03,3.685271367430686951e-02,-1.657045245170593262e+00,-8.572405576705932617e-02,8.822176933288574219e+00
2.378927469253540039e-01,3.649038821458816528e-02,-1.910782046616077423e-02,-3.441484272480010986e-01,3.546875715255737305e+00,3.618860960006713867e+00
1.818277090787887573e-01,-8.326712995767593384e-03,-3.250800073146820068e-04,7.572407722473144531e-01,-8.878805637359619141e-01,-1.220087766647338867e+00
2.132595926523208618e-01,1.012567337602376938e-02,-1.420904137194156647e-02,1.016056299209594727e+00,8.314880728721618652e-01,-1.777814030647277832e+00
3.033104538917541504e-01,1.213696319609880447e-03,2.043209224939346313e-02,-1.021442651748657227e+00,-5.287604928016662598e-01,1.416103601455688477e+00
1.770969480276107788e-01,-6.143425405025482178e-02,-5.592552945017814636e-03,2.876950800418853760e-01,8.010728657245635986e-02,-6.999546289443969727e-01
2.104869782924652100e-01,-1.291910931468009949e-02,-1.454260759055614471e-02,-2.230392992496490479e-01,1.720820188522338867e+00,-2.979952096939086914e+00
2.577071785926818848e-01,-6.506503559648990631e-03,5.272718146443367004e-02,1.161293029785156250e+00,-1.689006805419921875e+00,-4.653387069702148438e+00
2.343070209026336670e-01,2.145818248391151428e-02,6.050204858183860779e-03,1.986857414245605469e+00,5.917920470237731934e-01,-1.626010656356811523e+00
2.491519600152969360e-01,-1.028109714388847351e-02,1.910621859133243561e-02,-2.199254274368286133e+00,-1.765734314918518066e+00,3.048572242259979248e-01
1.676671355962753296e-01,-3.367765620350837708e-02,3.268908336758613586e-02,-1.591393470764160156e+00,-4.929095804691314697e-01,-1.102280735969543457e+00
2.475538402795791626e-01,-8.297532051801681519e-02,2.276670746505260468e-02,-5.772919058799743652e-01,2.212125301361083984e+00,-6.301746368408203125e+00
2.210427820682525635e-01,-3.907118923962116241e-03,3.785321488976478577e-02,1.849689364433288574e+00,-1.230933189392089844e+00,-2.908082246780395508e+00
2.543964684009552002e-01,2.118255943059921265e-02,-7.332829758524894714e-03,-1.738289892673492432e-01,1.921653866767883301e+00,4.200869798660278320e-02
2.029854357242584229e-01,7.753223180770874023e-03,2.172022499144077301e-02,-1.466998219490051270e+00,-2.604975223541259766e+00,2.056549549102783203e+00
2.613399624824523926e-01,4.058940801769495010e-03,-7.666256278753280640e-04,-2.149731159210205078e+00,1.677541017532348633e+00,2.151412963867187500e+00
1.912999302148818970e-01,-2.488690195605158806e-03,-5.067047476768493652e-02,1.199139580130577087e-01,1.918290734291076660e+00,-1.431396961212158203e+00
3.324626088142395020e-01,3.053674008697271347e-04,4.913046956062316895e-02,1.489658474922180176e+00,-8.832544684410095215e-01,-1.412476897239685059e+00
2.675765156745910645e-01,4.068137705326080322e-02,1.174816861748695374e-03,-9.495027065277099609e-01,3.819983005523681641e-01,8.182290196418762207e-01
2.767661809921264648e-01,2.985289320349693298e-03,7.699932903051376343e-03,-1.639282941818237305e+00,-3.885480165481567383e+00,4.893044471740722656e+00
2.181048840284347534e-01,1.030042394995689392e-02,-4.288367927074432373e-04,5.840572118759155273e-01,1.391615509986877441e+00,-1.824934184551239014e-01
2.147286683320999146e-01,-9.902919642627239227e-03,-2.574564889073371887e-03,1.211538314819335938e+00,-1.857867538928985596e-01,-8.544101715087890625e-01
2.309876233339309692e-01,3.634318243712186813e-03,1.899857446551322937e-02,-8.893751502037048340e-01,1.566259860992431641e+00,-1.970453262329101562e+00
1.838221997022628784e-01,-6.267923861742019653e-02,3.097543492913246155e-03,1.273394703865051270e+00,-9.176096320152282715e-01,-2.878831148147583008e+00
1.344138383865356445e-01,-4.973671957850456238e-02,1.242121681571006775e-03,-1.538497924804687500e+00,-7.132749557495117188e-01,-7.629671096801757812e+00
1.786101609468460083e-01,-1.133591756224632263e-01,1.130295731127262115e-02,2.833189010620117188e+00,2.170291662216186523e+00,-1.832889175415039062e+01
1.521674245595932007e-01,-1.075737271457910538e-02,2.120516821742057800e-02,2.248078584671020508e+00,-1.581295609474182129e+00,-1.537767028808593750e+01
2.312818616628646851e-01,-6.864755600690841675e-02,-1.375384628772735596e-03,1.812567591667175293e+00,1.775994062423706055e+00,-9.823271751403808594e+00
2.332544177770614624e-01,5.678797885775566101e-02,-8.377147838473320007e-03,-3.818900823593139648e+00,-1.659444451332092285e+00,9.806236267089843750e+00
2.822642922401428223e-01,5.358159169554710388e-02,-9.104589000344276428e-03,4.218074381351470947e-01,2.170346975326538086e+00,1.566234970092773438e+01
2.324285209178924561e-01,5.964817479252815247e-02,-5.995927378535270691e-03,-8.641304075717926025e-02,-5.139685869216918945e-01,5.076336860656738281e+00
2.496539354324340820e-01,9.906668961048126221e-02,5.682647228240966797e-03,4.290442168712615967e-01,-6.655491590499877930e-01,9.140401840209960938e+00
1.880020648241043091e-01,8.227516710758209229e-02,6.870782002806663513e-03,-1.411339402198791504e+00,2.712950706481933594e-01,6.408269882202148438e+00
2.715730667114257812e-01,9.263279847800731659e-03,1.472332142293453217e-02,-4.999687075614929199e-01,-2.530917644500732422e+00,7.559109687805175781e+00
1.369045674800872803e-01,1.280385907739400864e-02,2.886851876974105835e-02,5.455930829048156738e-01,8.092097193002700806e-02,1.526627063751220703e+00
2.197214663028717041e-01,-3.984786570072174072e-03,-3.005153127014636993e-02,8.059867024421691895e-01,-1.629314780235290527e+00,-5.159621238708496094e+00
2.281933873891830444e-01,1.797891221940517426e-02,8.140129968523979187e-03,1.038369774818420410e+00,1.068887948989868164e+00,-3.047035932540893555e+00
1.550955623388290405e-01,-2.340361941605806351e-03,-1.675845496356487274e-02,1.155787944793701172e+00,1.083575487136840820e+00,-4.133472919464111328e+00
2.245081365108489990e-01,-5.287014320492744446e-02,2.315219305455684662e-02,1.480964541435241699e+00,-2.372941493988037109e+00,-5.266057968139648438e+00
3.223133683204650879e-01,-1.193821430206298828e-01,4.122164100408554077e-02,-1.265439510345458984e+00,7.190934419631958008e-01,-1.004943943023681641e+01
1.799517869949340820e-01,-8.182322978973388672e-02,4.008159041404724121e-03,1.659983038902282715e+00,-4.925357699394226074e-01,-1.400035190582275391e+01
1.967434585094451904e-01,-5.307360365986824036e-02,5.345419049263000488e-04,1.391967654228210449e+00,1.635748386383056641e+00,-1.602743339538574219e+01
1.863520294427871704e-01,-1.274008676409721375e-02,1.292891986668109894e-02,1.963441073894500732e-01,1.897806674242019653e-02,-2.100356340408325195e+00
2.227968573570251465e-01,-4.608589410781860352e-02,2.539762482047080994e-02,-6.265867352485656738e-01,2.581012248992919922e-01,-1.005079269409179688e+00
1.880730390548706055e-01,-2.376445941627025604e-02,5.447300150990486145e-03,1.055289030075073242e+00,1.635488510131835938e+00,-6.452463150024414062e+00
1.913610547780990601e-01,-9.027247875928878784e-02,3.925140202045440674e-02,-2.549291610717773438e+00,-7.960278987884521484e-01,-2.594112873077392578e+00
2.362277507781982422e-01,1.587358675897121429e-02,-6.160795688629150391e-02,1.260050892829895020e+00,6.568719744682312012e-01,2.334039688110351562e+00
2.585558891296386719e-01,5.502887070178985596e-03,5.363942682743072510e-02,-6.600926518440246582e-01,-3.596261978149414062e+00,3.586152553558349609e+00
1.841745078563690186e-01,-1.972372084856033325e-02,3.661127761006355286e-03,-4.831204116344451904e-01,1.200280547142028809e+00,4.971567392349243164e-01
2.513346970081329346e-01,-3.442336618900299072e-02,2.952024154365062714e-02,1.244274616241455078e+00,-8.060634732246398926e-01,-7.922931671142578125e+00
1.869805157184600830e-01,4.283022508025169373e-02,-1.534961163997650146e-03,6.533290743827819824e-01,2.241819620132446289e+00,-4.346782565116882324e-01
2.036225944757461548e-01,-5.801873747259378433e-03,6.649062037467956543e-03,-9.801428914070129395e-01,-2.380309343338012695e+00,3.044096946716308594e+00
1.707462519407272339e-01,-1.409035525284707546e-03,6.831197068095207214e-03,-1.990022420883178711e+00,1.101989001035690308e-01,7.498426437377929688e-01
2.031399160623550415e-01,-5.274138227105140686e-02,2.199226804077625275e-02,1.924131274223327637e+00,-4.378116130828857422e-01,-6.361379623413085938e+00
1.614495962858200073e-01,8.265532553195953369e-03,9.534627199172973633e-03,1.653144121170043945e+00,8.759410381317138672e-01,-8.117051720619201660e-01
1.947626322507858276e-01,5.122474208474159241e-02,1.450452301651239395e-02,1.087040424346923828e+00,-7.672195136547088623e-02,2.381890296936035156e+00
1.882522851228713989e-01,-1.500760205090045929e-03,1.911192573606967926e-02,-1.517698168754577637e-01,-3.102247714996337891e-01,9.180161356925964355e-01
1.795389652252197266e-01,-5.763409286737442017e-02,2.415834367275238037e-02,1.500280499458312988e+00,2.365749120712280273e+00,-4.915035247802734375e+00
1.971638202667236328e-01,-4.653507843613624573e-02,1.851912960410118103e-02,1.449842453002929688e+00,-1.719372510910034180e+00,-6.186938285827636719e+00
1.872195899486541748e-01,-4.559762403368949890e-02,-2.044537104666233063e-02,2.968693494796752930e+00,7.635985612869262695e-01,-5.792406082153320312e+00
1.839286684989929199e-01,1.351301185786724091e-02,-3.804257512092590332e-02,-2.654917240142822266e+00,-1.787769079208374023e+00,1.038521826267242432e-01
1.981031894683837891e-01,4.164393991231918335e-02,-2.907584793865680695e-02,-8.909561634063720703e-01,1.770861864089965820e+00,3.136536121368408203e+00
1.703044921159744263e-01,6.849839817732572556e-03,-1.028612814843654633e-02,-1.592351436614990234e+00,8.629212379455566406e-01,-3.162029027938842773e+00
2.775882184505462646e-01,1.040090844035148621e-01,1.649589836597442627e-02,6.359866857528686523e-01,-1.283309817314147949e+00,1.275185942649841309e-01
2.174626290798187256e-01,6.283073872327804565e-02,1.002794131636619568e-03,1.600678265094757080e-01,1.071193695068359375e+00,4.763101100921630859e+00
2.416482269763946533e-01,9.432720392942428589e-02,-1.052055694162845612e-02,-1.322210431098937988e+00,-2.817437887191772461e+00,6.931799888610839844e+00
1.794123500585556030e-01,-6.260059773921966553e-03,-8.534239605069160461e-03,-3.154511749744415283e-01,9.018875956535339355e-01,1.650483846664428711e+00
2.434277385473251343e-01,-4.264117777347564697e-02,3.641023859381675720e-02,-1.855856776237487793e-01,8.579383492469787598e-01,-1.786540985107421875e+00
2.237608134746551514e-01,4.843607917428016663e-02,-1.559762842953205109e-02,2.293685823678970337e-01,9.976683259010314941e-01,2.611528635025024414e+00
2.162604629993438721e-01,7.909623533487319946e-02,1.660923473536968231e-02,-5.958017706871032715e-01,-6.716662049293518066e-01,7.985873222351074219e+00
2.219845205545425415e-01,8.913148939609527588e-02,3.404571488499641418e-02,-9.144757986068725586e-01,-3.248907566070556641e+00,9.336359977722167969e+00
2.533369958400726318e-01,7.128109037876129150e-02,-2.781757526099681854e-02,-4.454744160175323486e-01,4.419654369354248047e+00,1.458203220367431641e+01
2.162243425846099854e-01,8.205823600292205811e-02,3.145967423915863037e-02,8.089113235473632812e-01,-4.017586708068847656e+00,7.286055564880371094e+00
2.194590270519256592e-01,1.586463749408721924e-01,1.577850058674812317e-02,-7.611722350120544434e-01,-9.118404388427734375e-01,1.279246330261230469e+01
2.509267032146453857e-01,1.187862530350685120e-01,1.374367624521255493e-03,3.170444965362548828e+00,2.408931016921997070e+00,1.241671943664550781e+01
3.101906478404998779e-01,7.873687893152236938e-02,-4.946112632751464844e-03,-1.054976224899291992e+00,-1.843601584434509277e+00,1.492870807647705078e+01
2.009930014610290527e-01,-2.912891656160354614e-02,2.949594892561435699e-02,-9.117990732192993164e-01,2.707622289657592773e+00,7.110249996185302734e+00
2.448159754276275635e-01,-4.266095347702503204e-03,1.242438610643148422e-02,2.024041116237640381e-02,-1.580413699150085449e+00,2.125126361846923828e+00
1.765229403972625732e-01,5.671579763293266296e-02,-6.549553945660591125e-03,2.456229448318481445e+00,1.023542284965515137e+00,3.679319620132446289e+00
3.023213744163513184e-01,9.542065858840942383e-02,6.832778453826904297e-04,-1.562324404716491699e+00,-2.479021310806274414e+00,1.113822364807128906e+01
1.405272036790847778e-01,3.047247650101780891e-03,1.189610455185174942e-02,7.261852174997329712e-02,1.928093910217285156e+00,7.364404201507568359e+00
2.132010310888290405e-01,-2.051242860034108162e-03,-2.758525870740413666e-02,3.581728339195251465e-01,-2.220394164323806763e-01,2.492366313934326172e+00
1.686828583478927612e-01,6.040406972169876099e-02,1.134336739778518677e-02,2.317441225051879883e+00,-1.223027706146240234e+00,5.054088592529296875e+00
2.796591818332672119e-01,1.454139798879623413e-01,-1.814022473990917206e-02,-6.192612051963806152e-01,-2.070471763610839844e+00,1.427265357971191406e+01
2.705709934234619141e-01,9.922725707292556763e-02,2.386253327131271362e-04,5.858622193336486816e-01,1.670449972152709961e-03,1.126770496368408203e+01
3.027735352516174316e-01,1.023679897189140320e-01,-8.209211751818656921e-03,3.957826793193817139e-01,-7.056873440742492676e-01,5.716176509857177734e+00
2.264811545610427856e-01,2.449150942265987396e-02,1.762320101261138916e-02,3.068427324295043945e+00,-3.637170195579528809e-01,3.517591238021850586e+00
2.785787582397460938e-01,3.398007154464721680e-02,-2.270854078233242035e-02,-1.011448025703430176e+00,-1.559541702270507812e+00,1.316585826873779297e+01
2.453974038362503052e-01,1.468028780072927475e-02,2.724086493253707886e-02,8.590093851089477539e-01,1.964628458023071289e+00,4.253614425659179688e+00
2.452532798051834106e-01,1.610022038221359253e-03,-6.757138296961784363e-03,4.515771269798278809e-01,-6.021614670753479004e-01,-6.372817039489746094e+00
2.317120283842086792e-01,5.903469026088714600e-02,-9.450690820813179016e-03,8.129169940948486328e-01,1.603625416755676270e+00,4.569073319435119629e-01
2.834479212760925293e-01,5.372131243348121643e-02,3.511741757392883301e-03,1.331884741783142090e+00,1.020261526107788086e+00,6.122979164123535156e+00
1.732460707426071167e-01,5.985992960631847382e-03,3.755154460668563843e-02,-1.010525941848754883e+00,3.799310326576232910e-02,5.840601921081542969e-01
1.875729709863662720e-01,-2.816722542047500610e-02,2.050900086760520935e-02,1.421530127525329590e+00,1.517365932464599609e+00,-2.625684738159179688e+00
2.536845803260803223e-01,-1.890628971159458160e-02,-1.158098317682743073e-02,-1.541690349578857422e+00,4.345962777733802795e-02,-2.224945783615112305e+00
2.578638792037963867e-01,6.389895826578140259e-02,1.911261491477489471e-02,3.393669724464416504e-01,-3.431444883346557617e+00,8.377544403076171875e+00
1.417189240455627441e-01,2.470204234123229980e-02,5.878776311874389648e-03,-1.560223221778869629e+00,-1.679624170064926147e-01,2.584909200668334961e+00
2.490588277578353882e-01,-1.814732328057289124e-02,2.463778480887413025e-02,3.369465112686157227e+00,2.273024797439575195e+00,-3.273494958877563477e+00
1.154670342803001404e-01,3.364828974008560181e-02,6.451489403843879700e-03,1.041930198669433594e+00,1.334493041038513184e+00,9.386348724365234375e+00
4.031702876091003418e-03,1.845693215727806091e-02,-1.331072114408016205e-02,1.984711736440658569e-03,5.866574048995971680e-01,3.682078421115875244e-01
2.733001112937927246e-02,7.059920579195022583e-03,3.655705600976943970e-03,-1.006634712219238281e+00,-8.217052221298217773e-01,-8.903467655181884766e-01
5.760252475738525391e-02,1.149865984916687012e-02,4.333108663558959961e-02,-2.411123991012573242e+00,2.419944286346435547e+00,-2.718538641929626465e-01
8.914031833410263062e-02,1.647764816880226135e-02,2.393399924039840698e-02,7.259705662727355957e-01,1.231440305709838867e+00,1.317726612091064453e+00
2.826817333698272705e-02,-1.821948029100894928e-02,1.360976509749889374e-02,1.450009346008300781e+00,-9.184141755104064941e-01,-1.303099155426025391e+00
2.047443389892578125e-02,3.843614459037780762e-02,-9.883809834718704224e-04,1.635744571685791016e-01,1.814557313919067383e-01,1.079103350639343262e+00
1.929476857185363770e-03,2.187047526240348816e-02,-1.295870169997215271e-03,-1.188795089721679688e+00,5.174044370651245117e-01,-3.167266249656677246e-01
2.861022949218750000e-02,-2.000018768012523651e-02,-2.035761252045631409e-03,1.094129830598831177e-01,3.378479480743408203e-01,-2.003549575805664062e+00
7.926785945892333984e-02,6.027058511972427368e-02,1.109981071203947067e-02,-1.502378284931182861e-01,-1.025830388069152832e+00,2.157987594604492188e+00
1.103869229555130005e-01,2.978429943323135376e-02,3.186802566051483154e-02,-1.846927165985107422e+00,-1.717060089111328125e+00,3.370283365249633789e+00
8.365435898303985596e-02,2.090819552540779114e-02,1.310363877564668655e-02,8.029828071594238281e-01,9.539111256599426270e-01,6.666982769966125488e-01
8.789375424385070801e-03,2.434632554650306702e-02,2.190370112657546997e-03,-7.587268352508544922e-01,7.298814058303833008e-01,4.863705635070800781e-01
3.704471886157989502e-02,-1.054476201534271240e-02,6.026192754507064819e-02,-1.072013378143310547e+00,-1.636421918869018555e+00,-1.264786720275878906e+00
5.146637558937072754e-02,1.604809798300266266e-02,5.380922928452491760e-03,-3.548531532287597656e-01,-5.576778203248977661e-04,-2.148497104644775391e+00
6.131568551063537598e-02,1.624071970582008362e-02,1.484543737024068832e-02,3.258891701698303223e-01,2.465547472238540649e-01,-4.482883453369140625e+00
4.976421594619750977e-03,8.957264944911003113e-03,-8.299646899104118347e-03,-1.345882415771484375e+00,2.745771110057830811e-01,-2.619054317474365234e+00
5.756378173828125000e-03,1.907505467534065247e-02,9.742376394569873810e-03,-5.930406451225280762e-01,-2.481090426445007324e-01,4.753065109252929688e-01
-4.011519253253936768e-03,9.372739121317863464e-03,-8.113896846771240234e-02,-1.734980940818786621e-02,-1.603837966918945312e+00,2.799226999282836914e+00
8.122713118791580200e-02,3.979695215821266174e-02,1.162065193057060242e-03,3.654040575027465820e+00,-1.463547706604003906e+00,7.601209282875061035e-01
6.375596672296524048e-02,-1.853111572563648224e-02,3.651655465364456177e-02,-2.207920551300048828e-01,2.479355484247207642e-01,-1.953191518783569336e+00
4.919981956481933594e-02,4.941748455166816711e-03,1.193101052194833755e-02,-9.122005701065063477e-01,-6.092540264129638672e+00,-2.476924180984497070e+00
1.014248728752136230e-01,3.116038441658020020e-02,-1.842226274311542511e-02,-1.423870921134948730e+00,-6.183636784553527832e-01,-5.106140136718750000e+00
7.494310289621353149e-02,2.334598451852798462e-02,2.204827964305877686e-03,2.889619350433349609e+00,-1.034213423728942871e+00,4.359851837158203125e+00
-3.150711953639984131e-02,-1.418795064091682434e-02,3.126055002212524414e-02,1.508291363716125488e+00,-2.908604145050048828e+00,-2.366212129592895508e+00
5.510908365249633789e-02,-1.636917144060134888e-02,3.224834054708480835e-02,-3.353494644165039062e+00,3.140006542205810547e+00,5.280042290687561035e-01
-1.260858774185180664e-02,6.515356153249740601e-02,2.619121223688125610e-03,-1.733468770980834961e+00,-1.295992732048034668e-02,-4.355055093765258789e-01
1.900844275951385498e-02,2.865548059344291687e-02,-1.682689413428306580e-03,1.754069209098815918e+00,-4.850153326988220215e-01,2.388692855834960938e+00
-3.660053014755249023e-02,-4.379521124064922333e-03,1.970012113451957703e-02,1.382487773895263672e+00,-2.556391239166259766e+00,1.678370982408523560e-01
5.661771446466445923e-02,6.666711997240781784e-03,1.115905120968818665e-03,-6.554071307182312012e-01,2.144805669784545898e+00,3.923347592353820801e-01
-7.089883089065551758e-03,-4.174005705863237381e-03,5.749775096774101257e-03,4.036156237125396729e-01,4.233442842960357666e-01,2.341653406620025635e-01
-1.947239041328430176e-03,-5.821520928293466568e-03,2.539189532399177551e-03,7.179623097181320190e-02,1.972596049308776855e-01,2.124710381031036377e-02
2.037398517131805420e-02,-6.914592348039150238e-03,-3.505853936076164246e-03,1.447506070137023926e+00,3.007892966270446777e-01,2.480720281600952148e-01
1.811674237251281738e-02,1.646921224892139435e-02,2.970289438962936401e-03,3.272072374820709229e-01,5.710487067699432373e-02,1.158596754074096680e+00
4.770606756210327148e-04,1.101239956915378571e-02,3.124574199318885803e-02,-6.718879938125610352e-01,-3.193041086196899414e-01,-4.234041571617126465e-01
-3.397017717361450195e-03,-1.194219477474689484e-02,2.546014264225959778e-03,-5.886826515197753906e-01,1.827403306961059570e+00,-6.972562670707702637e-01
2.007486671209335327e-02,-1.497072912752628326e-02,-5.221205204725265503e-02,-6.220359802246093750e-01,2.002069503068923950e-01,1.904169321060180664e+00
-7.114501297473907471e-02,-3.361172974109649658e-02,5.978416651487350464e-03,3.145781755447387695e+00,-8.212399482727050781e-01,2.950873374938964844e-01
1.010060310363769531e-03,3.328070044517517090e-03,1.161803863942623138e-02,-4.288478195667266846e-01,4.420734643936157227e-01,8.534388244152069092e-02
3.226101398468017578e-05,8.539516478776931763e-03,2.772659063339233398e-03,-9.307123422622680664e-01,4.855116009712219238e-01,6.380444765090942383e-02
2.020284533500671387e-03,-1.022660918533802032e-02,-2.159757539629936218e-03,3.979474902153015137e-01,1.204326003789901733e-01,8.829891681671142578e-03
1.649647951126098633e-02,1.033920515328645706e-02,7.806688547134399414e-03,-8.896852731704711914e-01,6.476715207099914551e-01,-2.723647356033325195e-01
4.302710294723510742e-04,-5.193453282117843628e-02,-6.971325725317001343e-03,-8.667602539062500000e-01,-4.515547677874565125e-02,-3.846608400344848633e-01
-9.456589818000793457e-03,-2.616681158542633057e-03,2.032158896327018738e-02,1.277800202369689941e+00,-2.124017626047134399e-01,1.302054524421691895e-02
