1.426816284656524658e-01,2.548854611814022064e-02,2.281220629811286926e-03,-1.123834013938903809e+00,1.235868096351623535e+00,3.748331785202026367e+00
2.132667601108551025e-02,-9.788368828594684601e-03,-2.558163367211818695e-02,8.000110387802124023e-01,1.218144059181213379e+00,1.694663286209106445e+00
1.102493703365325928e-02,-7.532287389039993286e-03,3.272123634815216064e-03,1.519817233085632324e+00,6.321632266044616699e-01,1.974135637283325195e-03
2.363479137420654297e-01,-4.742555320262908936e-03,4.129613935947418213e-02,-1.120914816856384277e+00,-1.594726443290710449e+00,-6.160475730895996094e+00
2.567064762115478516e-01,1.812652871012687683e-02,-8.328398689627647400e-03,5.004472136497497559e-01,1.786935329437255859e+00,-1.652680397033691406e+00
1.892522871494293213e-01,-3.841175138950347900e-02,-1.697742752730846405e-02,-4.226558208465576172e-01,-3.573842525482177734e+00,-2.392998456954956055e+00
2.467443943023681641e-01,-1.566777378320693970e-02,3.407226502895355225e-02,9.705390930175781250e-01,5.238713622093200684e-01,1.855616331100463867e+00
3.357775807380676270e-01,-5.239935591816902161e-02,3.866285458207130432e-02,1.902238845825195312e+00,1.337690830230712891e+00,2.836990833282470703e+00
1.968816071748733521e-01,-4.782294854521751404e-03,2.299939095973968506e-02,9.555392712354660034e-02,-2.146723419427871704e-01,-2.869644403457641602e+00
2.261405885219573975e-01,-2.009434998035430908e-02,8.841268718242645264e-04,1.161723256111145020e+00,1.381252646446228027e+00,-2.527569770812988281e+00
2.719204425811767578e-01,9.783982299268245697e-03,-1.540506258606910706e-03,-1.436020255088806152e+00,-2.178585290908813477e+00,-5.163459777832031250e-01
2.133082449436187744e-01,-3.921971656382083893e-03,3.299056366086006165e-02,-1.500672399997711182e-01,1.305806159973144531e+00,7.421170234680175781e+00
2.510605454444885254e-01,-2.322981320321559906e-02,1.456197910010814667e-02,1.258250594139099121e+00,1.147955656051635742e-01,2.694245576858520508e+00
3.053531050682067871e-01,-9.733455628156661987e-02,2.122231014072895050e-02,-8.653005957603454590e-01,-1.341536790132522583e-01,-7.200165390968322754e-01
1.897168457508087158e-01,-4.805476404726505280e-03,-1.036232523620128632e-02,-7.394961714744567871e-01,-1.699143052101135254e+00,1.557550549507141113e+00
2.774279117584228516e-01,-5.692099779844284058e-02,-2.332893386483192444e-02,-3.867683649063110352e+00,-3.103493213653564453e+00,4.768569946289062500e+00
2.100311368703842163e-01,-2.383244037628173828e-02,7.119394838809967041e-03,1.156652212142944336e+00,2.076556205749511719e+00,2.998765230178833008e+00
2.028103321790695190e-01,6.237356923520565033e-03,8.004041388630867004e-03,1.048449993133544922e+00,-1.621581912040710449e+00,-4.094501495361328125e+00
2.632665336132049561e-01,-3.478895872831344604e-02,4.424121603369712830e-02,6.973180174827575684e-02,9.735218882560729980e-01,-2.424881219863891602e+00
2.714441716670989990e-01,-2.164441160857677460e-03,1.318599935621023178e-02,2.842801213264465332e-01,-1.054571270942687988e+00,1.065964460372924805e+00
3.804289698600769043e-01,-2.258490212261676788e-02,5.328425019979476929e-02,-2.746381759643554688e-01,-2.099480777978897095e-01,2.535893201828002930e+00
1.876482665538787842e-01,-1.576461456716060638e-02,7.487185299396514893e-03,2.765100479125976562e+00,2.768798112869262695e+00,1.835954189300537109e+00
2.389340996742248535e-01,-7.911643385887145996e-02,1.615556515753269196e-02,3.850312709808349609e+00,-2.460322380065917969e+00,-3.821775913238525391e+00
1.892322301864624023e-01,-4.749823419842869043e-04,4.347217082977294922e-02,-3.931057214736938477e+00,-3.107367455959320068e-02,-2.322788715362548828e+00
3.381413221359252930e-01,2.026772312819957733e-02,8.715528994798660278e-03,-1.063304185867309570e+00,-2.582684040069580078e+00,5.091487884521484375e+00
2.569900453090667725e-01,-6.737449765205383301e-02,5.916009843349456787e-02,3.883429616689682007e-02,2.772534370422363281e+00,1.497711658477783203e+00
2.976717948913574219e-01,-1.949327811598777771e-02,3.535991162061691284e-02,-4.553582966327667236e-01,-3.146185874938964844e-01,-3.709116578102111816e-01
2.656840384006500244e-01,-2.329246699810028076e-02,2.617869526147842407e-02,1.388811230659484863e+00,1.685122489929199219e+00,3.206962049007415771e-01
2.272893637418746948e-01,-2.743382193148136139e-02,-5.618678033351898193e-02,-1.345753431320190430e+00,-1.508279681205749512e+00,-7.696537971496582031e-01
2.470859289169311523e-01,-2.728412160649895668e-03,3.360067307949066162e-02,-8.673071861267089844e-01,-4.335684180259704590e-01,1.871483087539672852e+00
2.955045104026794434e-01,-1.257603336125612259e-02,-1.393759436905384064e-02,1.182695627212524414e+00,1.017589092254638672e+00,9.523237943649291992e-01
3.123787641525268555e-01,-4.536146298050880432e-03,-1.039486192166805267e-02,-2.197434902191162109e-01,-2.686862349510192871e-01,-3.116810083389282227e+00
2.774090766906738281e-01,-1.609848253428936005e-02,8.558137342333793640e-03,1.246054768562316895e+00,3.983618736267089844e+00,-2.663199663162231445e+00
3.128729462623596191e-01,1.719032041728496552e-02,-1.156033389270305634e-02,-1.707161545753479004e+00,-4.077390670776367188e+00,1.356439590454101562e+00
3.015090227127075195e-01,1.693184487521648407e-03,2.050454355776309967e-02,-5.697124451398849487e-02,5.275234580039978027e-01,1.351044535636901855e+00
3.276369571685791016e-01,-5.581505596637725830e-03,1.955052651464939117e-02,-4.872289896011352539e-01,-1.357600390911102295e-01,1.414291262626647949e+00
3.041897416114807129e-01,2.318312227725982666e-02,-8.473372086882591248e-03,-3.916651606559753418e-01,-2.513138949871063232e-01,-1.324849486351013184e+00
2.303371280431747437e-01,-8.416453376412391663e-03,-1.808275841176509857e-02,3.707877993583679199e-01,-8.424618840217590332e-02,1.065095901489257812e+00
2.171771526336669922e-01,-6.011928245425224304e-02,-3.818521648645401001e-02,-6.114591956138610840e-01,-2.710966825485229492e+00,9.566308856010437012e-01
1.987417787313461304e-01,1.078074425458908081e-02,2.862036414444446564e-02,2.830087244510650635e-01,1.754265785217285156e+00,1.541105747222900391e+00
2.774462401866912842e-01,1.903117820620536804e-02,-5.937607958912849426e-03,6.512035131454467773e-01,1.354044198989868164e+00,-1.410173177719116211e-01
2.245838344097137451e-01,-5.817385762929916382e-02,3.318322449922561646e-02,3.294461488723754883e+00,-4.606276750564575195e-01,-3.184625864028930664e+00
2.134961038827896118e-01,-6.179937627166509628e-03,-2.575668878853321075e-02,1.605914711952209473e+00,1.275956988334655762e+00,-8.122354745864868164e-01
2.842195332050323486e-01,-6.275071203708648682e-02,4.369946569204330444e-02,5.027487874031066895e-02,1.164029836654663086e-01,7.335426807403564453e-01
3.493020534515380859e-01,-1.579835824668407440e-02,-2.268761396408081055e-03,-3.361796379089355469e+00,-1.971659511327743530e-01,-1.551754713058471680e+00
3.142447471618652344e-01,4.022675007581710815e-02,2.626639790832996368e-02,8.656092286109924316e-01,-3.076830148696899414e+00,1.629882335662841797e+00
2.741468846797943115e-01,2.101462520658969879e-02,-4.712065681815147400e-03,6.538934707641601562e-01,1.585957884788513184e+00,-2.915044784545898438e+00
2.152284234762191772e-01,-1.783143356442451477e-02,-7.819214835762977600e-03,-3.469505608081817627e-01,-2.513704538345336914e+00,-9.547207355499267578e-01
2.929777503013610840e-01,-8.025416173040866852e-03,-2.832861617207527161e-03,-2.329921722412109375e-01,1.692250847816467285e+00,2.399020433425903320e+00
3.079315423965454102e-01,2.340234629809856415e-02,1.670749858021736145e-03,-6.862255930900573730e-01,-1.953721642494201660e+00,2.132505178451538086e-02
1.888694614171981812e-01,3.341476991772651672e-02,1.319922506809234619e-03,-5.593532323837280273e-01,5.839751660823822021e-02,-1.197279572486877441e+00
3.243068456649780273e-01,4.084665328264236450e-03,-1.072394661605358124e-02,7.607117295265197754e-01,1.589159011840820312e+00,-1.236806154251098633e+00
3.364043831825256348e-01,8.517820388078689575e-04,-1.327972859144210815e-04,-1.820791959762573242e+00,-3.471647977828979492e+00,1.778802722692489624e-01
2.581108212471008301e-01,7.273605093359947205e-03,-3.485826402902603149e-02,5.525576472282409668e-01,1.623861789703369141e+00,1.216742992401123047e+00
2.520152926445007324e-01,1.350030023604631424e-02,1.380928512662649155e-02,1.334358811378479004e+00,6.364052295684814453e-01,-2.937190532684326172e+00
2.449575513601303101e-01,2.051660232245922089e-02,1.351891830563545227e-02,2.611653089523315430e+00,1.807294130325317383e+00,-1.799499511718750000e+00
3.701985180377960205e-01,2.232036925852298737e-02,-1.441990863531827927e-02,-2.475568056106567383e-01,-3.415007591247558594e+00,1.219584822654724121e+00
2.796390056610107422e-01,-2.347213216125965118e-03,-3.963991999626159668e-03,-8.490074276924133301e-01,2.427078932523727417e-01,1.388312578201293945e+00
2.779728174209594727e-01,7.546101510524749756e-02,-3.608760982751846313e-02,-8.552684783935546875e-01,1.001412749290466309e+00,1.601584434509277344e+00
2.534841001033782959e-01,6.453125178813934326e-02,5.493304878473281860e-02,4.964483082294464111e-01,-7.044683694839477539e-01,-3.072163462638854980e-01
2.639519274234771729e-01,-2.234268933534622192e-03,1.611584797501564026e-03,1.071357607841491699e+00,1.604992628097534180e+00,-3.909445405006408691e-01
2.487872540950775146e-01,5.933117121458053589e-03,-5.437023937702178955e-03,-1.314611434936523438e+00,-2.547438859939575195e+00,1.259267807006835938e+00
2.241448163986206055e-01,-1.106770802289247513e-02,7.173623889684677124e-04,-3.562295734882354736e-01,2.752255201339721680e+00,2.116307020187377930e+00
2.110914140939712524e-01,1.376623753458261490e-02,9.700804948806762695e-04,-2.813469246029853821e-02,-1.938237190246582031e+00,2.161414772272109985e-01
1.958830356597900391e-01,-5.426225066184997559e-02,1.815983466804027557e-02,2.782562255859375000e+00,1.777015805244445801e+00,4.563508510589599609e+00
2.824197411537170410e-01,-3.148435056209564209e-02,1.567220315337181091e-03,1.325705885887145996e+00,-1.445780515670776367e+00,4.646354913711547852e-02
2.305888235569000244e-01,3.315276652574539185e-02,-2.335900627076625824e-02,-2.895841360092163086e+00,-1.829298853874206543e+00,-5.457741022109985352e-02
2.491004765033721924e-01,4.409169405698776245e-02,-5.056984722614288330e-02,-8.349501490592956543e-01,1.693195223808288574e+00,1.035779953002929688e+00
2.508387863636016846e-01,-2.825416158884763718e-03,8.147630840539932251e-03,9.371252059936523438e-01,-7.642745971679687500e-01,-1.753114938735961914e+00
2.339391410350799561e-01,8.735118899494409561e-04,4.082012921571731567e-03,1.481627345085144043e+00,1.963090300559997559e+00,-1.900989890098571777e+00
2.133454084396362305e-01,-1.750819943845272064e-02,2.851974219083786011e-03,-1.102669358253479004e+00,-2.927370548248291016e+00,-1.568997621536254883e+00
2.269985675811767578e-01,-2.049007266759872437e-02,-1.892109401524066925e-02,8.849454671144485474e-02,2.149948835372924805e+00,1.630235671997070312e+00
2.559782266616821289e-01,-1.510462351143360138e-02,-6.653217598795890808e-03,-1.458836793899536133e-01,-2.005313158035278320e+00,-3.866129398345947266e+00
2.370290607213973999e-01,-3.193300217390060425e-02,7.163332775235176086e-03,1.878161430358886719e+00,1.499014496803283691e+00,-5.075351715087890625e+00
2.814163863658905029e-01,-8.797332644462585449e-02,8.760573342442512512e-03,1.056385993957519531e+00,-1.049334645271301270e+00,-3.135465383529663086e+00
2.729671299457550049e-01,-1.236044615507125854e-01,3.841270506381988525e-02,-4.407733082771301270e-01,-6.714590191841125488e-01,-5.026588439941406250e+00
1.844269931316375732e-01,-6.673998385667800903e-02,4.463557153940200806e-02,3.236172795295715332e-01,-4.511299133300781250e-01,-1.227910518646240234e+01
1.790428161621093750e-01,-5.042858421802520752e-02,5.493192002177238464e-03,2.206541776657104492e+00,-1.250466108322143555e+00,-1.506188869476318359e+01
2.562042474746704102e-01,-1.121339425444602966e-01,-1.912161894142627716e-02,1.866078138351440430e+00,1.068524837493896484e+00,-1.249904918670654297e+01
2.047064006328582764e-01,-4.118485003709793091e-02,-3.331225365400314331e-03,-2.291522920131683350e-02,2.230638265609741211e-02,-1.971439480781555176e+00
2.258176952600479126e-01,-4.641845822334289551e-02,4.650331288576126099e-02,-3.032930612564086914e+00,5.967137217521667480e-01,-1.733223915100097656e+00
3.068184256553649902e-01,-3.823101893067359924e-02,1.922893151640892029e-02,9.868385195732116699e-01,-9.347988963127136230e-01,8.287081122398376465e-01
2.975642681121826172e-01,-2.796286344528198242e-02,2.176493220031261444e-02,2.411520719528198242e+00,6.192019581794738770e-01,-4.917160987854003906e+00
2.103685140609741211e-01,-1.590047031641006470e-02,-2.071835286915302277e-02,-5.893912911415100098e-01,-1.533104300498962402e+00,-1.986239790916442871e+00
2.753392457962036133e-01,-4.307451471686363220e-02,2.415130473673343658e-02,-3.069874346256256104e-01,-3.822430968284606934e-01,2.837353706359863281e+00
2.079052478075027466e-01,1.396074239164590836e-02,1.693908125162124634e-03,-1.355417966842651367e+00,8.919502496719360352e-01,1.706265449523925781e+00
2.008837461471557617e-01,2.185131423175334930e-03,2.560761943459510803e-02,-3.689782917499542236e-01,-2.189245939254760742e+00,-9.291650056838989258e-01
3.145964145660400391e-01,4.877159371972084045e-03,-1.064978353679180145e-02,4.572890698909759521e-01,1.915368199348449707e+00,-3.466071844100952148e+00
2.449032813310623169e-01,-7.893491536378860474e-03,-4.201408475637435913e-03,-6.877450346946716309e-01,-3.219863653182983398e+00,1.204353570938110352e+00
2.410858571529388428e-01,-1.648331061005592346e-02,3.188643604516983032e-02,-1.060797691345214844e+00,1.200620055198669434e+00,2.655170202255249023e+00
3.248806595802307129e-01,1.949808187782764435e-02,3.570193424820899963e-03,2.343159198760986328e+00,-6.431485414505004883e-01,2.014755725860595703e+00
2.332231998443603516e-01,-7.418696768581867218e-04,-2.995960973203182220e-02,3.415313005447387695e+00,2.515915155410766602e+00,-1.939706802368164062e+00
3.261429071426391602e-01,-6.707712076604366302e-03,1.326013542711734772e-02,-4.926285445690155029e-01,1.113431334495544434e+00,-2.792858600616455078e+00
3.106436133384704590e-01,1.971263438463211060e-03,2.163072489202022552e-02,-2.644119024276733398e+00,-1.451120972633361816e+00,1.723730444908142090e+00
2.248878777027130127e-01,4.574400186538696289e-02,2.516809292137622833e-02,1.912546902894973755e-02,5.039446353912353516e-01,3.525690793991088867e+00
3.457598984241485596e-01,1.690990291535854340e-02,1.575877331197261810e-02,1.023679614067077637e+00,-3.382176756858825684e-01,-7.037296891212463379e-02
2.536537349224090576e-01,5.995627492666244507e-03,-1.562710292637348175e-02,6.614264249801635742e-01,1.425347805023193359e+00,3.070363402366638184e-01
3.549046516418457031e-01,-1.654839888215065002e-02,-6.904324516654014587e-03,1.127923727035522461e-01,-3.503044128417968750e+00,2.368966341018676758e+00
2.749299407005310059e-01,-1.252783462405204773e-02,1.646493747830390930e-02,-3.128485202789306641e+00,1.033117175102233887e-01,-1.271373748779296875e+00
3.730496466159820557e-01,4.719538241624832153e-02,-2.855252474546432495e-03,1.171788334846496582e+00,-1.397812366485595703e+00,1.052673339843750000e+00
2.056549489498138428e-01,1.664430834352970123e-02,-7.940931245684623718e-03,3.589882254600524902e-01,1.176464676856994629e+00,5.136177539825439453e-01
2.056493759155273438e-01,8.294958621263504028e-03,2.690262161195278168e-02,7.859534621238708496e-01,-2.252860307693481445e+00,1.045175194740295410e+00
2.357671111822128296e-01,-6.358482642099261284e-04,-1.904126442968845367e-02,-1.602351784706115723e+00,-1.179957866668701172e+00,1.947182416915893555e+00
2.226845771074295044e-01,-3.044730983674526215e-02,-4.164295643568038940e-02,3.907020390033721924e-01,2.975787162780761719e+00,5.458387732505798340e-01
2.471501231193542480e-01,2.436791313812136650e-03,-1.391922123730182648e-02,1.822415292263031006e-01,-4.096674323081970215e-01,-1.177346229553222656e+00
3.193736076354980469e-01,9.854697622358798981e-03,7.827738299965858459e-03,9.325119256973266602e-01,2.905691146850585938e+00,-3.878498554229736328e+00
2.134309113025665283e-01,-8.960669860243797302e-03,-2.169858664274215698e-03,-3.834805786609649658e-01,-1.462051868438720703e+00,9.457610547542572021e-02
2.462503612041473389e-01,-3.298269119113683701e-03,3.479150682687759399e-02,-2.286906003952026367e+00,-1.296393990516662598e+00,3.822025537490844727e+00
2.420527338981628418e-01,-1.891900226473808289e-02,2.376236021518707275e-02,-5.506523251533508301e-01,1.328534007072448730e+00,1.833052396774291992e+00
2.097665071487426758e-01,2.473568543791770935e-02,1.089290063828229904e-02,2.102474689483642578e+00,-1.188462138175964355e+00,-9.594283699989318848e-01
2.674658894538879395e-01,1.619344949722290039e-02,-8.488079532980918884e-03,1.194661021232604980e+00,1.765079021453857422e+00,-1.046907186508178711e+00
2.664022445678710938e-01,-1.379449106752872467e-02,-1.235236786305904388e-02,1.192613244056701660e-01,-2.463415622711181641e+00,7.730638384819030762e-01
2.496329247951507568e-01,-1.793805137276649475e-02,-2.233831398189067841e-02,-1.377227902412414551e+00,9.654563069343566895e-01,4.217847824096679688e+00
2.956466078758239746e-01,2.985803410410881042e-02,-1.292764209210872650e-02,1.729104876518249512e+00,5.860034823417663574e-01,1.887329101562500000e+00
2.209145128726959229e-01,1.034287177026271820e-02,-1.633334904909133911e-04,1.297141313552856445e+00,5.000103712081909180e-01,-5.818552017211914062e+00
3.154098689556121826e-01,-5.841519683599472046e-02,3.237042576074600220e-03,2.052305459976196289e+00,-6.442403793334960938e-01,-4.830150604248046875e+00
1.967546045780181885e-01,-2.221889328211545944e-03,1.914487779140472412e-02,1.206484913825988770e+00,-1.730554699897766113e-01,-4.167070865631103516e+00
1.985531449317932129e-01,-3.396465256810188293e-02,3.037006407976150513e-02,8.516076207160949707e-01,-4.609948098659515381e-01,-4.517757415771484375e+00
2.297214120626449585e-01,-3.564546629786491394e-02,-3.698579967021942139e-04,1.724000871181488037e-01,-2.252491950988769531e+00,-8.472774505615234375e+00
2.133656144142150879e-01,-9.952571243047714233e-02,2.852508239448070526e-02,2.529673814773559570e+00,1.767368674278259277e+00,-1.566280746459960938e+01
1.560442298650741577e-01,-1.637864410877227783e-01,2.971721999347209930e-02,-2.363043308258056641e+00,-2.859881401062011719e+00,-1.590615653991699219e+01
1.938750594854354858e-01,-4.895598441362380981e-02,1.692280173301696777e-03,-1.008294343948364258e+00,-3.116931021213531494e-01,-2.989260673522949219e+00
2.029762864112854004e-01,-6.277927011251449585e-02,1.824332401156425476e-02,-3.820281922817230225e-01,7.281882166862487793e-01,-3.258897304534912109e+00
1.747198551893234253e-01,-2.027606219053268433e-02,3.378023207187652588e-02,-1.537900567054748535e-01,-9.415429234504699707e-01,-7.817142486572265625e+00
3.017792105674743652e-01,-9.062522649765014648e-02,-6.940664350986480713e-02,2.488808393478393555e+00,7.261952161788940430e-01,-5.372273445129394531e+00
3.085381388664245605e-01,-7.587566226720809937e-02,1.123885996639728546e-02,-1.847558498382568359e+00,-1.682623147964477539e+00,-1.603267431259155273e+00
2.454853504896163940e-01,-6.362104415893554688e-02,1.315676327794790268e-02,-2.611190080642700195e-01,1.619078159332275391e+00,2.970634400844573975e-01
2.725340723991394043e-01,-1.193442381918430328e-02,1.646956428885459900e-03,2.868979930877685547e+00,-1.585336923599243164e+00,-2.005349159240722656e+00
2.796055376529693604e-01,-7.301948498934507370e-03,1.813523471355438232e-03,-2.676087319850921631e-01,2.733051776885986328e-02,-2.280908107757568359e+00
2.345611155033111572e-01,1.422872208058834076e-02,-2.594230696558952332e-03,5.447033047676086426e-02,2.127161264419555664e+00,1.808042526245117188e+00
2.352285683155059814e-01,-1.880660420283675194e-03,1.142383459955453873e-02,-1.926469564437866211e+00,-1.669560074806213379e+00,8.270660042762756348e-01
2.861467003822326660e-01,-4.027829505503177643e-03,3.470015153288841248e-02,1.264280796051025391e+00,2.038649559020996094e+00,4.266020774841308594e+00
3.534604310989379883e-01,-3.342857584357261658e-02,1.559898350387811661e-02,-9.897200465202331543e-01,-3.402527570724487305e+00,-8.502798080444335938e-01
2.378589510917663574e-01,-3.359872102737426758e-02,1.128120347857475281e-02,-8.141118288040161133e-01,1.365187287330627441e+00,-1.903527975082397461e+00
2.425345182418823242e-01,1.508023776113986969e-02,-3.068155609071254730e-02,-1.003258109092712402e+00,-2.646427631378173828e+00,6.712329983711242676e-01
2.207608222961425781e-01,-1.273546088486909866e-02,4.558178037405014038e-02,-2.572826743125915527e-01,-1.273887157440185547e-01,3.892915725708007812e+00
3.022188246250152588e-01,-1.248838938772678375e-02,-2.935581095516681671e-02,-3.670296072959899902e-01,-6.421430110931396484e-01,-1.148581027984619141e+00
2.711218595504760742e-01,-2.362475730478763580e-03,1.039192825555801392e-02,1.191765785217285156e+00,1.379406005144119263e-01,-3.570625543594360352e+00
2.809564173221588135e-01,-5.391013249754905701e-02,-9.082909673452377319e-04,9.100066423416137695e-01,1.928249359130859375e+00,-2.619054079055786133e+00
2.974985837936401367e-01,-5.097343772649765015e-02,1.229111663997173309e-02,-6.096131801605224609e-01,-1.822233080863952637e+00,-2.679960429668426514e-01
2.588445246219635010e-01,-3.127072006464004517e-02,1.900436542928218842e-02,1.872492730617523193e-01,1.925145268440246582e+00,8.197085261344909668e-01
3.181010484695434570e-01,-2.585973590612411499e-03,2.175313420593738556e-02,-5.762620642781257629e-02,-6.258858442306518555e-01,-4.548119902610778809e-01
2.428079992532730103e-01,-3.118380345404148102e-02,-7.896704599261283875e-03,1.448691368103027344e+00,7.260371446609497070e-01,-3.224910736083984375e+00
2.995270490646362305e-01,1.453497167676687241e-02,5.059413611888885498e-03,-3.192519426345825195e+00,-1.578499078750610352e+00,-5.993980169296264648e-01
3.256796002388000488e-01,1.856450550258159637e-02,4.421115666627883911e-02,-1.947721719741821289e+00,2.365447133779525757e-01,4.151559829711914062e+00
2.064011991024017334e-01,1.285970909520983696e-03,1.235210895538330078e-02,-5.812290310859680176e-01,1.549012303352355957e+00,2.068834304809570312e+00
2.580930590629577637e-01,1.173646003007888794e-02,-1.505067013204097748e-02,-9.810312390327453613e-01,-1.467478513717651367e+00,9.066246747970581055e-01
2.221495509147644043e-01,4.711273685097694397e-02,-4.318261519074440002e-03,8.508168458938598633e-01,2.014909505844116211e+00,-3.505099713802337646e-01
2.978892922401428223e-01,-1.714283600449562073e-03,-1.201272010803222656e-03,-8.241162896156311035e-01,-3.398066520690917969e+00,1.171177387237548828e+00
2.607366740703582764e-01,-3.068485483527183533e-02,3.980751335620880127e-02,-1.365037262439727783e-01,5.169323086738586426e-01,1.492210626602172852e+00
2.879434525966644287e-01,-4.135908558964729309e-02,1.974057592451572418e-02,9.365680813789367676e-01,1.902771115303039551e+00,-1.039546728134155273e-02
2.331720143556594849e-01,7.700098678469657898e-03,4.202499985694885254e-03,1.215384840965270996e+00,-3.844738602638244629e-01,-1.687656402587890625e+00
2.376459389925003052e-01,-1.914845034480094910e-02,1.169217750430107117e-03,2.104173600673675537e-01,2.026404619216918945e+00,-2.219667434692382812e+00
2.427621632814407349e-01,-1.287404261529445648e-02,1.767900586128234863e-02,-1.158342361450195312e+00,-2.672371387481689453e+00,1.172247648239135742e+00
2.169107645750045776e-01,-1.408636011183261871e-02,2.138646878302097321e-02,-2.023833751678466797e+00,1.527496099472045898e+00,1.169651746749877930e+00
2.831939756870269775e-01,-2.004365250468254089e-02,-5.629446357488632202e-03,2.994174659252166748e-01,3.379773497581481934e-01,1.463290452957153320e+00
2.486575543880462646e-01,4.956631921231746674e-03,2.533496730029582977e-02,7.120429277420043945e-01,1.516502976417541504e+00,-8.808488249778747559e-01
2.865855395793914795e-01,-5.715625360608100891e-03,-3.827421367168426514e-02,1.113629564642906189e-01,-2.854002714157104492e-01,-4.795082211494445801e-01
2.290724217891693115e-01,2.651691436767578125e-02,3.680069744586944580e-02,-3.970208406448364258e+00,1.587773799896240234e+00,2.757949113845825195e+00
2.135671675205230713e-01,3.025683388113975525e-02,3.186737000942230225e-02,2.652508318424224854e-01,3.140574455261230469e+00,8.396852493286132812e+00
3.163642287254333496e-01,1.268145143985748291e-01,2.961413934826850891e-03,-4.936345577239990234e+00,4.234906435012817383e-01,6.586041450500488281e+00
2.402738034725189209e-01,9.552954137325286865e-02,1.144693326205015182e-02,-7.314019203186035156e-01,-4.014155864715576172e+00,1.408385562896728516e+01
1.891529262065887451e-01,1.409801095724105835e-01,4.306463524699211121e-03,-2.286868810653686523e+00,-4.853840470314025879e-01,1.822099494934082031e+01
2.823414504528045654e-01,1.688054800033569336e-01,-8.932555094361305237e-03,1.051561355590820312e+00,2.146491855382919312e-01,2.300891304016113281e+01
2.931180298328399658e-01,1.123532801866531372e-01,4.114745184779167175e-03,4.046741127967834473e-01,-5.211834907531738281e-01,1.506544971466064453e+01
3.029847145080566406e-01,5.153730139136314392e-02,-3.616644069552421570e-03,-1.496758341789245605e+00,-1.370434880256652832e+00,7.171744346618652344e+00
3.211293518543243408e-01,-1.624722778797149658e-02,5.191214382648468018e-02,-7.164425849914550781e-01,1.030615925788879395e+00,3.138903379440307617e+00
1.879840344190597534e-01,-1.559575088322162628e-02,-2.885928377509117126e-03,2.674353599548339844e+00,9.995040297508239746e-02,7.605166435241699219e-01
3.968775868415832520e-01,-8.131408691406250000e-02,-5.979595705866813660e-03,-1.750254154205322266e+00,-2.844941616058349609e+00,-1.461784720420837402e+00
2.244477570056915283e-01,-9.078684262931346893e-03,-1.480274461209774017e-02,2.254305183887481689e-01,3.581319808959960938e+00,1.774792194366455078e+00
2.238446474075317383e-01,-2.616619877517223358e-02,3.413464128971099854e-02,3.456623256206512451e-01,-1.928755879402160645e+00,-3.708346843719482422e+00
2.624338865280151367e-01,-1.777564361691474915e-02,-2.498420141637325287e-02,2.438272476196289062e+00,2.631626844406127930e+00,-5.368375778198242188e-01
2.124280929565429688e-01,-2.386255748569965363e-02,2.722497284412384033e-02,-2.919809103012084961e+00,-1.366808176040649414e+00,-4.399813413619995117e-01
2.876962125301361084e-01,-6.146638467907905579e-02,3.542209044098854065e-02,1.054161041975021362e-02,2.103327274322509766e+00,2.970389366149902344e+00
3.242816329002380371e-01,-6.549969315528869629e-02,5.216859653592109680e-02,4.600799977779388428e-01,-1.157878786325454712e-01,2.124051451683044434e-01
2.692064046859741211e-01,-7.476604729890823364e-02,1.881594024598598480e-02,1.514738202095031738e+00,4.244325160980224609e-01,-5.392228960990905762e-01
2.124353647232055664e-01,-3.070486523211002350e-02,9.898135438561439514e-03,9.480189085006713867e-01,1.432793974876403809e+00,-1.537681102752685547e+00
3.363952636718750000e-01,-5.298805981874465942e-02,2.821394987404346466e-02,-3.474872112274169922e+00,-2.710777282714843750e+00,-1.022128224372863770e+00
2.170156240463256836e-01,-2.194902300834655762e-02,3.204565122723579407e-02,4.831364005804061890e-02,1.455544471740722656e+00,1.549237012863159180e+00
2.650180160999298096e-01,-5.936953239142894745e-04,-8.000805974006652832e-04,-4.887397587299346924e-01,-1.052603125572204590e+00,1.210157632827758789e+00
2.578163444995880127e-01,-2.963306196033954620e-02,4.303494840860366821e-02,2.343498706817626953e+00,1.573079943656921387e+00,-7.274950742721557617e-01
2.804695069789886475e-01,-4.981140792369842529e-02,5.950512364506721497e-03,5.576468110084533691e-01,3.192871809005737305e-01,-1.379194736480712891e+00
3.086614012718200684e-01,-3.548005595803260803e-02,1.478928327560424805e-02,-1.410137176513671875e+00,-1.993459016084671021e-01,7.391412258148193359e-01
3.832150697708129883e-01,-1.151483505964279175e-02,3.136157989501953125e-02,8.842346668243408203e-01,1.078089475631713867e+00,1.522593498229980469e+00
2.410274296998977661e-01,-4.200636874884366989e-03,2.375648170709609985e-02,5.773736238479614258e-01,-2.443279743194580078e+00,-3.739981949329376221e-01
2.787463068962097168e-01,1.951374113559722900e-03,2.832472324371337891e-03,3.959241211414337158e-01,5.619276762008666992e-01,-2.227265834808349609e+00
2.326240092515945435e-01,-6.728533655405044556e-03,-2.088267356157302856e-03,-1.762827038764953613e+00,1.178238987922668457e+00,2.853013575077056885e-01
3.261739611625671387e-01,-1.799328019842505455e-04,4.198387265205383301e-02,-1.014526963233947754e+00,-2.259737730026245117e+00,4.580646514892578125e+00
2.825249731540679932e-01,-4.182890802621841431e-02,-9.655319154262542725e-04,-8.069500923156738281e-01,4.192796349525451660e-02,2.315028905868530273e+00
3.291791975498199463e-01,-4.947535321116447449e-02,2.692151814699172974e-02,1.594774603843688965e+00,-5.621818900108337402e-01,-3.674618244171142578e+00
1.973544806241989136e-01,3.766715992242097855e-03,-1.116084121167659760e-02,5.730779170989990234e-01,2.271003484725952148e+00,-3.980467319488525391e+00
2.363297939300537109e-01,1.072094310075044632e-03,-3.688307106494903564e-02,-1.218881368637084961e+00,-9.050266742706298828e-01,3.884739160537719727e+00
2.167294770479202271e-01,-1.535333693027496338e-02,3.933335840702056885e-02,1.245539903640747070e+00,1.429522156715393066e+00,1.579737186431884766e+00
2.477526962757110596e-01,-3.660375252366065979e-03,-5.303873494267463684e-02,-2.796236276626586914e-01,-1.023681998252868652e+00,4.855035841464996338e-01
2.651364803314208984e-01,-3.128093108534812927e-02,4.884186387062072754e-02,3.333369016647338867e+00,4.701086878776550293e-01,-2.561797618865966797e+00
3.391410112380981445e-01,-5.331008136272430420e-02,2.806660160422325134e-02,2.690737247467041016e-01,9.996807575225830078e-01,-1.711937665939331055e+00
2.154440134763717651e-01,-1.146835368126630783e-02,1.344623975455760956e-02,-1.301100611686706543e+00,-2.196462154388427734e+00,5.251713991165161133e-01
2.536717653274536133e-01,-7.586695253849029541e-02,-7.065100595355033875e-03,5.893150568008422852e-01,2.974174499511718750e+00,1.561901807785034180e+00
3.302307128906250000e-01,-1.078180689364671707e-02,2.169398404657840729e-02,-4.516825824975967407e-02,-2.946057796478271484e+00,-6.272414326667785645e-01
2.936965823173522949e-01,-1.070346310734748840e-02,-1.022353768348693848e-03,7.311108112335205078e-01,1.369034290313720703e+00,3.141082823276519775e-02
2.880530953407287598e-01,-4.144867882132530212e-03,-3.736952319741249084e-03,-7.447075843811035156e-01,-1.653886198997497559e+00,-9.731318950653076172e-01
2.410229593515396118e-01,-2.732912078499794006e-02,4.731597006320953369e-02,-3.781350553035736084e-01,1.413610816001892090e+00,2.095720052719116211e+00
2.381537407636642456e-01,-3.932218626141548157e-02,2.400011755526065826e-02,-1.275069713592529297e-01,7.185140252113342285e-01,1.442023515701293945e+00
3.164748549461364746e-01,-1.445846166461706161e-02,1.498249731957912445e-02,2.137735784053802490e-01,-1.617224812507629395e+00,7.341909408569335938e-01
1.949323415756225586e-01,-3.170389682054519653e-02,1.585634425282478333e-03,2.915376186370849609e+00,1.352329015731811523e+00,3.696021437644958496e-02
4.014001190662384033e-01,-8.802879601716995239e-02,-2.573577128350734711e-02,-1.015717744827270508e+00,-2.195973247289657593e-01,-2.570742130279541016e+00
2.360758185386657715e-01,-6.933243572711944580e-02,1.853736117482185364e-02,-1.689109504222869873e-01,4.679685533046722412e-01,-3.439715802669525146e-01
1.982248425483703613e-01,-5.385346710681915283e-02,4.427327215671539307e-02,2.002288818359375000e+00,-1.008385777473449707e+00,-5.050312042236328125e+00
1.831245273351669312e-01,-6.816972047090530396e-02,3.336162865161895752e-02,3.246859014034271240e-01,-6.082355380058288574e-01,-8.476205825805664062e+00
1.988760381937026978e-01,-3.691459819674491882e-02,-7.572075352072715759e-03,9.797974228858947754e-01,-8.730632066726684570e-01,-1.163404178619384766e+01
1.588937789201736450e-01,-6.894548982381820679e-02,1.019997708499431610e-02,2.070605754852294922e+00,-3.271599054336547852e+00,-1.027077198028564453e+01
9.286154806613922119e-02,-9.941101074218750000e-02,-1.173434220254421234e-02,-1.986302852630615234e+00,5.690789222717285156e-01,-1.410563659667968750e+01
1.868173331022262573e-01,-5.798966810107231140e-02,-4.566021263599395752e-03,1.736890792846679688e+00,-4.878006875514984131e-01,-1.263297748565673828e+01
1.268525272607803345e-01,-8.662081509828567505e-02,1.689510419964790344e-02,-1.275244057178497314e-01,1.376648664474487305e+00,-1.357017517089843750e+01
2.307160496711730957e-01,-3.129777684807777405e-02,-7.127078250050544739e-03,-1.605154395103454590e+00,-4.046877324581146240e-01,-6.282732963562011719e+00
2.529970705509185791e-01,-8.528434485197067261e-02,3.202900663018226624e-02,-8.923956155776977539e-01,-3.461410403251647949e-01,2.447073012590408325e-01
2.336361110210418701e-01,-4.508516937494277954e-02,6.133525818586349487e-02,1.573450922966003418e+00,-1.126685500144958496e+00,-4.881530761718750000e+00
2.260126471519470215e-01,-8.017309010028839111e-03,2.600520290434360504e-02,1.877509832382202148e+00,-2.251130491495132446e-01,-4.829063415527343750e+00
2.524239420890808105e-01,-3.227993100881576538e-02,-1.271667517721652985e-02,8.454860448837280273e-01,1.082686055451631546e-02,-1.895736217498779297e+00
3.096553087234497070e-01,-3.555811196565628052e-02,3.408255055546760559e-03,-2.840307712554931641e+00,-1.437400460243225098e+00,1.383369088172912598e+00
2.447155416011810303e-01,-8.637282066047191620e-03,6.364449858665466309e-03,7.439144253730773926e-01,9.469591081142425537e-02,2.681917548179626465e-01
2.859145998954772949e-01,3.836601600050926208e-02,1.886568590998649597e-02,-4.396963417530059814e-01,-1.583562016487121582e+00,7.831603288650512695e-01
2.613829076290130615e-01,1.072843186557292938e-02,-1.727448590099811554e-02,8.354781866073608398e-01,2.406480789184570312e+00,3.760879635810852051e-01
2.700867354869842529e-01,1.520539075136184692e-02,1.956637948751449585e-02,1.195281147956848145e+00,-6.142124533653259277e-01,2.465717315673828125e+00
2.879101634025573730e-01,-3.096597082912921906e-02,4.554372280836105347e-04,-2.136449575424194336e+00,-7.133597731590270996e-01,1.749592900276184082e+00
2.791904211044311523e-01,-1.468183100223541260e-02,2.636465616524219513e-02,8.555175065994262695e-01,8.523779511451721191e-01,2.713320732116699219e+00
2.288863062858581543e-01,-1.768407411873340607e-02,4.367681592702865601e-02,2.722419500350952148e+00,-1.809760928153991699e+00,-3.156185150146484375e+00
2.790757417678833008e-01,-4.283017665147781372e-02,-3.578633069992065430e-03,1.079416513442993164e+00,1.237033843994140625e+00,-2.770192146301269531e+00
3.504056334495544434e-01,-3.983902931213378906e-02,1.331135071814060211e-02,-2.238983631134033203e+00,-3.125952243804931641e+00,-8.076249361038208008e-01
2.365719079971313477e-01,-1.476200949400663376e-02,1.959905400872230530e-02,-3.715122640132904053e-01,-1.219273805618286133e+00,1.182779550552368164e+00
3.172423839569091797e-01,1.655836775898933411e-02,-1.199620030820369720e-02,1.908178448677062988e+00,-3.916566967964172363e-01,5.767066478729248047e-01
1.921505630016326904e-01,-2.997343055903911591e-02,2.880460582673549652e-02,2.335473775863647461e+00,2.745428979396820068e-01,-2.578005075454711914e+00
3.072407245635986328e-01,-2.195539698004722595e-02,1.361208036541938782e-03,1.049796223640441895e+00,2.694206476211547852e+00,-3.944350481033325195e+00
2.455512732267379761e-01,1.116378139704465866e-02,-1.991428434848785400e-03,-2.375707149505615234e+00,-1.913086414337158203e+00,1.026829481124877930e+00
3.588329553604125977e-01,3.091643750667572021e-02,4.813407361507415771e-02,8.386265635490417480e-01,2.756624937057495117e+00,3.533181667327880859e+00
3.419920206069946289e-01,-5.051644891500473022e-02,-1.170804724097251892e-03,-2.495068311691284180e+00,-1.853561639785766602e+00,-2.269556522369384766e-01
2.795717120170593262e-01,-1.041005365550518036e-03,1.285226456820964813e-02,8.025468587875366211e-01,1.169014930725097656e+00,-6.003741621971130371e-01
2.371332049369812012e-01,-8.207617793232202530e-05,-2.884540706872940063e-03,1.255659461021423340e-01,-2.027712583541870117e+00,8.455280661582946777e-01
3.347554206848144531e-01,1.476985774934291840e-02,2.536525949835777283e-02,-1.492592215538024902e+00,-4.081544876098632812e-01,2.808735370635986328e+00
2.978518605232238770e-01,-2.779561793431639671e-03,2.728233300149440765e-02,7.331559062004089355e-01,6.599947214126586914e-01,1.657270073890686035e+00
2.334521114826202393e-01,-1.868441142141819000e-02,-2.465759031474590302e-02,2.648768901824951172e+00,-7.145030498504638672e-01,-1.158431053161621094e+00
1.821695864200592041e-01,1.297028921544551849e-02,-9.008249267935752869e-03,7.166970968246459961e-01,1.889333248138427734e+00,-1.515415906906127930e+00
3.080641329288482666e-01,-4.715523682534694672e-03,1.444193162024021149e-02,-1.640856742858886719e+00,-5.736913681030273438e+00,1.290833473205566406e+00
2.226659655570983887e-01,-5.860101431608200073e-02,3.331253305077552795e-03,-1.157584413886070251e-01,1.808024644851684570e+00,1.596323728561401367e+00
2.163212448358535767e-01,-1.803570427000522614e-02,-2.355233766138553619e-02,5.169268697500228882e-02,6.474927067756652832e-01,-8.753079175949096680e-01
2.224001884460449219e-01,-3.222245257347822189e-03,7.167279720306396484e-03,3.403100490570068359e+00,-5.305151939392089844e-01,-2.429657697677612305e+00
2.772316932678222656e-01,1.974269188940525055e-02,1.939272880554199219e-02,-8.116094470024108887e-01,7.950008511543273926e-01,1.029424905776977539e+00
2.310194075107574463e-01,7.993619889020919800e-03,1.137433201074600220e-02,-1.595815420150756836e-01,-1.220125675201416016e+00,1.318838357925415039e+00
3.204635977745056152e-01,-2.132675051689147949e-02,5.575070157647132874e-03,1.056276559829711914e+00,2.784266769886016846e-01,1.654430925846099854e-01
2.253473699092864990e-01,4.517763480544090271e-02,7.694777101278305054e-03,-1.588546186685562134e-01,-2.230798006057739258e+00,-1.970368176698684692e-01
2.165186405181884766e-01,1.217547431588172913e-02,-8.945371955633163452e-04,9.756312966346740723e-01,2.845437526702880859e+00,1.933525562286376953e+00
2.623827457427978516e-01,-4.567401111125946045e-02,2.422101050615310669e-02,-2.194626569747924805e+00,-1.006424069404602051e+00,6.186926364898681641e-01
3.001321554183959961e-01,1.730997115373611450e-03,3.141708672046661377e-02,-4.173365116119384766e+00,-2.221945047378540039e+00,3.926850318908691406e+00
1.804358810186386108e-01,-1.523592043668031693e-02,1.736793667078018188e-02,9.991765618324279785e-01,6.684326380491256714e-02,-3.699494600296020508e-01
2.133534401655197144e-01,-2.968891337513923645e-02,5.881276726722717285e-02,-1.177845716476440430e+00,-2.400017261505126953e+00,-4.672557830810546875e+00
2.280064821243286133e-01,-2.795455232262611389e-02,-2.536647021770477295e-03,2.736357212066650391e+00,3.050899505615234375e+00,-2.918227434158325195e+00
3.184600472450256348e-01,6.578327156603336334e-03,1.771802455186843872e-02,-1.862599611282348633e+00,-2.489815711975097656e+00,-1.032970905303955078e+00
2.325034290552139282e-01,5.020235665142536163e-03,1.309638563543558121e-02,-2.243390560150146484e+00,8.634506464004516602e-01,7.816643714904785156e-01
3.176229000091552734e-01,1.768138445913791656e-02,8.490318432450294495e-03,1.711337327957153320e+00,-1.205070316791534424e-01,1.552909135818481445e+00
3.155381083488464355e-01,-3.685458377003669739e-02,2.639688365161418915e-02,2.707521200180053711e+00,3.804986000061035156e+00,-1.827371001243591309e+00
2.565085887908935547e-01,4.272115882486104965e-03,4.319186508655548096e-02,-1.549788951873779297e+00,-1.641758203506469727e+00,7.708671689033508301e-01
3.532678186893463135e-01,4.279679618775844574e-03,2.996074035763740540e-02,-2.173733562231063843e-01,-4.664398431777954102e-01,4.361727714538574219e+00
2.342805266380310059e-01,-1.713946275413036346e-02,1.608896628022193909e-02,-1.796319782733917236e-01,1.066347718238830566e+00,5.763961672782897949e-01
2.148136794567108154e-01,2.470516040921211243e-02,3.019462339580059052e-02,2.033854722976684570e+00,-1.346637845039367676e+00,-3.081721544265747070e+00
2.345271557569503784e-01,-4.109568893909454346e-03,1.486276462674140930e-02,-1.098370313644409180e+00,2.500723361968994141e+00,-2.842593908309936523e+00
2.288684546947479248e-01,-4.452135413885116577e-02,-3.852516412734985352e-02,-3.694618940353393555e+00,-3.403221607208251953e+00,2.881907463073730469e+00
2.533994019031524658e-01,4.738434031605720520e-02,4.056819900870323181e-02,-7.996390461921691895e-01,2.680046558380126953e-01,5.793690681457519531e+00
2.793504595756530762e-01,-2.720086649060249329e-02,-5.177137255668640137e-02,2.581819295883178711e+00,-6.601948142051696777e-01,-2.634768724441528320e+00
2.408128976821899414e-01,-1.881453953683376312e-02,2.079186961054801941e-03,1.712208271026611328e+00,1.512848854064941406e+00,-3.673889636993408203e+00
3.151238262653350830e-01,6.731994450092315674e-03,6.433749571442604065e-03,1.724691033363342285e+00,1.559839129447937012e+00,1.343656539916992188e+00
2.477236986160278320e-01,1.280851941555738449e-02,-2.737106196582317352e-02,1.081187576055526733e-01,1.369659066200256348e+00,3.863363862037658691e-01
2.286883294582366943e-01,-3.044652938842773438e-02,2.921799011528491974e-02,-1.564489603042602539e-01,2.625047922134399414e+00,-2.200680017471313477e+00
1.566975861787796021e-01,-3.877160698175430298e-02,1.056617870926856995e-02,2.365645885467529297e+00,-2.170164585113525391e+00,-7.291947364807128906e+00
2.645481824874877930e-01,-4.228550940752029419e-02,4.407819360494613647e-02,5.817282795906066895e-01,6.802616715431213379e-01,-1.125233745574951172e+01
2.492193579673767090e-01,-9.677749127149581909e-02,2.219931222498416901e-02,-1.190919160842895508e+00,-2.450437784194946289e+00,-5.186948776245117188e+00
1.955727785825729370e-01,-3.774692490696907043e-02,2.212992683053016663e-02,8.328268527984619141e-01,-5.443003773689270020e-02,-6.100317001342773438e+00
2.033007591962814331e-01,-1.601576656103134155e-01,1.562230009585618973e-02,2.155331611633300781e+00,-8.623593449592590332e-01,-1.816782569885253906e+01
1.246297657489776611e-01,-1.335024982690811157e-01,7.812639698386192322e-03,1.370831131935119629e+00,-4.656170904636383057e-01,-1.515650939941406250e+01
1.923358142375946045e-01,-7.613478600978851318e-02,8.354367688298225403e-03,-2.700767666101455688e-02,2.504989862442016602e+00,-1.059236717224121094e+01
1.590948998928070068e-01,-7.003380358219146729e-02,2.851056307554244995e-02,1.344358563423156738e+00,-2.912138700485229492e+00,-5.009802341461181641e+00
2.401726692914962769e-01,-9.123033285140991211e-02,1.028463058173656464e-02,6.500697731971740723e-01,-1.486503183841705322e-01,-7.598697662353515625e+00
2.531028389930725098e-01,-3.465944528579711914e-02,2.032241597771644592e-02,2.168411314487457275e-01,-8.646178841590881348e-01,-3.046358108520507812e+00
3.018944263458251953e-01,1.659668609499931335e-02,3.679676353931427002e-02,1.771202921867370605e+00,-1.735208183526992798e-02,-1.784922719001770020e+00
2.796128392219543457e-01,1.608303561806678772e-02,-2.415557019412517548e-02,8.309112787246704102e-01,1.933838605880737305e+00,-1.583543300628662109e+00
2.519734799861907959e-01,2.757486142218112946e-02,1.263628713786602020e-02,-3.518437385559082031e+00,-3.929008722305297852e+00,1.557108521461486816e+00
2.305658459663391113e-01,-2.568497508764266968e-02,2.092155255377292633e-02,-2.495917677879333496e-01,8.910641670227050781e-01,1.831075847148895264e-01
2.770080566406250000e-01,-2.297578612342476845e-03,-5.066903308033943176e-03,-4.950978457927703857e-01,4.624615907669067383e-01,-4.271154105663299561e-01
3.101841807365417480e-01,5.591586232185363770e-03,5.663221701979637146e-03,1.564728617668151855e+00,1.765814185142517090e+00,-3.632519006729125977e+00
2.502591907978057861e-01,-2.034990489482879639e-02,4.929449409246444702e-03,1.852282881736755371e+00,-1.117450237274169922e+00,6.169928908348083496e-01
3.438547849655151367e-01,-2.751777879893779755e-02,3.506045415997505188e-02,-1.921091437339782715e+00,-3.116828501224517822e-01,-1.005486726760864258e+00
3.309404551982879639e-01,1.491873525083065033e-02,1.835172995924949646e-02,-2.220438718795776367e-01,-1.907269805669784546e-01,1.879538774490356445e+00
2.584521174430847168e-01,1.126092020422220230e-02,-1.852871291339397430e-02,-1.152617096900939941e+00,-2.521848440170288086e+00,4.092506170272827148e-01
2.613916993141174316e-01,6.050329189747571945e-03,1.802918687462806702e-02,1.159151792526245117e+00,3.194229125976562500e+00,-9.458432793617248535e-01
2.345194220542907715e-01,-1.879471726715564728e-02,1.653261855244636536e-02,-1.745589494705200195e+00,-1.945963859558105469e+00,-1.325753808021545410e+00
2.401774525642395020e-01,9.887445718050003052e-03,9.248489513993263245e-03,-1.357549071311950684e+00,2.301305294036865234e+00,2.503667116165161133e+00
2.274644672870635986e-01,3.329198434948921204e-02,1.844771765172481537e-02,8.890945315361022949e-01,8.274946808815002441e-01,3.265759229660034180e+00
2.776952385902404785e-01,2.711636945605278015e-02,1.289539039134979248e-02,2.503785789012908936e-01,-1.491941064596176147e-01,-1.540953874588012695e+00
2.916091978549957275e-01,1.012350693345069885e-01,-5.908420309424400330e-03,-1.181677341461181641e+00,-1.784972846508026123e-01,9.744089126586914062e+00
2.436341792345046997e-01,1.297042816877365112e-01,-1.409977115690708160e-02,-2.309251785278320312e+00,-2.382645130157470703e+00,1.565049648284912109e+01
2.533976733684539795e-01,1.474425010383129120e-02,4.355375468730926514e-02,-5.822436213493347168e-01,8.437989950180053711e-01,1.096443271636962891e+01
2.023807615041732788e-01,-3.007000125944614410e-02,-6.326841190457344055e-03,1.163076519966125488e+00,2.541719675064086914e+00,2.811893701553344727e+00
1.614359468221664429e-01,-7.248683832585811615e-03,3.099560551345348358e-02,5.159201145172119141e+00,-2.578888654708862305e+00,-5.111234664916992188e+00
2.741170525550842285e-01,-4.521876201033592224e-02,7.908044382929801941e-03,-3.171948790550231934e-01,3.381214857101440430e+00,-5.872455596923828125e+00
2.244960963726043701e-01,-3.058215789496898651e-02,-9.933300316333770752e-05,-2.386869430541992188e+00,-1.008578419685363770e+00,-2.965574264526367188e+00
2.199903726577758789e-01,-4.038320481777191162e-02,1.388900913298130035e-02,1.142580509185791016e+00,1.432963371276855469e+00,2.972614169120788574e-01
2.093255519866943359e-01,-3.777137398719787598e-02,5.475722253322601318e-02,3.564187288284301758e-01,2.376566410064697266e+00,-3.219623804092407227e+00
1.881785243749618530e-01,3.689172863960266113e-02,-8.972881361842155457e-03,1.717133522033691406e+00,1.603737846016883850e-02,-1.837596416473388672e+00
2.952807545661926270e-01,-2.718577161431312561e-04,-1.071791909635066986e-02,9.654473066329956055e-01,1.438537716865539551e+00,-1.538937568664550781e+00
2.300262451171875000e-01,-2.150250226259231567e-02,-5.679083615541458130e-02,6.287522315979003906e-01,-1.824309229850769043e-01,3.213864564895629883e+00
2.451061308383941650e-01,-2.793184854090213776e-02,-2.251619659364223480e-02,-2.095952272415161133e+00,1.888682723045349121e+00,-1.434570074081420898e+00
2.153652906417846680e-01,-7.467897608876228333e-03,-3.771249949932098389e-02,1.253011822700500488e-02,3.353740274906158447e-02,-8.521000146865844727e-01
2.531669735908508301e-01,8.912117220461368561e-03,-1.496393419802188873e-02,2.793275356292724609e+00,1.343343853950500488e+00,-2.255791902542114258e+00
3.335030078887939453e-01,3.126500546932220459e-02,1.236046291887760162e-02,2.038253068923950195e+00,-2.587706446647644043e-01,1.440711498260498047e+00
3.577620983123779297e-01,-2.484693564474582672e-02,-2.354850992560386658e-03,-1.710424304008483887e+00,5.470687150955200195e-02,6.914120912551879883e-01
2.990121841430664062e-01,1.185931731015443802e-02,4.388298839330673218e-03,2.564414739608764648e+00,2.067825198173522949e-01,2.935146391391754150e-01
2.870569527149200439e-01,-2.509649842977523804e-03,2.960572950541973114e-02,1.256237745285034180e+00,-2.518794298171997070e+00,-1.006312489509582520e+00
2.164088636636734009e-01,-4.950855858623981476e-03,-1.441643573343753815e-02,1.925470232963562012e-01,2.429836273193359375e+00,-3.840185165405273438e+00
3.373405337333679199e-01,3.283756598830223083e-02,2.751899696886539459e-02,-1.433554887771606445e+00,-1.239847064018249512e+00,2.457859277725219727e+00
3.082888424396514893e-01,-3.834179043769836426e-02,-1.865918375551700592e-02,-1.616476297378540039e+00,2.052272319793701172e+00,5.018136024475097656e+00
2.392965704202651978e-01,-3.434901591390371323e-04,4.070786759257316589e-03,3.811565935611724854e-01,-2.435909509658813477e+00,-8.124038577079772949e-01
3.015649318695068359e-01,3.957216814160346985e-02,2.135677449405193329e-02,-7.114433050155639648e-01,-4.283491373062133789e-01,-4.231033325195312500e+00
2.430830746889114380e-01,2.574082836508750916e-02,2.166320569813251495e-02,-2.885141074657440186e-01,2.286570549011230469e+00,7.009724974632263184e-01
2.556862831115722656e-01,2.127818064764142036e-03,1.919255591928958893e-02,-3.327426671981811523e+00,-2.156512022018432617e+00,3.779653012752532959e-01
3.362295627593994141e-01,9.933411143720149994e-03,6.012833863496780396e-02,8.671641349792480469e-01,1.056334853172302246e+00,4.918299198150634766e+00
3.221836686134338379e-01,-3.141459822654724121e-02,5.774801224470138550e-02,2.042494058609008789e+00,-2.460275888442993164e+00,-9.508258104324340820e-02
2.457309067249298096e-01,-2.198577299714088440e-02,5.040209740400314331e-03,1.389534354209899902e+00,1.145728707313537598e+00,-4.566146850585937500e+00
2.767036855220794678e-01,1.672266609966754913e-02,-6.219502538442611694e-02,-1.344481110572814941e+00,-3.469086289405822754e-01,-6.744735836982727051e-01
1.716216355562210083e-01,-1.727567985653877258e-02,4.498211666941642761e-03,-1.910979628562927246e+00,-1.211898684501647949e+00,3.749104261398315430e+00
3.128405809402465820e-01,-3.027174249291419983e-02,-6.658600643277168274e-03,8.413874506950378418e-01,1.935866832733154297e+00,1.120180845260620117e+00
2.820910215377807617e-01,-9.565895423293113708e-03,6.641736254096031189e-03,1.793584823608398438e+00,6.371974349021911621e-01,-2.493854522705078125e+00
3.220915198326110840e-01,3.502182662487030029e-03,-3.635184466838836670e-02,2.525268077850341797e+00,3.838145256042480469e+00,-2.776276826858520508e+00
2.127108126878738403e-01,-6.926157046109437943e-03,-7.284576073288917542e-03,-1.489242792129516602e+00,1.980461180210113525e-02,2.360549569129943848e-02
2.173663675785064697e-01,-1.957617513835430145e-02,7.877840846776962280e-02,3.334831595420837402e-01,5.286520719528198242e-01,2.387311935424804688e+00
2.783596515655517578e-01,-3.892232850193977356e-02,6.939018145203590393e-03,3.597346246242523193e-01,5.560021996498107910e-01,-7.687788605690002441e-01
2.237285226583480835e-01,3.877983242273330688e-02,-3.153112530708312988e-02,2.425826489925384521e-01,1.114178776741027832e+00,1.023440122604370117e+00
2.186473608016967773e-01,2.701411023736000061e-03,1.877988129854202271e-02,1.204063892364501953e+00,1.669463157653808594e+00,7.500050067901611328e-01
2.623786926269531250e-01,-5.579999834299087524e-02,2.456399612128734589e-02,-5.890111923217773438e-01,-7.047314643859863281e-01,1.552832484245300293e+00
2.358270734548568726e-01,-7.946952246129512787e-03,4.172280803322792053e-02,-5.857198238372802734e-01,3.671802282333374023e-01,1.144564986228942871e+00
3.396136164665222168e-01,2.540303580462932587e-02,5.376612767577171326e-03,-1.580847799777984619e-02,-1.408012509346008301e+00,2.034687519073486328e+00
2.410499304533004761e-01,1.015064679086208344e-02,-2.684149891138076782e-03,6.483040004968643188e-02,1.937861144542694092e-01,-1.472038984298706055e+00
2.596524357795715332e-01,-1.831845194101333618e-02,-7.092861458659172058e-03,-5.239617824554443359e-01,-7.113064527511596680e-01,-1.829383373260498047e+00
2.970502376556396484e-01,-2.006908878684043884e-03,3.222123533487319946e-02,-1.976872086524963379e+00,-3.141695737838745117e+00,1.333505988121032715e+00
2.455191016197204590e-01,2.064477652311325073e-03,1.792747899889945984e-02,3.027677536010742188e+00,1.038369774818420410e+00,3.207404613494873047e+00
1.812723875045776367e-01,-1.482899300754070282e-02,7.323792204260826111e-03,1.365486532449722290e-01,-8.542591333389282227e-01,-6.912221908569335938e-01
2.456461787223815918e-01,4.325221292674541473e-03,3.056057542562484741e-02,-8.220841288566589355e-01,1.138588666915893555e+00,-4.551554679870605469e+00
2.200468778610229492e-01,2.786834258586168289e-03,3.363679721951484680e-02,-4.101989269256591797e-01,-2.051009654998779297e+00,1.735388278961181641e+00
2.071028053760528564e-01,-2.339310571551322937e-02,4.079695045948028564e-02,-1.529373526573181152e+00,-1.051542401313781738e+00,2.805311203002929688e+00
1.964117139577865601e-01,-1.916862465441226959e-02,-8.363006636500358582e-03,1.812711119651794434e+00,2.489515781402587891e+00,-5.063059926033020020e-02
3.125186264514923096e-01,-2.440486289560794830e-02,2.510470524430274963e-02,2.724979221820831299e-01,-7.910957336425781250e-01,-2.647799968719482422e+00
2.803840041160583496e-01,5.556187126785516739e-03,-9.618589654564857483e-03,9.560060501098632812e-01,3.024803400039672852e+00,-2.740399122238159180e+00
3.335046470165252686e-01,-7.466361857950687408e-03,1.446637324988842010e-02,7.915460318326950073e-02,-2.953395843505859375e+00,5.294126272201538086e-02
2.905146479606628418e-01,1.235231570899486542e-02,2.554372325539588928e-02,-5.323039293289184570e-01,3.494404554367065430e-01,1.302306652069091797e+00
2.511930465698242188e-01,7.154983468353748322e-03,9.402360767126083374e-03,6.909499764442443848e-01,-7.639546394348144531e-01,1.091329574584960938e+00
2.736881673336029053e-01,8.965804241597652435e-03,-1.073929853737354279e-02,5.080313682556152344e-01,1.180910542607307434e-01,-2.432843685150146484e+00
2.633273005485534668e-01,1.104976702481508255e-02,-1.709563843905925751e-02,9.019743204116821289e-01,2.377753734588623047e+00,-1.374610424041748047e+00
3.435838818550109863e-01,-2.175872586667537689e-02,-1.016867347061634064e-02,-1.007754802703857422e+00,-2.667799472808837891e+00,6.383779048919677734e-01
2.765439152717590332e-01,-1.412999257445335388e-02,2.072270028293132782e-02,-2.545025646686553955e-01,2.877492189407348633e+00,4.786686301231384277e-01
3.315971493721008301e-01,-3.587955608963966370e-02,3.315503150224685669e-02,2.640213489532470703e+00,-1.486332535743713379e+00,1.090023994445800781e+00
2.730730772018432617e-01,-2.519367262721061707e-03,8.073505014181137085e-04,1.888896226882934570e+00,8.181740045547485352e-01,-4.262370586395263672e+00
2.876387834548950195e-01,-1.649666577577590942e-02,-7.302818819880485535e-03,-2.019455194473266602e+00,-2.735378742218017578e-01,1.927425503730773926e+00
2.466390728950500488e-01,-6.063356995582580566e-03,1.346700638532638550e-02,-5.905691385269165039e-01,-6.719609498977661133e-01,1.967541694641113281e+00
2.344208955764770508e-01,-2.024502679705619812e-02,4.098322242498397827e-03,1.398712515830993652e+00,1.591278076171875000e+00,3.624109745025634766e+00
2.308711558580398560e-01,3.152930177748203278e-03,-1.248198188841342926e-02,1.828045248985290527e+00,-1.175177574157714844e+00,-1.214248180389404297e+00
2.772272229194641113e-01,-7.484483718872070312e-02,2.493681386113166809e-03,1.930491924285888672e+00,2.002108842134475708e-01,-8.924455642700195312e+00
2.167228013277053833e-01,-7.284568622708320618e-03,-1.764297671616077423e-02,-8.982207179069519043e-01,-2.383460998535156250e+00,-2.689599990844726562e-01
2.801278233528137207e-01,-4.846706986427307129e-03,1.643004082143306732e-02,-1.339421033859252930e+00,-2.480453014373779297e+00,4.021227836608886719e+00
2.145143449306488037e-01,-3.219253569841384888e-02,1.968652009963989258e-02,7.038287520408630371e-01,8.808788657188415527e-01,1.293061733245849609e+00
1.750158369541168213e-01,-1.844182796776294708e-02,3.187486901879310608e-03,9.236993193626403809e-01,-3.929950892925262451e-01,-2.244430303573608398e+00
2.121910303831100464e-01,-3.728798404335975647e-02,1.762287691235542297e-02,4.273482859134674072e-01,1.700808644294738770e+00,-1.177187442779541016e+01
2.522153258323669434e-01,-6.354396790266036987e-02,7.893685251474380493e-04,-4.072850942611694336e-01,1.421705245971679688e+00,-7.566854476928710938e+00
3.054751157760620117e-01,-1.101582571864128113e-01,7.047200575470924377e-03,-1.028905361890792847e-01,-9.556952714920043945e-01,-5.801783084869384766e+00
2.891150712966918945e-01,-1.112229526042938232e-01,2.098329551517963409e-02,9.074690192937850952e-02,-2.214218378067016602e-01,-5.911736965179443359e+00
2.172907292842864990e-01,-2.274851314723491669e-02,7.089499384164810181e-03,1.474322080612182617e+00,-1.702313423156738281e+00,-4.589712619781494141e+00
2.304241359233856201e-01,-5.490746721625328064e-02,1.749015413224697113e-02,3.560529232025146484e+00,1.700408816337585449e+00,-6.472594261169433594e+00
1.789911389350891113e-01,5.863681435585021973e-02,-2.303894795477390289e-02,-3.298537731170654297e+00,-9.867808222770690918e-01,2.041765689849853516e+00
2.185145467519760132e-01,6.726726144552230835e-02,-2.161152847111225128e-02,-5.762670636177062988e-01,5.857140421867370605e-01,9.144099235534667969e+00
2.930406928062438965e-01,6.487010419368743896e-02,-6.081722676753997803e-02,-1.000137090682983398e+00,1.363037824630737305e+00,6.615176677703857422e+00
1.994999647140502930e-01,6.654129922389984131e-02,4.012655466794967651e-03,2.830097377300262451e-01,-2.378292560577392578e+00,7.870909690856933594e+00
1.928170919418334961e-01,1.892025955021381378e-02,2.071063965559005737e-03,8.679168224334716797e-01,2.174167394638061523e+00,3.707061767578125000e+00
2.774281203746795654e-01,-3.208352252840995789e-02,2.120899036526679993e-03,-7.658788561820983887e-01,-1.342389822006225586e+00,2.100666522979736328e+00
2.250182628631591797e-01,-5.404188297688961029e-03,-7.006233558058738708e-03,-1.801106572151184082e+00,-2.518452882766723633e+00,2.289774894714355469e+00
3.161868453025817871e-01,2.495516464114189148e-02,7.435651496052742004e-03,2.752712249755859375e+00,4.883591458201408386e-02,5.673998355865478516e+00
2.696031928062438965e-01,-1.685389876365661621e-02,2.501790784299373627e-02,2.904308736324310303e-01,-1.283174633979797363e+00,-3.932321548461914062e+00
2.414507418870925903e-01,-2.859373576939105988e-03,-1.812396757304668427e-02,1.526451826095581055e+00,3.297693490982055664e+00,-2.039705753326416016e+00
2.186019271612167358e-01,9.494727477431297302e-03,-2.423145808279514313e-02,-1.211067438125610352e+00,-1.414377450942993164e+00,5.795980691909790039e-01
3.246146440505981445e-01,9.550593793392181396e-03,1.170941255986690521e-02,2.005704641342163086e-01,1.671108245849609375e+00,5.076223373413085938e+00
2.189567387104034424e-01,-3.347593918442726135e-02,1.586555689573287964e-02,1.426481842994689941e+00,-1.690606236457824707e+00,2.459198087453842163e-01
2.657325267791748047e-01,-8.134068921208381653e-03,1.329419296234846115e-02,-4.659253358840942383e-01,3.807470798492431641e-01,-2.890857458114624023e+00
2.164694070816040039e-01,6.989690940827131271e-03,-1.301437430083751678e-02,-1.446474045515060425e-01,2.036212444305419922e+00,-1.154255986213684082e+00
3.569183945655822754e-01,7.388325780630111694e-02,-4.398016259074211121e-03,-6.461173892021179199e-01,-3.273836612701416016e+00,3.157105922698974609e+00
2.722847163677215576e-01,-1.121179107576608658e-02,5.024978891015052795e-03,-6.662695407867431641e-01,1.423585891723632812e+00,6.371762156486511230e-01
3.075014352798461914e-01,-7.002406753599643707e-03,-1.812512055039405823e-03,-2.625254690647125244e-01,-1.726707935333251953e+00,-5.426086187362670898e-01
2.992302775382995605e-01,2.577821537852287292e-02,-1.272275857627391815e-02,7.992934584617614746e-01,1.989500164985656738e+00,-1.391318798065185547e+00
2.754392027854919434e-01,-3.702551871538162231e-02,9.707417339086532593e-04,6.379507184028625488e-01,-1.605738878250122070e+00,1.569169044494628906e+00
2.799006104469299316e-01,-5.532321333885192871e-02,4.531049728393554688e-02,-2.369293689727783203e+00,2.405218034982681274e-01,-1.691949367523193359e-02
2.388849556446075439e-01,-3.288779407739639282e-02,9.133270010352134705e-03,-1.036496400833129883e+00,2.025265216827392578e+00,-2.319462776184082031e+00
2.237397730350494385e-01,1.121351029723882675e-02,1.872035488486289978e-02,2.267767429351806641e+00,-2.014370918273925781e+00,5.547676086425781250e-01
2.693954110145568848e-01,-6.480734795331954956e-03,8.392421528697013855e-03,1.077842831611633301e+00,1.871711373329162598e+00,-5.416167259216308594e+00
1.982175111770629883e-01,-4.876878578215837479e-03,1.173319295048713684e-02,-1.610725075006484985e-01,-2.095435142517089844e+00,2.406593084335327148e+00
3.715853989124298096e-01,-2.175224013626575470e-02,-3.220295533537864685e-03,-1.094453573226928711e+00,-1.206522941589355469e+00,3.656260371208190918e-01
2.675734758377075195e-01,-7.238724268972873688e-03,-5.274891853332519531e-03,2.166631698608398438e+00,2.239063024520874023e+00,1.826668024063110352e+00
2.428930699825286865e-01,-4.929924383759498596e-02,3.267713263630867004e-02,2.243696689605712891e+00,-6.097849607467651367e-01,-3.334507465362548828e+00
2.285060584545135498e-01,-3.593745175749063492e-03,-3.802510350942611694e-02,-1.618689298629760742e-01,1.534049153327941895e+00,-2.959769010543823242e+00
3.538208007812500000e-01,3.660899028182029724e-02,-5.726461857557296753e-02,-3.626754283905029297e-01,-4.044353008270263672e+00,3.149451494216918945e+00
2.217379808425903320e-01,-1.705435663461685181e-02,-1.003463007509708405e-02,3.888768255710601807e-01,1.582505941390991211e+00,3.823558330535888672e+00
3.208556771278381348e-01,-2.335364744067192078e-02,-5.627853795886039734e-03,1.038998603820800781e+00,-1.063051819801330566e+00,-1.989927768707275391e+00
2.901885509490966797e-01,7.073409855365753174e-03,-6.174734234809875488e-02,-1.656946539878845215e-01,2.211690187454223633e+00,-2.028005599975585938e+00
2.124100923538208008e-01,2.029970288276672363e-02,-2.231361530721187592e-02,-3.107811212539672852e-01,1.511086583137512207e+00,2.223340511322021484e+00
2.105305194854736328e-01,1.212104037404060364e-02,2.460400760173797607e-02,-1.956674098968505859e+00,-8.647358417510986328e-02,1.257156133651733398e+00
1.752241700887680054e-01,-1.013277284801006317e-02,1.633753627538681030e-02,9.722864627838134766e-01,-4.474067389965057373e-01,4.038347899913787842e-01
1.409066617488861084e-01,-6.440985947847366333e-02,-5.037089809775352478e-03,9.436494112014770508e-01,-1.921040773391723633e+00,-1.158551979064941406e+01
1.752628684043884277e-01,-9.997374564409255981e-02,3.571554645895957947e-02,9.304423928260803223e-01,-5.284417271614074707e-01,-1.694751358032226562e+01
1.228110939264297485e-01,-9.315125644207000732e-02,4.062650725245475769e-03,2.383320033550262451e-01,-4.416478574275970459e-01,-1.415103626251220703e+01
1.105648130178451538e-01,-8.253916352987289429e-02,2.726371586322784424e-02,1.304629802703857422e+00,4.014489352703094482e-01,-1.466150283813476562e+01
1.874355077743530273e-01,-1.680975407361984253e-02,-8.141063153743743896e-05,4.497130215167999268e-01,2.981638908386230469e+00,-5.260575294494628906e+00
1.442579329013824463e-01,2.759642433375120163e-03,1.076255738735198975e-02,-6.886842846870422363e-01,-1.915261745452880859e+00,-5.050291061401367188e+00
1.586292386054992676e-01,-5.472601205110549927e-02,5.266967415809631348e-02,2.255893468856811523e+00,-5.616037845611572266e-01,-7.329069137573242188e+00
2.295680642127990723e-01,-3.806070983409881592e-02,-4.353237152099609375e-02,-3.584347665309906006e-03,-1.642828822135925293e+00,-3.300532341003417969e+00
2.222163975238800049e-01,-1.092556677758693695e-02,-4.945376887917518616e-03,1.493810653686523438e+00,-2.484179019927978516e+00,-3.651164770126342773e-01
2.163729220628738403e-01,-2.548975311219692230e-02,-3.601329401135444641e-03,-1.443564295768737793e+00,2.206364154815673828e+00,1.285352408885955811e-01
2.253591567277908325e-01,-2.269311808049678802e-02,-1.184138096868991852e-02,2.905979394912719727e+00,-8.917069435119628906e-01,-4.126131057739257812e+00
2.547117471694946289e-01,-3.867086488753557205e-03,1.686860993504524231e-02,2.180238246917724609e+00,2.131757259368896484e+00,-7.840158462524414062e+00
2.885601222515106201e-01,-2.400428988039493561e-03,-1.590661518275737762e-02,1.006194949150085449e+00,-4.484734535217285156e+00,5.494912147521972656e+00
2.764415442943572998e-01,6.043408997356891632e-03,1.175975520163774490e-02,-1.045967221260070801e+00,1.535744309425354004e+00,6.388866305351257324e-01
2.553491294384002686e-01,-9.226793795824050903e-02,5.006612464785575867e-02,1.358159661293029785e+00,1.210678339004516602e+00,3.832739830017089844e+00
2.962417006492614746e-01,-8.828209829516708851e-04,7.065452635288238525e-03,-1.111342072486877441e+00,-4.667745828628540039e-01,-2.410706758499145508e+00
2.156948447227478027e-01,1.780207827687263489e-02,2.669810503721237183e-02,-5.592110157012939453e-01,6.861332654953002930e-01,-2.001442670822143555e+00
2.187066078186035156e-01,-3.539387136697769165e-02,-4.549993574619293213e-02,3.116788268089294434e-01,-4.710539579391479492e-01,2.479874134063720703e+00
2.474170923233032227e-01,-7.129486650228500366e-02,2.631239034235477448e-02,-1.969073772430419922e+00,-4.459041357040405273e-02,5.393166542053222656e+00
2.612515985965728760e-01,-3.730746358633041382e-02,-1.658605970442295074e-02,1.850856661796569824e+00,-1.229875326156616211e+00,-1.161017894744873047e+00
2.579564452171325684e-01,-2.919698879122734070e-02,-8.798008784651756287e-03,1.573219418525695801e+00,1.199878692626953125e+00,-4.053613185882568359e+00
2.425750195980072021e-01,-1.379272434860467911e-02,-6.406927481293678284e-03,-3.655572235584259033e-01,-1.272334694862365723e+00,-1.170734167098999023e+00
1.864467710256576538e-01,1.641506096348166466e-04,1.683955267071723938e-02,-1.695869326591491699e+00,-2.424441814422607422e+00,-1.676481366157531738e-01
2.061288058757781982e-01,-1.339170616120100021e-03,5.876466631889343262e-03,1.326174378395080566e+00,1.889827370643615723e+00,2.283792972564697266e+00
1.893745958805084229e-01,1.334678567945957184e-02,2.106854878365993500e-02,2.184005498886108398e+00,-2.620724201202392578e+00,-6.613365173339843750e+00
1.877533495426177979e-01,-2.863407693803310394e-02,1.977218687534332275e-02,-9.918758869171142578e-01,2.720278203487396240e-01,-2.923477411270141602e+00
2.031962275505065918e-01,1.455660536885261536e-02,-2.085526101291179657e-02,3.993886709213256836e-01,-9.555360674858093262e-01,-9.994624853134155273e-01
9.943688660860061646e-02,-1.746131330728530884e-01,-7.315808907151222229e-03,-1.715562582015991211e+00,-1.583145976066589355e+00,-1.741912651062011719e+01
2.232706695795059204e-01,-7.283980399370193481e-02,-3.727209568023681641e-02,6.333018541336059570e-01,1.625552177429199219e+00,-8.842286109924316406e+00
1.801709234714508057e-01,-4.648371040821075439e-02,8.235100656747817993e-03,-7.103105783462524414e-01,-1.850326061248779297e+00,-1.049295711517333984e+01
1.872947067022323608e-01,-6.527132540941238403e-02,-6.883366033434867859e-03,1.290500640869140625e+00,2.561347484588623047e+00,-1.403088092803955078e+01
1.708800792694091797e-01,-3.125089779496192932e-02,1.635768450796604156e-02,1.449331164360046387e+00,-1.625733971595764160e+00,-4.727914810180664062e+00
1.723763048648834229e-01,-5.391374602913856506e-02,6.900269538164138794e-03,-2.403916120529174805e-01,5.577960610389709473e-01,-1.614628314971923828e+00
1.937814801931381226e-01,-3.619441017508506775e-02,4.190962016582489014e-02,1.545938491821289062e+00,-2.754163026809692383e+00,-1.176541090011596680e+00
2.169780135154724121e-01,-2.077948674559593201e-02,3.059018403291702271e-03,6.221172213554382324e-01,2.709832489490509033e-01,-7.106532096862792969e+00
1.577465832233428955e-01,6.135338917374610901e-03,-9.927256032824516296e-03,-1.115997433662414551e+00,9.675186276435852051e-01,-2.806098937988281250e+00
2.130846083164215088e-01,-3.207030519843101501e-02,4.708431661128997803e-04,-2.429924488067626953e+00,-3.167688608169555664e+00,1.024860858917236328e+00
2.107925117015838623e-01,-1.200635218992829323e-03,1.942763477563858032e-02,6.491937488317489624e-02,1.995580434799194336e+00,2.995671272277832031e+00
2.120744884014129639e-01,-1.132449507713317871e-02,2.803402394056320190e-02,-1.074019819498062134e-03,-2.285185098648071289e+00,-1.701754927635192871e+00
2.056011259555816650e-01,-1.917112618684768677e-02,-1.029453985393047333e-02,2.707378625869750977e+00,2.141139268875122070e+00,-1.684992194175720215e+00
2.110535502433776855e-01,-4.668176546692848206e-02,4.225458949804306030e-02,7.247815728187561035e-01,-2.116346836090087891e+00,-2.495805978775024414e+00
1.790657937526702881e-01,1.841385662555694580e-02,7.614267989993095398e-03,-1.464081764221191406e+00,-2.765184879302978516e+00,1.841140031814575195e+00
2.474500089883804321e-01,1.640901155769824982e-02,-6.794687360525131226e-04,2.350135326385498047e+00,2.882780790328979492e+00,3.345935344696044922e+00
1.716375052928924561e-01,-7.516128569841384888e-02,9.844852611422538757e-03,8.805001974105834961e-01,-6.380047202110290527e-01,-1.072656273841857910e+00
2.178621739149093628e-01,2.054494805634021759e-02,1.971829310059547424e-02,-9.343152642250061035e-01,8.095068335533142090e-01,-4.130226135253906250e+00
1.809266954660415649e-01,1.151584088802337646e-02,-1.445122249424457550e-02,-4.855926930904388428e-01,-2.253513097763061523e+00,-1.381193399429321289e+00
2.348044812679290771e-01,-1.403944008052349091e-02,-1.108070276677608490e-02,-7.616234421730041504e-01,1.608638405799865723e+00,5.796753764152526855e-01
2.448092401027679443e-01,-1.111827697604894638e-02,-1.874452643096446991e-02,1.624761819839477539e+00,7.366604208946228027e-01,1.852988243103027344e+00
2.001903951168060303e-01,-2.656853292137384415e-03,1.387242879718542099e-02,3.617771565914154053e-01,-2.024958431720733643e-01,-4.666466712951660156e+00
2.211684286594390869e-01,4.019524902105331421e-02,-2.622220665216445923e-03,1.487728834152221680e+00,1.202927231788635254e+00,3.336671590805053711e-01
2.909796833992004395e-01,1.222493126988410950e-02,-1.863851584494113922e-02,-9.875655174255371094e-01,-1.657572388648986816e+00,5.128979682922363281e+00
2.241053432226181030e-01,-1.390789262950420380e-02,8.401554077863693237e-03,9.032906293869018555e-01,1.048374295234680176e+00,2.586946487426757812e+00
2.598766088485717773e-01,-3.827420994639396667e-03,6.902404129505157471e-04,-2.352382898330688477e+00,2.049973905086517334e-01,1.570345401763916016e+00
2.197680175304412842e-01,2.444857358932495117e-02,5.914399400353431702e-03,4.696398973464965820e-04,1.155057549476623535e-02,1.197214603424072266e+00
2.091455310583114624e-01,6.278555840253829956e-02,2.818812988698482513e-02,9.463821649551391602e-01,8.469475805759429932e-02,3.509417533874511719e+00
1.992723792791366577e-01,-4.121097736060619354e-03,-9.715089574456214905e-03,-1.135875463485717773e+00,-2.695447921752929688e+00,6.170861721038818359e+00
1.941543221473693848e-01,4.381988942623138428e-02,1.093259081244468689e-03,-1.447163224220275879e-01,1.698958396911621094e+00,1.040249252319335938e+01
1.847845166921615601e-01,3.996570035815238953e-02,-2.655364014208316803e-02,2.295868873596191406e+00,-3.378673791885375977e-01,1.033678340911865234e+01
2.692838013172149658e-01,4.412135481834411621e-02,2.621999755501747131e-02,1.933695554733276367e+00,8.709290623664855957e-01,1.254909801483154297e+01
2.697272896766662598e-01,7.877174019813537598e-02,2.131104283034801483e-02,-2.836758792400360107e-01,2.108907699584960938e-01,1.527192306518554688e+01
2.920742630958557129e-01,4.788935929536819458e-02,-1.884119026362895966e-02,-6.306829452514648438e+00,-9.083643555641174316e-01,1.447754096984863281e+01
2.851957976818084717e-01,1.034597828984260559e-01,2.639025636017322540e-02,-1.471066921949386597e-01,-5.807828903198242188e-01,1.854696273803710938e+01
2.020755857229232788e-01,4.512233287096023560e-02,1.462648063898086548e-02,2.444187879562377930e+00,-1.888973474502563477e+00,6.842399120330810547e+00
1.693719178438186646e-01,8.880461566150188446e-03,1.870284974575042725e-02,-1.622006446123123169e-01,3.352780938148498535e-01,2.995117902755737305e+00
2.827698290348052979e-01,2.017495781183242798e-02,-8.903792127966880798e-03,1.243867635726928711e+00,1.187672495841979980e+00,2.281723737716674805e+00
2.696467339992523193e-01,2.730226702988147736e-02,1.343318354338407516e-02,-8.263726830482482910e-01,-1.575512290000915527e+00,3.502889871597290039e+00
2.662603259086608887e-01,-3.861904144287109375e-03,-8.425261825323104858e-03,1.179983377456665039e+00,2.419813632965087891e+00,4.164492607116699219e+00
2.021898478269577026e-01,-1.040518051013350487e-03,1.602826267480850220e-02,-1.206154942512512207e+00,-1.337305456399917603e-01,-4.124992370605468750e+00
1.863367706537246704e-01,3.142208792269229889e-03,2.955443412065505981e-02,3.833494186401367188e-01,9.359203577041625977e-01,-2.221333503723144531e+00
2.344306111335754395e-01,-1.927169226109981537e-02,-7.638802751898765564e-03,3.685399889945983887e-01,-2.596925735473632812e+00,-1.237298548221588135e-01
2.697007954120635986e-01,-3.241031244397163391e-02,1.328931562602519989e-02,-5.607433915138244629e-01,-1.370332837104797363e+00,8.580983877182006836e-01
2.500128746032714844e-01,-3.687637299299240112e-02,-1.800924539566040039e-03,1.016395926475524902e+00,1.095481753349304199e+00,1.568338632583618164e+00
2.006860673427581787e-01,-2.513480372726917267e-02,4.476675763726234436e-03,2.257142215967178345e-03,-1.569924712181091309e+00,-2.010906696319580078e+00
2.020376026630401611e-01,3.560897707939147949e-02,8.992044255137443542e-03,-2.845316231250762939e-01,1.711423397064208984e+00,-3.076720476150512695e+00
2.005649805068969727e-01,-8.662327192723751068e-03,-4.289055243134498596e-03,-3.973420262336730957e-01,-1.752940535545349121e+00,2.652103900909423828e+00
2.539692521095275879e-01,-5.504360049962997437e-02,4.056016355752944946e-02,-7.543922066688537598e-01,2.174612045288085938e+00,3.850750446319580078e+00
2.675532698631286621e-01,8.955650962889194489e-03,-9.856726974248886108e-04,5.074710845947265625e-01,-2.794469296932220459e-01,-2.567689120769500732e-02
1.824703812599182129e-01,-4.306951537728309631e-03,1.540743745863437653e-02,4.811158776283264160e-02,2.449212521314620972e-01,-1.957425832748413086e+00
1.995189785957336426e-01,-6.236309185624122620e-03,-9.307390078902244568e-03,5.230914056301116943e-02,7.662934064865112305e-01,-5.373665690422058105e-02
2.116779834032058716e-01,-1.935607194900512695e-02,-1.598242670297622681e-04,-1.742603421211242676e+00,-1.146342873573303223e+00,2.038830518722534180e+00
2.403647899627685547e-01,2.300356328487396240e-02,-1.641404069960117340e-02,5.513630509376525879e-01,2.220826864242553711e+00,1.736515522003173828e+00
1.891131848096847534e-01,-2.697411365807056427e-02,1.751251518726348877e-02,3.182096779346466064e-01,5.032309293746948242e-01,-1.483031511306762695e+00
2.822648286819458008e-01,-2.772519364953041077e-02,3.256414085626602173e-02,2.804912030696868896e-01,2.171457409858703613e-01,-4.649203777313232422e+00
2.963083684444427490e-01,-2.058324590325355530e-02,9.870851412415504456e-03,9.282415509223937988e-01,4.116292595863342285e-01,1.538083314895629883e+00
3.144588470458984375e-01,-2.828821167349815369e-02,1.807159371674060822e-02,-5.877109766006469727e-01,8.795386552810668945e-01,2.153435945510864258e+00
2.455903738737106323e-01,-2.420885860919952393e-02,-4.017433151602745056e-03,6.032302975654602051e-01,1.798120379447937012e+00,2.176647901535034180e+00
2.376825511455535889e-01,6.014117039740085602e-03,1.114503014832735062e-02,2.450939863920211792e-01,-2.661320924758911133e+00,-2.097201585769653320e+00
3.422622978687286377e-01,-9.691433981060981750e-03,-3.632895648479461670e-02,2.890248298645019531e+00,3.647365331649780273e+00,-2.232185363769531250e+00
2.805618643760681152e-01,2.199278771877288818e-02,-1.912330277264118195e-02,-2.493099451065063477e+00,-1.928035259246826172e+00,-4.961314797401428223e-01
3.317994475364685059e-01,-8.913919329643249512e-03,1.411568373441696167e-04,-1.021858096122741699e+00,-3.667594790458679199e-01,3.740702152252197266e+00
2.373801767826080322e-01,-2.139944769442081451e-02,3.277380019426345825e-03,2.428972721099853516e+00,6.313890218734741211e-01,1.907232761383056641e+00
2.958996891975402832e-01,-4.596617817878723145e-02,-6.744952872395515442e-03,1.975701451301574707e-01,-1.033783912658691406e+00,-3.144014596939086914e+00
2.947684526443481445e-01,1.822775416076183319e-02,1.342443749308586121e-03,3.823671340942382812e-01,2.740827798843383789e+00,-2.029003858566284180e+00
3.204852342605590820e-01,-2.594984695315361023e-02,2.117715962231159210e-02,-7.616725564002990723e-01,-3.006172180175781250e+00,1.577630639076232910e+00
3.000231683254241943e-01,-1.233770977705717087e-02,1.247447356581687927e-02,-5.138167738914489746e-01,9.592487812042236328e-01,2.368830144405364990e-01
2.059074193239212036e-01,-2.075877040624618530e-02,-2.990737557411193848e-04,2.556221723556518555e+00,4.302087426185607910e-01,1.551637887954711914e+00
2.430902272462844849e-01,-2.956358902156352997e-02,8.096667006611824036e-03,2.462311089038848877e-02,-1.610418915748596191e+00,-1.728345453739166260e-01
2.194701731204986572e-01,1.066965889185667038e-02,-3.878587856888771057e-03,1.806822717189788818e-01,9.945073127746582031e-01,-1.182585120201110840e+00
2.053940892219543457e-01,2.117209695279598236e-02,-3.309767693281173706e-03,-1.634472846984863281e+00,-2.895503759384155273e+00,6.363230347633361816e-01
2.114906311035156250e-01,-3.052214905619621277e-02,1.173251681029796600e-02,-9.862060546875000000e-01,9.220117926597595215e-01,4.687791347503662109e+00
2.327944636344909668e-01,1.082518603652715683e-02,-1.826461218297481537e-02,3.006243109703063965e-01,-4.454677700996398926e-01,-3.129899501800537109e-02
2.133788764476776123e-01,-8.818274363875389099e-03,-7.029604166746139526e-04,6.023870706558227539e-01,-1.305652260780334473e+00,-1.399966239929199219e+00
1.839863359928131104e-01,3.085502656176686287e-03,-1.926538906991481781e-02,3.286922693252563477e+00,4.396081924438476562e+00,7.090455293655395508e-01
2.225308120250701904e-01,-3.732922673225402832e-02,-8.550627157092094421e-03,-2.840456962585449219e-01,-5.337379574775695801e-01,2.393673360347747803e-01
2.376193255186080933e-01,-4.376178234815597534e-02,5.968780815601348877e-02,-9.591132402420043945e-03,3.931096196174621582e-01,1.987033486366271973e+00
2.063825726509094238e-01,-3.409387543797492981e-02,1.984039321541786194e-03,1.914646625518798828e-01,1.062501907348632812e+00,1.778840571641921997e-01
2.237508147954940796e-01,3.436374291777610779e-02,1.458090730011463165e-02,3.708277940750122070e-01,-1.934119462966918945e+00,-2.297424316406250000e+00
2.301177680492401123e-01,6.875785999000072479e-03,1.964107155799865723e-03,-3.921221941709518433e-02,2.391058444976806641e+00,-3.063931941986083984e+00
2.405483722686767578e-01,-4.861881956458091736e-02,-2.787341736257076263e-02,1.260204792022705078e+00,-7.713324427604675293e-01,1.493448972702026367e+00
2.835944592952728271e-01,-3.725627809762954712e-02,-2.705546654760837555e-02,-2.152036905288696289e+00,-1.229429244995117188e+00,1.992491602897644043e+00
3.322526812553405762e-01,-7.761083077639341354e-03,7.270539179444313049e-03,9.989388287067413330e-02,-1.052056670188903809e+00,1.495636999607086182e-02
2.977281808853149414e-01,4.518603440374135971e-03,5.023877322673797607e-02,-1.395053029060363770e+00,7.778123021125793457e-01,-9.924914240837097168e-01
3.080520033836364746e-01,-2.904812432825565338e-02,1.015797257423400879e-03,1.928650975227355957e+00,1.615378141403198242e+00,-9.099074006080627441e-01
3.889577388763427734e-01,-6.831563264131546021e-02,-5.679724738001823425e-03,-1.054248690605163574e+00,-1.165831327438354492e+00,5.408425331115722656e-01
3.304331898689270020e-01,-4.187288135290145874e-02,1.945696771144866943e-02,-1.056406617164611816e+00,1.702151179313659668e+00,2.121322870254516602e+00
2.778362631797790527e-01,2.706831321120262146e-02,-3.536143153905868530e-02,1.592295408248901367e+00,-1.132183313369750977e+00,-2.482403814792633057e-01
3.006828129291534424e-01,-5.849478393793106079e-02,2.586054243147373199e-02,1.337744116783142090e+00,1.633697628974914551e+00,-3.361941337585449219e+00
2.091740369796752930e-01,-3.808269649744033813e-02,-1.282325573265552521e-02,-5.463353395462036133e-01,-7.893633842468261719e-01,-5.501428842544555664e-01
3.074824810028076172e-01,-2.937350608408451080e-02,1.849250681698322296e-02,-2.522385120391845703e+00,-2.725015640258789062e+00,1.507084608078002930e+00
2.611956596374511719e-01,-2.667745575308799744e-03,1.611662656068801880e-02,1.185244560241699219e+00,1.096487522125244141e+00,1.047558784484863281e+00
2.322939634323120117e-01,5.145609751343727112e-02,2.540661767125129700e-02,9.835689067840576172e-01,-3.128805756568908691e-01,1.415004968643188477e+00
2.886953949928283691e-01,9.808621369302272797e-03,3.383897244930267334e-03,1.054014325141906738e+00,4.318826198577880859e+00,-2.702642679214477539e-01
2.354059517383575439e-01,-5.327167734503746033e-02,1.782570034265518188e-04,-3.374172925949096680e+00,-5.514674186706542969e+00,-2.610503435134887695e+00
2.687578797340393066e-01,-2.368481829762458801e-02,1.742107048630714417e-02,1.019267082214355469e+00,1.830739855766296387e+00,2.262198925018310547e+00
3.276934027671813965e-01,-5.497556924819946289e-02,1.692209579050540924e-02,2.894573688507080078e+00,1.617490530014038086e+00,-3.892821818590164185e-02
2.554552555084228516e-01,-7.386647909879684448e-02,4.508513957262039185e-02,5.581576228141784668e-01,-9.585304260253906250e-01,-4.212796211242675781e+00
2.320307195186614990e-01,-1.929261535406112671e-02,-5.066803097724914551e-02,-6.501596570014953613e-01,-3.183847188949584961e+00,-1.334161162376403809e+00
2.265206724405288696e-01,-3.810126800090074539e-03,6.676850840449333191e-03,-1.584417462348937988e+00,-2.284871339797973633e+00,3.600079774856567383e+00
2.478037774562835693e-01,5.628796294331550598e-03,-2.348405681550502777e-02,-3.095448017120361328e-01,8.523120284080505371e-01,-3.422921001911163330e-01
2.378994077444076538e-01,-3.241611272096633911e-02,-7.584748789668083191e-03,-7.844952344894409180e-01,1.930355787277221680e+00,-1.077121973037719727e+00
2.635959386825561523e-01,1.458023767918348312e-02,2.018905058503150940e-02,-1.407348066568374634e-01,2.135051727294921875e+00,1.404072493314743042e-01
2.494431585073471069e-01,-1.319257635623216629e-02,-2.656565047800540924e-02,1.444001674652099609e+00,-1.948491215705871582e+00,8.948875963687896729e-02
2.713385522365570068e-01,-5.607486516237258911e-02,5.112340673804283142e-03,-1.227169752120971680e+00,3.580352663993835449e-01,1.987229466438293457e+00
2.247232794761657715e-01,-8.749983459711074829e-02,2.833859436213970184e-02,1.610903143882751465e+00,5.643985047936439514e-02,-4.748489260673522949e-01
1.920062601566314697e-01,-3.796915523707866669e-03,1.884216628968715668e-02,1.989498734474182129e+00,4.719181358814239502e-01,-8.838451385498046875e+00
1.613072901964187622e-01,-7.462123036384582520e-02,3.272349387407302856e-02,2.583621025085449219e+00,-6.791616082191467285e-01,-1.072297286987304688e+01
3.343146741390228271e-01,-1.381532996892929077e-01,-9.949320927262306213e-03,-1.053612679243087769e-02,-1.658913850784301758e+00,-4.449539184570312500e+00
2.245959639549255371e-01,-8.713298290967941284e-02,3.639313578605651855e-02,1.069162845611572266e+00,1.368593454360961914e+00,-8.911550521850585938e+00
1.422833502292633057e-01,-6.684214621782302856e-02,3.977835178375244141e-02,-2.661352753639221191e-01,-2.990985870361328125e+00,-1.333394050598144531e+01
1.884394139051437378e-01,-1.392149031162261963e-01,1.466931775212287903e-02,1.942105054855346680e+00,-1.226129770278930664e+00,-1.684466934204101562e+01
2.540955841541290283e-01,-7.062836736440658569e-02,-1.996174268424510956e-02,-8.196704089641571045e-02,2.858185052871704102e+00,-9.471179008483886719e+00
1.882320046424865723e-01,1.660940051078796387e-02,-6.587503477931022644e-03,9.109022617340087891e-01,-2.330407857894897461e+00,-5.752536654472351074e-01
2.376532405614852905e-01,-5.046271719038486481e-03,1.300824899226427078e-02,2.712084531784057617e+00,3.541285753250122070e+00,3.311612844467163086e+00
2.614262700080871582e-01,-1.714225858449935913e-02,1.884985715150833130e-03,-2.634977340698242188e+00,-3.799709796905517578e+00,-3.383949518203735352e+00
3.136765956878662109e-01,2.616513287648558617e-03,2.774673141539096832e-02,1.007463216781616211e+00,1.659463405609130859e+00,-2.633691310882568359e+00
2.029616236686706543e-01,-3.973957151174545288e-03,-1.555315963923931122e-02,-1.911748290061950684e+00,-1.693743824958801270e+00,-4.957319498062133789e-01
2.367346882820129395e-01,-2.773916162550449371e-02,4.852122068405151367e-02,-1.336930513381958008e+00,-4.705671668052673340e-01,4.001841545104980469e+00
2.593615353107452393e-01,-2.974307164549827576e-02,5.129696801304817200e-03,4.944819211959838867e-01,1.176826357841491699e+00,2.040449380874633789e+00
2.951140403747558594e-01,-8.715824224054813385e-03,1.928248628973960876e-02,3.696288466453552246e-01,7.032463550567626953e-01,-4.937213063240051270e-01
2.619932293891906738e-01,-3.017278015613555908e-02,-1.576129160821437836e-02,1.732259154319763184e+00,1.318484306335449219e+00,-1.765774726867675781e+00
2.988519668579101562e-01,-2.229499630630016327e-02,2.648352831602096558e-02,-6.565576195716857910e-01,-2.358649015426635742e+00,1.988837838172912598e+00
2.480955719947814941e-01,-5.152045935392379761e-02,4.843562096357345581e-02,-1.933673858642578125e+00,1.545618772506713867e+00,1.311611890792846680e+00
2.792100608348846436e-01,-1.494666468352079391e-02,5.239609628915786743e-03,-2.140677273273468018e-01,-2.669320106506347656e+00,7.347762584686279297e-03
2.865296602249145508e-01,-2.505443617701530457e-02,-2.553686499595642090e-05,3.074208974838256836e+00,1.855229854583740234e+00,-2.715060472488403320e+00
2.175040841102600098e-01,-4.101627692580223083e-02,6.162455305457115173e-03,1.542703509330749512e-01,-6.292414069175720215e-01,-1.787897944450378418e+00
2.503806650638580322e-01,4.507000558078289032e-04,3.161269053816795349e-02,-6.887176036834716797e-01,-3.093143939971923828e+00,2.188195228576660156e+00
3.173679113388061523e-01,-4.994219169020652771e-03,5.303958430886268616e-03,-4.417781352996826172e+00,-3.847414255142211914e-01,-3.887557983398437500e-01
2.893546819686889648e-01,8.300452679395675659e-02,2.899343147873878479e-02,-2.949729561805725098e-01,7.061190903186798096e-02,3.864005088806152344e+00
3.079086542129516602e-01,-2.120701409876346588e-02,2.200505323708057404e-02,1.146298646926879883e+00,2.134350538253784180e+00,-2.116250514984130859e+00
3.293839991092681885e-01,-6.766910851001739502e-02,-3.135075792670249939e-03,-2.007221460342407227e+00,-4.204092979431152344e+00,-7.034014463424682617e-01
2.698412835597991943e-01,-1.032368745654821396e-02,5.437707528471946716e-03,5.088532567024230957e-01,2.071407079696655273e+00,6.256772518157958984e+00
2.538281679153442383e-01,-5.767819657921791077e-02,5.001094937324523926e-02,1.663474678993225098e+00,-2.156813621520996094e+00,-2.227343082427978516e+00
2.847158312797546387e-01,5.024747923016548157e-03,1.996669359505176544e-02,-4.126380085945129395e-01,2.205320596694946289e+00,-5.863474845886230469e+00
3.266938924789428711e-01,-3.931384533643722534e-02,1.324951183050870895e-02,-1.451910138130187988e+00,1.214568972587585449e+00,-2.402212619781494141e+00
2.608052194118499756e-01,-9.687958285212516785e-03,-2.409771643579006195e-02,-2.302360057830810547e+00,-2.226100444793701172e+00,2.943176031112670898e+00
2.374780029058456421e-01,1.732752472162246704e-02,1.371368020772933960e-02,2.415048778057098389e-01,1.684639930725097656e+00,3.589408159255981445e+00
2.676478922367095947e-01,3.820932283997535706e-02,2.886677719652652740e-02,2.528728723526000977e+00,-7.981058955192565918e-01,7.949151992797851562e-01
1.952714920043945312e-01,-3.545689210295677185e-02,5.063865706324577332e-02,1.188518643379211426e+00,1.310797214508056641e+00,-7.105759143829345703e+00
2.044151723384857178e-01,4.742239601910114288e-03,-3.892015665769577026e-03,-1.007315993309020996e+00,-2.595752477645874023e+00,2.772814035415649414e-02
2.342572510242462158e-01,-6.697569042444229126e-03,-2.181271649897098541e-02,-3.068621158599853516e+00,-1.285590529441833496e+00,2.358259201049804688e+00
2.725265622138977051e-01,1.990113779902458191e-02,1.551764085888862610e-03,1.840032339096069336e+00,2.513460636138916016e+00,2.767146348953247070e+00
2.321960479021072388e-01,1.711152959614992142e-03,1.244774740189313889e-02,1.807014107704162598e+00,-1.347113490104675293e+00,-2.570895195007324219e+00
2.212532758712768555e-01,1.142204552888870239e-02,-1.251397840678691864e-02,1.118015050888061523e+00,9.496361613273620605e-01,-1.762169361114501953e+00
2.080056071281433105e-01,-3.191294893622398376e-02,-2.309890463948249817e-03,-9.355885386466979980e-01,-9.898571968078613281e-01,1.720017194747924805e+00
2.138622701168060303e-01,-1.219007465988397598e-02,8.532747626304626465e-03,-1.282891511917114258e+00,-2.992509603500366211e-01,2.516669034957885742e+00
2.729926705360412598e-01,-5.435201805084943771e-03,-1.150392927229404449e-02,9.674689769744873047e-01,1.706785559654235840e+00,6.479352116584777832e-01
2.156802564859390259e-01,2.056418685242533684e-03,2.241872064769268036e-02,8.784954547882080078e-01,8.593370318412780762e-01,-8.774518966674804688e+00
1.943302452564239502e-01,-6.408906541764736176e-03,1.483866013586521149e-02,1.481113076210021973e+00,1.751753807067871094e+00,-4.740981101989746094e+00
1.951799690723419189e-01,-2.410526853054761887e-03,-2.318736165761947632e-03,-8.070687651634216309e-01,-3.124897480010986328e+00,-2.356757402420043945e+00
2.225041091442108154e-01,-5.506431311368942261e-02,1.257510297000408173e-02,6.623722314834594727e-01,1.792456269264221191e+00,-4.364719390869140625e+00
1.946995556354522705e-01,-5.176109075546264648e-02,2.502656728029251099e-02,2.087391316890716553e-01,-2.717665433883666992e+00,-8.814002990722656250e+00
2.385615855455398560e-01,-1.279126554727554321e-01,4.231343418359756470e-02,2.204227924346923828e+00,-6.886780261993408203e-02,-1.412220001220703125e+01
1.560632139444351196e-01,-2.625190839171409607e-02,4.470296204090118408e-03,-1.461563587188720703e+00,4.095512926578521729e-01,-1.229475021362304688e+01
1.724235564470291138e-01,-5.240597203373908997e-02,1.225680112838745117e-03,-2.209387063980102539e+00,-6.184080839157104492e-01,-5.981973648071289062e+00
1.894918084144592285e-01,-5.037936568260192871e-02,1.107332017272710800e-02,1.090965747833251953e+00,1.919933676719665527e+00,-2.747787952423095703e+00
2.128250300884246826e-01,-2.558976225554943085e-02,2.218976616859436035e-03,2.526034832000732422e+00,-1.224629998207092285e+00,-6.221898078918457031e+00
2.651194334030151367e-01,-6.374826282262802124e-02,5.156135186553001404e-03,6.159226298332214355e-01,3.242692351341247559e-01,-1.310060024261474609e+01
2.167072147130966187e-01,-1.248467247933149338e-02,-7.559904828667640686e-03,1.281535178422927856e-01,-1.018363118171691895e+00,5.819665193557739258e-01
3.112004697322845459e-01,-1.880422979593276978e-02,3.009852021932601929e-02,-1.329573869705200195e+00,-2.150216341018676758e+00,2.177059650421142578e+00
2.183990776538848877e-01,-2.687959745526313782e-02,-1.069799624383449554e-02,-1.551570296287536621e-01,1.722345590591430664e+00,-2.729462981224060059e-01
3.338459730148315430e-01,7.102686911821365356e-03,-1.696063205599784851e-03,-4.324310421943664551e-01,-2.132782697677612305e+00,4.423621594905853271e-01
2.540218830108642578e-01,-2.839125506579875946e-02,4.916397854685783386e-03,-1.748485267162322998e-01,2.160075426101684570e+00,-2.510864973068237305e+00
3.598615527153015137e-01,-2.314072847366333008e-02,-9.776836261153221130e-03,-1.427783250808715820e+00,-3.263020515441894531e+00,-2.259283661842346191e-01
2.444561421871185303e-01,-2.656819298863410950e-02,2.954844199120998383e-02,-7.625108957290649414e-01,8.739570975303649902e-01,1.303237438201904297e+00
2.209777832031250000e-01,-1.310966815799474716e-02,-1.147699914872646332e-02,2.667853116989135742e+00,-1.986442506313323975e-01,5.100971460342407227e-01
2.424954771995544434e-01,-3.852556645870208740e-02,8.873453363776206970e-03,1.264511346817016602e+00,1.423607826232910156e+00,-4.411259651184082031e+00
3.142848610877990723e-01,6.029596552252769470e-04,1.055238954722881317e-02,2.286665737628936768e-01,-1.561842441558837891e+00,-1.208119869232177734e+00
3.309420943260192871e-01,-3.987368568778038025e-02,2.250511199235916138e-03,-1.650353789329528809e+00,-1.431041836738586426e+00,9.571579694747924805e-01
2.211854606866836548e-01,1.512897759675979614e-02,2.121801301836967468e-02,1.406738162040710449e-01,1.959529161453247070e+00,1.237053036689758301e+00
3.030191659927368164e-01,3.225298225879669189e-02,7.124455645680427551e-03,2.121207475662231445e+00,-8.395793437957763672e-01,-1.053320169448852539e+00
3.178215026855468750e-01,2.589305676519870758e-02,1.263537071645259857e-02,8.337445855140686035e-01,3.233406543731689453e+00,-3.173203468322753906e+00
3.716351389884948730e-01,-2.372557856142520905e-02,-2.577902190387248993e-02,-1.494790911674499512e+00,-2.607805013656616211e+00,1.849809527397155762e+00
3.102159500122070312e-01,7.177792489528656006e-03,1.924412883818149567e-02,-4.347371578216552734e+00,-1.332603335380554199e+00,3.113396644592285156e+00
3.402224779129028320e-01,1.890660077333450317e-02,-8.456727489829063416e-03,1.791483879089355469e+00,5.735417604446411133e-01,7.806547880172729492e-01
3.092164993286132812e-01,7.272562012076377869e-03,1.721132360398769379e-02,-2.261627316474914551e-01,1.752580761909484863e+00,-2.102088212966918945e+00
3.281835615634918213e-01,-1.203624904155731201e-02,6.138550117611885071e-03,9.828042387962341309e-01,1.367018938064575195e+00,1.092523336410522461e+00
3.431597948074340820e-01,7.530439645051956177e-03,2.172014117240905762e-02,-4.561372399330139160e-01,-3.013829886913299561e-01,1.788475394248962402e+00
2.531949281692504883e-01,-5.781878158450126648e-02,1.880879700183868408e-02,1.268530964851379395e+00,2.921473503112792969e+00,-1.456283092498779297e+00
2.941667139530181885e-01,-5.680216476321220398e-02,5.282299593091011047e-03,7.940599322319030762e-01,-7.556680440902709961e-01,-1.652063012123107910e+00
2.469703853130340576e-01,1.300921756774187088e-02,3.087231516838073730e-02,1.213075399398803711e+00,1.379477858543395996e+00,1.813227653503417969e+00
3.897708356380462646e-01,4.535843804478645325e-02,-3.689920529723167419e-03,3.301294445991516113e-01,-2.205831766128540039e+00,6.426152229309082031e+00
2.484120428562164307e-01,-1.910704374313354492e-02,4.712029546499252319e-02,-9.426720142364501953e-01,1.890204906463623047e+00,2.477718591690063477e+00
3.417901694774627686e-01,-1.930614374577999115e-02,-5.854437127709388733e-03,2.076600492000579834e-01,7.599007487297058105e-01,4.563909530639648438e+00
2.593315839767456055e-01,-8.923397213220596313e-02,-2.710068598389625549e-03,-2.545954465866088867e+00,-1.123267054557800293e+00,-4.858602523803710938e+00
2.388671040534973145e-01,-4.434862360358238220e-02,-7.850522175431251526e-03,1.394388675689697266e-01,7.337196469306945801e-01,-3.511568307876586914e+00
3.512621521949768066e-01,-4.610662907361984253e-02,-1.442991755902767181e-02,-2.356017231941223145e-01,-2.701512813568115234e+00,1.466982364654541016e+00
2.506292760372161865e-01,-4.416644945740699768e-02,2.727255225181579590e-03,9.988773465156555176e-01,2.758724927902221680e+00,8.650456070899963379e-01
2.293234467506408691e-01,-6.583580374717712402e-02,2.777841500937938690e-02,-2.962422072887420654e-01,-1.714477896690368652e+00,-2.332404613494873047e+00
2.640668451786041260e-01,3.240476362407207489e-03,2.170198597013950348e-02,-5.007950067520141602e-01,1.651662468910217285e+00,-1.092740774154663086e+00
2.813265323638916016e-01,5.336274206638336182e-02,-1.549693383276462555e-02,-1.425123929977416992e+00,-1.923228144645690918e+00,7.529770851135253906e+00
2.505551874637603760e-01,5.492083355784416199e-02,3.929211571812629700e-02,-5.922936797142028809e-01,-1.659184932708740234e+00,2.341128921508789062e+01
2.515067458152770996e-01,7.473591715097427368e-02,1.992061734199523926e-03,7.793647050857543945e-01,-4.125226438045501709e-01,1.607266426086425781e+01
2.449976652860641479e-01,1.871846430003643036e-02,3.563496470451354980e-02,-2.931688547134399414e+00,-1.253137588500976562e+00,5.378139495849609375e+00
1.954637467861175537e-01,6.237483024597167969e-02,1.193104777485132217e-02,-3.295087218284606934e-01,2.902775526046752930e+00,7.073930740356445312e+00
3.262383341789245605e-01,7.715740054845809937e-02,7.428536191582679749e-03,1.764370799064636230e+00,-1.279503345489501953e+00,1.334537506103515625e+01
3.294635415077209473e-01,5.311965197324752808e-02,1.300878077745437622e-02,-2.619904994964599609e+00,-5.257762670516967773e-01,1.269407176971435547e+01
2.229267954826354980e-01,-1.765216328203678131e-02,4.650471359491348267e-02,3.751528501510620117e+00,1.158977150917053223e+00,4.048766136169433594e+00
2.952600419521331787e-01,-8.626856654882431030e-02,1.001854054629802704e-02,-1.801226019859313965e+00,4.187355041503906250e-01,-4.584871292114257812e+00
2.710409164428710938e-01,-5.044867284595966339e-03,2.233425714075565338e-02,1.204272627830505371e+00,2.354264974594116211e+00,3.159678936004638672e+00
3.015658259391784668e-01,-4.633365198969841003e-02,5.057940259575843811e-03,-9.647729992866516113e-02,-2.679349422454833984e+00,2.401944637298583984e+00
2.403272986412048340e-01,1.544585824012756348e-02,3.827382996678352356e-02,-2.488992452621459961e+00,-7.967608571052551270e-01,1.784823298454284668e+00
2.797237038612365723e-01,1.595335453748703003e-02,-1.695854030549526215e-02,2.997756898403167725e-01,3.611826002597808838e-01,3.376215398311614990e-01
2.117947340011596680e-01,2.042235620319843292e-02,9.260704740881919861e-03,-1.337699651718139648e+00,-1.182872176170349121e+00,-2.207567453384399414e+00
2.978325784206390381e-01,-1.953808590769767761e-02,1.106583140790462494e-02,2.551016330718994141e+00,8.602310419082641602e-01,8.549554347991943359e-01
2.327041923999786377e-01,-3.730401769280433655e-02,-2.369813062250614166e-02,-2.949007749557495117e+00,-1.711749553680419922e+00,3.052854537963867188e+00
2.654298841953277588e-01,1.089331414550542831e-02,2.544844895601272583e-02,-1.812161922454833984e+00,9.796788692474365234e-01,7.535889744758605957e-01
3.526982665061950684e-01,-7.793842256069183350e-02,-2.411557361483573914e-03,-6.511607766151428223e-01,-1.606609225273132324e+00,-3.023942232131958008e+00
2.457355856895446777e-01,1.296262256801128387e-02,4.516023397445678711e-02,1.088128447532653809e+00,1.256289601325988770e+00,-2.597890615463256836e+00
3.008214235305786133e-01,1.167803630232810974e-02,1.543112099170684814e-03,1.972062230110168457e+00,-1.121743083000183105e+00,1.494704335927963257e-01
2.710418105125427246e-01,-3.225837647914886475e-02,3.336704522371292114e-02,-5.254954099655151367e-01,-1.594311594963073730e+00,6.700248718261718750e-01
2.994691729545593262e-01,-4.612678289413452148e-02,3.110459074378013611e-03,2.279677689075469971e-01,1.787512421607971191e+00,2.327810525894165039e+00
3.706438243389129639e-01,-6.683517247438430786e-03,1.324323937296867371e-03,-9.314798116683959961e-01,-7.629255056381225586e-01,-3.140748262405395508e+00
2.796152532100677490e-01,-2.633357979357242584e-02,5.418608337640762329e-02,2.079008102416992188e+00,4.373865604400634766e+00,2.906275689601898193e-01
3.328562974929809570e-01,-4.973740130662918091e-02,3.340730443596839905e-03,-3.012269139289855957e-01,-1.452501296997070312e+00,-2.874614894390106201e-01
2.367893159389495850e-01,-2.908507734537124634e-02,4.533734917640686035e-02,-2.508170604705810547e+00,3.148986101150512695e-01,3.478436231613159180e+00
2.778717875480651855e-01,-4.355369508266448975e-02,3.489176183938980103e-02,3.636347293853759766e+00,4.599479436874389648e-01,1.649064302444458008e+00
3.150902986526489258e-01,6.807354278862476349e-03,4.929091781377792358e-02,-1.550177097320556641e+00,1.296154737472534180e+00,-5.014359474182128906e+00
2.739969193935394287e-01,-2.979933097958564758e-02,1.520315185189247131e-03,7.308577299118041992e-01,1.349089980125427246e+00,-1.127741098403930664e+00
2.391604781150817871e-01,-6.541355513036251068e-03,3.944328799843788147e-02,-1.481200933456420898e+00,-1.699112176895141602e+00,1.924164533615112305e+00
2.491145133972167969e-01,2.966429106891155243e-03,3.326306864619255066e-02,-6.308061480522155762e-01,1.936526417732238770e+00,2.716046810150146484e+00
2.890358567237854004e-01,-1.535705290734767914e-02,1.613365486264228821e-03,-9.658865928649902344e-01,-1.730538725852966309e+00,-1.101365566253662109e+00
3.035302162170410156e-01,-6.367827765643596649e-03,1.488188095390796661e-02,5.925690531730651855e-01,3.479370832443237305e+00,-1.629943132400512695e+00
2.499738782644271851e-01,-1.248573418706655502e-02,8.151413872838020325e-03,2.629299461841583252e-01,-2.492490291595458984e+00,4.863123595714569092e-01
4.006915688514709473e-01,3.790146112442016602e-02,8.997954428195953369e-04,-1.502857446670532227e+00,1.960674375295639038e-01,1.764318227767944336e+00
2.772915959358215332e-01,-5.715136229991912842e-02,2.429688721895217896e-02,1.024588719010353088e-01,1.708140492439270020e+00,1.861692190170288086e+00
2.090182900428771973e-01,3.017247654497623444e-02,-1.293586008250713348e-02,3.487366199493408203e+00,-8.520488739013671875e-01,-2.299389839172363281e-01
2.981916069984436035e-01,-3.288688883185386658e-02,-4.094529151916503906e-02,2.917093038558959961e+00,3.928988933563232422e+00,-2.297853708267211914e+00
2.494529485702514648e-01,-6.054439395666122437e-02,8.236961439251899719e-03,-2.471612453460693359e+00,-1.386307597160339355e+00,-1.911788702011108398e+00
3.206486105918884277e-01,1.568263769149780273e-02,5.328096449375152588e-02,-1.606726884841918945e+00,1.900300979614257812e+00,6.494717597961425781e+00
3.032218217849731445e-01,-1.566775888204574585e-02,-1.029244251549243927e-02,-7.509983181953430176e-01,-1.196081995964050293e+00,-1.564642190933227539e-01
2.993334531784057617e-01,-1.518432796001434326e-02,9.696306660771369934e-03,2.058768987655639648e+00,2.322052478790283203e+00,2.844147682189941406e-01
2.080493271350860596e-01,-2.147609554231166840e-02,-3.464376181364059448e-02,4.610679447650909424e-01,-1.095613241195678711e+00,-1.402506113052368164e+00
3.161127567291259766e-01,-2.451870776712894440e-02,3.021127358078956604e-02,-7.444455027580261230e-01,-2.084277629852294922e+00,1.540061354637145996e+00
2.113694697618484497e-01,-5.627955123782157898e-02,4.299645125865936279e-02,5.799525380134582520e-01,1.607446551322937012e+00,8.680386543273925781e-01
2.128338217735290527e-01,2.532250015065073967e-03,3.962796181440353394e-04,8.138219714164733887e-01,-7.884804010391235352e-01,-9.683351516723632812e-01
2.939844131469726562e-01,-2.582295238971710205e-02,-1.121386699378490448e-02,2.103180885314941406e+00,3.018851280212402344e+00,-1.952040672302246094e+00
2.340414524078369141e-01,-1.656693220138549805e-02,-1.956376619637012482e-02,-3.013334274291992188e-01,-2.524707794189453125e+00,-1.302919149398803711e+00
2.644079625606536865e-01,-6.176240369677543640e-02,6.311917304992675781e-02,-1.603519916534423828e+00,-7.340352535247802734e-01,1.582628637552261353e-01
1.971761286258697510e-01,-1.277518570423126221e-01,5.017351359128952026e-04,2.850831747055053711e-01,-1.318556547164916992e+00,-4.085138320922851562e+00
1.890657693147659302e-01,-6.780280917882919312e-02,1.754590496420860291e-02,-1.772258877754211426e+00,-9.009841680526733398e-01,-7.399578571319580078e+00
2.364362180233001709e-01,-6.226270273327827454e-02,1.047075912356376648e-02,1.568061351776123047e+00,8.736733794212341309e-01,-9.745161056518554688e+00
1.870530694723129272e-01,-7.101999223232269287e-02,1.485260482877492905e-02,8.656058907508850098e-01,-9.490186572074890137e-01,-4.595832824707031250e+00
1.892648488283157349e-01,-6.206344068050384521e-02,-3.225332126021385193e-03,9.458471536636352539e-01,1.152290225028991699e+00,-1.249034214019775391e+01
1.158083677291870117e-01,-4.131784662604331970e-02,2.879733219742774963e-03,2.419883728027343750e+00,-8.394220471382141113e-01,-1.507388210296630859e+01
1.629629582166671753e-01,-7.586208730936050415e-02,3.052866458892822266e-02,1.604867577552795410e+00,8.163012862205505371e-01,-1.448225307464599609e+01
2.096746861934661865e-01,-4.866889864206314087e-02,7.815316319465637207e-03,-5.285431385040283203e+00,-1.971358299255371094e+00,-7.814673423767089844e+00
2.068114131689071655e-01,-5.186235159635543823e-02,-5.900740623474121094e-03,4.505364894866943359e-01,1.610691547393798828e+00,3.416404485702514648e+00
1.885938346385955811e-01,-6.588566303253173828e-02,9.301127865910530090e-03,4.453297704458236694e-02,2.503341674804687500e+00,-2.072751045227050781e+00
2.652842402458190918e-01,-1.309467852115631104e-02,-1.276878640055656433e-03,1.580942630767822266e+00,-1.178289890289306641e+00,-4.311260700225830078e+00
2.007573097944259644e-01,-1.712603308260440826e-02,2.435627579689025879e-02,4.567945003509521484e-01,6.658659577369689941e-01,-2.642591238021850586e+00
3.358994126319885254e-01,-4.716631025075912476e-02,8.775131776928901672e-03,-6.105431914329528809e-01,-1.928058385848999023e+00,-6.106838583946228027e-01
2.893503308296203613e-01,-6.776430457830429077e-02,5.239987373352050781e-02,-1.254412651062011719e+00,-4.273720383644104004e-01,5.342893600463867188e+00
3.195255994796752930e-01,2.508861711248755455e-03,-9.453427046537399292e-04,1.002463579177856445e+00,-8.183829188346862793e-01,2.386038303375244141e+00
3.176857233047485352e-01,-2.651077508926391602e-02,4.987647756934165955e-03,1.361089229583740234e+00,-1.820787787437438965e+00,3.432705402374267578e-01
2.517254352569580078e-01,4.659585654735565186e-03,-2.555753849446773529e-02,2.878961861133575439e-01,3.087352752685546875e+00,-9.865721464157104492e-01
3.058968782424926758e-01,-2.004958130419254303e-02,3.384395316243171692e-02,-6.532571911811828613e-01,-3.683832168579101562e+00,3.210293054580688477e-01
2.264618128538131714e-01,-2.151643484830856323e-02,1.457932591438293457e-02,6.015560030937194824e-02,1.064041852951049805e-01,1.084012508392333984e+00
2.488871216773986816e-01,2.798952162265777588e-02,-3.296241164207458496e-03,2.686499595642089844e+00,5.720986425876617432e-02,2.091752290725708008e+00
2.567442059516906738e-01,-3.513689339160919189e-02,6.122266501188278198e-02,1.359139561653137207e+00,6.768342256546020508e-01,-3.784216165542602539e+00
1.860699802637100220e-01,-1.652063988149166107e-02,-1.491033472120761871e-02,-2.619663774967193604e-01,1.985030174255371094e+00,-1.047481060028076172e+00
3.132168054580688477e-01,-6.527119316160678864e-03,3.625691682100296021e-02,-1.863188862800598145e+00,-3.525327205657958984e+00,2.533883333206176758e+00
2.089819908142089844e-01,-2.299141138792037964e-03,-4.255743697285652161e-03,3.020135462284088135e-01,1.681775093078613281e+00,2.837861776351928711e+00
2.714171111583709717e-01,-3.599876165390014648e-02,4.017613828182220459e-02,5.651312321424484253e-02,-8.560250997543334961e-01,-3.688679695129394531e+00
2.429843991994857788e-01,4.367498680949211121e-02,4.744157940149307251e-02,1.539582848548889160e+00,-2.917667627334594727e-01,-6.810904741287231445e-01
2.167723923921585083e-01,2.492649713531136513e-03,2.370421215891838074e-02,8.871827125549316406e-01,3.535913527011871338e-01,5.100032687187194824e-01
2.780261039733886719e-01,-2.280624769628047943e-02,-5.947066470980644226e-03,-1.959247350692749023e+00,-2.881181478500366211e+00,2.816567182540893555e+00
3.288877010345458984e-01,-9.715270251035690308e-03,-5.952401086688041687e-03,-1.152261495590209961e+00,2.460738420486450195e+00,8.596975803375244141e-01
2.349441349506378174e-01,-1.244308147579431534e-02,-5.377843976020812988e-03,8.638992309570312500e-01,-1.578999400138854980e+00,-2.547939538955688477e+00
2.540307641029357910e-01,-1.256124116480350494e-02,1.774677820503711700e-02,1.902432084083557129e+00,2.602692365646362305e+00,-9.538071751594543457e-01
2.944589853286743164e-01,-2.022570930421352386e-02,-1.495613716542720795e-02,-6.678937673568725586e-01,-3.884911060333251953e+00,2.044332981109619141e+00
3.640125393867492676e-01,2.988126501441001892e-02,1.120545901358127594e-02,-1.082141876220703125e+00,3.604397773742675781e-01,5.369161128997802734e+00
3.278583288192749023e-01,3.611637651920318604e-02,9.970772080123424530e-03,9.185660481452941895e-01,-2.272458374500274658e-01,2.106518268585205078e+00
2.231217175722122192e-01,6.171445362269878387e-03,-9.828420355916023254e-03,9.078914523124694824e-01,2.030439853668212891e+00,-1.249985456466674805e+00
2.645644545555114746e-01,8.474962785840034485e-03,4.303922504186630249e-02,4.468439519405364990e-01,6.109707057476043701e-03,-1.600067734718322754e+00
2.893172502517700195e-01,-6.308400072157382965e-03,-4.584610462188720703e-03,-1.749533057212829590e+00,-3.077517032623291016e+00,2.944453477859497070e+00
2.200625091791152954e-01,4.229711368680000305e-03,2.527919784188270569e-02,4.338767528533935547e-01,1.468642950057983398e+00,2.610038757324218750e+00
1.968042552471160889e-01,4.467951133847236633e-03,-9.536938741803169250e-03,1.886444687843322754e+00,-1.035027503967285156e+00,4.085220396518707275e-01
2.185574173927307129e-01,-3.190583363175392151e-02,1.871018484234809875e-02,5.128787755966186523e-01,1.547546029090881348e+00,-2.850704908370971680e+00
2.519892454147338867e-01,2.677389420568943024e-03,-8.363077417016029358e-03,7.335074543952941895e-01,-1.870957314968109131e-01,-2.102555781602859497e-01
2.418969571590423584e-01,-2.221990935504436493e-02,2.453085593879222870e-02,-1.137513875961303711e+00,-3.450084209442138672e+00,2.317321300506591797e+00
2.675224840641021729e-01,6.980623304843902588e-02,1.187901198863983154e-02,6.206244230270385742e-01,7.631595730781555176e-01,3.964785575866699219e+00
2.302031517028808594e-01,-2.715174807235598564e-03,1.747946999967098236e-02,-2.523649930953979492e-01,-8.130705356597900391e-01,-7.116496562957763672e-01
2.626643180847167969e-01,-7.575489580631256104e-03,-1.227597706019878387e-02,1.389857411384582520e+00,4.271339416503906250e+00,-2.616932392120361328e+00
2.530518174171447754e-01,-2.877662517130374908e-02,3.395339474081993103e-03,-2.950552225112915039e+00,-2.191306352615356445e+00,-8.718628883361816406e-01
2.123882770538330078e-01,-8.863137103617191315e-03,6.600937247276306152e-02,-3.536767959594726562e+00,3.782975077629089355e-01,4.019612789154052734e+00
1.963100433349609375e-01,-1.745623350143432617e-02,3.778120130300521851e-02,1.581907033920288086e+00,-1.088720440864562988e+00,-2.101554125547409058e-01
1.938073784112930298e-01,7.174185477197170258e-03,2.131005004048347473e-02,1.481044411659240723e+00,-9.988226890563964844e-01,-8.175936341285705566e-01
2.787033915519714355e-01,-2.422303892672061920e-02,-2.369967289268970490e-02,2.661238431930541992e+00,2.361824512481689453e+00,-9.224243760108947754e-01
3.047794103622436523e-01,-1.515567395836114883e-02,-1.464430242776870728e-04,7.592619061470031738e-01,-1.739071756601333618e-01,7.466636300086975098e-01
2.601067423820495605e-01,-4.674710705876350403e-02,2.776120416820049286e-02,5.000849813222885132e-02,2.453851938247680664e+00,1.795041799545288086e+00
2.885697484016418457e-01,6.906309630721807480e-03,1.990573666989803314e-02,3.370009064674377441e-01,-7.198278903961181641e-01,-1.081013441085815430e+00
3.161389529705047607e-01,2.010645903646945953e-02,3.013031184673309326e-02,-4.416419565677642822e-01,-4.881287813186645508e-01,7.886553406715393066e-01
2.884637713432312012e-01,2.253035642206668854e-02,-8.338553830981254578e-03,2.615561246871948242e+00,3.776632070541381836e+00,1.524233102798461914e+00
2.164473086595535278e-01,-3.041868284344673157e-02,3.352801874279975891e-02,-1.449618458747863770e+00,-4.436574935913085938e+00,-2.361270666122436523e+00
2.530850768089294434e-01,1.199803780764341354e-02,2.860633656382560730e-02,-7.140054106712341309e-01,1.066218852996826172e+00,3.278022527694702148e+00
1.895694881677627563e-01,-5.261812359094619751e-03,1.075651124119758606e-02,-9.719375371932983398e-01,-2.561994314193725586e+00,-1.571026682853698730e+00
2.215562611818313599e-01,9.159389883279800415e-03,-7.677635177969932556e-03,8.268505930900573730e-01,-8.400313556194305420e-02,-5.983736515045166016e-01
2.763796746730804443e-01,3.500585630536079407e-02,2.212001010775566101e-03,-4.240279197692871094e-01,-3.215669393539428711e-01,-3.469485044479370117e-01
2.342353612184524536e-01,-7.416398264467716217e-03,-6.787193939089775085e-03,-3.670531034469604492e+00,-3.066432952880859375e+00,2.868458747863769531e+00
2.845496535301208496e-01,8.006222546100616455e-03,-3.293036669492721558e-02,-7.196120172739028931e-02,1.146548986434936523e+00,-6.320574283599853516e-01
3.224471807479858398e-01,-1.765950396656990051e-02,1.345768384635448456e-02,2.701725721359252930e+00,1.511475205421447754e+00,-6.817501068115234375e+00
1.964357793331146240e-01,-3.589608520269393921e-02,-9.889034554362297058e-03,1.516247391700744629e+00,-1.067159771919250488e-01,-2.954235076904296875e-01
3.461438715457916260e-01,-3.760138154029846191e-02,-1.521087996661663055e-02,-1.612368226051330566e+00,-1.004038333892822266e+00,1.151674091815948486e-01
2.455200552940368652e-01,-2.999705076217651367e-02,1.109394524246454239e-02,4.681305587291717529e-01,1.743903875350952148e+00,-1.990029096603393555e+00
2.530535757541656494e-01,-9.357017278671264648e-02,3.529616445302963257e-02,1.682804226875305176e+00,-2.738838672637939453e+00,-1.193593788146972656e+01
2.135377526283264160e-01,-5.596885457634925842e-02,5.210613831877708435e-02,1.091661453247070312e+00,1.540651082992553711e+00,-1.257944011688232422e+01
2.645276188850402832e-01,-1.334178745746612549e-01,1.128677092492580414e-02,6.633042693138122559e-01,-1.956303596496582031e+00,-1.005734062194824219e+01
2.226461619138717651e-01,-5.021780729293823242e-02,1.441386342048645020e-02,4.754475355148315430e-01,3.125373125076293945e+00,-9.950486183166503906e+00
1.618515551090240479e-01,-8.099335432052612305e-02,1.220164261758327484e-02,1.569306731224060059e+00,-4.293433189392089844e+00,-1.248069477081298828e+01
1.529889404773712158e-01,-9.447451680898666382e-02,7.129956036806106567e-03,-4.763548672199249268e-01,1.706971973180770874e-01,-1.187614631652832031e+01
2.344440519809722900e-01,-5.810778215527534485e-02,1.585809513926506042e-02,-3.468101620674133301e-01,-1.385024547576904297e+00,-4.320800781250000000e+00
2.709994316101074219e-01,-3.230947628617286682e-02,2.738682553172111511e-03,-5.287653803825378418e-01,-1.390575766563415527e+00,2.332693338394165039e-02
2.513607740402221680e-01,-4.724548012018203735e-02,2.335384860634803772e-02,-2.668618559837341309e-01,1.019609451293945312e+00,-2.054277181625366211e+00
2.320874333381652832e-01,-1.395843690261244774e-03,4.539845511317253113e-02,7.059344053268432617e-01,-4.778229713439941406e+00,-2.680805921554565430e+00
2.606576085090637207e-01,-2.298659831285476685e-02,1.891313865780830383e-02,9.024329185485839844e-01,3.073255062103271484e+00,-5.012080192565917969e+00
2.608828544616699219e-01,-7.882906123995780945e-03,-2.933053486049175262e-02,-6.389859914779663086e-01,-5.150775313377380371e-01,-1.186887979507446289e+00
2.965532541275024414e-01,-2.603375725448131561e-02,1.169303432106971741e-02,-1.224127598106861115e-02,2.576578855514526367e-01,2.193068504333496094e+00
3.380751013755798340e-01,3.800059109926223755e-02,2.758349105715751648e-02,5.794886350631713867e-01,-5.717505216598510742e-01,5.719456449151039124e-02
3.112667202949523926e-01,4.049241170287132263e-02,7.627328857779502869e-03,3.839130401611328125e-01,-1.971064805984497070e+00,-1.665601968765258789e+00
3.018832206726074219e-01,9.241196326911449432e-03,-2.206627093255519867e-02,6.018091440200805664e-01,3.753044366836547852e+00,-3.344696044921875000e+00
3.141331672668457031e-01,2.072876691818237305e-02,2.160818502306938171e-02,-1.282197356224060059e+00,-5.872910022735595703e-01,5.539326667785644531e-01
3.554984331130981445e-01,-8.829054422676563263e-03,4.971762001514434814e-02,-9.265332221984863281e-01,1.676706224679946899e-02,4.794390678405761719e+00
2.669681310653686523e-01,2.660314738750457764e-02,3.082973882555961609e-02,2.601841092109680176e-01,-1.661758422851562500e+00,-4.629083156585693359e+00
2.921311259269714355e-01,3.659576643258333206e-03,3.038416430354118347e-02,2.438425064086914062e+00,1.208557844161987305e+00,-2.235290527343750000e+00
2.834397554397583008e-01,1.831987872719764709e-02,-1.126272603869438171e-03,-4.808679223060607910e-03,2.506917238235473633e+00,-2.612915754318237305e+00
2.281528711318969727e-01,2.490209415555000305e-02,2.554249763488769531e-02,-1.946433544158935547e+00,-1.965082526206970215e+00,1.098536491394042969e+00
3.133655190467834473e-01,7.727104425430297852e-02,-2.213036641478538513e-03,-1.010301589965820312e+00,2.261861562728881836e+00,1.014119052886962891e+01
2.772583365440368652e-01,5.269371718168258667e-02,1.283690519630908966e-02,-2.181637585163116455e-01,-1.301329135894775391e+00,2.477922916412353516e+00
3.124921321868896484e-01,1.062020733952522278e-01,2.049715630710124969e-02,-1.048388957977294922e+00,-4.706254899501800537e-01,6.367475509643554688e+00
2.856896221637725830e-01,9.403301030397415161e-02,5.281800404191017151e-02,-4.293025471270084381e-03,-7.811353206634521484e-01,7.738428115844726562e+00
3.524453639984130859e-01,-1.924053765833377838e-02,-1.828673668205738068e-02,-3.651612102985382080e-01,-2.782544493675231934e-01,4.581450939178466797e+00
2.384893745183944702e-01,-3.821047395467758179e-02,1.559100951999425888e-02,5.329462289810180664e-01,2.823109626770019531e+00,-1.443116426467895508e+00
2.558102607727050781e-01,-7.233937084674835205e-02,-3.863869234919548035e-03,1.234742164611816406e+00,-2.914612770080566406e+00,-1.049829292297363281e+01
2.535224556922912598e-01,-4.546117782592773438e-02,7.129728794097900391e-02,1.137041330337524414e+00,4.124638080596923828e+00,-4.310960769653320312e+00
3.378199338912963867e-01,-3.585883975028991699e-02,1.662559248507022858e-02,8.603328466415405273e-01,-2.509865522384643555e+00,-4.106667637825012207e-01
2.541952431201934814e-01,-3.152604028582572937e-02,-3.223817050457000732e-02,-2.120571374893188477e+00,3.107888698577880859e+00,8.941563963890075684e-01
2.985084056854248047e-01,1.774948276579380035e-02,1.013447251170873642e-02,1.960438609123229980e+00,-1.356135964393615723e+00,9.248276352882385254e-01
3.174036145210266113e-01,-7.919872179627418518e-03,-2.388229593634605408e-03,8.807850480079650879e-01,5.983651876449584961e-01,-6.478432655334472656e+00
3.542884290218353271e-01,3.159609436988830566e-02,-2.861615642905235291e-02,-8.833149671554565430e-01,-1.531621336936950684e+00,-1.214206218719482422e-01
2.772175371646881104e-01,-2.195931971073150635e-02,7.955880835652351379e-03,-1.494307756423950195e+00,1.878787875175476074e+00,6.503998041152954102e-01
3.157669007778167725e-01,2.720098569989204407e-02,8.974745869636535645e-04,9.534221291542053223e-01,-1.332722544670104980e+00,-7.242634296417236328e-01
2.560543119907379150e-01,-2.982165897265076637e-03,1.836088486015796661e-02,-6.771239042282104492e-01,-9.073166847229003906e-01,-1.251788735389709473e-01
3.220636248588562012e-01,3.192845731973648071e-03,-3.440145403146743774e-02,1.426939010620117188e+00,3.865355253219604492e+00,-2.694119930267333984e+00
3.251354098320007324e-01,4.720754921436309814e-03,-1.175285689532756805e-02,-1.101920723915100098e+00,-3.274986267089843750e+00,-1.653313636779785156e-03
3.400890529155731201e-01,-6.544640753418207169e-03,1.898882165551185608e-02,-2.100489735603332520e-01,2.650874853134155273e+00,3.842019796371459961e+00
2.991284728050231934e-01,8.732465095818042755e-03,1.943359896540641785e-02,2.625184357166290283e-01,4.428043588995933533e-02,-1.333182811737060547e+00
2.996817827224731445e-01,4.228783026337623596e-02,1.502985320985317230e-02,2.540766000747680664e+00,3.119665622711181641e+00,-1.653952121734619141e+00
3.152720332145690918e-01,-1.614756137132644653e-02,-3.140568733215332031e-04,-5.808590054512023926e-01,-2.110208749771118164e+00,-1.597267866134643555e+00
2.716956436634063721e-01,-8.991343202069401741e-05,2.591559477150440216e-02,-2.464379310607910156e+00,-1.811843752861022949e+00,1.014084696769714355e+00
2.537918090820312500e-01,-1.802829559892416000e-03,1.346114650368690491e-02,3.242485284805297852e+00,2.769761562347412109e+00,1.394064784049987793e+00
2.811849117279052734e-01,-3.474495606496930122e-03,8.196245878934860229e-03,-4.678035378456115723e-01,-1.791595220565795898e+00,-3.558935403823852539e+00
2.643451094627380371e-01,5.389193538576364517e-04,1.302035432308912277e-02,1.898085355758666992e+00,2.372098922729492188e+00,-1.744317293167114258e+00
3.320488333702087402e-01,9.984188713133335114e-03,-4.486124217510223389e-02,2.798913717269897461e-01,-4.656821727752685547e+00,1.726197838783264160e+00
2.184545099735260010e-01,2.348890528082847595e-02,1.294397469609975815e-02,-3.828960359096527100e-01,2.161504924297332764e-01,2.324383497238159180e+00
3.407325446605682373e-01,3.041949681937694550e-02,-2.183075807988643646e-02,3.729873001575469971e-01,1.676182866096496582e+00,1.950557947158813477e+00
2.951335310935974121e-01,6.563986837863922119e-02,7.988624274730682373e-04,6.649603247642517090e-01,2.226295232772827148e+00,1.592796444892883301e-01
3.276885151863098145e-01,3.186926245689392090e-02,-4.258075356483459473e-02,3.046999573707580566e-01,1.315618634223937988e+00,-1.633085489273071289e+00
2.593823075294494629e-01,3.854554519057273865e-02,9.019328281283378601e-03,-4.816351413726806641e+00,-2.646414279937744141e+00,-1.224202513694763184e-01
3.662231564521789551e-01,1.184661313891410828e-02,2.461056970059871674e-02,1.275483250617980957e+00,2.179079532623291016e+00,6.148847103118896484e+00
3.260217607021331787e-01,-1.221644878387451172e-02,1.226381398737430573e-02,9.083561897277832031e-01,-1.339407324790954590e+00,-3.999110460281372070e+00
3.228577673435211182e-01,-2.857813797891139984e-02,-4.882642626762390137e-02,3.499349117279052734e+00,3.077018260955810547e+00,-2.291366815567016602e+00
3.084474802017211914e-01,5.073477700352668762e-02,8.914319798350334167e-03,-1.250137209892272949e+00,-2.898190021514892578e+00,3.778889775276184082e-03
3.323752582073211670e-01,1.019753962755203247e-01,3.920644521713256836e-04,-3.053163737058639526e-02,2.334900379180908203e+00,9.050680160522460938e+00
2.777976691722869873e-01,-1.229249127209186554e-02,9.935492649674415588e-03,5.271605253219604492e-01,-1.299951314926147461e+00,9.564592838287353516e-01
3.136501610279083252e-01,-1.414551306515932083e-02,5.595980584621429443e-02,1.551964402198791504e+00,8.272358775138854980e-02,-2.801159143447875977e+00
2.382818460464477539e-01,-3.177307546138763428e-03,1.236312091350555420e-04,-4.294742643833160400e-01,9.008820652961730957e-01,-1.852042913436889648e+00
3.397538661956787109e-01,3.908077254891395569e-02,-2.245751582086086273e-02,-1.736140489578247070e+00,-4.724328517913818359e+00,1.908419013023376465e+00
2.943326830863952637e-01,2.675055526196956635e-03,-2.780206501483917236e-03,1.701828718185424805e+00,2.521338939666748047e+00,3.310165405273437500e+00
2.121886909008026123e-01,1.111052744090557098e-02,-9.495118632912635803e-03,1.351145625114440918e+00,-1.878861546516418457e+00,-3.154104948043823242e-01
2.431759536266326904e-01,-1.405628025531768799e-02,3.966717049479484558e-03,-2.668063640594482422e+00,8.447941541671752930e-01,-1.637344002723693848e+00
3.064909577369689941e-01,4.194394126534461975e-02,-5.175790190696716309e-02,2.619954586029052734e+00,2.653491020202636719e+00,4.364675521850585938e+00
2.417432814836502075e-01,1.730650663375854492e-02,1.209505368024110794e-02,-2.805370807647705078e+00,-5.502377510070800781e+00,2.687640190124511719e+00
1.879229694604873657e-01,-1.681361906230449677e-02,6.614390760660171509e-03,1.764203548431396484e+00,2.478724241256713867e+00,2.387449979782104492e+00
3.064054846763610840e-01,-1.609942689538002014e-02,-1.350828818976879120e-02,-8.084594011306762695e-01,-2.002047151327133179e-01,-4.391968727111816406e+00
2.427799105644226074e-01,3.986343368887901306e-02,-2.703366242349147797e-02,5.246971249580383301e-01,4.233083248138427734e+00,-3.867406129837036133e+00
2.382957935333251953e-01,1.545315608382225037e-02,-1.205671764910221100e-02,1.721472591161727905e-01,6.317207217216491699e-01,-7.519266009330749512e-01
2.999628186225891113e-01,2.191986143589019775e-02,2.999909222126007080e-03,1.953409761190414429e-01,-1.405330061912536621e+00,2.293243855237960815e-01
2.103655338287353516e-01,4.762201104313135147e-03,-2.413584105670452118e-02,-1.088758483529090881e-01,1.654984593391418457e+00,7.374824285507202148e-01
2.921072244644165039e-01,1.143293268978595734e-02,4.984900355339050293e-03,-8.390094637870788574e-01,-2.479470968246459961e+00,-8.108138442039489746e-01
2.553495466709136963e-01,5.119299143552780151e-02,-1.479834131896495819e-02,-1.905002295970916748e-01,3.334712266921997070e+00,-1.095513105392456055e+00
2.478004097938537598e-01,9.350303560495376587e-03,-3.855995833873748779e-02,-4.460068419575691223e-02,-2.040389299392700195e+00,4.823854267597198486e-01
3.354276418685913086e-01,4.033177345991134644e-02,-6.007519364356994629e-02,-3.099762916564941406e+00,-2.583685398101806641e+00,2.341119527816772461e+00
3.372402191162109375e-01,3.776987083256244659e-03,-8.666375651955604553e-03,1.336420536041259766e+00,2.443653345108032227e+00,2.184478044509887695e+00
2.668818235397338867e-01,-1.363893691450357437e-02,2.276932261884212494e-02,1.868329167366027832e+00,1.047364354133605957e+00,-3.117434978485107422e+00
2.475302368402481079e-01,4.912760574370622635e-03,4.864227026700973511e-03,3.609944880008697510e-01,2.190951347351074219e+00,-5.052448272705078125e+00
3.455103635787963867e-01,2.782695367932319641e-02,9.908134117722511292e-03,4.192062020301818848e-01,-4.118000030517578125e+00,6.714543104171752930e-01
3.172304034233093262e-01,3.782694414258003235e-02,4.499579221010208130e-02,-1.001148104667663574e+00,1.557211399078369141e+00,4.277001857757568359e+00
2.033851444721221924e-01,1.905260421335697174e-02,1.027255505323410034e-02,1.950508117675781250e+00,-1.608361721038818359e+00,4.805505573749542236e-01
2.714455425739288330e-01,2.869517076760530472e-03,4.747997969388961792e-03,-1.100382432341575623e-01,1.799417257308959961e+00,-2.770349264144897461e+00
2.013856321573257446e-01,2.707432210445404053e-02,-1.161927543580532074e-02,-9.402439594268798828e-01,4.260062575340270996e-01,-5.486314892768859863e-01
3.413958549499511719e-01,2.866035327315330505e-03,-3.882892429828643799e-02,-2.556332826614379883e+00,-3.626767635345458984e+00,2.952380180358886719e+00
1.990367770195007324e-01,-6.785424798727035522e-02,-8.421018719673156738e-04,2.888718545436859131e-01,1.747324228286743164e+00,1.729219555854797363e-01
1.749228239059448242e-01,-1.177918389439582825e-01,1.703647896647453308e-03,7.826278209686279297e-01,-3.271682560443878174e-01,-1.325201416015625000e+01
1.435107737779617310e-01,-9.345865249633789062e-02,-6.080655381083488464e-03,2.111420869827270508e+00,1.835948348045349121e+00,-1.405686092376708984e+01
2.597980499267578125e-01,-5.845227465033531189e-02,-1.484776847064495087e-02,1.463070273399353027e+00,4.883937239646911621e-01,-6.269910812377929688e+00
3.227009177207946777e-01,-3.198077529668807983e-02,-2.160279080271720886e-03,-1.201488137245178223e+00,1.503402709960937500e+00,-2.171330213546752930e+00
2.187488824129104614e-01,-4.326234012842178345e-02,8.160434663295745850e-03,-9.773930907249450684e-01,1.879045367240905762e+00,4.840018153190612793e-01
2.256309539079666138e-01,1.379798445850610733e-02,1.592756249010562897e-02,3.959290385246276855e-01,-1.840970635414123535e+00,-4.973519593477249146e-03
3.243484497070312500e-01,9.449437260627746582e-02,-3.142004460096359253e-02,-4.335294067859649658e-01,3.363193750381469727e+00,4.227072715759277344e+00
2.844498157501220703e-01,8.810316771268844604e-02,-1.007520221173763275e-02,-2.576025247573852539e+00,-3.090034008026123047e+00,7.794232368469238281e+00
2.296141088008880615e-01,8.490203320980072021e-02,5.103092640638351440e-03,-1.067015528678894043e-01,-6.804938316345214844e-01,1.063923931121826172e+01
2.061762213706970215e-01,1.462566852569580078e-02,5.940906703472137451e-05,9.824528545141220093e-02,1.863306611776351929e-01,4.314706325531005859e+00
3.377581834793090820e-01,5.112810432910919189e-02,8.350245654582977295e-03,4.538389146327972412e-01,-5.518025159835815430e-01,1.849241256713867188e-01
2.471265792846679688e-01,5.842716246843338013e-02,-3.881427645683288574e-02,1.557701826095581055e-01,3.299319744110107422e+00,-2.408967971801757812e+00
3.298714458942413330e-01,-1.792072318494319916e-02,1.523784361779689789e-02,6.812998652458190918e-01,-6.213633060455322266e+00,1.574792623519897461e+00
2.491711229085922241e-01,1.580135896801948547e-02,3.006261773407459259e-02,-5.848298668861389160e-01,-7.726898789405822754e-02,2.920332908630371094e+00
3.049754500389099121e-01,4.053612798452377319e-02,1.274418085813522339e-03,1.965778231620788574e+00,1.707712650299072266e+00,3.316059112548828125e+00
3.196454048156738281e-01,3.769318759441375732e-02,2.268409170210361481e-02,-8.817034959793090820e-01,2.176560640335083008e+00,-3.305491447448730469e+00
2.381392270326614380e-01,2.344356663525104523e-02,-3.241101279854774475e-03,1.121001169085502625e-01,1.839942693710327148e+00,-3.419102430343627930e-01
2.835082411766052246e-01,1.638224814087152481e-03,-4.014624282717704773e-03,1.645962893962860107e-02,-2.914032936096191406e+00,1.394345998764038086e+00
3.218173980712890625e-01,4.563372209668159485e-02,-5.013030022382736206e-04,1.247004270553588867e+00,1.936514973640441895e+00,4.479062080383300781e+00
2.870859503746032715e-01,1.311712525784969330e-02,-1.125505194067955017e-03,-1.035040855407714844e+00,-3.016870617866516113e-01,-2.710115671157836914e+00
3.185918927192687988e-01,3.537468984723091125e-02,5.468824878334999084e-03,9.060615897178649902e-01,2.462418079376220703e+00,-2.734699845314025879e-01
3.235065937042236328e-01,2.173085883259773254e-02,-2.615054138004779816e-02,-1.016020774841308594e+00,-2.862028598785400391e+00,9.274827837944030762e-01
3.549162745475769043e-01,5.600097030401229858e-02,-2.154238708317279816e-02,-2.170822143554687500e+00,-2.383224964141845703e+00,2.193742513656616211e+00
2.576604485511779785e-01,2.048452198505401611e-02,-1.095283962786197662e-02,-5.066804885864257812e-01,1.502294540405273438e+00,1.537911176681518555e+00
3.076484799385070801e-01,-3.409112617373466492e-02,1.111911050975322723e-02,1.811883687973022461e+00,-2.352751016616821289e+00,-2.570509195327758789e+00
2.061515897512435913e-01,-1.229271758347749710e-02,-4.926396533846855164e-03,9.293957948684692383e-01,1.792163610458374023e+00,-3.522133350372314453e+00
2.641141712665557861e-01,1.374273560941219330e-04,-3.557652235031127930e-05,-7.428649663925170898e-01,-3.616760492324829102e+00,-1.358162760734558105e+00
2.453590482473373413e-01,2.137460373342037201e-02,-7.140437141060829163e-03,-3.147730112075805664e+00,-2.040996074676513672e+00,6.243034601211547852e-01
2.847914993762969971e-01,-1.641344279050827026e-02,5.140868946909904480e-03,2.077994346618652344e+00,4.054605960845947266e+00,1.401558160781860352e+00
2.132660895586013794e-01,1.746935956180095673e-02,-5.570484325289726257e-03,5.299431681632995605e-01,1.061305880546569824e+00,-2.264197349548339844e+00
3.414618968963623047e-01,9.930597618222236633e-03,8.141519501805305481e-03,2.473460912704467773e+00,4.170561313629150391e+00,-5.860722064971923828e-01
3.316745758056640625e-01,-1.460964791476726532e-02,2.237040363252162933e-02,-3.262662649154663086e+00,-4.148410320281982422e+00,1.852613925933837891e+00
3.447588682174682617e-01,2.100478112697601318e-02,5.353877693414688110e-02,-6.423681378364562988e-01,1.064467310905456543e+00,4.889025688171386719e+00
3.016320466995239258e-01,3.056722925975918770e-03,1.283011212944984436e-02,-5.548998713493347168e-01,-1.722650051116943359e+00,6.050068140029907227e-01
3.042470812797546387e-01,2.666408568620681763e-02,-4.452209919691085815e-02,1.112038850784301758e+00,-2.411489039659500122e-01,-3.408349454402923584e-01
2.794103622436523438e-01,3.020621091127395630e-02,-3.323999047279357910e-02,3.997161984443664551e-03,1.485836505889892578e+00,-2.533053159713745117e-01
3.476192951202392578e-01,3.464795649051666260e-02,1.664312370121479034e-02,-3.691958904266357422e+00,3.871551156044006348e-01,2.885728597640991211e+00
3.190761804580688477e-01,4.729910567402839661e-02,2.340667136013507843e-02,1.512720584869384766e-01,1.963326692581176758e+00,6.169157028198242188e+00
2.624712586402893066e-01,1.179344020783901215e-02,3.161320462822914124e-03,2.230157613754272461e+00,-1.416872024536132812e+00,1.236165016889572144e-01
2.625351250171661377e-01,-2.236657775938510895e-02,-5.220774561166763306e-03,3.838870525360107422e-01,1.701576113700866699e-01,-5.708679199218750000e+00
2.230313122272491455e-01,-1.463915314525365829e-02,1.538279373198747635e-02,1.530834287405014038e-01,-4.337944507598876953e+00,-2.176104307174682617e+00
1.969297677278518677e-01,-8.218163996934890747e-02,-3.436680883169174194e-03,-3.730823695659637451e-01,-1.932554960250854492e+00,-1.142918014526367188e+01
5.998019874095916748e-02,-1.367476731538772583e-01,3.306215256452560425e-02,1.054562687873840332e+00,-3.736411094665527344e+00,-2.349097633361816406e+01
1.526370346546173096e-01,-1.081658974289894104e-01,4.550410434603691101e-03,6.442309021949768066e-01,-1.857105731964111328e+00,-2.210077095031738281e+01
1.863806545734405518e-01,-8.273687213659286499e-02,-2.340367250144481659e-02,-1.000902891159057617e+00,1.056563735008239746e+00,-1.310257148742675781e+01
1.532920449972152710e-01,-1.461753156036138535e-02,2.055922336876392365e-02,-7.199572324752807617e-01,-3.608437061309814453e+00,-1.739212751388549805e+00
2.442355304956436157e-01,-6.448734551668167114e-02,2.015526965260505676e-02,2.015953361988067627e-01,2.413967370986938477e+00,-4.023799896240234375e+00
2.204982042312622070e-01,-1.934872753918170929e-02,5.719626322388648987e-03,-1.804815649986267090e+00,-7.913335561752319336e-01,-2.621033906936645508e+00
2.805394232273101807e-01,-5.777267366647720337e-02,1.061615534126758575e-02,2.023871183395385742e+00,1.219513654708862305e+00,-4.988645553588867188e+00
2.861874103546142578e-01,-6.421311758458614349e-03,-2.937900833785533905e-02,-5.214729905128479004e-01,2.373542487621307373e-01,-8.763345479965209961e-01
3.490183949470520020e-01,4.555800557136535645e-02,-1.502489857375621796e-02,3.779966831207275391e-01,4.818130135536193848e-01,2.486678123474121094e+00
2.406912147998809814e-01,5.275551974773406982e-02,-8.926151320338249207e-03,-8.263449668884277344e-01,-2.030730962753295898e+00,4.984539747238159180e-01
2.470690757036209106e-01,-9.386157616972923279e-03,8.859213441610336304e-03,2.530932188034057617e+00,2.496627807617187500e+00,-6.198322296142578125e+00
3.162719607353210449e-01,2.483205124735832214e-02,3.659533336758613586e-02,-2.083222627639770508e+00,-1.155178189277648926e+00,-2.495141744613647461e+00
2.958621382713317871e-01,-2.900357730686664581e-02,2.696618251502513885e-02,-1.551212549209594727e+00,-2.574265956878662109e+00,5.229650497436523438e+00
3.062281012535095215e-01,6.357182562351226807e-02,1.976464502513408661e-02,3.793436288833618164e+00,-2.169488906860351562e+00,1.843885660171508789e+00
3.407397568225860596e-01,-2.726413682103157043e-02,-5.284965038299560547e-02,-2.986555099487304688e-01,2.069171428680419922e+00,6.731941699981689453e-01
3.440275490283966064e-01,5.608427524566650391e-02,6.925751268863677979e-02,-3.438197612762451172e+00,-2.802371740341186523e+00,5.450519561767578125e+00
2.472459226846694946e-01,-1.493922085501253605e-03,1.558511704206466675e-02,8.838731795549392700e-02,-6.310083270072937012e-01,-5.696984529495239258e-01
2.564532756805419922e-01,-6.198903918266296387e-02,9.936825372278690338e-03,4.020962119102478027e-01,1.228268504142761230e+00,-6.776667594909667969e+00
2.607877850532531738e-01,-7.565293461084365845e-02,3.347802907228469849e-02,-1.556870698928833008e+00,-2.757119655609130859e+00,-6.054638862609863281e+00
1.661342084407806396e-01,-5.432272329926490784e-02,1.229121722280979156e-02,-8.362684249877929688e-01,-5.423377990722656250e+00,-1.036040401458740234e+01
1.262821704149246216e-01,-1.137886270880699158e-01,3.287688270211219788e-02,-2.292630434036254883e+00,8.730586171150207520e-01,-2.138550567626953125e+01
2.305919528007507324e-01,-1.867666244506835938e-01,3.874730318784713745e-04,1.078169226646423340e+00,6.742807477712631226e-02,-1.732393074035644531e+01
2.205961942672729492e-01,-1.530096828937530518e-01,1.361529901623725891e-02,1.255542784929275513e-02,-2.917741298675537109e+00,-1.430347728729248047e+01
2.659912705421447754e-01,-3.560133650898933411e-02,4.921366646885871887e-02,3.518018722534179688e-01,8.678063154220581055e-01,-6.372395515441894531e+00
3.230323791503906250e-01,2.136932685971260071e-02,2.580543980002403259e-03,-1.565727829933166504e+00,-2.405487060546875000e+00,7.534884452819824219e+00
1.888830065727233887e-01,-3.891194611787796021e-02,3.303509205579757690e-02,-8.735213279724121094e-01,4.339540004730224609e-01,1.531494855880737305e+00
1.992713660001754761e-01,2.348188683390617371e-02,3.431459888815879822e-02,1.409756422042846680e+00,-1.613684654235839844e+00,-1.523426175117492676e+00
2.178034335374832153e-01,-3.281365707516670227e-02,-1.974843256175518036e-02,-4.929286837577819824e-01,-2.595210552215576172e+00,-1.641486287117004395e-01
2.493457198143005371e-01,-3.067591227591037750e-02,2.081797085702419281e-02,-1.370293498039245605e+00,1.823057413101196289e+00,2.555155038833618164e+00
1.905294656753540039e-01,-1.852812059223651886e-02,3.358833491802215576e-03,3.273994922637939453e+00,-1.606428503990173340e+00,1.623583436012268066e-01
2.887529730796813965e-01,-8.592639863491058350e-02,9.952774271368980408e-03,2.105897665023803711e+00,1.775991201400756836e+00,-6.162811279296875000e+00
2.705397903919219971e-01,-2.213647030293941498e-02,-8.144805207848548889e-03,-4.007194042205810547e+00,-2.560687541961669922e+00,-1.573076248168945312e+00
2.107473611831665039e-01,8.617943152785301208e-03,3.522323071956634521e-02,2.598336637020111084e-01,3.213462591171264648e+00,3.009656190872192383e+00
1.934133321046829224e-01,-5.711996927857398987e-03,1.092587038874626160e-02,4.019379019737243652e-01,-2.009455204010009766e+00,-1.088213920593261719e-01
2.846368849277496338e-01,-2.775335684418678284e-02,1.503550447523593903e-02,1.319630861282348633e+00,-6.016333773732185364e-02,-4.724722862243652344e+00
2.468110620975494385e-01,-3.488799929618835449e-02,2.388102933764457703e-02,8.028561472892761230e-01,-3.024527311325073242e+00,-9.556511640548706055e-01
2.650108337402343750e-01,-4.211514815688133240e-02,3.306126594543457031e-02,6.784479022026062012e-01,1.780918359756469727e+00,3.008685588836669922e+00
2.809224724769592285e-01,-3.501426428556442261e-02,1.716140471398830414e-02,1.535657286643981934e+00,-7.571423649787902832e-01,-4.575403928756713867e-01
3.295422494411468506e-01,-1.831971295177936554e-02,1.262683980166912079e-02,9.693057537078857422e-01,1.947526454925537109e+00,-4.888342022895812988e-01
2.796155512332916260e-01,-5.861391127109527588e-02,-2.756221778690814972e-02,-2.103623390197753906e+00,-1.288923382759094238e+00,7.535518705844879150e-02
3.281723856925964355e-01,7.660510390996932983e-02,3.555586561560630798e-03,-1.309687137603759766e+00,2.473787963390350342e-02,1.118267822265625000e+01
2.203620970249176025e-01,3.562408685684204102e-02,3.431472182273864746e-02,1.587516188621520996e+00,-1.959956645965576172e+00,5.589776992797851562e+00
3.588775098323822021e-01,1.232426315546035767e-01,1.937503553926944733e-02,-7.680197954177856445e-01,-8.439280986785888672e-01,1.360495948791503906e+01
2.089060693979263306e-01,2.604861930012702942e-02,4.352425783872604370e-02,-7.787734866142272949e-01,-6.401166915893554688e-01,1.491044616699218750e+01
2.411296367645263672e-01,8.469738066196441650e-02,3.674410283565521240e-02,1.888779520988464355e+00,-1.123429983854293823e-01,1.133548927307128906e+01
2.452600598335266113e-01,1.201778128743171692e-01,-3.499279171228408813e-02,-1.685890913009643555e+00,2.237084865570068359e+00,1.277655220031738281e+01
2.175940722227096558e-01,1.552208662033081055e-01,7.049748301506042480e-02,2.108086109161376953e+00,-5.670099258422851562e-01,1.511371898651123047e+01
2.092611491680145264e-01,4.641821235418319702e-02,6.497260183095932007e-04,-1.941133499145507812e+00,-5.547730922698974609e-01,4.291687011718750000e+00
2.120500057935714722e-01,-1.688320748507976532e-02,-7.528932765126228333e-03,-1.289269685745239258e+00,1.555085301399230957e+00,-4.346970558166503906e+00
1.975206136703491211e-01,-1.247460208833217621e-02,-5.705598741769790649e-04,-7.074763178825378418e-01,-2.128634929656982422e+00,2.672913551330566406e+00
2.125354856252670288e-01,-3.502590581774711609e-02,6.312781572341918945e-02,1.367154359817504883e+00,1.810901880264282227e+00,5.720706462860107422e+00
1.309071481227874756e-01,5.205281078815460205e-03,2.040203846991062164e-02,1.479680299758911133e+00,-1.629545927047729492e+00,-1.284140586853027344e+00
8.121695369482040405e-02,-1.045598369091749191e-02,9.573155082762241364e-03,-1.494046300649642944e-02,1.949350476264953613e+00,4.956692457199096680e-01
3.070561587810516357e-02,2.914090454578399658e-02,1.441637054085731506e-03,-1.428359985351562500e+00,6.288006901741027832e-02,1.190767526626586914e+00
-1.687820255756378174e-02,1.030641421675682068e-02,-1.031087152659893036e-02,-1.149625062942504883e+00,-1.381100177764892578e+00,4.229579567909240723e-01
1.115734875202178955e-02,-1.343568321317434311e-02,-1.913867890834808350e-03,5.806314945220947266e-01,1.912280619144439697e-01,-8.257213234901428223e-02
2.988256514072418213e-02,-5.994646344333887100e-03,-3.022091463208198547e-03,-7.747431993484497070e-01,3.622752726078033447e-01,-2.743228971958160400e-01
2.599558234214782715e-02,1.256662327796220779e-02,-5.881292745471000671e-03,-5.891595035791397095e-03,2.123131901025772095e-01,5.028538107872009277e-01
2.185605466365814209e-02,3.754060715436935425e-02,-1.344442181289196014e-02,-2.722999751567840576e-01,1.858123689889907837e-01,1.645959377288818359e+00
1.814885139465332031e-01,-2.303166873753070831e-02,-3.652387112379074097e-02,-5.102155208587646484e-01,1.515831708908081055e+00,1.865802764892578125e+00
2.413052916526794434e-01,-3.351479768753051758e-02,1.503155939280986786e-02,1.893136978149414062e+00,-1.466949105262756348e+00,-1.449735283851623535e+00
2.360142320394515991e-01,-2.464499883353710175e-02,4.751778021454811096e-02,-3.652196824550628662e-01,-5.767382621765136719e+00,-4.263365268707275391e+00
2.618849873542785645e-01,-1.104069501161575317e-01,-3.343438357114791870e-02,2.349693886935710907e-02,2.588519573211669922e+00,-6.113752365112304688e+00
2.183979153633117676e-01,-6.820522993803024292e-02,1.174492575228214264e-02,-6.675031185150146484e-01,-4.526037693023681641e+00,2.000267267227172852e+00
3.491777777671813965e-01,2.166074328124523163e-02,-1.685912720859050751e-02,3.218185305595397949e-01,-1.049455046653747559e+00,4.861891269683837891e-03
2.469931244850158691e-01,-4.774405062198638916e-02,2.373444661498069763e-02,-1.465302467346191406e+00,7.998379468917846680e-01,-5.159918785095214844e+00
2.770631313323974609e-01,-9.729072451591491699e-03,1.633482053875923157e-03,-1.576171755790710449e+00,-6.076280593872070312e+00,2.205877780914306641e+00
2.851603925228118896e-01,3.153510391712188721e-02,2.766605466604232788e-03,-8.830984830856323242e-01,1.185082197189331055e+00,6.717968940734863281e+00
3.200760781764984131e-01,-9.120267350226640701e-06,4.254286363720893860e-02,-2.011601328849792480e-01,-1.993744850158691406e+00,1.576531410217285156e+00
2.768262326717376709e-01,4.730580374598503113e-03,-3.284531459212303162e-02,4.482204616069793701e-01,1.181675910949707031e+00,2.014757156372070312e+00
3.517896234989166260e-01,-5.723695829510688782e-02,2.039770968258380890e-02,-9.864386320114135742e-01,-9.624493122100830078e-01,1.624655485153198242e+00
2.753942310810089111e-01,-4.741581529378890991e-02,2.290380559861660004e-02,1.913724780082702637e+00,-5.991626158356666565e-02,-8.424824476242065430e-01
3.396016359329223633e-01,-9.506194293498992920e-02,2.887042239308357239e-03,3.314213752746582031e+00,5.192605853080749512e-01,-4.811895370483398438e+00
3.465455174446105957e-01,-7.041015475988388062e-02,-1.296308450400829315e-02,-1.076844930648803711e+00,-2.856636762619018555e+00,-1.906989455223083496e+00
3.574445247650146484e-01,-4.995910450816154480e-03,-4.109648987650871277e-03,3.649095892906188965e-01,4.388402700424194336e-01,4.384508132934570312e+00
2.159234583377838135e-01,-2.011379003524780273e-01,8.751216530799865723e-02,3.790294647216796875e+00,6.551850438117980957e-01,-1.610216021537780762e+00
3.091218173503875732e-01,-3.672300279140472412e-02,1.195281930267810822e-02,-3.263031005859375000e+00,-3.017601013183593750e+00,-2.979283928871154785e-01
3.204263448715209961e-01,1.584396325051784515e-02,1.313262525945901871e-02,-4.717367291450500488e-01,8.682442307472229004e-01,1.814610004425048828e+00
3.863866031169891357e-01,2.934373728930950165e-02,-6.526181474328041077e-03,2.122792482376098633e+00,-3.149223566055297852e+00,4.915297031402587891e-03
2.929085493087768555e-01,-6.120732054114341736e-03,7.707811892032623291e-04,2.041460275650024414e+00,2.928060770034790039e+00,-4.498505115509033203e+00
3.629367947578430176e-01,1.237647514790296555e-02,4.975973069667816162e-02,-6.374396085739135742e-01,-1.926003932952880859e+00,5.501873970031738281e+00
3.121765851974487305e-01,-4.106121137738227844e-03,6.284615397453308105e-02,-4.149699211120605469e+00,-1.395543813705444336e+00,-1.171472311019897461e+00
2.442508488893508911e-01,4.711999557912349701e-03,-1.620649360120296478e-02,1.876078844070434570e+00,2.565557479858398438e+00,-8.450965881347656250e-01
2.033053040504455566e-01,1.019593421369791031e-02,1.752138324081897736e-02,-4.662322998046875000e-01,-2.238353967666625977e+00,1.595605134963989258e+00
2.728094160556793213e-01,2.347244648262858391e-03,6.189423054456710815e-02,-1.821071624755859375e+00,1.578784734010696411e-01,2.192892074584960938e+00
2.947950363159179688e-01,2.619262784719467163e-03,-5.765397101640701294e-03,1.657855510711669922e+00,1.478949487209320068e-01,1.060195118188858032e-01
2.914007306098937988e-01,-9.164114296436309814e-02,-1.350091211497783661e-02,4.968941509723663330e-01,1.491547465324401855e+00,-5.768700599670410156e+00
2.834498286247253418e-01,-4.472006112337112427e-02,-7.330799475312232971e-03,3.291001915931701660e-01,-3.618349552154541016e+00,1.418759107589721680e+00
3.043330311775207520e-01,3.241641446948051453e-02,9.595481678843498230e-03,-2.096515655517578125e+00,2.355923414230346680e+00,2.754625797271728516e+00
2.512268126010894775e-01,-4.622656106948852539e-02,4.331466555595397949e-02,1.550796627998352051e+00,-2.727501630783081055e+00,1.358044385910034180e+00
3.294452428817749023e-01,-3.222963958978652954e-02,-1.793624274432659149e-02,1.402223229408264160e+00,1.342868924140930176e+00,-5.710773468017578125e+00
3.254721164703369141e-01,-1.771085336804389954e-02,2.907090634107589722e-02,-2.736291408538818359e+00,-8.454014062881469727e-01,2.382885456085205078e+00
3.294705748558044434e-01,4.824342578649520874e-02,2.531888149678707123e-02,1.331742405891418457e+00,1.122247934341430664e+00,3.040976762771606445e+00
2.253252267837524414e-01,1.087713334709405899e-02,4.962661489844322205e-02,1.083148360252380371e+00,1.704144477844238281e+00,-7.476364135742187500e+00
3.477976918220520020e-01,-5.466238409280776978e-02,8.990820497274398804e-04,-2.174743175506591797e+00,-3.925698995590209961e+00,2.661502838134765625e+00
2.282851636409759521e-01,1.498444937169551849e-02,8.098442107439041138e-03,-2.601356744766235352e+00,-2.205747604370117188e+00,5.164294242858886719e-01
3.262445926666259766e-01,3.775891661643981934e-02,5.987720564007759094e-03,1.881440758705139160e+00,2.098569631576538086e+00,1.892925024032592773e+00
2.758205235004425049e-01,-6.158239394426345825e-02,5.904061719775199890e-03,1.433071017265319824e+00,-3.163188993930816650e-01,-4.928300857543945312e+00
2.130871862173080444e-01,3.204701095819473267e-02,6.380208581686019897e-02,6.104343533515930176e-01,3.512020409107208252e-01,-6.306921597570180893e-03
3.111782073974609375e-01,-1.036406215280294418e-02,1.507329009473323822e-02,1.646418571472167969e+00,2.051467418670654297e+00,-3.598784208297729492e+00
4.115818142890930176e-01,8.929691463708877563e-02,1.039709243923425674e-02,-4.509810924530029297e+00,-5.340446472167968750e+00,3.085557699203491211e+00
3.211748600006103516e-01,8.656071126461029053e-02,2.533897571265697479e-02,-1.106360077857971191e+00,1.711272478103637695e+00,3.728125095367431641e+00
3.729741573333740234e-01,-7.050236314535140991e-02,2.990061230957508087e-02,9.449242949485778809e-01,-4.773791134357452393e-01,-6.910471916198730469e+00
3.347052037715911865e-01,1.992353610694408417e-02,-7.229393348097801208e-03,-1.295380353927612305e+00,-2.928051471710205078e+00,8.865994215011596680e-01
3.007479906082153320e-01,-1.166960671544075012e-01,-1.976061798632144928e-02,2.157898426055908203e+00,-2.501746177673339844e+00,-1.307217884063720703e+01
1.655866950750350952e-01,-8.858945220708847046e-02,3.440622240304946899e-02,1.636366009712219238e+00,1.137818932533264160e+00,-1.236554336547851562e+01
1.836272329092025757e-01,-1.595108360052108765e-01,7.084403187036514282e-04,1.331337392330169678e-01,-1.417242646217346191e+00,-1.327177524566650391e+01
2.165669649839401245e-01,-7.103069126605987549e-02,2.168813720345497131e-02,-1.599240779876708984e+00,-7.778616547584533691e-01,-1.452856540679931641e+01
2.157869189977645874e-01,-1.683082431554794312e-01,4.697423428297042847e-03,1.198118090629577637e+00,1.643062353134155273e+00,-1.637515640258789062e+01
3.141422867774963379e-01,-5.351055413484573364e-02,-1.489565707743167877e-02,-9.107113480567932129e-01,-2.399524688720703125e+00,-4.785588264465332031e+00
2.653861045837402344e-01,1.255508605390787125e-02,-6.731878966093063354e-02,1.359427928924560547e+00,5.040700435638427734e-01,-1.000237464904785156e+00
2.320429831743240356e-01,-9.997535496950149536e-03,2.954402752220630646e-02,-1.037712216377258301e+00,2.432621240615844727e+00,1.658362150192260742e+00
2.619385123252868652e-01,-5.756999552249908447e-02,3.739595413208007812e-02,-1.886254429817199707e+00,-1.915666818618774414e+00,2.090061187744140625e+00
3.212640881538391113e-01,-1.951142400503158569e-02,1.663867570459842682e-02,1.898601889610290527e+00,-6.823703646659851074e-03,1.664913058280944824e+00
3.236532211303710938e-01,-6.581654399633407593e-02,3.377082943916320801e-02,4.861907660961151123e-01,5.903413295745849609e-01,-4.893653869628906250e+00
3.312420845031738281e-01,-6.683500856161117554e-02,9.583162143826484680e-03,-7.162602543830871582e-01,-2.063846111297607422e+00,-5.129712224006652832e-01
3.014756143093109131e-01,6.803482025861740112e-02,5.655451864004135132e-02,-1.184918403625488281e+00,-1.807874560356140137e+00,2.982416152954101562e+00
3.057152032852172852e-01,1.714285090565681458e-02,1.973447203636169434e-02,-8.159530162811279297e-01,2.616810798645019531e+00,-3.082353115081787109e+00
2.998615503311157227e-01,-6.517563015222549438e-03,1.952846534550189972e-02,-3.441348314285278320e+00,-7.949897646903991699e-01,3.639267086982727051e-01
3.070438206195831299e-01,3.311303630471229553e-02,3.072247281670570374e-02,5.876141190528869629e-01,-6.475201249122619629e-01,3.949927806854248047e+00
3.170889616012573242e-01,-3.268548846244812012e-02,1.245116256177425385e-02,7.167981937527656555e-03,3.145983457565307617e+00,-5.180992126464843750e+00
3.275284767150878906e-01,4.432189092040061951e-02,4.810384660959243774e-02,-2.120587825775146484e+00,-3.641459941864013672e+00,3.051418542861938477e+00
3.583447337150573730e-01,7.373530417680740356e-03,3.645816817879676819e-03,6.735755205154418945e-01,-5.437414646148681641e-01,6.423642039299011230e-01
3.026928305625915527e-01,2.478576451539993286e-02,-8.953725919127464294e-03,2.236180782318115234e+00,2.198603868484497070e+00,-8.534975647926330566e-01
3.497183322906494141e-01,5.137838423252105713e-03,4.059343785047531128e-02,-4.130884647369384766e+00,-2.779492855072021484e+00,1.343954205513000488e-01
3.130540549755096436e-01,-3.513731062412261963e-02,3.765162825584411621e-02,1.263040542602539062e+00,6.996932029724121094e-01,3.112140655517578125e+00
2.949523627758026123e-01,-5.975243076682090759e-02,2.397714368999004364e-02,2.277104139328002930e+00,6.391317248344421387e-01,-3.770654678344726562e+00
3.054588735103607178e-01,1.216283254325389862e-02,-2.515071071684360504e-02,-3.444485664367675781e+00,-2.810770511627197266e+00,7.500624060630798340e-01
3.243067264556884766e-01,8.378607220947742462e-03,2.525434084236621857e-02,2.194032430648803711e+00,1.832644820213317871e+00,4.186547756195068359e+00
3.237510919570922852e-01,-1.808444038033485413e-02,7.643660530447959900e-03,1.975453615188598633e+00,-2.545650482177734375e+00,-2.655157089233398438e+00
3.508595824241638184e-01,5.995748564600944519e-03,-4.042734205722808838e-02,1.138249754905700684e+00,-1.211937904357910156e+00,-1.662901043891906738e+00
2.052495628595352173e-01,-1.866575330495834351e-02,3.070388361811637878e-02,-4.146091639995574951e-01,1.136638760566711426e+00,-1.683914661407470703e+00
2.854804992675781250e-01,-1.520276963710784912e-01,3.995785489678382874e-03,3.859204769134521484e+00,-8.670438528060913086e-01,-1.516184806823730469e+01
2.222552299499511719e-01,-1.397451907396316528e-01,-3.176782280206680298e-02,-2.110148668289184570e+00,3.420770168304443359e-01,-1.489506721496582031e+01
2.216419130563735962e-01,-1.130901202559471130e-01,6.220085546374320984e-03,1.824401497840881348e+00,8.702525496482849121e-01,-1.092376899719238281e+01
2.119903713464736938e-01,-1.203515380620956421e-01,5.578007549047470093e-04,-1.635116219520568848e+00,-1.388204455375671387e+00,-1.290519237518310547e+01
3.099835515022277832e-01,-1.863120496273040771e-01,-3.888374194502830505e-03,8.260544389486312866e-03,-1.953873276710510254e+00,-1.133791160583496094e+01
2.756236195564270020e-01,2.704053651541471481e-03,1.350325904786586761e-02,1.577079057693481445e+00,2.105984926223754883e+00,-1.907256603240966797e+00
3.312135934829711914e-01,-2.558672986924648285e-02,2.713675983250141144e-02,1.461868286132812500e+00,-3.794714927673339844e+00,-1.611230373382568359e+00
2.164811789989471436e-01,-1.740703545510768890e-02,-9.267056360840797424e-03,-3.336348235607147217e-01,2.533727645874023438e+00,-3.727739810943603516e+00
2.888004183769226074e-01,9.722192771732807159e-03,3.322897106409072876e-02,4.504683911800384521e-01,7.390615940093994141e-01,2.349858045578002930e+00
3.535103797912597656e-01,2.515234053134918213e-02,3.504858165979385376e-02,1.716439574956893921e-01,-4.643712639808654785e-01,2.616984844207763672e+00
2.483608871698379517e-01,-3.637505322694778442e-02,1.932142302393913269e-02,1.766218543052673340e+00,1.063929796218872070e+00,-2.302311897277832031e+00
3.320111036300659180e-01,-2.647750452160835266e-02,-7.989862933754920959e-03,-6.949565410614013672e-01,-3.269847393035888672e+00,-3.722355365753173828e-01
2.664611935615539551e-01,4.423353821039199829e-02,7.922388613224029541e-05,2.540590047836303711e+00,1.854861140251159668e+00,1.308487415313720703e+00
3.030334413051605225e-01,1.050675567239522934e-02,5.161308497190475464e-02,-1.763407945632934570e+00,1.131188869476318359e+00,-3.972562551498413086e+00
3.499482870101928711e-01,1.257771439850330353e-02,-6.025394424796104431e-03,-9.627892971038818359e-01,-3.163717031478881836e+00,9.149434566497802734e-01
3.172232210636138916e-01,3.469430655241012573e-02,1.539534144103527069e-02,-1.350158810615539551e+00,1.647052288055419922e+00,6.247509002685546875e+00
3.264468908309936523e-01,-2.806203556247055531e-04,4.780510440468788147e-02,7.618356347084045410e-01,-1.724137187004089355e+00,1.462264358997344971e-01
3.040750622749328613e-01,-8.688034489750862122e-03,-5.858941003680229187e-03,9.686647653579711914e-01,-2.097965717315673828e+00,-3.331727027893066406e+00
2.757916450500488281e-01,1.189268194139003754e-02,3.410629928112030029e-02,6.296340227127075195e-01,2.654932498931884766e+00,2.997917175292968750e+00
2.889976799488067627e-01,-2.540192566812038422e-03,3.060100600123405457e-03,-9.521327018737792969e-01,-2.411543846130371094e+00,-3.614918231964111328e+00
2.634549736976623535e-01,-2.770621329545974731e-03,-3.756368160247802734e-02,2.641252994537353516e+00,4.062064170837402344e+00,-2.314824819564819336e+00
3.038098812103271484e-01,-1.749931136146187782e-03,2.136759832501411438e-02,-1.894724369049072266e+00,-7.660796642303466797e-01,-5.563142895698547363e-02
3.321566581726074219e-01,-8.401423692703247070e-03,2.469737827777862549e-02,-8.991227485239505768e-03,9.940253496170043945e-01,4.475445270538330078e+00
3.385521769523620605e-01,8.060754090547561646e-02,1.039538905024528503e-02,1.233047723770141602e+00,-7.028660774230957031e-01,-9.099011421203613281e-01
3.405521810054779053e-01,2.115412987768650055e-02,-1.920657046139240265e-02,-4.281391620635986328e+00,-2.872144222259521484e+00,3.091476261615753174e-01
3.480503559112548828e-01,1.957813650369644165e-02,3.574615716934204102e-02,-1.159113526344299316e+00,5.716350078582763672e-01,5.349686622619628906e+00
3.813031315803527832e-01,3.972794860601425171e-03,-2.689560875296592712e-03,6.252335011959075928e-02,-3.055521249771118164e-01,-9.252780079841613770e-01
3.209752440452575684e-01,-2.090768516063690186e-02,-1.148640178143978119e-02,1.555472135543823242e+00,1.560943603515625000e+00,-4.430908203125000000e+00
3.070151209831237793e-01,4.988775774836540222e-02,-1.776697672903537750e-02,-1.869009375572204590e+00,1.471728682518005371e+00,5.646595001220703125e+00
3.305556178092956543e-01,1.513337790966033936e-01,1.287844590842723846e-02,-3.378192663192749023e+00,9.036289453506469727e-01,1.254187583923339844e+01
2.372303307056427002e-01,7.258903235197067261e-02,1.817102544009685516e-02,3.213460147380828857e-01,-1.763555049896240234e+00,1.727400588989257812e+01
3.389815390110015869e-01,1.206750050187110901e-01,3.081594966351985931e-02,-4.462969779968261719e+00,-2.971509933471679688e+00,1.546143627166748047e+01
4.009952843189239502e-01,1.590209752321243286e-01,4.561065882444381714e-02,8.829431533813476562e-01,1.045268654823303223e+00,1.438884639739990234e+01
2.795611619949340820e-01,6.364503502845764160e-02,2.864349633455276489e-02,1.898099541664123535e+00,8.078312873840332031e-02,4.529719829559326172e+00
3.454956710338592529e-01,2.473746053874492645e-02,-3.692959994077682495e-02,-4.114473819732666016e+00,-4.616495609283447266e+00,1.858062624931335449e+00
3.375759422779083252e-01,4.736366122961044312e-02,-1.000752113759517670e-02,4.720225632190704346e-01,2.721643686294555664e+00,6.794308662414550781e+00
2.154119759798049927e-01,2.610417082905769348e-02,3.600417077541351318e-02,2.147687196731567383e+00,-3.936908245086669922e-01,-2.455081701278686523e+00
2.524084448814392090e-01,-1.693988032639026642e-02,3.866136074066162109e-03,-2.216700077056884766e+00,-2.675795793533325195e+00,-2.346519470214843750e+00
3.357121646404266357e-01,4.041597992181777954e-02,-1.214980334043502808e-02,8.848580718040466309e-01,2.803570985794067383e+00,5.478870391845703125e+00
3.293502926826477051e-01,-6.975815445184707642e-02,1.968284882605075836e-02,1.052066683769226074e+00,-6.553567051887512207e-01,-5.763174057006835938e+00
3.169926702976226807e-01,2.888352423906326294e-02,4.243383184075355530e-03,-2.958064317703247070e+00,-1.994822025299072266e+00,-1.952393293380737305e+00
2.275492250919342041e-01,1.135171484202146530e-02,1.911444962024688721e-02,-1.801917254924774170e-01,5.443102717399597168e-01,2.455640077590942383e+00
3.198346197605133057e-01,1.895922236144542694e-03,-7.884930819272994995e-04,-6.343204379081726074e-01,-1.470244646072387695e+00,-1.274098753929138184e-01
3.177689909934997559e-01,-9.029539301991462708e-03,-6.165470927953720093e-03,6.308043599128723145e-01,2.174706459045410156e+00,-1.554278850555419922e+00
3.099288940429687500e-01,5.988853424787521362e-02,2.948570251464843750e-02,-3.759428858757019043e-01,7.471019029617309570e-01,6.178907871246337891e+00
3.011009693145751953e-01,5.541523918509483337e-03,3.668501973152160645e-02,8.807036876678466797e-01,-3.474189996719360352e+00,-2.819286346435546875e+00
2.955964803695678711e-01,-7.924608886241912842e-02,-3.002331592142581940e-02,-2.908819675445556641e+00,4.578602790832519531e+00,-2.452301263809204102e+00
3.099164366722106934e-01,-3.127463907003402710e-02,7.281980663537979126e-02,9.550005197525024414e-01,1.871409654617309570e+00,5.415078639984130859e+00
3.261556923389434814e-01,-1.136457733809947968e-02,-4.158915951848030090e-03,1.681820511817932129e+00,-1.976087212562561035e+00,-1.805764198303222656e+00
3.175808191299438477e-01,1.103204302489757538e-02,-6.722370162606239319e-03,-3.998146206140518188e-02,9.536267518997192383e-01,-1.667608618736267090e-01
3.300716280937194824e-01,1.556304283440113068e-02,2.016650512814521790e-03,-2.040679931640625000e+00,-3.096551895141601562e+00,4.805218696594238281e+00
2.550876736640930176e-01,-3.696755319833755493e-02,-1.715082302689552307e-02,3.062289357185363770e-01,1.543194174766540527e+00,1.599433183670043945e+00
3.305506408214569092e-01,-2.026217989623546600e-02,-4.836206883192062378e-02,2.817953109741210938e+00,3.383231878280639648e+00,-3.716928482055664062e+00
2.649891674518585205e-01,-1.505769323557615280e-03,3.233369439840316772e-03,-9.164513945579528809e-01,-8.802542090415954590e-01,1.979889869689941406e+00
3.242986202239990234e-01,1.161129772663116455e-02,1.215231977403163910e-02,1.008326411247253418e+00,1.961911171674728394e-01,5.281902313232421875e+00
2.735739350318908691e-01,1.318564172834157944e-02,6.108166649937629700e-03,1.420268774032592773e+00,5.444271564483642578e-01,-2.351467847824096680e+00
3.342795372009277344e-01,-4.884500801563262939e-02,-1.009826175868511200e-02,-9.861289262771606445e-01,-1.283799171447753906e+00,5.775630474090576172e-01
2.907232046127319336e-01,2.404677122831344604e-02,2.501352317631244659e-02,8.857154250144958496e-01,2.006765842437744141e+00,1.913001775741577148e+00
3.185291290283203125e-01,-1.233382709324359894e-02,2.351577766239643097e-02,-3.084000349044799805e+00,-8.849117159843444824e-01,-7.263714790344238281e+00
2.596574425697326660e-01,4.013354703783988953e-02,-3.037009947001934052e-02,-7.586207985877990723e-01,-9.357286095619201660e-01,1.937203645706176758e+00
2.670326232910156250e-01,-5.947751924395561218e-03,-2.122148685157299042e-02,-3.026534616947174072e-01,-5.078297257423400879e-01,-1.600443005561828613e+00
2.123958766460418701e-01,-4.400775581598281860e-02,-1.805884763598442078e-03,3.593932390213012695e+00,-3.965914994478225708e-02,-6.928335189819335938e+00
2.440645694732666016e-01,-1.094010546803474426e-01,2.367357723414897919e-02,3.179083466529846191e-01,-6.294224858283996582e-01,-1.344231700897216797e+01
1.731913387775421143e-01,-1.410002559423446655e-01,4.216601699590682983e-02,-7.088799029588699341e-02,-1.545760869979858398e+00,-1.056895828247070312e+01
1.962619423866271973e-01,-1.545822173357009888e-01,4.682876169681549072e-05,1.441657662391662598e+00,-3.188489437103271484e+00,-1.421517562866210938e+01
1.862182319164276123e-01,-1.701701432466506958e-01,-6.129520013928413391e-03,-1.833425462245941162e-01,-6.618549227714538574e-01,-1.766498947143554688e+01
3.100964426994323730e-01,-8.165819942951202393e-02,1.021682657301425934e-02,1.379548549652099609e+00,-6.581956744194030762e-01,-1.236722946166992188e+01
2.746564149856567383e-01,-1.371107101440429688e-01,4.596181213855743408e-02,3.415304660797119141e+00,1.218611598014831543e-01,-6.373370170593261719e+00
3.082282543182373047e-01,-6.217476725578308105e-02,3.137648105621337891e-02,2.707439661026000977e+00,1.450072675943374634e-01,-6.120177268981933594e+00
3.662230968475341797e-01,-5.492687225341796875e-02,-2.378299646079540253e-02,-1.926556348800659180e+00,-3.377938270568847656e+00,5.041542053222656250e-01
3.140794634819030762e-01,7.588993757963180542e-03,1.092414371669292450e-02,1.303689241409301758e+00,1.695847153663635254e+00,3.963611841201782227e+00
2.234432697296142578e-01,1.463731937110424042e-02,1.924880780279636383e-02,-1.805890649557113647e-01,-3.388223648071289062e+00,-1.526986241340637207e+00
3.476191759109497070e-01,1.651891879737377167e-02,-3.476144373416900635e-02,1.484326481819152832e+00,4.186478137969970703e+00,-2.609859108924865723e-01
3.022041916847229004e-01,1.149504911154508591e-02,1.953494176268577576e-02,-3.499945640563964844e+00,-2.621818780899047852e+00,6.777155399322509766e-01
2.976596355438232422e-01,9.966317564249038696e-03,-4.114923998713493347e-03,3.593452870845794678e-01,9.095447659492492676e-01,4.021714210510253906e+00
3.097434043884277344e-01,-5.156579427421092987e-03,1.365661434829235077e-02,1.572017073631286621e+00,2.706467866897583008e+00,-4.278836250305175781e+00
3.390436172485351562e-01,3.583362326025962830e-02,6.663834676146507263e-03,-3.041576862335205078e+00,-4.816372871398925781e+00,1.613142132759094238e+00
2.899153232574462891e-01,-7.694648578763008118e-03,-2.301522903144359589e-02,2.966262698173522949e-01,3.142832279205322266e+00,-6.289410591125488281e-02
3.706390261650085449e-01,1.205329550430178642e-03,2.470105886459350586e-02,1.742530941963195801e+00,-8.555614948272705078e-02,-2.286497831344604492e+00
3.373036384582519531e-01,2.552470751106739044e-02,-2.454154752194881439e-02,-7.495757341384887695e-01,1.035898566246032715e+00,-1.761682510375976562e+00
3.593958616256713867e-01,2.543889544904232025e-02,3.923816233873367310e-02,-4.203703105449676514e-01,3.513915836811065674e-02,6.221680641174316406e+00
3.437374234199523926e-01,-3.614505752921104431e-02,3.660695627331733704e-02,-1.091195702552795410e+00,-1.017654612660408020e-01,-3.364337444305419922e+00
3.599420189857482910e-01,-2.693707123398780823e-03,-1.694094203412532806e-02,1.089173913002014160e+00,7.066251635551452637e-01,2.458431243896484375e+00
3.773414492607116699e-01,5.071455985307693481e-02,6.603309884667396545e-03,-5.829562544822692871e-01,-2.262267589569091797e+00,5.516164779663085938e+00
2.735509276390075684e-01,-1.376132713630795479e-03,1.333422120660543442e-02,-1.296821117401123047e+00,5.055230259895324707e-01,-2.955449342727661133e+00
3.217644095420837402e-01,-9.803529828786849976e-03,4.849990829825401306e-03,-2.333654463291168213e-01,-1.660910487174987793e+00,-1.977323770523071289e+00
2.313452363014221191e-01,2.139316499233245850e-02,2.895558252930641174e-02,-1.525461196899414062e+00,1.803092598915100098e+00,2.669631481170654297e+00
3.280950188636779785e-01,-2.290117926895618439e-02,-1.471316441893577576e-03,-9.409965276718139648e-01,3.457885980606079102e-01,-4.549040198326110840e-01
3.467601835727691650e-01,2.054381743073463440e-02,-2.307861112058162689e-02,3.736915588378906250e+00,1.626974344253540039e+00,1.948101818561553955e-02
2.555849850177764893e-01,-1.442429702728986740e-02,2.483358047902584076e-02,-4.867951393127441406e+00,-2.749579906463623047e+00,6.198095083236694336e-01
3.278726935386657715e-01,1.697455346584320068e-02,2.927259728312492371e-02,-1.432728916406631470e-01,2.622252106666564941e-01,7.780799865722656250e-01
3.013025522232055664e-01,2.968594618141651154e-02,3.034603968262672424e-02,-9.711796641349792480e-01,-7.385914325714111328e-01,-2.607074260711669922e+00
3.405657112598419189e-01,-3.820409998297691345e-02,-8.754311129450798035e-03,-2.458288192749023438e+00,-9.970306158065795898e-01,-1.551735877990722656e+00
3.292907476425170898e-01,3.118524700403213501e-02,-2.360004931688308716e-03,1.722681522369384766e+00,3.433659076690673828e+00,4.790750980377197266e+00
3.366175889968872070e-01,-5.124159902334213257e-02,9.979696944355964661e-03,1.289209872484207153e-01,-9.432697296142578125e-01,-2.360718965530395508e+00
3.308422565460205078e-01,3.896471485495567322e-02,-1.318871788680553436e-02,8.032237887382507324e-01,3.495639324188232422e+00,-1.968114495277404785e+00
3.448338806629180908e-01,-7.162745110690593719e-03,2.181483618915081024e-02,-1.412823677062988281e+00,-1.644222974777221680e+00,1.833669304847717285e+00
3.962781727313995361e-01,1.308001391589641571e-02,4.038196057081222534e-04,-5.017943382263183594e-01,-7.030895948410034180e-01,7.869548201560974121e-01
3.359926342964172363e-01,1.879725791513919830e-02,-2.089784480631351471e-02,1.761984109878540039e+00,2.867759704589843750e+00,-4.009248733520507812e+00
2.590701282024383545e-01,-2.217494510114192963e-02,-3.004616312682628632e-02,1.131861567497253418e+00,-1.635445237159729004e+00,-1.691099703311920166e-01
2.928967475891113281e-01,7.506457157433032990e-03,3.983639553189277649e-02,1.550107717514038086e+00,5.632919669151306152e-01,2.353597879409790039e+00
3.121884167194366455e-01,6.797210779041051865e-03,1.916761696338653564e-02,-1.491811752319335938e+00,-2.198343753814697266e+00,-1.643270492553710938e+00
3.619812130928039551e-01,2.176948636770248413e-02,4.499031230807304382e-03,2.237133979797363281e+00,1.560950040817260742e+00,-7.133892178535461426e-01
3.193625211715698242e-01,6.064307875931262970e-03,-1.082566194236278534e-02,-2.166794061660766602e+00,-1.906054139137268066e+00,-4.869082570075988770e-01
3.163451552391052246e-01,-2.071784995496273041e-02,-2.790840901434421539e-02,-2.702247500419616699e-01,1.740207672119140625e-01,-1.226884365081787109e+00
3.283198475837707520e-01,4.075874388217926025e-02,7.102338969707489014e-02,1.486135005950927734e+00,2.826162815093994141e+00,-2.161395311355590820e+00
3.690305948257446289e-01,-5.959763377904891968e-02,1.335861161351203918e-03,-1.716615676879882812e+00,-4.123360812664031982e-01,-4.743517875671386719e+00
2.784462273120880127e-01,-1.000060811638832092e-01,9.374215453863143921e-02,2.282225847244262695e+00,1.204517006874084473e+00,-1.007081508636474609e+01
3.332080543041229248e-01,-6.887432932853698730e-02,1.520864106714725494e-02,7.834058403968811035e-01,-1.900477766990661621e+00,-1.266020488739013672e+01
2.236019074916839600e-01,-4.669427499175071716e-02,-1.016467809677124023e-03,4.859794080257415771e-01,1.573426961898803711e+00,-1.302861595153808594e+01
2.410153150558471680e-01,-1.999705135822296143e-01,-1.717858761548995972e-02,7.970669865608215332e-01,-1.687519311904907227e+00,-1.267889308929443359e+01
2.320208847522735596e-01,-1.434254944324493408e-01,2.484581060707569122e-02,3.974550366401672363e-01,-1.303563714027404785e+00,-1.754407501220703125e+01
1.269704848527908325e-01,-1.809256970882415771e-01,-2.289197221398353577e-02,1.714383125305175781e+00,2.811162233352661133e+00,-1.712026596069335938e+01
3.288683891296386719e-01,-5.552796274423599243e-02,1.862427033483982086e-02,-2.101356983184814453e+00,-1.794375777244567871e+00,-8.935242891311645508e-01
3.496878445148468018e-01,-1.470980048179626465e-02,2.978551201522350311e-02,1.377233505249023438e+00,-1.024223566055297852e+00,-2.202609300613403320e+00
2.590228915214538574e-01,-4.199336841702461243e-02,-1.858476735651493073e-02,9.445724487304687500e-01,2.907161474227905273e+00,-4.534304618835449219e+00
3.588170409202575684e-01,-2.566854655742645264e-02,5.752599239349365234e-02,-1.391973018646240234e+00,-1.505172014236450195e+00,-1.435729980468750000e+00
2.270999103784561157e-01,-4.260956309735774994e-03,5.825841799378395081e-03,1.494046330451965332e+00,-1.126588821411132812e+00,-2.009465217590332031e+00
2.818973362445831299e-01,-3.075875341892242432e-02,9.980054572224617004e-03,1.299454569816589355e+00,2.155400276184082031e+00,-6.545217514038085938e+00
3.462121486663818359e-01,4.118470847606658936e-02,-6.540982052683830261e-03,-4.840053081512451172e+00,-2.403012990951538086e+00,-2.015152215957641602e+00
3.078948259353637695e-01,8.240574598312377930e-02,-1.900794170796871185e-02,2.073577642440795898e-01,1.399083614349365234e+00,5.498678684234619141e+00
3.730688691139221191e-01,1.572600565850734711e-02,4.069213569164276123e-02,-1.539549112319946289e+00,4.608310163021087646e-01,-2.810181856155395508e+00
3.475749492645263672e-01,2.345273457467556000e-02,2.751478366553783417e-02,-3.462272405624389648e+00,-2.261336326599121094e+00,6.455351829528808594e+00
3.240093588829040527e-01,1.188354194164276123e-01,-1.133595965802669525e-02,2.038557976484298706e-01,1.961474061012268066e+00,1.191536235809326172e+01
3.623822331428527832e-01,1.114757210016250610e-01,-2.372188493609428406e-03,-9.215687513351440430e-01,8.173968791961669922e-01,8.921098709106445312e+00
3.257139325141906738e-01,-2.236133813858032227e-02,5.485095456242561340e-02,5.417835116386413574e-01,-2.457338094711303711e+00,4.999089241027832031e+00
2.248640656471252441e-01,-7.336530089378356934e-02,-5.061198025941848755e-03,1.216536402702331543e+00,2.252041578292846680e+00,-1.759444832801818848e+00
3.227676749229431152e-01,-6.351159512996673584e-02,-8.816776797175407410e-03,-6.084342002868652344e-01,-8.665434122085571289e-01,-1.177191734313964844e+01
3.363986909389495850e-01,-9.361101686954498291e-02,1.997579820454120636e-02,5.232834219932556152e-01,2.322067022323608398e+00,-1.690394997596740723e+00
2.378076463937759399e-01,-2.688438817858695984e-02,2.018598839640617371e-03,8.604496121406555176e-01,2.860391139984130859e+00,1.313892126083374023e+00
3.084829449653625488e-01,-7.445270568132400513e-02,-5.717705935239791870e-04,8.712742328643798828e-01,-1.487528681755065918e+00,-1.169182872772216797e+01
3.518150448799133301e-01,5.568948015570640564e-02,1.979348808526992798e-02,-7.721970677375793457e-01,-1.390066027641296387e+00,4.155497550964355469e+00
4.085161685943603516e-01,3.532950580120086670e-02,3.041889891028404236e-02,-3.457512557506561279e-01,-1.047030091285705566e+00,1.419429063796997070e+00
3.094995915889739990e-01,-3.862704336643218994e-02,-1.696427352726459503e-02,4.001085758209228516e-01,3.102071762084960938e+00,-3.092610597610473633e+00
2.985877692699432373e-01,2.871919609606266022e-02,2.452144771814346313e-02,-1.001782774925231934e+00,8.730221986770629883e-01,2.152165889739990234e+00
3.258365988731384277e-01,-4.132688045501708984e-04,-1.474080607295036316e-03,-1.531249582767486572e-01,-2.313306093215942383e+00,-1.977756977081298828e+00
3.356793522834777832e-01,8.377574384212493896e-03,-4.344300553202629089e-02,-3.460348844528198242e-01,3.980815410614013672e-01,-3.811031579971313477e+00
3.413097858428955078e-01,3.147283196449279785e-02,-8.069742470979690552e-04,5.911923646926879883e-01,-1.290224790573120117e+00,5.078092575073242188e+00
3.492348194122314453e-01,1.218134630471467972e-02,2.476461417973041534e-02,1.290543556213378906e+00,-1.312473177909851074e+00,-9.106142520904541016e-01
3.583995699882507324e-01,-6.139503791928291321e-03,1.095006056129932404e-02,5.550053715705871582e-02,-1.328289985656738281e+00,3.745672464370727539e+00
3.583028316497802734e-01,-4.913229495286941528e-04,2.437988854944705963e-02,-1.672083258628845215e+00,-4.428188204765319824e-01,4.330737113952636719e+00
3.849867880344390869e-01,-2.874270640313625336e-02,1.235863380134105682e-02,-6.109634637832641602e-01,-1.899021863937377930e+00,-2.094689846038818359e+00
3.873529136180877686e-01,3.505870699882507324e-04,-3.028875216841697693e-03,5.921836495399475098e-01,-1.236084818840026855e+00,-1.566750288009643555e+00
2.275444865226745605e-01,-2.446799166500568390e-02,1.644458994269371033e-02,4.878464639186859131e-01,2.663512945175170898e+00,9.746175408363342285e-01
3.192060887813568115e-01,-1.206984370946884155e-02,-1.176481880247592926e-02,1.848456263542175293e-01,-6.735675930976867676e-01,-1.337824225425720215e+00
3.569411933422088623e-01,7.173055782914161682e-03,3.188723325729370117e-02,3.802309185266494751e-02,3.143159627914428711e+00,-1.674949526786804199e+00
2.985800504684448242e-01,-8.633155375719070435e-03,3.115361556410789490e-02,-1.078062430024147034e-01,1.087570309638977051e+00,5.184572935104370117e-01
3.477319478988647461e-01,1.492881588637828827e-02,8.955495432019233704e-03,4.495804607868194580e-01,-7.004812955856323242e-01,3.034779548645019531e+00
3.448531925678253174e-01,2.019445598125457764e-02,3.922154009342193604e-02,-1.179433822631835938e+00,1.066221117973327637e+00,-1.695811152458190918e+00
3.231020569801330566e-01,-1.149050705134868622e-02,5.461855977773666382e-02,-2.324708938598632812e+00,-3.679748535156250000e+00,2.218489408493041992e+00
3.015943169593811035e-01,-1.141842268407344818e-02,1.441209577023983002e-02,9.974570870399475098e-01,-1.420413255691528320e+00,4.450539350509643555e-01
2.996904850006103516e-01,7.385551929473876953e-03,-2.848994545638561249e-02,1.101449728012084961e+00,4.786092281341552734e+00,-2.386691093444824219e+00
3.771290779113769531e-01,-5.802870914340019226e-02,3.936920687556266785e-02,-1.318321228027343750e+00,-1.792723417282104492e+00,1.302094757556915283e-01
3.117193281650543213e-01,2.134372247382998466e-03,3.094761818647384644e-02,-1.143793940544128418e+00,3.669752478599548340e-01,-7.536650300025939941e-01
3.558393120765686035e-01,1.836707442998886108e-02,-7.641537114977836609e-03,3.201061248779296875e+00,6.174517273902893066e-01,2.410024881362915039e+00
3.369611203670501709e-01,-5.892661213874816895e-02,3.514243289828300476e-03,-2.667256832122802734e+00,-2.503747940063476562e+00,-4.745289683341979980e-01
3.948478102684020996e-01,-8.887108415365219116e-03,1.212125457823276520e-02,1.847933769226074219e+00,2.249962985515594482e-01,5.431464314460754395e-01
3.331929445266723633e-01,-1.443837769329547882e-02,-4.315081238746643066e-02,9.118914604187011719e-01,2.096212387084960938e+00,-2.270716428756713867e-02
4.025559425354003906e-01,-6.130458414554595947e-02,-1.947341486811637878e-03,-4.322923660278320312e+00,-3.056166648864746094e+00,2.792992293834686279e-01
3.584343791007995605e-01,2.522974647581577301e-02,-3.417370840907096863e-03,1.445842862129211426e+00,9.798499941825866699e-01,3.967775344848632812e+00
2.968000769615173340e-01,-6.672894954681396484e-02,-2.653507515788078308e-03,2.657104969024658203e+00,2.386947154998779297e+00,-1.402124166488647461e+00
3.690588772296905518e-01,-3.579451143741607666e-02,1.131955534219741821e-02,-2.985172033309936523e+00,-1.377160191535949707e+00,9.483569264411926270e-01
3.162988424301147461e-01,-1.265370473265647888e-02,-1.674784906208515167e-02,-2.278926372528076172e-01,-1.250009894371032715e+00,-3.138788938522338867e+00
3.228200674057006836e-01,-7.519206032156944275e-03,-7.588705047965049744e-03,-1.058786988258361816e+00,7.068482041358947754e-02,-5.423520088195800781e+00
3.248432874679565430e-01,-8.221247792243957520e-02,4.470979422330856323e-02,1.230402290821075439e-01,2.540493011474609375e-01,-4.600932121276855469e+00
1.421225070953369141e-01,-8.558338135480880737e-02,9.778644889593124390e-04,-6.142517924308776855e-01,-1.392675399780273438e+00,-1.177469158172607422e+01
2.488966733217239380e-01,-1.028368249535560608e-01,5.107881501317024231e-03,-2.778948247432708740e-01,-2.370750665664672852e+00,-1.201006031036376953e+01
2.902538776397705078e-01,2.789701148867607117e-02,-1.173138618469238281e-03,-1.003587126731872559e+00,-1.303090095520019531e+00,6.689288616180419922e-01
3.467306494712829590e-01,8.170237392187118530e-02,2.610363624989986420e-02,9.628971219062805176e-01,-6.267216205596923828e-01,1.073140048980712891e+01
2.538466453552246094e-01,7.491583377122879028e-02,1.233589276671409607e-02,-3.038937091827392578e+00,-2.854367494583129883e+00,4.872553825378417969e+00
2.757533192634582520e-01,1.257161498069763184e-01,5.086268857121467590e-02,5.696699619293212891e-01,-2.653445482254028320e+00,1.468758583068847656e+01
3.101021051406860352e-01,2.362570539116859436e-02,-9.721709415316581726e-03,-2.336198329925537109e+00,-7.435415387153625488e-01,5.698543548583984375e+00
2.476659268140792847e-01,-3.054117783904075623e-02,2.792203798890113831e-03,2.827610969543457031e-01,2.298707962036132812e+00,-2.105723381042480469e+00
2.488925457000732422e-01,-1.319156773388385773e-02,2.882849611341953278e-02,4.941335320472717285e-01,2.410731315612792969e+00,-1.389734029769897461e+00
2.825532853603363037e-01,-5.300870537757873535e-02,6.223344057798385620e-02,-1.193925261497497559e+00,-7.496253252029418945e-01,1.947301387786865234e+00
3.120961785316467285e-01,8.626322448253631592e-02,-1.926608383655548096e-03,-1.559219241142272949e+00,-2.052032232284545898e+00,5.954044461250305176e-01
3.941559195518493652e-01,2.591259963810443878e-02,-2.323018386960029602e-02,1.332530140876770020e+00,2.744148254394531250e+00,2.869976043701171875e+00
3.987475633621215820e-01,-3.015464171767234802e-02,2.491367422044277191e-02,-2.640462636947631836e+00,-3.546697854995727539e+00,6.485239267349243164e-01
3.599970340728759766e-01,1.728576794266700745e-02,-9.127864614129066467e-03,-4.697460532188415527e-01,-1.699201941490173340e+00,9.823357462882995605e-01
2.983110547065734863e-01,-1.177524961531162262e-02,2.498626150190830231e-02,-8.196055889129638672e-01,5.396073460578918457e-01,-2.339047670364379883e+00
3.711898922920227051e-01,-7.734962552785873413e-02,-1.557894982397556305e-02,-1.001984953880310059e+00,-1.808970332145690918e+00,5.704689025878906250e-02
3.001971244812011719e-01,-7.875066995620727539e-02,-2.545172348618507385e-03,2.344850540161132812e+00,-3.069386482238769531e-01,-1.919832468032836914e+00
2.983322143554687500e-01,-3.937525302171707153e-02,3.716732561588287354e-02,2.118788480758666992e+00,2.040200710296630859e+00,-2.145304679870605469e+00
3.815602660179138184e-01,-3.936208039522171021e-02,-1.152183674275875092e-02,-1.949420094490051270e+00,-4.129369735717773438e+00,-5.158761739730834961e-01
4.017684459686279297e-01,-4.271391034126281738e-02,1.202900893986225128e-02,-4.351405799388885498e-01,2.402030676603317261e-02,4.338216781616210938e+00
3.388955593109130859e-01,-5.244020000100135803e-02,1.998305507004261017e-02,8.055824637413024902e-01,2.973759174346923828e-01,1.175980091094970703e+00
3.552499413490295410e-01,-8.821178972721099854e-02,-4.601307958364486694e-02,-1.396377682685852051e+00,-3.502741098403930664e+00,1.629519939422607422e+00
2.703382372856140137e-01,-4.463935270905494690e-02,-3.024768084287643433e-03,4.384453594684600830e-01,3.267346620559692383e+00,1.946630030870437622e-01
3.059531450271606445e-01,-7.454069703817367554e-02,-5.533130839467048645e-03,2.428312301635742188e+00,4.241860389709472656e+00,-2.265745639801025391e+00
2.847285270690917969e-01,-3.364185988903045654e-02,2.069315128028392792e-02,7.606323957443237305e-01,-8.437644839286804199e-01,-9.947835803031921387e-01
1.589232981204986572e-01,-4.179947450757026672e-02,1.647374778985977173e-02,-5.224292874336242676e-01,-1.283313632011413574e+00,-1.516951847076416016e+01
1.710440516471862793e-01,-1.530311107635498047e-01,4.322259128093719482e-02,2.810508012771606445e-03,3.420609831809997559e-01,-1.906116676330566406e+01
2.922977209091186523e-01,-1.546082496643066406e-01,2.272486872971057892e-02,2.998049259185791016e+00,5.705265998840332031e-01,-1.647554397583007812e+01
2.688392400741577148e-01,-1.180620044469833374e-01,-3.450086340308189392e-03,5.553399324417114258e-01,1.007284760475158691e+00,-2.295012235641479492e+00
3.084231913089752197e-01,-9.407391399145126343e-02,4.849351942539215088e-02,9.661357998847961426e-01,1.584192067384719849e-01,-1.346499347686767578e+01
3.235182762145996094e-01,-7.707729190587997437e-02,8.934637531638145447e-03,1.159566640853881836e+00,4.381690025329589844e-01,-1.654079437255859375e+00
3.631857633590698242e-01,2.907458692789077759e-03,-5.895717069506645203e-03,6.159789562225341797e-01,-6.715774536132812500e-01,3.343636691570281982e-01
3.243581652641296387e-01,-1.144222915172576904e-03,3.809908777475357056e-02,1.807024717330932617e+00,1.803018093109130859e+00,-5.066650390625000000e+00
2.886301577091217041e-01,-7.149999588727951050e-02,6.683361530303955078e-02,-1.758548259735107422e+00,-2.725154876708984375e+00,-2.462460517883300781e+00
3.415958881378173828e-01,-4.663119465112686157e-02,4.320116341114044189e-02,1.245302081108093262e+00,-5.120882987976074219e+00,2.084446430206298828e+00
3.081313371658325195e-01,-7.193346321582794189e-02,1.684892922639846802e-04,1.008905768394470215e+00,-1.579481601715087891e+00,-1.770776748657226562e+00
2.957027554512023926e-01,-2.293643355369567871e-02,2.141775749623775482e-02,-1.791617751121520996e+00,4.566031098365783691e-01,2.049200296401977539e+00
2.563129961490631104e-01,-5.244375765323638916e-02,7.746066898107528687e-03,9.265924692153930664e-01,-6.081343889236450195e-01,-9.153631210327148438e+00
2.129390835762023926e-01,-4.309186339378356934e-02,5.057256668806076050e-03,-2.427672743797302246e-01,-1.113158106803894043e+00,3.539270162582397461e+00
2.360896468162536621e-01,-2.014816924929618835e-02,2.347975783050060272e-02,2.189041852951049805e+00,5.096437335014343262e-01,-5.722704887390136719e+00
2.092553675174713135e-01,-1.429856866598129272e-01,3.429408371448516846e-02,4.477607458829879761e-02,-1.202997326850891113e+00,-1.516991329193115234e+01
2.245118319988250732e-01,-1.688746958971023560e-01,3.513407707214355469e-02,-7.857640981674194336e-01,-6.910873949527740479e-02,-1.725276374816894531e+01
2.427498400211334229e-01,-1.660890579223632812e-01,5.510428920388221741e-03,4.462563037872314453e+00,-1.977520346641540527e+00,-2.439864349365234375e+01
3.053548932075500488e-01,-1.692264229059219360e-01,4.245275631546974182e-03,1.067399621009826660e+00,-1.269107937812805176e+00,-1.636799812316894531e+01
2.154714465141296387e-01,-1.579099893569946289e-02,9.930061176419258118e-03,-6.790588498115539551e-01,5.717577338218688965e-01,1.165608644485473633e+00
3.098594546318054199e-01,-3.933630883693695068e-02,-1.227853260934352875e-02,1.147616147994995117e+00,1.631304621696472168e+00,-6.237663269042968750e+00
3.462591767311096191e-01,5.407836288213729858e-03,2.198433689773082733e-02,-2.787878513336181641e+00,5.663374662399291992e-01,4.860971927642822266e+00
2.844913601875305176e-01,-6.252320855855941772e-02,1.838110946118831635e-02,5.284524559974670410e-01,-1.046865582466125488e+00,-3.008846521377563477e+00
1.922647356986999512e-01,-5.803270637989044189e-02,-8.637065067887306213e-03,-1.331199049949645996e+00,-3.152004480361938477e+00,-5.024588584899902344e+00
3.192112445831298828e-01,3.154078125953674316e-02,2.037954702973365784e-02,7.051841020584106445e-01,1.360626935958862305e+00,4.093806266784667969e+00
2.905005216598510742e-01,-1.452583819627761841e-04,-2.376263961195945740e-03,3.748010396957397461e+00,-1.678518205881118774e-01,-3.452860355377197266e+00
3.284618258476257324e-01,3.257697075605392456e-02,2.731237933039665222e-02,-3.225968599319458008e+00,-4.532230377197265625e+00,5.145644187927246094e+00
3.164507746696472168e-01,-6.242530047893524170e-02,-1.891718618571758270e-02,2.162752449512481689e-01,7.428458929061889648e-01,-2.558595657348632812e+00
3.306133151054382324e-01,1.836870610713958740e-02,3.162147477269172668e-03,1.065755605697631836e+00,-4.571499824523925781e-01,3.487351894378662109e+00
2.847709655761718750e-01,9.402170777320861816e-02,3.985958173871040344e-03,-3.302325963973999023e+00,1.165659666061401367e+00,8.831599235534667969e+00
2.431547641754150391e-01,8.852858841419219971e-02,-2.355867996811866760e-03,-1.634316682815551758e+00,-4.749789834022521973e-03,1.160144615173339844e+01
3.025376796722412109e-01,5.311309546232223511e-02,2.122147753834724426e-02,-4.720441818237304688e+00,-3.966825604438781738e-01,1.811475181579589844e+01
3.282218277454376221e-01,1.046297550201416016e-01,-2.769949845969676971e-02,-1.339555859565734863e+00,-7.813794136047363281e+00,1.067614078521728516e+00
2.148929387331008911e-01,8.905938267707824707e-02,1.189413294196128845e-02,4.705785274505615234e+00,2.027253627777099609e+00,1.163817596435546875e+01
3.134275972843170166e-02,9.949326515197753906e-03,1.008236780762672424e-03,-1.254030585289001465e+00,6.056526303291320801e-01,3.846243143081665039e+00
-3.413698822259902954e-02,3.973755240440368652e-02,5.010040849447250366e-02,-3.412086963653564453e-01,2.026983797550201416e-01,2.835171520709991455e-01
4.286968708038330078e-02,-2.920215949416160583e-03,-3.926990553736686707e-03,-3.937320411205291748e-02,5.464544296264648438e-01,2.864275872707366943e-01
-3.294496238231658936e-02,-3.522636368870735168e-03,1.526011154055595398e-03,1.855128854513168335e-01,-4.428198933601379395e-02,7.607517391443252563e-02
1.958143711090087891e-02,-1.552759297192096710e-02,1.603710837662220001e-02,8.666697740554809570e-01,-2.201462090015411377e-01,-7.504548430442810059e-01
7.577940821647644043e-03,2.057245373725891113e-02,-2.388063259422779083e-02,1.758823394775390625e-01,1.468179821968078613e+00,5.457817018032073975e-02
-1.015409827232360840e-03,6.656335666775703430e-03,4.673453047871589661e-03,7.900722324848175049e-03,1.729763001203536987e-01,7.146204710006713867e-01
