6.993538141250610352e-02,6.998509168624877930e-02,5.644333362579345703e-02,1.435939550399780273e+00,1.377658605575561523e+00,1.702973484992980957e+00
8.237993717193603516e-02,6.752890348434448242e-02,6.995165348052978516e-02,1.347991704940795898e+00,1.469181418418884277e+00,1.696434020996093750e+00
5.514031648635864258e-02,4.051512479782104492e-02,3.984493017196655273e-02,1.717396020889282227e+00,9.799699187278747559e-01,1.240596294403076172e+00
6.560879945755004883e-02,5.837917327880859375e-02,4.767590761184692383e-02,2.162652611732482910e-01,8.918282389640808105e-01,1.303207397460937500e+00
6.809592247009277344e-02,5.707347393035888672e-02,4.528194665908813477e-02,1.352465271949768066e+00,1.415867686271667480e+00,1.365891337394714355e+00
5.047005414962768555e-02,4.506540298461914062e-02,4.324901103973388672e-02,6.516639590263366699e-01,8.953135013580322266e-01,1.610020160675048828e+00
8.590167760848999023e-02,8.014494180679321289e-02,6.416863203048706055e-02,1.160204887390136719e+00,1.473546266555786133e+00,1.814681291580200195e+00
1.017329692840576172e-01,7.563829421997070312e-02,5.860912799835205078e-02,1.236576080322265625e+00,1.871714353561401367e+00,2.153668403625488281e+00
5.377739667892456055e-02,4.881012439727783203e-02,3.940004110336303711e-02,9.614692926406860352e-01,1.232617616653442383e+00,1.471233487129211426e+00
1.391433477401733398e-01,1.322767138481140137e-01,1.195617914199829102e-01,1.133594155311584473e+00,1.145939111709594727e+00,1.550674438476562500e+00
6.674963235855102539e-02,5.742394924163818359e-02,4.701483249664306641e-02,1.609515309333801270e+00,1.488224387168884277e+00,2.093697547912597656e+00
9.128075838088989258e-02,7.979232072830200195e-02,6.799238920211791992e-02,1.022971630096435547e+00,1.103580236434936523e+00,1.885847210884094238e+00
1.725844144821166992e-01,1.614591479301452637e-01,1.437991261482238770e-01,1.254419803619384766e+00,1.044155359268188477e+00,1.685760498046875000e+00
6.645280122756958008e-02,5.665844678878784180e-02,3.796827793121337891e-02,1.720887064933776855e+00,1.797276496887207031e+00,2.070872306823730469e+00
5.979788303375244141e-02,5.060023069381713867e-02,4.280591011047363281e-02,1.430371761322021484e+00,1.333789944648742676e+00,1.233801841735839844e+00
1.608910560607910156e-01,1.363477706909179688e-01,1.250440478324890137e-01,1.587764263153076172e+00,1.586052417755126953e+00,2.470187187194824219e+00
4.898357391357421875e-02,4.493343830108642578e-02,3.617191314697265625e-02,9.091186523437500000e-01,1.293300032615661621e+00,1.282679915428161621e+00
3.531163930892944336e-02,2.946943044662475586e-02,2.862578630447387695e-02,1.053901076316833496e+00,1.133340954780578613e+00,1.755213022232055664e+00
1.294831037521362305e-01,1.127759814262390137e-01,1.037596464157104492e-01,1.352096915245056152e+00,1.265591621398925781e+00,1.571571826934814453e+00
6.149554252624511719e-02,5.264747142791748047e-02,4.811739921569824219e-02,1.166246175765991211e+00,1.023882150650024414e+00,1.084418535232543945e+00
5.193793773651123047e-02,3.957027196884155273e-02,3.550297021865844727e-02,1.211421132087707520e+00,9.758437871932983398e-01,1.286486506462097168e+00
1.187592744827270508e-01,9.760415554046630859e-02,7.564312219619750977e-02,1.244559288024902344e+00,1.210651159286499023e+00,1.605247497558593750e+00
1.698608994483947754e-01,1.683690547943115234e-01,1.534432768821716309e-01,1.854818701744079590e+00,1.046861529350280762e+00,2.626766443252563477e+00
1.074813008308410645e-01,8.887159824371337891e-02,7.624965906143188477e-02,1.178083419799804688e+00,1.197979688644409180e+00,1.075574040412902832e+00
5.400002002716064453e-02,4.380369186401367188e-02,3.338760137557983398e-02,1.070624828338623047e+00,1.213334441184997559e+00,1.598772287368774414e+00
7.204467058181762695e-02,8.386766910552978516e-02,7.591545581817626953e-02,1.159083127975463867e+00,1.118416428565979004e+00,1.264429450035095215e+00
7.072019577026367188e-02,6.069606542587280273e-02,4.960209131240844727e-02,1.136435508728027344e+00,1.179052829742431641e+00,1.316598773002624512e+00
8.123910427093505859e-02,7.183384895324707031e-02,6.302922964096069336e-02,9.264038801193237305e-01,1.155414104461669922e+00,1.101562023162841797e+00
6.098878383636474609e-02,5.472314357757568359e-02,5.209547281265258789e-02,1.440584421157836914e+00,1.282104492187500000e+00,1.634733200073242188e+00
5.808860063552856445e-02,5.111217498779296875e-02,4.343408346176147461e-02,9.426133632659912109e-01,1.185728073120117188e+00,1.089353322982788086e+00
8.369994163513183594e-02,7.452946901321411133e-02,6.493431329727172852e-02,9.886416792869567871e-01,1.112414598464965820e+00,1.188018321990966797e+00
5.525565147399902344e-02,4.552280902862548828e-02,3.875899314880371094e-02,1.021908402442932129e+00,1.015468955039978027e+00,1.497042059898376465e+00
5.433958768844604492e-02,3.960031270980834961e-02,3.508669137954711914e-02,1.011904478073120117e+00,1.468765258789062500e+00,1.640802383422851562e+00
7.438588142395019531e-02,6.937193870544433594e-02,5.169725418090820312e-02,1.276609182357788086e+00,1.801425933837890625e+00,1.677032709121704102e+00
6.215035915374755859e-02,5.058878660202026367e-02,4.146319627761840820e-02,1.678709506988525391e+00,1.400679230690002441e+00,1.376626253128051758e+00
6.656974554061889648e-02,5.667793750762939453e-02,4.928648471832275391e-02,1.416798591613769531e+00,1.353153467178344727e+00,1.233440876007080078e+00
4.593640565872192383e-02,4.170495271682739258e-02,3.574186563491821289e-02,1.665263056755065918e+00,1.309725880622863770e+00,1.542140364646911621e+00
6.290978193283081055e-02,5.780375003814697266e-02,4.982829093933105469e-02,8.701175451278686523e-01,8.206220269203186035e-01,1.117673158645629883e+00
4.509437084197998047e-02,4.388040304183959961e-02,3.451502323150634766e-02,1.136501669883728027e+00,1.217812299728393555e+00,1.468732953071594238e+00
5.357801914215087891e-02,4.776871204376220703e-02,4.198747873306274414e-02,9.913108348846435547e-01,9.228782057762145996e-01,1.012270331382751465e+00
5.556929111480712891e-02,4.604279994964599609e-02,3.984206914901733398e-02,1.010873556137084961e+00,1.318368315696716309e+00,9.316291809082031250e-01
8.927232027053833008e-02,8.823788166046142578e-02,9.395974874496459961e-02,9.943352937698364258e-01,1.358703374862670898e+00,1.835083365440368652e+00
4.747009277343750000e-02,3.866940736770629883e-02,3.966844081878662109e-02,2.575743913650512695e+00,2.221345663070678711e+00,2.925055980682373047e+00
6.893169879913330078e-02,6.570947170257568359e-02,5.302619934082031250e-02,8.392070531845092773e-01,8.666312098503112793e-01,1.109921336174011230e+00
1.326384544372558594e-01,1.120535731315612793e-01,7.944810390472412109e-02,1.595416784286499023e+00,1.060103654861450195e+00,1.465632319450378418e+00
7.421082258224487305e-02,6.378042697906494141e-02,4.456239938735961914e-02,1.352186679840087891e+00,1.437726736068725586e+00,1.221810221672058105e+00
5.346322059631347656e-02,4.344946146011352539e-02,3.415560722351074219e-02,9.461317062377929688e-01,1.255666136741638184e+00,1.262073755264282227e+00
5.493432283401489258e-02,4.397606849670410156e-02,4.314100742340087891e-02,1.205781221389770508e+00,1.305416464805603027e+00,1.339268207550048828e+00
6.130313873291015625e-02,5.219149589538574219e-02,4.303103685379028320e-02,1.332697868347167969e+00,1.316449284553527832e+00,1.340847373008728027e+00
1.357719898223876953e-01,1.200154423713684082e-01,8.969271183013916016e-02,1.070727467536926270e+00,1.052712321281433105e+00,1.238574743270874023e+00
3.868299722671508789e-02,3.383499383926391602e-02,3.056126832962036133e-02,1.548024892807006836e+00,1.173245429992675781e+00,1.376545071601867676e+00
5.688554048538208008e-02,4.530751705169677734e-02,4.122573137283325195e-02,9.947640895843505859e-01,1.077453732490539551e+00,1.373436570167541504e+00
4.310345649719238281e-02,3.865778446197509766e-02,3.004539012908935547e-02,1.248108386993408203e+00,1.241460084915161133e+00,1.468454718589782715e+00
1.266006231307983398e-01,1.193513274192810059e-01,1.061562895774841309e-01,9.599740505218505859e-01,1.226236581802368164e+00,1.240653991699218750e+00
4.447692632675170898e-02,3.474783897399902344e-02,2.771168947219848633e-02,1.220791101455688477e+00,1.145508885383605957e+00,1.588808059692382812e+00
4.543054103851318359e-02,3.607964515686035156e-02,3.146713972091674805e-02,1.068383932113647461e+00,1.198697090148925781e+00,1.287366867065429688e+00
1.366043686866760254e-01,1.106688380241394043e-01,7.406276464462280273e-02,1.495550036430358887e+00,1.645796298980712891e+00,1.867364645004272461e+00
7.051151990890502930e-02,5.875271558761596680e-02,5.225372314453125000e-02,9.764776825904846191e-01,1.376873373985290527e+00,9.281031489372253418e-01
6.367081403732299805e-02,6.151753664016723633e-02,4.447335004806518555e-02,9.715846180915832520e-01,8.679428100585937500e-01,1.098882675170898438e+00
6.624984741210937500e-02,5.714660882949829102e-02,4.846930503845214844e-02,9.077796936035156250e-01,1.111095428466796875e+00,1.186679005622863770e+00
4.887932538986206055e-02,4.090261459350585938e-02,3.988462686538696289e-02,1.157393574714660645e+00,1.078000307083129883e+00,1.048737645149230957e+00
9.875982999801635742e-02,8.754283189773559570e-02,7.405167818069458008e-02,4.800508618354797363e-01,3.521053791046142578e-01,2.534286975860595703e-01
7.153987884521484375e-02,5.958169698715209961e-02,5.297416448593139648e-02,1.257871985435485840e+00,1.200971961021423340e+00,1.320930361747741699e+00
6.240767240524291992e-02,5.190360546112060547e-02,5.136358737945556641e-02,8.269608020782470703e-01,9.841232299804687500e-01,1.049671411514282227e+00
1.628149151802062988e-01,1.601250171661376953e-01,1.662266850471496582e-01,1.449281573295593262e+00,1.402158260345458984e+00,1.954023599624633789e+00
8.138537406921386719e-02,6.052708625793457031e-02,5.996435880661010742e-02,1.091285228729248047e+00,9.847851991653442383e-01,1.327991247177124023e+00
5.789279937744140625e-02,5.169081687927246094e-02,4.374879598617553711e-02,5.655271410942077637e-01,3.742311000823974609e-01,4.144256114959716797e-01
5.736994743347167969e-02,4.563134908676147461e-02,4.122412204742431641e-02,1.397129297256469727e+00,1.483025550842285156e+00,1.588671326637268066e+00
4.313671588897705078e-02,3.515499830245971680e-02,3.212356567382812500e-02,8.468933701515197754e-01,7.576478719711303711e-01,9.668952226638793945e-01
4.881244897842407227e-02,3.942149877548217773e-02,3.513622283935546875e-02,1.195454120635986328e+00,1.278848290443420410e+00,1.462941527366638184e+00
5.439949035644531250e-02,4.605638980865478516e-02,4.435569047927856445e-02,1.263317823410034180e+00,1.194222450256347656e+00,9.542402029037475586e-01
1.666322350502014160e-01,1.577548384666442871e-01,1.482442617416381836e-01,1.213343739509582520e+00,1.371079206466674805e+00,1.279399871826171875e+00
6.021076440811157227e-02,4.575848579406738281e-02,4.241144657135009766e-02,1.134268999099731445e+00,1.216032028198242188e+00,1.887409329414367676e+00
6.792211532592773438e-02,5.695796012878417969e-02,4.944688081741333008e-02,1.142562150955200195e+00,1.228773355484008789e+00,1.997407197952270508e+00
1.179712414741516113e-01,1.042824983596801758e-01,6.985992193222045898e-02,2.471917152404785156e+00,2.324481487274169922e+00,4.821571350097656250e+00
2.582602500915527344e-01,2.548366785049438477e-01,2.178182601928710938e-01,1.529913187026977539e+00,1.627884387969970703e+00,2.513073682785034180e+00
1.729631423950195312e-01,1.717091202735900879e-01,1.759854555130004883e-01,1.573268294334411621e+00,1.473205566406250000e+00,3.221535682678222656e+00
7.130742073059082031e-02,6.696653366088867188e-02,5.797380208969116211e-02,8.930808305740356445e-01,1.244304895401000977e+00,3.103178977966308594e+00
5.012744665145874023e-02,5.454075336456298828e-02,3.621089458465576172e-02,1.229045748710632324e+00,1.119556427001953125e+00,3.275879144668579102e+00
9.553813934326171875e-02,9.478050470352172852e-02,8.270359039306640625e-02,1.384973049163818359e+00,1.345078825950622559e+00,1.839152574539184570e+00
5.656421184539794922e-02,5.468255281448364258e-02,4.393351078033447266e-02,1.161973476409912109e+00,1.207198977470397949e+00,1.443955659866333008e+00
8.834892511367797852e-02,7.214784622192382812e-02,6.119996309280395508e-02,1.318999290466308594e+00,1.469814062118530273e+00,1.469543218612670898e+00
6.245398521423339844e-02,4.503357410430908203e-02,3.970831632614135742e-02,1.301272392272949219e+00,1.150419831275939941e+00,2.091101169586181641e+00
7.259219884872436523e-02,6.072700023651123047e-02,5.475604534149169922e-02,1.367600083351135254e+00,1.240227341651916504e+00,1.656235814094543457e+00
7.374840974807739258e-02,6.224137544631958008e-02,5.206525325775146484e-02,1.192061305046081543e+00,1.261231660842895508e+00,1.180280208587646484e+00
6.504714488983154297e-02,5.383282899856567383e-02,4.655152559280395508e-02,9.740366935729980469e-01,9.486765861511230469e-01,1.160142660140991211e+00
6.006395816802978516e-02,5.113667249679565430e-02,4.456311464309692383e-02,4.700437188148498535e-01,6.765868663787841797e-01,8.246161937713623047e-01
5.343711376190185547e-02,4.269057512283325195e-02,3.336095809936523438e-02,1.036632299423217773e+00,1.379727244377136230e+00,1.507391691207885742e+00
5.986028909683227539e-02,5.126470327377319336e-02,4.612326622009277344e-02,1.335106372833251953e+00,1.383748412132263184e+00,1.362878680229187012e+00
5.706596374511718750e-02,4.793715476989746094e-02,4.003357887268066406e-02,9.585950374603271484e-01,1.119478583335876465e+00,1.148862004280090332e+00
6.214660406112670898e-02,5.585843324661254883e-02,4.250729084014892578e-02,1.350391149520874023e+00,1.706122875213623047e+00,1.975954055786132812e+00
4.778212308883666992e-02,3.580391407012939453e-02,3.189235925674438477e-02,1.170637607574462891e+00,1.092402935028076172e+00,1.634593009948730469e+00
6.320607662200927734e-02,4.908066987991333008e-02,4.015910625457763672e-02,1.181516289710998535e+00,1.218560099601745605e+00,1.799578070640563965e+00
9.305208921432495117e-02,7.273632287979125977e-02,5.938822031021118164e-02,1.368177652359008789e+00,1.134158134460449219e+00,1.260654330253601074e+00
4.568052291870117188e-02,4.185050725936889648e-02,2.854996919631958008e-02,1.147440671920776367e+00,1.067944765090942383e+00,1.327652931213378906e+00
1.636449694633483887e-01,1.483864188194274902e-01,1.070346236228942871e-01,1.216066360473632812e+00,1.132292032241821289e+00,1.399151444435119629e+00
5.841708183288574219e-02,4.855728149414062500e-02,4.620552062988281250e-02,1.737072706222534180e+00,1.457020640373229980e+00,1.511897921562194824e+00
3.826367855072021484e-02,3.022348880767822266e-02,2.386039495468139648e-02,1.164038300514221191e+00,1.305505514144897461e+00,1.341988205909729004e+00
4.731470346450805664e-02,4.188358783721923828e-02,3.239768743515014648e-02,1.101333379745483398e+00,9.745262861251831055e-01,1.467815995216369629e+00
1.921083927154541016e-01,1.574910879135131836e-01,9.113770723342895508e-02,1.535310506820678711e+00,1.388890027999877930e+00,1.523460388183593750e+00
1.444165706634521484e-01,1.363284587860107422e-01,1.164089441299438477e-01,1.641684532165527344e+00,1.340090274810791016e+00,2.462062358856201172e+00
5.741500854492187500e-02,5.107390880584716797e-02,4.669529199600219727e-02,4.595133662223815918e-01,1.040728211402893066e+00,2.342394351959228516e+00
6.311058998107910156e-02,5.546110868453979492e-02,5.153632164001464844e-02,1.540738463401794434e+00,1.208473920822143555e+00,1.459556102752685547e+00
1.736961007118225098e-01,1.438640356063842773e-01,1.420451402664184570e-01,1.487831354141235352e+00,1.492512345314025879e+00,1.708772897720336914e+00
5.535274744033813477e-02,4.581677913665771484e-02,4.088687896728515625e-02,8.959177136421203613e-01,9.162858724594116211e-01,8.955892324447631836e-01
5.293053388595581055e-02,4.071646928787231445e-02,3.445851802825927734e-02,1.182872533798217773e+00,1.566541910171508789e+00,1.744229316711425781e+00
8.073019981384277344e-02,6.869298219680786133e-02,6.034380197525024414e-02,1.192891716957092285e+00,1.330783009529113770e+00,1.368147253990173340e+00
5.679112672805786133e-02,4.951196908950805664e-02,4.459637403488159180e-02,1.203973531723022461e+00,9.406907558441162109e-01,1.416138410568237305e+00
7.096624374389648438e-02,6.188124418258666992e-02,5.315548181533813477e-02,9.848928451538085938e-01,1.091256022453308105e+00,1.338146567344665527e+00
4.461514949798583984e-02,3.924840688705444336e-02,3.445601463317871094e-02,8.071044087409973145e-01,7.616686820983886719e-01,9.919922947883605957e-01
7.038867473602294922e-02,5.635964870452880859e-02,4.658746719360351562e-02,1.512550950050354004e+00,1.297521829605102539e+00,1.828827381134033203e+00
5.700230598449707031e-02,4.915541410446166992e-02,4.788029193878173828e-02,1.073146820068359375e+00,1.179857254028320312e+00,1.298683404922485352e+00
5.739033222198486328e-02,4.832392930984497070e-02,4.339188337326049805e-02,1.730738997459411621e+00,1.202441215515136719e+00,2.004830121994018555e+00
8.506053686141967773e-02,8.097982406616210938e-02,5.982452630996704102e-02,1.271881341934204102e+00,1.231821656227111816e+00,1.913600683212280273e+00
7.402807474136352539e-02,6.192469596862792969e-02,5.038887262344360352e-02,1.192150592803955078e+00,1.115805387496948242e+00,2.246353626251220703e+00
1.181015968322753906e-01,1.071851849555969238e-01,9.176945686340332031e-02,1.534294366836547852e+00,1.417318224906921387e+00,2.271047115325927734e+00
5.208563804626464844e-02,4.936927556991577148e-02,3.837543725967407227e-02,1.200476646423339844e+00,1.332942724227905273e+00,1.654964923858642578e+00
6.333196163177490234e-02,6.080406904220581055e-02,4.790443181991577148e-02,1.426337480545043945e+00,1.316588163375854492e+00,2.015458583831787109e+00
6.949335336685180664e-02,6.338042020797729492e-02,5.658012628555297852e-02,1.283935904502868652e+00,1.457610011100769043e+00,2.314762830734252930e+00
4.857534170150756836e-02,5.151593685150146484e-02,4.035848379135131836e-02,1.317275047302246094e+00,1.523134946823120117e+00,3.882635593414306641e+00
6.745058298110961914e-02,7.274883985519409180e-02,5.684083700180053711e-02,1.545679807662963867e+00,1.678296804428100586e+00,4.951394081115722656e+00
6.316512823104858398e-02,6.256538629531860352e-02,5.247545242309570312e-02,3.922945261001586914e-01,6.260898113250732422e-01,9.777982234954833984e-01
6.874787807464599609e-02,7.427984476089477539e-02,6.197816133499145508e-02,1.475321531295776367e+00,1.376743555068969727e+00,1.987548351287841797e+00
5.349022150039672852e-02,5.082964897155761719e-02,4.055875539779663086e-02,1.308510541915893555e+00,1.239041447639465332e+00,2.636340618133544922e+00
8.229070901870727539e-02,7.839292287826538086e-02,4.945063591003417969e-02,2.153395652770996094e+00,1.968821287155151367e+00,3.284583091735839844e+00
5.800867080688476562e-02,4.876416921615600586e-02,3.600847721099853516e-02,1.314568519592285156e+00,8.533029556274414062e-01,1.183535456657409668e+00
5.233830213546752930e-02,5.280572175979614258e-02,3.946942090988159180e-02,8.464429378509521484e-01,9.609959721565246582e-01,9.461967945098876953e-01
7.219576835632324219e-02,5.737602710723876953e-02,5.373716354370117188e-02,1.673466205596923828e+00,1.382656931877136230e+00,2.192871570587158203e+00
7.215017080307006836e-02,5.546379089355468750e-02,4.892671108245849609e-02,8.868623971939086914e-01,9.872589111328125000e-01,1.154342889785766602e+00
6.354099512100219727e-02,5.312132835388183594e-02,4.473978281021118164e-02,5.515322685241699219e-01,8.719056844711303711e-01,7.994785308837890625e-01
6.055140495300292969e-02,5.261653661727905273e-02,4.799848794937133789e-02,1.328278183937072754e+00,1.062443256378173828e+00,1.375196218490600586e+00
1.018597483634948730e-01,8.219307661056518555e-02,7.227462530136108398e-02,1.092077136039733887e+00,1.238352060317993164e+00,1.688018798828125000e+00
6.724745035171508789e-02,5.146497488021850586e-02,4.596054553985595703e-02,9.104161262512207031e-01,1.343490242958068848e+00,6.572486758232116699e-01
6.026852130889892578e-02,5.440664291381835938e-02,4.258042573928833008e-02,1.095544695854187012e+00,1.134116291999816895e+00,1.487194061279296875e+00
6.540137529373168945e-02,6.142902374267578125e-02,5.884838104248046875e-02,1.263112783432006836e+00,1.147920608520507812e+00,1.106594324111938477e+00
6.001102924346923828e-02,5.205971002578735352e-02,4.276835918426513672e-02,1.115485310554504395e+00,1.156478404998779297e+00,1.428833127021789551e+00
7.696348428726196289e-02,6.536793708801269531e-02,5.673408508300781250e-02,1.790817737579345703e+00,1.522275447845458984e+00,1.809500932693481445e+00
6.452876329421997070e-02,5.328208208084106445e-02,4.644674062728881836e-02,1.195932984352111816e+00,1.037156224250793457e+00,1.372066497802734375e+00
5.268877744674682617e-02,3.895926475524902344e-02,2.858054637908935547e-02,1.221936106681823730e+00,1.625878930091857910e+00,1.776732206344604492e+00
1.238960623741149902e-01,1.124718189239501953e-01,1.010225415229797363e-01,8.746168613433837891e-01,9.774802923202514648e-01,1.105977416038513184e+00
5.765211582183837891e-02,4.806196689605712891e-02,4.145550727844238281e-02,9.683840274810791016e-01,9.472156763076782227e-01,7.820613384246826172e-01
8.288115262985229492e-02,6.763386726379394531e-02,6.029659509658813477e-02,1.185660839080810547e+00,1.069492220878601074e+00,1.371366262435913086e+00
7.083374261856079102e-02,5.364310741424560547e-02,4.692488908767700195e-02,1.099743127822875977e+00,1.602199792861938477e+00,1.954508781433105469e+00
6.508201360702514648e-02,5.619657039642333984e-02,4.366707801818847656e-02,1.385057330131530762e+00,1.075024127960205078e+00,1.719034433364868164e+00
7.727229595184326172e-02,6.308555603027343750e-02,5.075293779373168945e-02,1.795987844467163086e+00,1.687086939811706543e+00,1.590940713882446289e+00
4.931169748306274414e-02,4.373484849929809570e-02,3.710532188415527344e-02,1.518359541893005371e+00,1.445067286491394043e+00,1.577430725097656250e+00
7.048898935317993164e-02,5.974334478378295898e-02,5.149126052856445312e-02,1.510960221290588379e+00,1.359820961952209473e+00,1.350165009498596191e+00
6.178307533264160156e-02,5.086719989776611328e-02,4.033774137496948242e-02,7.263436317443847656e-01,7.909687757492065430e-01,6.220943927764892578e-01
5.106192827224731445e-02,4.391169548034667969e-02,3.630620241165161133e-02,1.384394168853759766e+00,1.420250058174133301e+00,1.446020364761352539e+00
7.496881484985351562e-02,6.621444225311279297e-02,5.976158380508422852e-02,1.423624038696289062e+00,1.087077856063842773e+00,1.213584065437316895e+00
7.683956623077392578e-02,5.795931816101074219e-02,4.790049791336059570e-02,1.125881195068359375e+00,1.382151126861572266e+00,1.941868543624877930e+00
5.520862340927124023e-02,4.690790176391601562e-02,4.184460639953613281e-02,5.365097522735595703e-01,5.592430830001831055e-01,1.223777532577514648e+00
5.511796474456787109e-02,4.697155952453613281e-02,4.060363769531250000e-02,1.185979604721069336e+00,1.422264575958251953e+00,1.528501868247985840e+00
6.464284658432006836e-02,6.043857336044311523e-02,5.366671085357666016e-02,1.283070564270019531e+00,1.338132262229919434e+00,1.390930294990539551e+00
7.238209247589111328e-02,6.723260879516601562e-02,5.503249168395996094e-02,9.613131880760192871e-01,1.209170818328857422e+00,1.420833349227905273e+00
7.347947359085083008e-02,6.229877471923828125e-02,5.283951759338378906e-02,1.020871400833129883e+00,1.034811735153198242e+00,1.277292609214782715e+00
5.637645721435546875e-02,4.685640335083007812e-02,4.032164812088012695e-02,1.591799974441528320e+00,1.762122273445129395e+00,1.577622771263122559e+00
5.461102724075317383e-02,4.378008842468261719e-02,3.917974233627319336e-02,9.826548099517822266e-01,1.140987873077392578e+00,9.289112091064453125e-01
1.555704474449157715e-01,1.259053945541381836e-01,1.028691530227661133e-01,1.862009525299072266e+00,1.472338438034057617e+00,2.317800760269165039e+00
7.485347986221313477e-02,7.002604007720947266e-02,6.109786033630371094e-02,1.175496578216552734e+00,1.316813945770263672e+00,2.440901517868041992e+00
1.704039573669433594e-01,1.576938629150390625e-01,1.023039221763610840e-01,1.604716658592224121e+00,1.566393971443176270e+00,2.269541740417480469e+00
5.479466915130615234e-02,6.008023023605346680e-02,3.370159864425659180e-02,1.150558233261108398e+00,1.506228923797607422e+00,3.078463077545166016e+00
1.954293251037597656e-01,1.888083815574645996e-01,1.929633021354675293e-01,1.269160509109497070e+00,2.031898736953735352e+00,4.945334911346435547e+00
2.916145920753479004e-01,3.073114156723022461e-01,2.338728904724121094e-01,1.977977275848388672e+00,1.626904010772705078e+00,3.446835279464721680e+00
1.488652825355529785e-01,1.581312417984008789e-01,1.129592657089233398e-01,1.460392713546752930e+00,1.796727657318115234e+00,1.757552504539489746e+00
5.844479799270629883e-02,5.026745796203613281e-02,3.818607330322265625e-02,1.108130335807800293e+00,1.199983119964599609e+00,2.060813188552856445e+00
5.775153636932373047e-02,4.450750350952148438e-02,3.925734758377075195e-02,1.279210567474365234e+00,1.548169136047363281e+00,1.669534444808959961e+00
5.302566289901733398e-02,4.941111803054809570e-02,4.427522420883178711e-02,1.153882026672363281e+00,5.300633311271667480e-01,9.595280885696411133e-01
5.789566040039062500e-02,3.847360610961914062e-02,3.335237503051757812e-02,2.427508354187011719e+00,2.233658313751220703e+00,1.891905546188354492e+00
6.472635269165039062e-02,5.297416448593139648e-02,4.696011543273925781e-02,1.603495717048645020e+00,1.263964533805847168e+00,1.575605869293212891e+00
7.592511177062988281e-02,7.167166471481323242e-02,6.045162677764892578e-02,1.728881120681762695e+00,2.438036918640136719e+00,3.498949527740478516e+00
5.971205234527587891e-02,4.634732007980346680e-02,4.395979642868041992e-02,1.227672100067138672e+00,1.253464221954345703e+00,1.370494365692138672e+00
9.040975570678710938e-02,7.854706048965454102e-02,6.489050388336181641e-02,1.453727722167968750e+00,1.454861283302307129e+00,1.128441095352172852e+00
6.908512115478515625e-02,6.031161546707153320e-02,4.365384578704833984e-02,1.084300160408020020e+00,1.343081116676330566e+00,1.310385227203369141e+00
8.009326457977294922e-02,6.661748886108398438e-02,5.156064033508300781e-02,1.201265215873718262e+00,1.382707595825195312e+00,1.497523784637451172e+00
7.060486078262329102e-02,6.226301193237304688e-02,4.339313507080078125e-02,1.693809986114501953e+00,1.533779144287109375e+00,1.849158048629760742e+00
5.184423923492431641e-02,4.927253723144531250e-02,4.065173864364624023e-02,1.119285821914672852e+00,1.020895004272460938e+00,1.301878452301025391e+00
7.611608505249023438e-02,5.747920274734497070e-02,4.576724767684936523e-02,1.369637727737426758e+00,1.397332906723022461e+00,2.186886310577392578e+00
5.217343568801879883e-02,5.022901296615600586e-02,3.988069295883178711e-02,1.019723296165466309e+00,1.132960796356201172e+00,1.112101078033447266e+00
6.818282604217529297e-02,6.055623292922973633e-02,5.054873228073120117e-02,7.929503917694091797e-01,8.051759004592895508e-01,7.735447883605957031e-01
1.376972794532775879e-01,1.427505612373352051e-01,1.275447607040405273e-01,1.130038619041442871e+00,1.357269287109375000e+00,1.384722232818603516e+00
2.273687124252319336e-01,2.051668167114257812e-01,1.679341793060302734e-01,1.424267292022705078e+00,1.372916221618652344e+00,1.633755207061767578e+00
8.553886413574218750e-02,7.052046060562133789e-02,6.494897603988647461e-02,1.069322586059570312e+00,1.446875452995300293e+00,1.309585690498352051e+00
4.776424169540405273e-02,3.661036491394042969e-02,3.172892332077026367e-02,1.046932935714721680e+00,1.358909368515014648e+00,1.631443619728088379e+00
5.294787883758544922e-02,4.601150751113891602e-02,4.422301054000854492e-02,1.651889085769653320e+00,1.876890659332275391e+00,2.102345228195190430e+00
6.920474767684936523e-02,5.187892913818359375e-02,4.402595758438110352e-02,9.963819980621337891e-01,9.565102458000183105e-01,8.910951018333435059e-01
7.542443275451660156e-02,6.347823143005371094e-02,5.609017610549926758e-02,1.128900289535522461e+00,1.063436508178710938e+00,1.546341896057128906e+00
7.597947120666503906e-02,5.616420507431030273e-02,5.014532804489135742e-02,1.034136414527893066e+00,1.167630672454833984e+00,1.573167800903320312e+00
1.243264675140380859e-01,1.242381334304809570e-01,8.901464939117431641e-02,1.506310462951660156e+00,1.380497932434082031e+00,1.716323852539062500e+00
6.316637992858886719e-02,4.822951555252075195e-02,4.396748542785644531e-02,1.862881422042846680e+00,1.718571066856384277e+00,2.747419357299804688e+00
5.739355087280273438e-02,4.428005218505859375e-02,3.996706008911132812e-02,9.640080928802490234e-01,1.140959143638610840e+00,1.543097376823425293e+00
7.739603519439697266e-02,6.413948535919189453e-02,5.543875694274902344e-02,1.396104097366333008e+00,1.421126604080200195e+00,1.666929006576538086e+00
4.474854469299316406e-02,3.963732719421386719e-02,3.631639480590820312e-02,1.524874448776245117e+00,1.312879085540771484e+00,1.123034119606018066e+00
2.714663743972778320e-01,2.070479393005371094e-01,1.850970983505249023e-01,1.335298776626586914e+00,1.480834722518920898e+00,1.924108505249023438e+00
8.498275279998779297e-02,7.362556457519531250e-02,7.066315412521362305e-02,1.623803853988647461e+00,1.404695034027099609e+00,2.252666950225830078e+00
8.924925327301025391e-02,6.656885147094726562e-02,5.794054269790649414e-02,6.743416786193847656e-01,7.788038849830627441e-01,8.388914465904235840e-01
7.044786214828491211e-02,6.579154729843139648e-02,6.124913692474365234e-02,1.079497933387756348e+00,1.151826739311218262e+00,1.222037672996520996e+00
9.580492973327636719e-02,8.536487817764282227e-02,5.516266822814941406e-02,1.253795385360717773e+00,1.290149927139282227e+00,1.398303508758544922e+00
5.592960119247436523e-02,4.332858324050903320e-02,3.571271896362304688e-02,1.421177625656127930e+00,1.415900588035583496e+00,1.313247084617614746e+00
6.871926784515380859e-02,5.193668603897094727e-02,4.440844058990478516e-02,1.212729215621948242e+00,1.253171920776367188e+00,1.223324298858642578e+00
9.402215480804443359e-02,7.890665531158447266e-02,7.018393278121948242e-02,7.955492734909057617e-01,1.090632438659667969e+00,1.071001410484313965e+00
7.437211275100708008e-02,6.406688690185546875e-02,5.346250534057617188e-02,1.218785762786865234e+00,1.357758879661560059e+00,1.229335427284240723e+00
5.001246929168701172e-02,4.949176311492919922e-02,3.915399312973022461e-02,1.135489583015441895e+00,1.216942906379699707e+00,1.392078638076782227e+00
1.665269136428833008e-01,1.557576656341552734e-01,1.236121058464050293e-01,1.651173830032348633e+00,1.662841320037841797e+00,1.826629161834716797e+00
3.985869884490966797e-02,3.968006372451782227e-02,3.314727544784545898e-02,1.267898559570312500e+00,1.089934587478637695e+00,1.062647819519042969e+00
5.427771806716918945e-02,3.429955244064331055e-02,2.480399608612060547e-02,1.438390970230102539e+00,2.170245409011840820e+00,2.485499620437622070e+00
7.205253839492797852e-02,6.970256567001342773e-02,4.881119728088378906e-02,1.789492249488830566e+00,1.767661213874816895e+00,2.344686269760131836e+00
1.081863641738891602e-01,9.678483009338378906e-02,8.626198768615722656e-02,1.338727951049804688e+00,1.979173898696899414e+00,4.670574188232421875e+00
5.164110660552978516e-02,4.927450418472290039e-02,3.905367851257324219e-02,1.212510108947753906e+00,1.210419416427612305e+00,2.831862926483154297e+00
9.400463104248046875e-02,9.052044153213500977e-02,7.427948713302612305e-02,1.378387212753295898e+00,1.276447892189025879e+00,2.642112970352172852e+00
6.713908910751342773e-02,6.554067134857177734e-02,5.197620391845703125e-02,1.022431969642639160e+00,1.368985891342163086e+00,3.000266551971435547e+00
7.753944396972656250e-02,8.797037601470947266e-02,6.196939945220947266e-02,1.790783643722534180e+00,1.702984213829040527e+00,3.517511844635009766e+00
5.788457393646240234e-02,5.508220195770263672e-02,4.933226108551025391e-02,1.122222423553466797e+00,1.276220440864562988e+00,3.196842193603515625e+00
6.392079591751098633e-02,6.724530458450317383e-02,4.699730873107910156e-02,1.238082647323608398e+00,1.413812041282653809e+00,3.823719978332519531e+00
5.481809377670288086e-02,4.995775222778320312e-02,4.014766216278076172e-02,1.300731539726257324e+00,1.286732673645019531e+00,2.048592329025268555e+00
9.031105041503906250e-02,8.452999591827392578e-02,6.097590923309326172e-02,1.524816274642944336e+00,1.409462213516235352e+00,1.618526220321655273e+00
5.961263179779052734e-02,5.591851472854614258e-02,4.403686523437500000e-02,1.609862089157104492e+00,1.683431625366210938e+00,2.315836668014526367e+00
5.827921628952026367e-02,4.655635356903076172e-02,3.728520870208740234e-02,1.119834423065185547e+00,1.554077625274658203e+00,2.164002656936645508e+00
5.840831995010375977e-02,4.618442058563232422e-02,3.867477178573608398e-02,1.134754657745361328e+00,1.085030078887939453e+00,1.360989332199096680e+00
6.371033191680908203e-02,5.066692829132080078e-02,4.548186063766479492e-02,1.184536099433898926e+00,1.097108960151672363e+00,1.540941476821899414e+00
5.785846710205078125e-02,4.827582836151123047e-02,4.423230886459350586e-02,9.507561922073364258e-01,1.063250899314880371e+00,1.092038869857788086e+00
5.333465337753295898e-02,5.232918262481689453e-02,4.441255331039428711e-02,1.153299093246459961e+00,1.095172047615051270e+00,1.227296352386474609e+00
8.141183853149414062e-02,6.711155176162719727e-02,6.266784667968750000e-02,1.323485255241394043e+00,1.363258123397827148e+00,1.364240169525146484e+00
7.015031576156616211e-02,5.792695283889770508e-02,5.088025331497192383e-02,1.072929143905639648e+00,1.095039367675781250e+00,1.139933824539184570e+00
5.890113115310668945e-02,4.657262563705444336e-02,4.514515399932861328e-02,1.208112359046936035e+00,1.206861495971679688e+00,1.629011750221252441e+00
6.711030006408691406e-02,5.400198698043823242e-02,4.699963331222534180e-02,1.157776594161987305e+00,1.193178415298461914e+00,1.467895746231079102e+00
6.516373157501220703e-02,5.502551794052124023e-02,4.857587814331054688e-02,1.378373265266418457e+00,1.004840373992919922e+00,1.977697610855102539e+00
5.838024616241455078e-02,4.555070400238037109e-02,3.690326213836669922e-02,4.587566256523132324e-01,8.570789694786071777e-01,8.502405881881713867e-01
4.875791072845458984e-02,3.731364011764526367e-02,3.095626831054687500e-02,1.870077848434448242e+00,1.596429824829101562e+00,2.686569929122924805e+00
7.788240909576416016e-02,6.740087270736694336e-02,6.244862079620361328e-02,8.648482561111450195e-01,1.071862220764160156e+00,1.000956535339355469e+00
4.319447278976440430e-02,3.786367177963256836e-02,3.282397985458374023e-02,1.350642085075378418e+00,1.366928458213806152e+00,1.239257574081420898e+00
4.856371879577636719e-02,4.505950212478637695e-02,3.861558437347412109e-02,5.116533637046813965e-01,6.316693425178527832e-01,1.345386028289794922e+00
5.919277667999267578e-02,4.335862398147583008e-02,3.957670927047729492e-02,1.381448507308959961e+00,1.879591941833496094e+00,1.929715394973754883e+00
7.730966806411743164e-02,6.468594074249267578e-02,5.742824077606201172e-02,1.512165784835815430e+00,1.235622406005859375e+00,1.502831697463989258e+00
5.262833833694458008e-02,4.163271188735961914e-02,3.183281421661376953e-02,1.180466413497924805e+00,1.154052972793579102e+00,1.276529073715209961e+00
6.227409839630126953e-02,4.241484403610229492e-02,3.905314207077026367e-02,1.320490479469299316e+00,1.219126224517822266e+00,2.170929670333862305e+00
7.408636808395385742e-02,6.224960088729858398e-02,5.272167921066284180e-02,1.291530370712280273e+00,1.349735021591186523e+00,1.217162489891052246e+00
6.901592016220092773e-02,6.189769506454467773e-02,5.667436122894287109e-02,1.117912888526916504e+00,1.104976415634155273e+00,1.330031633377075195e+00
6.324094533920288086e-02,5.092763900756835938e-02,4.577189683914184570e-02,1.161866068840026855e+00,1.449578046798706055e+00,1.162381768226623535e+00
6.024652719497680664e-02,4.890650510787963867e-02,4.330354928970336914e-02,1.465652704238891602e+00,1.353160858154296875e+00,1.320476174354553223e+00
1.410918831825256348e-01,1.372920870780944824e-01,1.260323524475097656e-01,1.185371875762939453e+00,1.052573204040527344e+00,1.036953806877136230e+00
5.943256616592407227e-02,4.606515169143676758e-02,4.323595762252807617e-02,1.377536058425903320e+00,1.261933803558349609e+00,1.409454822540283203e+00
7.906043529510498047e-02,6.596660614013671875e-02,5.475193262100219727e-02,1.336626529693603516e+00,1.373540639877319336e+00,1.757296562194824219e+00
8.457827568054199219e-02,8.143866062164306641e-02,7.124626636505126953e-02,1.155830621719360352e+00,1.103300571441650391e+00,1.342867612838745117e+00
4.800134897232055664e-02,4.534202814102172852e-02,4.099756479263305664e-02,1.376407384872436523e+00,1.220933318138122559e+00,1.310474038124084473e+00
1.068668961524963379e-01,8.259648084640502930e-02,8.010917901992797852e-02,1.119431376457214355e+00,1.187066555023193359e+00,1.617139935493469238e+00
6.996220350265502930e-02,5.640614032745361328e-02,4.830604791641235352e-02,1.103288054466247559e+00,1.212443947792053223e+00,1.357417345046997070e+00
9.311038255691528320e-02,8.228677511215209961e-02,7.085573673248291016e-02,1.249518871307373047e+00,1.203824281692504883e+00,1.160977721214294434e+00
7.878810167312622070e-02,6.132405996322631836e-02,5.453163385391235352e-02,3.051784038543701172e+00,3.595378160476684570e+00,4.233596801757812500e+00
6.018930673599243164e-02,5.751997232437133789e-02,4.997152090072631836e-02,9.188328981399536133e-01,1.005441904067993164e+00,8.893207311630249023e-01
6.550723314285278320e-02,5.343872308731079102e-02,4.869461059570312500e-02,1.169414520263671875e+00,1.025927066802978516e+00,1.352430820465087891e+00
7.202696800231933594e-02,6.554281711578369141e-02,5.414110422134399414e-02,1.534632682800292969e+00,1.330438852310180664e+00,1.703693747520446777e+00
6.136876344680786133e-02,5.054050683975219727e-02,4.102832078933715820e-02,2.409161567687988281e+00,2.132280111312866211e+00,1.698688030242919922e+00
5.605012178421020508e-02,5.063366889953613281e-02,4.015213251113891602e-02,1.217846274375915527e+00,1.142759561538696289e+00,1.346636772155761719e+00
6.087559461593627930e-02,5.592226982116699219e-02,4.667186737060546875e-02,1.281270503997802734e+00,1.595245361328125000e+00,1.942060232162475586e+00
4.597771167755126953e-02,4.029518365859985352e-02,3.485119342803955078e-02,1.120301842689514160e+00,1.234587907791137695e+00,1.769460678100585938e+00
5.588793754577636719e-02,4.657548666000366211e-02,3.789782524108886719e-02,1.630847930908203125e+00,1.577331662178039551e+00,1.931843996047973633e+00
5.924177169799804688e-02,5.159175395965576172e-02,4.333823919296264648e-02,1.039705753326416016e+00,1.077376484870910645e+00,1.292048454284667969e+00
8.167487382888793945e-02,7.299596071243286133e-02,5.655312538146972656e-02,1.140478491783142090e+00,1.232107400894165039e+00,1.316462516784667969e+00
4.449784755706787109e-02,3.471601009368896484e-02,2.781397104263305664e-02,1.619571089744567871e+00,1.422578096389770508e+00,2.333090066909790039e+00
1.107814908027648926e-01,9.121620655059814453e-02,8.365166187286376953e-02,1.501839876174926758e+00,1.591835260391235352e+00,1.749655008316040039e+00
6.300258636474609375e-02,4.722815752029418945e-02,3.809076547622680664e-02,1.318622231483459473e+00,1.043081045150756836e+00,1.714317083358764648e+00
5.984991788864135742e-02,5.296289920806884766e-02,4.372948408126831055e-02,1.333527803421020508e+00,1.285191178321838379e+00,1.731660246849060059e+00
5.843210220336914062e-02,4.952162504196166992e-02,4.376471042633056641e-02,1.043561220169067383e+00,9.149851799011230469e-01,1.649695634841918945e+00
9.096497297286987305e-02,7.425320148468017578e-02,6.803762912750244141e-02,1.349502325057983398e+00,1.355756878852844238e+00,1.701310396194458008e+00
2.617916464805603027e-01,2.216632962226867676e-01,1.734734773635864258e-01,1.670917272567749023e+00,1.355566263198852539e+00,1.793466091156005859e+00
7.022631168365478516e-02,5.928826332092285156e-02,4.256093502044677734e-02,1.394904613494873047e+00,1.041194915771484375e+00,2.184603691101074219e+00
1.132829189300537109e-01,1.017360091209411621e-01,8.316725492477416992e-02,1.752933263778686523e+00,1.232290506362915039e+00,2.427330017089843750e+00
8.763045072555541992e-02,7.824611663818359375e-02,6.422156095504760742e-02,1.560430049896240234e+00,1.644273996353149414e+00,2.775276660919189453e+00
7.357209920883178711e-02,6.116974353790283203e-02,5.067515373229980469e-02,1.206479787826538086e+00,1.175536036491394043e+00,1.590052127838134766e+00
6.612217426300048828e-02,5.605584383010864258e-02,5.173158645629882812e-02,1.515298962593078613e+00,1.313047885894775391e+00,1.441463232040405273e+00
5.325132608413696289e-02,4.322844743728637695e-02,3.528928756713867188e-02,1.160172700881958008e+00,1.244556427001953125e+00,1.778418302536010742e+00
7.155579328536987305e-02,7.036221027374267578e-02,5.733203887939453125e-02,1.401122331619262695e+00,1.387491464614868164e+00,2.133026838302612305e+00
4.172426462173461914e-02,3.818625211715698242e-02,3.347933292388916016e-02,1.064853787422180176e+00,1.267516493797302246e+00,2.868207931518554688e+00
6.536775827407836914e-02,6.057876348495483398e-02,4.479271173477172852e-02,1.181168675422668457e+00,2.012826919555664062e+00,2.136726856231689453e+00
5.623948574066162109e-02,5.201339721679687500e-02,4.023116827011108398e-02,1.363339304924011230e+00,1.207817316055297852e+00,2.039834499359130859e+00
7.229447364807128906e-02,8.809947967529296875e-02,6.316030025482177734e-02,1.699721336364746094e+00,1.263975262641906738e+00,5.078841209411621094e+00
5.100488662719726562e-02,5.713409185409545898e-02,3.781861066818237305e-02,1.178306579589843750e+00,1.419856309890747070e+00,4.023787021636962891e+00
8.246701955795288086e-02,8.371710777282714844e-02,6.464731693267822266e-02,1.267933130264282227e+00,1.048974752426147461e+00,3.312111139297485352e+00
3.802317380905151367e-02,3.741610050201416016e-02,3.249353170394897461e-02,8.370128273963928223e-01,6.040027141571044922e-01,1.558489561080932617e+00
9.128522872924804688e-02,8.761829137802124023e-02,6.619369983673095703e-02,1.553857684135437012e+00,1.467884659767150879e+00,3.026573657989501953e+00
6.476461887359619141e-02,5.701410770416259766e-02,4.510277509689331055e-02,4.626259803771972656e-01,8.387074470520019531e-01,1.392575979232788086e+00
6.336092948913574219e-02,4.872268438339233398e-02,4.220813512802124023e-02,1.124192833900451660e+00,1.052500724792480469e+00,1.278648853302001953e+00
4.366010427474975586e-02,3.449714183807373047e-02,3.165096044540405273e-02,1.077151536941528320e+00,1.277502894401550293e+00,1.182456016540527344e+00
1.674799919128417969e-01,1.440673470497131348e-01,9.362447261810302734e-02,1.374422907829284668e+00,1.279061436653137207e+00,1.481134414672851562e+00
4.962497949600219727e-02,5.037456750869750977e-02,4.130244255065917969e-02,9.695992469787597656e-01,1.264304280281066895e+00,1.172055602073669434e+00
6.269538402557373047e-02,5.437034368515014648e-02,4.771649837493896484e-02,6.429517865180969238e-01,7.001321911811828613e-01,7.137651443481445312e-01
7.753497362136840820e-02,6.019681692123413086e-02,4.913038015365600586e-02,1.389614582061767578e+00,1.493578195571899414e+00,1.957099556922912598e+00
6.791192293167114258e-02,5.527693033218383789e-02,5.240106582641601562e-02,1.264814257621765137e+00,9.640408158302307129e-01,1.240738749504089355e+00
8.702874183654785156e-02,6.659156084060668945e-02,6.065189838409423828e-02,9.123094081878662109e-01,1.073555946350097656e+00,2.426078319549560547e+00
7.188767194747924805e-02,6.324201822280883789e-02,5.055284500122070312e-02,1.144290804862976074e+00,1.254644036293029785e+00,1.239696502685546875e+00
5.480092763900756836e-02,5.307447910308837891e-02,5.225801467895507812e-02,1.228415489196777344e+00,1.507830142974853516e+00,1.582425117492675781e+00
5.841475725173950195e-02,4.500818252563476562e-02,3.987157344818115234e-02,1.125644445419311523e+00,1.090618610382080078e+00,1.136863231658935547e+00
8.492141962051391602e-02,7.010900974273681641e-02,5.941700935363769531e-02,8.758517503738403320e-01,8.108983039855957031e-01,9.242534637451171875e-01
1.042440533638000488e-01,8.432346582412719727e-02,6.732630729675292969e-02,1.050183296203613281e+00,1.362720251083374023e+00,1.689126729965209961e+00
3.051066398620605469e-02,3.102278709411621094e-02,2.547544240951538086e-02,9.812178611755371094e-01,1.007868289947509766e+00,1.422193765640258789e+00
9.581494331359863281e-02,8.191734552383422852e-02,6.613969802856445312e-02,1.704138278961181641e+00,1.624694108963012695e+00,2.105596065521240234e+00
6.916630268096923828e-02,6.558465957641601562e-02,4.615205526351928711e-02,1.548279404640197754e+00,1.953780174255371094e+00,1.837495207786560059e+00
4.130512475967407227e-02,4.066139459609985352e-02,3.377884626388549805e-02,1.386819720268249512e+00,1.346654534339904785e+00,2.773027658462524414e+00
9.262293577194213867e-02,8.178824186325073242e-02,6.185889244079589844e-02,1.219815015792846680e+00,1.691514372825622559e+00,2.385025978088378906e+00
5.790084600448608398e-02,5.352133512496948242e-02,4.895925521850585938e-02,1.230577945709228516e+00,1.532181262969970703e+00,1.224963903427124023e+00
9.820514917373657227e-02,9.528547525405883789e-02,7.161909341812133789e-02,1.759424686431884766e+00,1.330812454223632812e+00,2.731825113296508789e+00
7.169812917709350586e-02,6.123501062393188477e-02,4.663127660751342773e-02,1.420622110366821289e+00,1.817973732948303223e+00,2.484487056732177734e+00
7.212013006210327148e-02,6.816709041595458984e-02,5.627292394638061523e-02,1.480826616287231445e+00,1.551012516021728516e+00,2.262825965881347656e+00
5.114436149597167969e-02,5.076938867568969727e-02,4.033845663070678711e-02,1.288176536560058594e+00,1.264264822006225586e+00,1.647105216979980469e+00
4.351437091827392578e-02,3.937733173370361328e-02,2.799868583679199219e-02,1.305744409561157227e+00,1.651885986328125000e+00,1.746286392211914062e+00
8.478301763534545898e-02,6.805461645126342773e-02,6.374073028564453125e-02,1.053007125854492188e+00,8.866773247718811035e-01,1.273649692535400391e+00
5.881905555725097656e-02,5.038779973983764648e-02,4.489392042160034180e-02,1.231484413146972656e+00,1.385576248168945312e+00,1.521533012390136719e+00
7.919794321060180664e-02,8.290368318557739258e-02,7.768625020980834961e-02,1.041685223579406738e+00,1.016027569770812988e+00,1.220100760459899902e+00
9.149891138076782227e-02,7.451659440994262695e-02,6.358999013900756836e-02,1.765089035034179688e+00,1.321198225021362305e+00,2.139565467834472656e+00
5.249565839767456055e-02,4.489606618881225586e-02,4.306697845458984375e-02,2.975022077560424805e+00,2.212825775146484375e+00,2.592243194580078125e+00
5.631011724472045898e-02,4.529464244842529297e-02,4.358106851577758789e-02,1.125450611114501953e+00,1.287253618240356445e+00,1.747084736824035645e+00
6.775832176208496094e-02,5.830675363540649414e-02,4.570448398590087891e-02,1.179849028587341309e+00,1.065408468246459961e+00,1.245558857917785645e+00
5.654364824295043945e-02,4.506683349609375000e-02,3.955757617950439453e-02,1.193929553031921387e+00,1.314388275146484375e+00,1.250039219856262207e+00
6.092905998229980469e-02,4.959619045257568359e-02,4.324954748153686523e-02,1.457255363464355469e+00,6.335417032241821289e-01,9.257081151008605957e-01
6.514281034469604492e-02,5.050027370452880859e-02,4.621875286102294922e-02,8.582314252853393555e-01,9.967199563980102539e-01,1.351325154304504395e+00
5.271345376968383789e-02,4.245489835739135742e-02,3.619194030761718750e-02,1.285575270652770996e+00,1.100031375885009766e+00,2.262156009674072266e+00
7.096302509307861328e-02,5.957382917404174805e-02,4.435747861862182617e-02,1.409978270530700684e+00,1.116537451744079590e+00,1.328208804130554199e+00
7.065796852111816406e-02,5.537420511245727539e-02,4.373198747634887695e-02,1.514079093933105469e+00,1.538932442665100098e+00,2.135143756866455078e+00
4.519665241241455078e-02,3.764104843139648438e-02,3.570342063903808594e-02,7.370123863220214844e-01,7.727732062339782715e-01,6.838649511337280273e-01
5.682331323623657227e-02,4.862415790557861328e-02,3.596842288970947266e-02,1.321590662002563477e+00,1.267902374267578125e+00,1.782568693161010742e+00
5.147749185562133789e-02,4.133105278015136719e-02,3.670352697372436523e-02,6.541541218757629395e-01,1.087572813034057617e+00,5.903404355049133301e-01
8.422100543975830078e-02,6.804478168487548828e-02,5.435371398925781250e-02,1.456900835037231445e+00,1.290856361389160156e+00,1.876552581787109375e+00
6.095552444458007812e-02,4.990321397781372070e-02,4.193240404129028320e-02,1.493605613708496094e+00,1.632006406784057617e+00,2.644210338592529297e+00
5.043876171112060547e-02,4.456955194473266602e-02,3.748404979705810547e-02,1.993729114532470703e+00,1.934066772460937500e+00,2.162336349487304688e+00
7.059645652770996094e-02,5.890631675720214844e-02,5.187517404556274414e-02,1.217089891433715820e+00,1.290589213371276855e+00,1.986993789672851562e+00
1.014413237571716309e-01,8.444398641586303711e-02,7.766640186309814453e-02,1.599092006683349609e+00,1.410274028778076172e+00,1.460416793823242188e+00
4.600614309310913086e-02,4.714840650558471680e-02,3.651988506317138672e-02,1.291741490364074707e+00,9.927542209625244141e-01,1.547371745109558105e+00
7.861787080764770508e-02,6.156563758850097656e-02,5.010563135147094727e-02,9.743417501449584961e-01,1.063190460205078125e+00,1.346375226974487305e+00
8.951675891876220703e-02,6.906348466873168945e-02,5.988031625747680664e-02,1.276828050613403320e+00,1.381414175033569336e+00,1.807088851928710938e+00
4.267483949661254883e-02,3.485941886901855469e-02,2.839243412017822266e-02,1.311731100082397461e+00,1.531562566757202148e+00,2.227421760559082031e+00
6.748920679092407227e-02,6.207990646362304688e-02,5.592352151870727539e-02,5.125840902328491211e-01,4.110953807830810547e-01,6.970102787017822266e-01
7.889360189437866211e-02,6.799757480621337891e-02,6.078457832336425781e-02,9.742233753204345703e-01,1.124572277069091797e+00,1.297594070434570312e+00
8.706468343734741211e-02,7.261061668395996094e-02,5.724692344665527344e-02,1.476179122924804688e+00,1.674602746963500977e+00,1.809413552284240723e+00
4.791784286499023438e-02,4.392832517623901367e-02,3.646892309188842773e-02,9.573554992675781250e-01,9.997236728668212891e-01,1.048778772354125977e+00
6.593620777130126953e-02,5.574131011962890625e-02,4.875040054321289062e-02,9.981522560119628906e-01,1.125759959220886230e+00,1.302652716636657715e+00
1.116201281547546387e-01,1.182927489280700684e-01,1.050324440002441406e-01,7.488207221031188965e-01,9.219925403594970703e-01,9.960358142852783203e-01
6.800007820129394531e-02,5.520683526992797852e-02,4.886198043823242188e-02,1.412870883941650391e+00,1.154397726058959961e+00,1.128253698348999023e+00
1.820451021194458008e-01,1.554801464080810547e-01,1.025898456573486328e-01,1.376617312431335449e+00,1.406582236289978027e+00,1.178837537765502930e+00
7.006609439849853516e-02,5.718505382537841797e-02,5.034542083740234375e-02,3.138519287109375000e+00,2.198723793029785156e+00,3.512482881546020508e+00
5.984205007553100586e-02,4.961818456649780273e-02,4.368442296981811523e-02,1.346253395080566406e+00,1.284135103225708008e+00,1.676590561866760254e+00
6.211388111114501953e-02,5.040156841278076172e-02,4.101955890655517578e-02,1.463937163352966309e+00,1.584023714065551758e+00,1.660090684890747070e+00
7.014137506484985352e-02,5.970793962478637695e-02,5.061364173889160156e-02,1.303859949111938477e+00,1.305782318115234375e+00,1.695269465446472168e+00
9.423977136611938477e-02,8.071571588516235352e-02,7.080549001693725586e-02,1.310027360916137695e+00,1.428622841835021973e+00,1.267424106597900391e+00
6.440395116806030273e-02,4.873448610305786133e-02,4.088455438613891602e-02,1.365693807601928711e+00,1.446360468864440918e+00,1.918287038803100586e+00
7.265728712081909180e-02,6.100738048553466797e-02,5.424571037292480469e-02,1.135118007659912109e+00,1.193341255187988281e+00,1.187837123870849609e+00
5.168366432189941406e-02,4.767644405364990234e-02,4.142063856124877930e-02,1.170428514480590820e+00,9.730927348136901855e-01,1.415888428688049316e+00
6.786042451858520508e-02,6.193202733993530273e-02,5.405938625335693359e-02,1.907666444778442383e+00,2.094915866851806641e+00,2.920072793960571289e+00
6.555497646331787109e-02,5.151414871215820312e-02,4.620838165283203125e-02,9.204282760620117188e-01,1.131084680557250977e+00,1.335304141044616699e+00
4.381173849105834961e-02,3.458207845687866211e-02,3.038012981414794922e-02,8.780384659767150879e-01,1.382248878479003906e+00,1.474281549453735352e+00
5.444008111953735352e-02,4.558289051055908203e-02,3.973907232284545898e-02,1.600658893585205078e+00,1.591595411300659180e+00,1.827304601669311523e+00
8.954071998596191406e-02,6.831854581832885742e-02,5.939233303070068359e-02,1.141095161437988281e+00,1.329172968864440918e+00,1.293662667274475098e+00
6.388896703720092773e-02,5.455130338668823242e-02,4.794144630432128906e-02,1.086668014526367188e+00,9.589515924453735352e-01,1.243867635726928711e+00
5.187338590621948242e-02,4.311025142669677734e-02,3.608250617980957031e-02,8.849565982818603516e-01,1.258666634559631348e+00,1.285403966903686523e+00
3.183013200759887695e-02,2.700322866439819336e-02,2.415579557418823242e-02,1.140647292137145996e+00,1.380275487899780273e+00,1.202594876289367676e+00
6.948405504226684570e-02,5.556660890579223633e-02,4.533916711807250977e-02,1.377057552337646484e+00,1.444979667663574219e+00,1.400972843170166016e+00
5.539709329605102539e-02,4.344463348388671875e-02,3.558236360549926758e-02,1.278416633605957031e+00,1.209777116775512695e+00,1.131123065948486328e+00
2.100802659988403320e-01,1.908516883850097656e-01,1.697342991828918457e-01,1.178673148155212402e+00,1.606045722961425781e+00,1.682218909263610840e+00
5.457776784896850586e-02,4.118138551712036133e-02,3.708440065383911133e-02,1.009573221206665039e+00,1.471836090087890625e+00,1.946308612823486328e+00
6.689786911010742188e-02,5.753570795059204102e-02,4.758238792419433594e-02,1.484146714210510254e+00,1.590830326080322266e+00,2.690964460372924805e+00
6.694829463958740234e-02,5.952465534210205078e-02,5.010187625885009766e-02,1.040734052658081055e+00,1.008359193801879883e+00,1.050465703010559082e+00
8.488529920578002930e-02,7.251298427581787109e-02,6.345748901367187500e-02,1.059163928031921387e+00,1.315334558486938477e+00,1.633047938346862793e+00
4.640668630599975586e-02,3.826367855072021484e-02,3.413093090057373047e-02,9.914152622222900391e-01,8.851346969604492188e-01,8.287260532379150391e-01
6.241911649703979492e-02,5.250674486160278320e-02,3.817552328109741211e-02,1.960263490676879883e+00,1.969363927841186523e+00,3.159898996353149414e+00
5.535131692886352539e-02,4.569411277770996094e-02,4.786169528961181641e-02,1.364706993103027344e+00,1.238505721092224121e+00,9.238629341125488281e-01
8.974939584732055664e-02,7.562309503555297852e-02,6.640398502349853516e-02,1.280621528625488281e+00,1.274482369422912598e+00,1.671433448791503906e+00
6.192809343338012695e-02,5.924642086029052734e-02,5.025923252105712891e-02,9.133465290069580078e-01,9.196454286575317383e-01,1.169306039810180664e+00
6.509971618652343750e-02,6.585520505905151367e-02,5.476552248001098633e-02,1.128992557525634766e+00,9.821366071701049805e-01,1.186362028121948242e+00
4.592818021774291992e-02,4.617851972579956055e-02,3.732490539550781250e-02,1.175397634506225586e+00,1.335044622421264648e+00,3.269533157348632812e+00
5.125075578689575195e-02,5.056089162826538086e-02,3.440523147583007812e-02,1.784878849983215332e+00,1.855516076087951660e+00,3.320951938629150391e+00
7.368350028991699219e-02,6.363970041275024414e-02,4.366511106491088867e-02,1.120223879814147949e+00,6.890469789505004883e-01,1.836666345596313477e+00
6.314313411712646484e-02,5.916023254394531250e-02,3.773188591003417969e-02,2.668295860290527344e+00,2.504282951354980469e+00,3.687050819396972656e+00
4.531359672546386719e-02,4.107320308685302734e-02,3.563046455383300781e-02,2.157984972000122070e+00,2.389940261840820312e+00,2.770824432373046875e+00
7.260024547576904297e-02,5.362111330032348633e-02,4.293930530548095703e-02,2.132738590240478516e+00,2.098454952239990234e+00,3.583609580993652344e+00
5.888378620147705078e-02,5.505752563476562500e-02,5.175465345382690430e-02,1.408102989196777344e+00,1.233065843582153320e+00,2.380626201629638672e+00
7.310289144515991211e-02,6.450837850570678711e-02,4.996079206466674805e-02,1.175741314888000488e+00,1.206959366798400879e+00,1.881639719009399414e+00
6.288474798202514648e-02,4.978930950164794922e-02,4.180616140365600586e-02,1.734707832336425781e+00,1.118520259857177734e+00,2.995850563049316406e+00
4.126971960067749023e-02,3.967881202697753906e-02,2.984547615051269531e-02,1.648383378982543945e+00,1.514341950416564941e+00,2.370073795318603516e+00
5.307072401046752930e-02,4.509902000427246094e-02,4.044216871261596680e-02,9.431675076484680176e-01,1.214893698692321777e+00,1.663164615631103516e+00
1.925593614578247070e-01,1.733438372611999512e-01,1.389967203140258789e-01,1.244016051292419434e+00,1.131600022315979004e+00,1.274870753288269043e+00
7.277029752731323242e-02,6.120926141738891602e-02,5.621498823165893555e-02,1.243356466293334961e+00,1.213002562522888184e+00,1.276820182800292969e+00
6.242394447326660156e-02,5.194544792175292969e-02,3.849846124649047852e-02,1.168588399887084961e+00,1.177065610885620117e+00,1.775931596755981445e+00
5.848234891891479492e-02,5.062615871429443359e-02,4.313814640045166016e-02,1.369858026504516602e+00,1.505456209182739258e+00,2.271697044372558594e+00
7.733130455017089844e-02,5.949229001998901367e-02,5.572575330734252930e-02,1.161508321762084961e+00,1.594728231430053711e+00,1.606947422027587891e+00
7.348287105560302734e-02,6.078994274139404297e-02,5.742573738098144531e-02,7.301271557807922363e-01,7.157723307609558105e-01,5.785927176475524902e-01
6.695669889450073242e-02,5.730432271957397461e-02,3.922265768051147461e-02,1.538701772689819336e+00,1.679425001144409180e+00,1.864826917648315430e+00
5.628794431686401367e-02,5.316478013992309570e-02,4.714912176132202148e-02,7.723485231399536133e-01,8.383128046989440918e-01,1.106345772743225098e+00
4.989248514175415039e-02,4.169708490371704102e-02,3.580677509307861328e-02,1.276428461074829102e+00,1.203134179115295410e+00,1.526941895484924316e+00
4.584968090057373047e-02,3.587830066680908203e-02,3.267896175384521484e-02,4.551721215248107910e-01,6.347240209579467773e-01,4.409762620925903320e-01
6.428557634353637695e-02,6.718397140502929688e-02,4.484510421752929688e-02,1.100629448890686035e+00,1.666180849075317383e+00,1.496365785598754883e+00
1.084240078926086426e-01,9.706073999404907227e-02,7.779747247695922852e-02,9.313291311264038086e-01,1.069711804389953613e+00,1.242484688758850098e+00
1.194065809249877930e-01,1.042317152023315430e-01,8.126574754714965820e-02,1.362321853637695312e+00,1.654706597328186035e+00,1.674021720886230469e+00
6.050813198089599609e-02,5.155920982360839844e-02,4.270130395889282227e-02,1.146770000457763672e+00,1.284615397453308105e+00,1.575662970542907715e+00
9.709328413009643555e-02,7.884514331817626953e-02,6.869763135910034180e-02,1.265940785408020020e+00,1.318544268608093262e+00,1.574496746063232422e+00
8.192950487136840820e-02,7.106441259384155273e-02,5.576848983764648438e-02,1.290199279785156250e+00,1.221382379531860352e+00,1.522311329841613770e+00
6.659263372421264648e-02,5.567461252212524414e-02,4.809969663619995117e-02,1.505161523818969727e+00,1.266092419624328613e+00,1.696684956550598145e+00
6.816709041595458984e-02,5.357962846755981445e-02,5.281680822372436523e-02,1.452249765396118164e+00,1.163893103599548340e+00,1.002562522888183594e+00
1.432074308395385742e-01,1.257753968238830566e-01,1.022822856903076172e-01,1.460634231567382812e+00,1.340517282485961914e+00,2.389527082443237305e+00
6.887876987457275391e-02,6.373697519302368164e-02,5.349218845367431641e-02,1.209438800811767578e+00,1.190221667289733887e+00,1.182917118072509766e+00
7.169222831726074219e-02,6.083375215530395508e-02,5.647480487823486328e-02,1.319036006927490234e+00,1.332397341728210449e+00,1.499149203300476074e+00
8.688247203826904297e-02,7.675731182098388672e-02,6.947225332260131836e-02,8.942016363143920898e-01,1.101527810096740723e+00,1.119522809982299805e+00
7.710009813308715820e-02,7.775527238845825195e-02,7.110786437988281250e-02,1.273494005203247070e+00,1.128196835517883301e+00,1.466754913330078125e+00
6.830835342407226562e-02,5.218648910522460938e-02,4.764193296432495117e-02,1.144935607910156250e+00,1.078925371170043945e+00,1.542417168617248535e+00
4.996186494827270508e-02,4.712945222854614258e-02,3.758490085601806641e-02,1.246930718421936035e+00,1.142986536026000977e+00,1.207764387130737305e+00
5.355280637741088867e-02,5.001926422119140625e-02,4.668062925338745117e-02,1.060672998428344727e+00,1.018895030021667480e+00,1.480825424194335938e+00
8.722794055938720703e-02,6.657403707504272461e-02,5.695831775665283203e-02,1.559447050094604492e+00,1.687372207641601562e+00,1.960364580154418945e+00
7.060521841049194336e-02,6.395781040191650391e-02,5.189377069473266602e-02,4.474237561225891113e-01,7.207623124122619629e-01,5.408257842063903809e-01
6.428933143615722656e-02,5.931150913238525391e-02,4.993182420730590820e-02,1.281806588172912598e+00,1.293300151824951172e+00,1.252977132797241211e+00
6.799221038818359375e-02,5.572324991226196289e-02,4.764640331268310547e-02,8.342471122741699219e-01,9.055598974227905273e-01,1.103687524795532227e+00
5.543929338455200195e-02,5.190163850784301758e-02,4.032129049301147461e-02,1.307733535766601562e+00,8.711548447608947754e-01,1.513112425804138184e+00
5.076134204864501953e-02,4.552263021469116211e-02,4.346287250518798828e-02,1.088552713394165039e+00,1.085778474807739258e+00,2.946658134460449219e+00
7.715660333633422852e-02,7.873445749282836914e-02,5.734455585479736328e-02,1.478667855262756348e+00,1.544727563858032227e+00,3.546437740325927734e+00
8.212369680404663086e-02,8.627289533615112305e-02,6.159228086471557617e-02,1.549423098564147949e+00,2.147033452987670898e+00,5.147365570068359375e+00
7.620012760162353516e-02,8.634781837463378906e-02,5.791121721267700195e-02,1.123406171798706055e+00,1.598174571990966797e+00,3.841340065002441406e+00
4.339599609375000000e-02,3.955364227294921875e-02,3.294289112091064453e-02,1.142210483551025391e+00,1.823811531066894531e+00,2.229722976684570312e+00
3.679221868515014648e-02,4.446977376937866211e-02,3.954595327377319336e-02,1.014171123504638672e+00,1.047414064407348633e+00,2.084835052490234375e+00
3.643763065338134766e-02,3.627026081085205078e-02,2.754896879196166992e-02,1.311564087867736816e+00,1.128475785255432129e+00,2.491101264953613281e+00
6.531804800033569336e-02,5.994075536727905273e-02,4.322594404220581055e-02,1.239513158798217773e+00,1.476652979850769043e+00,1.653523683547973633e+00
7.111376523971557617e-02,5.639719963073730469e-02,5.556803941726684570e-02,1.258593678474426270e+00,9.917088747024536133e-01,1.323503494262695312e+00
9.246879816055297852e-02,8.493232727050781250e-02,6.838095188140869141e-02,1.796942472457885742e+00,1.691301822662353516e+00,1.725322723388671875e+00
7.086431980133056641e-02,6.022936105728149414e-02,5.967342853546142578e-02,1.459683537483215332e+00,1.166594743728637695e+00,2.294075727462768555e+00
7.030498981475830078e-02,6.257665157318115234e-02,5.315405130386352539e-02,1.390849471092224121e+00,1.350239753723144531e+00,3.095721721649169922e+00
6.186980009078979492e-02,4.981166124343872070e-02,4.298776388168334961e-02,1.039912700653076172e+00,1.830255746841430664e+00,2.244502782821655273e+00
1.070922017097473145e-01,9.099340438842773438e-02,7.293802499771118164e-02,1.481074571609497070e+00,1.332322597503662109e+00,2.049501895904541016e+00
6.757253408432006836e-02,6.096446514129638672e-02,5.033683776855468750e-02,1.865758895874023438e+00,2.072701692581176758e+00,3.377964496612548828e+00
5.342459678649902344e-02,4.500550031661987305e-02,3.727644681930541992e-02,1.244790673255920410e+00,1.189884781837463379e+00,1.721490383148193359e+00
5.513226985931396484e-02,4.683816432952880859e-02,4.124504327774047852e-02,7.162721157073974609e-01,7.533096671104431152e-01,6.586430668830871582e-01
5.926573276519775391e-02,5.967611074447631836e-02,5.167669057846069336e-02,1.024776935577392578e+00,1.045707821846008301e+00,1.207671403884887695e+00
5.431634187698364258e-02,5.963802337646484375e-02,4.454791545867919922e-02,1.238081932067871094e+00,1.168199658393859863e+00,1.543727517127990723e+00
6.455093622207641602e-02,5.753982067108154297e-02,4.625022411346435547e-02,1.201110601425170898e+00,1.182073473930358887e+00,1.683008193969726562e+00
9.499293565750122070e-02,7.820624113082885742e-02,6.371766328811645508e-02,1.399929523468017578e+00,1.350669980049133301e+00,2.208939552307128906e+00
6.567585468292236328e-02,5.313903093338012695e-02,4.925501346588134766e-02,1.296026587486267090e+00,1.337276816368103027e+00,1.433260917663574219e+00
7.016909122467041016e-02,6.512475013732910156e-02,5.245202779769897461e-02,1.336415648460388184e+00,1.112443327903747559e+00,1.557649374008178711e+00
4.499119520187377930e-02,4.077190160751342773e-02,3.384697437286376953e-02,8.977850675582885742e-01,1.189685106277465820e+00,1.398916482925415039e+00
5.853724479675292969e-02,5.320572853088378906e-02,4.494541883468627930e-02,1.282342672348022461e+00,1.405166387557983398e+00,2.438286066055297852e+00
6.654077768325805664e-02,5.908513069152832031e-02,4.831588268280029297e-02,1.183942317962646484e+00,1.107718944549560547e+00,1.438629627227783203e+00
7.302010059356689453e-02,6.464606523513793945e-02,5.897301435470581055e-02,1.837698221206665039e+00,1.856295585632324219e+00,3.168992519378662109e+00
1.864832639694213867e-02,2.127724885940551758e-02,1.437681913375854492e-02,1.913949251174926758e+00,2.065241336822509766e+00,5.897056579589843750e+00
7.732880115509033203e-02,7.908010482788085938e-02,6.179845333099365234e-02,1.272185683250427246e+00,1.430278778076171875e+00,3.239155769348144531e+00
6.405222415924072266e-02,6.020808219909667969e-02,4.976606369018554688e-02,1.215750217437744141e+00,1.283303499221801758e+00,3.061512708663940430e+00
6.416076421737670898e-02,6.745433807373046875e-02,5.830103158950805664e-02,1.066927671432495117e+00,1.141391158103942871e+00,3.754579544067382812e+00
3.703469038009643555e-02,3.459405899047851562e-02,3.241360187530517578e-02,9.187767505645751953e-01,1.106507301330566406e+00,1.710725069046020508e+00
9.727120399475097656e-02,8.990675210952758789e-02,6.977230310440063477e-02,1.181833744049072266e+00,1.309290289878845215e+00,1.218459606170654297e+00
5.772078037261962891e-02,5.539101362228393555e-02,4.443061351776123047e-02,1.579452395439147949e+00,9.590588808059692383e-01,1.670108795166015625e+00
7.129204273223876953e-02,5.625039339065551758e-02,4.721242189407348633e-02,1.268947005271911621e+00,1.098362803459167480e+00,2.311747550964355469e+00
5.223798751831054688e-02,4.715216159820556641e-02,4.088455438613891602e-02,1.328916192054748535e+00,1.261680364608764648e+00,1.852790355682373047e+00
9.484094381332397461e-02,8.206433057785034180e-02,7.148230075836181641e-02,1.689659357070922852e+00,1.480396270751953125e+00,1.462853193283081055e+00
4.777514934539794922e-02,4.176557064056396484e-02,3.609555959701538086e-02,1.172270178794860840e+00,1.442141175270080566e+00,1.470338821411132812e+00
5.316638946533203125e-02,4.266268014907836914e-02,3.802835941314697266e-02,8.536094427108764648e-01,9.585903882980346680e-01,9.954771995544433594e-01
7.200103998184204102e-02,6.162840127944946289e-02,5.220687389373779297e-02,1.452196955680847168e+00,1.219726324081420898e+00,1.713382959365844727e+00
5.709797143936157227e-02,5.352973937988281250e-02,4.232400655746459961e-02,1.179990291595458984e+00,9.693177938461303711e-01,1.531896114349365234e+00
5.082124471664428711e-02,4.645818471908569336e-02,4.028964042663574219e-02,1.460540771484375000e+00,1.540015339851379395e+00,1.330906033515930176e+00
6.503087282180786133e-02,5.213963985443115234e-02,4.671120643615722656e-02,1.155652999877929688e+00,1.253597617149353027e+00,1.795061349868774414e+00
1.011491417884826660e-01,1.098943948745727539e-01,1.138477921485900879e-01,1.461870670318603516e+00,1.456533551216125488e+00,1.585685133934020996e+00
7.280409336090087891e-02,6.111609935760498047e-02,4.895943403244018555e-02,1.365743994712829590e+00,1.096454501152038574e+00,1.578277111053466797e+00
6.895744800567626953e-02,5.593514442443847656e-02,6.010007858276367188e-02,9.539852142333984375e-01,1.259410858154296875e+00,1.093088150024414062e+00
8.554261922836303711e-02,6.708258390426635742e-02,5.628347396850585938e-02,1.222108840942382812e+00,1.304679393768310547e+00,1.706316232681274414e+00
4.603564739227294922e-02,3.887289762496948242e-02,3.711014986038208008e-02,1.111013889312744141e+00,1.174106359481811523e+00,1.427047848701477051e+00
4.271936416625976562e-02,3.809255361557006836e-02,3.136807680130004883e-02,7.973284721374511719e-01,1.014614224433898926e+00,1.159180641174316406e+00
6.376165151596069336e-02,5.307358503341674805e-02,4.380190372467041016e-02,1.428010225296020508e+00,1.360986113548278809e+00,1.498779058456420898e+00
6.094962358474731445e-02,5.262154340744018555e-02,4.228448867797851562e-02,1.134456634521484375e+00,1.139294028282165527e+00,1.607319355010986328e+00
3.886413574218750000e-02,3.587615489959716797e-02,3.014141321182250977e-02,9.056439399719238281e-01,1.155059695243835449e+00,1.409903168678283691e+00
9.955322742462158203e-02,7.886481285095214844e-02,7.069212198257446289e-02,1.235689043998718262e+00,1.112408161163330078e+00,1.369631290435791016e+00
6.490159034729003906e-02,5.431133508682250977e-02,4.821753501892089844e-02,1.067806005477905273e+00,1.253238201141357422e+00,1.132660746574401855e+00
5.210405588150024414e-02,4.576814174652099609e-02,3.323972225189208984e-02,1.105131864547729492e+00,1.115597963333129883e+00,1.788840055465698242e+00
1.089881658554077148e-01,8.899980783462524414e-02,8.058518171310424805e-02,1.962883234024047852e+00,1.851348400115966797e+00,1.887505292892456055e+00
6.264764070510864258e-02,5.504393577575683594e-02,4.492843151092529297e-02,1.138364911079406738e+00,9.807128906250000000e-01,2.112525939941406250e+00
7.601451873779296875e-02,6.194722652435302734e-02,5.589562654495239258e-02,1.494068622589111328e+00,1.594046354293823242e+00,2.645087718963623047e+00
5.807751417160034180e-02,5.386161804199218750e-02,3.725373744964599609e-02,1.267926335334777832e+00,1.239242792129516602e+00,2.098157405853271484e+00
6.693702936172485352e-02,6.110984086990356445e-02,4.550188779830932617e-02,1.341237187385559082e+00,1.091971278190612793e+00,2.467714548110961914e+00
7.991248369216918945e-02,7.094514369964599609e-02,5.804818868637084961e-02,2.963846206665039062e+00,2.048068523406982422e+00,4.765404224395751953e+00
7.413482666015625000e-02,6.990623474121093750e-02,5.215948820114135742e-02,1.552009105682373047e+00,1.161546349525451660e+00,2.647148609161376953e+00
5.031126737594604492e-02,4.755038022994995117e-02,3.300690650939941406e-02,1.515956163406372070e+00,1.728042840957641602e+00,2.073448896408081055e+00
4.331588745117187500e-02,4.092907905578613281e-02,3.325134515762329102e-02,1.444371700286865234e+00,1.163889169692993164e+00,1.445619583129882812e+00
7.043945789337158203e-02,6.271809339523315430e-02,5.206292867660522461e-02,1.112042427062988281e+00,1.180315017700195312e+00,1.463367462158203125e+00
6.148731708526611328e-02,5.290317535400390625e-02,3.950715065002441406e-02,1.230577826499938965e+00,1.401745319366455078e+00,1.637257099151611328e+00
1.530176997184753418e-01,1.332839727401733398e-01,1.092730164527893066e-01,1.020885586738586426e+00,1.306060075759887695e+00,1.689695596694946289e+00
3.962963819503784180e-02,4.369264841079711914e-02,3.611379861831665039e-02,1.203581929206848145e+00,9.160158634185791016e-01,1.378406882286071777e+00
5.045968294143676758e-02,4.342478513717651367e-02,3.351151943206787109e-02,7.964748144149780273e-01,7.860960960388183594e-01,7.338073253631591797e-01
8.989799022674560547e-02,7.361626625061035156e-02,7.068908214569091797e-02,7.487872838973999023e-01,8.175349831581115723e-01,8.144499063491821289e-01
1.157963275909423828e-01,9.724473953247070312e-02,9.185099601745605469e-02,1.010614156723022461e+00,1.017370223999023438e+00,1.232888817787170410e+00
5.695724487304687500e-02,5.410999059677124023e-02,4.387915134429931641e-02,8.458782434463500977e-01,1.208477735519409180e+00,1.389852046966552734e+00
6.716197729110717773e-02,6.286329030990600586e-02,5.206954479217529297e-02,1.072372555732727051e+00,1.165655374526977539e+00,1.417177319526672363e+00
4.464769363403320312e-02,3.686571121215820312e-02,3.155171871185302734e-02,9.195946455001831055e-01,1.074448227882385254e+00,1.360014796257019043e+00
6.742769479751586914e-02,5.981594324111938477e-02,5.257648229598999023e-02,1.328662157058715820e+00,1.292000055313110352e+00,1.266469359397888184e+00
1.099569797515869141e-01,1.053124666213989258e-01,9.469038248062133789e-02,1.082097530364990234e+00,1.285797715187072754e+00,1.547623634338378906e+00
7.626575231552124023e-02,6.546270847320556641e-02,5.345392227172851562e-02,2.035204887390136719e+00,3.604289531707763672e+00,4.950323581695556641e+00
5.525529384613037109e-02,4.971921443939208984e-02,4.143995046615600586e-02,1.120464563369750977e+00,1.126972913742065430e+00,1.248799681663513184e+00
5.277228355407714844e-02,4.813313484191894531e-02,4.528909921646118164e-02,1.011482000350952148e+00,1.264939427375793457e+00,1.154530763626098633e+00
5.496954917907714844e-02,6.059414148330688477e-02,4.741573333740234375e-02,1.066233873367309570e+00,1.034039139747619629e+00,1.368751287460327148e+00
8.420455455780029297e-02,7.701838016510009766e-02,5.969220399856567383e-02,9.746611118316650391e-01,1.168012142181396484e+00,1.263148427009582520e+00
5.979913473129272461e-02,5.355781316757202148e-02,4.321700334548950195e-02,6.412512660026550293e-01,7.182049155235290527e-01,1.019767642021179199e+00
6.203716993331909180e-02,5.009722709655761719e-02,4.265534877777099609e-02,7.116944789886474609e-01,1.036721348762512207e+00,9.726879000663757324e-01
1.600538492202758789e-01,1.473548412322998047e-01,1.312596201896667480e-01,1.000913500785827637e+00,1.093293786048889160e+00,1.253033280372619629e+00
8.929860591888427734e-02,6.673371791839599609e-02,5.849933624267578125e-02,6.523532867431640625e-01,6.811078190803527832e-01,7.995032072067260742e-01
5.461192131042480469e-02,4.628008604049682617e-02,4.078656435012817383e-02,8.481312990188598633e-01,9.881626367568969727e-01,9.829012155532836914e-01
5.541461706161499023e-02,4.456007480621337891e-02,3.827011585235595703e-02,8.223418593406677246e-01,8.544276952743530273e-01,9.842634201049804688e-01
1.093799471855163574e-01,9.028851985931396484e-02,8.348840475082397461e-02,1.273259401321411133e+00,1.351902008056640625e+00,2.108394622802734375e+00
1.192197203636169434e-01,1.025558710098266602e-01,8.734846115112304688e-02,1.534842729568481445e+00,1.529247879981994629e+00,1.411648988723754883e+00
9.671956300735473633e-02,8.384388685226440430e-02,6.448012590408325195e-02,1.387865066528320312e+00,1.244729280471801758e+00,1.710022926330566406e+00
8.907651901245117188e-02,7.609677314758300781e-02,7.598465681076049805e-02,1.213127374649047852e+00,1.542315006256103516e+00,1.676833152770996094e+00
6.688195466995239258e-02,5.130565166473388672e-02,4.227536916732788086e-02,1.373871088027954102e+00,1.642133235931396484e+00,2.252197742462158203e+00
3.183925151824951172e-02,2.651309967041015625e-02,2.274852991104125977e-02,1.008613228797912598e+00,1.081129431724548340e+00,1.190437078475952148e+00
6.795805692672729492e-02,5.321145057678222656e-02,4.802012443542480469e-02,1.167300939559936523e+00,1.231199741363525391e+00,1.320338010787963867e+00
6.503373384475708008e-02,5.297183990478515625e-02,4.436141252517700195e-02,7.431287169456481934e-01,6.854953765869140625e-01,6.107550859451293945e-01
6.804406642913818359e-02,6.099987030029296875e-02,5.350649356842041016e-02,1.325491189956665039e+00,1.126736998558044434e+00,1.525293827056884766e+00
6.172889471054077148e-02,5.334752798080444336e-02,4.838025569915771484e-02,9.851510524749755859e-01,1.069070935249328613e+00,1.332671642303466797e+00
5.304425954818725586e-02,4.244470596313476562e-02,3.749477863311767578e-02,6.052973270416259766e-01,5.854629278182983398e-01,7.802757024765014648e-01
6.649714708328247070e-02,6.248438358306884766e-02,5.237603187561035156e-02,1.132450580596923828e+00,1.061998844146728516e+00,2.106161594390869141e+00
1.096476316452026367e-01,9.829276800155639648e-02,9.155881404876708984e-02,1.662058353424072266e+00,1.438850641250610352e+00,1.502333402633666992e+00
6.020325422286987305e-02,5.401074886322021484e-02,5.069178342819213867e-02,9.714472889900207520e-01,1.045781493186950684e+00,1.148242592811584473e+00
4.735296964645385742e-02,4.065531492233276367e-02,3.621643781661987305e-02,5.481728911399841309e-01,5.888419747352600098e-01,9.089273214340209961e-01
7.295787334442138672e-02,5.893939733505249023e-02,5.389577150344848633e-02,1.583776116371154785e+00,1.468823075294494629e+00,2.179226636886596680e+00
6.822323799133300781e-02,6.535542011260986328e-02,5.789279937744140625e-02,1.659550309181213379e+00,1.963164806365966797e+00,1.894105195999145508e+00
5.634927749633789062e-02,5.478000640869140625e-02,4.329764842987060547e-02,1.508955001831054688e+00,1.157071352005004883e+00,1.575156450271606445e+00
6.856298446655273438e-02,6.801956892013549805e-02,5.731987953186035156e-02,1.196109652519226074e+00,1.193878054618835449e+00,1.239789962768554688e+00
5.045413970947265625e-02,4.048579931259155273e-02,3.322970867156982422e-02,1.072240829467773438e+00,1.227551579475402832e+00,1.298914074897766113e+00
7.784110307693481445e-02,5.953395366668701172e-02,5.155545473098754883e-02,1.083686113357543945e+00,1.067877054214477539e+00,1.437198042869567871e+00
5.657207965850830078e-02,5.635875463485717773e-02,5.258023738861083984e-02,1.296830534934997559e+00,1.042424440383911133e+00,1.253759622573852539e+00
5.047756433486938477e-02,4.322826862335205078e-02,3.530699014663696289e-02,1.368530988693237305e+00,1.195554018020629883e+00,1.651891946792602539e+00
4.621517658233642578e-02,4.026961326599121094e-02,3.341406583786010742e-02,9.034248590469360352e-01,8.436613082885742188e-01,8.486301898956298828e-01
9.729802608489990234e-02,8.160191774368286133e-02,7.196974754333496094e-02,2.008587837219238281e+00,1.679021120071411133e+00,2.275879621505737305e+00
8.374518156051635742e-02,6.765514612197875977e-02,6.165808439254760742e-02,1.099037647247314453e+00,1.385665297508239746e+00,1.394770860671997070e+00
8.066815137863159180e-02,5.730468034744262695e-02,5.019289255142211914e-02,1.668655633926391602e+00,1.503469944000244141e+00,1.993443131446838379e+00
6.661409139633178711e-02,4.881405830383300781e-02,4.115849733352661133e-02,1.142776250839233398e+00,1.198279142379760742e+00,1.583632469177246094e+00
7.733452320098876953e-02,6.634962558746337891e-02,6.014978885650634766e-02,8.809143304824829102e-01,5.411767959594726562e-01,7.825761437416076660e-01
7.737153768539428711e-02,5.853545665740966797e-02,4.454630613327026367e-02,1.194388389587402344e+00,1.394955158233642578e+00,1.788782000541687012e+00
1.174694895744323730e-01,1.146923303604125977e-01,1.112194061279296875e-01,9.066442251205444336e-01,8.751425743103027344e-01,9.189455509185791016e-01
2.454847097396850586e-01,2.190960645675659180e-01,1.596527695655822754e-01,1.571368694305419922e+00,1.630473613739013672e+00,1.483595609664916992e+00
6.792283058166503906e-02,6.055659055709838867e-02,5.303925275802612305e-02,9.553138017654418945e-01,1.245815992355346680e+00,1.227552890777587891e+00
6.888878345489501953e-02,6.210654973983764648e-02,5.449229478836059570e-02,1.240706205368041992e+00,1.111863970756530762e+00,1.288422703742980957e+00
6.334000825881958008e-02,5.127382278442382812e-02,4.242199659347534180e-02,1.614235639572143555e+00,1.838002443313598633e+00,2.399283647537231445e+00
6.074863672256469727e-02,5.477893352508544922e-02,4.432797431945800781e-02,1.019902110099792480e+00,1.513751268386840820e+00,1.992335081100463867e+00
1.021165251731872559e-01,8.311754465103149414e-02,7.042515277862548828e-02,1.037714242935180664e+00,1.349691152572631836e+00,1.765031933784484863e+00
1.038846373558044434e-01,7.675158977508544922e-02,6.112575531005859375e-02,2.460152864456176758e+00,1.659602165222167969e+00,4.485327243804931641e+00
7.236957550048828125e-02,7.353901863098144531e-02,6.149911880493164062e-02,1.054134964942932129e+00,9.244424700736999512e-01,1.433460116386413574e+00
4.242360591888427734e-02,3.298151493072509766e-02,3.353691101074218750e-02,8.905506134033203125e-01,1.082601547241210938e+00,9.092627763748168945e-01
6.797558069229125977e-02,5.799436569213867188e-02,5.115562677383422852e-02,1.243945598602294922e+00,1.288911581039428711e+00,1.643262863159179688e+00
6.118100881576538086e-02,5.331838130950927734e-02,4.814511537551879883e-02,1.835171937942504883e+00,1.624382257461547852e+00,1.705757379531860352e+00
7.982575893402099609e-02,6.887072324752807617e-02,6.073647737503051758e-02,1.611523628234863281e+00,1.389301657676696777e+00,1.961396217346191406e+00
5.126774311065673828e-02,4.371249675750732422e-02,3.648859262466430664e-02,6.932348012924194336e-01,9.382857084274291992e-01,7.045315504074096680e-01
8.231592178344726562e-02,6.852203607559204102e-02,6.675910949707031250e-02,9.290177822113037109e-01,6.000099778175354004e-01,5.280770659446716309e-01
7.136875391006469727e-02,6.284415721893310547e-02,4.745990037918090820e-02,1.502582311630249023e+00,1.225360751152038574e+00,1.496940851211547852e+00
9.625893831253051758e-02,1.092111468315124512e-01,8.937191963195800781e-02,1.410148143768310547e+00,1.193833351135253906e+00,1.434338450431823730e+00
4.820412397384643555e-02,4.476499557495117188e-02,3.512191772460937500e-02,1.271526932716369629e+00,1.374545574188232422e+00,2.806104421615600586e+00
8.574128150939941406e-02,8.037614822387695312e-02,6.674015522003173828e-02,1.587746381759643555e+00,1.486559629440307617e+00,3.776929855346679688e+00
1.541823148727416992e-01,1.475778222084045410e-01,1.590127944946289062e-01,1.420755743980407715e+00,1.690827846527099609e+00,3.057573080062866211e+00
4.448103904724121094e-02,4.665845632553100586e-02,3.187787532806396484e-02,1.478587031364440918e+00,1.152403950691223145e+00,3.423231840133666992e+00
6.132423877716064453e-02,5.002087354660034180e-02,4.336541891098022461e-02,1.395492315292358398e+00,1.351966619491577148e+00,2.898027420043945312e+00
4.340082406997680664e-02,4.876667261123657227e-02,3.777086734771728516e-02,1.795939564704895020e+00,1.657459616661071777e+00,4.361728668212890625e+00
5.680346488952636719e-02,5.531716346740722656e-02,4.281485080718994141e-02,1.359089136123657227e+00,1.397191286087036133e+00,3.551437377929687500e+00
4.356211423873901367e-02,3.850114345550537109e-02,3.609520196914672852e-02,6.993867158889770508e-01,7.736796140670776367e-01,7.064550518989562988e-01
8.464550971984863281e-02,7.359302043914794922e-02,6.437981128692626953e-02,1.342005372047424316e+00,1.307312488555908203e+00,1.843181133270263672e+00
4.943490028381347656e-02,4.138398170471191406e-02,3.436803817749023438e-02,1.606437921524047852e+00,1.641032695770263672e+00,2.324470520019531250e+00
5.855888128280639648e-02,4.615080356597900391e-02,4.024726152420043945e-02,1.054914236068725586e+00,1.233197093009948730e+00,1.532703876495361328e+00
7.698118686676025391e-02,6.790316104888916016e-02,5.668312311172485352e-02,3.030703544616699219e+00,1.874989628791809082e+00,4.277365207672119141e+00
3.665006160736083984e-02,3.438252210617065430e-02,2.572989463806152344e-02,1.200525283813476562e+00,9.267908334732055664e-01,1.645344495773315430e+00
8.257251977920532227e-02,7.971113920211791992e-02,6.947743892669677734e-02,1.260824561119079590e+00,1.313758850097656250e+00,2.171759366989135742e+00
7.077956199645996094e-02,5.845749378204345703e-02,4.504179954528808594e-02,1.132512688636779785e+00,1.241589188575744629e+00,1.357086896896362305e+00
6.169831752777099609e-02,4.659104347229003906e-02,3.826779127120971680e-02,1.296091675758361816e+00,1.448841571807861328e+00,1.639083862304687500e+00
6.331497430801391602e-02,5.242252349853515625e-02,4.687267541885375977e-02,1.137004613876342773e+00,1.167678356170654297e+00,1.280555725097656250e+00
9.555262327194213867e-02,1.088136434555053711e-01,8.920150995254516602e-02,8.944287300109863281e-01,1.095149874687194824e+00,1.396714448928833008e+00
5.883908271789550781e-02,4.941219091415405273e-02,4.440790414810180664e-02,8.683798313140869141e-01,9.625682830810546875e-01,1.694064140319824219e+00
5.894011259078979492e-02,3.894317150115966797e-02,2.928471565246582031e-02,1.178638100624084473e+00,1.061792373657226562e+00,1.693392992019653320e+00
5.951339006423950195e-02,5.799829959869384766e-02,4.425966739654541016e-02,1.582332611083984375e+00,1.722600817680358887e+00,1.805796504020690918e+00
4.428952932357788086e-02,3.858393430709838867e-02,3.402024507522583008e-02,1.139034509658813477e+00,1.262673139572143555e+00,1.397040367126464844e+00
6.131690740585327148e-02,4.994487762451171875e-02,3.993004560470581055e-02,1.039124727249145508e+00,9.307165145874023438e-01,2.665538311004638672e+00
6.933206319808959961e-02,5.710119009017944336e-02,3.870463371276855469e-02,1.404223680496215820e+00,1.221660137176513672e+00,1.722958803176879883e+00
4.420119524002075195e-02,3.393352031707763672e-02,3.041589260101318359e-02,1.052441596984863281e+00,1.379491925239562988e+00,1.352560043334960938e+00
5.722743272781372070e-02,4.066908359527587891e-02,3.181260824203491211e-02,1.165589094161987305e+00,1.295892000198364258e+00,1.801010131835937500e+00
8.675819635391235352e-02,7.428592443466186523e-02,5.944794416427612305e-02,5.885855555534362793e-01,5.818228125572204590e-01,2.164415597915649414e+00
7.067298889160156250e-02,6.829851865768432617e-02,5.496257543563842773e-02,8.237383961677551270e-01,1.058915615081787109e+00,8.309517502784729004e-01
7.044428586959838867e-02,5.711692571640014648e-02,4.962033033370971680e-02,1.265410065650939941e+00,1.222833871841430664e+00,2.418883800506591797e+00
9.238386154174804688e-02,6.942164897918701172e-02,5.419528484344482422e-02,1.553727626800537109e+00,1.567426800727844238e+00,2.095971345901489258e+00
6.944578886032104492e-02,5.848234891891479492e-02,5.449193716049194336e-02,1.408398628234863281e+00,1.222456097602844238e+00,1.562726497650146484e+00
6.189590692520141602e-02,5.450034141540527344e-02,4.391992092132568359e-02,1.078373193740844727e+00,1.179078817367553711e+00,1.343546628952026367e+00
5.939358472824096680e-02,5.199176073074340820e-02,3.985208272933959961e-02,1.475494623184204102e+00,1.145396232604980469e+00,1.583536505699157715e+00
4.784381389617919922e-02,4.312598705291748047e-02,3.517305850982666016e-02,2.768028974533081055e-01,1.165142655372619629e+00,1.776128411293029785e+00
6.639361381530761719e-02,5.442595481872558594e-02,4.689180850982666016e-02,1.154417395591735840e+00,1.098973274230957031e+00,1.459773302078247070e+00
6.273794174194335938e-02,5.182278156280517578e-02,4.420405626296997070e-02,1.279812335968017578e+00,1.058701872825622559e+00,1.358512759208679199e+00
6.017661094665527344e-02,5.391347408294677734e-02,4.371213912963867188e-02,9.427735805511474609e-01,1.324154019355773926e+00,1.678292274475097656e+00
5.166864395141601562e-02,4.322648048400878906e-02,3.797668218612670898e-02,1.378691196441650391e+00,1.088329553604125977e+00,1.784636974334716797e+00
5.635857582092285156e-02,4.518109560012817383e-02,3.713232278823852539e-02,1.079742908477783203e+00,1.117452621459960938e+00,1.311246514320373535e+00
8.306515216827392578e-02,8.181560039520263672e-02,6.799811124801635742e-02,2.487255573272705078e+00,2.481630563735961914e+00,2.838933467864990234e+00
6.460815668106079102e-02,5.846053361892700195e-02,4.862827062606811523e-02,1.487607479095458984e+00,1.192299604415893555e+00,1.500934600830078125e+00
7.451176643371582031e-02,6.552815437316894531e-02,6.001085042953491211e-02,1.213240027427673340e+00,1.222000122070312500e+00,1.480994701385498047e+00
5.540049076080322266e-02,4.825204610824584961e-02,4.017269611358642578e-02,1.233144164085388184e+00,1.230638504028320312e+00,2.722524404525756836e+00
5.633300542831420898e-02,5.244666337966918945e-02,4.258865118026733398e-02,1.139487743377685547e+00,1.196146965026855469e+00,1.966954350471496582e+00
3.760814666748046875e-02,3.284096717834472656e-02,2.919155359268188477e-02,8.581960201263427734e-01,8.278176784515380859e-01,9.915622472763061523e-01
7.096123695373535156e-02,6.570911407470703125e-02,5.021613836288452148e-02,1.390877723693847656e+00,1.502247095108032227e+00,2.360815286636352539e+00
6.642329692840576172e-02,6.405329704284667969e-02,5.853652954101562500e-02,1.082366824150085449e+00,1.424960613250732422e+00,2.427016973495483398e+00
5.257380008697509766e-02,5.260759592056274414e-02,4.164040088653564453e-02,1.582048654556274414e+00,1.526725292205810547e+00,4.006646156311035156e+00
9.208238124847412109e-02,8.062523603439331055e-02,7.147979736328125000e-02,1.236043214797973633e+00,1.708899021148681641e+00,3.054172992706298828e+00
7.537543773651123047e-02,7.964712381362915039e-02,5.952984094619750977e-02,1.233303308486938477e+00,1.301622748374938965e+00,2.028106689453125000e+00
5.695921182632446289e-02,5.890899896621704102e-02,4.400342702865600586e-02,1.190726995468139648e+00,1.097259998321533203e+00,2.051502466201782227e+00
8.715498447418212891e-02,8.144921064376831055e-02,6.896889209747314453e-02,2.050574779510498047e+00,1.746631383895874023e+00,3.804773569107055664e+00
4.045522212982177734e-02,3.979307413101196289e-02,3.014999628067016602e-02,1.313006043434143066e+00,1.385505795478820801e+00,3.093507528305053711e+00
6.286168098449707031e-02,5.813366174697875977e-02,5.135375261306762695e-02,1.446608543395996094e+00,1.347024321556091309e+00,1.315236806869506836e+00
9.306496381759643555e-02,7.471346855163574219e-02,6.963586807250976562e-02,1.163473963737487793e+00,1.291849851608276367e+00,1.514104604721069336e+00
5.154401063919067383e-02,4.610037803649902344e-02,4.078352451324462891e-02,1.180766701698303223e+00,1.001288890838623047e+00,1.256013154983520508e+00
4.705184698104858398e-02,4.086345434188842773e-02,3.379994630813598633e-02,1.179884433746337891e+00,1.234853982925415039e+00,1.559838652610778809e+00
6.869405508041381836e-02,5.654382705688476562e-02,4.704487323760986328e-02,1.529380202293395996e+00,1.505522012710571289e+00,2.293435811996459961e+00
4.067444801330566406e-02,3.371196985244750977e-02,2.876383066177368164e-02,9.560079574584960938e-01,1.009101390838623047e+00,1.412916660308837891e+00
5.394870042800903320e-02,5.159676074981689453e-02,4.238605499267578125e-02,1.905209302902221680e+00,2.045703649520874023e+00,3.739521503448486328e+00
9.761238098144531250e-02,7.776314020156860352e-02,7.024186849594116211e-02,1.071503877639770508e+00,3.930357098579406738e-01,7.468822002410888672e-01
6.533128023147583008e-02,5.703663825988769531e-02,4.455220699310302734e-02,1.329768061637878418e+00,1.401852965354919434e+00,2.220251798629760742e+00
4.503893852233886719e-02,3.648054599761962891e-02,3.203523159027099609e-02,1.296125292778015137e+00,1.520337104797363281e+00,9.160678982734680176e-01
6.744933128356933594e-02,5.007809400558471680e-02,4.536080360412597656e-02,1.257510423660278320e+00,9.873635172843933105e-01,1.201822042465209961e+00
3.823077678680419922e-02,3.696978092193603516e-02,3.018862009048461914e-02,8.895733952522277832e-01,9.716824293136596680e-01,8.966683745384216309e-01
7.752799987792968750e-02,6.184870004653930664e-02,5.159997940063476562e-02,1.488138556480407715e+00,1.159246087074279785e+00,1.412649154663085938e+00
3.823328018188476562e-02,3.445494174957275391e-02,2.812099456787109375e-02,1.151387572288513184e+00,1.601927161216735840e+00,1.562173962593078613e+00
4.842710494995117188e-02,4.071521759033203125e-02,3.490555286407470703e-02,1.278887629508972168e+00,1.249391913414001465e+00,1.468339204788208008e+00
4.234474897384643555e-02,3.671389818191528320e-02,2.757757902145385742e-02,1.449158191680908203e+00,1.080864071846008301e+00,1.618945956230163574e+00
6.932294368743896484e-02,6.408530473709106445e-02,5.098181962966918945e-02,1.287120819091796875e+00,1.212636351585388184e+00,1.353069782257080078e+00
5.250924825668334961e-02,4.367280006408691406e-02,3.489947319030761719e-02,1.331239342689514160e+00,1.613972783088684082e+00,1.814661741256713867e+00
7.704180479049682617e-02,6.073898077011108398e-02,5.411088466644287109e-02,1.131700158119201660e+00,1.227335572242736816e+00,1.379451513290405273e+00
7.020145654678344727e-02,5.477732419967651367e-02,4.884570837020874023e-02,1.432443141937255859e+00,1.207033872604370117e+00,1.336221456527709961e+00
5.832141637802124023e-02,5.315691232681274414e-02,3.888434171676635742e-02,1.120067119598388672e+00,1.234889388084411621e+00,1.662856817245483398e+00
6.370586156845092773e-02,5.490392446517944336e-02,4.593175649642944336e-02,2.284678936004638672e+00,3.962159872055053711e+00,3.187724113464355469e+00
7.232755422592163086e-02,6.470668315887451172e-02,5.371570587158203125e-02,9.889247417449951172e-01,1.156899690628051758e+00,1.611151814460754395e+00
5.162733793258666992e-02,4.965162277221679688e-02,3.781825304031372070e-02,1.393540978431701660e+00,1.317264080047607422e+00,1.895169854164123535e+00
7.154864072799682617e-02,6.034147739410400391e-02,5.171048641204833984e-02,1.005633473396301270e+00,1.108776569366455078e+00,1.050570964813232422e+00
6.486546993255615234e-02,5.365777015686035156e-02,4.324811697006225586e-02,1.184197425842285156e+00,1.100752353668212891e+00,1.911028623580932617e+00
6.296253204345703125e-02,6.011277437210083008e-02,4.268395900726318359e-02,1.514001607894897461e+00,1.451167345046997070e+00,2.319202423095703125e+00
4.819357395172119141e-02,4.177755117416381836e-02,3.083556890487670898e-02,1.125344038009643555e+00,1.253305077552795410e+00,1.624391794204711914e+00
7.533645629882812500e-02,5.318641662597656250e-02,4.473853111267089844e-02,1.315278768539428711e+00,1.324563026428222656e+00,1.400721073150634766e+00
9.024542570114135742e-02,7.629847526550292969e-02,5.782467126846313477e-02,1.254596471786499023e+00,1.307800531387329102e+00,1.645966768264770508e+00
1.088998317718505859e-01,1.122491955757141113e-01,8.738011121749877930e-02,9.668739438056945801e-01,1.145292997360229492e+00,1.051090002059936523e+00
6.388700008392333984e-02,5.080497264862060547e-02,4.233062267303466797e-02,1.295222282409667969e+00,1.292808294296264648e+00,1.495534300804138184e+00
8.188730478286743164e-02,7.316082715988159180e-02,5.763745307922363281e-02,1.038173675537109375e+00,1.168145179748535156e+00,1.701189637184143066e+00
8.038312196731567383e-02,8.092421293258666992e-02,6.042730808258056641e-02,2.681442260742187500e+00,1.127980470657348633e+00,4.371047019958496094e+00
1.350717544555664062e-01,1.133226156234741211e-01,8.926159143447875977e-02,1.701052427291870117e+00,1.595359802246093750e+00,2.569570064544677734e+00
6.823951005935668945e-02,6.114935874938964844e-02,4.710602760314941406e-02,1.620124101638793945e+00,1.350653529167175293e+00,1.737033843994140625e+00
5.838918685913085938e-02,4.773813486099243164e-02,3.956741094589233398e-02,1.047209501266479492e+00,1.355691909790039062e+00,1.490063190460205078e+00
9.103167057037353516e-02,8.579742908477783203e-02,6.248581409454345703e-02,1.547773718833923340e+00,1.759589910507202148e+00,2.121326446533203125e+00
6.363898515701293945e-02,5.689609050750732422e-02,4.174178838729858398e-02,1.566342473030090332e+00,1.708048343658447266e+00,1.872022151947021484e+00
8.571839332580566406e-02,7.977086305618286133e-02,6.828439235687255859e-02,1.679201364517211914e+00,1.316269040107727051e+00,1.928597450256347656e+00
1.368321776390075684e-01,1.290335655212402344e-01,1.161854267120361328e-01,1.593051910400390625e+00,1.386071920394897461e+00,1.988477706909179688e+00
1.273373365402221680e-01,1.190450191497802734e-01,1.053523421287536621e-01,1.293313622474670410e+00,1.361475944519042969e+00,1.013620376586914062e+00
4.039227962493896484e-02,3.370553255081176758e-02,2.862310409545898438e-02,3.083884239196777344e+00,5.368364810943603516e+00,1.417257070541381836e+00
7.153022289276123047e-02,5.503267049789428711e-02,4.831445217132568359e-02,1.352843284606933594e+00,9.781749844551086426e-01,1.306974649429321289e+00
5.158835649490356445e-02,4.607570171356201172e-02,4.239857196807861328e-02,8.343628048896789551e-01,7.767748832702636719e-01,1.055938124656677246e+00
6.643939018249511719e-02,5.629438161849975586e-02,5.026835203170776367e-02,8.961297869682312012e-01,7.304681539535522461e-01,8.424383997917175293e-01
1.872171163558959961e-01,1.767668724060058594e-01,1.474277973175048828e-01,1.330602049827575684e+00,1.234985947608947754e+00,1.523691654205322266e+00
7.323700189590454102e-02,7.153522968292236328e-02,6.338900327682495117e-02,1.596621036529541016e+00,1.329827070236206055e+00,1.488995075225830078e+00
3.598862886428833008e-02,2.970385551452636719e-02,2.445226907730102539e-02,9.123780727386474609e-01,1.358466148376464844e+00,1.112939119338989258e+00
6.526422500610351562e-02,4.494559764862060547e-02,3.400558233261108398e-02,1.409132719039916992e+00,1.776048302650451660e+00,1.711246013641357422e+00
6.465017795562744141e-02,5.236333608627319336e-02,4.372429847717285156e-02,1.377647995948791504e+00,1.395599126815795898e+00,1.797661304473876953e+00
5.479699373245239258e-02,4.628616571426391602e-02,4.321807622909545898e-02,1.238390445709228516e+00,1.125966548919677734e+00,1.131541728973388672e+00
5.644118785858154297e-02,4.790353775024414062e-02,4.526782035827636719e-02,1.434116005897521973e+00,1.916977167129516602e+00,2.066715240478515625e+00
6.451374292373657227e-02,5.262315273284912109e-02,4.391598701477050781e-02,1.031544327735900879e+00,8.341405391693115234e-01,1.096560955047607422e+00
2.123179435729980469e-01,1.857733726501464844e-01,1.323807835578918457e-01,1.445618391036987305e+00,1.969810366630554199e+00,2.029464244842529297e+00
6.880635023117065430e-02,6.059378385543823242e-02,5.361986160278320312e-02,1.795503973960876465e+00,1.430827975273132324e+00,2.421008110046386719e+00
8.320266008377075195e-02,6.712371110916137695e-02,5.597984790802001953e-02,1.105868339538574219e+00,1.006158471107482910e+00,1.146275043487548828e+00
3.736782073974609375e-02,3.455632925033569336e-02,2.789622545242309570e-02,1.073114275932312012e+00,9.326001405715942383e-01,1.092881083488464355e+00
8.271557092666625977e-02,7.103097438812255859e-02,5.848127603530883789e-02,1.926298379898071289e+00,1.552383184432983398e+00,1.818122386932373047e+00
6.225407123565673828e-02,5.000907182693481445e-02,4.276120662689208984e-02,1.286411762237548828e+00,1.818766951560974121e+00,3.716478824615478516e+00
5.943882465362548828e-02,4.583823680877685547e-02,4.517590999603271484e-02,1.092897891998291016e+00,1.086061716079711914e+00,1.320361375808715820e+00
6.140738725662231445e-02,5.345427989959716797e-02,4.804176092147827148e-02,1.042529344558715820e+00,1.286509394645690918e+00,1.166482686996459961e+00
4.794180393218994141e-02,4.066979885101318359e-02,3.434693813323974609e-02,1.486902713775634766e+00,1.065555453300476074e+00,1.305681943893432617e+00
7.752192020416259766e-02,5.853366851806640625e-02,5.513441562652587891e-02,1.297005891799926758e+00,1.437016963958740234e+00,1.048113942146301270e+00
5.646228790283203125e-02,4.252535104751586914e-02,3.981631994247436523e-02,1.277620553970336914e+00,1.211584210395812988e+00,1.948359847068786621e+00
6.918472051620483398e-02,5.663359165191650391e-02,5.385589599609375000e-02,1.527327060699462891e+00,1.210160851478576660e+00,1.321490287780761719e+00
1.448673605918884277e-01,1.226436495780944824e-01,7.748651504516601562e-02,1.167118549346923828e+00,1.317457675933837891e+00,1.145544290542602539e+00
5.376380681991577148e-02,4.894119501113891602e-02,3.664398193359375000e-02,9.385753870010375977e-01,9.857466816902160645e-01,1.580530643463134766e+00
7.760846614837646484e-02,5.855280160903930664e-02,5.721545219421386719e-02,9.905687570571899414e-01,8.358668088912963867e-01,1.312736749649047852e+00
4.264533519744873047e-02,3.566980361938476562e-02,2.978771924972534180e-02,1.106655478477478027e+00,1.226104974746704102e+00,1.826970219612121582e+00
1.349181532859802246e-01,1.405974626541137695e-01,1.350821256637573242e-01,2.133764743804931641e+00,2.034844875335693359e+00,2.582314014434814453e+00
8.208096027374267578e-02,6.678217649459838867e-02,5.413556098937988281e-02,1.631702542304992676e+00,1.897336244583129883e+00,2.149296760559082031e+00
7.383692264556884766e-02,6.335002183914184570e-02,5.789029598236083984e-02,1.665730476379394531e+00,2.239536285400390625e+00,3.167337894439697266e+00
8.153879642486572266e-02,6.288778781890869141e-02,5.687981843948364258e-02,1.293015360832214355e+00,1.460151910781860352e+00,1.591889858245849609e+00
5.201429128646850586e-02,4.812312126159667969e-02,4.193115234375000000e-02,1.212957143783569336e+00,1.250019907951354980e+00,1.215108633041381836e+00
8.843064308166503906e-02,6.969755887985229492e-02,6.173890829086303711e-02,1.646252989768981934e+00,1.671437859535217285e+00,1.588114857673645020e+00
7.309323549270629883e-02,7.354760169982910156e-02,5.507075786590576172e-02,6.407995820045471191e-01,8.065593838691711426e-01,7.434829473495483398e-01
5.270272493362426758e-02,4.514998197555541992e-02,4.160088300704956055e-02,8.547542095184326172e-01,5.639348030090332031e-01,9.102897047996520996e-01
5.840939283370971680e-02,4.287886619567871094e-02,3.666061162948608398e-02,1.240271091461181641e+00,1.440099000930786133e+00,1.518643140792846680e+00
4.675930738449096680e-02,3.678703308105468750e-02,3.561544418334960938e-02,6.702602505683898926e-01,8.438377976417541504e-01,7.932103872299194336e-01
5.940914154052734375e-02,5.152541399002075195e-02,4.114884138107299805e-02,1.194846868515014648e+00,1.023363351821899414e+00,1.430976033210754395e+00
2.278735041618347168e-01,2.762074470520019531e-01,2.406560182571411133e-01,1.304223775863647461e+00,1.827760219573974609e+00,2.337797164916992188e+00
3.763693571090698242e-02,3.635680675506591797e-02,2.866655588150024414e-02,3.531851768493652344e+00,2.344535112380981445e+00,3.579164505004882812e+00
3.945028781890869141e-02,3.746026754379272461e-02,2.844125032424926758e-02,1.271235108375549316e+00,1.321189999580383301e+00,2.530822277069091797e+00
6.343907117843627930e-02,6.415075063705444336e-02,5.377864837646484375e-02,1.665565609931945801e+00,1.841315269470214844e+00,2.720411062240600586e+00
6.001818180084228516e-02,5.922102928161621094e-02,4.919850826263427734e-02,1.221898198127746582e+00,1.414555907249450684e+00,2.696642875671386719e+00
5.456042289733886719e-02,4.898375272750854492e-02,3.947854042053222656e-02,1.307082295417785645e+00,1.211550593376159668e+00,4.196260452270507812e+00
7.200801372528076172e-02,7.574933767318725586e-02,5.689287185668945312e-02,1.129816889762878418e+00,1.588505387306213379e+00,3.352656126022338867e+00
7.224315404891967773e-02,7.546126842498779297e-02,5.743646621704101562e-02,1.149152040481567383e+00,1.152982234954833984e+00,2.528396129608154297e+00
5.138736963272094727e-02,4.588562250137329102e-02,3.602099418640136719e-02,2.356320142745971680e+00,2.186788558959960938e+00,2.568476200103759766e+00
7.561290264129638672e-02,6.863701343536376953e-02,5.011260509490966797e-02,1.344673633575439453e+00,1.399062752723693848e+00,1.561511754989624023e+00
6.478732824325561523e-02,5.082571506500244141e-02,4.265069961547851562e-02,1.204390525817871094e+00,9.118309020996093750e-01,1.427200794219970703e+00
6.366956233978271484e-02,5.488854646682739258e-02,4.278784990310668945e-02,1.090231776237487793e+00,1.152943253517150879e+00,1.415724992752075195e+00
8.775615692138671875e-02,6.366366147994995117e-02,5.497187376022338867e-02,1.264346122741699219e+00,1.235981225967407227e+00,1.050605893135070801e+00
1.497870683670043945e-01,1.458560228347778320e-01,1.262501478195190430e-01,1.536403179168701172e+00,1.558452486991882324e+00,1.677197217941284180e+00
6.795626878738403320e-02,5.597841739654541016e-02,5.004644393920898438e-02,1.185904383659362793e+00,1.237380266189575195e+00,1.527230143547058105e+00
6.863754987716674805e-02,5.267429351806640625e-02,4.973387718200683594e-02,8.110787272453308105e-01,9.353460073471069336e-01,1.132938861846923828e+00
4.232543706893920898e-02,3.522509336471557617e-02,3.160947561264038086e-02,1.035386323928833008e+00,1.222309589385986328e+00,1.343603253364562988e+00
5.705666542053222656e-02,4.838687181472778320e-02,4.176306724548339844e-02,1.271724343299865723e+00,2.077738046646118164e+00,1.583432674407958984e+00
7.997202873229980469e-02,7.880616188049316406e-02,6.158709526062011719e-02,1.219004631042480469e+00,1.007866501808166504e+00,1.350898861885070801e+00
7.390683889389038086e-02,6.434100866317749023e-02,5.258435010910034180e-02,1.128306150436401367e+00,1.180200934410095215e+00,1.352987408638000488e+00
7.312738895416259766e-02,6.354832649230957031e-02,5.976963043212890625e-02,1.457700014114379883e+00,1.505644321441650391e+00,1.991177797317504883e+00
5.067354440689086914e-02,4.147428274154663086e-02,4.093229770660400391e-02,1.105011940002441406e+00,1.030541896820068359e+00,1.417228460311889648e+00
1.277872323989868164e-01,1.139262914657592773e-01,8.493983745574951172e-02,1.220916152000427246e+00,1.148835420608520508e+00,1.847863197326660156e+00
4.226821660995483398e-02,3.550654649734497070e-02,3.275889158248901367e-02,9.651013612747192383e-01,1.031149506568908691e+00,1.042251586914062500e+00
1.363107562065124512e-01,1.207973957061767578e-01,1.026012897491455078e-01,2.158699274063110352e+00,2.839719057083129883e+00,3.476648330688476562e+00
7.175445556640625000e-02,5.440270900726318359e-02,4.578906297683715820e-02,1.073749780654907227e+00,1.063858509063720703e+00,1.213695526123046875e+00
7.581460475921630859e-02,6.630474328994750977e-02,5.904060602188110352e-02,1.316534996032714844e+00,1.029735088348388672e+00,1.209845423698425293e+00
7.291120290756225586e-02,5.840098857879638672e-02,4.910802841186523438e-02,1.413186311721801758e+00,1.379466891288757324e+00,1.459771871566772461e+00
5.432009696960449219e-02,4.387146234512329102e-02,3.624022006988525391e-02,1.586312770843505859e+00,1.266581654548645020e+00,1.748385906219482422e+00
6.664216518402099609e-02,5.054104328155517578e-02,4.761457443237304688e-02,1.208657741546630859e+00,1.232174634933471680e+00,1.498117089271545410e+00
6.811594963073730469e-02,5.578994750976562500e-02,4.985332489013671875e-02,1.091576457023620605e+00,1.522678971290588379e+00,1.437419056892395020e+00
6.747812032699584961e-02,5.777943134307861328e-02,4.860734939575195312e-02,1.315014481544494629e+00,1.555759191513061523e+00,1.425870180130004883e+00
5.613201856613159180e-02,4.763585329055786133e-02,3.695565462112426758e-02,1.414561510086059570e+00,1.538944959640502930e+00,1.667958140373229980e+00
5.805748701095581055e-02,5.092495679855346680e-02,3.784561157226562500e-02,1.205316066741943359e+00,1.183447837829589844e+00,1.228662371635437012e+00
5.558520555496215820e-02,4.483759403228759766e-02,4.206579923629760742e-02,1.154884576797485352e+00,1.258913516998291016e+00,1.462163686752319336e+00
5.924141407012939453e-02,4.771345853805541992e-02,4.265552759170532227e-02,9.678388237953186035e-01,8.723219633102416992e-01,8.755005598068237305e-01
7.389575242996215820e-02,6.498509645462036133e-02,5.533111095428466797e-02,1.367749214172363281e+00,1.407678365707397461e+00,1.511951446533203125e+00
4.346126317977905273e-02,3.849899768829345703e-02,3.217023611068725586e-02,1.012299299240112305e+00,9.099860787391662598e-01,8.814554214477539062e-01
6.588900089263916016e-02,5.450123548507690430e-02,5.114275217056274414e-02,1.194884061813354492e+00,1.100564718246459961e+00,1.018854856491088867e+00
4.848539829254150391e-02,4.289460182189941406e-02,3.334504365921020508e-02,1.172374606132507324e+00,1.185610413551330566e+00,1.685119390487670898e+00
7.656705379486083984e-02,6.163054704666137695e-02,5.591458082199096680e-02,1.563691735267639160e+00,1.296818256378173828e+00,1.508925437927246094e+00
4.725641012191772461e-02,4.481577873229980469e-02,3.962534666061401367e-02,1.121481895446777344e+00,1.327283978462219238e+00,1.278899073600769043e+00
7.239389419555664062e-02,5.919814109802246094e-02,4.609912633895874023e-02,1.203167796134948730e+00,9.528826475143432617e-01,1.708662033081054688e+00
7.475620508193969727e-02,6.555300951004028320e-02,6.114739179611206055e-02,8.459497690200805664e-01,8.496412038803100586e-01,8.864918947219848633e-01
8.881652355194091797e-02,6.715875864028930664e-02,6.101667881011962891e-02,1.296688914299011230e+00,1.900774717330932617e+00,2.488476753234863281e+00
7.556337118148803711e-02,6.285434961318969727e-02,5.687963962554931641e-02,1.349595665931701660e+00,1.138690710067749023e+00,1.699960708618164062e+00
7.469862699508666992e-02,6.638538837432861328e-02,5.634552240371704102e-02,1.412611484527587891e+00,1.035927295684814453e+00,1.593957901000976562e+00
6.843495368957519531e-02,5.856013298034667969e-02,4.384338855743408203e-02,1.056278586387634277e+00,9.376176595687866211e-01,1.235267877578735352e+00
4.806500673294067383e-02,4.495185613632202148e-02,4.001086950302124023e-02,8.377726078033447266e-01,9.791173338890075684e-01,1.114408135414123535e+00
4.924017190933227539e-02,3.658229112625122070e-02,3.623414039611816406e-02,1.169379949569702148e+00,1.286840915679931641e+00,1.534686088562011719e+00
9.760469198226928711e-02,7.852739095687866211e-02,6.558054685592651367e-02,1.978536367416381836e+00,1.994552612304687500e+00,2.841733694076538086e+00
1.004061698913574219e-01,9.853452444076538086e-02,8.802312612533569336e-02,1.043676376342773438e+00,1.085266828536987305e+00,1.132140755653381348e+00
4.728198051452636719e-02,3.727018833160400391e-02,3.231257200241088867e-02,1.238327622413635254e+00,1.069159984588623047e+00,1.366443157196044922e+00
6.987619400024414062e-02,5.748581886291503906e-02,5.006593465805053711e-02,1.009076356887817383e+00,1.130182385444641113e+00,1.154576182365417480e+00
5.295610427856445312e-02,4.491770267486572266e-02,3.595697879791259766e-02,1.443304181098937988e+00,1.411446690559387207e+00,1.608196020126342773e+00
4.691988229751586914e-02,3.858268260955810547e-02,3.496009111404418945e-02,1.388573884963989258e+00,1.570100426673889160e+00,1.171062707901000977e+00
7.481217384338378906e-02,6.420564651489257812e-02,5.476248264312744141e-02,1.438795924186706543e+00,1.139564752578735352e+00,1.551932811737060547e+00
5.170422792434692383e-02,4.625970125198364258e-02,4.039961099624633789e-02,8.258040547370910645e-01,9.974091053009033203e-01,1.437739491462707520e+00
9.567618370056152344e-02,8.368831872940063477e-02,7.353472709655761719e-02,1.671248674392700195e+00,1.387343287467956543e+00,1.645998716354370117e+00
7.608604431152343750e-02,6.482416391372680664e-02,5.595570802688598633e-02,8.967880010604858398e-01,8.772468566894531250e-01,1.168799757957458496e+00
5.032020807266235352e-02,4.206615686416625977e-02,3.796809911727905273e-02,1.591040134429931641e+00,1.331955671310424805e+00,1.467587947845458984e+00
7.425463199615478516e-02,6.463193893432617188e-02,5.452251434326171875e-02,1.676278591156005859e+00,1.738262414932250977e+00,1.835599899291992188e+00
8.681631088256835938e-02,6.742662191390991211e-02,5.757308006286621094e-02,1.577272176742553711e+00,1.822554588317871094e+00,5.930223464965820312e+00
3.277677297592163086e-02,3.039264678955078125e-02,2.444297075271606445e-02,9.927803277969360352e-01,1.431192159652709961e+00,1.071790337562561035e+00
1.876267790794372559e-01,1.445726752281188965e-01,1.076349020004272461e-01,1.257698178291320801e+00,1.218241453170776367e+00,1.151324987411499023e+00
6.111717224121093750e-02,5.137038230895996094e-02,4.165291786193847656e-02,1.452512979507446289e+00,1.675504088401794434e+00,1.855952024459838867e+00
4.740804433822631836e-02,4.649966955184936523e-02,4.078781604766845703e-02,1.150535702705383301e+00,1.445571184158325195e+00,2.931556940078735352e+00
6.423264741897583008e-02,6.585985422134399414e-02,5.774474143981933594e-02,1.276676416397094727e+00,1.333806991577148438e+00,3.751605749130249023e+00
8.189195394515991211e-02,7.330262660980224609e-02,5.198872089385986328e-02,1.325672507286071777e+00,1.496577858924865723e+00,3.288037061691284180e+00
5.460387468338012695e-02,5.031627416610717773e-02,4.149341583251953125e-02,1.307490706443786621e+00,1.174139857292175293e+00,3.096788406372070312e+00
7.980608940124511719e-02,7.487547397613525391e-02,6.939339637756347656e-02,1.135429620742797852e+00,1.207266092300415039e+00,3.034678459167480469e+00
8.655095100402832031e-02,9.167557954788208008e-02,7.301992177963256836e-02,1.243386983871459961e+00,1.538594245910644531e+00,2.596440076828002930e+00
6.373572349548339844e-02,6.238353252410888672e-02,5.123484134674072266e-02,1.183733582496643066e+00,1.503510236740112305e+00,2.215006351470947266e+00
7.188141345977783203e-02,6.167078018188476562e-02,5.520665645599365234e-02,1.151907682418823242e+00,1.204862594604492188e+00,1.559787988662719727e+00
5.200320482254028320e-02,4.862791299819946289e-02,3.542625904083251953e-02,1.063527584075927734e+00,1.149898409843444824e+00,1.447923302650451660e+00
6.983077526092529297e-02,5.548006296157836914e-02,5.020916461944580078e-02,1.281616687774658203e+00,1.278937697410583496e+00,1.951968312263488770e+00
6.129848957061767578e-02,5.097502470016479492e-02,3.978216648101806641e-02,1.154067635536193848e+00,1.616285324096679688e+00,2.091766357421875000e+00
7.361143827438354492e-02,5.579513311386108398e-02,5.655705928802490234e-02,5.340397953987121582e-01,4.146800637245178223e-01,8.609418869018554688e-01
7.302063703536987305e-02,5.703860521316528320e-02,5.357426404953002930e-02,5.923365354537963867e-01,7.327619791030883789e-01,8.862551450729370117e-01
5.689501762390136719e-02,4.942077398300170898e-02,4.067033529281616211e-02,7.199136614799499512e-01,8.212476968765258789e-01,9.489158391952514648e-01
4.907208681106567383e-02,4.398626089096069336e-02,3.476607799530029297e-02,8.585649132728576660e-01,1.032426953315734863e+00,1.097949028015136719e+00
7.222241163253784180e-02,5.497527122497558594e-02,4.645997285842895508e-02,1.274761915206909180e+00,1.272559165954589844e+00,2.298922061920166016e+00
6.995648145675659180e-02,6.093567609786987305e-02,4.747760295867919922e-02,1.131867885589599609e+00,1.438905000686645508e+00,1.253662347793579102e+00
5.802959203720092773e-02,4.190683364868164062e-02,3.874915838241577148e-02,1.741653919219970703e+00,1.458534479141235352e+00,1.974753499031066895e+00
6.049132347106933594e-02,5.013710260391235352e-02,3.819733858108520508e-02,8.750081062316894531e-01,9.164578914642333984e-01,1.163770437240600586e+00
8.603739738464355469e-02,6.949818134307861328e-02,6.650269031524658203e-02,1.430198550224304199e+00,1.429666996002197266e+00,2.095587015151977539e+00
6.073039770126342773e-02,5.327939987182617188e-02,4.575920104980468750e-02,1.175700902938842773e+00,1.494077205657958984e+00,1.732498645782470703e+00
5.542659759521484375e-02,4.904723167419433594e-02,3.947228193283081055e-02,1.565232992172241211e+00,1.257917046546936035e+00,1.319347500801086426e+00
7.031965255737304688e-02,6.557518243789672852e-02,4.513764381408691406e-02,1.325389981269836426e+00,1.436268568038940430e+00,3.653306484222412109e+00
7.787400484085083008e-02,7.003551721572875977e-02,5.282557010650634766e-02,1.040357708930969238e+00,1.004499793052673340e+00,1.351304054260253906e+00
8.258986473083496094e-02,7.132977247238159180e-02,5.195975303649902344e-02,1.773787260055541992e+00,1.787226438522338867e+00,2.239958047866821289e+00
6.166827678680419922e-02,5.538886785507202148e-02,3.614866733551025391e-02,1.659341096878051758e+00,1.833352088928222656e+00,2.294116973876953125e+00
4.831784963607788086e-02,4.363846778869628906e-02,3.544878959655761719e-02,1.984391927719116211e+00,1.509328126907348633e+00,2.167058467864990234e+00
1.203263998031616211e-01,1.037167310714721680e-01,8.309394121170043945e-02,1.438474774360656738e+00,1.711189746856689453e+00,2.187933921813964844e+00
5.972671508789062500e-02,5.235189199447631836e-02,4.624038934707641602e-02,1.095454931259155273e+00,1.374821662902832031e+00,2.583697319030761719e+00
7.971507310867309570e-02,7.799255847930908203e-02,7.832783460617065430e-02,1.374715089797973633e+00,1.858470678329467773e+00,1.965423345565795898e+00
6.033146381378173828e-02,5.226641893386840820e-02,4.654794931411743164e-02,1.396755933761596680e+00,1.484134554862976074e+00,1.762508511543273926e+00
6.902897357940673828e-02,5.467253923416137695e-02,4.430454969406127930e-02,1.941942214965820312e+00,2.067342519760131836e+00,2.372270822525024414e+00
5.221116542816162109e-02,4.671138525009155273e-02,3.810220956802368164e-02,1.444987297058105469e+00,1.099863767623901367e+00,1.236119627952575684e+00
4.852831363677978516e-02,3.920030593872070312e-02,3.540533781051635742e-02,1.392947316169738770e+00,1.404945015907287598e+00,2.710526466369628906e+00
1.306557655334472656e-01,1.129447817802429199e-01,9.171509742736816406e-02,1.230361938476562500e+00,1.010123848915100098e+00,1.024114847183227539e+00
5.739659070968627930e-02,4.316192865371704102e-02,3.681260347366333008e-02,1.430051088333129883e+00,1.682395219802856445e+00,2.349785804748535156e+00
4.799562692642211914e-02,4.460066556930541992e-02,3.624415397644042969e-02,3.670825481414794922e+00,2.958782911300659180e+00,3.877613067626953125e+00
8.278530836105346680e-02,6.610035896301269531e-02,6.410944461822509766e-02,7.075440287590026855e-01,4.696626663208007812e-01,5.808243155479431152e-01
1.204015016555786133e-01,1.044888496398925781e-01,7.921653985977172852e-02,1.142123222351074219e+00,1.889980673789978027e+00,2.250565528869628906e+00
5.472546815872192383e-02,5.011779069900512695e-02,4.131942987442016602e-02,1.104183554649353027e+00,1.213033199310302734e+00,1.649913668632507324e+00
7.190251350402832031e-02,5.298936367034912109e-02,4.382103681564331055e-02,1.493510127067565918e+00,1.429999709129333496e+00,1.872746944427490234e+00
6.062275171279907227e-02,4.722976684570312500e-02,4.153919219970703125e-02,1.292566299438476562e+00,1.158272981643676758e+00,1.361091971397399902e+00
5.690038204193115234e-02,4.677718877792358398e-02,3.758186101913452148e-02,1.085511445999145508e+00,1.431056976318359375e+00,1.436852574348449707e+00
4.756879806518554688e-02,3.821218013763427734e-02,3.288906812667846680e-02,1.296499252319335938e+00,1.443869948387145996e+00,1.269317865371704102e+00
5.909353494644165039e-02,4.795145988464355469e-02,4.365599155426025391e-02,1.267943859100341797e+00,1.028656125068664551e+00,1.174218654632568359e+00
7.128471136093139648e-02,5.949085950851440430e-02,5.454772710800170898e-02,1.235584259033203125e+00,1.373196959495544434e+00,1.495738744735717773e+00
6.195402145385742188e-02,4.897856712341308594e-02,4.139935970306396484e-02,1.037681221961975098e+00,9.143525362014770508e-01,1.441002845764160156e+00
4.828745126724243164e-02,3.806805610656738281e-02,3.429776430130004883e-02,1.148628115653991699e+00,1.566404581069946289e+00,1.588398933410644531e+00
4.989641904830932617e-02,4.943060874938964844e-02,3.713178634643554688e-02,1.421253561973571777e+00,1.307476401329040527e+00,1.988286137580871582e+00
6.850880384445190430e-02,5.880618095397949219e-02,4.838830232620239258e-02,1.011133790016174316e+00,1.080289006233215332e+00,1.126711249351501465e+00
1.517583131790161133e-01,1.225880384445190430e-01,8.254158496856689453e-02,1.033263206481933594e+00,9.457318782806396484e-01,1.073844909667968750e+00
6.576222181320190430e-02,5.954074859619140625e-02,4.505503177642822266e-02,1.012443304061889648e+00,1.249296665191650391e+00,8.502175211906433105e-01
6.638771295547485352e-02,6.022363901138305664e-02,4.871910810470581055e-02,1.492648601531982422e+00,1.411663413047790527e+00,1.792937278747558594e+00
7.195186614990234375e-02,6.494146585464477539e-02,5.465680360794067383e-02,1.426268935203552246e+00,1.621757507324218750e+00,1.274582505226135254e+00
4.859644174575805664e-02,4.199892282485961914e-02,3.218007087707519531e-02,1.445809364318847656e+00,1.513442754745483398e+00,3.290360212326049805e+00
8.729213476181030273e-02,6.788223981857299805e-02,6.460726261138916016e-02,1.232887506484985352e+00,1.303929448127746582e+00,1.957286119461059570e+00
7.509326934814453125e-02,5.983346700668334961e-02,4.698139429092407227e-02,1.415045261383056641e+00,1.477713823318481445e+00,2.262225866317749023e+00
5.778729915618896484e-02,4.868781566619873047e-02,3.976160287857055664e-02,1.254411935806274414e+00,1.415730476379394531e+00,9.078601598739624023e-01
5.540478229522705078e-02,5.086362361907958984e-02,3.466272354125976562e-02,1.018112182617187500e+00,9.953513145446777344e-01,2.913854837417602539e+00
1.560584306716918945e-01,1.422516703605651855e-01,1.061968803405761719e-01,9.164021015167236328e-01,8.504605293273925781e-01,9.016081094741821289e-01
7.783716917037963867e-02,6.108623743057250977e-02,5.599200725555419922e-02,1.138375639915466309e+00,1.242884635925292969e+00,1.802062988281250000e+00
5.453646183013916016e-02,4.016697406768798828e-02,3.719508647918701172e-02,1.194248914718627930e+00,1.047843575477600098e+00,1.207819104194641113e+00
4.835879802703857422e-02,4.702109098434448242e-02,3.329211473464965820e-02,1.180365800857543945e+00,1.304669022560119629e+00,1.478925943374633789e+00
9.935313463211059570e-02,7.914268970489501953e-02,6.797075271606445312e-02,2.736493349075317383e+00,2.927414417266845703e+00,8.780811309814453125e+00
5.269110202789306641e-02,4.028624296188354492e-02,3.767073154449462891e-02,7.479032278060913086e-01,6.315411329269409180e-01,7.417750954627990723e-01
7.473260164260864258e-02,5.883729457855224609e-02,5.407065153121948242e-02,1.567443370819091797e+00,1.256350278854370117e+00,1.598027467727661133e+00
5.280500650405883789e-02,4.426360130310058594e-02,3.485333919525146484e-02,1.463380813598632812e+00,1.380102753639221191e+00,1.792480468750000000e+00
5.618280172348022461e-02,5.058413743972778320e-02,4.525780677795410156e-02,1.214129447937011719e+00,1.430491089820861816e+00,1.285782337188720703e+00
3.793823719024658203e-02,3.458136320114135742e-02,2.901577949523925781e-02,1.040592432022094727e+00,1.334335088729858398e+00,1.383984327316284180e+00
4.481524229049682617e-02,3.527837991714477539e-02,2.923339605331420898e-02,1.197550177574157715e+00,1.390386819839477539e+00,1.921474218368530273e+00
7.102543115615844727e-02,5.616027116775512695e-02,4.806375503540039062e-02,8.181885480880737305e-01,1.365762710571289062e+00,1.570988059043884277e+00
6.083732843399047852e-02,5.207365751266479492e-02,4.734867811203002930e-02,9.745926260948181152e-01,1.124619126319885254e+00,1.291272640228271484e+00
6.840670108795166016e-02,5.961477756500244141e-02,4.911643266677856445e-02,8.600038290023803711e-01,1.091139078140258789e+00,1.632639646530151367e+00
5.493772029876708984e-02,4.386377334594726562e-02,4.254055023193359375e-02,1.095582604408264160e+00,1.078628063201904297e+00,1.169772148132324219e+00
5.705147981643676758e-02,4.827296733856201172e-02,4.122537374496459961e-02,1.366441369056701660e+00,1.587512254714965820e+00,1.788527965545654297e+00
9.657096862792968750e-02,8.385032415390014648e-02,6.262922286987304688e-02,1.325960755348205566e+00,1.328066468238830566e+00,1.483404278755187988e+00
8.965086936950683594e-02,7.981431484222412109e-02,7.251316308975219727e-02,8.665185570716857910e-01,1.051904678344726562e+00,1.384667515754699707e+00
3.953719139099121094e-02,3.623253107070922852e-02,3.232848644256591797e-02,1.210103631019592285e+00,1.118162155151367188e+00,1.614244937896728516e+00
7.389003038406372070e-02,6.168365478515625000e-02,4.803121089935302734e-02,9.454670548439025879e-01,8.696458339691162109e-01,1.196906805038452148e+00
7.531374692916870117e-02,5.719506740570068359e-02,5.249100923538208008e-02,1.195915102958679199e+00,1.155787467956542969e+00,1.814886689186096191e+00
5.078959465026855469e-02,3.813350200653076172e-02,3.334933519363403320e-02,1.200155735015869141e+00,1.384854793548583984e+00,2.013494253158569336e+00
3.538137674331665039e-02,3.186124563217163086e-02,2.378368377685546875e-02,1.401482462882995605e+00,1.586139321327209473e+00,1.693700551986694336e+00
6.096231937408447266e-02,5.263191461563110352e-02,3.781735897064208984e-02,1.664897561073303223e+00,1.511398077011108398e+00,1.793348073959350586e+00
3.633946180343627930e-02,3.263515233993530273e-02,2.749764919281005859e-02,1.367403268814086914e+00,8.083577156066894531e-01,1.190917491912841797e+00
8.148568868637084961e-02,6.323879957199096680e-02,5.364918708801269531e-02,1.352950930595397949e+00,1.792869806289672852e+00,2.082111835479736328e+00
5.996793508529663086e-02,4.673552513122558594e-02,4.241627454757690430e-02,1.455983519554138184e+00,1.070502877235412598e+00,1.427947759628295898e+00
6.212282180786132812e-02,6.146371364593505859e-02,4.931402206420898438e-02,1.677480936050415039e+00,1.620496273040771484e+00,1.583516359329223633e+00
5.098807811737060547e-02,4.910409450531005859e-02,4.041248559951782227e-02,1.177252769470214844e+00,9.766926169395446777e-01,8.930754661560058594e-01
3.458172082901000977e-02,3.362935781478881836e-02,2.678436040878295898e-02,1.514335513114929199e+00,1.202919006347656250e+00,3.148977041244506836e+00
7.997506856918334961e-02,7.750904560089111328e-02,6.679898500442504883e-02,1.412487983703613281e+00,1.377574920654296875e+00,3.919750928878784180e+00
7.609891891479492188e-02,7.038760185241699219e-02,5.382639169692993164e-02,1.317741036415100098e+00,1.402277827262878418e+00,3.281152009963989258e+00
1.085005402565002441e-01,8.232808113098144531e-02,6.866419315338134766e-02,1.562101364135742188e+00,1.436726093292236328e+00,2.441451549530029297e+00
7.911854982376098633e-02,7.518053054809570312e-02,5.894351005554199219e-02,1.568865060806274414e+00,2.856952667236328125e+00,3.864760637283325195e+00
6.746095418930053711e-02,5.888611078262329102e-02,4.919010400772094727e-02,1.087191820144653320e+00,1.508914589881896973e+00,1.399020433425903320e+00
5.689018964767456055e-02,4.790675640106201172e-02,3.377830982208251953e-02,1.315368413925170898e+00,1.248429894447326660e+00,1.701336622238159180e+00
5.926090478897094727e-02,5.553084611892700195e-02,4.113239049911499023e-02,1.423404455184936523e+00,1.267407178878784180e+00,2.022907495498657227e+00
5.596393346786499023e-02,4.817640781402587891e-02,3.434193134307861328e-02,1.244557380676269531e+00,1.175048232078552246e+00,2.133678436279296875e+00
5.723619461059570312e-02,5.327063798904418945e-02,4.415720701217651367e-02,9.772415757179260254e-01,1.030933618545532227e+00,1.401894092559814453e+00
6.755626201629638672e-02,5.547344684600830078e-02,4.605853557586669922e-02,7.541298866271972656e-01,5.977174043655395508e-01,8.204416036605834961e-01
5.058753490447998047e-02,4.139238595962524414e-02,3.416097164154052734e-02,1.239486694335937500e+00,1.328844666481018066e+00,1.635003328323364258e+00
1.256893873214721680e-01,1.168722510337829590e-01,8.401036262512207031e-02,1.239041090011596680e+00,1.500276803970336914e+00,2.270535469055175781e+00
5.708420276641845703e-02,5.047255754470825195e-02,4.066872596740722656e-02,1.296872377395629883e+00,9.685206413269042969e-01,1.197736740112304688e+00
6.948101520538330078e-02,5.987781286239624023e-02,4.616510868072509766e-02,1.180330395698547363e+00,1.298773527145385742e+00,1.384996891021728516e+00
6.129759550094604492e-02,4.916542768478393555e-02,3.883802890777587891e-02,1.698757648468017578e+00,2.073323726654052734e+00,2.449689149856567383e+00
4.467505216598510742e-02,3.888237476348876953e-02,3.417295217514038086e-02,1.226885318756103516e+00,1.513614535331726074e+00,1.088068127632141113e+00
5.332195758819580078e-02,4.757916927337646484e-02,4.039156436920166016e-02,1.215217351913452148e+00,1.442470550537109375e+00,2.041782617568969727e+00
7.645672559738159180e-02,6.354475021362304688e-02,4.919278621673583984e-02,1.096259832382202148e+00,1.136861324310302734e+00,1.690433740615844727e+00
5.330890417098999023e-02,4.585629701614379883e-02,3.861182928085327148e-02,1.620760679244995117e+00,1.600760698318481445e+00,2.026869297027587891e+00
8.204627037048339844e-02,7.057160139083862305e-02,5.436909198760986328e-02,1.431782960891723633e+00,1.400634884834289551e+00,1.573285579681396484e+00
5.836558341979980469e-02,5.663806200027465820e-02,4.237943887710571289e-02,9.910034537315368652e-01,1.012060403823852539e+00,1.203641653060913086e+00
4.738515615463256836e-02,4.306304454803466797e-02,3.229862451553344727e-02,1.228283286094665527e+00,1.156251192092895508e+00,1.244279623031616211e+00
6.592172384262084961e-02,5.385535955429077148e-02,4.459047317504882812e-02,1.194200754165649414e+00,1.047702550888061523e+00,1.228495359420776367e+00
5.495524406433105469e-02,4.355925321578979492e-02,3.712534904479980469e-02,1.397681593894958496e+00,1.441120147705078125e+00,1.916707634925842285e+00
8.254855871200561523e-02,6.980127096176147461e-02,5.961406230926513672e-02,9.627574682235717773e-01,1.168226718902587891e+00,1.574745655059814453e+00
4.435801506042480469e-02,3.622394800186157227e-02,3.298991918563842773e-02,1.017307877540588379e+00,9.504885077476501465e-01,8.757179975509643555e-01
7.221043109893798828e-02,6.349968910217285156e-02,5.210888385772705078e-02,1.319177389144897461e+00,9.803491830825805664e-01,1.318843841552734375e+00
9.905594587326049805e-02,7.942432165145874023e-02,6.793338060379028320e-02,1.637127399444580078e+00,1.610103130340576172e+00,2.209850549697875977e+00
6.511723995208740234e-02,5.355352163314819336e-02,4.804784059524536133e-02,1.176038146018981934e+00,1.264619708061218262e+00,1.492369651794433594e+00
6.077510118484497070e-02,5.042284727096557617e-02,4.264068603515625000e-02,1.244594693183898926e+00,1.645868539810180664e+00,1.914515256881713867e+00
5.325150489807128906e-02,4.324471950531005859e-02,3.773242235183715820e-02,1.488525509834289551e+00,1.364884972572326660e+00,1.464686751365661621e+00
8.254641294479370117e-02,6.273508071899414062e-02,5.222350358963012695e-02,1.466369032859802246e+00,1.204527139663696289e+00,1.628064870834350586e+00
7.932025194168090820e-02,6.543642282485961914e-02,5.454021692276000977e-02,1.410237550735473633e+00,1.466908454895019531e+00,1.388847827911376953e+00
1.103659272193908691e-01,1.082426905632019043e-01,8.628970384597778320e-02,1.970013618469238281e+00,1.709910631179809570e+00,3.247489929199218750e+00
8.780550956726074219e-02,7.173585891723632812e-02,6.112074851989746094e-02,1.576985597610473633e+00,1.366157531738281250e+00,1.531293153762817383e+00
6.885677576065063477e-02,5.925089120864868164e-02,4.524725675582885742e-02,1.665199756622314453e+00,1.231284141540527344e+00,1.713023185729980469e+00
8.297950029373168945e-02,6.806284189224243164e-02,5.189663171768188477e-02,1.260129213333129883e+00,1.254301071166992188e+00,2.451129198074340820e+00
4.634052515029907227e-02,4.044663906097412109e-02,3.913557529449462891e-02,1.117260575294494629e+00,1.011409521102905273e+00,1.122250914573669434e+00
6.106495857238769531e-02,4.528570175170898438e-02,4.171299934387207031e-02,1.147558450698852539e+00,1.329645752906799316e+00,1.931136131286621094e+00
5.864596366882324219e-02,4.532718658447265625e-02,4.351598024368286133e-02,7.631177902221679688e-01,1.039728999137878418e+00,1.739809870719909668e+00
1.053843498229980469e-01,1.048300266265869141e-01,7.851094007492065430e-02,1.591007709503173828e+00,1.478526234626770020e+00,4.314135074615478516e+00
8.961957693099975586e-02,1.336405277252197266e-01,7.791638374328613281e-02,2.585851907730102539e+00,2.721699714660644531e+00,6.386670112609863281e+00
5.814439058303833008e-02,6.974226236343383789e-02,5.467611551284790039e-02,2.126634120941162109e+00,2.171098232269287109e+00,5.404016017913818359e+00
1.105504631996154785e-01,1.193717122077941895e-01,1.063442230224609375e-01,1.591238260269165039e+00,1.716664552688598633e+00,4.356000423431396484e+00
7.449513673782348633e-02,8.210831880569458008e-02,6.250154972076416016e-02,1.206857085227966309e+00,1.332842350006103516e+00,1.367318987846374512e+00
6.070464849472045898e-02,5.956256389617919922e-02,4.233616590499877930e-02,1.336287975311279297e+00,1.419623136520385742e+00,2.345163822174072266e+00
1.381759643554687500e-01,1.217089891433715820e-01,1.124618053436279297e-01,1.912411928176879883e+00,1.551680326461791992e+00,2.005435466766357422e+00
8.826488256454467773e-02,7.514405250549316406e-02,6.170922517776489258e-02,1.476775288581848145e+00,1.339710235595703125e+00,2.512087345123291016e+00
8.195471763610839844e-02,6.977516412734985352e-02,6.120085716247558594e-02,8.540294766426086426e-01,9.153960943222045898e-01,1.098477959632873535e+00
1.806537508964538574e-01,1.575154066085815430e-01,1.098960041999816895e-01,1.378099203109741211e+00,1.285200476646423340e+00,1.407967686653137207e+00
6.206095218658447266e-02,5.326437950134277344e-02,4.292732477188110352e-02,1.169556379318237305e+00,1.120662331581115723e+00,1.472774863243103027e+00
5.656921863555908203e-02,4.908460378646850586e-02,4.291301965713500977e-02,1.733015537261962891e+00,1.427747726440429688e+00,2.609919309616088867e+00
5.529052019119262695e-02,4.655653238296508789e-02,3.680151700973510742e-02,1.313523054122924805e+00,1.548543334007263184e+00,1.940879821777343750e+00
5.746364593505859375e-02,4.729914665222167969e-02,3.749334812164306641e-02,1.588040828704833984e+00,1.326538085937500000e+00,1.907913208007812500e+00
4.404759407043457031e-02,3.560471534729003906e-02,2.714753150939941406e-02,1.884487628936767578e+00,1.042863607406616211e+00,1.187818050384521484e+00
2.359768152236938477e-01,1.825885176658630371e-01,1.651187539100646973e-01,1.767602920532226562e+00,1.507523536682128906e+00,2.314951896667480469e+00
5.744755268096923828e-02,4.378169775009155273e-02,3.677594661712646484e-02,1.492457985877990723e+00,1.413344144821166992e+00,1.809971451759338379e+00
7.037901878356933594e-02,5.992180109024047852e-02,5.091261863708496094e-02,2.004103183746337891e+00,1.684426903724670410e+00,3.025276422500610352e+00
3.916239738464355469e-02,3.619927167892456055e-02,2.542752027511596680e-02,1.169080138206481934e+00,1.345984697341918945e+00,2.406554222106933594e+00
5.018484592437744141e-02,4.670834541320800781e-02,3.657317161560058594e-02,1.318154573440551758e+00,1.484249114990234375e+00,2.662143707275390625e+00
8.813613653182983398e-02,8.198994398117065430e-02,7.234597206115722656e-02,1.718934297561645508e+00,2.576254367828369141e+00,4.351837158203125000e+00
9.862285852432250977e-02,1.271771192550659180e-01,6.968700885772705078e-02,6.775215148925781250e+00,2.801388263702392578e+00,1.036512565612792969e+01
6.142204999923706055e-02,7.352614402770996094e-02,4.651308059692382812e-02,1.847777366638183594e+00,1.915541887283325195e+00,4.799949645996093750e+00
7.393401861190795898e-02,7.786417007446289062e-02,5.250298976898193359e-02,1.372528553009033203e+00,1.495513200759887695e+00,3.907316923141479492e+00
4.335594177246093750e-02,3.928327560424804688e-02,3.355997800827026367e-02,9.682971239089965820e-01,9.762609601020812988e-01,1.899748802185058594e+00
5.259740352630615234e-02,4.878759384155273438e-02,3.967112302780151367e-02,1.232736110687255859e+00,1.353341460227966309e+00,2.023497581481933594e+00
6.507503986358642578e-02,6.199979782104492188e-02,5.040407180786132812e-02,1.136963725090026855e+00,1.250103235244750977e+00,1.427727937698364258e+00
5.666059255599975586e-02,5.297577381134033203e-02,4.525297880172729492e-02,1.440972328186035156e+00,1.222156405448913574e+00,1.712471008300781250e+00
4.938983917236328125e-02,4.559522867202758789e-02,4.089599847793579102e-02,1.033672571182250977e+00,9.549890756607055664e-01,1.423378229141235352e+00
4.991680383682250977e-02,4.596126079559326172e-02,3.706634044647216797e-02,1.499313712120056152e+00,1.365994334220886230e+00,1.890106439590454102e+00
5.631834268569946289e-02,4.943776130676269531e-02,4.391670227050781250e-02,9.133028984069824219e-01,7.521221637725830078e-01,1.069260120391845703e+00
7.047486305236816406e-02,5.955970287322998047e-02,4.403597116470336914e-02,1.511042356491088867e+00,1.342748880386352539e+00,2.783387422561645508e+00
8.119064569473266602e-02,7.486259937286376953e-02,5.532038211822509766e-02,1.288708686828613281e+00,1.277253985404968262e+00,1.988534331321716309e+00
6.399786472320556641e-02,5.496722459793090820e-02,4.536420106887817383e-02,1.259680509567260742e+00,1.550644755363464355e+00,1.584247589111328125e+00
5.908387899398803711e-02,5.670708417892456055e-02,5.086094141006469727e-02,1.130413532257080078e+00,1.228213906288146973e+00,1.540563821792602539e+00
1.362460255622863770e-01,1.136536002159118652e-01,8.896690607070922852e-02,1.571732521057128906e+00,1.464501857757568359e+00,2.780051469802856445e+00
6.233114004135131836e-02,5.452752113342285156e-02,4.646408557891845703e-02,1.485106468200683594e+00,1.701496481895446777e+00,1.668133497238159180e+00
5.619406700134277344e-02,4.922890663146972656e-02,3.838974237442016602e-02,9.434207081794738770e-01,1.116656184196472168e+00,1.254100084304809570e+00
9.545481204986572266e-02,7.946401834487915039e-02,6.447637081146240234e-02,1.347032904624938965e+00,1.569133043289184570e+00,1.615221023559570312e+00
8.185976743698120117e-02,6.151968240737915039e-02,5.230951309204101562e-02,1.212958216667175293e+00,1.413320660591125488e+00,1.734325170516967773e+00
5.786615610122680664e-02,5.516159534454345703e-02,4.022848606109619141e-02,1.572497248649597168e+00,1.481928348541259766e+00,1.467868924140930176e+00
7.190805673599243164e-02,7.072126865386962891e-02,5.198925733566284180e-02,1.763942241668701172e+00,1.843411087989807129e+00,3.604783535003662109e+00
7.986295223236083984e-02,6.442219018936157227e-02,5.121052265167236328e-02,1.282776474952697754e+00,1.268045067787170410e+00,2.326169252395629883e+00
8.790814876556396484e-02,8.235168457031250000e-02,6.212836503982543945e-02,2.739194393157958984e+00,1.999729514122009277e+00,3.719945669174194336e+00
7.978749275207519531e-02,7.702320814132690430e-02,5.853939056396484375e-02,1.322057604789733887e+00,9.292463064193725586e-01,3.004847288131713867e+00
6.715857982635498047e-02,6.228607892990112305e-02,4.152649641036987305e-02,1.435696601867675781e+00,1.467886209487915039e+00,2.386892318725585938e+00
7.591456174850463867e-02,8.475404977798461914e-02,6.312042474746704102e-02,1.342685222625732422e+00,1.009909629821777344e+00,1.862373590469360352e+00
3.783577680587768555e-02,3.930848836898803711e-02,2.482831478118896484e-02,1.288914084434509277e+00,1.049805879592895508e+00,2.830618381500244141e+00
9.209829568862915039e-02,8.016765117645263672e-02,6.032663583755493164e-02,1.276791214942932129e+00,1.182318449020385742e+00,1.726399421691894531e+00
9.714478254318237305e-02,7.754123210906982422e-02,6.536900997161865234e-02,1.418789863586425781e+00,1.427889347076416016e+00,2.728326559066772461e+00
6.489014625549316406e-02,6.031036376953125000e-02,4.873484373092651367e-02,1.112121105194091797e+00,1.250198364257812500e+00,1.210793495178222656e+00
7.860088348388671875e-02,7.312595844268798828e-02,5.656814575195312500e-02,1.209446430206298828e+00,1.413271665573120117e+00,2.254019498825073242e+00
1.228641271591186523e-01,1.226577758789062500e-01,1.079996824264526367e-01,1.131909608840942383e+00,9.559797048568725586e-01,1.276351690292358398e+00
1.189116239547729492e-01,1.154047250747680664e-01,8.600556850433349609e-02,1.902430295944213867e+00,2.479370832443237305e+00,1.987260103225708008e+00
6.141257286071777344e-02,4.586130380630493164e-02,5.371946096420288086e-02,1.795075893402099609e+00,2.327220678329467773e+00,3.483625173568725586e+00
9.322321414947509766e-02,6.609535217285156250e-02,9.787380695343017578e-02,1.325507998466491699e+00,1.184268593788146973e+00,1.036141991615295410e+00
6.045037508010864258e-02,3.895962238311767578e-02,5.189466476440429688e-02,8.139460086822509766e-01,9.534017443656921387e-01,9.432565569877624512e-01
8.914375305175781250e-02,5.767625570297241211e-02,7.000833749771118164e-02,1.369433283805847168e+00,8.140815496444702148e-01,8.747613430023193359e-01
8.743536472320556641e-02,5.972939729690551758e-02,8.299452066421508789e-02,1.841705203056335449e+00,1.544488191604614258e+00,1.469588041305541992e+00
7.340419292449951172e-02,4.485565423965454102e-02,5.578601360321044922e-02,2.002698183059692383e+00,1.815929889678955078e+00,2.462017297744750977e+00
1.197279095649719238e-01,1.322246789932250977e-01,1.548632383346557617e-01,1.119904518127441406e+00,1.202298641204833984e+00,1.577598094940185547e+00
8.164322376251220703e-02,7.413607835769653320e-02,6.202858686447143555e-02,1.629689455032348633e+00,1.177637100219726562e+00,2.011828660964965820e+00
6.131458282470703125e-02,5.251783132553100586e-02,4.362183809280395508e-02,8.483659029006958008e-01,7.890901565551757812e-01,1.655550241470336914e+00
1.593968868255615234e-01,1.656517982482910156e-01,1.145530343055725098e-01,1.738567590713500977e+00,1.968948602676391602e+00,3.419873714447021484e+00
9.831833839416503906e-02,1.124548316001892090e-01,1.033757328987121582e-01,9.086238741874694824e-01,1.154654502868652344e+00,1.514567375183105469e+00
6.001228094100952148e-02,5.568516254425048828e-02,3.877061605453491211e-02,2.636878967285156250e+00,2.809804439544677734e+00,4.138586044311523438e+00
9.172707796096801758e-02,9.075146913528442383e-02,6.660926342010498047e-02,1.550936579704284668e+00,1.287444591522216797e+00,2.359879016876220703e+00
8.393311500549316406e-02,6.591188907623291016e-02,5.644172430038452148e-02,1.417678117752075195e+00,1.450216054916381836e+00,1.953315258026123047e+00
7.031178474426269531e-02,5.981469154357910156e-02,4.522043466567993164e-02,1.259980201721191406e+00,1.337856173515319824e+00,2.341255664825439453e+00
8.395636081695556641e-02,6.328850984573364258e-02,5.696940422058105469e-02,1.480685234069824219e+00,1.354629278182983398e+00,1.368670940399169922e+00
1.444475054740905762e-01,1.344494819641113281e-01,1.108943223953247070e-01,1.031431913375854492e+00,1.070480585098266602e+00,1.089908123016357422e+00
1.076880097389221191e-01,8.548521995544433594e-02,7.810842990875244141e-02,1.593389272689819336e+00,1.662300467491149902e+00,1.192412614822387695e+00
7.922691106796264648e-02,7.564222812652587891e-02,6.565725803375244141e-02,1.333318233489990234e+00,9.624041318893432617e-01,2.453335285186767578e+00
1.089295148849487305e-01,7.456666231155395508e-02,5.462855100631713867e-02,1.620681285858154297e+00,1.545267820358276367e+00,2.842186927795410156e+00
6.051528453826904297e-02,4.445958137512207031e-02,3.547739982604980469e-02,1.434971451759338379e+00,1.785025477409362793e+00,1.853082776069641113e+00
5.039477348327636719e-02,4.021131992340087891e-02,3.128206729888916016e-02,1.376577258110046387e+00,1.159323334693908691e+00,1.458654284477233887e+00
1.057574272155761719e+00,1.105552196502685547e+00,9.345114827156066895e-01,1.168518781661987305e+00,9.367135763168334961e-01,1.476314663887023926e+00
8.497452735900878906e-02,6.572753190994262695e-02,6.011080741882324219e-02,2.294851303100585938e+00,2.017167568206787109e+00,1.635699510574340820e+00
8.090454339981079102e-02,6.529068946838378906e-02,5.327832698822021484e-02,1.616268038749694824e+00,1.479419469833374023e+00,1.766137361526489258e+00
1.321384906768798828e-01,1.074945330619812012e-01,7.037723064422607422e-02,1.532091021537780762e+00,1.684153556823730469e+00,1.697341203689575195e+00
4.207921028137207031e-02,3.558021783828735352e-02,2.815210819244384766e-02,6.446961164474487305e-01,7.965652942657470703e-01,7.850618362426757812e-01
6.609517335891723633e-02,4.969114065170288086e-02,4.043948650360107422e-02,1.191086411476135254e+00,1.225344300270080566e+00,1.607715845108032227e+00
4.769557714462280273e-02,3.945171833038330078e-02,3.226840496063232422e-02,2.384298801422119141e+00,1.675654172897338867e+00,2.043612480163574219e+00
5.394905805587768555e-02,4.375952482223510742e-02,4.234206676483154297e-02,1.771116495132446289e+00,1.569713592529296875e+00,1.829822301864624023e+00
5.780303478240966797e-02,5.472815036773681641e-02,4.773187637329101562e-02,1.329340696334838867e+00,1.377878189086914062e+00,1.346285820007324219e+00
6.348037719726562500e-02,5.152559280395507812e-02,4.317802190780639648e-02,1.419224023818969727e+00,1.049067020416259766e+00,1.381363034248352051e+00
9.172636270523071289e-02,7.496255636215209961e-02,6.299060583114624023e-02,1.281207919120788574e+00,7.498583793640136719e-01,1.095747828483581543e+00
4.679882526397705078e-02,4.044806957244873047e-02,2.381515502929687500e-02,1.511345744132995605e+00,1.529091119766235352e+00,2.793472051620483398e+00
5.399733781814575195e-02,4.588687419891357422e-02,3.775030374526977539e-02,1.394477844238281250e+00,1.738193273544311523e+00,2.586694002151489258e+00
8.916306495666503906e-02,7.155883312225341797e-02,5.372607707977294922e-02,1.612546682357788086e+00,1.019334912300109863e+00,1.950194597244262695e+00
5.640202760696411133e-02,5.295252799987792969e-02,4.738837480545043945e-02,1.132522821426391602e+00,1.256112813949584961e+00,1.741394996643066406e+00
6.677895784378051758e-02,4.648178815841674805e-02,3.602439165115356445e-02,1.609878063201904297e+00,1.343599677085876465e+00,2.786789417266845703e+00
7.924461364746093750e-02,6.267160177230834961e-02,5.219078063964843750e-02,1.840612411499023438e+00,1.331604838371276855e+00,1.569713830947875977e+00
5.305624008178710938e-02,4.776602983474731445e-02,3.648841381072998047e-02,3.017734766006469727e+00,3.304119586944580078e+00,6.383644580841064453e+00
6.844586133956909180e-02,5.795073509216308594e-02,4.764407873153686523e-02,1.105484962463378906e+00,1.045911788940429688e+00,2.243298768997192383e+00
1.293838620185852051e-01,1.147574186325073242e-01,8.808374404907226562e-02,1.220405101776123047e+00,1.478481531143188477e+00,1.531393647193908691e+00
8.595067262649536133e-02,6.804943084716796875e-02,5.599826574325561523e-02,7.785054445266723633e-01,4.509605169296264648e-01,1.870674133300781250e+00
1.015731096267700195e-01,8.936530351638793945e-02,7.119619846343994141e-02,9.521661400794982910e-01,1.021850466728210449e+00,1.105198860168457031e+00
1.384329199790954590e-01,1.250460147857666016e-01,1.037814617156982422e-01,3.012613296508789062e+00,2.817391633987426758e+00,3.856715202331542969e+00
7.887089252471923828e-02,6.198835372924804688e-02,5.417865514755249023e-02,3.730608940124511719e+00,3.530967712402343750e+00,3.847427845001220703e+00
8.366328477859497070e-02,6.417006254196166992e-02,5.860501527786254883e-02,1.181643009185791016e+00,1.421242117881774902e+00,2.281312227249145508e+00
3.557163476943969727e-02,3.597861528396606445e-02,2.517825365066528320e-02,1.502384185791015625e+00,1.171780943870544434e+00,1.758175492286682129e+00
2.438494563102722168e-01,2.095774412155151367e-01,1.206158995628356934e-01,1.726021289825439453e+00,1.353813886642456055e+00,2.173990726470947266e+00
1.004233360290527344e-01,6.263351440429687500e-02,5.291444063186645508e-02,1.757629752159118652e+00,2.024002552032470703e+00,2.511489391326904297e+00
6.750780344009399414e-02,6.166201829910278320e-02,4.768449068069458008e-02,1.343989849090576172e+00,1.381695747375488281e+00,1.745353937149047852e+00
4.410374164581298828e-02,4.659909009933471680e-02,2.756810188293457031e-02,1.481273174285888672e+00,1.446606159210205078e+00,3.481030941009521484e+00
7.611840963363647461e-02,6.881922483444213867e-02,5.984097719192504883e-02,1.288200259208679199e+00,1.301568984985351562e+00,3.425475597381591797e+00
1.460115909576416016e-01,1.503946781158447266e-01,1.233206391334533691e-01,1.325957536697387695e+00,1.855716466903686523e+00,2.975749015808105469e+00
4.981791973114013672e-02,5.123448371887207031e-02,4.657119512557983398e-02,1.524060249328613281e+00,1.250899076461791992e+00,3.990834236145019531e+00
7.342761754989624023e-02,8.885353803634643555e-02,5.411517620086669922e-02,1.592039108276367188e+00,1.795230031013488770e+00,4.454830646514892578e+00
7.270985841751098633e-02,6.088632345199584961e-02,5.183672904968261719e-02,1.226804018020629883e+00,2.062691211700439453e+00,1.981527805328369141e+00
6.806534528732299805e-02,6.260454654693603516e-02,5.778640508651733398e-02,1.827111124992370605e+00,1.615394830703735352e+00,2.429333925247192383e+00
5.711048841476440430e-02,4.579889774322509766e-02,3.705024719238281250e-02,1.295918226242065430e+00,1.253209948539733887e+00,1.507698535919189453e+00
8.455038070678710938e-02,7.838594913482666016e-02,6.156188249588012695e-02,1.333672642707824707e+00,1.284300804138183594e+00,1.872254133224487305e+00
6.938481330871582031e-02,5.562704801559448242e-02,4.899322986602783203e-02,1.617331743240356445e+00,1.521206378936767578e+00,1.461037874221801758e+00
5.668383836746215820e-02,4.289889335632324219e-02,3.492236137390136719e-02,1.574557185173034668e+00,1.610306024551391602e+00,2.517762422561645508e+00
7.372730970382690430e-02,5.834287405014038086e-02,4.811114072799682617e-02,1.500341892242431641e+00,1.735639095306396484e+00,1.718681812286376953e+00
8.948493003845214844e-02,6.782823801040649414e-02,5.225139856338500977e-02,1.208492517471313477e+00,1.211024522781372070e+00,1.617478370666503906e+00
5.186873674392700195e-02,4.103189706802368164e-02,3.322774171829223633e-02,1.510373353958129883e+00,1.508749485015869141e+00,2.048605442047119141e+00
6.224280595779418945e-02,5.181241035461425781e-02,3.827619552612304688e-02,1.809632778167724609e+00,2.003232240676879883e+00,3.483996391296386719e+00
6.698101758956909180e-02,5.325794219970703125e-02,4.107266664505004883e-02,1.067794561386108398e+00,1.015631437301635742e+00,1.541037559509277344e+00
5.247777700424194336e-02,3.566873073577880859e-02,2.686679363250732422e-02,1.334055900573730469e+00,1.271718978881835938e+00,1.804109215736389160e+00
7.184171676635742188e-02,5.779212713241577148e-02,4.524046182632446289e-02,1.312662363052368164e+00,1.390683531761169434e+00,1.425866842269897461e+00
9.921061992645263672e-02,8.748292922973632812e-02,7.179325819015502930e-02,1.374350070953369141e+00,8.641165494918823242e-01,9.668219089508056641e-01
4.856961965560913086e-02,4.078137874603271484e-02,3.435945510864257812e-02,1.274325013160705566e+00,1.319295287132263184e+00,1.568297624588012695e+00
1.348146200180053711e-01,1.146891117095947266e-01,7.745093107223510742e-02,1.614778757095336914e+00,1.785703659057617188e+00,1.403855323791503906e+00
1.478215456008911133e-01,1.400944590568542480e-01,1.136253476142883301e-01,1.160876274108886719e+00,1.172094583511352539e+00,1.539790153503417969e+00
7.268607616424560547e-02,5.872607231140136719e-02,4.320162534713745117e-02,1.474970698356628418e+00,1.273135185241699219e+00,2.006980180740356445e+00
7.485133409500122070e-02,6.796163320541381836e-02,5.570983886718750000e-02,1.740229368209838867e+00,1.556656479835510254e+00,1.913518905639648438e+00
7.156240940093994141e-02,5.930811166763305664e-02,4.967844486236572266e-02,1.275259017944335938e+00,1.669834613800048828e+00,1.804961800575256348e+00
6.361037492752075195e-02,4.975694417953491211e-02,4.034560918807983398e-02,9.545191526412963867e-01,1.395895242691040039e+00,9.493609070777893066e-01
2.078096866607666016e-01,1.468189358711242676e-01,1.138331294059753418e-01,1.279511690139770508e+00,1.355367422103881836e+00,1.405330896377563477e+00
5.297166109085083008e-02,5.217969417572021484e-02,4.005324840545654297e-02,1.178089857101440430e+00,1.268179655075073242e+00,1.524904966354370117e+00
5.815064907073974609e-02,5.829548835754394531e-02,3.940933942794799805e-02,2.136322498321533203e+00,2.081959962844848633e+00,5.413954734802246094e+00
6.975334882736206055e-02,9.523648023605346680e-02,6.895405054092407227e-02,1.605087518692016602e+00,1.617305159568786621e+00,4.376178741455078125e+00
4.105943441390991211e-02,4.573130607604980469e-02,3.366976976394653320e-02,1.384249091148376465e+00,1.498578429222106934e+00,3.449992656707763672e+00
6.512027978897094727e-02,6.965017318725585938e-02,5.132424831390380859e-02,1.281082391738891602e+00,1.786875486373901367e+00,4.002758502960205078e+00
8.222365379333496094e-02,7.844835519790649414e-02,5.041301250457763672e-02,1.678868770599365234e+00,2.175267696380615234e+00,4.450896263122558594e+00
6.943577527999877930e-02,5.450588464736938477e-02,4.727214574813842773e-02,1.160543918609619141e+00,1.453847765922546387e+00,1.493774056434631348e+00
5.712139606475830078e-02,4.405152797698974609e-02,3.960889577865600586e-02,1.443339228630065918e+00,1.630631089210510254e+00,2.433369636535644531e+00
6.640380620956420898e-02,5.197495222091674805e-02,4.537600278854370117e-02,1.722139358520507812e+00,1.570879697799682617e+00,2.742015838623046875e+00
9.220486879348754883e-02,7.377094030380249023e-02,6.206881999969482422e-02,1.401822209358215332e+00,1.357075095176696777e+00,1.682823896408081055e+00
5.600005388259887695e-02,4.644906520843505859e-02,3.609108924865722656e-02,1.193637728691101074e+00,1.199753165245056152e+00,1.376227140426635742e+00
4.695135354995727539e-02,3.732866048812866211e-02,3.150987625122070312e-02,1.106062173843383789e+00,7.299538850784301758e-01,9.479949474334716797e-01
6.012779474258422852e-02,5.005806684494018555e-02,3.932458162307739258e-02,9.865064620971679688e-01,1.092337846755981445e+00,1.503381490707397461e+00
1.068297028541564941e-01,9.512436389923095703e-02,6.896549463272094727e-02,1.460422039031982422e+00,1.039066672325134277e+00,1.355216741561889648e+00
6.179577112197875977e-02,5.155152082443237305e-02,4.558163881301879883e-02,1.797270298004150391e+00,1.836661934852600098e+00,2.191544532775878906e+00
7.916325330734252930e-02,7.108426094055175781e-02,5.789136886596679688e-02,1.532587409019470215e+00,1.637977838516235352e+00,1.745338916778564453e+00
7.589685916900634766e-02,6.414806842803955078e-02,4.705846309661865234e-02,1.262012243270874023e+00,1.169747829437255859e+00,1.814950942993164062e+00
6.491124629974365234e-02,5.374807119369506836e-02,4.750782251358032227e-02,1.463420391082763672e+00,1.319724082946777344e+00,1.618424534797668457e+00
5.887055397033691406e-02,4.515534639358520508e-02,3.933852910995483398e-02,9.465068578720092773e-01,8.804571032524108887e-01,1.276492595672607422e+00
8.426731824874877930e-02,6.975656747817993164e-02,5.856710672378540039e-02,1.067737817764282227e+00,1.241601347923278809e+00,1.683682322502136230e+00
7.787579298019409180e-02,6.118440628051757812e-02,4.990732669830322266e-02,1.100913047790527344e+00,1.098153352737426758e+00,2.028360366821289062e+00
5.538618564605712891e-02,4.477715492248535156e-02,4.320913553237915039e-02,1.153766155242919922e+00,1.440092682838439941e+00,1.372656822204589844e+00
7.162195444107055664e-02,6.178361177444458008e-02,5.005323886871337891e-02,1.392674922943115234e+00,1.393991231918334961e+00,1.789183139801025391e+00
7.136696577072143555e-02,5.252265930175781250e-02,4.309719800949096680e-02,1.668763875961303711e+00,2.052158355712890625e+00,2.042166233062744141e+00
4.299134016036987305e-02,3.518843650817871094e-02,2.788335084915161133e-02,1.405964255332946777e+00,1.180042147636413574e+00,1.400728225708007812e+00
2.502896189689636230e-01,2.023476362228393555e-01,1.407229900360107422e-01,1.686846017837524414e+00,1.092582464218139648e+00,1.776590108871459961e+00
7.301867008209228516e-02,6.293767690658569336e-02,5.066174268722534180e-02,1.450085878372192383e+00,1.637573361396789551e+00,1.898741841316223145e+00
7.525438070297241211e-02,6.434905529022216797e-02,5.135661363601684570e-02,1.530474662780761719e+00,1.297566175460815430e+00,1.478372454643249512e+00
7.518661022186279297e-02,5.554980039596557617e-02,4.032683372497558594e-02,1.520407438278198242e+00,1.441727757453918457e+00,2.871431827545166016e+00
7.394242286682128906e-02,6.551402807235717773e-02,4.931795597076416016e-02,1.864948272705078125e+00,1.720034837722778320e+00,2.244560480117797852e+00
9.462404251098632812e-02,9.989047050476074219e-02,7.063919305801391602e-02,2.545639514923095703e+00,2.116503715515136719e+00,3.043917179107666016e+00
1.415355205535888672e-01,1.203013658523559570e-01,1.131414771080017090e-01,1.549321532249450684e+00,1.136294245719909668e+00,2.952080249786376953e+00
8.918488025665283203e-02,9.272325038909912109e-02,6.787794828414916992e-02,2.072082281112670898e+00,1.644264936447143555e+00,4.049877166748046875e+00
1.549415588378906250e-01,1.656247973442077637e-01,1.002450585365295410e-01,2.261486053466796875e+00,2.179894685745239258e+00,5.373797416687011719e+00
7.442182302474975586e-02,6.771361827850341797e-02,4.829567670822143555e-02,1.381959557533264160e+00,1.429472208023071289e+00,2.645844697952270508e+00
1.592647433280944824e-01,1.376606225967407227e-01,1.062739491462707520e-01,1.460743188858032227e+00,9.777674674987792969e-01,1.305726170539855957e+00
7.971328496932983398e-02,6.937640905380249023e-02,5.066102743148803711e-02,1.410119533538818359e+00,1.310978293418884277e+00,2.561524629592895508e+00
6.475567817687988281e-02,5.248010158538818359e-02,4.669260978698730469e-02,1.196413993835449219e+00,1.454732656478881836e+00,1.830235481262207031e+00
8.049148321151733398e-02,6.617957353591918945e-02,5.869442224502563477e-02,1.167488098144531250e+00,9.416846036911010742e-01,1.027465105056762695e+00
1.510804295539855957e-01,1.328122615814208984e-01,8.819460868835449219e-02,1.207911372184753418e+00,1.146539449691772461e+00,1.809607267379760742e+00
7.234847545623779297e-02,5.379384756088256836e-02,4.094356298446655273e-02,1.378824591636657715e+00,1.555171251296997070e+00,1.997173309326171875e+00
6.291747093200683594e-02,5.343961715698242188e-02,4.333376884460449219e-02,1.183011531829833984e+00,1.714759111404418945e+00,3.352888107299804688e+00
7.362967729568481445e-02,6.193935871124267578e-02,5.217397212982177734e-02,1.182367801666259766e+00,1.238047957420349121e+00,1.304970979690551758e+00
5.822986364364624023e-02,5.226123332977294922e-02,4.462856054306030273e-02,1.402194857597351074e+00,1.590072154998779297e+00,1.230329990386962891e+00
8.280229568481445312e-02,6.885051727294921875e-02,5.748313665390014648e-02,1.698644638061523438e+00,2.037854433059692383e+00,1.947861909866333008e+00
7.351809740066528320e-02,6.546020507812500000e-02,4.858696460723876953e-02,1.675700664520263672e+00,1.634657621383666992e+00,2.050837278366088867e+00
7.838308811187744141e-02,6.079155206680297852e-02,5.524098873138427734e-02,1.254246354103088379e+00,1.584733486175537109e+00,2.521589040756225586e+00
9.316831827163696289e-02,9.246164560317993164e-02,5.744558572769165039e-02,2.366876840591430664e+00,2.087275028228759766e+00,2.800687313079833984e+00
9.659618139266967773e-02,7.738137245178222656e-02,7.274454832077026367e-02,1.372358679771423340e+00,1.083519458770751953e+00,1.676727533340454102e+00
4.275405406951904297e-02,3.619515895843505859e-02,2.943331003189086914e-02,1.652244567871093750e+00,1.803463697433471680e+00,1.841285347938537598e+00
1.873592734336853027e-01,1.607939600944519043e-01,1.131820678710937500e-01,9.833232164382934570e-01,1.181469917297363281e+00,1.286334037780761719e+00
2.318710684776306152e-01,2.114835977554321289e-01,1.430604457855224609e-01,1.423315286636352539e+00,1.641935586929321289e+00,1.975064754486083984e+00
1.634532809257507324e-01,1.538765430450439453e-01,1.302516460418701172e-01,9.801017045974731445e-01,1.032509088516235352e+00,1.268086194992065430e+00
4.866063594818115234e-02,3.990268707275390625e-02,2.950412034988403320e-02,1.337865471839904785e+00,1.714619874954223633e+00,2.265647172927856445e+00
7.884407043457031250e-02,6.668633222579956055e-02,5.937516689300537109e-02,1.280921220779418945e+00,1.300425291061401367e+00,1.290304899215698242e+00
9.854006767272949219e-02,7.878577709197998047e-02,6.570070981979370117e-02,1.099750399589538574e+00,1.114310979843139648e+00,1.549447417259216309e+00
5.862575769424438477e-02,5.076384544372558594e-02,4.183530807495117188e-02,9.887845516204833984e-01,1.374553442001342773e+00,1.515176653861999512e+00
1.326457858085632324e-01,1.058705449104309082e-01,1.018254160881042480e-01,1.603673100471496582e+00,1.924144983291625977e+00,1.266540169715881348e+00
7.481735944747924805e-02,6.237405538558959961e-02,4.881423711776733398e-02,1.248956322669982910e+00,1.338707685470581055e+00,1.658061146736145020e+00
6.281268596649169922e-02,4.806178808212280273e-02,3.889364004135131836e-02,9.758895635604858398e-01,1.208811521530151367e+00,1.890450954437255859e+00
8.383208513259887695e-02,7.527852058410644531e-02,6.659924983978271484e-02,1.638245105743408203e+00,1.630201339721679688e+00,1.419629573822021484e+00
5.320876836776733398e-02,4.691451787948608398e-02,4.240196943283081055e-02,6.236053705215454102e-01,6.560297012329101562e-01,1.261766195297241211e+00
3.910285234451293945e-02,3.643548488616943359e-02,2.716934680938720703e-02,1.879029273986816406e+00,1.618842124938964844e+00,3.888355255126953125e+00
1.383871436119079590e-01,1.480430960655212402e-01,1.065191030502319336e-01,1.973282337188720703e+00,1.605135798454284668e+00,3.065682888031005859e+00
2.749198079109191895e-01,3.036854267120361328e-01,2.486670613288879395e-01,1.614707231521606445e+00,1.411078691482543945e+00,3.367071151733398438e+00
4.051083326339721680e-02,4.218292236328125000e-02,2.575063705444335938e-02,1.019578814506530762e+00,1.358314633369445801e+00,3.159838676452636719e+00
8.331942558288574219e-02,1.067218780517578125e-01,7.445901632308959961e-02,2.431188583374023438e+00,2.559327125549316406e+00,5.687308311462402344e+00
4.067945480346679688e-02,3.584057092666625977e-02,2.646374702453613281e-02,1.238925576210021973e+00,1.313526749610900879e+00,3.493286848068237305e+00
6.927734613418579102e-02,7.292103767395019531e-02,4.081624746322631836e-02,1.990061998367309570e+00,1.439708709716796875e+00,2.572340488433837891e+00
6.017428636550903320e-02,4.494434595108032227e-02,3.375488519668579102e-02,2.108412742614746094e+00,1.238535404205322266e+00,2.295922756195068359e+00
6.271094083786010742e-02,4.632192850112915039e-02,3.782522678375244141e-02,1.962822437286376953e+00,1.715240955352783203e+00,1.857583522796630859e+00
7.067120075225830078e-02,5.460512638092041016e-02,4.515498876571655273e-02,1.287123680114746094e+00,1.115506172180175781e+00,1.810125946998596191e+00
4.318499565124511719e-02,3.399932384490966797e-02,3.005325794219970703e-02,6.489500999450683594e-01,7.902756929397583008e-01,7.362924814224243164e-01
2.693957090377807617e-02,2.295845746994018555e-02,1.741290092468261719e-02,1.212648153305053711e+00,1.222017526626586914e+00,1.416896224021911621e+00
5.293840169906616211e-02,4.585611820220947266e-02,3.761637210845947266e-02,1.287945985794067383e+00,1.073047876358032227e+00,1.579125642776489258e+00
9.033268690109252930e-02,7.698851823806762695e-02,6.122285127639770508e-02,1.152762174606323242e+00,1.279449820518493652e+00,1.816280841827392578e+00
6.115508079528808594e-02,4.559397697448730469e-02,3.739410638809204102e-02,1.225356817245483398e+00,1.598419547080993652e+00,2.530399084091186523e+00
6.076937913894653320e-02,5.711138248443603516e-02,4.278892278671264648e-02,1.470976710319519043e+00,1.472850680351257324e+00,1.612041711807250977e+00
6.558018922805786133e-02,5.386197566986083984e-02,4.457420110702514648e-02,1.738307476043701172e+00,1.445739269256591797e+00,1.758325338363647461e+00
5.832409858703613281e-02,4.773330688476562500e-02,4.005092382431030273e-02,1.230724453926086426e+00,9.139280319213867188e-01,1.531562566757202148e+00
6.132245063781738281e-02,5.475550889968872070e-02,4.153257608413696289e-02,1.085953116416931152e+00,1.149408459663391113e+00,1.360315203666687012e+00
6.073933839797973633e-02,4.764372110366821289e-02,3.788244724273681641e-02,1.472519397735595703e+00,1.371780753135681152e+00,1.798709154129028320e+00
6.753140687942504883e-02,4.791712760925292969e-02,4.261958599090576172e-02,1.268556356430053711e+00,1.395951747894287109e+00,1.703375458717346191e+00
5.766409635543823242e-02,4.805588722229003906e-02,4.334127902984619141e-02,1.297238588333129883e+00,1.035005092620849609e+00,1.530295848846435547e+00
1.176874637603759766e-01,1.068470478057861328e-01,7.043570280075073242e-02,1.408224821090698242e+00,1.374591827392578125e+00,2.014865875244140625e+00
4.964840412139892578e-02,4.311293363571166992e-02,3.528124094009399414e-02,1.356687426567077637e+00,1.302560448646545410e+00,1.410214304924011230e+00
8.233362436294555664e-02,6.740283966064453125e-02,5.591100454330444336e-02,1.372558593750000000e+00,1.743949413299560547e+00,1.779182910919189453e+00
3.788638114929199219e-02,3.630512952804565430e-02,2.933835983276367188e-02,1.103394985198974609e+00,1.240051746368408203e+00,1.386805772781372070e+00
6.580853462219238281e-02,5.191093683242797852e-02,4.377096891403198242e-02,1.235624670982360840e+00,1.096501350402832031e+00,1.427559971809387207e+00
5.022704601287841797e-02,4.350024461746215820e-02,3.364688158035278320e-02,1.275397896766662598e+00,1.387306094169616699e+00,1.796598315238952637e+00
5.503427982330322266e-02,4.372626543045043945e-02,3.829425573348999023e-02,1.313596844673156738e+00,9.646003246307373047e-01,1.698513031005859375e+00
6.735384464263916016e-02,5.307626724243164062e-02,4.457670450210571289e-02,9.349427819252014160e-01,9.434131979942321777e-01,1.083685755729675293e+00
6.015712022781372070e-02,4.941970109939575195e-02,4.211729764938354492e-02,1.273588657379150391e+00,1.387100458145141602e+00,1.502748489379882812e+00
1.132330298423767090e-01,8.346480131149291992e-02,7.368957996368408203e-02,1.421817541122436523e+00,1.592095136642456055e+00,1.819450378417968750e+00
6.948530673980712891e-02,6.079405546188354492e-02,4.668045043945312500e-02,1.139900207519531250e+00,1.267909884452819824e+00,1.943206310272216797e+00
9.038436412811279297e-02,6.303566694259643555e-02,5.349254608154296875e-02,9.852796196937561035e-01,1.129351615905761719e+00,1.566780924797058105e+00
2.299779653549194336e-02,1.929098367691040039e-02,1.520580053329467773e-02,1.139521479606628418e+00,1.343587160110473633e+00,1.234550476074218750e+00
1.428564190864562988e-01,1.302228569984436035e-01,9.507697820663452148e-02,1.244203448295593262e+00,1.378960132598876953e+00,1.584231615066528320e+00
4.298901557922363281e-02,3.796756267547607422e-02,2.970796823501586914e-02,9.420522451400756836e-01,1.128371000289916992e+00,9.360630512237548828e-01
6.215304136276245117e-02,5.028659105300903320e-02,3.814709186553955078e-02,1.214428186416625977e+00,1.612525224685668945e+00,1.572963953018188477e+00
5.788564682006835938e-02,4.681223630905151367e-02,4.590797424316406250e-02,1.249349713325500488e+00,1.300909042358398438e+00,1.174098968505859375e+00
7.505768537521362305e-02,5.933171510696411133e-02,5.409675836563110352e-02,1.137879610061645508e+00,1.139513611793518066e+00,1.510747909545898438e+00
6.904453039169311523e-02,5.570608377456665039e-02,4.721331596374511719e-02,1.470880150794982910e+00,1.688047170639038086e+00,2.031704902648925781e+00
6.208741664886474609e-02,5.540943145751953125e-02,4.346948862075805664e-02,1.275592088699340820e+00,1.418623566627502441e+00,1.604252815246582031e+00
4.909175634384155273e-02,4.198122024536132812e-02,3.297847509384155273e-02,1.798902869224548340e+00,2.005593061447143555e+00,2.291176795959472656e+00
8.604007959365844727e-02,7.088166475296020508e-02,6.117618083953857422e-02,9.991654157638549805e-01,1.147272348403930664e+00,1.302503108978271484e+00
7.488244771957397461e-02,5.568981170654296875e-02,4.332733154296875000e-02,1.027733564376831055e+00,1.406080126762390137e+00,1.759771943092346191e+00
5.952358245849609375e-02,3.852438926696777344e-02,3.243523836135864258e-02,1.277057647705078125e+00,1.447007060050964355e+00,2.014585971832275391e+00
4.319393634796142578e-02,4.583215713500976562e-02,3.339082002639770508e-02,1.287201046943664551e+00,1.596548080444335938e+00,3.013099193572998047e+00
1.081547141075134277e-01,7.824647426605224609e-02,7.277333736419677734e-02,1.519285678863525391e+00,1.683450460433959961e+00,3.286385059356689453e+00
5.045932531356811523e-02,4.871606826782226562e-02,3.926271200180053711e-02,1.427169322967529297e+00,1.457580804824829102e+00,3.856839179992675781e+00
2.436931729316711426e-01,2.503985166549682617e-01,2.351841330528259277e-01,1.828300952911376953e+00,1.740513086318969727e+00,3.863552093505859375e+00
1.036950945854187012e-01,1.455059051513671875e-01,1.179656982421875000e-01,1.552891731262207031e+00,1.529385209083557129e+00,3.866103887557983398e+00
4.952149987220764160e-01,4.958760738372802734e-01,4.429199695587158203e-01,2.862433910369873047e+00,2.283272981643676758e+00,4.833333015441894531e+00
9.927499294281005859e-02,7.555568218231201172e-02,6.751406192779541016e-02,1.177058219909667969e+00,1.217013359069824219e+00,1.830879807472229004e+00
8.888447284698486328e-02,7.202750444412231445e-02,6.419116258621215820e-02,1.435953140258789062e+00,1.356240272521972656e+00,1.822178006172180176e+00
6.324201822280883789e-02,5.112469196319580078e-02,3.800797462463378906e-02,1.418794870376586914e+00,1.559963941574096680e+00,2.395504713058471680e+00
9.163033962249755859e-02,6.794393062591552734e-02,6.600594520568847656e-02,1.407462000846862793e+00,1.630436897277832031e+00,1.460777163505554199e+00
6.976819038391113281e-02,5.972474813461303711e-02,4.973977804183959961e-02,1.726206541061401367e+00,1.601560354232788086e+00,2.729590415954589844e+00
8.109319210052490234e-02,6.677663326263427734e-02,5.890899896621704102e-02,8.189735412597656250e-01,1.053200125694274902e+00,1.453180432319641113e+00
1.554354429244995117e-01,1.328394412994384766e-01,9.004104137420654297e-02,1.494972109794616699e+00,1.336705327033996582e+00,2.117883443832397461e+00
1.588858366012573242e-01,1.264400482177734375e-01,9.904342889785766602e-02,1.363961577415466309e+00,1.833873867988586426e+00,3.224311351776123047e+00
5.664020776748657227e-02,4.530465602874755859e-02,3.709298372268676758e-02,1.712530374526977539e+00,1.154716253280639648e+00,2.344302654266357422e+00
4.794234037399291992e-02,4.126811027526855469e-02,3.220528364181518555e-02,1.941448688507080078e+00,1.395790100097656250e+00,2.898229122161865234e+00
5.605530738830566406e-02,5.531251430511474609e-02,3.812259435653686523e-02,1.323894500732421875e+00,1.525727987289428711e+00,1.925345420837402344e+00
6.444615125656127930e-02,6.158816814422607422e-02,4.435229301452636719e-02,2.215587377548217773e+00,1.983757138252258301e+00,2.921682834625244141e+00
7.949566841125488281e-02,6.531894207000732422e-02,5.854028463363647461e-02,1.901274919509887695e+00,1.632518529891967773e+00,1.798211336135864258e+00
9.787434339523315430e-02,9.528136253356933594e-02,7.483989000320434570e-02,1.720786571502685547e+00,2.193664550781250000e+00,2.304646492004394531e+00
1.233068704605102539e-01,8.543515205383300781e-02,8.002942800521850586e-02,1.231972455978393555e+00,2.257638454437255859e+00,3.695190906524658203e+00
1.764172911643981934e-01,1.280767321586608887e-01,1.081241369247436523e-01,2.220917224884033203e+00,2.527638435363769531e+00,2.526144027709960938e+00
1.447856426239013672e-01,1.311085224151611328e-01,1.098793745040893555e-01,2.223380088806152344e+00,1.803468465805053711e+00,2.056591033935546875e+00
6.172782182693481445e-02,4.920834302902221680e-02,3.744292259216308594e-02,1.456179141998291016e+00,1.551215887069702148e+00,4.109816551208496094e+00
6.859660148620605469e-02,5.948925018310546875e-02,4.485958814620971680e-02,2.065680742263793945e+00,2.871766090393066406e+00,2.564120531082153320e+00
7.735669612884521484e-02,6.897336244583129883e-02,5.376541614532470703e-02,1.350406050682067871e+00,1.537419557571411133e+00,1.383830308914184570e+00
7.743966579437255859e-02,5.664485692977905273e-02,5.074346065521240234e-02,1.572251200675964355e+00,1.510683298110961914e+00,3.074825048446655273e+00
5.386340618133544922e-02,4.116725921630859375e-02,3.438431024551391602e-02,7.995829582214355469e-01,6.688966155052185059e-01,7.877476215362548828e-01
4.212552309036254883e-02,3.481435775756835938e-02,3.127276897430419922e-02,9.224317073822021484e-01,1.088582515716552734e+00,1.037498235702514648e+00
2.166734933853149414e-01,1.736011505126953125e-01,1.293146610260009766e-01,1.632247686386108398e+00,1.597136497497558594e+00,2.117645263671875000e+00
5.955845117568969727e-02,5.205094814300537109e-02,3.746026754379272461e-02,1.225748062133789062e+00,1.118733286857604980e+00,1.788753390312194824e+00
6.691271066665649414e-02,5.492931604385375977e-02,4.323238134384155273e-02,1.411506652832031250e+00,1.431523203849792480e+00,1.881816625595092773e+00
7.162660360336303711e-02,6.032896041870117188e-02,4.765748977661132812e-02,1.242848634719848633e+00,1.060881376266479492e+00,1.675638437271118164e+00
9.454303979873657227e-02,7.390183210372924805e-02,6.119030714035034180e-02,1.860354661941528320e+00,1.395340919494628906e+00,2.448626756668090820e+00
1.483681797981262207e-01,1.218473911285400391e-01,1.021057963371276855e-01,1.235678195953369141e+00,1.619346380233764648e+00,1.694390058517456055e+00
6.524401903152465820e-02,4.890990257263183594e-02,3.994989395141601562e-02,9.389677047729492188e-01,8.479106426239013672e-01,1.666617393493652344e+00
6.819391250610351562e-02,6.039065122604370117e-02,5.332481861114501953e-02,1.098000168800354004e+00,1.178517341613769531e+00,1.172067046165466309e+00
6.188338994979858398e-02,5.108070373535156250e-02,4.400128126144409180e-02,1.823218584060668945e+00,1.863767862319946289e+00,2.241028785705566406e+00
5.232989788055419922e-02,4.230576753616333008e-02,3.567069768905639648e-02,1.718435525894165039e+00,2.291238546371459961e+00,2.114818096160888672e+00
7.059931755065917969e-02,5.639076232910156250e-02,5.115848779678344727e-02,1.259273886680603027e+00,1.356179237365722656e+00,1.303360819816589355e+00
6.009060144424438477e-02,5.228823423385620117e-02,4.313707351684570312e-02,2.177099704742431641e+00,3.382472991943359375e+00,2.242786645889282227e+00
5.519145727157592773e-02,4.770040512084960938e-02,3.816926479339599609e-02,1.315436482429504395e+00,1.461175203323364258e+00,1.542962193489074707e+00
1.103755831718444824e-01,1.005147099494934082e-01,7.718163728713989258e-02,1.402220487594604492e+00,1.562619924545288086e+00,1.798862814903259277e+00
8.533322811126708984e-02,6.511259078979492188e-02,5.928039550781250000e-02,1.794747114181518555e+00,1.572714805603027344e+00,1.677175760269165039e+00
3.633928298950195312e-02,2.935034036636352539e-02,2.451360225677490234e-02,1.130552768707275391e+00,1.567085981369018555e+00,1.760759830474853516e+00
8.923852443695068359e-02,6.297093629837036133e-02,5.975174903869628906e-02,8.699778914451599121e-01,9.028841257095336914e-01,8.958592414855957031e-01
7.163715362548828125e-02,5.567514896392822266e-02,4.882532358169555664e-02,1.032302141189575195e+00,1.157259821891784668e+00,1.383486270904541016e+00
6.929790973663330078e-02,5.930471420288085938e-02,4.477536678314208984e-02,1.775333404541015625e+00,1.235231280326843262e+00,1.188479304313659668e+00
1.562043428421020508e-01,1.473843455314636230e-01,1.147856712341308594e-01,1.684748053550720215e+00,1.718745231628417969e+00,1.288058996200561523e+00
6.337201595306396484e-02,4.945081472396850586e-02,4.286456108093261719e-02,1.220061779022216797e+00,1.415343761444091797e+00,1.364557981491088867e+00
6.218326091766357422e-02,5.284631252288818359e-02,4.344409704208374023e-02,1.068344950675964355e+00,1.112954735755920410e+00,1.156402945518493652e+00
8.264815807342529297e-02,6.079173088073730469e-02,5.724442005157470703e-02,2.202041625976562500e+00,1.975396156311035156e+00,1.648344397544860840e+00
2.243075966835021973e-01,1.880251765251159668e-01,1.253129839897155762e-01,1.471868991851806641e+00,1.229698777198791504e+00,1.122181177139282227e+00
8.275294303894042969e-02,6.816494464874267578e-02,5.050045251846313477e-02,1.445252180099487305e+00,1.688364505767822266e+00,2.244602203369140625e+00
8.485347032546997070e-02,6.557321548461914062e-02,5.968755483627319336e-02,1.519096612930297852e+00,1.257840871810913086e+00,2.229671478271484375e+00
6.300276517868041992e-02,5.203056335449218750e-02,4.577046632766723633e-02,1.589064598083496094e+00,2.762854576110839844e+00,4.163765907287597656e+00
4.802763462066650391e-02,3.516429662704467773e-02,2.893334627151489258e-02,1.153066277503967285e+00,1.494342684745788574e+00,2.097860813140869141e+00
1.898222565650939941e-01,1.913573741912841797e-01,1.623592972755432129e-01,1.430148482322692871e+00,2.136217355728149414e+00,4.786593914031982422e+00
8.785074949264526367e-02,8.660280704498291016e-02,7.456594705581665039e-02,1.557596445083618164e+00,1.245407938957214355e+00,3.379089832305908203e+00
1.181446909904479980e-01,1.121209859848022461e-01,9.108799695968627930e-02,1.224556803703308105e+00,2.467016220092773438e+00,5.076106071472167969e+00
8.380687236785888672e-02,7.738566398620605469e-02,6.061416864395141602e-02,1.526710152626037598e+00,1.912790536880493164e+00,1.494349241256713867e+00
5.376595258712768555e-02,5.183422565460205078e-02,3.823864459991455078e-02,1.467565298080444336e+00,2.024739265441894531e+00,2.055647373199462891e+00
5.705988407135009766e-02,5.089902877807617188e-02,3.868442773818969727e-02,1.621192932128906250e+00,1.247932076454162598e+00,1.821347713470458984e+00
8.978694677352905273e-02,8.606725931167602539e-02,6.800490617752075195e-02,1.627230644226074219e+00,1.526134967803955078e+00,2.124021053314208984e+00
7.382744550704956055e-02,6.768858432769775391e-02,5.205738544464111328e-02,1.642442822456359863e+00,1.424579858779907227e+00,1.850117683410644531e+00
1.034048795700073242e-01,8.253210783004760742e-02,6.669616699218750000e-02,1.406939864158630371e+00,1.451936602592468262e+00,1.826525688171386719e+00
4.186892509460449219e-02,3.257220983505249023e-02,2.948731184005737305e-02,1.263712763786315918e+00,1.613990068435668945e+00,1.548436641693115234e+00
7.139271497726440430e-02,6.786328554153442383e-02,5.040621757507324219e-02,1.203147053718566895e+00,1.231797337532043457e+00,1.739785671234130859e+00
6.619369983673095703e-02,5.593746900558471680e-02,3.962230682373046875e-02,1.243338346481323242e+00,1.539526700973510742e+00,1.268619060516357422e+00
1.991207599639892578e-01,1.561358571052551270e-01,1.087528467178344727e-01,1.550202608108520508e+00,1.512089252471923828e+00,2.193670749664306641e+00
6.455183029174804688e-02,4.561847448348999023e-02,4.224622249603271484e-02,1.170556545257568359e+00,1.164061188697814941e+00,1.479393482208251953e+00
7.075202465057373047e-02,6.025600433349609375e-02,5.075258016586303711e-02,1.143300056457519531e+00,1.247884511947631836e+00,1.415221095085144043e+00
5.825686454772949219e-02,4.456025362014770508e-02,3.777533769607543945e-02,1.407090663909912109e+00,1.310233831405639648e+00,1.566273450851440430e+00
1.385604143142700195e-01,1.173793673515319824e-01,9.901589155197143555e-02,8.621252775192260742e-01,6.217755675315856934e-01,5.686494112014770508e-01
1.330659985542297363e-01,1.149592995643615723e-01,8.969199657440185547e-02,1.387154459953308105e+00,1.293553233146667480e+00,1.746091604232788086e+00
1.076726317405700684e-01,1.044530868530273438e-01,9.211832284927368164e-02,1.473120689392089844e+00,1.641675472259521484e+00,1.939581394195556641e+00
1.331123113632202148e-01,1.115328669548034668e-01,9.855294227600097656e-02,1.515645027160644531e+00,1.511490941047668457e+00,1.592713952064514160e+00
1.075673103332519531e-01,7.851898670196533203e-02,6.995773315429687500e-02,1.750921726226806641e+00,1.734706521034240723e+00,2.522416353225708008e+00
6.469738483428955078e-02,5.076402425765991211e-02,4.706025123596191406e-02,1.491095304489135742e+00,1.451604127883911133e+00,1.612895607948303223e+00
6.880205869674682617e-02,5.905973911285400391e-02,5.192810297012329102e-02,1.435075879096984863e+00,1.571859955787658691e+00,1.528678178787231445e+00
6.731092929840087891e-02,5.329209566116333008e-02,4.430937767028808594e-02,1.187069177627563477e+00,1.326020479202270508e+00,1.315191984176635742e+00
6.800472736358642578e-02,5.404222011566162109e-02,4.149949550628662109e-02,1.309059858322143555e+00,1.566421270370483398e+00,2.856563091278076172e+00
1.698834300041198730e-01,1.585455536842346191e-01,1.311462521553039551e-01,1.141685843467712402e+00,1.296253681182861328e+00,1.702697992324829102e+00
4.558628797531127930e-02,3.695136308670043945e-02,3.062689304351806641e-02,1.645691394805908203e+00,1.142077088356018066e+00,3.928352355957031250e+00
5.848878622055053711e-02,7.449281215667724609e-02,4.519575834274291992e-02,2.157978534698486328e+00,1.891252279281616211e+00,5.379518985748291016e+00
9.905934333801269531e-02,9.718626737594604492e-02,6.452447175979614258e-02,1.893516302108764648e+00,3.430268764495849609e+00,5.229015350341796875e+00
1.665306687355041504e-01,1.672212481498718262e-01,1.470973491668701172e-01,1.230117082595825195e+00,2.134789466857910156e+00,1.424232244491577148e+00
1.981676816940307617e-01,1.927465796470642090e-01,1.787447333335876465e-01,1.580464363098144531e+00,1.563379526138305664e+00,3.672004222869873047e+00
1.905432343482971191e-01,1.550309658050537109e-01,1.442794203758239746e-01,1.560819625854492188e+00,1.173035860061645508e+00,2.431063413619995117e+00
8.319193124771118164e-02,7.032537460327148438e-02,5.460584163665771484e-02,9.998388290405273438e-01,1.361702919006347656e+00,1.285789847373962402e+00
6.140345335006713867e-02,4.762154817581176758e-02,4.288136959075927734e-02,2.009698629379272461e+00,1.693253517150878906e+00,3.131401062011718750e+00
9.167879819869995117e-02,9.053492546081542969e-02,7.511150836944580078e-02,1.888683080673217773e+00,2.098595619201660156e+00,1.698393821716308594e+00
3.426682949066162109e-02,2.654725313186645508e-02,2.232635021209716797e-02,1.360307216644287109e+00,1.409282326698303223e+00,1.379816055297851562e+00
1.128033399581909180e-01,9.505194425582885742e-02,6.814134120941162109e-02,1.651690006256103516e+00,1.839326381683349609e+00,1.985790252685546875e+00
1.411204934120178223e-01,1.224923729896545410e-01,9.743839502334594727e-02,1.866397857666015625e+00,1.233098387718200684e+00,1.341853380203247070e+00
6.685602664947509766e-02,6.081748008728027344e-02,4.552942514419555664e-02,3.323184013366699219e+00,3.577135086059570312e+00,4.224875450134277344e+00
8.713513612747192383e-02,8.444148302078247070e-02,7.403665781021118164e-02,1.226632118225097656e+00,9.779047966003417969e-01,1.443196177482604980e+00
1.674106121063232422e-01,1.514992117881774902e-01,1.340873837471008301e-01,2.833229064941406250e+00,2.155257940292358398e+00,4.320891380310058594e+00
9.699296951293945312e-02,1.080873012542724609e-01,7.947188615798950195e-02,1.541522383689880371e+00,1.533937692642211914e+00,4.226514339447021484e+00
6.627309322357177734e-02,8.701550960540771484e-02,6.312382221221923828e-02,1.441323280334472656e+00,1.657555103302001953e+00,4.134065151214599609e+00
5.790638923645019531e-02,5.519539117813110352e-02,3.241628408432006836e-02,2.066383600234985352e+00,1.808038234710693359e+00,5.884917259216308594e+00
1.278884410858154297e-01,1.201436519622802734e-01,7.985347509384155273e-02,1.513534426689147949e+00,2.154049634933471680e+00,4.394586563110351562e+00
5.448567867279052734e-02,5.173730850219726562e-02,4.041749238967895508e-02,1.850047111511230469e+00,2.009882211685180664e+00,3.439470767974853516e+00
5.358266830444335938e-02,3.779250383377075195e-02,2.478128671646118164e-02,1.574386358261108398e+00,1.537587881088256836e+00,2.877904176712036133e+00
1.792151927947998047e-01,1.470261812210083008e-01,9.796178340911865234e-02,1.802375555038452148e+00,1.291815876960754395e+00,1.918295860290527344e+00
1.370088458061218262e-01,1.265398263931274414e-01,1.133269071578979492e-01,1.132821321487426758e+00,1.192615985870361328e+00,1.536899328231811523e+00
1.411811113357543945e-01,1.171041727066040039e-01,1.332263946533203125e-01,1.305817127227783203e+00,1.436256408691406250e+00,2.465770959854125977e+00
8.975046873092651367e-02,7.922798395156860352e-02,6.160068511962890625e-02,1.285680055618286133e+00,1.257666707038879395e+00,1.927218198776245117e+00
7.392615079879760742e-02,5.974781513214111328e-02,5.013155937194824219e-02,1.422369003295898438e+00,1.065940260887145996e+00,2.135194778442382812e+00
7.562845945358276367e-02,6.723994016647338867e-02,5.554819107055664062e-02,1.537412643432617188e+00,1.619712114334106445e+00,2.487156867980957031e+00
8.525705337524414062e-02,6.513744592666625977e-02,5.017179250717163086e-02,1.775673508644104004e+00,1.688992500305175781e+00,2.171370983123779297e+00
7.863110303878784180e-02,7.046359777450561523e-02,5.482131242752075195e-02,1.306201457977294922e+00,1.147896766662597656e+00,1.668099403381347656e+00
2.174350619316101074e-01,2.147952318191528320e-01,1.438146829605102539e-01,1.363514900207519531e+00,1.362819314002990723e+00,2.511000394821166992e+00
8.453232049942016602e-02,7.815653085708618164e-02,5.567085742950439453e-02,1.315312027931213379e+00,1.441286444664001465e+00,2.046323299407958984e+00
8.857315778732299805e-02,8.157277107238769531e-02,6.236261129379272461e-02,2.695874691009521484e+00,1.849472999572753906e+00,5.303362369537353516e+00
1.260673999786376953e-01,1.275799870491027832e-01,1.073128581047058105e-01,2.042943477630615234e+00,5.312197685241699219e+00,4.225565433502197266e+00
8.714622259140014648e-02,8.288097381591796875e-02,5.146318674087524414e-02,3.583976984024047852e+00,2.465191364288330078e+00,4.572055816650390625e+00
1.527475118637084961e-01,1.603140234947204590e-01,1.501466631889343262e-01,1.458039283752441406e+00,1.518775939941406250e+00,3.598296642303466797e+00
5.977749824523925781e-02,7.775473594665527344e-02,1.290342807769775391e-01,7.222511172294616699e-01,8.184227943420410156e-01,7.995579242706298828e-01
1.226829886436462402e-01,9.271770715713500977e-02,1.145183444023132324e-01,9.468773603439331055e-01,8.335440158843994141e-01,9.775900840759277344e-01
5.440378189086914062e-02,3.553622961044311523e-02,5.454647541046142578e-02,7.418929338455200195e-01,6.628112196922302246e-01,5.796893835067749023e-01
6.847053766250610352e-02,6.463247537612915039e-02,8.215767145156860352e-02,9.500482678413391113e-01,6.475481986999511719e-01,6.307180523872375488e-01
6.893527507781982422e-02,4.199481010437011719e-02,5.666220188140869141e-02,1.514906883239746094e+00,1.420415878295898438e+00,1.267594814300537109e+00
4.239553213119506836e-02,2.695423364639282227e-02,4.172962903976440430e-02,8.383179903030395508e-01,7.195200920104980469e-01,9.292241334915161133e-01
