1.306316256523132324e-01,1.319816708564758301e-01,1.052634716033935547e-01,1.497938990592956543e+00,5.433014631271362305e-01,7.837904691696166992e-01
6.693005561828613281e-02,4.673713445663452148e-02,4.528141021728515625e-02,1.110541462898254395e+00,9.657458066940307617e-01,1.184681415557861328e+00
9.833353757858276367e-02,7.139700651168823242e-02,6.780266761779785156e-02,1.132263779640197754e+00,1.092387676239013672e+00,9.617818593978881836e-01
8.243966102600097656e-02,5.739176273345947266e-02,6.200248003005981445e-02,2.254162073135375977e+00,2.346289634704589844e+00,4.188697338104248047e+00
8.349144458770751953e-02,5.888932943344116211e-02,6.712675094604492188e-02,1.307210683822631836e+00,9.972803592681884766e-01,1.208237528800964355e+00
8.250260353088378906e-02,6.105637550354003906e-02,7.457166910171508789e-02,1.006673812866210938e+00,7.937039136886596680e-01,1.087172508239746094e+00
9.537738561630249023e-02,6.597536802291870117e-02,7.592350244522094727e-02,9.762527346611022949e-01,1.284714937210083008e+00,1.243097305297851562e+00
7.484668493270874023e-02,5.128186941146850586e-02,6.150966882705688477e-02,1.190843939781188965e+00,1.543576598167419434e+00,1.360193014144897461e+00
8.735718727111816406e-01,8.801545500755310059e-01,6.897407770156860352e-01,8.365305662155151367e-01,7.907159328460693359e-01,1.056073188781738281e+00
1.353574991226196289e-01,1.291919946670532227e-01,1.099385619163513184e-01,1.395283699035644531e+00,1.530387401580810547e+00,2.356291294097900391e+00
1.064372062683105469e-01,9.776920080184936523e-02,9.251046180725097656e-02,1.373406529426574707e+00,1.234763145446777344e+00,3.259457588195800781e+00
6.218558549880981445e-02,3.914093971252441406e-02,4.630047082901000977e-02,8.902738094329833984e-01,9.623556733131408691e-01,1.320125699043273926e+00
1.197073459625244141e-01,1.174453496932983398e-01,1.490727066993713379e-01,8.279796838760375977e-01,6.810303926467895508e-01,1.234858989715576172e+00
8.867508172988891602e-02,5.804157257080078125e-02,7.298702001571655273e-02,1.088166475296020508e+00,1.535207033157348633e+00,1.676808595657348633e+00
1.240711212158203125e-01,1.162090301513671875e-01,1.395412087440490723e-01,1.163594722747802734e+00,1.437326669692993164e+00,1.959145545959472656e+00
2.682913541793823242e-01,2.452667355537414551e-01,3.290721774101257324e-01,1.114760398864746094e+00,1.454041957855224609e+00,1.746696472167968750e+00
1.485956311225891113e-01,1.015596985816955566e-01,9.313541650772094727e-02,1.018501043319702148e+00,1.418537378311157227e+00,1.018624305725097656e+00
7.327955961227416992e-02,6.244307756423950195e-02,5.952072143554687500e-02,7.859453558921813965e-01,7.473385334014892578e-01,1.072491645812988281e+00
1.092202663421630859e-01,9.084695577621459961e-02,9.000867605209350586e-02,1.369601011276245117e+00,1.443730473518371582e+00,1.024461507797241211e+00
1.281952857971191406e-01,8.208847045898437500e-02,9.964120388031005859e-02,8.867930173873901367e-01,1.145524263381958008e+00,1.652449131011962891e+00
6.071916818618774414e-01,5.921981334686279297e-01,6.381626129150390625e-01,2.219315052032470703e+00,1.188142299652099609e+00,1.461502790451049805e+00
2.559025883674621582e-01,2.297360301017761230e-01,2.018739581108093262e-01,1.713496446609497070e+00,1.778695464134216309e+00,2.292913675308227539e+00
1.086151599884033203e-01,7.893973588943481445e-02,1.166585683822631836e-01,1.308443546295166016e+00,1.904325127601623535e+00,2.003803730010986328e+00
8.038043975830078125e-02,5.921655893325805664e-02,8.098715543746948242e-02,1.265136957168579102e+00,1.001627326011657715e+00,9.859877228736877441e-01
7.069623470306396484e-02,5.134892463684082031e-02,6.533485651016235352e-02,8.192778825759887695e-01,8.957594633102416992e-01,1.058528780937194824e+00
1.050140261650085449e-01,6.133693456649780273e-02,6.929737329483032227e-02,2.044548273086547852e+00,2.137042522430419922e+00,2.319134235382080078e+00
1.180171966552734375e-01,9.356850385665893555e-02,1.127454042434692383e-01,1.360910892486572266e+00,1.297489643096923828e+00,1.120625853538513184e+00
1.015840172767639160e-01,7.131439447402954102e-02,8.438354730606079102e-02,8.023336529731750488e-01,5.841093063354492188e-01,7.205230593681335449e-01
1.440140604972839355e-01,9.791100025177001953e-02,1.018152236938476562e-01,2.417896509170532227e+00,1.646699905395507812e+00,2.288771629333496094e+00
1.395558714866638184e-01,7.951319217681884766e-02,1.185938715934753418e-01,1.980266094207763672e+00,2.581318140029907227e+00,1.538124799728393555e+00
1.222420334815979004e-01,9.302991628646850586e-02,9.029155969619750977e-02,1.250574946403503418e+00,2.163798332214355469e+00,2.543371200561523438e+00
1.371021866798400879e-01,7.700550556182861328e-02,9.364360570907592773e-02,1.459093093872070312e+00,1.921804666519165039e+00,1.811911940574645996e+00
1.375202536582946777e-01,1.052933335304260254e-01,1.436823606491088867e-01,9.659893512725830078e-01,1.011845350265502930e+00,6.292056441307067871e-01
1.177572011947631836e-01,9.743946790695190430e-02,1.200036406517028809e-01,8.399925827980041504e-01,8.356171846389770508e-01,6.817195415496826172e-01
9.630721807479858398e-02,6.447690725326538086e-02,9.193789958953857422e-02,9.576580524444580078e-01,9.118157029151916504e-01,9.143704175949096680e-01
1.270287036895751953e-01,9.595763683319091797e-02,1.181500554084777832e-01,1.156350374221801758e+00,8.886587619781494141e-01,6.277429461479187012e-01
1.650615334510803223e-01,1.640036702156066895e-01,1.286798715591430664e-01,1.702926993370056152e+00,2.479710578918457031e+00,3.121438264846801758e+00
8.581947684288024902e-01,8.658959269523620605e-01,7.785190343856811523e-01,9.991085529327392578e-01,1.141172289848327637e+00,1.260260581970214844e+00
1.810224652290344238e-01,1.342508196830749512e-01,1.419278383255004883e-01,1.997108697891235352e+00,2.536686658859252930e+00,2.830476999282836914e+00
1.376979947090148926e-01,1.108567714691162109e-01,1.334180831909179688e-01,7.542940378189086914e-01,1.050590157508850098e+00,8.424296379089355469e-01
1.274423003196716309e-01,1.244705915451049805e-01,1.051561832427978516e-01,1.221765518188476562e+00,1.168136000633239746e+00,1.387472391128540039e+00
1.584396958351135254e-01,1.475424170494079590e-01,1.450488567352294922e-01,1.145728826522827148e+00,1.345231533050537109e+00,1.195650339126586914e+00
1.013853549957275391e-01,8.757966756820678711e-02,9.467160701751708984e-02,2.105000257492065430e+00,2.806701183319091797e+00,3.587987899780273438e+00
1.190235614776611328e-01,1.223579049110412598e-01,1.171392202377319336e-01,1.130129456520080566e+00,1.121345996856689453e+00,1.941202640533447266e+00
1.305842399597167969e-01,9.547573328018188477e-02,9.798163175582885742e-02,1.262018680572509766e+00,1.831418395042419434e+00,2.131886720657348633e+00
4.489284753799438477e-02,4.379528760910034180e-02,3.896766901016235352e-02,1.293011903762817383e+00,1.350805878639221191e+00,1.676996111869812012e+00
8.833676576614379883e-02,8.188015222549438477e-02,6.957238912582397461e-02,1.361346244812011719e+00,1.293000340461730957e+00,1.868416786193847656e+00
1.275849938392639160e-01,1.184958815574645996e-01,1.258365511894226074e-01,1.872046709060668945e+00,1.383294343948364258e+00,1.134763479232788086e+00
9.666699171066284180e-02,6.555211544036865234e-02,7.271414995193481445e-02,1.441703796386718750e+00,1.304213047027587891e+00,1.394225358963012695e+00
2.270187735557556152e-01,2.553035616874694824e-01,4.219161272048950195e-01,8.368336558341979980e-01,8.433265686035156250e-01,6.129115819931030273e-01
9.161835908889770508e-02,5.985474586486816406e-02,8.035987615585327148e-02,1.824818849563598633e+00,1.995131134986877441e+00,2.158736944198608398e+00
1.286830902099609375e-01,1.257607340812683105e-01,1.071467399597167969e-01,1.663102269172668457e+00,1.833729505538940430e+00,1.530920743942260742e+00
8.256411552429199219e-02,9.490299224853515625e-02,8.185064792633056641e-02,1.640285968780517578e+00,1.742228150367736816e+00,2.436788082122802734e+00
2.019880414009094238e-01,1.883579492568969727e-01,2.752262949943542480e-01,2.137599945068359375e+00,1.521397352218627930e+00,1.894314527511596680e+00
1.343652606010437012e-01,1.158093810081481934e-01,8.994734287261962891e-02,9.959285259246826172e-01,1.081284284591674805e+00,1.313226699829101562e+00
1.625466942787170410e-01,1.303215622901916504e-01,1.268404126167297363e-01,1.225533723831176758e+00,1.650691270828247070e+00,1.618504643440246582e+00
8.065795898437500000e-02,6.908673048019409180e-02,6.116795539855957031e-02,9.575541615486145020e-01,8.607494831085205078e-01,8.526713848114013672e-01
1.186278462409973145e-01,1.256212592124938965e-01,9.643095731735229492e-02,1.720396995544433594e+00,1.655036449432373047e+00,1.221202373504638672e+00
7.047379016876220703e-02,5.584180355072021484e-02,5.342155694961547852e-02,1.337759494781494141e+00,1.645916819572448730e+00,2.214091777801513672e+00
5.096411705017089844e-02,4.438984394073486328e-02,4.318767786026000977e-02,1.622487902641296387e+00,1.672422647476196289e+00,1.684907555580139160e+00
8.249866962432861328e-02,6.320285797119140625e-02,6.082999706268310547e-02,1.160728454589843750e+00,9.352224469184875488e-01,8.982095718383789062e-01
9.763407111167907715e-01,7.176697254180908203e-01,1.016433835029602051e+00,7.582812309265136719e-01,1.545670032501220703e+00,2.971802234649658203e+00
7.932722568511962891e-02,6.235957145690917969e-02,5.566817522048950195e-02,1.543292522430419922e+00,1.659322500228881836e+00,1.848286151885986328e+00
6.824594736099243164e-02,5.471634864807128906e-02,4.194778203964233398e-02,1.888766884803771973e+00,1.085933804512023926e+00,1.340695142745971680e+00
8.826559782028198242e-02,8.276510238647460938e-02,6.984525918960571289e-02,1.204124093055725098e+00,1.291201472282409668e+00,1.438108563423156738e+00
8.617955446243286133e-02,8.808875083923339844e-02,7.190537452697753906e-02,1.677546143531799316e+00,1.353046059608459473e+00,1.989526510238647461e+00
6.406778097152709961e-02,5.038475990295410156e-02,4.529982805252075195e-02,3.403816223144531250e-01,5.668898820877075195e-01,1.218920946121215820e+00
6.625592708587646484e-02,5.072021484375000000e-02,4.185140132904052734e-02,1.348902225494384766e+00,1.217628479003906250e+00,1.689645409584045410e+00
6.712138652801513672e-02,5.817246437072753906e-02,5.261546373367309570e-02,1.266366004943847656e+00,1.378667235374450684e+00,1.262272596359252930e+00
7.229983806610107422e-02,5.771577358245849609e-02,4.274994134902954102e-02,1.386164546012878418e+00,1.441388845443725586e+00,1.896613597869873047e+00
7.888644933700561523e-02,5.992376804351806641e-02,4.885143041610717773e-02,1.289616823196411133e+00,1.077360033988952637e+00,1.392019629478454590e+00
1.599966287612915039e-01,1.431521773338317871e-01,1.475933790206909180e-01,1.672077178955078125e+00,1.441529631614685059e+00,1.537670731544494629e+00
5.571538209915161133e-02,5.190038681030273438e-02,4.194456338882446289e-02,9.688902497291564941e-01,1.062626600265502930e+00,1.159777164459228516e+00
5.466860532760620117e-02,4.835075139999389648e-02,4.153078794479370117e-02,1.067447662353515625e+00,1.236836314201354980e+00,1.662632346153259277e+00
8.789759874343872070e-02,6.800615787506103516e-02,6.421744823455810547e-02,2.278056144714355469e+00,1.982973933219909668e+00,1.977198123931884766e+00
1.577389240264892578e-01,1.474846601486206055e-01,1.285155415534973145e-01,9.836640357971191406e-01,1.055413842201232910e+00,1.386206150054931641e+00
1.373147964477539062e-01,1.515787839889526367e-01,1.393818855285644531e-01,1.015992522239685059e+00,1.212404966354370117e+00,2.089143037796020508e+00
1.473053097724914551e-01,1.400297284126281738e-01,1.043699383735656738e-01,1.141047000885009766e+00,1.476392984390258789e+00,2.204964399337768555e+00
9.799128770828247070e-02,8.458811044692993164e-02,6.230342388153076172e-02,1.049735426902770996e+00,1.019580960273742676e+00,1.813180685043334961e+00
7.426053285598754883e-02,6.991016864776611328e-02,5.890828371047973633e-02,1.407276034355163574e+00,1.480995297431945801e+00,2.034582138061523438e+00
8.788436651229858398e-02,7.099163532257080078e-02,6.227338314056396484e-02,1.897528052330017090e+00,1.207648873329162598e+00,2.576844453811645508e+00
7.004624605178833008e-02,6.884050369262695312e-02,4.654419422149658203e-02,1.549157738685607910e+00,1.460230708122253418e+00,1.902366399765014648e+00
5.732685327529907227e-02,5.086129903793334961e-02,3.942221403121948242e-02,1.173103094100952148e+00,9.722356796264648438e-01,1.775728702545166016e+00
6.858694553375244141e-02,5.997473001480102539e-02,5.360931158065795898e-02,1.024917483329772949e+00,1.076301574707031250e+00,1.073978662490844727e+00
6.780964136123657227e-02,5.574506521224975586e-02,4.645389318466186523e-02,1.270444750785827637e+00,1.180542945861816406e+00,1.503341317176818848e+00
7.936352491378784180e-02,6.980198621749877930e-02,5.985420942306518555e-02,1.475049376487731934e+00,1.373016357421875000e+00,1.522758722305297852e+00
5.618244409561157227e-02,4.685443639755249023e-02,3.790175914764404297e-02,1.076085090637207031e+00,6.868246793746948242e-01,1.053071022033691406e+00
4.753643274307250977e-02,4.835397005081176758e-02,4.002821445465087891e-02,1.150654077529907227e+00,1.129738569259643555e+00,1.498970746994018555e+00
5.796253681182861328e-02,4.619765281677246094e-02,4.524457454681396484e-02,7.147652506828308105e-01,7.000640630722045898e-01,9.409157037734985352e-01
7.086539268493652344e-02,6.199496984481811523e-02,4.695975780487060547e-02,1.135830760002136230e+00,1.202921390533447266e+00,1.380643844604492188e+00
8.557873964309692383e-02,7.650768756866455078e-02,6.658923625946044922e-02,1.297724962234497070e+00,1.060526490211486816e+00,1.564474940299987793e+00
6.184566020965576172e-02,5.743950605392456055e-02,4.970097541809082031e-02,1.337285399436950684e+00,1.329616069793701172e+00,1.272087693214416504e+00
6.278675794601440430e-02,5.516248941421508789e-02,5.036544799804687500e-02,1.158337712287902832e+00,1.293859362602233887e+00,1.588031053543090820e+00
6.987011432647705078e-02,6.391739845275878906e-02,5.699193477630615234e-02,1.249825477600097656e+00,1.037334918975830078e+00,1.292552709579467773e+00
6.070768833160400391e-02,6.228625774383544922e-02,4.709529876708984375e-02,9.647760987281799316e-01,1.173448562622070312e+00,1.545824766159057617e+00
3.345524668693542480e-01,3.113356232643127441e-01,3.539314270019531250e-01,1.304461598396301270e+00,1.516137599945068359e+00,1.511965274810791016e+00
1.130205988883972168e-01,1.085867285728454590e-01,1.100322604179382324e-01,1.776494503021240234e+00,1.694419384002685547e+00,2.453229188919067383e+00
8.762848377227783203e-02,7.372981309890747070e-02,6.409353017807006836e-02,1.607486128807067871e+00,1.558486223220825195e+00,1.569725275039672852e+00
6.189063191413879395e-01,1.033052206039428711e+00,8.452920913696289062e-01,1.119468212127685547e+00,2.005187511444091797e+00,2.454848289489746094e+00
6.643617153167724609e-02,7.802152633666992188e-02,7.493734359741210938e-02,1.320953249931335449e+00,1.651594161987304688e+00,1.574093818664550781e+00
7.336020469665527344e-02,8.060467243194580078e-02,6.596231460571289062e-02,1.380556344985961914e+00,1.369519948959350586e+00,2.701691865921020508e+00
4.943114519119262695e-02,5.041033029556274414e-02,3.324311971664428711e-02,1.524607419967651367e+00,1.436492800712585449e+00,3.905402898788452148e+00
5.657458305358886719e-02,5.165541172027587891e-02,4.289013147354125977e-02,1.245199084281921387e+00,1.055370092391967773e+00,2.632611036300659180e+00
2.552593946456909180e-01,2.596855759620666504e-01,2.507690191268920898e-01,1.294317841529846191e+00,8.392381668090820312e-01,1.238493919372558594e+00
7.141470909118652344e-02,7.157492637634277344e-02,4.955470561981201172e-02,1.183424949645996094e+00,1.101160883903503418e+00,1.482927560806274414e+00
7.169079780578613281e-02,6.799882650375366211e-02,4.638665914535522461e-02,1.076521873474121094e+00,1.166375756263732910e+00,1.208089828491210938e+00
6.225353479385375977e-02,5.613416433334350586e-02,4.528301954269409180e-02,1.332754611968994141e+00,1.203956723213195801e+00,1.418437957763671875e+00
7.399606704711914062e-02,5.998653173446655273e-02,5.190771818161010742e-02,1.203415632247924805e+00,9.929578900337219238e-01,2.101479053497314453e+00
7.877504825592041016e-02,6.236761808395385742e-02,5.632424354553222656e-02,1.232799410820007324e+00,9.440193772315979004e-01,1.528762817382812500e+00
2.137697339057922363e-01,1.839848756790161133e-01,1.463422179222106934e-01,1.925526618957519531e+00,1.950484275817871094e+00,3.029686927795410156e+00
7.396817207336425781e-02,6.958758831024169922e-02,6.094568967819213867e-02,1.470930576324462891e+00,1.332704305648803711e+00,3.108881950378417969e+00
6.502121686935424805e-02,4.874736070632934570e-02,4.034239053726196289e-02,9.990161061286926270e-01,1.505640149116516113e+00,1.592412710189819336e+00
9.704446792602539062e-02,8.316940069198608398e-02,6.450819969177246094e-02,2.059122085571289062e+00,1.625420451164245605e+00,1.541827917098999023e+00
7.555139064788818359e-02,6.503838300704956055e-02,4.503929615020751953e-02,2.177963733673095703e+00,1.829251766204833984e+00,5.477611541748046875e+00
4.556429386138916016e-02,3.843730688095092773e-02,3.096950054168701172e-02,1.328325748443603516e+00,9.142856597900390625e-01,1.402487754821777344e+00
5.919528007507324219e-02,5.073201656341552734e-02,4.419368505477905273e-02,1.262457132339477539e+00,1.260133743286132812e+00,1.519447803497314453e+00
1.144820451736450195e-01,1.083762645721435547e-01,1.019327044486999512e-01,1.643236637115478516e+00,1.586991071701049805e+00,1.479654192924499512e+00
3.668528795242309570e-02,3.657907247543334961e-02,3.091174364089965820e-02,1.203839063644409180e+00,1.222462534904479980e+00,1.565063238143920898e+00
9.956324100494384766e-02,8.195775747299194336e-02,6.256181001663208008e-02,1.497503042221069336e+00,1.525263786315917969e+00,2.624344348907470703e+00
7.223975658416748047e-02,6.421011686325073242e-02,5.180794000625610352e-02,1.273488163948059082e+00,1.282069683074951172e+00,2.088371753692626953e+00
6.415593624114990234e-02,5.620998144149780273e-02,4.488283395767211914e-02,1.230875372886657715e+00,1.279667615890502930e+00,2.267095088958740234e+00
8.211189508438110352e-02,6.891524791717529297e-02,6.046646833419799805e-02,4.652581214904785156e-01,5.164827704429626465e-01,1.105821490287780762e+00
8.771324157714843750e-02,7.755267620086669922e-02,6.828618049621582031e-02,1.149176359176635742e+00,1.145885825157165527e+00,1.296347856521606445e+00
7.851111888885498047e-02,7.992106676101684570e-02,5.685281753540039062e-02,1.279538512229919434e+00,1.730900526046752930e+00,2.025673866271972656e+00
9.047037363052368164e-02,9.359979629516601562e-02,8.287292718887329102e-02,1.124811172485351562e+00,1.422734737396240234e+00,3.944440841674804688e+00
6.096839904785156250e-02,6.699872016906738281e-02,5.218684673309326172e-02,1.310546994209289551e+00,1.450504541397094727e+00,3.328618526458740234e+00
7.101345062255859375e-02,7.701337337493896484e-02,6.740570068359375000e-02,1.679735660552978516e+00,1.721628665924072266e+00,3.559051990509033203e+00
6.016051769256591797e-02,6.868207454681396484e-02,5.268234014511108398e-02,1.560922145843505859e+00,1.562987565994262695e+00,5.166902542114257812e+00
6.399875879287719727e-02,7.023972272872924805e-02,5.328404903411865234e-02,1.923524141311645508e+00,1.524557352066040039e+00,4.048019409179687500e+00
6.186962127685546875e-02,5.989873409271240234e-02,5.120372772216796875e-02,1.175213813781738281e+00,1.154616236686706543e+00,3.585087776184082031e+00
5.290943384170532227e-02,5.071395635604858398e-02,3.823596239089965820e-02,1.181975126266479492e+00,1.365966796875000000e+00,2.376483440399169922e+00
5.227822065353393555e-02,4.666239023208618164e-02,4.009437561035156250e-02,2.367278337478637695e+00,1.859083890914916992e+00,2.489238262176513672e+00
5.602008104324340820e-02,4.609125852584838867e-02,3.982830047607421875e-02,5.174147486686706543e-01,3.211340904235839844e-01,5.839533805847167969e-01
3.760421276092529297e-02,3.155136108398437500e-02,2.434265613555908203e-02,1.053378582000732422e+00,9.920639991760253906e-01,1.309282422065734863e+00
4.954344034194946289e-02,4.369711875915527344e-02,3.800046443939208984e-02,1.126011371612548828e+00,1.357799768447875977e+00,1.287629604339599609e+00
7.242751121520996094e-02,5.773401260375976562e-02,4.927575588226318359e-02,1.158998250961303711e+00,1.264853954315185547e+00,1.554936289787292480e+00
8.204573392868041992e-02,7.062739133834838867e-02,5.039530992507934570e-02,1.664945602416992188e+00,1.552405834197998047e+00,2.138756752014160156e+00
8.503711223602294922e-02,7.371121644973754883e-02,6.813758611679077148e-02,7.192450761795043945e-01,6.672703027725219727e-01,9.449222087860107422e-01
1.585595011711120605e-01,1.529588699340820312e-01,1.220142245292663574e-01,1.423305273056030273e+00,1.320609807968139648e+00,1.411478996276855469e+00
3.782147169113159180e-02,3.656619787216186523e-02,2.889418601989746094e-02,1.027815699577331543e+00,7.434954643249511719e-01,1.562132358551025391e+00
5.496901273727416992e-02,5.077385902404785156e-02,3.543198108673095703e-02,1.148202657699584961e+00,1.333619713783264160e+00,2.549859762191772461e+00
7.898730039596557617e-02,6.856799125671386719e-02,5.070161819458007812e-02,9.550142884254455566e-01,1.261462926864624023e+00,1.481449842453002930e+00
5.174821615219116211e-02,5.236673355102539062e-02,3.894335031509399414e-02,1.170727372169494629e+00,1.520455241203308105e+00,2.235341310501098633e+00
9.650087356567382812e-02,9.656649827957153320e-02,7.196438312530517578e-02,1.160729885101318359e+00,1.364959716796875000e+00,2.473567962646484375e+00
6.977641582489013672e-02,6.331229209899902344e-02,4.531896114349365234e-02,1.390089154243469238e+00,1.101186513900756836e+00,2.806863546371459961e+00
6.737154722213745117e-02,6.570482254028320312e-02,4.331392049789428711e-02,1.367557764053344727e+00,1.421032190322875977e+00,1.803474426269531250e+00
7.657206058502197266e-02,6.709814071655273438e-02,4.989892244338989258e-02,1.213288307189941406e+00,8.629320859909057617e-01,2.568962574005126953e+00
4.986011981964111328e-02,3.835254907608032227e-02,2.798134088516235352e-02,1.241705060005187988e+00,1.211187839508056641e+00,2.089695453643798828e+00
6.802475452423095703e-02,6.101381778717041016e-02,4.815548658370971680e-02,1.129567623138427734e+00,1.023409366607666016e+00,1.819409966468811035e+00
7.230556011199951172e-02,6.840723752975463867e-02,5.508702993392944336e-02,9.611617326736450195e-01,1.129719972610473633e+00,1.548330545425415039e+00
7.091242074966430664e-02,6.969469785690307617e-02,4.827886819839477539e-02,1.282015085220336914e+00,1.552275538444519043e+00,2.616307258605957031e+00
6.347036361694335938e-02,5.632835626602172852e-02,4.538029432296752930e-02,1.426007151603698730e+00,1.467834234237670898e+00,1.388987660408020020e+00
8.935940265655517578e-02,7.293212413787841797e-02,6.028193235397338867e-02,1.060544013977050781e+00,1.203751087188720703e+00,1.968456268310546875e+00
7.013225555419921875e-02,6.212478876113891602e-02,4.868245124816894531e-02,1.511611819267272949e+00,1.278063774108886719e+00,2.811893701553344727e+00
7.656258344650268555e-02,6.621801853179931641e-02,5.403041839599609375e-02,1.273776054382324219e+00,1.321130990982055664e+00,2.579653739929199219e+00
6.167650222778320312e-02,5.762833356857299805e-02,4.291623830795288086e-02,2.215280771255493164e+00,2.609072208404541016e+00,8.884589195251464844e+00
6.997025012969970703e-02,5.562847852706909180e-02,4.328030347824096680e-02,1.117028832435607910e+00,1.122580289840698242e+00,1.611350536346435547e+00
5.215698480606079102e-02,4.664701223373413086e-02,3.926843404769897461e-02,1.169738173484802246e+00,1.127183675765991211e+00,1.302189588546752930e+00
5.217540264129638672e-02,4.777926206588745117e-02,3.717845678329467773e-02,1.272820115089416504e+00,1.177315235137939453e+00,1.520882368087768555e+00
5.491125583648681641e-02,4.474514722824096680e-02,3.594499826431274414e-02,1.041259288787841797e+00,1.377166628837585449e+00,2.007599353790283203e+00
1.061115860939025879e-01,9.999364614486694336e-02,9.614127874374389648e-02,8.744394779205322266e-01,8.962697982788085938e-01,1.150305032730102539e+00
6.297433376312255859e-02,5.382961034774780273e-02,4.393708705902099609e-02,1.155180573463439941e+00,1.219400405883789062e+00,1.726767063140869141e+00
1.354721188545227051e-01,1.637865900993347168e-01,1.340857744216918945e-01,1.361196994781494141e+00,1.355381011962890625e+00,2.207782268524169922e+00
1.676661372184753418e-01,1.927201151847839355e-01,1.625390052795410156e-01,1.362627983093261719e+00,1.556107044219970703e+00,1.919008612632751465e+00
1.343314647674560547e-01,1.183685660362243652e-01,1.062605381011962891e-01,1.422522068023681641e+00,1.288345813751220703e+00,2.599957942962646484e+00
6.754660606384277344e-02,5.392849445343017578e-02,4.710423946380615234e-02,1.769535779953002930e+00,2.108331203460693359e+00,2.908618450164794922e+00
7.323020696640014648e-02,5.786436796188354492e-02,4.910033941268920898e-02,1.236561298370361328e+00,1.600126862525939941e+00,2.175157785415649414e+00
7.757574319839477539e-02,6.793481111526489258e-02,5.510884523391723633e-02,2.415311098098754883e+00,1.891931772232055664e+00,2.787098169326782227e+00
6.455433368682861328e-02,5.745613574981689453e-02,4.560363292694091797e-02,1.145197391510009766e+00,1.686441779136657715e+00,2.549167394638061523e+00
6.752890348434448242e-02,5.697959661483764648e-02,4.565459489822387695e-02,1.396536469459533691e+00,1.589614033699035645e+00,1.910685777664184570e+00
1.035252213478088379e-01,9.498113393783569336e-02,7.376557588577270508e-02,1.174015045166015625e+00,1.271693587303161621e+00,2.069339990615844727e+00
4.832035303115844727e-02,4.376095533370971680e-02,3.467059135437011719e-02,9.992219209671020508e-01,9.426078200340270996e-01,1.557751536369323730e+00
5.341011285781860352e-02,5.304658412933349609e-02,3.978127241134643555e-02,1.193474292755126953e+00,1.223646998405456543e+00,2.389973878860473633e+00
6.880331039428710938e-02,6.655347347259521484e-02,4.768359661102294922e-02,2.335364103317260742e+00,2.577508449554443359e+00,3.779824733734130859e+00
9.048646688461303711e-02,7.858908176422119141e-02,5.838632583618164062e-02,1.606974601745605469e+00,1.648897886276245117e+00,2.856276988983154297e+00
4.871428012847900391e-02,4.720169305801391602e-02,3.705722093582153320e-02,2.678525924682617188e+00,1.918159604072570801e+00,1.742667770385742188e+01
7.053387165069580078e-02,5.850398540496826172e-02,5.382102727890014648e-02,1.216498732566833496e+00,1.110599517822265625e+00,1.101388931274414062e+00
6.187856197357177734e-02,5.319607257843017578e-02,3.856801986694335938e-02,1.125971317291259766e+00,1.303349733352661133e+00,2.103448867797851562e+00
5.088186264038085938e-02,4.235798120498657227e-02,3.793376684188842773e-02,1.542168855667114258e+00,1.250867843627929688e+00,1.264560341835021973e+00
7.244288921356201172e-02,6.174606084823608398e-02,5.432438850402832031e-02,6.902017593383789062e-01,6.595258712768554688e-01,9.659718275070190430e-01
4.953306913375854492e-02,4.246866703033447266e-02,3.686964511871337891e-02,1.151862621307373047e+00,9.742793440818786621e-01,1.349423289299011230e+00
1.352099776268005371e-01,1.259420514106750488e-01,1.080636978149414062e-01,9.689437150955200195e-01,1.219466686248779297e+00,1.524487257003784180e+00
6.062614917755126953e-02,4.942631721496582031e-02,4.008221626281738281e-02,8.735861778259277344e-01,1.280862092971801758e+00,1.070684909820556641e+00
6.984579563140869141e-02,5.829709768295288086e-02,4.895031452178955078e-02,1.464617371559143066e+00,1.512590408325195312e+00,1.350609540939331055e+00
6.707721948623657227e-02,6.384855508804321289e-02,5.371356010437011719e-02,1.182786703109741211e+00,1.133179664611816406e+00,1.205963850021362305e+00
6.010240316390991211e-02,5.417972803115844727e-02,4.265874624252319336e-02,7.200647592544555664e-01,6.908252835273742676e-01,1.059078097343444824e+00
6.277477741241455078e-02,5.507183074951171875e-02,4.696995019912719727e-02,1.280365347862243652e+00,1.336495041847229004e+00,1.225301384925842285e+00
5.181920528411865234e-02,4.606264829635620117e-02,4.159015417098999023e-02,9.811996221542358398e-01,1.282874584197998047e+00,1.471586465835571289e+00
1.728070378303527832e-01,1.530647277832031250e-01,1.191315650939941406e-01,1.205297708511352539e+00,1.094352006912231445e+00,1.410760641098022461e+00
7.155901193618774414e-02,5.725193023681640625e-02,4.844981431961059570e-02,1.137966156005859375e+00,1.036952733993530273e+00,1.355656385421752930e+00
6.043356657028198242e-02,5.782198905944824219e-02,4.563653469085693359e-02,1.239043474197387695e+00,1.178697109222412109e+00,1.274847030639648438e+00
7.815277576446533203e-02,6.880509853363037109e-02,5.960494279861450195e-02,1.456127643585205078e+00,1.576812982559204102e+00,2.204178810119628906e+00
9.564149379730224609e-02,8.203053474426269531e-02,7.275044918060302734e-02,1.196695089340209961e+00,1.303271055221557617e+00,2.187261104583740234e+00
7.406526803970336914e-02,7.418864965438842773e-02,6.270432472229003906e-02,7.525717020034790039e-01,8.676509857177734375e-01,1.183796882629394531e+00
6.924784183502197266e-02,6.115114688873291016e-02,4.883730411529541016e-02,1.271370291709899902e+00,1.598235130310058594e+00,5.286872863769531250e+00
7.951265573501586914e-02,1.034379601478576660e-01,7.155364751815795898e-02,1.627091288566589355e+00,1.083203315734863281e+00,3.734727859497070312e+00
5.610948801040649414e-02,5.831426382064819336e-02,4.365742206573486328e-02,1.328539967536926270e+00,1.279406547546386719e+00,3.050606489181518555e+00
4.519414901733398438e-02,4.559594392776489258e-02,3.480362892150878906e-02,1.450885176658630371e+00,1.458462953567504883e+00,3.481267690658569336e+00
6.140702962875366211e-02,5.460512638092041016e-02,4.891276359558105469e-02,1.116908073425292969e+00,1.313622951507568359e+00,2.442197322845458984e+00
6.398892402648925781e-02,5.824649333953857422e-02,4.349488019943237305e-02,1.324115753173828125e+00,1.445315480232238770e+00,2.387122154235839844e+00
6.140398979187011719e-02,5.690699815750122070e-02,4.771488904953002930e-02,1.140178442001342773e+00,6.757802367210388184e-01,1.418930530548095703e+00
6.327116489410400391e-02,5.567675828933715820e-02,4.721796512603759766e-02,1.066780567169189453e+00,1.035379171371459961e+00,1.627045631408691406e+00
9.553849697113037109e-02,8.752459287643432617e-02,6.122124195098876953e-02,9.484537839889526367e-01,1.080270409584045410e+00,2.852203845977783203e+00
1.362812519073486328e-01,1.290496587753295898e-01,1.159933805465698242e-01,2.744659423828125000e+00,1.805748581886291504e+00,3.447660923004150391e+00
7.648926973342895508e-02,7.278209924697875977e-02,5.007040500640869141e-02,7.783230543136596680e-01,1.495631217956542969e+00,4.327743530273437500e+00
1.290889978408813477e-01,1.149535775184631348e-01,8.447563648223876953e-02,1.163271903991699219e+00,1.594868659973144531e+00,2.494566202163696289e+00
7.457524538040161133e-02,6.242305040359497070e-02,4.732167720794677734e-02,1.408682584762573242e+00,1.356984257698059082e+00,1.327258229255676270e+00
1.022906899452209473e-01,1.010758280754089355e-01,8.760452270507812500e-02,1.155163049697875977e+00,1.172444581985473633e+00,1.455312490463256836e+00
5.290281772613525391e-02,4.600757360458374023e-02,3.776872158050537109e-02,1.309676885604858398e+00,1.311935424804687500e+00,1.146851539611816406e+00
6.359928846359252930e-02,5.414289236068725586e-02,4.284220933914184570e-02,1.161403298377990723e+00,1.199541330337524414e+00,1.376939177513122559e+00
6.148356199264526367e-02,5.457293987274169922e-02,4.846787452697753906e-02,8.919079899787902832e-01,1.082285881042480469e+00,8.187931180000305176e-01
6.022524833679199219e-02,6.116437911987304688e-02,5.356442928314208984e-02,1.266881704330444336e+00,1.139776229858398438e+00,2.935590028762817383e+00
6.321877241134643555e-02,6.668150424957275391e-02,5.980020761489868164e-02,1.085467457771301270e+00,1.125461697578430176e+00,2.202994346618652344e+00
1.306843757629394531e-01,1.183115243911743164e-01,8.809822797775268555e-02,6.617662310600280762e-01,1.198948860168457031e+00,1.070894479751586914e+00
1.056270003318786621e-01,1.040539741516113281e-01,9.044623374938964844e-02,1.466671228408813477e+00,1.649727344512939453e+00,2.310226440429687500e+00
6.663393974304199219e-02,6.548255681991577148e-02,4.914826154708862305e-02,1.736295700073242188e+00,1.312746047973632812e+00,3.571851253509521484e+00
5.804479122161865234e-02,5.499297380447387695e-02,4.239320755004882812e-02,1.357469916343688965e+00,1.543483018875122070e+00,2.671007633209228516e+00
6.318265199661254883e-02,6.375718116760253906e-02,5.354690551757812500e-02,1.505390405654907227e+00,1.217041254043579102e+00,4.187496185302734375e+00
7.564508914947509766e-02,7.423818111419677734e-02,5.858194828033447266e-02,1.408129692077636719e+00,1.522527694702148438e+00,2.122826337814331055e+00
4.464411735534667969e-02,4.460138082504272461e-02,3.411287069320678711e-02,1.280307769775390625e+00,9.466171860694885254e-01,1.323528528213500977e+00
7.890415191650390625e-02,6.986171007156372070e-02,5.548882484436035156e-02,8.422089815139770508e-01,1.093441128730773926e+00,2.815301179885864258e+00
1.019573807716369629e-01,8.347570896148681641e-02,7.670742273330688477e-02,1.569310426712036133e+00,1.289036393165588379e+00,2.011697769165039062e+00
6.697690486907958984e-02,6.715822219848632812e-02,5.255270004272460938e-02,1.077003479003906250e+00,1.404518008232116699e+00,1.876858592033386230e+00
6.863325834274291992e-02,6.182205677032470703e-02,5.588346719741821289e-02,1.273682117462158203e+00,1.092868208885192871e+00,1.141000747680664062e+00
8.151501417160034180e-02,6.794553995132446289e-02,5.609625577926635742e-02,1.656218528747558594e+00,1.185787439346313477e+00,1.318934798240661621e+00
6.241393089294433594e-02,5.291712284088134766e-02,4.923784732818603516e-02,1.214508891105651855e+00,1.136998414993286133e+00,1.566785573959350586e+00
4.538726806640625000e-02,4.100757837295532227e-02,3.905349969863891602e-02,7.396182417869567871e-01,1.035394191741943359e+00,8.988769054412841797e-01
6.213748455047607422e-02,5.352455377578735352e-02,4.641723632812500000e-02,1.228675246238708496e+00,1.186645030975341797e+00,1.405469298362731934e+00
9.068387746810913086e-02,8.055192232131958008e-02,5.749887228012084961e-02,1.292914867401123047e+00,9.891715049743652344e-01,2.151758670806884766e+00
1.103070974349975586e-01,1.008533835411071777e-01,8.161836862564086914e-02,1.425678491592407227e+00,1.819591522216796875e+00,2.704394340515136719e+00
1.127119660377502441e-01,8.254319429397583008e-02,7.025259733200073242e-02,1.097219824790954590e+00,8.394130468368530273e-01,1.957701921463012695e+00
6.113541126251220703e-02,6.307893991470336914e-02,4.695188999176025391e-02,8.342928886413574219e-01,1.106482744216918945e+00,1.208655953407287598e+00
5.822986364364624023e-02,6.052243709564208984e-02,4.995113611221313477e-02,1.235798478126525879e+00,1.315971374511718750e+00,2.811931848526000977e+00
6.539118289947509766e-02,6.477087736129760742e-02,4.901093244552612305e-02,1.202098131179809570e+00,1.385836601257324219e+00,2.643973588943481445e+00
8.710956573486328125e-02,9.579437971115112305e-02,6.881922483444213867e-02,1.425194621086120605e+00,1.296264410018920898e+00,3.282420158386230469e+00
5.705201625823974609e-02,5.699372291564941406e-02,4.391849040985107422e-02,1.115945219993591309e+00,1.264585018157958984e+00,2.346989154815673828e+00
5.195939540863037109e-02,5.165827274322509766e-02,4.064118862152099609e-02,1.153460383415222168e+00,1.230648040771484375e+00,2.692196846008300781e+00
6.990981101989746094e-02,4.999762773513793945e-02,5.598914623260498047e-02,2.006768941879272461e+00,2.590946197509765625e+00,4.995476722717285156e+00
6.206560134887695312e-02,6.122052669525146484e-02,5.465984344482421875e-02,9.790216684341430664e-01,1.034571647644042969e+00,1.051237463951110840e+00
7.201588153839111328e-02,6.810665130615234375e-02,4.993647336959838867e-02,1.251855134963989258e+00,1.417325735092163086e+00,1.205532073974609375e+00
1.182999014854431152e-01,1.169954538345336914e-01,9.609067440032958984e-02,1.521418809890747070e+00,1.452696919441223145e+00,1.615490198135375977e+00
1.070271134376525879e-01,8.683884143829345703e-02,7.964247465133666992e-02,1.926970481872558594e+00,1.932307362556457520e+00,3.141889572143554688e+00
5.144476890563964844e-02,4.011368751525878906e-02,3.349739313125610352e-02,1.291456937789916992e+00,1.036316871643066406e+00,2.877840518951416016e+00
1.551634669303894043e-01,1.462608575820922852e-01,1.675549149513244629e-01,1.440766811370849609e+00,1.266466498374938965e+00,1.654472112655639648e+00
1.538270115852355957e-01,1.471531391143798828e-01,1.057350039482116699e-01,1.465573310852050781e+00,1.557195782661437988e+00,1.941793680191040039e+00
6.380206346511840820e-02,6.506109237670898438e-02,4.469078779220581055e-02,1.452965855598449707e+00,1.584212779998779297e+00,1.694632887840270996e+00
3.487161397933959961e-01,3.721801042556762695e-01,3.783733248710632324e-01,1.608275651931762695e+00,1.612165212631225586e+00,2.519668817520141602e+00
9.606689214706420898e-02,9.230446815490722656e-02,6.707239151000976562e-02,1.185827851295471191e+00,1.445890665054321289e+00,2.050437211990356445e+00
8.121174573898315430e-02,8.147281408309936523e-02,4.874163866043090820e-02,1.482387900352478027e+00,1.090651631355285645e+00,2.515955448150634766e+00
5.717003345489501953e-02,5.985403060913085938e-02,4.379761219024658203e-02,1.122683644294738770e+00,1.434740781784057617e+00,2.045188426971435547e+00
3.709512948989868164e-02,4.058325290679931641e-02,3.153115510940551758e-02,1.330635666847229004e+00,1.178388595581054688e+00,2.087006568908691406e+00
5.211907625198364258e-02,4.443383216857910156e-02,3.438681364059448242e-02,1.276700496673583984e+00,1.237642288208007812e+00,1.665050029754638672e+00
3.790587186813354492e-02,3.249156475067138672e-02,2.566444873809814453e-02,1.147199153900146484e+00,1.266097068786621094e+00,8.729192018508911133e-01
1.990826725959777832e-01,2.059410810470581055e-01,1.356037259101867676e-01,1.290667533874511719e+00,1.092714071273803711e+00,1.733594298362731934e+00
4.857534170150756836e-02,4.650360345840454102e-02,3.775477409362792969e-02,1.423108339309692383e+00,1.415897369384765625e+00,2.100261211395263672e+00
3.955328464508056641e-02,3.624325990676879883e-02,2.723246812820434570e-02,1.120336532592773438e+00,1.224653005599975586e+00,2.139501810073852539e+00
1.022386550903320312e-01,8.141022920608520508e-02,6.049293279647827148e-02,2.156348466873168945e+00,1.680400133132934570e+00,3.428491830825805664e+00
6.809431314468383789e-02,5.538797378540039062e-02,4.562258720397949219e-02,9.733976125717163086e-01,1.043676495552062988e+00,1.191565632820129395e+00
6.991320848464965820e-02,6.764352321624755859e-02,4.897177219390869141e-02,1.185562133789062500e+00,1.093919992446899414e+00,2.105708122253417969e+00
7.608371973037719727e-02,6.939554214477539062e-02,5.331945419311523438e-02,8.270904421806335449e-01,1.389028549194335938e+00,1.413465857505798340e+00
5.411142110824584961e-02,5.412358045578002930e-02,3.964716196060180664e-02,9.550053477287292480e-01,1.228291869163513184e+00,3.342641830444335938e+00
6.887501478195190430e-02,6.232309341430664062e-02,4.372358322143554688e-02,8.594144582748413086e-01,1.103260159492492676e+00,1.775087714195251465e+00
1.076778173446655273e-01,9.068512916564941406e-02,7.564258575439453125e-02,1.487746953964233398e+00,1.606196522712707520e+00,1.993329286575317383e+00
6.626611948013305664e-02,5.866813659667968750e-02,5.261671543121337891e-02,1.236751556396484375e+00,1.162484765052795410e+00,1.488030910491943359e+00
1.013313531875610352e-01,8.791440725326538086e-02,7.023042440414428711e-02,1.060080051422119141e+00,1.201479792594909668e+00,2.048192262649536133e+00
1.609641909599304199e-01,1.367840766906738281e-01,1.096916198730468750e-01,1.703058004379272461e+00,1.337896347045898438e+00,2.095854759216308594e+00
7.891219854354858398e-02,7.447564601898193359e-02,5.880278348922729492e-02,1.299485921859741211e+00,1.467784881591796875e+00,1.952459812164306641e+00
7.186943292617797852e-02,6.590312719345092773e-02,5.317229032516479492e-02,1.139938831329345703e+00,1.196326375007629395e+00,2.079873323440551758e+00
4.432100057601928711e-02,4.681760072708129883e-02,3.784042596817016602e-02,1.464598178863525391e+00,1.478621721267700195e+00,1.777024745941162109e+00
7.751423120498657227e-02,7.237350940704345703e-02,6.170654296875000000e-02,1.187574863433837891e+00,1.167949676513671875e+00,1.970288872718811035e+00
5.689465999603271484e-02,5.480700731277465820e-02,3.870695829391479492e-02,1.456276655197143555e+00,1.248133063316345215e+00,2.764401435852050781e+00
4.297471046447753906e-02,4.319018125534057617e-02,3.326028585433959961e-02,1.423513054847717285e+00,1.240135669708251953e+00,2.374827384948730469e+00
6.614291667938232422e-02,6.089347600936889648e-02,4.171407222747802734e-02,1.460701704025268555e+00,1.090100526809692383e+00,3.445190191268920898e+00
6.314384937286376953e-02,5.535435676574707031e-02,4.490447044372558594e-02,1.076107263565063477e+00,1.248405575752258301e+00,1.515656232833862305e+00
5.757182836532592773e-02,5.316299200057983398e-02,4.158192873001098633e-02,1.144447445869445801e+00,1.093333125114440918e+00,1.837378740310668945e+00
5.051529407501220703e-02,4.515087604522705078e-02,3.629368543624877930e-02,1.289394617080688477e+00,1.603229045867919922e+00,1.939906120300292969e+00
4.713892936706542969e-02,4.516214132308959961e-02,3.476572036743164062e-02,9.159556031227111816e-01,8.971252441406250000e-01,1.970373153686523438e+00
5.548006296157836914e-02,4.792338609695434570e-02,3.671550750732421875e-02,9.917278289794921875e-01,1.327707052230834961e+00,2.160181760787963867e+00
5.068731307983398438e-02,4.992663860321044922e-02,3.856551647186279297e-02,2.012106180191040039e+00,1.426855444908142090e+00,2.161245822906494141e+00
5.792248249053955078e-02,4.963642358779907227e-02,4.223227500915527344e-02,1.216330647468566895e+00,1.393438339233398438e+00,1.709261298179626465e+00
7.275456190109252930e-02,5.870139598846435547e-02,5.206847190856933594e-02,1.198034286499023438e+00,1.325049161911010742e+00,1.727353572845458984e+00
4.147553443908691406e-02,4.028105735778808594e-02,2.895033359527587891e-02,7.963094115257263184e-01,5.934492945671081543e-01,1.490758538246154785e+00
5.230879783630371094e-02,4.627096652984619141e-02,3.508311510086059570e-02,1.509099125862121582e+00,1.089458227157592773e+00,1.683993339538574219e+00
4.476660490036010742e-02,3.878903388977050781e-02,3.387308120727539062e-02,1.669470906257629395e+00,1.225014567375183105e+00,2.221917152404785156e+00
1.893441081047058105e-01,1.970804929733276367e-01,2.183411121368408203e-01,1.730752468109130859e+00,1.382704973220825195e+00,2.919562339782714844e+00
5.104511976242065430e-02,4.037082195281982422e-02,3.816050291061401367e-02,1.385201096534729004e+00,1.216895580291748047e+00,1.828891754150390625e+00
6.077599525451660156e-02,5.990445613861083984e-02,5.096662044525146484e-02,8.142875432968139648e-01,8.026061654090881348e-01,1.035052299499511719e+00
1.591914296150207520e-01,1.548396348953247070e-01,1.073330640792846680e-01,1.500217795372009277e+00,1.562712907791137695e+00,2.235047817230224609e+00
4.085612297058105469e-02,3.931814432144165039e-02,3.312867879867553711e-02,1.160443067550659180e+00,1.119183182716369629e+00,1.331981897354125977e+00
7.578849792480468750e-02,6.462961435317993164e-02,5.901145935058593750e-02,5.420547723770141602e-01,5.176366567611694336e-01,8.108185529708862305e-01
9.768748283386230469e-02,7.924532890319824219e-02,5.806571245193481445e-02,1.676225066184997559e+00,1.755215167999267578e+00,2.911825180053710938e+00
2.097369432449340820e-01,1.823363900184631348e-01,1.613164544105529785e-01,1.676304101943969727e+00,1.728578805923461914e+00,1.584491372108459473e+00
7.122534513473510742e-02,6.041693687438964844e-02,4.563635587692260742e-02,1.287305593490600586e+00,1.044470787048339844e+00,1.739581823348999023e+00
5.077761411666870117e-02,4.500854015350341797e-02,3.659069538116455078e-02,1.290375471115112305e+00,1.365803360939025879e+00,1.760580182075500488e+00
4.617476463317871094e-02,3.762120008468627930e-02,3.095841407775878906e-02,8.025698661804199219e-01,9.803749322891235352e-01,1.222260832786560059e+00
5.475121736526489258e-02,5.123394727706909180e-02,4.164326190948486328e-02,1.160090088844299316e+00,9.654783010482788086e-01,1.043934702873229980e+00
6.596982479095458984e-02,6.789261102676391602e-02,5.124503374099731445e-02,1.052991628646850586e+00,1.301834464073181152e+00,1.424359083175659180e+00
5.769324302673339844e-02,4.864579439163208008e-02,4.386144876480102539e-02,1.618719220161437988e+00,1.452633619308471680e+00,1.383664846420288086e+00
5.651021003723144531e-02,5.435317754745483398e-02,4.258650541305541992e-02,1.562899351119995117e+00,9.080969095230102539e-01,1.388241529464721680e+00
5.478537082672119141e-02,5.030483007431030273e-02,3.854209184646606445e-02,9.778189659118652344e-01,1.341147780418395996e+00,1.272642374038696289e+00
6.941002607345581055e-02,7.729446887969970703e-02,6.049400568008422852e-02,1.407375812530517578e+00,9.969735145568847656e-01,1.986228466033935547e+00
7.929754257202148438e-02,8.807981014251708984e-02,7.193255424499511719e-02,1.211855411529541016e+00,1.568745851516723633e+00,1.390010833740234375e+00
1.011072993278503418e-01,7.823359966278076172e-02,7.413107156753540039e-02,1.032278537750244141e+00,1.637962102890014648e+00,1.684830665588378906e+00
8.333247900009155273e-02,7.993984222412109375e-02,6.513226032257080078e-02,1.116283178329467773e+00,5.350810289382934570e-01,7.866432666778564453e-01
7.193076610565185547e-02,6.201750040054321289e-02,4.330301284790039062e-02,7.202128171920776367e-01,7.681542634963989258e-01,1.215678930282592773e+00
7.557624578475952148e-02,7.904005050659179688e-02,6.252926588058471680e-02,1.693228960037231445e+00,1.443681120872497559e+00,2.584786653518676758e+00
7.300025224685668945e-02,7.318121194839477539e-02,6.565815210342407227e-02,1.218270778656005859e+00,1.328329682350158691e+00,3.133220195770263672e+00
5.193400382995605469e-02,4.641276597976684570e-02,4.033702611923217773e-02,1.164889097213745117e+00,1.310232639312744141e+00,2.858368396759033203e+00
4.033112525939941406e-02,3.795987367630004883e-02,2.902507781982421875e-02,1.619550466537475586e+00,1.543259859085083008e+00,2.986683130264282227e+00
7.322394847869873047e-02,6.593763828277587891e-02,5.276477336883544922e-02,1.130870819091796875e+00,1.125925898551940918e+00,1.483833432197570801e+00
8.913588523864746094e-02,7.396960258483886719e-02,6.061023473739624023e-02,1.595699548721313477e+00,1.590791940689086914e+00,2.270994663238525391e+00
7.078349590301513672e-02,5.922710895538330078e-02,4.972493648529052734e-02,1.203208565711975098e+00,1.224863290786743164e+00,1.320703029632568359e+00
6.464678049087524414e-02,5.913162231445312500e-02,4.724675416946411133e-02,1.106985926628112793e+00,9.879645109176635742e-01,1.268856883049011230e+00
4.465341567993164062e-02,4.505074024200439453e-02,3.470116853713989258e-02,1.175501823425292969e+00,1.451714158058166504e+00,1.794620990753173828e+00
7.717841863632202148e-02,6.499779224395751953e-02,5.232453346252441406e-02,1.329119324684143066e+00,1.342328786849975586e+00,1.550462484359741211e+00
7.463711500167846680e-02,7.493305206298828125e-02,5.639827251434326172e-02,1.285047411918640137e+00,1.031408429145812988e+00,1.486045837402343750e+00
5.491554737091064453e-02,5.528086423873901367e-02,4.684263467788696289e-02,3.529717683792114258e+00,2.765096187591552734e+00,5.163787841796875000e+00
5.664628744125366211e-02,5.220347642898559570e-02,4.284542798995971680e-02,1.275610446929931641e+00,1.441649794578552246e+00,2.912451028823852539e+00
7.175964117050170898e-02,6.182724237442016602e-02,6.003195047378540039e-02,1.279971361160278320e+00,1.087720155715942383e+00,9.916659593582153320e-01
1.456003189086914062e-01,1.286183595657348633e-01,1.295131444931030273e-01,1.671340227127075195e+00,1.830498576164245605e+00,1.645303487777709961e+00
8.969575166702270508e-02,8.216392993927001953e-02,6.510776281356811523e-02,1.115292310714721680e+00,1.129506468772888184e+00,1.915506362915039062e+00
8.358496427536010742e-02,8.440142869949340820e-02,5.779516696929931641e-02,1.463189363479614258e+00,1.469869136810302734e+00,2.216814041137695312e+00
5.607748031616210938e-02,5.495274066925048828e-02,3.899770975112915039e-02,1.564894914627075195e+00,1.306568384170532227e+00,3.268549442291259766e+00
6.956219673156738281e-02,6.395459175109863281e-02,4.675698280334472656e-02,1.148824453353881836e+00,1.109665274620056152e+00,2.286358118057250977e+00
1.176871061325073242e-01,7.867240905761718750e-02,6.785738468170166016e-02,8.124554157257080078e-01,1.561140060424804688e+00,3.161697387695312500e+00
7.631725072860717773e-02,7.793086767196655273e-02,5.439108610153198242e-02,1.225293874740600586e+00,1.581955909729003906e+00,2.043958187103271484e+00
5.639970302581787109e-02,5.297130346298217773e-02,3.982007503509521484e-02,1.455374836921691895e+00,2.437338590621948242e+00,2.095805644989013672e+00
1.036074757575988770e-01,1.092141866683959961e-01,7.564955949783325195e-02,1.493003010749816895e+00,1.161000609397888184e+00,3.466563463211059570e+00
6.458204984664916992e-02,5.904024839401245117e-02,4.247653484344482422e-02,1.181956171989440918e+00,1.161014080047607422e+00,1.464811086654663086e+00
9.185564517974853516e-02,8.085823059082031250e-02,6.739586591720581055e-02,1.308907270431518555e+00,1.049427509307861328e+00,1.283689141273498535e+00
8.762580156326293945e-02,8.629238605499267578e-02,7.656294107437133789e-02,1.386712789535522461e+00,1.481222391128540039e+00,1.902952909469604492e+00
9.343314170837402344e-02,8.362895250320434570e-02,6.795126199722290039e-02,9.753191471099853516e-01,9.986768960952758789e-01,1.379128217697143555e+00
6.109160184860229492e-02,6.321609020233154297e-02,5.056303739547729492e-02,1.042767047882080078e+00,1.120749592781066895e+00,1.587740778923034668e+00
5.176216363906860352e-02,4.896765947341918945e-02,4.363095760345458984e-02,1.538695335388183594e+00,1.408337831497192383e+00,1.596174478530883789e+00
1.055815815925598145e-01,1.157298088073730469e-01,9.746718406677246094e-02,1.062676906585693359e+00,7.650350332260131836e-01,1.505813598632812500e+00
7.314437627792358398e-02,7.154524326324462891e-02,5.465680360794067383e-02,1.181158304214477539e+00,1.216768026351928711e+00,3.405549287796020508e+00
1.959924101829528809e-01,1.815424561500549316e-01,2.017684578895568848e-01,1.699741244316101074e+00,1.228946685791015625e+00,2.978268146514892578e+00
5.797541141510009766e-02,5.472332239151000977e-02,3.500765562057495117e-02,1.646308422088623047e+00,1.188807606697082520e+00,2.548265933990478516e+00
8.244234323501586914e-02,8.077615499496459961e-02,6.448745727539062500e-02,1.273518562316894531e+00,1.411061167716979980e+00,1.242593050003051758e+00
1.019391417503356934e-01,9.448635578155517578e-02,7.108944654464721680e-02,1.287200689315795898e+00,1.464329838752746582e+00,1.663203001022338867e+00
8.348214626312255859e-02,6.722974777221679688e-02,5.593675374984741211e-02,1.045957088470458984e+00,1.134036064147949219e+00,1.611893892288208008e+00
6.054353713989257812e-02,4.926431179046630859e-02,4.394263029098510742e-02,1.738179922103881836e+00,1.781052827835083008e+00,2.121582508087158203e+00
7.754176855087280273e-02,7.100415229797363281e-02,5.808860063552856445e-02,1.362661600112915039e+00,1.443604588508605957e+00,2.604228734970092773e+00
6.779444217681884766e-02,7.332140207290649414e-02,5.764585733413696289e-02,1.505268931388854980e+00,1.535109400749206543e+00,2.595345020294189453e+00
8.474439382553100586e-02,8.303171396255493164e-02,7.054889202117919922e-02,1.689559221267700195e+00,1.170185208320617676e+00,2.269402980804443359e+00
6.371909379959106445e-02,5.885982513427734375e-02,5.243074893951416016e-02,1.204654932022094727e+00,1.244097232818603516e+00,1.915385723114013672e+00
6.331425905227661133e-02,5.542409420013427734e-02,4.343086481094360352e-02,1.124772191047668457e+00,1.221292495727539062e+00,1.481048345565795898e+00
8.055067062377929688e-02,6.808662414550781250e-02,5.059307813644409180e-02,1.508659362792968750e+00,1.496811389923095703e+00,1.985300540924072266e+00
6.802207231521606445e-02,5.823719501495361328e-02,4.855191707611083984e-02,1.504800796508789062e+00,1.414605259895324707e+00,1.288967728614807129e+00
8.810091018676757812e-02,7.127845287322998047e-02,5.229485034942626953e-02,1.595533370971679688e+00,1.295613884925842285e+00,1.864282131195068359e+00
5.126059055328369141e-02,4.924786090850830078e-02,3.611165285110473633e-02,1.143504738807678223e+00,8.686276674270629883e-01,1.577818751335144043e+00
8.545231819152832031e-02,7.366454601287841797e-02,5.504930019378662109e-02,1.087941408157348633e+00,1.258347630500793457e+00,2.022524833679199219e+00
6.819677352905273438e-02,5.865150690078735352e-02,5.249047279357910156e-02,1.163076996803283691e+00,1.084511876106262207e+00,1.181841373443603516e+00
4.979789257049560547e-02,5.113506317138671875e-02,4.148340225219726562e-02,8.820898532867431641e-01,1.039092063903808594e+00,1.759016275405883789e+00
5.732220411300659180e-02,5.300509929656982422e-02,4.783129692077636719e-02,1.158534049987792969e+00,1.183937072753906250e+00,3.480412483215332031e+00
6.860178709030151367e-02,5.818802118301391602e-02,4.819124937057495117e-02,1.327806830406188965e+00,1.847755670547485352e+00,3.365871429443359375e+00
7.661908864974975586e-02,6.204950809478759766e-02,5.242985486984252930e-02,1.013190507888793945e+00,1.264629602432250977e+00,1.556223750114440918e+00
1.556042432785034180e-01,1.382641196250915527e-01,1.279413700103759766e-01,8.708982467651367188e-01,8.470530509948730469e-01,1.154486417770385742e+00
5.117511749267578125e-02,4.188019037246704102e-02,3.529411554336547852e-02,8.945202827453613281e-01,1.189059734344482422e+00,9.832606315612792969e-01
6.656187772750854492e-02,5.834805965423583984e-02,5.129259824752807617e-02,1.003047466278076172e+00,9.256911277770996094e-01,1.257344841957092285e+00
1.025254726409912109e-01,8.765137195587158203e-02,6.976372003555297852e-02,1.169010043144226074e+00,1.240192294120788574e+00,1.847299814224243164e+00
5.979484319686889648e-02,4.808092117309570312e-02,4.244399070739746094e-02,1.034435033798217773e+00,1.168329119682312012e+00,1.253225684165954590e+00
1.033068895339965820e-01,8.043408393859863281e-02,6.982773542404174805e-02,1.714713335037231445e+00,1.320903778076171875e+00,1.904534101486206055e+00
7.329118251800537109e-02,5.618906021118164062e-02,5.126023292541503906e-02,1.286761522293090820e+00,1.224808216094970703e+00,1.970411539077758789e+00
4.882836341857910156e-02,4.079836606979370117e-02,3.268539905548095703e-02,9.026219844818115234e-01,1.137886404991149902e+00,1.785617709159851074e+00
7.138431072235107422e-02,5.987745523452758789e-02,5.223512649536132812e-02,1.223163604736328125e+00,1.241148948669433594e+00,1.675793766975402832e+00
5.096322298049926758e-02,4.354387521743774414e-02,3.692185878753662109e-02,1.167562365531921387e+00,1.321055173873901367e+00,1.696573495864868164e+00
8.186548948287963867e-02,7.169687747955322266e-02,5.253499746322631836e-02,1.373243451118469238e+00,1.890453338623046875e+00,3.139272451400756836e+00
8.200621604919433594e-02,7.241320610046386719e-02,6.164181232452392578e-02,9.246858358383178711e-01,9.264224767684936523e-01,9.778645634651184082e-01
6.026923656463623047e-02,4.869854450225830078e-02,4.235816001892089844e-02,1.011500716209411621e+00,1.108327746391296387e+00,1.777403354644775391e+00
5.261796712875366211e-02,4.487282037734985352e-02,4.074454307556152344e-02,1.036172032356262207e+00,2.057328224182128906e+00,1.033153295516967773e+00
5.166345834732055664e-02,4.302835464477539062e-02,3.903043270111083984e-02,1.525334358215332031e+00,1.453871011734008789e+00,1.137932896614074707e+00
6.731146574020385742e-02,6.697565317153930664e-02,5.266642570495605469e-02,1.811263561248779297e+00,2.370152235031127930e+00,3.253455162048339844e+00
9.105455875396728516e-02,9.137678146362304688e-02,7.063865661621093750e-02,1.247723579406738281e+00,1.548611283302307129e+00,2.668338298797607422e+00
5.883175134658813477e-02,5.561703443527221680e-02,4.541927576065063477e-02,1.176514863967895508e+00,1.319584608078002930e+00,2.866777658462524414e+00
6.255143880844116211e-02,6.256288290023803711e-02,5.219811201095581055e-02,1.278236865997314453e+00,1.321978211402893066e+00,2.702427387237548828e+00
7.744109630584716797e-02,7.752245664596557617e-02,6.173819303512573242e-02,1.049588084220886230e+00,1.110474944114685059e+00,2.085498809814453125e+00
6.795090436935424805e-02,7.461369037628173828e-02,5.170530080795288086e-02,1.432298898696899414e+00,1.575949430465698242e+00,3.815711498260498047e+00
8.240067958831787109e-02,8.082354068756103516e-02,6.991982460021972656e-02,1.556262493133544922e+00,1.547028064727783203e+00,4.102136611938476562e+00
7.479858398437500000e-02,7.020360231399536133e-02,5.809378623962402344e-02,1.227405071258544922e+00,1.569549083709716797e+00,3.066589593887329102e+00
6.819462776184082031e-02,7.263278961181640625e-02,6.029999256134033203e-02,1.203276872634887695e+00,1.254100799560546875e+00,3.456734418869018555e+00
1.740288734436035156e-02,1.725286245346069336e-02,1.269221305847167969e-02,1.033183693885803223e+00,1.155511617660522461e+00,1.925729751586914062e+00
7.197403907775878906e-02,6.389844417572021484e-02,5.701982975006103516e-02,1.398342490196228027e+00,1.541232824325561523e+00,2.160258769989013672e+00
6.282716989517211914e-02,5.509614944458007812e-02,4.301351308822631836e-02,1.253785014152526855e+00,1.408040285110473633e+00,2.363402843475341797e+00
5.692237615585327148e-02,5.013871192932128906e-02,4.017037153244018555e-02,1.131271719932556152e+00,8.865977525711059570e-01,1.383711934089660645e+00
7.688122987747192383e-02,6.294053792953491211e-02,5.676108598709106445e-02,1.344320058822631836e+00,1.293313026428222656e+00,1.341166257858276367e+00
7.231521606445312500e-02,6.287634372711181641e-02,5.055910348892211914e-02,1.096388101577758789e+00,1.204617738723754883e+00,1.735104799270629883e+00
5.061149597167968750e-02,4.555624723434448242e-02,3.826582431793212891e-02,1.209207296371459961e+00,1.147668600082397461e+00,1.919110894203186035e+00
9.525382518768310547e-02,7.942610979080200195e-02,5.883407592773437500e-02,1.405348777770996094e+00,1.195637702941894531e+00,1.853448867797851562e+00
6.216859817504882812e-02,5.109590291976928711e-02,4.264301061630249023e-02,1.038255691528320312e+00,9.200398921966552734e-01,1.445719957351684570e+00
2.198343873023986816e-01,2.014462351799011230e-01,1.445873379707336426e-01,1.399945378303527832e+00,1.190531015396118164e+00,1.590940713882446289e+00
1.355835199356079102e-01,1.286607384681701660e-01,1.015301942825317383e-01,1.553820133209228516e+00,1.354066133499145508e+00,2.161606788635253906e+00
5.479466915130615234e-02,4.781341552734375000e-02,3.466862440109252930e-02,1.165885686874389648e+00,1.194550991058349609e+00,2.092923879623413086e+00
8.544033765792846680e-02,6.600755453109741211e-02,4.867064952850341797e-02,1.060807943344116211e+00,1.118296265602111816e+00,2.201511383056640625e+00
6.667238473892211914e-02,5.474746227264404297e-02,4.806822538375854492e-02,1.031093358993530273e+00,1.161250948905944824e+00,1.138966798782348633e+00
9.083461761474609375e-02,7.724690437316894531e-02,6.097948551177978516e-02,1.258950948715209961e+00,1.301477432250976562e+00,1.730054855346679688e+00
9.261578321456909180e-02,7.510256767272949219e-02,5.718523263931274414e-02,1.237844467163085938e+00,1.040435314178466797e+00,1.731161117553710938e+00
1.454493999481201172e-01,1.299061775207519531e-01,9.263491630554199219e-02,1.081241369247436523e+00,1.098838806152343750e+00,1.228619098663330078e+00
6.694632768630981445e-02,6.522810459136962891e-02,5.373769998550415039e-02,1.653010606765747070e+00,1.366510868072509766e+00,1.596026182174682617e+00
6.429111957550048828e-02,6.161355972290039062e-02,4.971724748611450195e-02,1.265279293060302734e+00,1.300425410270690918e+00,1.321812272071838379e+00
9.567511081695556641e-02,8.307462930679321289e-02,7.312130928039550781e-02,9.946907758712768555e-01,1.149435281753540039e+00,1.415976047515869141e+00
7.950031757354736328e-02,6.750315427780151367e-02,5.468040704727172852e-02,1.674423217773437500e+00,2.097626209259033203e+00,1.731636524200439453e+00
5.388128757476806641e-02,4.487907886505126953e-02,3.448373079299926758e-02,1.159513950347900391e+00,1.299947619438171387e+00,2.092531442642211914e+00
8.183902502059936523e-02,8.637320995330810547e-02,6.205326318740844727e-02,1.290523052215576172e+00,1.908479928970336914e+00,4.337340831756591797e+00
9.637212753295898438e-02,9.367936849594116211e-02,7.343959808349609375e-02,1.179348230361938477e+00,1.743761062622070312e+00,4.261289596557617188e+00
1.244215965270996094e-01,1.321460008621215820e-01,1.017558574676513672e-01,2.047543525695800781e+00,1.145134449005126953e+00,4.145666122436523438e+00
9.495931863784790039e-02,9.357833862304687500e-02,6.772291660308837891e-02,1.493477821350097656e+00,1.355799078941345215e+00,2.661035299301147461e+00
7.181793451309204102e-02,5.966269969940185547e-02,4.925304651260375977e-02,1.099424242973327637e+00,1.496534228324890137e+00,1.650945067405700684e+00
5.913823843002319336e-02,4.707562923431396484e-02,3.945243358612060547e-02,1.106946229934692383e+00,1.062343239784240723e+00,1.643703460693359375e+00
8.979177474975585938e-02,7.705414295196533203e-02,6.442719697952270508e-02,2.215814590454101562e+00,1.970663785934448242e+00,2.370389461517333984e+00
5.648410320281982422e-02,4.547256231307983398e-02,3.754645586013793945e-02,1.078215360641479492e+00,1.107653975486755371e+00,1.615358948707580566e+00
7.213693857192993164e-02,6.958311796188354492e-02,5.708116292953491211e-02,1.892481207847595215e+00,2.035153865814208984e+00,2.133448600769042969e+00
7.938963174819946289e-02,9.304100275039672852e-02,6.809270381927490234e-02,1.946192264556884766e+00,2.089847564697265625e+00,3.160458087921142578e+00
5.117940902709960938e-02,4.676109552383422852e-02,3.998351097106933594e-02,1.341608047485351562e+00,1.595715522766113281e+00,3.920754432678222656e+00
6.080317497253417969e-02,5.743271112442016602e-02,4.360252618789672852e-02,1.563871145248413086e+00,1.895147800445556641e+00,3.978839635848999023e+00
6.658691167831420898e-02,7.114219665527343750e-02,5.109393596649169922e-02,1.425713896751403809e+00,1.901627779006958008e+00,2.824475526809692383e+00
1.459661722183227539e-01,1.420606970787048340e-01,1.156856417655944824e-01,1.600398778915405273e+00,1.820439815521240234e+00,3.211014270782470703e+00
3.777104616165161133e-02,3.711068630218505859e-02,3.188073635101318359e-02,1.340896010398864746e+00,1.693952560424804688e+00,2.990122795104980469e+00
3.438177108764648438e-01,2.529941797256469727e-01,2.604546546936035156e-01,1.388077139854431152e+00,1.056289196014404297e+00,2.675204038619995117e+00
7.746738195419311523e-02,5.914449691772460938e-02,6.032484769821166992e-02,1.044411420822143555e+00,1.136501550674438477e+00,1.799233198165893555e+00
6.851863861083984375e-02,5.803745985031127930e-02,4.075437784194946289e-02,1.826480984687805176e+00,1.530300855636596680e+00,3.257152080535888672e+00
1.570739150047302246e-01,1.909616589546203613e-01,2.602579593658447266e-01,2.080718517303466797e+00,1.625540733337402344e+00,3.923169136047363281e+00
5.738031864166259766e-02,6.169849634170532227e-02,4.395639896392822266e-02,1.521110057830810547e+00,1.927860260009765625e+00,3.669261455535888672e+00
5.848467350006103516e-02,5.158191919326782227e-02,4.562777280807495117e-02,1.330054759979248047e+00,1.602134227752685547e+00,1.957843422889709473e+00
8.287543058395385742e-02,8.305746316909790039e-02,5.470597743988037109e-02,1.627543449401855469e+00,1.208997845649719238e+00,2.919934749603271484e+00
6.132870912551879883e-02,5.510133504867553711e-02,3.905510902404785156e-02,9.048403501510620117e-01,9.666302204132080078e-01,2.263929128646850586e+00
1.852074265480041504e-01,1.953629851341247559e-01,1.643505692481994629e-01,1.282510042190551758e+00,1.389119982719421387e+00,2.845823526382446289e+00
8.302813768386840820e-02,7.836270332336425781e-02,5.316299200057983398e-02,1.686260461807250977e+00,1.247822999954223633e+00,2.776780605316162109e+00
3.660303354263305664e-02,3.223729133605957031e-02,2.329856157302856445e-02,1.550287127494812012e+00,1.636824488639831543e+00,3.494826078414916992e+00
7.225602865219116211e-02,7.361125946044921875e-02,5.065584182739257812e-02,1.507711172103881836e+00,1.171951174736022949e+00,2.970161676406860352e+00
7.827311754226684570e-02,7.622247934341430664e-02,5.226230621337890625e-02,1.485987067222595215e+00,1.160061597824096680e+00,2.603147983551025391e+00
6.774508953094482422e-02,5.970221757888793945e-02,4.359197616577148438e-02,1.292843580245971680e+00,1.184955239295959473e+00,2.546881437301635742e+00
1.234130859375000000e-01,1.029092073440551758e-01,7.941752672195434570e-02,1.649346351623535156e+00,1.786634802818298340e+00,2.300640821456909180e+00
6.814330816268920898e-02,5.776315927505493164e-02,4.678380489349365234e-02,1.166306734085083008e+00,1.349531650543212891e+00,2.190647602081298828e+00
8.568799495697021484e-02,6.638753414154052734e-02,4.930651187896728516e-02,1.242779731750488281e+00,1.527176856994628906e+00,2.313672304153442383e+00
5.566656589508056641e-02,4.781806468963623047e-02,3.978717327117919922e-02,9.676977396011352539e-01,1.220799207687377930e+00,1.145626068115234375e+00
7.626986503601074219e-02,6.438875198364257812e-02,5.220401287078857422e-02,1.292773604393005371e+00,1.374732494354248047e+00,1.255982279777526855e+00
7.888984680175781250e-02,6.402289867401123047e-02,5.402487516403198242e-02,1.310302972793579102e+00,1.319142103195190430e+00,1.306183218955993652e+00
6.467109918594360352e-02,5.441790819168090820e-02,4.678308963775634766e-02,9.314610958099365234e-01,1.092538833618164062e+00,1.314950466156005859e+00
1.542207598686218262e-01,1.259526014328002930e-01,1.157820224761962891e-01,1.268548607826232910e+00,1.972153544425964355e+00,2.467676639556884766e+00
5.783379077911376953e-02,4.993146657943725586e-02,3.914916515350341797e-02,1.176859259605407715e+00,1.349959731101989746e+00,1.862699389457702637e+00
7.196134328842163086e-02,6.533271074295043945e-02,4.973459243774414062e-02,9.365934133529663086e-01,1.078024864196777344e+00,1.769575357437133789e+00
5.567318201065063477e-02,5.522346496582031250e-02,4.329872131347656250e-02,1.728058576583862305e+00,1.483455896377563477e+00,2.097358465194702148e+00
7.550257444381713867e-02,6.778478622436523438e-02,5.663716793060302734e-02,1.361219286918640137e+00,1.656548500061035156e+00,1.706140637397766113e+00
8.395099639892578125e-02,6.595695018768310547e-02,6.009864807128906250e-02,1.313740491867065430e+00,1.577772378921508789e+00,2.447823524475097656e+00
8.157795667648315430e-02,8.482414484024047852e-02,7.022505998611450195e-02,1.431264162063598633e+00,1.503138780593872070e+00,3.215147018432617188e+00
1.317011117935180664e-01,1.308705210685729980e-01,1.343532800674438477e-01,1.130376219749450684e+00,1.202465295791625977e+00,2.777593851089477539e+00
4.153972864151000977e-02,3.477001190185546875e-02,3.192955255508422852e-02,1.534753322601318359e+00,1.265414714813232422e+00,1.574796676635742188e+00
5.926734209060668945e-02,5.607587099075317383e-02,3.938412666320800781e-02,1.231677293777465820e+00,1.170255661010742188e+00,2.475452423095703125e+00
5.072647333145141602e-02,4.237765073776245117e-02,3.436732292175292969e-02,1.042959451675415039e+00,1.197410702705383301e+00,2.213497161865234375e+00
6.789439916610717773e-02,5.870407819747924805e-02,4.807108640670776367e-02,1.188641667366027832e+00,1.113589167594909668e+00,1.772220849990844727e+00
8.351200819015502930e-02,7.965981960296630859e-02,5.352669954299926758e-02,1.222779750823974609e+00,1.557572603225708008e+00,1.980494260787963867e+00
4.269379377365112305e-02,4.060757160186767578e-02,2.871054410934448242e-02,9.856901764869689941e-01,1.094639182090759277e+00,2.055854797363281250e+00
9.962260723114013672e-02,9.911048412322998047e-02,1.021665930747985840e-01,1.115639925003051758e+00,1.314989447593688965e+00,2.280504703521728516e+00
6.679952144622802734e-02,5.311131477355957031e-02,3.623396158218383789e-02,1.593049764633178711e+00,1.020014286041259766e+00,1.765680074691772461e+00
5.634427070617675781e-02,4.826009273529052734e-02,3.546881675720214844e-02,1.369003415107727051e+00,1.391661643981933594e+00,2.647136211395263672e+00
4.866796731948852539e-02,4.748314619064331055e-02,3.663861751556396484e-02,1.139872312545776367e+00,1.124580383300781250e+00,1.884916543960571289e+00
7.629364728927612305e-02,5.867028236389160156e-02,5.279517173767089844e-02,1.067345023155212402e+00,1.325588107109069824e+00,1.448654294013977051e+00
8.819067478179931641e-02,7.367563247680664062e-02,6.785452365875244141e-02,1.538123846054077148e+00,1.196380138397216797e+00,1.823243021965026855e+00
7.660603523254394531e-02,7.348394393920898438e-02,5.911105871200561523e-02,1.336575508117675781e+00,1.361453533172607422e+00,1.878466367721557617e+00
7.101202011108398438e-02,6.746399402618408203e-02,5.456024408340454102e-02,1.171342134475708008e+00,1.408499240875244141e+00,1.850895166397094727e+00
6.316995620727539062e-02,6.359195709228515625e-02,4.660820960998535156e-02,1.529508113861083984e+00,1.371445298194885254e+00,1.228819012641906738e+00
7.261151075363159180e-02,6.983238458633422852e-02,5.023276805877685547e-02,1.200782060623168945e+00,1.300303459167480469e+00,1.560758352279663086e+00
4.219919443130493164e-02,4.317337274551391602e-02,3.353601694107055664e-02,1.043777942657470703e+00,9.709357023239135742e-01,1.585590839385986328e+00
5.550169944763183594e-02,5.327421426773071289e-02,4.365098476409912109e-02,1.044822335243225098e+00,1.409635782241821289e+00,1.541901111602783203e+00
6.980234384536743164e-02,6.380331516265869141e-02,5.320125818252563477e-02,1.348708391189575195e+00,1.207420706748962402e+00,1.536146521568298340e+00
6.577885150909423828e-02,6.530267000198364258e-02,5.202573537826538086e-02,3.169359683990478516e+00,2.697122097015380859e+00,3.866081714630126953e+00
5.502802133560180664e-02,4.628115892410278320e-02,3.867280483245849609e-02,1.068182587623596191e+00,1.311683654785156250e+00,1.452409386634826660e+00
5.381691455841064453e-02,4.844462871551513672e-02,3.876060247421264648e-02,1.296616673469543457e+00,1.428304553031921387e+00,2.314223289489746094e+00
6.634229421615600586e-02,5.926430225372314453e-02,5.006611347198486328e-02,1.707903623580932617e+00,1.357085108757019043e+00,2.129817724227905273e+00
5.365133285522460938e-02,4.816746711730957031e-02,3.970742225646972656e-02,9.687927961349487305e-01,1.278048276901245117e+00,1.484574437141418457e+00
8.848607540130615234e-02,8.056390285491943359e-02,6.898695230484008789e-02,1.513543605804443359e+00,1.830284357070922852e+00,2.045242071151733398e+00
5.860018730163574219e-02,4.624521732330322266e-02,4.116690158843994141e-02,1.202073812484741211e+00,1.095577955245971680e+00,1.506981849670410156e+00
4.355907440185546875e-02,3.659498691558837891e-02,3.280431032180786133e-02,1.099393844604492188e+00,1.209873437881469727e+00,1.634433984756469727e+00
5.067068338394165039e-02,4.692041873931884766e-02,3.850847482681274414e-02,1.358318567276000977e+00,1.024068474769592285e+00,1.353159785270690918e+00
1.165705919265747070e-01,1.127899289131164551e-01,1.128914952278137207e-01,1.253640532493591309e+00,1.465523600578308105e+00,2.655114889144897461e+00
6.110572814941406250e-02,6.185638904571533203e-02,5.021971464157104492e-02,1.271569848060607910e+00,1.284523129463195801e+00,2.138452291488647461e+00
6.387448310852050781e-02,6.139487028121948242e-02,5.169725418090820312e-02,1.173994302749633789e+00,1.216300964355468750e+00,3.049990653991699219e+00
7.305353879928588867e-02,5.725550651550292969e-02,5.096590518951416016e-02,1.248467922210693359e+00,7.075293660163879395e-01,8.726849555969238281e-01
6.670117378234863281e-02,5.322593450546264648e-02,4.220080375671386719e-02,1.497839927673339844e+00,1.283669471740722656e+00,1.587605237960815430e+00
8.190912008285522461e-02,7.667881250381469727e-02,6.022256612777709961e-02,6.252493858337402344e-01,4.906441569328308105e-01,7.332297563552856445e-01
5.669188499450683594e-02,5.167794227600097656e-02,4.543715715408325195e-02,1.000699281692504883e+00,1.082812786102294922e+00,1.575495481491088867e+00
4.453700780868530273e-02,4.778623580932617188e-02,3.167653083801269531e-02,1.550958752632141113e+00,1.518815875053405762e+00,2.568397998809814453e+00
5.924409627914428711e-02,6.205898523330688477e-02,4.896908998489379883e-02,1.283412218093872070e+00,1.508457183837890625e+00,1.930869340896606445e+00
6.921404600143432617e-02,7.003998756408691406e-02,5.582714080810546875e-02,1.226564168930053711e+00,1.238213777542114258e+00,2.596084833145141602e+00
4.925803542137145996e-01,3.747847080230712891e-01,3.327387571334838867e-01,1.255381345748901367e+00,9.603449106216430664e-01,3.518334388732910156e+00
5.015337467193603516e-02,4.745990037918090820e-02,3.519541025161743164e-02,5.870523452758789062e+00,6.972148418426513672e+00,7.721721649169921875e+00
7.159584760665893555e-02,7.256054878234863281e-02,6.253302097320556641e-02,1.399108529090881348e+00,1.393723487854003906e+00,3.298826217651367188e+00
7.000601291656494141e-02,5.419582128524780273e-02,4.902648925781250000e-02,1.488331079483032227e+00,1.304767012596130371e+00,2.202408790588378906e+00
1.062319278717041016e-01,9.191662073135375977e-02,7.749295234680175781e-02,1.601931810379028320e+00,1.548623323440551758e+00,1.654179573059082031e+00
6.142044067382812500e-02,6.232255697250366211e-02,4.735583066940307617e-02,1.117616772651672363e+00,1.439137935638427734e+00,1.680090188980102539e+00
7.987457513809204102e-02,7.432866096496582031e-02,6.284701824188232422e-02,5.773487091064453125e-01,7.211798429489135742e-01,9.201466441154479980e-01
1.245866417884826660e-01,1.090611219406127930e-01,8.463746309280395508e-02,1.292901992797851562e+00,1.674098014831542969e+00,1.538258790969848633e+00
8.238369226455688477e-02,7.265818119049072266e-02,5.483204126358032227e-02,9.016503095626831055e-01,1.204514980316162109e+00,1.998467683792114258e+00
8.005124330520629883e-02,8.639752864837646484e-02,6.212979555130004883e-02,1.113689661026000977e+00,1.167755842208862305e+00,2.284146785736083984e+00
8.384138345718383789e-02,8.122193813323974609e-02,5.552941560745239258e-02,1.850121736526489258e+00,1.183723211288452148e+00,4.141260147094726562e+00
2.288310527801513672e-01,2.546685934066772461e-01,1.910541057586669922e-01,1.779776573181152344e+00,1.399678945541381836e+00,4.581217765808105469e+00
1.306042671203613281e-01,1.479628086090087891e-01,1.234134435653686523e-01,1.874658346176147461e+00,1.663302898406982422e+00,2.971032381057739258e+00
4.539710283279418945e-02,4.676431417465209961e-02,3.659427165985107422e-02,1.429163217544555664e+00,1.114566206932067871e+00,2.933470487594604492e+00
9.040528535842895508e-02,9.560877084732055664e-02,7.586127519607543945e-02,1.986217498779296875e+00,1.562857031822204590e+00,4.750962734222412109e+00
7.822108268737792969e-02,7.783037424087524414e-02,5.992108583450317383e-02,1.650724887847900391e+00,1.070230364799499512e+00,3.169336795806884766e+00
6.553834676742553711e-02,5.164057016372680664e-02,4.387307167053222656e-02,1.222508311271667480e+00,1.259085059165954590e+00,2.092926263809204102e+00
8.544015884399414062e-02,6.832766532897949219e-02,6.161159276962280273e-02,1.678861379623413086e+00,1.505018234252929688e+00,1.939101219177246094e+00
5.442559719085693359e-02,5.340027809143066406e-02,3.771990537643432617e-02,1.188763618469238281e+00,1.295159697532653809e+00,1.980029106140136719e+00
5.430132150650024414e-02,4.924517869949340820e-02,3.794968128204345703e-02,1.339544892311096191e+00,1.163376688957214355e+00,1.870905637741088867e+00
6.831461191177368164e-02,7.681846618652343750e-02,5.412697792053222656e-02,1.929399847984313965e+00,1.576425790786743164e+00,4.106460571289062500e+00
5.918741226196289062e-02,5.776172876358032227e-02,4.823219776153564453e-02,1.392181634902954102e+00,1.341986417770385742e+00,2.749665498733520508e+00
7.113111019134521484e-02,7.661604881286621094e-02,4.558610916137695312e-02,1.798774957656860352e+00,1.935171365737915039e+00,3.787838459014892578e+00
6.147015094757080078e-02,5.844229459762573242e-02,4.362648725509643555e-02,1.377871870994567871e+00,1.460740327835083008e+00,2.507606744766235352e+00
2.028202414512634277e-01,2.210680246353149414e-01,2.192450165748596191e-01,1.478207230567932129e+00,1.630734086036682129e+00,2.790619373321533203e+00
5.973529815673828125e-02,6.306928396224975586e-02,4.803174734115600586e-02,1.387221693992614746e+00,1.381199955940246582e+00,3.156793117523193359e+00
1.367806792259216309e-01,1.372323632240295410e-01,1.325052380561828613e-01,1.307859897613525391e+00,1.438464403152465820e+00,2.677370309829711914e+00
5.380493402481079102e-02,5.075722932815551758e-02,4.108446836471557617e-02,3.011171579360961914e+00,3.449488878250122070e+00,3.577938079833984375e+00
6.986564397811889648e-02,7.118171453475952148e-02,6.245487928390502930e-02,1.376568675041198730e+00,1.418757319450378418e+00,2.180434465408325195e+00
5.499136447906494141e-02,5.470848083496093750e-02,4.202699661254882812e-02,1.276502966880798340e+00,1.365731477737426758e+00,2.327397823333740234e+00
7.064938545227050781e-02,8.646100759506225586e-02,6.000941991806030273e-02,1.649998188018798828e+00,1.310074806213378906e+00,4.728119373321533203e+00
5.765265226364135742e-02,5.980432033538818359e-02,4.670208692550659180e-02,1.136094808578491211e+00,1.105897307395935059e+00,2.682753324508666992e+00
9.358227252960205078e-02,8.983057737350463867e-02,7.386320829391479492e-02,1.473365664482116699e+00,1.531000852584838867e+00,3.699180364608764648e+00
4.370945692062377930e-02,4.100632667541503906e-02,3.333359956741333008e-02,8.677536249160766602e-01,7.838762998580932617e-01,9.451045989990234375e-01
8.847105503082275391e-02,8.205038309097290039e-02,5.560487508773803711e-02,1.539987802505493164e+00,1.526414632797241211e+00,1.774587154388427734e+00
4.559111595153808594e-02,4.418599605560302734e-02,3.522974252700805664e-02,1.120665550231933594e+00,1.098422169685363770e+00,1.866415023803710938e+00
8.573555946350097656e-02,7.197743654251098633e-02,6.113308668136596680e-02,1.587316751480102539e+00,1.450997114181518555e+00,1.638356566429138184e+00
7.007628679275512695e-02,6.308913230895996094e-02,5.248725414276123047e-02,1.193167090415954590e+00,1.144416332244873047e+00,2.214302539825439453e+00
5.386859178543090820e-02,5.039352178573608398e-02,3.848719596862792969e-02,9.537393450736999512e-01,1.186816692352294922e+00,2.161566972732543945e+00
8.568924665451049805e-02,7.988566160202026367e-02,5.974477529525756836e-02,1.260184764862060547e+00,1.212444305419921875e+00,2.119044303894042969e+00
6.199318170547485352e-02,6.787848472595214844e-02,5.136001110076904297e-02,1.211619973182678223e+00,8.570414185523986816e-01,1.422228813171386719e+00
6.831407546997070312e-02,6.197655200958251953e-02,4.863810539245605469e-02,1.301515817642211914e+00,1.345235109329223633e+00,2.080857753753662109e+00
2.722599506378173828e-01,2.124402523040771484e-01,3.037061691284179688e-01,1.595059394836425781e+00,1.159560799598693848e+00,1.679266691207885742e+00
7.216876745223999023e-02,7.655024528503417969e-02,6.023776531219482422e-02,1.465933084487915039e+00,1.439199209213256836e+00,1.963127017021179199e+00
4.286134243011474609e-02,4.304301738739013672e-02,3.542196750640869141e-02,1.136039257049560547e+00,1.199072599411010742e+00,3.556748628616333008e+00
9.567815065383911133e-02,8.756196498870849609e-02,7.525527477264404297e-02,1.184256076812744141e+00,1.242695331573486328e+00,2.343731164932250977e+00
6.010204553604125977e-02,5.365008115768432617e-02,4.236513376235961914e-02,1.087521314620971680e+00,1.164113402366638184e+00,1.695132255554199219e+00
4.958349466323852539e-02,4.111379384994506836e-02,3.162038326263427734e-02,1.049103140830993652e+00,1.115296602249145508e+00,1.609482526779174805e+00
6.021827459335327148e-02,5.542194843292236328e-02,3.482168912887573242e-02,1.058682203292846680e+00,1.143922328948974609e+00,2.456577777862548828e+00
7.009416818618774414e-02,6.035488843917846680e-02,4.599809646606445312e-02,1.146156907081604004e+00,1.210191607475280762e+00,1.432945728302001953e+00
5.271899700164794922e-02,4.725444316864013672e-02,4.725980758666992188e-02,9.791464805603027344e-01,1.064579248428344727e+00,1.526989102363586426e+00
4.315245151519775391e-02,4.176253080368041992e-02,3.638327121734619141e-02,1.242827653884887695e+00,1.122298836708068848e+00,2.745349407196044922e+00
3.865242004394531250e-02,3.678739070892333984e-02,3.062295913696289062e-02,1.375244855880737305e+00,1.470831394195556641e+00,2.547051429748535156e+00
6.124144792556762695e-02,6.575274467468261719e-02,5.506128072738647461e-02,1.536328077316284180e+00,1.441229581832885742e+00,3.180853128433227539e+00
6.591439247131347656e-02,7.069319486618041992e-02,5.530071258544921875e-02,1.410702109336853027e+00,1.808751106262207031e+00,3.645207166671752930e+00
6.415110826492309570e-02,6.668758392333984375e-02,5.984222888946533203e-02,1.233793973922729492e+00,1.406994223594665527e+00,3.265147447586059570e+00
7.126110792160034180e-02,6.870031356811523438e-02,5.632549524307250977e-02,1.263176679611206055e+00,7.746691703796386719e-01,1.922128677368164062e+00
1.013361811637878418e-01,8.986312150955200195e-02,7.590222358703613281e-02,1.530365467071533203e+00,1.023277401924133301e+00,1.995160102844238281e+00
1.914197802543640137e-01,1.743959784507751465e-01,1.672260761260986328e-01,1.574275255203247070e+00,1.530137538909912109e+00,1.961307525634765625e+00
6.564420461654663086e-02,6.723743677139282227e-02,5.546808242797851562e-02,1.412547111511230469e+00,1.261827230453491211e+00,1.773787021636962891e+00
9.073483943939208984e-02,7.631599903106689453e-02,5.127382278442382812e-02,1.574120759963989258e+00,1.926329135894775391e+00,3.831951141357421875e+00
8.076274394989013672e-02,7.368993759155273438e-02,5.598038434982299805e-02,3.192714214324951172e+00,2.628849983215332031e+00,2.908825397491455078e+00
8.299487829208374023e-02,8.753567934036254883e-02,5.892366170883178711e-02,1.405843496322631836e+00,1.071099042892456055e+00,2.792388200759887695e+00
9.219950437545776367e-02,1.051120162010192871e-01,5.926251411437988281e-02,1.543322682380676270e+00,1.003116130828857422e+00,5.093990325927734375e+00
2.006859183311462402e-01,2.277588844299316406e-01,1.844914555549621582e-01,1.679202079772949219e+00,1.056387662887573242e+00,4.328085422515869141e+00
6.322199106216430664e-02,6.465983390808105469e-02,4.622679948806762695e-02,9.219939708709716797e-01,1.392523884773254395e+00,5.249337673187255859e+00
2.778750658035278320e-02,3.545969724655151367e-02,2.529358863830566406e-02,1.209134578704833984e+00,9.653161168098449707e-01,1.816768169403076172e+00
5.961209535598754883e-02,5.134212970733642578e-02,4.169243574142456055e-02,9.683661460876464844e-01,9.282794594764709473e-01,1.899150371551513672e+00
5.435031652450561523e-02,4.705971479415893555e-02,3.897696733474731445e-02,1.557442188262939453e+00,1.128362059593200684e+00,2.258799552917480469e+00
5.794537067413330078e-02,5.363488197326660156e-02,4.547917842864990234e-02,1.151045799255371094e+00,1.517469167709350586e+00,2.170823097229003906e+00
7.411122322082519531e-02,6.739032268524169922e-02,5.536276102066040039e-02,4.664956569671630859e+00,2.802350044250488281e+00,5.961132526397705078e+00
4.748368263244628906e-02,4.372394084930419922e-02,3.725481033325195312e-02,1.165850758552551270e+00,1.348025321960449219e+00,1.916154146194458008e+00
5.217844247817993164e-02,4.417186975479125977e-02,3.718703985214233398e-02,1.466769576072692871e+00,1.690316200256347656e+00,2.199558973312377930e+00
8.782124519348144531e-02,7.587021589279174805e-02,5.811649560928344727e-02,9.234686493873596191e-01,1.083073139190673828e+00,2.017832756042480469e+00
5.494040250778198242e-02,5.250209569931030273e-02,3.972995281219482422e-02,1.895495653152465820e+00,2.067416667938232422e+00,2.753556728363037109e+00
7.513135671615600586e-02,6.848412752151489258e-02,5.562722682952880859e-02,1.060345172882080078e+00,1.473178982734680176e+00,1.777212381362915039e+00
3.679490089416503906e-02,3.862845897674560547e-02,2.994132041931152344e-02,1.194004297256469727e+00,1.289518475532531738e+00,1.379344224929809570e+00
5.618530511856079102e-02,5.117136240005493164e-02,3.802943229675292969e-02,1.136499166488647461e+00,1.177421569824218750e+00,1.703519344329833984e+00
6.108820438385009766e-02,5.629152059555053711e-02,4.594874382019042969e-02,1.447488427162170410e+00,1.500913023948669434e+00,2.995899677276611328e+00
4.456204175949096680e-02,5.369907617568969727e-02,3.861147165298461914e-02,1.454832553863525391e+00,1.262129783630371094e+00,2.958701372146606445e+00
7.568138837814331055e-02,7.141220569610595703e-02,4.812455177307128906e-02,1.099580168724060059e+00,1.386768341064453125e+00,1.597078084945678711e+00
1.330347061157226562e-01,1.255928277969360352e-01,1.289082169532775879e-01,2.179214477539062500e+00,1.910909175872802734e+00,4.473383903503417969e+00
6.788063049316406250e-02,6.081229448318481445e-02,5.344229936599731445e-02,1.267987847328186035e+00,1.252743601799011230e+00,1.447713732719421387e+00
4.835128784179687500e-02,5.103635787963867188e-02,3.804016113281250000e-02,1.195229291915893555e+00,1.381987333297729492e+00,1.438210129737854004e+00
8.361035585403442383e-02,9.302437305450439453e-02,7.748383283615112305e-02,1.565997719764709473e+00,1.319739103317260742e+00,1.422543168067932129e+00
4.614418745040893555e-02,4.814010858535766602e-02,3.750193119049072266e-02,8.352148532867431641e-01,9.195688962936401367e-01,9.610826969146728516e-01
1.104585528373718262e-01,1.198836565017700195e-01,8.956950902938842773e-02,8.266963362693786621e-01,7.854920625686645508e-01,1.216447234153747559e+00
1.416138410568237305e-01,1.008546352386474609e-01,1.011988520622253418e-01,1.378127217292785645e+00,1.072892189025878906e+00,1.421886920928955078e+00
8.122551441192626953e-02,6.733667850494384766e-02,5.724835395812988281e-02,1.131391286849975586e+00,1.295992374420166016e+00,1.492209196090698242e+00
6.417739391326904297e-02,6.641006469726562500e-02,4.328137636184692383e-02,1.295457601547241211e+00,1.637870907783508301e+00,1.861025810241699219e+00
1.185060739517211914e-01,1.339974403381347656e-01,8.430594205856323242e-02,2.542243957519531250e+00,2.132821083068847656e+00,5.790741920471191406e+00
3.971135616302490234e-02,4.229235649108886719e-02,2.872967720031738281e-02,2.288671970367431641e+00,1.563502192497253418e+00,4.108641624450683594e+00
4.878741502761840820e-02,5.108660459518432617e-02,3.599649667739868164e-02,1.354997634887695312e+00,1.399774074554443359e+00,2.848834514617919922e+00
5.476999282836914062e-02,5.243521928787231445e-02,3.840994834899902344e-02,1.423104643821716309e+00,1.574369430541992188e+00,2.652173042297363281e+00
6.715285778045654297e-02,7.149785757064819336e-02,5.322003364562988281e-02,1.650722503662109375e+00,1.390930652618408203e+00,2.841248273849487305e+00
4.781574010848999023e-02,4.417312145233154297e-02,3.141349554061889648e-02,1.261175751686096191e+00,1.244498014450073242e+00,2.298506736755371094e+00
7.202267646789550781e-02,6.146496534347534180e-02,4.685604572296142578e-02,1.088477134704589844e+00,1.271899580955505371e+00,1.662037611007690430e+00
1.048235893249511719e-01,9.358459711074829102e-02,7.758414745330810547e-02,1.259823799133300781e+00,1.443913936614990234e+00,1.886431932449340820e+00
8.252370357513427734e-02,6.740283966064453125e-02,6.040084362030029297e-02,2.204060077667236328e+00,3.521916389465332031e+00,2.324851036071777344e+00
5.984526872634887695e-02,5.563759803771972656e-02,4.895496368408203125e-02,1.079456090927124023e+00,1.278649806976318359e+00,1.708581209182739258e+00
7.008093595504760742e-02,7.143545150756835938e-02,5.928182601928710938e-02,1.314243435859680176e+00,1.446065425872802734e+00,2.647519588470458984e+00
6.795680522918701172e-02,6.494361162185668945e-02,5.394119024276733398e-02,1.058223366737365723e+00,1.284901857376098633e+00,2.816204309463500977e+00
5.793571472167968750e-02,6.227338314056396484e-02,4.196834564208984375e-02,1.285922169685363770e+00,1.316097021102905273e+00,5.252014160156250000e+00
4.905349016189575195e-02,5.175447463989257812e-02,4.124093055725097656e-02,1.401781439781188965e+00,1.316330909729003906e+00,2.610704421997070312e+00
1.107314229011535645e-01,1.062108278274536133e-01,9.614986181259155273e-02,2.151550292968750000e+00,2.487526893615722656e+00,3.925133943557739258e+00
2.290434837341308594e-01,2.291350364685058594e-01,2.014700174331665039e-01,1.412843227386474609e+00,1.357623696327209473e+00,2.144024372100830078e+00
1.359359622001647949e-01,1.183626651763916016e-01,9.418773651123046875e-02,1.214616298675537109e+00,1.322420597076416016e+00,2.923748731613159180e+00
5.204504728317260742e-02,5.225604772567749023e-02,4.564458131790161133e-02,1.367136955261230469e+00,1.057815670967102051e+00,1.806903600692749023e+00
6.871014833450317383e-02,6.081479787826538086e-02,4.704666137695312500e-02,1.193017244338989258e+00,1.120714545249938965e+00,2.047422170639038086e+00
4.672390222549438477e-02,4.602724313735961914e-02,3.156405687332153320e-02,9.734396338462829590e-01,8.962250947952270508e-01,2.126646041870117188e+00
5.569875240325927734e-02,4.794073104858398438e-02,3.415381908416748047e-02,1.388562202453613281e+00,1.820143938064575195e+00,2.710886478424072266e+00
6.426608562469482422e-02,6.687927246093750000e-02,5.685979127883911133e-02,1.142278790473937988e+00,1.350602030754089355e+00,2.035663366317749023e+00
7.132583856582641602e-02,5.908119678497314453e-02,4.926985502243041992e-02,6.517578363418579102e-01,1.283877134323120117e+00,1.385973453521728516e+00
5.131620168685913086e-02,4.444885253906250000e-02,3.812223672866821289e-02,9.121111035346984863e-01,1.098366022109985352e+00,1.570779800415039062e+00
7.199227809906005859e-02,6.057000160217285156e-02,4.512798786163330078e-02,1.539051771163940430e+00,1.094949603080749512e+00,1.581310272216796875e+00
4.447013139724731445e-02,4.697674512863159180e-02,4.041856527328491211e-02,1.405588388442993164e+00,1.234978795051574707e+00,1.922855854034423828e+00
4.749244451522827148e-02,4.827564954757690430e-02,3.510564565658569336e-02,1.594941377639770508e+00,1.550516128540039062e+00,2.962118148803710938e+00
6.595247983932495117e-02,5.742001533508300781e-02,4.655778408050537109e-02,1.205501675605773926e+00,1.206117868423461914e+00,1.725748777389526367e+00
5.360734462738037109e-02,4.947942495346069336e-02,3.825384378433227539e-02,1.356020092964172363e+00,1.350666403770446777e+00,1.409676074981689453e+00
5.593389272689819336e-02,5.369102954864501953e-02,3.639382123947143555e-02,5.120117068290710449e-01,9.813169240951538086e-01,4.964332580566406250e-01
6.345283985137939453e-02,5.660641193389892578e-02,3.880369663238525391e-02,2.229871034622192383e+00,2.023722171783447266e+00,3.807483673095703125e+00
5.934673547744750977e-02,4.842084646224975586e-02,4.275673627853393555e-02,1.603614807128906250e+00,1.311048984527587891e+00,1.863386034965515137e+00
4.466825723648071289e-02,3.504180908203125000e-02,3.500050306320190430e-02,1.083300948143005371e+00,1.274955511093139648e+00,1.476058244705200195e+00
1.130576133728027344e-01,9.912085533142089844e-02,8.844959735870361328e-02,1.152436852455139160e+00,1.609262108802795410e+00,1.884886264801025391e+00
5.489838123321533203e-02,4.426646232604980469e-02,4.095143079757690430e-02,1.419991135597229004e+00,1.345984220504760742e+00,2.242660999298095703e+00
7.015657424926757812e-02,5.949711799621582031e-02,4.941898584365844727e-02,1.220495223999023438e+00,1.230509161949157715e+00,1.931436538696289062e+00
5.866473913192749023e-02,4.839831590652465820e-02,4.358267784118652344e-02,1.389309525489807129e+00,1.479919195175170898e+00,1.491973042488098145e+00
7.573360204696655273e-02,6.403058767318725586e-02,5.201214551925659180e-02,1.603301525115966797e+00,1.450811147689819336e+00,1.729269266128540039e+00
7.657974958419799805e-02,7.650214433670043945e-02,5.716824531555175781e-02,2.033595561981201172e+00,1.853328824043273926e+00,2.863382339477539062e+00
5.401396751403808594e-02,4.850614070892333984e-02,4.295361042022705078e-02,1.597221612930297852e+00,1.588820934295654297e+00,2.227912187576293945e+00
5.575525760650634766e-02,4.679507017135620117e-02,4.059720039367675781e-02,1.338036775588989258e+00,1.415189981460571289e+00,1.092637896537780762e+00
5.162090063095092773e-02,4.678416252136230469e-02,3.950822353363037109e-02,1.131109714508056641e+00,1.208083033561706543e+00,1.461227655410766602e+00
1.628741025924682617e-01,1.408921480178833008e-01,1.013018488883972168e-01,1.244710206985473633e+00,1.442198514938354492e+00,1.372182726860046387e+00
5.099362134933471680e-02,4.824632406234741211e-02,4.028856754302978516e-02,4.079888463020324707e-01,7.645747661590576172e-01,1.144352674484252930e+00
5.994397401809692383e-02,4.923069477081298828e-02,4.050672054290771484e-02,1.328465461730957031e+00,1.227289795875549316e+00,2.218105792999267578e+00
6.542050838470458984e-02,5.403077602386474609e-02,4.295575618743896484e-02,1.006654977798461914e+00,1.079967856407165527e+00,1.119059443473815918e+00
7.126879692077636719e-02,7.436174154281616211e-02,5.766499042510986328e-02,1.351906776428222656e+00,1.330433607101440430e+00,1.629268884658813477e+00
6.814777851104736328e-02,5.850738286972045898e-02,5.247348546981811523e-02,1.074753999710083008e+00,1.217389345169067383e+00,1.214817762374877930e+00
7.201409339904785156e-02,6.649142503738403320e-02,5.088025331497192383e-02,1.138079166412353516e+00,9.770146608352661133e-01,2.074796199798583984e+00
4.875952005386352539e-02,4.818087816238403320e-02,3.385591506958007812e-02,1.723697423934936523e+00,1.705263137817382812e+00,2.684893846511840820e+00
6.539672613143920898e-02,7.820230722427368164e-02,4.567748308181762695e-02,1.583256006240844727e+00,1.233012557029724121e+00,3.106214046478271484e+00
7.044017314910888672e-02,7.029122114181518555e-02,4.621106386184692383e-02,1.592212677001953125e+00,1.232970356941223145e+00,3.790773868560791016e+00
1.032028198242187500e-01,1.108313798904418945e-01,1.042712330818176270e-01,9.860299229621887207e-01,1.384712576866149902e+00,4.082177639007568359e+00
1.066340804100036621e-01,9.117168188095092773e-02,7.759505510330200195e-02,2.054738759994506836e+00,2.020741462707519531e+00,2.555073022842407227e+00
4.865366220474243164e-02,4.246991872787475586e-02,3.611201047897338867e-02,1.146980524063110352e+00,1.344381451606750488e+00,1.628983974456787109e+00
9.319835901260375977e-02,7.910209894180297852e-02,7.103365659713745117e-02,1.492779731750488281e+00,1.433400392532348633e+00,2.527443647384643555e+00
7.539349794387817383e-02,7.163804769515991211e-02,5.663877725601196289e-02,1.444797039031982422e+00,2.152669668197631836e+00,2.569264650344848633e+00
4.835844039916992188e-02,4.157334566116333008e-02,3.576278686523437500e-02,1.051202058792114258e+00,1.217144966125488281e+00,2.882270574569702148e+00
5.313760042190551758e-02,5.203503370285034180e-02,4.105210304260253906e-02,1.034488320350646973e+00,7.182716131210327148e-01,1.121441245079040527e+00
9.183043241500854492e-02,8.730787038803100586e-02,7.074272632598876953e-02,1.423090338706970215e+00,1.622229576110839844e+00,2.114496707916259766e+00
7.172262668609619141e-02,5.301350355148315430e-02,4.246026277542114258e-02,1.386399149894714355e+00,1.678106069564819336e+00,1.795508146286010742e+00
7.450300455093383789e-02,7.572770118713378906e-02,5.952376127243041992e-02,1.247676849365234375e+00,1.220177650451660156e+00,1.273154497146606445e+00
6.335413455963134766e-02,6.642723083496093750e-02,5.125701427459716797e-02,1.193491220474243164e+00,1.119135260581970215e+00,1.282669544219970703e+00
4.654473066329956055e-02,5.046558380126953125e-02,3.918045759201049805e-02,1.155244946479797363e+00,1.312285780906677246e+00,1.828670740127563477e+00
7.075560092926025391e-02,5.795896053314208984e-02,4.645156860351562500e-02,3.655988574028015137e-01,6.017961502075195312e-01,1.124986410140991211e+00
9.078115224838256836e-02,7.915842533111572266e-02,6.048613786697387695e-02,1.827343583106994629e+00,1.638801097869873047e+00,1.406736373901367188e+00
9.328347444534301758e-02,8.264064788818359375e-02,7.403665781021118164e-02,1.223418474197387695e+00,9.390243887901306152e-01,1.581497907638549805e+00
4.999637603759765625e-02,4.855817556381225586e-02,3.584468364715576172e-02,1.230946063995361328e+00,1.049486517906188965e+00,2.617075920104980469e+00
5.233340263366699219e-01,3.827719688415527344e-01,4.027453064918518066e-01,1.178406357765197754e+00,1.035248994827270508e+00,1.284838199615478516e+00
5.054068565368652344e-02,4.286885261535644531e-02,3.862917423248291016e-02,7.797964811325073242e-01,7.301380634307861328e-01,7.642282247543334961e-01
6.418275833129882812e-02,5.109232664108276367e-02,4.500442743301391602e-02,1.272744655609130859e+00,1.819426059722900391e+00,1.937314033508300781e+00
6.806749105453491211e-02,5.446565151214599609e-02,4.489231109619140625e-02,1.074907779693603516e+00,1.273390889167785645e+00,2.355080604553222656e+00
1.072753071784973145e-01,9.267479181289672852e-02,6.798595190048217773e-02,1.307394981384277344e+00,1.354686975479125977e+00,1.602023005485534668e+00
6.988495588302612305e-02,6.289780139923095703e-02,4.645836353302001953e-02,1.137217640876770020e+00,1.268086552619934082e+00,1.154007196426391602e+00
7.521665096282958984e-02,5.388164520263671875e-02,4.143190383911132812e-02,1.492386817932128906e+00,1.489087343215942383e+00,2.112740278244018555e+00
6.619083881378173828e-02,5.948066711425781250e-02,5.087953805923461914e-02,1.076941967010498047e+00,1.349086999893188477e+00,3.478162050247192383e+00
9.056818485260009766e-02,8.128917217254638672e-02,7.286953926086425781e-02,1.538923501968383789e+00,1.424099564552307129e+00,2.070339441299438477e+00
6.342011690139770508e-02,5.175447463989257812e-02,4.259276390075683594e-02,1.359701871871948242e+00,1.399674296379089355e+00,1.319709777832031250e+00
5.541086196899414062e-02,5.090224742889404297e-02,4.363846778869628906e-02,1.631337761878967285e+00,1.371952295303344727e+00,1.582015752792358398e+00
4.294663667678833008e-02,3.864133358001708984e-02,3.012245893478393555e-02,1.201436281204223633e+00,1.151998043060302734e+00,1.758782386779785156e+00
8.834642171859741211e-02,8.187979459762573242e-02,7.585018873214721680e-02,1.334018468856811523e+00,1.290696620941162109e+00,2.837795972824096680e+00
4.416900873184204102e-02,4.263067245483398438e-02,3.232222795486450195e-02,3.115877866744995117e+00,2.545316696166992188e+00,3.109974861145019531e+00
5.643403530120849609e-02,4.932743310928344727e-02,3.840941190719604492e-02,1.381948471069335938e+00,1.323006749153137207e+00,1.445822000503540039e+00
5.608659982681274414e-02,6.117242574691772461e-02,6.333339214324951172e-02,8.392249345779418945e-01,9.861942529678344727e-01,1.138954997062683105e+00
1.633231043815612793e-01,1.355583071708679199e-01,1.330667138099670410e-01,8.892052173614501953e-01,8.982751965522766113e-01,1.224708437919616699e+00
5.900573730468750000e-02,5.675089359283447266e-02,4.622161388397216797e-02,1.145777106285095215e+00,1.094597578048706055e+00,2.037626504898071289e+00
3.518539667129516602e-02,3.326779603958129883e-02,2.769201993942260742e-02,1.392863273620605469e+00,1.936152696609497070e+00,3.099673032760620117e+00
4.754877090454101562e-02,3.045523166656494141e-02,3.176200389862060547e-02,1.167088866233825684e+00,7.971943616867065430e-01,1.241792201995849609e+00
2.984903454780578613e-01,3.146919608116149902e-01,3.259581327438354492e-01,1.882595539093017578e+00,1.150435924530029297e+00,3.111906051635742188e+00
8.825272321701049805e-02,8.620387315750122070e-02,6.750941276550292969e-02,1.546053409576416016e+00,1.236328125000000000e+00,2.983993291854858398e+00
7.803690433502197266e-02,8.639323711395263672e-02,5.537885427474975586e-02,1.342726230621337891e+00,1.728546023368835449e+00,3.722835302352905273e+00
6.164020299911499023e-02,5.306410789489746094e-02,3.852885961532592773e-02,1.105070471763610840e+00,9.373819828033447266e-01,2.040678262710571289e+00
1.595546007156372070e-01,1.448605656623840332e-01,1.630852818489074707e-01,1.362235307693481445e+00,1.708946228027343750e+00,2.345054626464843750e+00
3.485510945320129395e-01,2.363941669464111328e-01,2.875891327857971191e-01,1.394762277603149414e+00,9.428706765174865723e-01,1.722628831863403320e+00
6.661069393157958984e-02,6.849396228790283203e-02,5.526262521743774414e-02,1.409025907516479492e+00,1.350476026535034180e+00,2.785517692565917969e+00
7.636642456054687500e-02,7.082265615463256836e-02,6.223440170288085938e-02,1.101966619491577148e+00,1.636909723281860352e+00,2.755179166793823242e+00
4.796147346496582031e-02,4.627078771591186523e-02,3.848791122436523438e-02,1.300157546997070312e+00,1.189213752746582031e+00,2.439023017883300781e+00
7.982718944549560547e-02,6.726497411727905273e-02,5.589419603347778320e-02,1.525429964065551758e+00,1.757545471191406250e+00,2.559606075286865234e+00
6.563204526901245117e-02,6.502515077590942383e-02,4.612666368484497070e-02,7.491424083709716797e-01,9.478590488433837891e-01,7.977000474929809570e-01
9.777349233627319336e-02,8.811128139495849609e-02,7.279479503631591797e-02,1.065103054046630859e+00,7.799953222274780273e-01,1.400872707366943359e+00
7.842081785202026367e-02,6.916469335556030273e-02,5.347090959548950195e-02,1.269088625907897949e+00,1.434729695320129395e+00,1.283172011375427246e+00
4.634606838226318359e-02,4.656189680099487305e-02,3.961640596389770508e-02,1.179296016693115234e+00,1.380747318267822266e+00,1.807050943374633789e+00
6.888788938522338867e-02,6.360501050949096680e-02,5.048525333404541016e-02,9.428338408470153809e-01,1.046584725379943848e+00,1.217394590377807617e+00
8.648800849914550781e-02,7.889878749847412109e-02,6.029140949249267578e-02,8.699419498443603516e-01,8.686507344245910645e-01,1.043175458908081055e+00
6.103795766830444336e-02,5.848735570907592773e-02,4.509973526000976562e-02,1.547329187393188477e+00,1.462395429611206055e+00,1.604535818099975586e+00
6.008255481719970703e-02,5.624395608901977539e-02,4.045790433883666992e-02,1.439539790153503418e+00,1.196100711822509766e+00,1.340412616729736328e+00
7.143884897232055664e-02,6.919240951538085938e-02,6.040620803833007812e-02,1.189105510711669922e+00,1.823019862174987793e+00,1.718256473541259766e+00
5.529963970184326172e-02,4.767626523971557617e-02,4.443186521530151367e-02,1.143534064292907715e+00,9.340245723724365234e-01,1.041278958320617676e+00
6.563007831573486328e-02,5.281537771224975586e-02,4.476445913314819336e-02,1.235309958457946777e+00,1.230416893959045410e+00,1.671622753143310547e+00
9.271824359893798828e-02,9.379541873931884766e-02,7.466751337051391602e-02,1.212176442146301270e+00,1.231083512306213379e+00,1.538792848587036133e+00
7.160031795501708984e-02,7.259041070938110352e-02,5.642241239547729492e-02,1.517689228057861328e+00,1.566071391105651855e+00,2.393298149108886719e+00
4.353743791580200195e-02,4.458153247833251953e-02,3.707957267761230469e-02,4.261280894279479980e-01,9.521030187606811523e-01,1.074486851692199707e+00
9.366989135742187500e-02,8.122211694717407227e-02,7.602131366729736328e-02,1.192818045616149902e+00,1.476659536361694336e+00,2.621014833450317383e+00
5.346143245697021484e-02,5.137073993682861328e-02,4.079926013946533203e-02,1.108422756195068359e+00,1.177403569221496582e+00,2.326863288879394531e+00
9.081619977951049805e-02,9.074807167053222656e-02,7.789510488510131836e-02,1.608003616333007812e+00,1.990510702133178711e+00,2.976756334304809570e+00
6.543284654617309570e-02,6.683385372161865234e-02,5.780625343322753906e-02,1.139756441116333008e+00,1.417243123054504395e+00,2.506270408630371094e+00
2.275493144989013672e-01,1.970665454864501953e-01,1.795193552970886230e-01,1.305301666259765625e+00,1.182989716529846191e+00,2.939105033874511719e+00
7.285040616989135742e-02,8.287578821182250977e-02,6.311166286468505859e-02,1.217608451843261719e+00,1.047685503959655762e+00,3.760134458541870117e+00
4.238927364349365234e-02,3.939145803451538086e-02,3.661161661148071289e-02,1.486887216567993164e+00,1.315050244331359863e+00,3.646806240081787109e+00
5.134820938110351562e-02,4.514676332473754883e-02,3.647321462631225586e-02,1.397238731384277344e+00,1.158885240554809570e+00,2.381532192230224609e+00
5.806231498718261719e-02,4.870891571044921875e-02,4.301315546035766602e-02,1.224372625350952148e+00,1.593920230865478516e+00,1.999656200408935547e+00
7.211494445800781250e-02,6.432759761810302734e-02,5.067640542984008789e-02,1.205984473228454590e+00,1.251195192337036133e+00,1.354266405105590820e+00
5.993574857711791992e-02,4.689002037048339844e-02,4.028803110122680664e-02,1.922986268997192383e+00,1.510411739349365234e+00,1.477769851684570312e+00
5.363273620605468750e-02,4.446941614151000977e-02,4.605978727340698242e-02,1.183279037475585938e+00,1.033126831054687500e+00,1.191469430923461914e+00
6.949120759963989258e-02,5.871695280075073242e-02,4.849845170974731445e-02,1.893817663192749023e+00,1.539907336235046387e+00,2.293422698974609375e+00
1.263061165809631348e-01,1.233161687850952148e-01,9.592634439468383789e-02,1.050848364830017090e+00,1.121440172195434570e+00,1.500453829765319824e+00
6.731843948364257812e-02,5.820000171661376953e-02,4.054427146911621094e-02,1.143369197845458984e+00,1.760460019111633301e+00,3.447468280792236328e+00
6.424802541732788086e-02,5.726534128189086914e-02,5.004733800888061523e-02,9.058982133865356445e-01,1.246346354484558105e+00,1.151850700378417969e+00
5.494183301925659180e-02,4.426789283752441406e-02,3.702145814895629883e-02,1.239023923873901367e+00,1.451340079307556152e+00,1.084088444709777832e+00
8.939784765243530273e-02,7.527154684066772461e-02,6.339418888092041016e-02,1.168002605438232422e+00,1.211908340454101562e+00,1.943664193153381348e+00
5.403828620910644531e-02,4.885017871856689453e-02,3.508257865905761719e-02,1.121420383453369141e+00,1.445100188255310059e+00,1.977824091911315918e+00
4.989194869995117188e-02,4.523223638534545898e-02,3.810274600982666016e-02,9.671616554260253906e-01,1.303512454032897949e+00,1.430649518966674805e+00
5.830818414688110352e-02,5.441343784332275391e-02,4.091745615005493164e-02,1.008237361907958984e+00,1.239644289016723633e+00,1.746260404586791992e+00
5.859714746475219727e-02,5.848270654678344727e-02,5.717629194259643555e-02,1.578766345977783203e+00,1.382284283638000488e+00,2.110227108001708984e+00
1.297697424888610840e-01,1.095067262649536133e-01,8.505749702453613281e-02,1.194990634918212891e+00,1.233090162277221680e+00,1.342086553573608398e+00
6.540012359619140625e-02,6.050634384155273438e-02,4.456168413162231445e-02,1.130234599113464355e+00,1.188469171524047852e+00,2.724068880081176758e+00
8.350610733032226562e-02,7.931703329086303711e-02,5.306518077850341797e-02,1.631384849548339844e+00,1.246287345886230469e+00,1.966378688812255859e+00
5.702626705169677734e-02,5.374252796173095703e-02,4.249584674835205078e-02,9.699611663818359375e-01,9.610784053802490234e-01,1.206909894943237305e+00
8.221364021301269531e-02,7.008433341979980469e-02,5.449086427688598633e-02,1.069482207298278809e+00,1.197069525718688965e+00,2.023052215576171875e+00
7.633227109909057617e-02,6.145620346069335938e-02,5.382889509201049805e-02,1.114263057708740234e+00,1.350026965141296387e+00,2.099350452423095703e+00
6.864756345748901367e-02,5.920618772506713867e-02,4.872161149978637695e-02,1.301618576049804688e+00,1.326179981231689453e+00,1.932284593582153320e+00
7.009899616241455078e-02,7.519215345382690430e-02,6.079798936843872070e-02,1.137107133865356445e+00,1.254615068435668945e+00,1.421665906906127930e+00
7.545804977416992188e-02,6.562614440917968750e-02,5.362200736999511719e-02,1.607163667678833008e+00,1.415931701660156250e+00,2.825208902359008789e+00
7.210224866867065430e-02,6.304621696472167969e-02,5.326366424560546875e-02,1.413627862930297852e+00,1.136950492858886719e+00,1.880517840385437012e+00
6.475532054901123047e-02,5.532145500183105469e-02,4.425162076950073242e-02,1.118222594261169434e+00,1.164695024490356445e+00,1.111731290817260742e+00
4.416596889495849609e-02,4.202842712402343750e-02,4.153758287429809570e-02,1.647638797760009766e+00,1.712441921234130859e+00,3.098206043243408203e+00
9.433972835540771484e-02,8.279764652252197266e-02,6.134390830993652344e-02,1.559374094009399414e+00,1.931061029434204102e+00,2.226912021636962891e+00
4.300493001937866211e-02,3.775262832641601562e-02,3.024637699127197266e-02,1.205677986145019531e+00,1.156340360641479492e+00,1.241393923759460449e+00
7.613146305084228516e-02,5.547022819519042969e-02,4.017591476440429688e-02,8.739733099937438965e-01,5.547144412994384766e-01,1.938580155372619629e+00
8.528101444244384766e-02,7.174712419509887695e-02,5.770128965377807617e-02,1.049125194549560547e+00,1.273463010787963867e+00,1.864888906478881836e+00
6.125396490097045898e-02,6.070804595947265625e-02,4.372733831405639648e-02,1.606592059135437012e+00,9.232454895973205566e-01,3.653612136840820312e+00
1.035429239273071289e-01,9.749042987823486328e-02,6.765943765640258789e-02,1.764227986335754395e+00,1.727043628692626953e+00,3.360939979553222656e+00
1.050088405609130859e-01,9.599822759628295898e-02,7.011026144027709961e-02,1.762628078460693359e+00,1.201313138008117676e+00,2.402842044830322266e+00
6.933706998825073242e-02,5.724585056304931641e-02,4.507613182067871094e-02,1.178224682807922363e+00,1.073993325233459473e+00,1.291548728942871094e+00
9.845942258834838867e-02,8.996146917343139648e-02,7.701963186264038086e-02,1.142231225967407227e+00,1.251679301261901855e+00,1.917241930961608887e+00
7.272666692733764648e-02,6.386715173721313477e-02,4.893207550048828125e-02,1.414521932601928711e+00,1.072696566581726074e+00,1.782159328460693359e+00
7.466411590576171875e-02,6.450104713439941406e-02,5.284595489501953125e-02,1.208623051643371582e+00,1.583508014678955078e+00,2.976610660552978516e+00
5.405795574188232422e-02,4.480022192001342773e-02,3.335559368133544922e-02,1.068632841110229492e+00,1.286345958709716797e+00,1.881114959716796875e+00
6.355941295623779297e-02,5.321145057678222656e-02,4.708653688430786133e-02,1.560400724411010742e+00,1.374435067176818848e+00,1.505722999572753906e+00
7.049489021301269531e-02,6.386071443557739258e-02,5.144637823104858398e-02,1.412077546119689941e+00,1.485842466354370117e+00,1.523041248321533203e+00
7.065707445144653320e-02,6.057912111282348633e-02,4.442328214645385742e-02,1.372671365737915039e+00,1.167176127433776855e+00,2.297386884689331055e+00
7.500386238098144531e-02,7.043659687042236328e-02,4.524922370910644531e-02,1.114408493041992188e+00,1.277773976325988770e+00,2.102192401885986328e+00
7.937908172607421875e-02,6.615114212036132812e-02,4.937696456909179688e-02,1.348022222518920898e+00,1.053569912910461426e+00,1.749951124191284180e+00
7.504427433013916016e-02,6.952911615371704102e-02,5.594336986541748047e-02,1.254226684570312500e+00,1.452746987342834473e+00,2.064641714096069336e+00
7.883441448211669922e-02,5.927574634552001953e-02,4.212212562561035156e-02,1.349128961563110352e+00,1.247354030609130859e+00,1.694855928421020508e+00
5.322575569152832031e-02,4.031556844711303711e-02,3.160142898559570312e-02,9.294928908348083496e-01,9.173580408096313477e-01,2.378283023834228516e+00
7.745039463043212891e-02,6.959617137908935547e-02,5.038994550704956055e-02,1.888275146484375000e+00,1.605193376541137695e+00,2.286246061325073242e+00
5.385679006576538086e-02,5.651754140853881836e-02,4.252088069915771484e-02,7.264287471771240234e-01,9.731295704841613770e-01,1.201423645019531250e+00
6.313204765319824219e-02,7.694810628890991211e-02,5.904078483581542969e-02,1.561930060386657715e+00,1.586013078689575195e+00,2.573340654373168945e+00
6.040978431701660156e-02,5.454719066619873047e-02,5.510956048965454102e-02,1.578815937042236328e+00,1.445207834243774414e+00,3.439631223678588867e+00
8.909690380096435547e-02,9.991085529327392578e-02,8.611929416656494141e-02,1.574464201927185059e+00,1.663367629051208496e+00,4.090798377990722656e+00
7.261812686920166016e-02,7.162642478942871094e-02,5.547451972961425781e-02,1.363612413406372070e+00,1.398929357528686523e+00,2.273478031158447266e+00
1.074739694595336914e-01,9.812414646148681641e-02,6.658333539962768555e-02,1.360550880432128906e+00,1.220466613769531250e+00,2.040892601013183594e+00
6.590330600738525391e-02,5.986869335174560547e-02,4.245418310165405273e-02,1.264736294746398926e+00,1.380454301834106445e+00,1.660493850708007812e+00
5.411589145660400391e-02,4.312115907669067383e-02,3.657799959182739258e-02,8.367923498153686523e-01,8.695480227470397949e-01,1.150969862937927246e+00
6.831997632980346680e-02,5.348753929138183594e-02,4.291051626205444336e-02,1.392068862915039062e+00,1.642028689384460449e+00,1.336557984352111816e+00
6.948584318161010742e-02,6.290334463119506836e-02,4.817301034927368164e-02,1.286570549011230469e+00,1.139642715454101562e+00,1.520916700363159180e+00
5.684977769851684570e-02,4.865026473999023438e-02,4.220008850097656250e-02,1.118689298629760742e+00,1.278619289398193359e+00,1.486314654350280762e+00
7.718002796173095703e-02,6.664001941680908203e-02,6.072932481765747070e-02,1.347356081008911133e+00,1.296207189559936523e+00,1.277916908264160156e+00
4.525905847549438477e-02,3.814387321472167969e-02,3.373575210571289062e-02,1.216141104698181152e+00,1.350212931632995605e+00,1.867892146110534668e+00
1.405266523361206055e-01,1.134474277496337891e-01,9.110373258590698242e-02,1.306488752365112305e+00,1.108462929725646973e+00,1.274841785430908203e+00
7.308161258697509766e-02,6.337773799896240234e-02,4.580050706863403320e-02,1.704834222793579102e+00,1.526534080505371094e+00,1.889407396316528320e+00
6.013852357864379883e-02,5.041444301605224609e-02,4.163396358489990234e-02,9.626187086105346680e-01,1.305801272392272949e+00,2.026523590087890625e+00
4.803192615509033203e-02,4.857444763183593750e-02,3.495937585830688477e-02,1.112336039543151855e+00,1.274885416030883789e+00,1.399304628372192383e+00
7.912194728851318359e-02,6.316459178924560547e-02,5.484670400619506836e-02,1.623042225837707520e+00,1.173683166503906250e+00,2.592254638671875000e+00
6.235957145690917969e-02,5.012673139572143555e-02,4.489088058471679688e-02,1.225819587707519531e+00,1.336664915084838867e+00,1.914743661880493164e+00
7.227426767349243164e-02,6.310415267944335938e-02,5.924391746520996094e-02,9.994418621063232422e-01,1.004140138626098633e+00,1.082795262336730957e+00
5.938714742660522461e-02,5.255270004272460938e-02,4.189091920852661133e-02,1.287345170974731445e+00,1.111544966697692871e+00,2.272323608398437500e+00
1.159835457801818848e-01,1.328188776969909668e-01,9.174853563308715820e-02,2.621187210083007812e+00,1.323727726936340332e+00,4.776064395904541016e+00
7.066208124160766602e-02,7.900589704513549805e-02,5.203932523727416992e-02,1.874921083450317383e+00,1.620165348052978516e+00,3.381158351898193359e+00
7.206290960311889648e-02,7.410460710525512695e-02,5.461639165878295898e-02,1.578998565673828125e+00,9.695334434509277344e-01,2.711112976074218750e+00
5.624985694885253906e-02,5.394476652145385742e-02,3.937447071075439453e-02,9.750205278396606445e-01,1.575919747352600098e+00,2.022017478942871094e+00
5.612862110137939453e-02,5.186623334884643555e-02,4.071164131164550781e-02,1.335586071014404297e+00,1.129189491271972656e+00,2.845247983932495117e+00
7.193434238433837891e-02,6.249135732650756836e-02,5.061811208724975586e-02,1.440793275833129883e+00,1.195998668670654297e+00,1.949833631515502930e+00
6.340974569320678711e-02,5.321449041366577148e-02,3.857982158660888672e-02,1.197809815406799316e+00,9.240215420722961426e-01,1.874592661857604980e+00
8.038812875747680664e-02,7.173550128936767578e-02,6.028568744659423828e-02,1.040891647338867188e+00,1.079506516456604004e+00,1.270677208900451660e+00
6.718111038208007812e-02,5.210351943969726562e-02,4.639738798141479492e-02,1.307672977447509766e+00,1.221551656723022461e+00,1.534775018692016602e+00
9.496808052062988281e-02,7.308733463287353516e-02,6.529659032821655273e-02,1.221829891204833984e+00,1.109290599822998047e+00,1.328416228294372559e+00
1.313851475715637207e-01,1.229478120803833008e-01,1.198065876960754395e-01,1.010406017303466797e+00,9.316731691360473633e-01,1.093437194824218750e+00
6.412839889526367188e-02,5.767554044723510742e-02,4.877525568008422852e-02,1.153244256973266602e+00,1.205799221992492676e+00,1.816406011581420898e+00
7.782697677612304688e-02,7.011026144027709961e-02,5.868440866470336914e-02,1.450248599052429199e+00,1.202198982238769531e+00,1.762670278549194336e+00
7.015961408615112305e-02,5.462890863418579102e-02,4.650771617889404297e-02,1.065380811691284180e+00,1.241686820983886719e+00,1.342857837677001953e+00
8.936995267868041992e-02,7.172548770904541016e-02,6.826740503311157227e-02,1.272432446479797363e+00,9.934837818145751953e-01,1.138120293617248535e+00
7.219612598419189453e-02,6.960546970367431641e-02,5.550438165664672852e-02,5.852265357971191406e-01,5.844900012016296387e-01,8.366396427154541016e-01
7.235723733901977539e-02,6.967306137084960938e-02,5.020773410797119141e-02,1.524976372718811035e+00,1.611452579498291016e+00,2.753362178802490234e+00
6.540566682815551758e-02,5.829101800918579102e-02,4.932171106338500977e-02,1.368101477622985840e+00,3.605574846267700195e+00,3.501984596252441406e+00
5.822932720184326172e-02,4.710656404495239258e-02,3.911465406417846680e-02,7.244478464126586914e-01,8.496816158294677734e-01,6.120632886886596680e-01
6.253087520599365234e-02,5.181741714477539062e-02,4.098665714263916016e-02,1.415559411048889160e+00,1.380804419517517090e+00,1.351602315902709961e+00
6.822270154953002930e-02,5.797863006591796875e-02,5.079388618469238281e-02,1.612320184707641602e+00,1.361685276031494141e+00,1.745878100395202637e+00
6.796091794967651367e-02,6.047075986862182617e-02,5.292838811874389648e-02,1.425735354423522949e+00,1.076598405838012695e+00,1.424094915390014648e+00
6.852221488952636719e-02,5.398321151733398438e-02,4.956400394439697266e-02,1.513324499130249023e+00,1.320386767387390137e+00,1.845974922180175781e+00
6.017446517944335938e-02,5.092781782150268555e-02,4.196280241012573242e-02,9.202548265457153320e-01,1.136031389236450195e+00,1.160154819488525391e+00
4.808467626571655273e-02,4.017984867095947266e-02,3.294467926025390625e-02,8.786194324493408203e-01,1.196415781974792480e+00,1.394977927207946777e+00
4.557573795318603516e-02,3.923660516738891602e-02,3.432440757751464844e-02,2.025060176849365234e+00,1.762532711029052734e+00,1.922954559326171875e+00
6.066548824310302734e-02,5.064815282821655273e-02,4.448854923248291016e-02,9.010173082351684570e-01,5.580507516860961914e-01,1.228111743927001953e+00
7.170367240905761719e-02,5.855101346969604492e-02,5.020022392272949219e-02,1.391163825988769531e+00,1.181885719299316406e+00,1.531386375427246094e+00
8.416199684143066406e-02,9.016871452331542969e-02,7.689428329467773438e-02,1.188814043998718262e+00,1.179998874664306641e+00,1.506224870681762695e+00
4.590958356857299805e-02,4.918438196182250977e-02,3.752911090850830078e-02,1.565609216690063477e+00,1.298132896423339844e+00,2.763126134872436523e+00
6.583106517791748047e-02,7.833337783813476562e-02,6.683367490768432617e-02,1.631009340286254883e+00,1.142126083374023438e+00,3.201157808303833008e+00
5.054157972335815430e-02,4.452878236770629883e-02,3.798454999923706055e-02,1.138505458831787109e+00,1.137880682945251465e+00,3.205962896347045898e+00
6.252515316009521484e-02,6.345498561859130859e-02,4.674321413040161133e-02,1.504242181777954102e+00,9.803296923637390137e-01,3.762732505798339844e+00
7.787436246871948242e-02,7.234829664230346680e-02,5.228501558303833008e-02,2.288974046707153320e+00,1.623323202133178711e+00,2.521560907363891602e+00
8.326041698455810547e-02,7.091975212097167969e-02,4.864060878753662109e-02,1.212499737739562988e+00,1.367993116378784180e+00,3.563484907150268555e+00
8.611553907394409180e-02,7.329207658767700195e-02,5.397051572799682617e-02,1.192098140716552734e+00,1.216874957084655762e+00,1.839709758758544922e+00
4.834574460983276367e-02,4.610538482666015625e-02,3.363436460494995117e-02,7.235316038131713867e-01,1.162577748298645020e+00,1.974858522415161133e+00
6.817477941513061523e-02,6.602275371551513672e-02,4.176038503646850586e-02,1.095389485359191895e+00,1.108212590217590332e+00,1.686851501464843750e+00
6.401199102401733398e-02,5.573987960815429688e-02,4.456651210784912109e-02,1.103728055953979492e+00,1.135980606079101562e+00,1.689781308174133301e+00
1.525842547416687012e-01,1.318500638008117676e-01,1.162451505661010742e-01,1.163282275199890137e+00,1.480395197868347168e+00,1.620967984199523926e+00
1.926764845848083496e-01,1.586598157882690430e-01,1.385368108749389648e-01,1.637198925018310547e+00,1.161722660064697266e+00,1.486028909683227539e+00
4.703575372695922852e-02,4.409551620483398438e-02,3.820699453353881836e-02,1.161125063896179199e+00,1.384473681449890137e+00,2.207714319229125977e+00
4.503715038299560547e-02,4.166758060455322266e-02,3.649163246154785156e-02,1.291519761085510254e+00,1.243822813034057617e+00,2.263118743896484375e+00
5.348128080368041992e-02,5.024760961532592773e-02,4.521954059600830078e-02,1.320055603981018066e+00,1.346562981605529785e+00,1.952269315719604492e+00
1.716045141220092773e-01,1.416928768157958984e-01,1.211450099945068359e-01,1.900534987449645996e+00,2.893596172332763672e+00,5.123693466186523438e+00
8.456128835678100586e-02,8.433598279953002930e-02,7.041603326797485352e-02,1.379698634147644043e+00,1.159158825874328613e+00,3.473998546600341797e+00
7.184779644012451172e-02,7.501226663589477539e-02,6.641167402267456055e-02,1.471747398376464844e+00,1.272327661514282227e+00,3.306162834167480469e+00
5.968236923217773438e-02,5.251175165176391602e-02,4.775530099868774414e-02,1.769172668457031250e+00,1.368808150291442871e+00,1.799654245376586914e+00
6.485313177108764648e-02,5.592548847198486328e-02,4.249101877212524414e-02,1.133401632308959961e+00,1.145821332931518555e+00,1.282033324241638184e+00
5.288028717041015625e-02,5.045878887176513672e-02,3.949427604675292969e-02,1.256897807121276855e+00,1.225109100341796875e+00,2.370041847229003906e+00
8.672332763671875000e-02,7.484471797943115234e-02,6.142008304595947266e-02,1.279385447502136230e+00,1.292083382606506348e+00,1.346451520919799805e+00
6.570714712142944336e-02,5.348467826843261719e-02,4.864346981048583984e-02,1.126543283462524414e+00,1.210377931594848633e+00,2.028175115585327148e+00
5.148392915725708008e-02,4.272079467773437500e-02,3.732365369796752930e-02,1.140053987503051758e+00,1.304559946060180664e+00,1.396241664886474609e+00
9.708201885223388672e-02,9.496665000915527344e-02,8.539903163909912109e-02,1.475954174995422363e+00,1.730374813079833984e+00,1.308516502380371094e+00
5.826705694198608398e-02,5.101954936981201172e-02,4.519164562225341797e-02,1.293305873870849609e+00,1.217002153396606445e+00,2.624576091766357422e+00
5.471223592758178711e-02,4.647982120513916016e-02,4.257327318191528320e-02,1.212157487869262695e+00,1.017580032348632812e+00,1.214706420898437500e+00
4.517877101898193359e-02,4.091691970825195312e-02,3.766965866088867188e-02,1.302442073822021484e+00,1.343524932861328125e+00,1.482705473899841309e+00
9.512865543365478516e-02,8.086895942687988281e-02,7.352507114410400391e-02,1.686146259307861328e+00,1.531530261039733887e+00,1.641793489456176758e+00
5.677360296249389648e-02,5.605906248092651367e-02,4.599308967590332031e-02,1.234369754791259766e+00,1.368054389953613281e+00,2.041750907897949219e+00
7.392472028732299805e-02,6.263852119445800781e-02,5.589580535888671875e-02,1.194916486740112305e+00,1.364349126815795898e+00,1.185218095779418945e+00
6.355047225952148438e-02,5.508989095687866211e-02,5.043679475784301758e-02,9.058570861816406250e-01,1.077582836151123047e+00,1.301539063453674316e+00
5.912053585052490234e-02,5.591386556625366211e-02,5.051279067993164062e-02,9.434435963630676270e-01,1.058366298675537109e+00,1.072013497352600098e+00
3.993326425552368164e-02,4.211425781250000000e-02,3.063780069351196289e-02,1.436823606491088867e+00,1.524993538856506348e+00,1.933388471603393555e+00
4.153043031692504883e-02,3.722888231277465820e-02,3.043913841247558594e-02,1.031115174293518066e+00,1.225156068801879883e+00,2.044415950775146484e+00
6.931006908416748047e-02,6.071645021438598633e-02,5.391973257064819336e-02,1.424384117126464844e+00,1.306950688362121582e+00,2.816334724426269531e+00
3.673517704010009766e-02,3.163772821426391602e-02,2.942419052124023438e-02,1.912072420120239258e+00,1.837082505226135254e+00,2.456155061721801758e+00
6.549936532974243164e-02,5.728197097778320312e-02,4.606693983078002930e-02,1.148782610893249512e+00,1.290494441986083984e+00,1.449132800102233887e+00
6.393438577651977539e-02,5.048918724060058594e-02,4.672282934188842773e-02,1.423637151718139648e+00,1.067525625228881836e+00,1.581905007362365723e+00
8.839559555053710938e-02,6.120872497558593750e-02,5.272990465164184570e-02,1.054356694221496582e+00,1.143988966941833496e+00,1.359459400177001953e+00
6.025028228759765625e-02,5.470365285873413086e-02,4.441076517105102539e-02,1.405441761016845703e+00,1.230840682983398438e+00,2.306630134582519531e+00
5.394190549850463867e-02,5.286562442779541016e-02,3.741145133972167969e-02,1.169622898101806641e+00,1.648616313934326172e+00,1.955362200736999512e+00
5.379188060760498047e-02,4.769825935363769531e-02,4.260367155075073242e-02,1.167454481124877930e+00,1.271106719970703125e+00,1.416608810424804688e+00
7.361644506454467773e-02,6.132513284683227539e-02,4.956901073455810547e-02,1.251549482345581055e+00,1.457211256027221680e+00,2.005560398101806641e+00
8.046054840087890625e-02,6.914395093917846680e-02,5.900591611862182617e-02,1.172860264778137207e+00,1.460102319717407227e+00,1.514792442321777344e+00
1.630915403366088867e-01,1.635916829109191895e-01,1.388458013534545898e-01,1.411970615386962891e+00,1.742594242095947266e+00,2.077026605606079102e+00
4.792892932891845703e-02,5.012601613998413086e-02,3.632837533950805664e-02,9.892308712005615234e-01,1.044239401817321777e+00,1.671642303466796875e+00
6.193917989730834961e-02,5.319195985794067383e-02,3.626775741577148438e-02,1.681020259857177734e+00,8.307420015335083008e-01,4.774734497070312500e+00
4.048615694046020508e-02,4.040086269378662109e-02,2.943527698516845703e-02,1.464978575706481934e+00,1.519641399383544922e+00,2.347477197647094727e+00
5.701518058776855469e-02,6.615132093429565430e-02,4.428166151046752930e-02,1.567624092102050781e+00,1.059692621231079102e+00,2.655850887298583984e+00
6.639897823333740234e-02,6.985151767730712891e-02,4.730719327926635742e-02,3.377518415451049805e+00,1.415097951889038086e+00,2.496387004852294922e+00
5.830818414688110352e-02,5.464160442352294922e-02,4.004859924316406250e-02,1.707299470901489258e+00,1.296378493309020996e+00,2.649470806121826172e+00
2.293578386306762695e-01,2.030884623527526855e-01,2.215358018875122070e-01,1.119449138641357422e+00,1.312309026718139648e+00,2.248204708099365234e+00
1.013953685760498047e-01,8.538186550140380859e-02,7.485669851303100586e-02,1.323072552680969238e+00,1.362658023834228516e+00,1.384892106056213379e+00
6.056141853332519531e-02,5.233991146087646484e-02,4.650521278381347656e-02,1.482133984565734863e+00,1.142824530601501465e+00,2.102160930633544922e+00
5.624252557754516602e-02,4.929828643798828125e-02,3.732347488403320312e-02,1.137668609619140625e+00,1.294904708862304688e+00,2.565553665161132812e+00
1.316294074058532715e-01,1.266154646873474121e-01,9.485328197479248047e-02,1.199408411979675293e+00,1.161126494407653809e+00,1.720293402671813965e+00
1.011788249015808105e-01,8.778744935989379883e-02,8.317565917968750000e-02,1.452032089233398438e+00,1.364047765731811523e+00,1.200840353965759277e+00
1.052988767623901367e-01,1.013733744621276855e-01,8.769500255584716797e-02,1.730225801467895508e+00,1.043286681175231934e+00,1.662661552429199219e+00
5.948424339294433594e-02,6.021112203598022461e-02,4.295110702514648438e-02,1.440445899963378906e+00,1.409538388252258301e+00,2.599546909332275391e+00
5.853348970413208008e-02,5.110251903533935547e-02,3.931170701980590820e-02,1.457212686538696289e+00,1.799849867820739746e+00,2.362211227416992188e+00
1.055336594581604004e-01,1.053221225738525391e-01,7.160192728042602539e-02,1.322750329971313477e+00,1.640959739685058594e+00,2.123569488525390625e+00
6.283146142959594727e-02,5.376631021499633789e-02,4.456150531768798828e-02,1.727889537811279297e+00,1.146180510520935059e+00,1.447644710540771484e+00
9.074968099594116211e-02,8.073395490646362305e-02,6.384426355361938477e-02,1.619195222854614258e+00,1.667520046234130859e+00,2.554854631423950195e+00
9.407597780227661133e-02,7.241034507751464844e-02,5.976694822311401367e-02,1.070861577987670898e+00,1.343221664428710938e+00,1.721272945404052734e+00
5.991446971893310547e-02,5.134946107864379883e-02,4.093980789184570312e-02,1.195248842239379883e+00,1.134171009063720703e+00,2.244445323944091797e+00
5.155009031295776367e-02,4.079872369766235352e-02,3.511548042297363281e-02,2.035119056701660156e+00,1.744338512420654297e+00,3.031108379364013672e+00
5.684334039688110352e-02,4.724711179733276367e-02,3.955256938934326172e-02,1.245480537414550781e+00,1.071640133857727051e+00,1.840628743171691895e+00
5.733615159988403320e-02,6.024330854415893555e-02,4.405832290649414062e-02,1.060052871704101562e+00,1.308816909790039062e+00,1.260744452476501465e+00
6.280231475830078125e-02,5.721223354339599609e-02,4.744058847427368164e-02,1.033383965492248535e+00,1.267289638519287109e+00,2.053167343139648438e+00
7.193666696548461914e-02,5.621963739395141602e-02,4.834377765655517578e-02,1.145101904869079590e+00,1.151547074317932129e+00,1.485777378082275391e+00
7.766050100326538086e-02,6.983703374862670898e-02,5.215197801589965820e-02,1.017094731330871582e+00,1.145791530609130859e+00,2.140728473663330078e+00
8.185547590255737305e-02,6.792962551116943359e-02,6.357139348983764648e-02,1.300774455070495605e+00,1.103402137756347656e+00,1.828398704528808594e+00
5.467629432678222656e-02,4.427880048751831055e-02,3.875470161437988281e-02,1.219572067260742188e+00,9.122965335845947266e-01,1.518944501876831055e+00
3.267186284065246582e-01,3.409579396247863770e-01,2.904435396194458008e-01,1.727264165878295898e+00,1.392820358276367188e+00,1.765582084655761719e+00
8.639484643936157227e-02,5.554372072219848633e-02,7.342940568923950195e-02,5.216106176376342773e-01,4.276953935623168945e-01,8.852671980857849121e-01
1.015239357948303223e-01,8.307427167892456055e-02,1.208074092864990234e-01,1.406300783157348633e+00,1.281545639038085938e+00,1.084080576896667480e+00
8.987760543823242188e-02,5.727088451385498047e-02,5.182385444641113281e-02,1.226917147636413574e+00,1.448014140129089355e+00,1.462465047836303711e+00
1.518373489379882812e-01,1.106135845184326172e-01,1.101461648941040039e-01,1.596355915069580078e+00,1.623515844345092773e+00,1.664463281631469727e+00
6.779336929321289062e-02,6.082463264465332031e-02,6.152290105819702148e-02,1.358642101287841797e+00,1.083378553390502930e+00,1.327016592025756836e+00
9.503388404846191406e-02,5.993378162384033203e-02,6.833231449127197266e-02,7.941219806671142578e-01,9.104114770889282227e-01,8.307470083236694336e-01
1.097729802131652832e-01,7.579565048217773438e-02,8.912068605422973633e-02,1.467935562133789062e+00,9.100059270858764648e-01,1.277851581573486328e+00
1.554749608039855957e-01,1.118052005767822266e-01,1.241172552108764648e-01,1.242069244384765625e+00,1.246835947036743164e+00,1.669221639633178711e+00
5.695742368698120117e-02,4.114383459091186523e-02,4.283058643341064453e-02,1.111069202423095703e+00,1.424631595611572266e+00,1.537061333656311035e+00
1.358147263526916504e-01,1.406013965606689453e-01,1.054313778877258301e-01,1.263757109642028809e+00,1.513985037803649902e+00,1.759724378585815430e+00
9.583532810211181641e-02,7.862412929534912109e-02,7.035577297210693359e-02,1.020014524459838867e+00,9.496775865554809570e-01,9.965726137161254883e-01
9.579831361770629883e-02,4.960530996322631836e-02,5.967432260513305664e-02,1.040349841117858887e+00,1.376128077507019043e+00,9.426909685134887695e-01
1.740083098411560059e-01,1.700025200843811035e-01,2.537017464637756348e-01,9.949100017547607422e-01,6.557087302207946777e-01,7.941777706146240234e-01
9.330904483795166016e-02,8.104187250137329102e-02,9.068942070007324219e-02,7.860131263732910156e-01,9.408041238784790039e-01,9.673283100128173828e-01
1.795442104339599609e-01,1.620719432830810547e-01,1.533526182174682617e-01,1.495212435722351074e+00,1.859273433685302734e+00,3.143352508544921875e+00
5.503499507904052734e-02,3.525835275650024414e-02,4.672193527221679688e-02,1.160757780075073242e+00,1.135973811149597168e+00,1.492892146110534668e+00
7.737833261489868164e-02,4.796487092971801758e-02,5.970042943954467773e-02,1.727463245391845703e+00,1.214030027389526367e+00,1.164323329925537109e+00
4.542090296745300293e-01,5.330280661582946777e-01,7.479194998741149902e-01,1.125373125076293945e+00,1.095421671867370605e+00,1.318566083908081055e+00
8.893525600433349609e-02,8.657312393188476562e-02,8.957809209823608398e-02,1.872370243072509766e+00,1.015254378318786621e+00,1.927251219749450684e+00
5.515372753143310547e-02,5.423229932785034180e-02,5.700945854187011719e-02,1.520631074905395508e+00,1.165324687957763672e+00,1.362134099006652832e+00
1.315228343009948730e-01,1.148849129676818848e-01,9.417951107025146484e-02,1.093102693557739258e+00,7.801959514617919922e-01,1.366852641105651855e+00
1.360698938369750977e-01,1.253864765167236328e-01,1.134515404701232910e-01,1.983661651611328125e+00,1.785343408584594727e+00,2.284072875976562500e+00
2.768100500106811523e-01,2.498402595520019531e-01,2.827681303024291992e-01,1.956756591796875000e+00,1.393156886100769043e+00,1.790708780288696289e+00
6.599253416061401367e-02,6.021577119827270508e-02,6.508451700210571289e-02,1.920927524566650391e+00,1.797718763351440430e+00,1.853428959846496582e+00
2.834143638610839844e-01,3.139790296554565430e-01,2.997776269912719727e-01,1.967638134956359863e+00,1.986772656440734863e+00,1.262168169021606445e+00
8.032035827636718750e-02,4.966664314270019531e-02,6.149625778198242188e-02,1.902526259422302246e+00,1.936451673507690430e+00,1.678215265274047852e+00
1.681661009788513184e-01,1.216202974319458008e-01,1.232278347015380859e-01,1.073204755783081055e+00,9.813920259475708008e-01,1.485136628150939941e+00
3.984582424163818359e-02,2.655869722366333008e-02,3.018271923065185547e-02,8.135899901390075684e-01,8.739663362503051758e-01,9.073961377143859863e-01
1.118431091308593750e-01,8.591258525848388672e-02,8.935421705245971680e-02,1.233013272285461426e+00,1.349694371223449707e+00,1.369211912155151367e+00
4.275977611541748047e-02,2.643281221389770508e-02,3.736120462417602539e-02,2.233389377593994141e+00,1.642150640487670898e+00,4.049835205078125000e+00
4.691541194915771484e-02,3.140813112258911133e-02,3.802031278610229492e-02,7.180666923522949219e-01,6.983238458633422852e-01,7.907009124755859375e-01
6.743931770324707031e-02,4.790961742401123047e-02,5.720758438110351562e-02,1.961405396461486816e+00,1.118663191795349121e+00,1.278097391128540039e+00
7.494735717773437500e-02,4.499709606170654297e-02,6.057107448577880859e-02,1.008801937103271484e+00,6.265704631805419922e-01,9.101035594940185547e-01
3.103888034820556641e-02,2.163076400756835938e-02,2.844089269638061523e-02,1.287311553955078125e+00,1.065009355545043945e+00,1.104368805885314941e+00
1.049621701240539551e-01,8.197885751724243164e-02,9.586572647094726562e-02,2.129512786865234375e+00,1.476616621017456055e+00,1.913229942321777344e+00
1.992078423500061035e-01,1.761860847473144531e-01,2.634379863739013672e-01,1.376433849334716797e+00,1.069520711898803711e+00,1.908943653106689453e+00
3.529143333435058594e-02,2.329730987548828125e-02,2.909767627716064453e-02,1.077085375785827637e+00,7.142007350921630859e-01,7.037440538406372070e-01
5.914199352264404297e-02,3.626275062561035156e-02,5.695241689682006836e-02,1.322988152503967285e+00,1.443995118141174316e+00,9.665690660476684570e-01
4.072272777557373047e-02,2.566748857498168945e-02,3.510046005249023438e-02,6.359762549400329590e-01,3.858146667480468750e-01,4.104620218276977539e-01
5.328762531280517578e-02,3.461873531341552734e-02,5.130726099014282227e-02,7.299860715866088867e-01,7.250093221664428711e-01,8.208321332931518555e-01
6.261402368545532227e-02,3.878653049468994141e-02,5.462586879730224609e-02,1.391194105148315430e+00,1.041504263877868652e+00,1.195992350578308105e+00
9.482324123382568359e-02,1.084472537040710449e-01,1.736020445823669434e-01,1.298020005226135254e+00,1.008952260017395020e+00,1.112137556076049805e+00
5.397444963455200195e-02,3.983455896377563477e-02,4.647982120513916016e-02,7.373716235160827637e-01,7.741699218750000000e-01,9.363108873367309570e-01
